sha256,label,image_path
c16fdd82e758c84b0ff262580eced07dc9cd31ed5522ceef8e19dae89012c1d8,0,data/benign_staging/benign/c16fdd82e758c84b0ff262580eced07dc9cd31ed5522ceef8e19dae89012c1d8.png
b0930d9ea3af6788fbc40d54af3ae6e099150d9e8b311bd3df5edff964aec214,0,data/benign_staging/benign/b0930d9ea3af6788fbc40d54af3ae6e099150d9e8b311bd3df5edff964aec214.png
ec33d59365a0a4cbc9eca3feeb9007c5590e5ead81c6a8f0c9967a8e93ba5fe2,1,data/malware_images/images/Gozi/ec33d59365a0a4cbc9eca3feeb9007c5590e5ead81c6a8f0c9967a8e93ba5fe2.png
4d7eb9c9089141f466c01f7c7b68e92022e67aa04ef97afde4ce9c1fbd25a3ee,1,data/malware_images/images/GuLoader/4d7eb9c9089141f466c01f7c7b68e92022e67aa04ef97afde4ce9c1fbd25a3ee.png
fd8db0dee177a9709b0a8ee664292a81857404653f28e5ad37662d8d0342f06a,0,data/benign_staging/benign/fd8db0dee177a9709b0a8ee664292a81857404653f28e5ad37662d8d0342f06a.png
e5ee3728165285ba087cfddfb39daf6945b5c9b0c7f06dd86229dadb7e8f98e3,0,data/benign_staging/benign/e5ee3728165285ba087cfddfb39daf6945b5c9b0c7f06dd86229dadb7e8f98e3.png
feb43817d84cc4ffbbd4228ef76fd504223864e39e25c086da49259e87480d0b,1,data/malware_images/images/IcedID/feb43817d84cc4ffbbd4228ef76fd504223864e39e25c086da49259e87480d0b.png
c31eaf4180f40bb71c97a92381dd22b900b164739a6510ac20bdf859e56e2a78,0,data/benign_staging/benign/c31eaf4180f40bb71c97a92381dd22b900b164739a6510ac20bdf859e56e2a78.png
10013ab78be09ad756cc64005e2b7b65cf30257d2f01afc1212a6a7c03c4fa22,1,data/malware_images/images/njrat/10013ab78be09ad756cc64005e2b7b65cf30257d2f01afc1212a6a7c03c4fa22.png
c54fd3f9fa97ab4dc36cce4295b0dcca68633ec71b862d765c67c8d60edf2b49,0,data/benign_staging/benign/c54fd3f9fa97ab4dc36cce4295b0dcca68633ec71b862d765c67c8d60edf2b49.png
bde3157983df5b0d3cf5e66574b9c1b0a58dc8b762e6e2e3eb146aa21f10d663,0,data/benign_staging/benign/bde3157983df5b0d3cf5e66574b9c1b0a58dc8b762e6e2e3eb146aa21f10d663.png
977956121fd42c67dd015a0b6587d173bfe118f89d26fb653459d8c0e801d224,1,data/malware_images/images/Gozi/977956121fd42c67dd015a0b6587d173bfe118f89d26fb653459d8c0e801d224.png
abadd632db1cf8acf22193076cd16723e810eb7447dc195c5e38669e45dfb9bf,1,data/malware_images/images/Trickbot/abadd632db1cf8acf22193076cd16723e810eb7447dc195c5e38669e45dfb9bf.png
57d78efac696eff08c83318b96870640b6e36baaa3bad6144467df73fea872ac,0,data/benign_staging/benign/57d78efac696eff08c83318b96870640b6e36baaa3bad6144467df73fea872ac.png
d2a0769ac0b3e494cd1c8982bece7617ca0016b6a9938acc843d78ff2d60c81f,0,data/benign_staging/benign/d2a0769ac0b3e494cd1c8982bece7617ca0016b6a9938acc843d78ff2d60c81f.png
2ea4e14ea0250e212e217cc3663be8b1dde72a181016d6ba9a918299266953fc,0,data/benign_staging/benign/2ea4e14ea0250e212e217cc3663be8b1dde72a181016d6ba9a918299266953fc.png
ddc49d23ac1ee4f7a0f1f68c7661156557c3fae174077a50afb9a06b092550b8,1,data/malware_images/images/Trickbot/ddc49d23ac1ee4f7a0f1f68c7661156557c3fae174077a50afb9a06b092550b8.png
f23da60109de4fe017cc9a31b9c7ff9678be76f8aa9507b25743f9d98c75c7af,0,data/benign_staging/benign/f23da60109de4fe017cc9a31b9c7ff9678be76f8aa9507b25743f9d98c75c7af.png
dd5ae20344f5bf0896d7347cd0f322462d6b983b2c64838b17290b91c7a9b717,1,data/malware_images/images/Heodo/dd5ae20344f5bf0896d7347cd0f322462d6b983b2c64838b17290b91c7a9b717.png
e8a606e9d843fab1eb4e0dbe5887c53d4fdd53df4c165232e3adb52b0e104d96,0,data/benign_staging/benign/e8a606e9d843fab1eb4e0dbe5887c53d4fdd53df4c165232e3adb52b0e104d96.png
b90cf16027296344c84b993ea8984c77be8ff62fa695b6d2f2c04d33790732b0,0,data/benign_staging/benign/b90cf16027296344c84b993ea8984c77be8ff62fa695b6d2f2c04d33790732b0.png
6803f99e80deb9800bf6668df52bd5f5ed8ef8c97574475304c0f4bf525c886f,1,data/malware_images/images/Gozi/6803f99e80deb9800bf6668df52bd5f5ed8ef8c97574475304c0f4bf525c886f.png
3e95000db27b940bd46d62b8117ea9f3bd4ea9ee203fc54d1244deb429e6785f,0,data/benign_staging/benign/3e95000db27b940bd46d62b8117ea9f3bd4ea9ee203fc54d1244deb429e6785f.png
67a402b5426a99f38e38a45bb44edebcf44032ff39ca38178b7d42b6934fefa4,1,data/malware_images/images/Trickbot/67a402b5426a99f38e38a45bb44edebcf44032ff39ca38178b7d42b6934fefa4.png
3a865f21dc1c62ee31df28d89094e9e95d480e2bc6b75b3a6543b2906d975a61,1,data/malware_images/images/GuLoader/3a865f21dc1c62ee31df28d89094e9e95d480e2bc6b75b3a6543b2906d975a61.png
d7def8858824734ac6207714a17160820fe199cad63f5f70795937a3e7ee5b6e,0,data/benign_staging/benign/d7def8858824734ac6207714a17160820fe199cad63f5f70795937a3e7ee5b6e.png
668aa989d9614170bad38793f1c73d7dbb7d927fd8446a2c21f8350e31c87a4e,1,data/malware_images/images/njrat/668aa989d9614170bad38793f1c73d7dbb7d927fd8446a2c21f8350e31c87a4e.png
24a70a8984d118f4b560dc4657f3bf686ad64b1884fef9282cfa2f8ff6044391,1,data/malware_images/images/IcedID/24a70a8984d118f4b560dc4657f3bf686ad64b1884fef9282cfa2f8ff6044391.png
7ea1a202effd978ba1f87e351f8d181d503e839d3cc2ef36c08961738a38bdb5,1,data/malware_images/images/IcedID/7ea1a202effd978ba1f87e351f8d181d503e839d3cc2ef36c08961738a38bdb5.png
01b459d839450b8b3ccb8d069c13123dd4d3992dd946e369af033c5d02691208,1,data/malware_images/images/Gozi/01b459d839450b8b3ccb8d069c13123dd4d3992dd946e369af033c5d02691208.png
b839c8be2603a67cda5cb1c7f9caaff7e6484631193f33f0d0a53d4d439150ff,0,data/benign_staging/benign/b839c8be2603a67cda5cb1c7f9caaff7e6484631193f33f0d0a53d4d439150ff.png
dd729ca3cc3714d57054516b5f30afd19bc7ffdb444ccf38ceb6b3d75d596820,0,data/benign_staging/benign/dd729ca3cc3714d57054516b5f30afd19bc7ffdb444ccf38ceb6b3d75d596820.png
d009db52c296016574583e5d490dd4312d6edbd72fd176eab26afa3baa72de20,1,data/malware_images/images/njrat/d009db52c296016574583e5d490dd4312d6edbd72fd176eab26afa3baa72de20.png
66e7d39f7a58302c94e7b06b2dfa5933d52a5774f9b72248d74d5688bfa601f3,1,data/malware_images/images/IcedID/66e7d39f7a58302c94e7b06b2dfa5933d52a5774f9b72248d74d5688bfa601f3.png
c3f9acf65e4f15a17f74b79fde380004b870a0a2d5eeab1c1a8c29609912f6db,0,data/benign_staging/benign/c3f9acf65e4f15a17f74b79fde380004b870a0a2d5eeab1c1a8c29609912f6db.png
83ee9ad6358cc6fa18169cbf25b379789d6e9e02290779fee912b57fc1cf1a77,1,data/malware_images/images/IcedID/83ee9ad6358cc6fa18169cbf25b379789d6e9e02290779fee912b57fc1cf1a77.png
eb9449aaba20df597243899daf5b8e181f1ecd72041e5737f4f0db7fae6b77a7,0,data/benign_staging/benign/eb9449aaba20df597243899daf5b8e181f1ecd72041e5737f4f0db7fae6b77a7.png
05afd7c7b1e384846e268293170053ff058d17aa859350cb6ff5d2064ca61d47,1,data/malware_images/images/Trickbot/05afd7c7b1e384846e268293170053ff058d17aa859350cb6ff5d2064ca61d47.png
bc2f9fa16c1899e8d92a5d3a3f7dfbdbb9a1fc124e252259f2d86f207c2b09d4,0,data/benign_staging/benign/bc2f9fa16c1899e8d92a5d3a3f7dfbdbb9a1fc124e252259f2d86f207c2b09d4.png
c080f4dbb47cbbcecb72e1f8b8dc86feac56b734b4753a1b687965e02bf68ddf,1,data/malware_images/images/Heodo/c080f4dbb47cbbcecb72e1f8b8dc86feac56b734b4753a1b687965e02bf68ddf.png
baa9b3a2c53a3b276c960c29fb8eddfcca01d527d572d7fd57515c2b90663d4b,0,data/benign_staging/benign/baa9b3a2c53a3b276c960c29fb8eddfcca01d527d572d7fd57515c2b90663d4b.png
3ee85890123d055a495f8761011d566ec73f2ecfa27ce546a8b6414f18917dfe,1,data/malware_images/images/Gozi/3ee85890123d055a495f8761011d566ec73f2ecfa27ce546a8b6414f18917dfe.png
07bb0726c8dfd872924e7a9ceaae578e9d947558f0743827a3863cb43ac3c83f,1,data/malware_images/images/Trickbot/07bb0726c8dfd872924e7a9ceaae578e9d947558f0743827a3863cb43ac3c83f.png
c1e3a442b6a01c446b206790d2c1126cee7b1c44c97ac520cb88db0b0425f9bd,1,data/malware_images/images/IcedID/c1e3a442b6a01c446b206790d2c1126cee7b1c44c97ac520cb88db0b0425f9bd.png
edacdf7fa483618eed773b7862c588b2146aee4116b914ddb10bc0cf9a5f121b,0,data/benign_staging/benign/edacdf7fa483618eed773b7862c588b2146aee4116b914ddb10bc0cf9a5f121b.png
e5e89ef3a4baaf96967a03034f591952f5597881fffdb8703c71bb1d5264b789,0,data/benign_staging/benign/e5e89ef3a4baaf96967a03034f591952f5597881fffdb8703c71bb1d5264b789.png
7b4d3faea436a3d8dde35cd4a7b21068486dc31228964d0e06ead8aad9a79214,1,data/malware_images/images/Gozi/7b4d3faea436a3d8dde35cd4a7b21068486dc31228964d0e06ead8aad9a79214.png
f626aee9a2a8b38c74e23ed248484057ba62be7854c80f9c1010ff162c27947c,0,data/benign_staging/benign/f626aee9a2a8b38c74e23ed248484057ba62be7854c80f9c1010ff162c27947c.png
4759664787c755faee3ebe8883c3b7c50f496c6ecc8a2fcfe8f0e25118b3cdb4,1,data/malware_images/images/Trickbot/4759664787c755faee3ebe8883c3b7c50f496c6ecc8a2fcfe8f0e25118b3cdb4.png
ed105272dc3c77f54e7d170474afa6590a98477e6b076d7e5d1cf6c5e152319d,1,data/malware_images/images/njrat/ed105272dc3c77f54e7d170474afa6590a98477e6b076d7e5d1cf6c5e152319d.png
fa0e3fda7926d3b8e68dc1a556a9d1722f28d883ec2f37498f5348cd1233618e,0,data/benign_staging/benign/fa0e3fda7926d3b8e68dc1a556a9d1722f28d883ec2f37498f5348cd1233618e.png
b78caad4e90c3118083b3655721fb8fb550be261025b1352a42a8cb811d4af86,0,data/benign_staging/benign/b78caad4e90c3118083b3655721fb8fb550be261025b1352a42a8cb811d4af86.png
78b6f2908647fa81e5eed52095d41adadd62787eb0bd9e6207934a971ba3da9a,1,data/malware_images/images/Gozi/78b6f2908647fa81e5eed52095d41adadd62787eb0bd9e6207934a971ba3da9a.png
eabfd9aa82fbbae8a680b423c72db8bde45f44518a7c196e9194322a6b749a36,1,data/malware_images/images/njrat/eabfd9aa82fbbae8a680b423c72db8bde45f44518a7c196e9194322a6b749a36.png
89d98c4ec833d8a798f26dd15eda6e7868972d52da8074d756b47f682e9f61e0,1,data/malware_images/images/GuLoader/89d98c4ec833d8a798f26dd15eda6e7868972d52da8074d756b47f682e9f61e0.png
3777466cacecedcab6f2e7adc82cfc5f18c0c7f41bea1c68192c4027d53c0d0e,0,data/benign_staging/benign/3777466cacecedcab6f2e7adc82cfc5f18c0c7f41bea1c68192c4027d53c0d0e.png
fffc0928b7a6e0ef0293c0ac9a47b87a360cf8b82cfb20b58dbf6de5eeb90928,0,data/benign_staging/benign/fffc0928b7a6e0ef0293c0ac9a47b87a360cf8b82cfb20b58dbf6de5eeb90928.png
f2f44eec27272e3c0005982960896ab57da9a745ab2d4a1249da3fc8eddfad30,1,data/malware_images/images/Gozi/f2f44eec27272e3c0005982960896ab57da9a745ab2d4a1249da3fc8eddfad30.png
bc3f6146438d7567a83db372368713244ff32629d682eab61398555c2fbf5ec1,0,data/benign_staging/benign/bc3f6146438d7567a83db372368713244ff32629d682eab61398555c2fbf5ec1.png
c9ea31b213b8c0bf21cba3d988fce9091db961814085ff0c9c8e76fd0e78470a,0,data/benign_staging/benign/c9ea31b213b8c0bf21cba3d988fce9091db961814085ff0c9c8e76fd0e78470a.png
e26573bf8a8b859d65d3b5e258764384e269ea08fd25a5d68d6a25708798c42f,0,data/benign_staging/benign/e26573bf8a8b859d65d3b5e258764384e269ea08fd25a5d68d6a25708798c42f.png
ed309bb895d8ac35e56652413b64ccffa304a279e5e7990943b28801136f336c,1,data/malware_images/images/Gozi/ed309bb895d8ac35e56652413b64ccffa304a279e5e7990943b28801136f336c.png
9c318d2c11fee8e2282c32af7e8e5e796147660e7dd755ac42e8eb1c6ff3a2c2,1,data/malware_images/images/Trickbot/9c318d2c11fee8e2282c32af7e8e5e796147660e7dd755ac42e8eb1c6ff3a2c2.png
be011da2f1ff875d0782e474cfbc5605be8ad67187121001d8916115fa7c7290,0,data/benign_staging/benign/be011da2f1ff875d0782e474cfbc5605be8ad67187121001d8916115fa7c7290.png
186a5a753a64beac48fd4ddcac48ec2c1354d1ac56f7fd6a6569b85a3739b9e9,1,data/malware_images/images/Trickbot/186a5a753a64beac48fd4ddcac48ec2c1354d1ac56f7fd6a6569b85a3739b9e9.png
210a77e509feb0955579aed583222f65567146a727566cede7f0dff330e59e7d,1,data/malware_images/images/njrat/210a77e509feb0955579aed583222f65567146a727566cede7f0dff330e59e7d.png
b68aab327b7bbeaafdbab25654ae714c685c734e672c8fc3dc83d2f23a991c37,0,data/benign_staging/benign/b68aab327b7bbeaafdbab25654ae714c685c734e672c8fc3dc83d2f23a991c37.png
d342632039ac803bb5bb2c74872c558847f022ef308d6ee80a6088d5a1adec14,1,data/malware_images/images/GuLoader/d342632039ac803bb5bb2c74872c558847f022ef308d6ee80a6088d5a1adec14.png
bcbaa49caa84fddb1297cd400418aceff4d18d3a0bc75f12910fd0192203eb44,0,data/benign_staging/benign/bcbaa49caa84fddb1297cd400418aceff4d18d3a0bc75f12910fd0192203eb44.png
fe2c1b46fe58c2ae5d40e30d38e00a01d57bfdeaf31fb19e54bf27f2099a51c0,1,data/malware_images/images/GuLoader/fe2c1b46fe58c2ae5d40e30d38e00a01d57bfdeaf31fb19e54bf27f2099a51c0.png
c8e25ee1363bbd595f4783537fc1028f427a8ed0d7a1940dab3bd67abfc53f85,1,data/malware_images/images/Gozi/c8e25ee1363bbd595f4783537fc1028f427a8ed0d7a1940dab3bd67abfc53f85.png
eb9720fc3610ea5f2ea6d1f40b6d326cc65e1b35e699f591629013cb03c6e82d,0,data/benign_staging/benign/eb9720fc3610ea5f2ea6d1f40b6d326cc65e1b35e699f591629013cb03c6e82d.png
bfea7e754617adfaa78435a7f633ccbdd1e3540934cd10a74dd95337d0ac1cf6,0,data/benign_staging/benign/bfea7e754617adfaa78435a7f633ccbdd1e3540934cd10a74dd95337d0ac1cf6.png
c5f8edfa5555688a71b70d7a32425b931d1e8f6ce44bbba3166f827146787c6d,0,data/benign_staging/benign/c5f8edfa5555688a71b70d7a32425b931d1e8f6ce44bbba3166f827146787c6d.png
c52c0dbbcaadae016302857165629b33ae2ffffc780cded8b134759ccc73fe2c,0,data/benign_staging/benign/c52c0dbbcaadae016302857165629b33ae2ffffc780cded8b134759ccc73fe2c.png
e8cf92992112fb50fe0c66073f92981a09e02ca79bf6611e532090163ae6647c,0,data/benign_staging/benign/e8cf92992112fb50fe0c66073f92981a09e02ca79bf6611e532090163ae6647c.png
b7e5de96f2019e9dff5584d52e70128394341001335e0901327efdd798b37875,1,data/malware_images/images/Trickbot/b7e5de96f2019e9dff5584d52e70128394341001335e0901327efdd798b37875.png
1a52bbec7ef2295d56f68188aefd79c39f9bdc859b2e918a1c430153581898b7,1,data/malware_images/images/IcedID/1a52bbec7ef2295d56f68188aefd79c39f9bdc859b2e918a1c430153581898b7.png
d45dea6de69d22db30fb3e1adfdcb1ee812f654ea27d6c2cc06a2879f0853410,1,data/malware_images/images/Trickbot/d45dea6de69d22db30fb3e1adfdcb1ee812f654ea27d6c2cc06a2879f0853410.png
e21f3e122b7d519b95f6ecbfb6acdc224afe559944cfaa2430e8d1f3715881b3,0,data/benign_staging/benign/e21f3e122b7d519b95f6ecbfb6acdc224afe559944cfaa2430e8d1f3715881b3.png
d97bf4ca06d41147b1c632dc5555787d124e7208fa4fe5fba998274502e990b2,1,data/malware_images/images/Gozi/d97bf4ca06d41147b1c632dc5555787d124e7208fa4fe5fba998274502e990b2.png
fa96416e309aa5add52adf84c9eb6b6f13878b43586421f87f5edd4b072b7d34,0,data/benign_staging/benign/fa96416e309aa5add52adf84c9eb6b6f13878b43586421f87f5edd4b072b7d34.png
bd1d2b4d6ac9ec8abda800be9b58b4c016a5aae50ffdc24379fe2f666191b095,0,data/benign_staging/benign/bd1d2b4d6ac9ec8abda800be9b58b4c016a5aae50ffdc24379fe2f666191b095.png
32254603a1a2c2fd61ff9e9edd50bad88096f2d8e2e7abc0f24639ee687b1ffc,1,data/malware_images/images/Trickbot/32254603a1a2c2fd61ff9e9edd50bad88096f2d8e2e7abc0f24639ee687b1ffc.png
b70cc7573be235b7229c2cbab5d926984509eb2e644bf9d3da41863c72d625c9,0,data/benign_staging/benign/b70cc7573be235b7229c2cbab5d926984509eb2e644bf9d3da41863c72d625c9.png
5f44a62a928691259f4cc6ac14395adfaa70d5ea0b8a6ee3089176abd659e92e,1,data/malware_images/images/IcedID/5f44a62a928691259f4cc6ac14395adfaa70d5ea0b8a6ee3089176abd659e92e.png
cb2f40f88e3bd2a3c8d509c34950792e5d2071b08e6d8a934d08c1bc265e761e,0,data/benign_staging/benign/cb2f40f88e3bd2a3c8d509c34950792e5d2071b08e6d8a934d08c1bc265e761e.png
f04f7769994ad27ce07a885b62b30b4e17416e6f79a216317915dc7805329aa7,1,data/malware_images/images/Heodo/f04f7769994ad27ce07a885b62b30b4e17416e6f79a216317915dc7805329aa7.png
fbf40a5cedc0e00e26edf103dddf064371b47d69fcc37e6f581855e75b710fdf,0,data/benign_staging/benign/fbf40a5cedc0e00e26edf103dddf064371b47d69fcc37e6f581855e75b710fdf.png
69040cacea68c86159731cd1d2c46963d51bd3701877053d5d43947cd17149f3,1,data/malware_images/images/IcedID/69040cacea68c86159731cd1d2c46963d51bd3701877053d5d43947cd17149f3.png
313ccf91cdb1420855a2d054ae6d7da9973438c9f2df93430b9f15422c1e7d92,1,data/malware_images/images/Heodo/313ccf91cdb1420855a2d054ae6d7da9973438c9f2df93430b9f15422c1e7d92.png
d738ca24ce031a134ae23e3c6acaa250ed5d26c3e3ef361a779efb91a67361ab,0,data/benign_staging/benign/d738ca24ce031a134ae23e3c6acaa250ed5d26c3e3ef361a779efb91a67361ab.png
7899aae710988b1ddf4fca1d1f70a5f57fcb67b8491ab935e82f2ed46eda0bfb,1,data/malware_images/images/Gozi/7899aae710988b1ddf4fca1d1f70a5f57fcb67b8491ab935e82f2ed46eda0bfb.png
542f8e3aa22902147d0f12d7ad7c57ea968650564d1db993970058d06a5f2d71,1,data/malware_images/images/Gozi/542f8e3aa22902147d0f12d7ad7c57ea968650564d1db993970058d06a5f2d71.png
d92f6533198074a84e94a407ef48d02de0d247078b2d197e3f822785fa3a0ac3,0,data/benign_staging/benign/d92f6533198074a84e94a407ef48d02de0d247078b2d197e3f822785fa3a0ac3.png
3fb239d7ac7719328c58a1eb3ce2abd900949b6f6e5d5db4f95852325bf67473,0,data/benign_staging/benign/3fb239d7ac7719328c58a1eb3ce2abd900949b6f6e5d5db4f95852325bf67473.png
47a67e3cae859886e02539ebc68ccbf81ceca804fdbab710157882d6f94da1a2,1,data/malware_images/images/Trickbot/47a67e3cae859886e02539ebc68ccbf81ceca804fdbab710157882d6f94da1a2.png
f18e3e230774a072d09f6117a159f616e9a1f49d3562bbd00c3916e136ad1671,1,data/malware_images/images/Gozi/f18e3e230774a072d09f6117a159f616e9a1f49d3562bbd00c3916e136ad1671.png
f2ff57564ec7981a4b9d5db157e6284caef9dc375a9bfe19a51be2e82106cdea,0,data/benign_staging/benign/f2ff57564ec7981a4b9d5db157e6284caef9dc375a9bfe19a51be2e82106cdea.png
2d6a60fa56688f81b3b1ecebf2eb1ae9b44f41a9e070916c93e3f85dd841d174,1,data/malware_images/images/njrat/2d6a60fa56688f81b3b1ecebf2eb1ae9b44f41a9e070916c93e3f85dd841d174.png
bbc39382a9165b20c157d54f85edb1d56403988aef80171c69844d86cafb173f,0,data/benign_staging/benign/bbc39382a9165b20c157d54f85edb1d56403988aef80171c69844d86cafb173f.png
d0b2ca86887e172094101a0c46987221c2c378c5be0afd83f5e014815f48a3bf,1,data/malware_images/images/IcedID/d0b2ca86887e172094101a0c46987221c2c378c5be0afd83f5e014815f48a3bf.png
759776f80fe7a312191286caf08c1e28bfbee5596ce1861607999bb74e450268,1,data/malware_images/images/Gozi/759776f80fe7a312191286caf08c1e28bfbee5596ce1861607999bb74e450268.png
7705fa87126fed83b26578594380903268c9e2876b07375fdca0198730149e94,1,data/malware_images/images/GuLoader/7705fa87126fed83b26578594380903268c9e2876b07375fdca0198730149e94.png
db775655fd923e29509402556f86002dd9aea062cdcdba7073e1057a67b5ce50,0,data/benign_staging/benign/db775655fd923e29509402556f86002dd9aea062cdcdba7073e1057a67b5ce50.png
fffe29a16f9f4f06318d753e6941bd4bc57f638a8dfd212fd8212d8ee1313647,1,data/malware_images/images/GuLoader/fffe29a16f9f4f06318d753e6941bd4bc57f638a8dfd212fd8212d8ee1313647.png
9b082507269464e82283631c336d646356fe13eaad771ae227d3225821b86b54,1,data/malware_images/images/Gozi/9b082507269464e82283631c336d646356fe13eaad771ae227d3225821b86b54.png
eb26e7c2fa06f7787971ba565276352ba69e5070fd9579d7e73f91fb03459f0a,0,data/benign_staging/benign/eb26e7c2fa06f7787971ba565276352ba69e5070fd9579d7e73f91fb03459f0a.png
2d901bf0cb31995d596329a8406471c6e82671811c0d16255cfa02154e6dd90b,0,data/benign_staging/benign/2d901bf0cb31995d596329a8406471c6e82671811c0d16255cfa02154e6dd90b.png
be4e044bd1f3f2c6b575fd0faf510e3fef4d9585d5b6454ff8271c2051e9ceb2,1,data/malware_images/images/Gozi/be4e044bd1f3f2c6b575fd0faf510e3fef4d9585d5b6454ff8271c2051e9ceb2.png
6048c674ec0ded74092a13e45dc65909ece291559010b6f32d7b0371d287ce2b,1,data/malware_images/images/Trickbot/6048c674ec0ded74092a13e45dc65909ece291559010b6f32d7b0371d287ce2b.png
d3a8550fd9d8a3d1993fb1a0d1f6ecb0603685d319517766623c44fc1e65a398,0,data/benign_staging/benign/d3a8550fd9d8a3d1993fb1a0d1f6ecb0603685d319517766623c44fc1e65a398.png
b272aa89944cc387630ec140ebd2e63e70cb7e3f69763527396c185823dfd78d,0,data/benign_staging/benign/b272aa89944cc387630ec140ebd2e63e70cb7e3f69763527396c185823dfd78d.png
f48b5de3caba03a9f465b40c1dee3a6287b38f410ffbfab3e9a2d8b7906db133,0,data/benign_staging/benign/f48b5de3caba03a9f465b40c1dee3a6287b38f410ffbfab3e9a2d8b7906db133.png
fed9e44ddb370d622427fbda5d67440fb3435f1461f8c3331ffff1e1abba560b,1,data/malware_images/images/GuLoader/fed9e44ddb370d622427fbda5d67440fb3435f1461f8c3331ffff1e1abba560b.png
5a9792cc16acc2af55d75009a960737c348995b8dd82874fa8a73736e9e0d548,0,data/benign_staging/benign/5a9792cc16acc2af55d75009a960737c348995b8dd82874fa8a73736e9e0d548.png
d5e3e5bc6c939a0b0051ff5b2a4297cc6370c423e0caaa3dbeef71c7b340830b,1,data/malware_images/images/Gozi/d5e3e5bc6c939a0b0051ff5b2a4297cc6370c423e0caaa3dbeef71c7b340830b.png
c7ac5f99f241b39369e98c7d11c3ed9c97eb6b77f4cebf44acecf5f99b1fc8b9,0,data/benign_staging/benign/c7ac5f99f241b39369e98c7d11c3ed9c97eb6b77f4cebf44acecf5f99b1fc8b9.png
3daad337166e027cb177e98f58fc121e0fd6526b0924f4d8e2de00139dee8933,1,data/malware_images/images/GuLoader/3daad337166e027cb177e98f58fc121e0fd6526b0924f4d8e2de00139dee8933.png
4ea4ef03b60f35115ff7383c5e751794ed0c07c224ee5fe8a4d65261b870e7df,1,data/malware_images/images/Trickbot/4ea4ef03b60f35115ff7383c5e751794ed0c07c224ee5fe8a4d65261b870e7df.png
3d66cce4ae30cbf82afc3c5777b723340c244131b14bb2700fa61e2a9c7e1f3b,1,data/malware_images/images/njrat/3d66cce4ae30cbf82afc3c5777b723340c244131b14bb2700fa61e2a9c7e1f3b.png
bb9d6b447c528f2f9ab9d6e09be188162f7f50305e548c933e60d7c457679b3d,0,data/benign_staging/benign/bb9d6b447c528f2f9ab9d6e09be188162f7f50305e548c933e60d7c457679b3d.png
db35a74f9ba661ff219c796574a39083a4fdea6b88e1ae1f27592fcf8ffdc3a1,1,data/malware_images/images/Trickbot/db35a74f9ba661ff219c796574a39083a4fdea6b88e1ae1f27592fcf8ffdc3a1.png
b0a507e400f829022ee88454eb2baba024cf4f05dfc606c54d2d4de412442405,0,data/benign_staging/benign/b0a507e400f829022ee88454eb2baba024cf4f05dfc606c54d2d4de412442405.png
1629630cf717f6abe87bd15813ff693441ea6ea32785c08eb88fe82c9e05f45f,0,data/benign_staging/benign/1629630cf717f6abe87bd15813ff693441ea6ea32785c08eb88fe82c9e05f45f.png
c9bead43aec8355f3ef8edf6cd6854afb0f8b8fd90d79a17980b4f01a30e958f,1,data/malware_images/images/njrat/c9bead43aec8355f3ef8edf6cd6854afb0f8b8fd90d79a17980b4f01a30e958f.png
ca5729f310dbe0554b378b015a4b99a8fecb147b94cad061d0c275edb264f115,1,data/malware_images/images/GuLoader/ca5729f310dbe0554b378b015a4b99a8fecb147b94cad061d0c275edb264f115.png
ca34c7a613fc3273ea3df02ba5d31f973492e4be4e878ed833223d1f22a103c8,1,data/malware_images/images/Trickbot/ca34c7a613fc3273ea3df02ba5d31f973492e4be4e878ed833223d1f22a103c8.png
c68e9d4aff16f8f4d78cb7a3f85ba3e5d0db63e5c8206719c76ed51f74841009,0,data/benign_staging/benign/c68e9d4aff16f8f4d78cb7a3f85ba3e5d0db63e5c8206719c76ed51f74841009.png
8116f086d5b222ea6d3ac385bbc8f3a88c19f920435e1ba274a1f46702ab10a2,1,data/malware_images/images/Gozi/8116f086d5b222ea6d3ac385bbc8f3a88c19f920435e1ba274a1f46702ab10a2.png
d6568f830f0e8d7485b4a151244a2f0b700d57abb78fbf0c1d8bcd0c1cb2179f,0,data/benign_staging/benign/d6568f830f0e8d7485b4a151244a2f0b700d57abb78fbf0c1d8bcd0c1cb2179f.png
e06904e7b2cd5be19bd05b7ec99b8912e18e830a8fa586442c54598bbd4b8dc5,0,data/benign_staging/benign/e06904e7b2cd5be19bd05b7ec99b8912e18e830a8fa586442c54598bbd4b8dc5.png
1a265ec58f8ed23ec5f82579b7ee6ab29d5c0d1ff2199996e29184dc06727dd7,1,data/malware_images/images/Trickbot/1a265ec58f8ed23ec5f82579b7ee6ab29d5c0d1ff2199996e29184dc06727dd7.png
ec1b8cf87bc532f33daf88355d242769607cf57e60e11ea8e28d6377b1ffe191,0,data/benign_staging/benign/ec1b8cf87bc532f33daf88355d242769607cf57e60e11ea8e28d6377b1ffe191.png
e86738131218d2fcf4d82034d5cd0940f9044628123323e7a334097df7913012,0,data/benign_staging/benign/e86738131218d2fcf4d82034d5cd0940f9044628123323e7a334097df7913012.png
3391f3da58a8b440b0c58084a280cf9cac28395ecf87c8307d5efb9d66b6164f,1,data/malware_images/images/IcedID/3391f3da58a8b440b0c58084a280cf9cac28395ecf87c8307d5efb9d66b6164f.png
ee6570b952ddf8ad82c1434510e5a163eca8bc8d1cdb2f60222b98da8aae5fb1,1,data/malware_images/images/Heodo/ee6570b952ddf8ad82c1434510e5a163eca8bc8d1cdb2f60222b98da8aae5fb1.png
23bf4825d17959f442c2a75fc44e5bfac819819d1fbfb4c7afd914c47d2b9b82,1,data/malware_images/images/njrat/23bf4825d17959f442c2a75fc44e5bfac819819d1fbfb4c7afd914c47d2b9b82.png
48331be81db4474aa078c976b4635737b87f10974b11832fbdcc387bb6869fc8,0,data/benign_staging/benign/48331be81db4474aa078c976b4635737b87f10974b11832fbdcc387bb6869fc8.png
ef5bf8d5cbd053589be5b74cc95bf72242ee549f5af99a7d5473e0a9318e102a,1,data/malware_images/images/Trickbot/ef5bf8d5cbd053589be5b74cc95bf72242ee549f5af99a7d5473e0a9318e102a.png
ba50319cb962a805a2ee36041c033ae720272176bf73a75937d5a40dec79612b,1,data/malware_images/images/Trickbot/ba50319cb962a805a2ee36041c033ae720272176bf73a75937d5a40dec79612b.png
0c08831a51fc1af51ef0e51c11cc544622ece1d00240c0f121ace8f639fb0b70,1,data/malware_images/images/Trickbot/0c08831a51fc1af51ef0e51c11cc544622ece1d00240c0f121ace8f639fb0b70.png
b2b796dce52fb672bfbdf9700bdb15cc98300d48537953f40c92d2a5b33baa9f,0,data/benign_staging/benign/b2b796dce52fb672bfbdf9700bdb15cc98300d48537953f40c92d2a5b33baa9f.png
c7b6b5c5fd0241015dea2d5bf76f50143844676bec4b1a57284af92a75a367db,1,data/malware_images/images/Trickbot/c7b6b5c5fd0241015dea2d5bf76f50143844676bec4b1a57284af92a75a367db.png
c3da6001ade87ef9d53d28261910e2bf0eb4854d1a69c06aafd22f9ae4fff7ca,0,data/benign_staging/benign/c3da6001ade87ef9d53d28261910e2bf0eb4854d1a69c06aafd22f9ae4fff7ca.png
92a21062a5697b5ac7050d82b5279443d444f4a3852c485b857774a31d0f290f,1,data/malware_images/images/Trickbot/92a21062a5697b5ac7050d82b5279443d444f4a3852c485b857774a31d0f290f.png
6771a75df81f13fbae25d95cab75541a4f132ef7eaab1e501338e75681de3ec3,0,data/benign_staging/benign/6771a75df81f13fbae25d95cab75541a4f132ef7eaab1e501338e75681de3ec3.png
f57539a9546ae78b095effd75d221f1bce8007f8ca97e0f4b6d68216276923bc,0,data/benign_staging/benign/f57539a9546ae78b095effd75d221f1bce8007f8ca97e0f4b6d68216276923bc.png
fe7e187e7ef2bb1feaf1cf6957ef134e44af0b2d770c5c3ca0c1aabc776270f9,0,data/benign_staging/benign/fe7e187e7ef2bb1feaf1cf6957ef134e44af0b2d770c5c3ca0c1aabc776270f9.png
ccca8b15b974977c0fe467df44df99451900521173ae602d8c144172fed67187,0,data/benign_staging/benign/ccca8b15b974977c0fe467df44df99451900521173ae602d8c144172fed67187.png
bcda530fcc6440d26d36df253a0e9cab5674550397e3715d71c63bd9d649366f,0,data/benign_staging/benign/bcda530fcc6440d26d36df253a0e9cab5674550397e3715d71c63bd9d649366f.png
89441cca04cfaebcacaa194a59d78e1fee62fc3c608704401a2dd1035d71d8de,0,data/benign_staging/benign/89441cca04cfaebcacaa194a59d78e1fee62fc3c608704401a2dd1035d71d8de.png
5dd5a4849252ca774d60e8c68560dedfc7941c1c996e22513afaec9c662061a4,1,data/malware_images/images/Gozi/5dd5a4849252ca774d60e8c68560dedfc7941c1c996e22513afaec9c662061a4.png
8d73f17a44953ad8b611e21a6b661c0f39255a88f1a567640110ed8a364ee2ee,1,data/malware_images/images/GuLoader/8d73f17a44953ad8b611e21a6b661c0f39255a88f1a567640110ed8a364ee2ee.png
fe82f2ef1bd9a1f398a7c7dda3e37b83437a2dffdce55e01249aa248cc34c289,0,data/benign_staging/benign/fe82f2ef1bd9a1f398a7c7dda3e37b83437a2dffdce55e01249aa248cc34c289.png
d7dd8e9fd6df14a7fe0bd6bc01c453105676db1932d1c26497a20c44d99a77e9,1,data/malware_images/images/njrat/d7dd8e9fd6df14a7fe0bd6bc01c453105676db1932d1c26497a20c44d99a77e9.png
fcc391697b348cbfaa4cd0cd426c4d549600a511d01acb15f6ef65828b34ed4f,0,data/benign_staging/benign/fcc391697b348cbfaa4cd0cd426c4d549600a511d01acb15f6ef65828b34ed4f.png
baa1d37374ae7267520e76392704cc5213478706353584bd21bf0ea6ec48013c,0,data/benign_staging/benign/baa1d37374ae7267520e76392704cc5213478706353584bd21bf0ea6ec48013c.png
1323c536981bdfb534b9df57aafdb6603332c9a9ba6b1289aefdf41aece9496b,1,data/malware_images/images/njrat/1323c536981bdfb534b9df57aafdb6603332c9a9ba6b1289aefdf41aece9496b.png
e884ebb7cd008c09f0712462889a098224ce94a5eafc2b5624ee7f2affd5d3d4,0,data/benign_staging/benign/e884ebb7cd008c09f0712462889a098224ce94a5eafc2b5624ee7f2affd5d3d4.png
d847114041d4d0645ea66a5274f7d3a74d9765c880e1785de8c56d85de745679,0,data/benign_staging/benign/d847114041d4d0645ea66a5274f7d3a74d9765c880e1785de8c56d85de745679.png
be07a46bf1c88612fcc154c4b4b5106587bf43f4fcb02dc2fba08c90187a52b5,0,data/benign_staging/benign/be07a46bf1c88612fcc154c4b4b5106587bf43f4fcb02dc2fba08c90187a52b5.png
b092b05340dbdbfd5d9fcaadd255c79cf358b24e2680a4a159b194762fe0b36e,0,data/benign_staging/benign/b092b05340dbdbfd5d9fcaadd255c79cf358b24e2680a4a159b194762fe0b36e.png
262aa82cfd43744433d44228d12c28b322970afd382587ad82f6bb07b903a501,0,data/benign_staging/benign/262aa82cfd43744433d44228d12c28b322970afd382587ad82f6bb07b903a501.png
c79532e5d45e30c9c1e91158c4658ae9c42b3b61bef9c303e68e30282b314af4,0,data/benign_staging/benign/c79532e5d45e30c9c1e91158c4658ae9c42b3b61bef9c303e68e30282b314af4.png
5a7576934c5b26be5343f7e4c1973bfd8e923f2517b10a67b5593c5e550e5264,1,data/malware_images/images/Trickbot/5a7576934c5b26be5343f7e4c1973bfd8e923f2517b10a67b5593c5e550e5264.png
c3b748f254d8aafaf20bcd179ad9230cde4e89509028d9e010581ea0d8fe9ff3,0,data/benign_staging/benign/c3b748f254d8aafaf20bcd179ad9230cde4e89509028d9e010581ea0d8fe9ff3.png
dd8c1f39cb9abdfa77b9ead5e56f2190c6ac7a725bf87e574e21bdab9a480980,0,data/benign_staging/benign/dd8c1f39cb9abdfa77b9ead5e56f2190c6ac7a725bf87e574e21bdab9a480980.png
d8cf22e8533a73a21f129e08c4c2fd5629da093660eed84aad23cf7a82de56ad,1,data/malware_images/images/IcedID/d8cf22e8533a73a21f129e08c4c2fd5629da093660eed84aad23cf7a82de56ad.png
2889b601d0a0bbee5951f47adc2ae627708b9004ee4aed08ce70bfef492a2f84,0,data/benign_staging/benign/2889b601d0a0bbee5951f47adc2ae627708b9004ee4aed08ce70bfef492a2f84.png
d45d1e7d7e1ea37f47a4d5ef4374e648777239b55e5621df54c5358b25fc6fbc,0,data/benign_staging/benign/d45d1e7d7e1ea37f47a4d5ef4374e648777239b55e5621df54c5358b25fc6fbc.png
f2482fe8aebc9d6189c23088919a9e7aeea763e2b96173020dcfa6bd1c58997c,0,data/benign_staging/benign/f2482fe8aebc9d6189c23088919a9e7aeea763e2b96173020dcfa6bd1c58997c.png
b9f1e9e3e06fc191b7c41944c4be112cfba1b101ce1162fc2296ed070a3e160a,0,data/benign_staging/benign/b9f1e9e3e06fc191b7c41944c4be112cfba1b101ce1162fc2296ed070a3e160a.png
53ce707d338c0e2b41d5206f32333112c7ca512c29dd0a86bf52dfdbd679abb3,1,data/malware_images/images/IcedID/53ce707d338c0e2b41d5206f32333112c7ca512c29dd0a86bf52dfdbd679abb3.png
ecaab1b71bfe0f85e619b8da7da623da193dc64b9b04e11078510f0cd34f417e,1,data/malware_images/images/Trickbot/ecaab1b71bfe0f85e619b8da7da623da193dc64b9b04e11078510f0cd34f417e.png
c09a882bf43bdce8b9aa070ec86682ee40fc25c56c9f47607a1cdadb9971642a,1,data/malware_images/images/GuLoader/c09a882bf43bdce8b9aa070ec86682ee40fc25c56c9f47607a1cdadb9971642a.png
2454d64559ffdaf95915ebea1ad0a5310fa2ef724e42d8e510e4cac97078e80f,1,data/malware_images/images/njrat/2454d64559ffdaf95915ebea1ad0a5310fa2ef724e42d8e510e4cac97078e80f.png
dd3e0dc1e5a98f0b8fb90d8898a464b2562b11bb2905bd8aa4e9aab8f93e9e5c,0,data/benign_staging/benign/dd3e0dc1e5a98f0b8fb90d8898a464b2562b11bb2905bd8aa4e9aab8f93e9e5c.png
e38b62c0946b9e4e1446e0f8c6335fc7328eb20cc587e310983f3f6d6571ac5d,0,data/benign_staging/benign/e38b62c0946b9e4e1446e0f8c6335fc7328eb20cc587e310983f3f6d6571ac5d.png
205038d7649a68cc09d95957515621ec572a78705b421954dabb75af31b2448c,1,data/malware_images/images/Trickbot/205038d7649a68cc09d95957515621ec572a78705b421954dabb75af31b2448c.png
feb88bf58bf809e7c9e1d3380b0b9e55c2e66d214a7df4a314f677eeb14bb5e9,0,data/benign_staging/benign/feb88bf58bf809e7c9e1d3380b0b9e55c2e66d214a7df4a314f677eeb14bb5e9.png
de9bd95d6bc08888bcd16295ef2fbfd8e72020c56b14f72e6d3df90aaa24c84a,0,data/benign_staging/benign/de9bd95d6bc08888bcd16295ef2fbfd8e72020c56b14f72e6d3df90aaa24c84a.png
eb413325acbb2ea289969e834c5237fc6376073f24674b7760d45b94dfaf8755,1,data/malware_images/images/IcedID/eb413325acbb2ea289969e834c5237fc6376073f24674b7760d45b94dfaf8755.png
835beb117c202081d37d579425015106dd8a5af24b542e66496ba6f2f64dafe6,1,data/malware_images/images/Trickbot/835beb117c202081d37d579425015106dd8a5af24b542e66496ba6f2f64dafe6.png
399ab46808ea5f38e32fe482bb4d632d4942d6ee00e9846fbe26e8996c4c6cc5,1,data/malware_images/images/Gozi/399ab46808ea5f38e32fe482bb4d632d4942d6ee00e9846fbe26e8996c4c6cc5.png
46dde3c2af7b10bf91b40397dec7c18d436cd497960dd9697e888a7b7bf112b1,1,data/malware_images/images/Gozi/46dde3c2af7b10bf91b40397dec7c18d436cd497960dd9697e888a7b7bf112b1.png
d005fd0cecd3a1c4bd88ebbde2c11c7e72177fe9370a3e738d2490adc0c1ec39,0,data/benign_staging/benign/d005fd0cecd3a1c4bd88ebbde2c11c7e72177fe9370a3e738d2490adc0c1ec39.png
6a474c65c19755c000097fc032af97a6d606310bd67a7a9d3fbd1e96d31ddca5,1,data/malware_images/images/Gozi/6a474c65c19755c000097fc032af97a6d606310bd67a7a9d3fbd1e96d31ddca5.png
3e9cb4329a3b06517c10027b3a373cffff3c07e9dd216417e6b83016dbe2e067,1,data/malware_images/images/njrat/3e9cb4329a3b06517c10027b3a373cffff3c07e9dd216417e6b83016dbe2e067.png
8544976ce1fab7c02eb16f9ad67090cf12eaf25929660fc27ceb0536d49fb37f,0,data/benign_staging/benign/8544976ce1fab7c02eb16f9ad67090cf12eaf25929660fc27ceb0536d49fb37f.png
cc8687345e7ac20c2dcd21321634c191a035d145f442d0a403584fd77e72b1a1,0,data/benign_staging/benign/cc8687345e7ac20c2dcd21321634c191a035d145f442d0a403584fd77e72b1a1.png
e5edbcbe152b74d29becac05065bcf3c74215384c0d8464a44b67a32a13e8ea3,0,data/benign_staging/benign/e5edbcbe152b74d29becac05065bcf3c74215384c0d8464a44b67a32a13e8ea3.png
b2baee0507b7696fc1c65f8cb17fb4faa025b21e706f17966f7ac82dd8c366c7,1,data/malware_images/images/njrat/b2baee0507b7696fc1c65f8cb17fb4faa025b21e706f17966f7ac82dd8c366c7.png
16e2f6e7f96cce86ba0d82a595e59f749b19345901540f0b2f42861b85e71df0,1,data/malware_images/images/Trickbot/16e2f6e7f96cce86ba0d82a595e59f749b19345901540f0b2f42861b85e71df0.png
fce8a94adda657c79b4fbe7b2b4ef4062d27b0c15108b23ae6cb9dc545a267f8,1,data/malware_images/images/GuLoader/fce8a94adda657c79b4fbe7b2b4ef4062d27b0c15108b23ae6cb9dc545a267f8.png
5454a1c0b52c9e52b00352b149b84d202e0ee99710975dd4db13edb6fea2f640,1,data/malware_images/images/Heodo/5454a1c0b52c9e52b00352b149b84d202e0ee99710975dd4db13edb6fea2f640.png
99d07b0682434235023da65216efdcc624d66c436e80745614315d4c68e8735f,1,data/malware_images/images/GuLoader/99d07b0682434235023da65216efdcc624d66c436e80745614315d4c68e8735f.png
754d17d48af7cfce94b80e05709943f2e4c119a7dde35f34ca0261672236212a,1,data/malware_images/images/njrat/754d17d48af7cfce94b80e05709943f2e4c119a7dde35f34ca0261672236212a.png
89f4d2249c33ef790f3ff03130161fddc3d4059bb7ae41e662014bd43f0f2106,0,data/benign_staging/benign/89f4d2249c33ef790f3ff03130161fddc3d4059bb7ae41e662014bd43f0f2106.png
b51cc1e2c39af1871d765ccd83684dd090691af625df294cffdc6ab8a840a14a,0,data/benign_staging/benign/b51cc1e2c39af1871d765ccd83684dd090691af625df294cffdc6ab8a840a14a.png
fc08885434f9b2677ca7076bc2651218335dfb40141fa7fe49558bd3c7eb4e5a,1,data/malware_images/images/njrat/fc08885434f9b2677ca7076bc2651218335dfb40141fa7fe49558bd3c7eb4e5a.png
b1315bb94b30aebc482251302214e7331c7750be11bc80c8b3061371c7b42500,0,data/benign_staging/benign/b1315bb94b30aebc482251302214e7331c7750be11bc80c8b3061371c7b42500.png
7eff8901e4f77417a33b4d017a84636d2d8e04c520440511743f945e29e5dda0,1,data/malware_images/images/IcedID/7eff8901e4f77417a33b4d017a84636d2d8e04c520440511743f945e29e5dda0.png
aa7170f4c174314d883e1d0a98a14b8256ab63b7ad80dffd45d0ace33ace4580,1,data/malware_images/images/GuLoader/aa7170f4c174314d883e1d0a98a14b8256ab63b7ad80dffd45d0ace33ace4580.png
dad069d159b3ec8279aa07119cb3f05421d6ee8e99d2876cdcf250645b764068,0,data/benign_staging/benign/dad069d159b3ec8279aa07119cb3f05421d6ee8e99d2876cdcf250645b764068.png
af0c562398c5a0baf537da9f6da4354c60df77004d1fd110f863e90cd150113e,0,data/benign_staging/benign/af0c562398c5a0baf537da9f6da4354c60df77004d1fd110f863e90cd150113e.png
c1b87a0856f66646b477457184a8bf2a21c18271c140a6156074e877ee13ef26,0,data/benign_staging/benign/c1b87a0856f66646b477457184a8bf2a21c18271c140a6156074e877ee13ef26.png
54256f630247bd09af0bc01c2dafe121b8d7334b4bbd1f36092da2e66e3983c5,1,data/malware_images/images/Gozi/54256f630247bd09af0bc01c2dafe121b8d7334b4bbd1f36092da2e66e3983c5.png
1c7c07802af60cddfbe62ce037135297417517f3751729bd02ce65d50f4e715d,0,data/benign_staging/benign/1c7c07802af60cddfbe62ce037135297417517f3751729bd02ce65d50f4e715d.png
b1a676f36e7622edd1fd98fcee0346c7f67a27ba5bc01b40aac78ad76051c801,0,data/benign_staging/benign/b1a676f36e7622edd1fd98fcee0346c7f67a27ba5bc01b40aac78ad76051c801.png
019f7959bd3af6102edf3f669d0e91a150d78c7f99c17e85f932936ed432086c,1,data/malware_images/images/Trickbot/019f7959bd3af6102edf3f669d0e91a150d78c7f99c17e85f932936ed432086c.png
d6bc5d9a16a34c592b8ba23f6a5c3359b06d3d4fdc1215419e1b6e4bd8b6844b,1,data/malware_images/images/GuLoader/d6bc5d9a16a34c592b8ba23f6a5c3359b06d3d4fdc1215419e1b6e4bd8b6844b.png
f051cd539eccc1cdaad65b3340f64a223bb3352d8f8013e363d532996568c3b0,0,data/benign_staging/benign/f051cd539eccc1cdaad65b3340f64a223bb3352d8f8013e363d532996568c3b0.png
df697417314e4261cc8c01d9454d142032fa0fd350eade1424e76d369131d8aa,0,data/benign_staging/benign/df697417314e4261cc8c01d9454d142032fa0fd350eade1424e76d369131d8aa.png
c3e0c8ce2d7aeb890c6dfb23f0a4fa1c8273935074409f5ed756f1a0874a349d,1,data/malware_images/images/Gozi/c3e0c8ce2d7aeb890c6dfb23f0a4fa1c8273935074409f5ed756f1a0874a349d.png
b493bf6d7085eb97d17dd6516345e65277d3a60b848f11aef283dbba759435e1,0,data/benign_staging/benign/b493bf6d7085eb97d17dd6516345e65277d3a60b848f11aef283dbba759435e1.png
57e6b117d6af28112a00517be11cc8561aad5d0eb0ad22b3b6ac860292b7771a,1,data/malware_images/images/Gozi/57e6b117d6af28112a00517be11cc8561aad5d0eb0ad22b3b6ac860292b7771a.png
e5c1e21a78be8a52f93b6ad7b1230004161030ba34838798ea0252d33c93df7a,0,data/benign_staging/benign/e5c1e21a78be8a52f93b6ad7b1230004161030ba34838798ea0252d33c93df7a.png
9eb06f25686b2a9e0af482b9c475f8b79966f1d7669effc49f91b4b2c781e19e,1,data/malware_images/images/Trickbot/9eb06f25686b2a9e0af482b9c475f8b79966f1d7669effc49f91b4b2c781e19e.png
f9ea0ad3aa90bbb81656995a933a100f6a5b6ce1e17a13f81a9eac5d10564ec4,0,data/benign_staging/benign/f9ea0ad3aa90bbb81656995a933a100f6a5b6ce1e17a13f81a9eac5d10564ec4.png
1c81f41c9117ff33b9ef73de5b6e429b571bae3393b8ce9bd4f3f28ba48b276b,1,data/malware_images/images/GuLoader/1c81f41c9117ff33b9ef73de5b6e429b571bae3393b8ce9bd4f3f28ba48b276b.png
86217ca15da106db4f141ecd5ec26dca0cec0ab8d6ca1e03ad154487684e6241,0,data/benign_staging/benign/86217ca15da106db4f141ecd5ec26dca0cec0ab8d6ca1e03ad154487684e6241.png
1b01896dfc0cf43a1b17e18d3f938f34dfc9ea309cb64f640cf07e935c7d8f61,0,data/benign_staging/benign/1b01896dfc0cf43a1b17e18d3f938f34dfc9ea309cb64f640cf07e935c7d8f61.png
371f656757337cb03fbf96b39b87d7813af0b0c8d4f7a037fa8630563a096ebb,1,data/malware_images/images/Gozi/371f656757337cb03fbf96b39b87d7813af0b0c8d4f7a037fa8630563a096ebb.png
63a94d3116d5aa72ab18789dc8df29db6a2bde75d257f2d4aeeccaf0884e76d3,1,data/malware_images/images/Heodo/63a94d3116d5aa72ab18789dc8df29db6a2bde75d257f2d4aeeccaf0884e76d3.png
d976432b6a33484ded6feff4a917adbaa73e9d26fb1439271f52a7baf1a26644,0,data/benign_staging/benign/d976432b6a33484ded6feff4a917adbaa73e9d26fb1439271f52a7baf1a26644.png
b325283552ea6adceb0adea1756673b739f10942bc036c9edc863e1fbd6b095e,0,data/benign_staging/benign/b325283552ea6adceb0adea1756673b739f10942bc036c9edc863e1fbd6b095e.png
b2923eaacc45e888f5083d1208931e0da92b6fcd32d36eceeb934efad2a110ed,0,data/benign_staging/benign/b2923eaacc45e888f5083d1208931e0da92b6fcd32d36eceeb934efad2a110ed.png
55b8b84b624767c78a3ba733e577c4bdcd41fe9efa691725376a74077314e436,1,data/malware_images/images/njrat/55b8b84b624767c78a3ba733e577c4bdcd41fe9efa691725376a74077314e436.png
aa40f4a87f6886c4e5f2cb6962d1effd83bf282b92355115f18ece5a490d0f35,1,data/malware_images/images/Trickbot/aa40f4a87f6886c4e5f2cb6962d1effd83bf282b92355115f18ece5a490d0f35.png
5ee2663695d49ed0705a925e7c6c6c779dd54d92b53fae38bb454978c84b3435,1,data/malware_images/images/njrat/5ee2663695d49ed0705a925e7c6c6c779dd54d92b53fae38bb454978c84b3435.png
e3d02b5c2a31782b3eab6fdefe7aef2663e130518f8397e203748d5a3004ca91,0,data/benign_staging/benign/e3d02b5c2a31782b3eab6fdefe7aef2663e130518f8397e203748d5a3004ca91.png
af6171e340d750ea7ca409e63be04068cc9f448a9ea580dc76f1afd82c4ad326,0,data/benign_staging/benign/af6171e340d750ea7ca409e63be04068cc9f448a9ea580dc76f1afd82c4ad326.png
34acae8326e697f6d17bdb1eaed27bba7cf719d4e7ae117735de424a56fd5f3d,1,data/malware_images/images/GuLoader/34acae8326e697f6d17bdb1eaed27bba7cf719d4e7ae117735de424a56fd5f3d.png
b2e33d5bd280ea70f0ee4f8b9651f556f39d4f25061cae8e4189a5f09c7ace6c,1,data/malware_images/images/Trickbot/b2e33d5bd280ea70f0ee4f8b9651f556f39d4f25061cae8e4189a5f09c7ace6c.png
d2fbce9e418c733a5279a018b3f8471193fb7720f137fc4305a88950be257436,1,data/malware_images/images/Gozi/d2fbce9e418c733a5279a018b3f8471193fb7720f137fc4305a88950be257436.png
0f6e5ae663c6836af0408607f8814f3f14180e5e76f9202cd33e06928c2ebc99,0,data/benign_staging/benign/0f6e5ae663c6836af0408607f8814f3f14180e5e76f9202cd33e06928c2ebc99.png
23dcad63c4343df1b6e7ede1935e2dfe2be1a13793ed9153824a6cb32c2ae85b,0,data/benign_staging/benign/23dcad63c4343df1b6e7ede1935e2dfe2be1a13793ed9153824a6cb32c2ae85b.png
e8f45557fae3186744af854f3dae0f7266cba1eec3dc9afd7aae3c71860bada3,0,data/benign_staging/benign/e8f45557fae3186744af854f3dae0f7266cba1eec3dc9afd7aae3c71860bada3.png
b7177a1e9ff1e77f9383a3831aa772cde7b6f3a19884e04a7f8a35ff798c9947,0,data/benign_staging/benign/b7177a1e9ff1e77f9383a3831aa772cde7b6f3a19884e04a7f8a35ff798c9947.png
b48cf12ff1155761b5c1a44b8c71e0f272d480f325e02df0532e6886d97f37c4,0,data/benign_staging/benign/b48cf12ff1155761b5c1a44b8c71e0f272d480f325e02df0532e6886d97f37c4.png
f626c9dfd4f8e8c2aea66ff011aa1a1dd06106133bf5a80cdcbb48a608a9f03f,1,data/malware_images/images/IcedID/f626c9dfd4f8e8c2aea66ff011aa1a1dd06106133bf5a80cdcbb48a608a9f03f.png
eba49954042506dfcb35a1e6ef882635193672f1a695876abe4d7f4f82eb3b3d,0,data/benign_staging/benign/eba49954042506dfcb35a1e6ef882635193672f1a695876abe4d7f4f82eb3b3d.png
c3c2fc97f5cbcdbf6940294d29d7b20fa587731e0ed34a3df9ffc60c6983cdad,1,data/malware_images/images/IcedID/c3c2fc97f5cbcdbf6940294d29d7b20fa587731e0ed34a3df9ffc60c6983cdad.png
197b817d69a2fcf6fb866f20d0caf1540b4d995ad66429f0beb695dbcc0e877d,1,data/malware_images/images/njrat/197b817d69a2fcf6fb866f20d0caf1540b4d995ad66429f0beb695dbcc0e877d.png
3ea144be5a68c473fe15114272b2b37c768ed00441ce26c02125b4f8d7b37687,1,data/malware_images/images/Gozi/3ea144be5a68c473fe15114272b2b37c768ed00441ce26c02125b4f8d7b37687.png
558bbf4ebdadef33fbbdd72fc6f6dd2a7ea30d04f695bbc2e449a662352d048f,1,data/malware_images/images/njrat/558bbf4ebdadef33fbbdd72fc6f6dd2a7ea30d04f695bbc2e449a662352d048f.png
dd569c93e31d22f52f167bc9ae0aa66cb459048dd2cda8dd9ec2f764a836a786,0,data/benign_staging/benign/dd569c93e31d22f52f167bc9ae0aa66cb459048dd2cda8dd9ec2f764a836a786.png
e34ef07be1e6de192e007fa59413c9f07657d9d24ebb59b2049d3447ccc73110,0,data/benign_staging/benign/e34ef07be1e6de192e007fa59413c9f07657d9d24ebb59b2049d3447ccc73110.png
d38c1deb913e3d64b971cd9404906275875969d46e7f077b39464ca62b5f4457,0,data/benign_staging/benign/d38c1deb913e3d64b971cd9404906275875969d46e7f077b39464ca62b5f4457.png
c35b6d88d330764b0074658a0b4b0e021eb47007a9470e9e122d25326a619b74,0,data/benign_staging/benign/c35b6d88d330764b0074658a0b4b0e021eb47007a9470e9e122d25326a619b74.png
eae36db2fc09a2fdeaf69349c24dea2a7cc24b37d4292d74ea6698cd8a7bc859,0,data/benign_staging/benign/eae36db2fc09a2fdeaf69349c24dea2a7cc24b37d4292d74ea6698cd8a7bc859.png
d1a914afd30e14ef97a300cacea5f4c447071a15ad719dca67f1967d31fd62d6,0,data/benign_staging/benign/d1a914afd30e14ef97a300cacea5f4c447071a15ad719dca67f1967d31fd62d6.png
f7ea44c3a5252c178f4bdc07b255a1fc2f9f17b915e2d3c73fe8c54dcf3984ab,0,data/benign_staging/benign/f7ea44c3a5252c178f4bdc07b255a1fc2f9f17b915e2d3c73fe8c54dcf3984ab.png
2f3f4acdc6c9e5008c2f89a09e0734616213390882b7828494b5320164583495,1,data/malware_images/images/Trickbot/2f3f4acdc6c9e5008c2f89a09e0734616213390882b7828494b5320164583495.png
bc3b3a09acedcfff41cc5de975cb313a653b805ba4d4d455cb80cd81a9c690bc,0,data/benign_staging/benign/bc3b3a09acedcfff41cc5de975cb313a653b805ba4d4d455cb80cd81a9c690bc.png
f7486845d5e2072e7af9f8c52718fc5e236224aeaa045e2ebf9c46f049ed3495,0,data/benign_staging/benign/f7486845d5e2072e7af9f8c52718fc5e236224aeaa045e2ebf9c46f049ed3495.png
fdc1a3d88eca9afa817aaf00818f29ea8e80fc1b3a71f46d5231572fb2f69b26,1,data/malware_images/images/IcedID/fdc1a3d88eca9afa817aaf00818f29ea8e80fc1b3a71f46d5231572fb2f69b26.png
fdb10ff1d5b312ddcad914cf17cfc504da6d9fe264b603c5e83df4fff7da60a1,1,data/malware_images/images/GuLoader/fdb10ff1d5b312ddcad914cf17cfc504da6d9fe264b603c5e83df4fff7da60a1.png
b2e6cc6aa6b706f4d680872bf630064f6e5bd4eaf4ed81ad21c0741cc2ac8631,1,data/malware_images/images/Trickbot/b2e6cc6aa6b706f4d680872bf630064f6e5bd4eaf4ed81ad21c0741cc2ac8631.png
f9dd288c9895973f8db1856d172779041c6dee173ad1ef53b1727fc85cb6b75f,0,data/benign_staging/benign/f9dd288c9895973f8db1856d172779041c6dee173ad1ef53b1727fc85cb6b75f.png
10feeb1b0fde32e0d3699bb8bb8558fafb03da45b7d204dd5b7200439a39cf2f,0,data/benign_staging/benign/10feeb1b0fde32e0d3699bb8bb8558fafb03da45b7d204dd5b7200439a39cf2f.png
b062783497e8ed5cdb3c31216607504a779a81da4dd95a66a649292ec9fca10b,0,data/benign_staging/benign/b062783497e8ed5cdb3c31216607504a779a81da4dd95a66a649292ec9fca10b.png
5929445eb9941a91426eb0cc13cf918649608a1e2772d283cdc83665d82d400a,1,data/malware_images/images/Trickbot/5929445eb9941a91426eb0cc13cf918649608a1e2772d283cdc83665d82d400a.png
26c44b6826d0815ee578721d72d8125968341d6fd3ba9e9f1a6e5193310c27b0,1,data/malware_images/images/njrat/26c44b6826d0815ee578721d72d8125968341d6fd3ba9e9f1a6e5193310c27b0.png
f9d8f1dc63320c7015795d7d2b534ed4bbab163c911f1178bdd2a5feb60f49d3,0,data/benign_staging/benign/f9d8f1dc63320c7015795d7d2b534ed4bbab163c911f1178bdd2a5feb60f49d3.png
b04cf62e1182fdae7ca1805ccc467ccd6d9a0db1a3a7419a9d6a2b5e41419d06,1,data/malware_images/images/GuLoader/b04cf62e1182fdae7ca1805ccc467ccd6d9a0db1a3a7419a9d6a2b5e41419d06.png
e84c7f968702f2c2403c6caadcf4a925d2896fdb712bdf7ec496088ab7cb491e,0,data/benign_staging/benign/e84c7f968702f2c2403c6caadcf4a925d2896fdb712bdf7ec496088ab7cb491e.png
11c33fa3d86d42c9464dfda9bb37a5d5e98a8bfec1c0bec8138363830bc201e1,1,data/malware_images/images/GuLoader/11c33fa3d86d42c9464dfda9bb37a5d5e98a8bfec1c0bec8138363830bc201e1.png
da6ef1fb5836ab2b9530e5e41c129c9c7e7eaa54acfb9679961111046debab99,1,data/malware_images/images/njrat/da6ef1fb5836ab2b9530e5e41c129c9c7e7eaa54acfb9679961111046debab99.png
68123a5b98ab9c77fc37486fe340c4294babfeb9a7b41b79a5a0ec53f63658aa,1,data/malware_images/images/njrat/68123a5b98ab9c77fc37486fe340c4294babfeb9a7b41b79a5a0ec53f63658aa.png
38e2b8e3108feee7a061f02c7757849a2db2863626c6351557724a5d92fdcbae,1,data/malware_images/images/Gozi/38e2b8e3108feee7a061f02c7757849a2db2863626c6351557724a5d92fdcbae.png
b6a28f12663e7530acaad346bf77762d891fe17847130a237c5983fba80b3f68,0,data/benign_staging/benign/b6a28f12663e7530acaad346bf77762d891fe17847130a237c5983fba80b3f68.png
ba58526958ab138b0e1e70793a9aa2db4298e1558bbec658a6c751605a677459,0,data/benign_staging/benign/ba58526958ab138b0e1e70793a9aa2db4298e1558bbec658a6c751605a677459.png
fa751279651f9e4ac9597b9b38bca7f47dffe1ce47b400914667f6b03585e4d5,1,data/malware_images/images/GuLoader/fa751279651f9e4ac9597b9b38bca7f47dffe1ce47b400914667f6b03585e4d5.png
e905626a046fb6cb012bda7802e520764bc03e392ce37d5134f635cdceca2844,0,data/benign_staging/benign/e905626a046fb6cb012bda7802e520764bc03e392ce37d5134f635cdceca2844.png
229541a8111051f7f06b6e4bb4dc02ad9daab952dc9a5c3333fcf768d6f1b7c8,1,data/malware_images/images/Trickbot/229541a8111051f7f06b6e4bb4dc02ad9daab952dc9a5c3333fcf768d6f1b7c8.png
e4fede9a4f0b2db4cf39ac4d87645949a00db902f6f4512675e8aee575a4aca2,0,data/benign_staging/benign/e4fede9a4f0b2db4cf39ac4d87645949a00db902f6f4512675e8aee575a4aca2.png
6b264d7bac7b64c40d89c0e35016ce95f78a90f4f098fc3c1116217c98fe544a,1,data/malware_images/images/GuLoader/6b264d7bac7b64c40d89c0e35016ce95f78a90f4f098fc3c1116217c98fe544a.png
c1864577c97f1cf36cc54c362d89f2e0e36276ab86dfa0c78040dbdf2333984f,1,data/malware_images/images/GuLoader/c1864577c97f1cf36cc54c362d89f2e0e36276ab86dfa0c78040dbdf2333984f.png
577423ddac7ca6f9b623e528452e4455015d71aa690d44a026c40c6dcaad9569,1,data/malware_images/images/Gozi/577423ddac7ca6f9b623e528452e4455015d71aa690d44a026c40c6dcaad9569.png
cb97330351a303d2329cec972ae1f01499e8a03bac0665a81b2e2d9e2a838978,0,data/benign_staging/benign/cb97330351a303d2329cec972ae1f01499e8a03bac0665a81b2e2d9e2a838978.png
fe4c586d1fc06d9012b2fc9c34aa72b219a939dbb2d9f034763465a7de24fff2,0,data/benign_staging/benign/fe4c586d1fc06d9012b2fc9c34aa72b219a939dbb2d9f034763465a7de24fff2.png
b81980c35b0b7bd7a82e108c5aa58b3c77c0618317cc433fa1e55681a7fd7f51,0,data/benign_staging/benign/b81980c35b0b7bd7a82e108c5aa58b3c77c0618317cc433fa1e55681a7fd7f51.png
2d59595ad303476bfb00460ab7d3ba78298f1886966498d8a9ad096a10d4cb89,1,data/malware_images/images/Trickbot/2d59595ad303476bfb00460ab7d3ba78298f1886966498d8a9ad096a10d4cb89.png
4c4fbc736c0da1094090b79b3fd2163abd345505c017ab8ceebdac6676ccffe1,1,data/malware_images/images/Trickbot/4c4fbc736c0da1094090b79b3fd2163abd345505c017ab8ceebdac6676ccffe1.png
e5c9058319c82ec44bb881fcc84d51d6f9e56cce2931d5b6f4519157953cf572,0,data/benign_staging/benign/e5c9058319c82ec44bb881fcc84d51d6f9e56cce2931d5b6f4519157953cf572.png
137d03d974474c2998492be7b2d57fd1c7091e987bef4f1cd39ce7cf5a019fbe,1,data/malware_images/images/njrat/137d03d974474c2998492be7b2d57fd1c7091e987bef4f1cd39ce7cf5a019fbe.png
410d442aa93e4a593e651da540c0debd3f60d150671529a461c1c73a7f82473c,0,data/benign_staging/benign/410d442aa93e4a593e651da540c0debd3f60d150671529a461c1c73a7f82473c.png
951d850c1fdbb2e1e81e25fc81f7994594a6712c8d363f21799a18945c0ca411,1,data/malware_images/images/Gozi/951d850c1fdbb2e1e81e25fc81f7994594a6712c8d363f21799a18945c0ca411.png
ee413bf57e7fd579003b4fabe5a08e94a9e194a6ad1fbd0fd34dbf7d009bb68a,0,data/benign_staging/benign/ee413bf57e7fd579003b4fabe5a08e94a9e194a6ad1fbd0fd34dbf7d009bb68a.png
c659ec9f6dbac8ffbac71414a2277582ff798889b3d04d52c938119edc9453c5,0,data/benign_staging/benign/c659ec9f6dbac8ffbac71414a2277582ff798889b3d04d52c938119edc9453c5.png
d5ccf9039136d23649240cd3879f6e9d40dae0dff2a5cfcdefc8535f93587c38,1,data/malware_images/images/Gozi/d5ccf9039136d23649240cd3879f6e9d40dae0dff2a5cfcdefc8535f93587c38.png
092a648357c6876c3cda84ed559b51ca671f0ab9567239c6f7456a823254c0f4,1,data/malware_images/images/Trickbot/092a648357c6876c3cda84ed559b51ca671f0ab9567239c6f7456a823254c0f4.png
dae05615ba83e463d121e457e92aeb5d6563e6b7920f0f21b9d8df7d9aac8ee4,1,data/malware_images/images/Trickbot/dae05615ba83e463d121e457e92aeb5d6563e6b7920f0f21b9d8df7d9aac8ee4.png
d30a5461a272ecd221387b721bb9cb73fd02c796884252cca8d763a94876749b,0,data/benign_staging/benign/d30a5461a272ecd221387b721bb9cb73fd02c796884252cca8d763a94876749b.png
42f9e10113f04d60ab45760862f8c371e9d1a3f5f6f3d9457ed5d1f299bc0a38,0,data/benign_staging/benign/42f9e10113f04d60ab45760862f8c371e9d1a3f5f6f3d9457ed5d1f299bc0a38.png
cd035ab055e6ca03d65e5566a021cfc11179a85135b18b1e9841d4a4184efce3,0,data/benign_staging/benign/cd035ab055e6ca03d65e5566a021cfc11179a85135b18b1e9841d4a4184efce3.png
4aae94a8fa4fda9e6ae9c485b432e2bff7a1020bfc24982e16e4f0ec7608413a,1,data/malware_images/images/Trickbot/4aae94a8fa4fda9e6ae9c485b432e2bff7a1020bfc24982e16e4f0ec7608413a.png
af1e1b84f066ba05da20847bffd874d80a810b5407f8c6647b3ff9e8f7d37863,0,data/benign_staging/benign/af1e1b84f066ba05da20847bffd874d80a810b5407f8c6647b3ff9e8f7d37863.png
b6ea2f9d8f0777d50c4201d7ad30d27f75987618eb1cc0eaa7712cf268707a8e,0,data/benign_staging/benign/b6ea2f9d8f0777d50c4201d7ad30d27f75987618eb1cc0eaa7712cf268707a8e.png
07028b82ed457f66a17b116a6c66593ea5c74b8db4e6d1c1ea7a366a2570b87e,0,data/benign_staging/benign/07028b82ed457f66a17b116a6c66593ea5c74b8db4e6d1c1ea7a366a2570b87e.png
7ec44e6f68f6931bc331f16132f8c4418c4fe24731b1fd6f64aa0eb44e6aed4c,1,data/malware_images/images/njrat/7ec44e6f68f6931bc331f16132f8c4418c4fe24731b1fd6f64aa0eb44e6aed4c.png
46fdd1b114cd220ebba498df22d249f9c3e3ea412d6d6d813a6bd656adef23bb,1,data/malware_images/images/Trickbot/46fdd1b114cd220ebba498df22d249f9c3e3ea412d6d6d813a6bd656adef23bb.png
9e9d314dab7a3bf6141ebcd7ca02526e5926150082349eed0afb6cfec7f1e537,1,data/malware_images/images/Trickbot/9e9d314dab7a3bf6141ebcd7ca02526e5926150082349eed0afb6cfec7f1e537.png
14a26870b13d0bb57b4847728159c4f62fa4e6d734811cac644cb8c387c2892b,1,data/malware_images/images/IcedID/14a26870b13d0bb57b4847728159c4f62fa4e6d734811cac644cb8c387c2892b.png
c7ad419d5084785caae0c893220de08ca4c016fc5c0d3a45250b61264c826293,0,data/benign_staging/benign/c7ad419d5084785caae0c893220de08ca4c016fc5c0d3a45250b61264c826293.png
b5399025d73dfb850df68017dfa81ce5f83bd9eeb7db056fffeca55ad3bcea65,1,data/malware_images/images/IcedID/b5399025d73dfb850df68017dfa81ce5f83bd9eeb7db056fffeca55ad3bcea65.png
64354378404d42f492613b144a6d0b3418261f27a380a8a4387424fe0e3ffbc1,0,data/benign_staging/benign/64354378404d42f492613b144a6d0b3418261f27a380a8a4387424fe0e3ffbc1.png
7cc29f497f0bf94c939879d269ac44d0cb925f9b4dbb3175be47293775265f14,1,data/malware_images/images/IcedID/7cc29f497f0bf94c939879d269ac44d0cb925f9b4dbb3175be47293775265f14.png
0bb5262ecf29192398e2a7a0fff80bcfbbbc32a03049a0e8fc048b909bed568b,1,data/malware_images/images/Trickbot/0bb5262ecf29192398e2a7a0fff80bcfbbbc32a03049a0e8fc048b909bed568b.png
c57b503d6e91aa9a18cf4bb747e7e2e906e7a74052b2fdf73048d761fb6d4004,0,data/benign_staging/benign/c57b503d6e91aa9a18cf4bb747e7e2e906e7a74052b2fdf73048d761fb6d4004.png
9f77e47ac5e5ce181305f6636b33e84c2fedd01e483b2d1a0a8a6c89a38720ed,1,data/malware_images/images/GuLoader/9f77e47ac5e5ce181305f6636b33e84c2fedd01e483b2d1a0a8a6c89a38720ed.png
b70e95c6a86d06a52313457d6c502960f180bffdf5b923a035672cb309175818,0,data/benign_staging/benign/b70e95c6a86d06a52313457d6c502960f180bffdf5b923a035672cb309175818.png
9c0d41e2b35105dbd7244b592690fd10e94dc2e4678533fa44343632164f9d4b,1,data/malware_images/images/Gozi/9c0d41e2b35105dbd7244b592690fd10e94dc2e4678533fa44343632164f9d4b.png
e8393d514d2ae1c4c826a2313708efdfc0b7f382b0bb8a6e50ba99301ed5d07f,0,data/benign_staging/benign/e8393d514d2ae1c4c826a2313708efdfc0b7f382b0bb8a6e50ba99301ed5d07f.png
d87b0327ba2b98557d06df81cad2ef2f7b41dbc542d861ab82434f1ab2d81200,0,data/benign_staging/benign/d87b0327ba2b98557d06df81cad2ef2f7b41dbc542d861ab82434f1ab2d81200.png
e0b1c175506c8e56eb9c90c7b96d736e4a60617371f2e41ed5a62e7bc217eca6,1,data/malware_images/images/IcedID/e0b1c175506c8e56eb9c90c7b96d736e4a60617371f2e41ed5a62e7bc217eca6.png
e586f38cb2817ea190264e0bcee65909e76207cb025a9cc9843f57a2cb221135,0,data/benign_staging/benign/e586f38cb2817ea190264e0bcee65909e76207cb025a9cc9843f57a2cb221135.png
ba7fc2011aae587df6179f7657cc4cf337da0cfe235f209b98c1e95bd17abb07,0,data/benign_staging/benign/ba7fc2011aae587df6179f7657cc4cf337da0cfe235f209b98c1e95bd17abb07.png
d90b7b06bcc73c5f8f61dbe16cb43f9a95bf6726db7abc090c89b553088739d0,0,data/benign_staging/benign/d90b7b06bcc73c5f8f61dbe16cb43f9a95bf6726db7abc090c89b553088739d0.png
b2302418cecdd99cd955da7c2d1566325bb5861f7d7836a5976f5ec9cf396a08,0,data/benign_staging/benign/b2302418cecdd99cd955da7c2d1566325bb5861f7d7836a5976f5ec9cf396a08.png
ae16f9de7b4897d2961102d7ecb8acc0cf0d2ac93ea6415e2d2f1c46ff4bdf49,0,data/benign_staging/benign/ae16f9de7b4897d2961102d7ecb8acc0cf0d2ac93ea6415e2d2f1c46ff4bdf49.png
d27a0554ea4b6de34c1bc4f6118730c945e834a425484b9039eda21fb7b4c63c,0,data/benign_staging/benign/d27a0554ea4b6de34c1bc4f6118730c945e834a425484b9039eda21fb7b4c63c.png
f1276162c44adfda7e0a2c65fa73515a29b0c56c4f0012273ac80114c01306f6,1,data/malware_images/images/njrat/f1276162c44adfda7e0a2c65fa73515a29b0c56c4f0012273ac80114c01306f6.png
34c9285a6b094968258fffe94cb3339c1715cbc6b8db1d309f7075eb0afda2d0,1,data/malware_images/images/GuLoader/34c9285a6b094968258fffe94cb3339c1715cbc6b8db1d309f7075eb0afda2d0.png
19bae63e35482e9815569a783349f73c0f2c4929f529f271c4076d69c92745d0,1,data/malware_images/images/Trickbot/19bae63e35482e9815569a783349f73c0f2c4929f529f271c4076d69c92745d0.png
202bec0f63167ed57fcb55db48c9830a5323d72c662d9a58b691d16ce4db8c1e,0,data/benign_staging/benign/202bec0f63167ed57fcb55db48c9830a5323d72c662d9a58b691d16ce4db8c1e.png
d4daab6448cab62e16091169f451e9b455a3607df6ceabccdd0610473d419a6c,1,data/malware_images/images/IcedID/d4daab6448cab62e16091169f451e9b455a3607df6ceabccdd0610473d419a6c.png
b176aea4086a2fb7b899c8459e211e7523587264c0b5c2abfc2117afbb292176,0,data/benign_staging/benign/b176aea4086a2fb7b899c8459e211e7523587264c0b5c2abfc2117afbb292176.png
cb3783736b61c9aca15d09e4b8baa8dd722653b9554cc974b8f9850a1bc4e54a,0,data/benign_staging/benign/cb3783736b61c9aca15d09e4b8baa8dd722653b9554cc974b8f9850a1bc4e54a.png
d94db82594538d6708c623b2e0d5a41f66b671f0e7eccd778769a2fad5630908,0,data/benign_staging/benign/d94db82594538d6708c623b2e0d5a41f66b671f0e7eccd778769a2fad5630908.png
d410fcb90a74115f865460be1028372b62fb283e9e1db5eabdc84a530e13c218,0,data/benign_staging/benign/d410fcb90a74115f865460be1028372b62fb283e9e1db5eabdc84a530e13c218.png
bdb3ef3710cd4a0d97fa98d616a8b770c422bb2346193a3c77b6d0ccffa090a9,0,data/benign_staging/benign/bdb3ef3710cd4a0d97fa98d616a8b770c422bb2346193a3c77b6d0ccffa090a9.png
7e8e1de7b35bbdd1e9a7aedaa1e3e73602e778768052474e7e56140baaf85e37,1,data/malware_images/images/GuLoader/7e8e1de7b35bbdd1e9a7aedaa1e3e73602e778768052474e7e56140baaf85e37.png
2a40ab63e0da2da3c16ecbee0eab68f7572fb765788f87f9d5c446994bb7cd24,1,data/malware_images/images/IcedID/2a40ab63e0da2da3c16ecbee0eab68f7572fb765788f87f9d5c446994bb7cd24.png
ec468c59badbc97f94850b55df367109af0f8ffd996384251940171539af076b,0,data/benign_staging/benign/ec468c59badbc97f94850b55df367109af0f8ffd996384251940171539af076b.png
e0241c10842d62e8756745d122a29e7e2f45b6a14cebb4e417e76f5db898c623,1,data/malware_images/images/Gozi/e0241c10842d62e8756745d122a29e7e2f45b6a14cebb4e417e76f5db898c623.png
56eaea5f7dce86903766b6391371317d0ae17a857e8a7c9a138d80994b871f2a,1,data/malware_images/images/IcedID/56eaea5f7dce86903766b6391371317d0ae17a857e8a7c9a138d80994b871f2a.png
d50cb0a6be9f8fde0cf3a974ffe2284d36d376e8b50269ac16d921e9083d7318,0,data/benign_staging/benign/d50cb0a6be9f8fde0cf3a974ffe2284d36d376e8b50269ac16d921e9083d7318.png
b3084cdd9700aa333bb615d819bd807543320cc53f3378fdbb0ee44ce4979457,0,data/benign_staging/benign/b3084cdd9700aa333bb615d819bd807543320cc53f3378fdbb0ee44ce4979457.png
dfbd6148377c7df482fa436ab2af0ae05a4351e108f71e957ea0ede06ad1e4a2,0,data/benign_staging/benign/dfbd6148377c7df482fa436ab2af0ae05a4351e108f71e957ea0ede06ad1e4a2.png
2c3880a31c60777c238f868677808d0a3a8c5e67f5e6256416cf26243f6a0569,0,data/benign_staging/benign/2c3880a31c60777c238f868677808d0a3a8c5e67f5e6256416cf26243f6a0569.png
9dd0b4db6deee989440abfeddb4280a0a55137479b15af616f506ebf3bd891fb,0,data/benign_staging/benign/9dd0b4db6deee989440abfeddb4280a0a55137479b15af616f506ebf3bd891fb.png
c273a7b182e3af1bbed0f5b728af5fb0e603b9f1713b72886739345c307a7f29,0,data/benign_staging/benign/c273a7b182e3af1bbed0f5b728af5fb0e603b9f1713b72886739345c307a7f29.png
fec26bcf3914d373b62c42eab9a41c347cae7575c83189ef8012e7db1d4ca484,1,data/malware_images/images/Gozi/fec26bcf3914d373b62c42eab9a41c347cae7575c83189ef8012e7db1d4ca484.png
d2048b411cbcbc72cc28dc75c7f52d7935817b6d4adfb01835dfabf344f7decf,0,data/benign_staging/benign/d2048b411cbcbc72cc28dc75c7f52d7935817b6d4adfb01835dfabf344f7decf.png
07fe977241ab3c72ac5653b08767c0aa6f8e37d89f292a9fcc5b30a4e407e68c,1,data/malware_images/images/IcedID/07fe977241ab3c72ac5653b08767c0aa6f8e37d89f292a9fcc5b30a4e407e68c.png
f493a90ed9c7d0428561ed212d54d123c579002d2db2cbd612015fc24d0ea1db,0,data/benign_staging/benign/f493a90ed9c7d0428561ed212d54d123c579002d2db2cbd612015fc24d0ea1db.png
de800dec1c5bdc13fef2e631b62ae5bc5a0c21c16203ed5c5e36c589f56def91,0,data/benign_staging/benign/de800dec1c5bdc13fef2e631b62ae5bc5a0c21c16203ed5c5e36c589f56def91.png
e0b66601cc28ecb171c3d4b7ac690c667f47da6b6183bff80604c84c00d265ab,0,data/benign_staging/benign/e0b66601cc28ecb171c3d4b7ac690c667f47da6b6183bff80604c84c00d265ab.png
da1effb56ddd4c5630864b52366f91de3ba8ec77fad6c2a6a0a3ed833aa6b625,0,data/benign_staging/benign/da1effb56ddd4c5630864b52366f91de3ba8ec77fad6c2a6a0a3ed833aa6b625.png
1c34fdf2e2c4214d8dc6bc9bf4ced6aa7567ffc4c8b6eccf0867becdd64dce2e,1,data/malware_images/images/njrat/1c34fdf2e2c4214d8dc6bc9bf4ced6aa7567ffc4c8b6eccf0867becdd64dce2e.png
43f6440819114c71e2312a956672c8b2a4aa82e4c9ca230c3cf6b456b5b46d51,1,data/malware_images/images/IcedID/43f6440819114c71e2312a956672c8b2a4aa82e4c9ca230c3cf6b456b5b46d51.png
eb4320ce6a41f83e2480e14a0708b1bc9c7c9f3e05f4a0585096da97a6e790b0,0,data/benign_staging/benign/eb4320ce6a41f83e2480e14a0708b1bc9c7c9f3e05f4a0585096da97a6e790b0.png
3b947f6e2f6d89ecd5a228fff568a6e48d7710f935545d774266660a56b5a566,1,data/malware_images/images/Trickbot/3b947f6e2f6d89ecd5a228fff568a6e48d7710f935545d774266660a56b5a566.png
dbac78af08256fb38d822813e274038945451f1baf8d7089cfa8682f97c5ca63,0,data/benign_staging/benign/dbac78af08256fb38d822813e274038945451f1baf8d7089cfa8682f97c5ca63.png
728a1d1824b62327777a86610338b308f97e4c87a0182a22c3eb05650e7a3ac0,1,data/malware_images/images/Trickbot/728a1d1824b62327777a86610338b308f97e4c87a0182a22c3eb05650e7a3ac0.png
af1314349a37d7d69d2269efae8f59b170de196e762d16ad992d88f19972c161,0,data/benign_staging/benign/af1314349a37d7d69d2269efae8f59b170de196e762d16ad992d88f19972c161.png
bdd53b175d0b7ac8208e61a98a25be80b4a13f4560afe88cd46c2cb6411e7663,1,data/malware_images/images/Trickbot/bdd53b175d0b7ac8208e61a98a25be80b4a13f4560afe88cd46c2cb6411e7663.png
dcb4d83651c79fca3c7cf29ffe71ec920de474c04d20d0e519125edb35ac28f2,0,data/benign_staging/benign/dcb4d83651c79fca3c7cf29ffe71ec920de474c04d20d0e519125edb35ac28f2.png
c92811a59fb7a114a8f589ca3c7fa97953f427819466f97f62106d25f25da208,0,data/benign_staging/benign/c92811a59fb7a114a8f589ca3c7fa97953f427819466f97f62106d25f25da208.png
b3ea819ddfabf3e2060d9f8116e0952654d5bcdb5716f84ad142a6ab979b521a,1,data/malware_images/images/njrat/b3ea819ddfabf3e2060d9f8116e0952654d5bcdb5716f84ad142a6ab979b521a.png
e95e529332a0b13bbd1e0cf62a7408bbadb4a9fdd37c4d697dae08f4b78784f1,0,data/benign_staging/benign/e95e529332a0b13bbd1e0cf62a7408bbadb4a9fdd37c4d697dae08f4b78784f1.png
f3f30e4a656729d9cb76ee845848658ae8013762872b70809ad0a10bb3ac5c2f,0,data/benign_staging/benign/f3f30e4a656729d9cb76ee845848658ae8013762872b70809ad0a10bb3ac5c2f.png
e6e24bb42db2e1da8b6a5147bc6234da90f8602f6dc7e5697bde289753f5bf16,0,data/benign_staging/benign/e6e24bb42db2e1da8b6a5147bc6234da90f8602f6dc7e5697bde289753f5bf16.png
fc69637262c3ccd722552ece430c078195f3999934cccabdb2fcf0a6e2fe9446,1,data/malware_images/images/GuLoader/fc69637262c3ccd722552ece430c078195f3999934cccabdb2fcf0a6e2fe9446.png
c5dead89f6ef56f704eec41ccce5a70b4b9ed5ceca20affa18ed6da2285036b3,1,data/malware_images/images/njrat/c5dead89f6ef56f704eec41ccce5a70b4b9ed5ceca20affa18ed6da2285036b3.png
ad68b56b6446fd68c2763dc2a4ea0cbde15771fe9151595c2ad56990242c1859,1,data/malware_images/images/GuLoader/ad68b56b6446fd68c2763dc2a4ea0cbde15771fe9151595c2ad56990242c1859.png
eb81884231ece5d4664a2cad6a93693c517f9536ba8e977f833143e01282f834,0,data/benign_staging/benign/eb81884231ece5d4664a2cad6a93693c517f9536ba8e977f833143e01282f834.png
192b1d57da0cacde62677a734084972c2af88bf6c467c98deb1d3ce3fca87a54,1,data/malware_images/images/njrat/192b1d57da0cacde62677a734084972c2af88bf6c467c98deb1d3ce3fca87a54.png
f3b1494061cb57400e5dccd931610029659da681ce79426f89cc44038e0dab76,1,data/malware_images/images/Gozi/f3b1494061cb57400e5dccd931610029659da681ce79426f89cc44038e0dab76.png
d02e617c74e021da90ab2f69fe5751a43dc86008815128eea998d01366e78643,1,data/malware_images/images/Gozi/d02e617c74e021da90ab2f69fe5751a43dc86008815128eea998d01366e78643.png
7cf512d74a58fe94c5662f4ee208ae10b04a48fc5473fc8785624b6887befd20,0,data/benign_staging/benign/7cf512d74a58fe94c5662f4ee208ae10b04a48fc5473fc8785624b6887befd20.png
08bb93772c22c2842e968f5ad3753062530c4fcee87110afe46d95889c484dfb,1,data/malware_images/images/IcedID/08bb93772c22c2842e968f5ad3753062530c4fcee87110afe46d95889c484dfb.png
905791188993d4904b6a261c3d05c03043548bf3ff3c2249353042bc622c800d,1,data/malware_images/images/IcedID/905791188993d4904b6a261c3d05c03043548bf3ff3c2249353042bc622c800d.png
fadade07a50cd66cd5fc7c3c132d99665f633a561f89335cae8aeb6a76a5991d,0,data/benign_staging/benign/fadade07a50cd66cd5fc7c3c132d99665f633a561f89335cae8aeb6a76a5991d.png
bb7ad61c283b51b4b0334f39cb4ada7be8f12bbf2bc648cc841b9c20f2f58d04,0,data/benign_staging/benign/bb7ad61c283b51b4b0334f39cb4ada7be8f12bbf2bc648cc841b9c20f2f58d04.png
7e583c93312343cdae6b536e554bb45b66445e570c8bd0cede093bd6d22d5c2f,1,data/malware_images/images/Trickbot/7e583c93312343cdae6b536e554bb45b66445e570c8bd0cede093bd6d22d5c2f.png
a474de3c80ff2a299a39ec48acb5d02fd383a38730c6612c0af64ceaa3b5725f,1,data/malware_images/images/Trickbot/a474de3c80ff2a299a39ec48acb5d02fd383a38730c6612c0af64ceaa3b5725f.png
f274adcb7680d969dea006f4e12d87a9103fc53eed0184265ee7d50868d907cf,1,data/malware_images/images/njrat/f274adcb7680d969dea006f4e12d87a9103fc53eed0184265ee7d50868d907cf.png
ec53f4520a49115d6e6cee8cf896bcca84e425bfb76e3fa904665f2a2f957bc8,0,data/benign_staging/benign/ec53f4520a49115d6e6cee8cf896bcca84e425bfb76e3fa904665f2a2f957bc8.png
c9b54a3aa30a3973951c4cc308b0a707901e85e4fcbc4316144644f9e077f8d4,0,data/benign_staging/benign/c9b54a3aa30a3973951c4cc308b0a707901e85e4fcbc4316144644f9e077f8d4.png
f2771e7307f0a2ce36ff0fd0d7c5f6e810c1610ec6dabbf92e472db071fadf8b,1,data/malware_images/images/IcedID/f2771e7307f0a2ce36ff0fd0d7c5f6e810c1610ec6dabbf92e472db071fadf8b.png
ecaaa12591c1b4debe4f6758f72053ce3906c063693e16fbd1371d7ae2da2755,0,data/benign_staging/benign/ecaaa12591c1b4debe4f6758f72053ce3906c063693e16fbd1371d7ae2da2755.png
c9da9b0eb3a4e8dcc9080546bc74d922d179d186493a9af7473c42fb49ded1db,0,data/benign_staging/benign/c9da9b0eb3a4e8dcc9080546bc74d922d179d186493a9af7473c42fb49ded1db.png
7987a839402379bd0d205901da7980fe1ef8ac0327968ac4b2a12841a82d1446,1,data/malware_images/images/Trickbot/7987a839402379bd0d205901da7980fe1ef8ac0327968ac4b2a12841a82d1446.png
e6738989d26e4ae7840d3b5ebe43e7e5bf3c3db651c2a4d3c529f4ba15ff9b34,1,data/malware_images/images/Gozi/e6738989d26e4ae7840d3b5ebe43e7e5bf3c3db651c2a4d3c529f4ba15ff9b34.png
e18a04ac56f30c345c2c6d38efd747e861112f41f192e72409c6e8188ae1e168,0,data/benign_staging/benign/e18a04ac56f30c345c2c6d38efd747e861112f41f192e72409c6e8188ae1e168.png
182b76c6236027029d3afd9482e5c0e4bb89116dd214c11897c56517fc25a87b,0,data/benign_staging/benign/182b76c6236027029d3afd9482e5c0e4bb89116dd214c11897c56517fc25a87b.png
fd658fd9be98ad5f4b5c87641cf5ded212b96c957c08b82c62187ada141cae02,0,data/benign_staging/benign/fd658fd9be98ad5f4b5c87641cf5ded212b96c957c08b82c62187ada141cae02.png
cf395de298de77dc2d2d32f40133f9188775eed3b4c28100b7ef0f7e704dcf1d,1,data/malware_images/images/Gozi/cf395de298de77dc2d2d32f40133f9188775eed3b4c28100b7ef0f7e704dcf1d.png
b52df0859f182ec0325472d6cf1f9a532fa52a93f391308a23b9a23be1f2ab2a,1,data/malware_images/images/GuLoader/b52df0859f182ec0325472d6cf1f9a532fa52a93f391308a23b9a23be1f2ab2a.png
c26454ae6cb15db18e5670a533734b74cee4ac57972b945b21cf6399acb564e0,0,data/benign_staging/benign/c26454ae6cb15db18e5670a533734b74cee4ac57972b945b21cf6399acb564e0.png
7712e51306847cf6ef79c8beb41cd0447396d67b6cf049e3597ac7206d26cccd,1,data/malware_images/images/njrat/7712e51306847cf6ef79c8beb41cd0447396d67b6cf049e3597ac7206d26cccd.png
b6e8d1e9d04845ba6630b2ce68d16b6e6230e3b0b3abfc915839267b891190e9,0,data/benign_staging/benign/b6e8d1e9d04845ba6630b2ce68d16b6e6230e3b0b3abfc915839267b891190e9.png
c6047de8e054e7a4819c82f3d00d576cab07778da4cc68c7d71f4d363621afd4,1,data/malware_images/images/GuLoader/c6047de8e054e7a4819c82f3d00d576cab07778da4cc68c7d71f4d363621afd4.png
c4815ead0abe44972ae918cab9b21289b29cf5d3471fe102c27e1a86601a729c,0,data/benign_staging/benign/c4815ead0abe44972ae918cab9b21289b29cf5d3471fe102c27e1a86601a729c.png
b0baf7212475b749fa3bbc7f4eff08680bf3ae5602b154510e1979b5a69ab7af,1,data/malware_images/images/IcedID/b0baf7212475b749fa3bbc7f4eff08680bf3ae5602b154510e1979b5a69ab7af.png
e55ead633fa931878050a602cf04de7e81aa0f8dc33f2cec0794afae18b9f593,0,data/benign_staging/benign/e55ead633fa931878050a602cf04de7e81aa0f8dc33f2cec0794afae18b9f593.png
25aef89003c3a48297cc4e787d63901d63cc837052ea877b48a4842011fe989d,0,data/benign_staging/benign/25aef89003c3a48297cc4e787d63901d63cc837052ea877b48a4842011fe989d.png
9c9d339a133a5a8c9e6195e3aec55d575e11c32454abba80c689cd4e44b45c3b,1,data/malware_images/images/Trickbot/9c9d339a133a5a8c9e6195e3aec55d575e11c32454abba80c689cd4e44b45c3b.png
d6a1a862f98a8d1c3f7adb5997d66acb7477ada0409cb87c7df733786905aec6,0,data/benign_staging/benign/d6a1a862f98a8d1c3f7adb5997d66acb7477ada0409cb87c7df733786905aec6.png
f1ba2f6a28cfc42798325d275981459f21f9383789f7b55d7b5d6ee556fcc803,1,data/malware_images/images/Gozi/f1ba2f6a28cfc42798325d275981459f21f9383789f7b55d7b5d6ee556fcc803.png
e8cf1f519186cd1cdd09adf606695d013945fc0f5c1c98d7f1b331aec791e6ea,0,data/benign_staging/benign/e8cf1f519186cd1cdd09adf606695d013945fc0f5c1c98d7f1b331aec791e6ea.png
ec6e61d51d70f7bca922cb25e44ffd01d06fcb5a2a00fdbb6f5ff95698f01acf,0,data/benign_staging/benign/ec6e61d51d70f7bca922cb25e44ffd01d06fcb5a2a00fdbb6f5ff95698f01acf.png
6a1778830bcad109ce603396a87af7d362b3a08ff8381989597eae6c43451018,1,data/malware_images/images/njrat/6a1778830bcad109ce603396a87af7d362b3a08ff8381989597eae6c43451018.png
d55e17a40e5ff7bccef98253e18eb518362090508ad6c1c480c3fd75a8e96cfb,1,data/malware_images/images/Trickbot/d55e17a40e5ff7bccef98253e18eb518362090508ad6c1c480c3fd75a8e96cfb.png
380bdb86abe109d4275ecd284cace3ef2565bf00b893ec53375e6f71065ba58c,1,data/malware_images/images/GuLoader/380bdb86abe109d4275ecd284cace3ef2565bf00b893ec53375e6f71065ba58c.png
fd0e889584352c3528a0170c7e2dbd8ef904befb9958bb4eeb097ece7f75b825,1,data/malware_images/images/Trickbot/fd0e889584352c3528a0170c7e2dbd8ef904befb9958bb4eeb097ece7f75b825.png
d4e983a5d00c583477898ddaca3c6271c263dcc5e5742d3ee285e8bc5297b620,0,data/benign_staging/benign/d4e983a5d00c583477898ddaca3c6271c263dcc5e5742d3ee285e8bc5297b620.png
b3c462a3a9400ab9c95cd0b55ecdffdc4f0ec4be6671c40cad29d3ebcb4d3fee,1,data/malware_images/images/njrat/b3c462a3a9400ab9c95cd0b55ecdffdc4f0ec4be6671c40cad29d3ebcb4d3fee.png
2513eb274a9507ee598af02dd9338ec08da908971a19f470d704cc3cc6234daa,0,data/benign_staging/benign/2513eb274a9507ee598af02dd9338ec08da908971a19f470d704cc3cc6234daa.png
a765bb2f074f91c0672f84d3cb6b55082eb2ae6f989c6a748222f830660af030,1,data/malware_images/images/Trickbot/a765bb2f074f91c0672f84d3cb6b55082eb2ae6f989c6a748222f830660af030.png
850338ea458409bca281997a381db5a4261a9f86226cd35e2f750272be6efe87,1,data/malware_images/images/Gozi/850338ea458409bca281997a381db5a4261a9f86226cd35e2f750272be6efe87.png
67096ab5a3f5d606442af60f846eb836bef1ab1a16df2df3d988d6c7b1253ca9,1,data/malware_images/images/njrat/67096ab5a3f5d606442af60f846eb836bef1ab1a16df2df3d988d6c7b1253ca9.png
a95efda438fdee4b4866287c2cfe9d89772a46c5d9d22377c8c63e43b2c93295,1,data/malware_images/images/IcedID/a95efda438fdee4b4866287c2cfe9d89772a46c5d9d22377c8c63e43b2c93295.png
eb1b4851deae85d520b9d225b09a3448135febe28ab26090f87fca8bbd8d47a3,0,data/benign_staging/benign/eb1b4851deae85d520b9d225b09a3448135febe28ab26090f87fca8bbd8d47a3.png
b0fedb5fc4232c07ff1161ddcc830cf11596ba2653cc7cea1d5666b4bab1f276,1,data/malware_images/images/njrat/b0fedb5fc4232c07ff1161ddcc830cf11596ba2653cc7cea1d5666b4bab1f276.png
afe0c1ba99035a3e3645ccf581bbdc3e7faf050cabd2d6d52893162ae1d11da9,0,data/benign_staging/benign/afe0c1ba99035a3e3645ccf581bbdc3e7faf050cabd2d6d52893162ae1d11da9.png
b4474985c59ab279e2dce3874f46cb2490898f841210dd0af521be446bc6f846,0,data/benign_staging/benign/b4474985c59ab279e2dce3874f46cb2490898f841210dd0af521be446bc6f846.png
fb96204df18c14ffba19f1523670f29e190fbbec6d96c0680a6c65f2239f64d1,1,data/malware_images/images/Trickbot/fb96204df18c14ffba19f1523670f29e190fbbec6d96c0680a6c65f2239f64d1.png
75195784a153205aad34eea77c000358081fd1e1c8abab6e532b2ae8e983c44b,1,data/malware_images/images/IcedID/75195784a153205aad34eea77c000358081fd1e1c8abab6e532b2ae8e983c44b.png
f5cb306ca68e4130c3bbfd4db3112488f11881e13c9e68a832f10a13ac9f2a9d,1,data/malware_images/images/Heodo/f5cb306ca68e4130c3bbfd4db3112488f11881e13c9e68a832f10a13ac9f2a9d.png
848d738d56a8b14c89c4ffea4bdba3390d70004c081785de07af4fc541f146ec,1,data/malware_images/images/njrat/848d738d56a8b14c89c4ffea4bdba3390d70004c081785de07af4fc541f146ec.png
512c9c765ebe5207bf031964ac9f27d59c23bc013ac6588e8c3e2e44bd90236c,1,data/malware_images/images/njrat/512c9c765ebe5207bf031964ac9f27d59c23bc013ac6588e8c3e2e44bd90236c.png
b0eeb379c674f6caf454b18af219a5916889a33fddf5b7826c4d981a232d043d,1,data/malware_images/images/njrat/b0eeb379c674f6caf454b18af219a5916889a33fddf5b7826c4d981a232d043d.png
1d67a78a85100f6be1da61ddf1b8945d5e3c114a61e8ac505e7a18653633c1d2,1,data/malware_images/images/GuLoader/1d67a78a85100f6be1da61ddf1b8945d5e3c114a61e8ac505e7a18653633c1d2.png
32c945767e73f0cc30430a33f72e7d4d8efe017888d86f7315144c7da37a1f39,1,data/malware_images/images/njrat/32c945767e73f0cc30430a33f72e7d4d8efe017888d86f7315144c7da37a1f39.png
b10d02956a4b7642d36d67b4d3da4e2fe5d39c80199b2f4e65b9d876aa66dd3d,0,data/benign_staging/benign/b10d02956a4b7642d36d67b4d3da4e2fe5d39c80199b2f4e65b9d876aa66dd3d.png
fc3ea3c4c622f21a81eaff120ce630f168627746643888060b9b289ea3cc8e90,0,data/benign_staging/benign/fc3ea3c4c622f21a81eaff120ce630f168627746643888060b9b289ea3cc8e90.png
d48433f1e07a229f364e0307191e45bb56ef80b0acf2ed04a3c2179607ea9bf0,0,data/benign_staging/benign/d48433f1e07a229f364e0307191e45bb56ef80b0acf2ed04a3c2179607ea9bf0.png
babc49669870a77848dfcb57d2a7f2b0be02ed36b504f7c93369d74b2b4a43a0,0,data/benign_staging/benign/babc49669870a77848dfcb57d2a7f2b0be02ed36b504f7c93369d74b2b4a43a0.png
c21982594c699fb0393d9d87dbc9ac0ffa931daaff40714f33c7fe52c8c961b2,1,data/malware_images/images/Trickbot/c21982594c699fb0393d9d87dbc9ac0ffa931daaff40714f33c7fe52c8c961b2.png
0ac67bad104f7a86865f24a3a1f1698410007aa6c4fc3fb9f2729be70f5b4862,1,data/malware_images/images/njrat/0ac67bad104f7a86865f24a3a1f1698410007aa6c4fc3fb9f2729be70f5b4862.png
c1203c04f86071ae48b679e23a4e6baadff8ce8eebf24158699474050294c137,1,data/malware_images/images/Trickbot/c1203c04f86071ae48b679e23a4e6baadff8ce8eebf24158699474050294c137.png
cc4adc09e357c101945652e77b100b46dc0e0f575073f5d2b9b0a20c959cdf8d,1,data/malware_images/images/njrat/cc4adc09e357c101945652e77b100b46dc0e0f575073f5d2b9b0a20c959cdf8d.png
97b08f4f60ee8f1c92e4a54035c365b3951809dcf3a86fb23167a36d9aa53015,1,data/malware_images/images/Gozi/97b08f4f60ee8f1c92e4a54035c365b3951809dcf3a86fb23167a36d9aa53015.png
8bd042a9cba68f9d2fb8805abf49ffc0dc989e05df78876059f671fcfd759661,1,data/malware_images/images/GuLoader/8bd042a9cba68f9d2fb8805abf49ffc0dc989e05df78876059f671fcfd759661.png
f2a200bd561eecfbfe61183d2bcb93e9e2ee5e4ecf260b1da46afb930b76cc91,1,data/malware_images/images/Gozi/f2a200bd561eecfbfe61183d2bcb93e9e2ee5e4ecf260b1da46afb930b76cc91.png
fedb54eef0fb7a61514fd4273f5f13535de1082f55bfb5f7b05a1016f495dcdb,0,data/benign_staging/benign/fedb54eef0fb7a61514fd4273f5f13535de1082f55bfb5f7b05a1016f495dcdb.png
e0e94961fc4187c3c9ffb0909e06203f31682cd3c3fb2dd0855013d601279192,0,data/benign_staging/benign/e0e94961fc4187c3c9ffb0909e06203f31682cd3c3fb2dd0855013d601279192.png
d83174e097343779fcf2a2e854bbde39563c82d467a57a56b9e23def318642b3,0,data/benign_staging/benign/d83174e097343779fcf2a2e854bbde39563c82d467a57a56b9e23def318642b3.png
ea26b6f804766362f9b799fbd280120bf984116b88200f7070da5b7bce28e841,1,data/malware_images/images/GuLoader/ea26b6f804766362f9b799fbd280120bf984116b88200f7070da5b7bce28e841.png
f1166f637c52b385c23e6a013add93be05df199a47173d6406678b2d4239654a,0,data/benign_staging/benign/f1166f637c52b385c23e6a013add93be05df199a47173d6406678b2d4239654a.png
caf68c696e8f34db1c88306da8d20fc141add8d163f64874eac3f0dea87a5514,0,data/benign_staging/benign/caf68c696e8f34db1c88306da8d20fc141add8d163f64874eac3f0dea87a5514.png
eacb41e4165edec268236859c182104743e4faa962828ad697e1aaf2111a8a64,0,data/benign_staging/benign/eacb41e4165edec268236859c182104743e4faa962828ad697e1aaf2111a8a64.png
db52146d609f4045420e9d9f72f727bc654afb27c8ab5823c356c0cca9ed4b5d,0,data/benign_staging/benign/db52146d609f4045420e9d9f72f727bc654afb27c8ab5823c356c0cca9ed4b5d.png
30e76f37938413ff5ffcd80ec35bc4ca353a64a5aa3a197a00cc23eb11ad8f8b,0,data/benign_staging/benign/30e76f37938413ff5ffcd80ec35bc4ca353a64a5aa3a197a00cc23eb11ad8f8b.png
e872ed306dfbba3554c99c1ae4ebd026f8e2a07c1e0cc3a386651152c8b1b0c4,1,data/malware_images/images/IcedID/e872ed306dfbba3554c99c1ae4ebd026f8e2a07c1e0cc3a386651152c8b1b0c4.png
6b8d1a1f785c103e2d75702c22491d1b3942878bcba7965c9f6b2ec46440726d,0,data/benign_staging/benign/6b8d1a1f785c103e2d75702c22491d1b3942878bcba7965c9f6b2ec46440726d.png
1cce529e81c7bcad2feeed7b7368092f9545339b368c26156a248b467e0f9397,1,data/malware_images/images/IcedID/1cce529e81c7bcad2feeed7b7368092f9545339b368c26156a248b467e0f9397.png
d24e899735ff5377eccdf5b3b0765b78b89183399ac855f4caf036f95c9125d0,0,data/benign_staging/benign/d24e899735ff5377eccdf5b3b0765b78b89183399ac855f4caf036f95c9125d0.png
fcecb2ff1888460d579a283841041e76db0eef0a5141e7adce9d940d257a1cbe,0,data/benign_staging/benign/fcecb2ff1888460d579a283841041e76db0eef0a5141e7adce9d940d257a1cbe.png
c2b9bbe5c3c2c0c33e7a828b3472c79921e255e3196ce3784efd007cfd7adab9,0,data/benign_staging/benign/c2b9bbe5c3c2c0c33e7a828b3472c79921e255e3196ce3784efd007cfd7adab9.png
592b3af1ca52b10e5e71d8474bd2af37f27cfa31a4332dfdc484db5bb83dce0a,1,data/malware_images/images/njrat/592b3af1ca52b10e5e71d8474bd2af37f27cfa31a4332dfdc484db5bb83dce0a.png
abfe010057a638eda064ae47f69e61917dfef096647e35c5d4a642256dd7126c,1,data/malware_images/images/GuLoader/abfe010057a638eda064ae47f69e61917dfef096647e35c5d4a642256dd7126c.png
f6c2ccebf39abce414d52901c195e9ba55f34f3e923ff47ec2f52792695e3198,0,data/benign_staging/benign/f6c2ccebf39abce414d52901c195e9ba55f34f3e923ff47ec2f52792695e3198.png
ca2ec17f9e11499f4a69b154903d618bca6ee1425aa26ea75ce61c82a06325d1,1,data/malware_images/images/Gozi/ca2ec17f9e11499f4a69b154903d618bca6ee1425aa26ea75ce61c82a06325d1.png
74ae137a2236d7dffff69f6afcce14cd18c22528d65acae35668619bc1dec33d,1,data/malware_images/images/GuLoader/74ae137a2236d7dffff69f6afcce14cd18c22528d65acae35668619bc1dec33d.png
2c46535200a9f6a3e9b5c0553cf2e94f939bf264bf3a29aa92b7c3fb13997287,1,data/malware_images/images/njrat/2c46535200a9f6a3e9b5c0553cf2e94f939bf264bf3a29aa92b7c3fb13997287.png
ceee906d0dd0f68578bd688a7a24c29d1e590b73dff93538d6143921d836a5d0,1,data/malware_images/images/Trickbot/ceee906d0dd0f68578bd688a7a24c29d1e590b73dff93538d6143921d836a5d0.png
9b6b6c9558bd4c23e93403c13cdbc120c95cf08854a04519e5c560accf164893,1,data/malware_images/images/Gozi/9b6b6c9558bd4c23e93403c13cdbc120c95cf08854a04519e5c560accf164893.png
b4484e07093bfa0f36c525955de630fb8ebf27cfc5c0c6299d9d68d399ca9dd8,0,data/benign_staging/benign/b4484e07093bfa0f36c525955de630fb8ebf27cfc5c0c6299d9d68d399ca9dd8.png
e90ed8945b8631bc7d233325a070ccfcb93a7a5066dadf45a4fd8904605e5dd1,0,data/benign_staging/benign/e90ed8945b8631bc7d233325a070ccfcb93a7a5066dadf45a4fd8904605e5dd1.png
f623cf6a86e3edef377ba6895b4fc15cbc3945c379f57b46de7ebd07c813dd3d,0,data/benign_staging/benign/f623cf6a86e3edef377ba6895b4fc15cbc3945c379f57b46de7ebd07c813dd3d.png
d69861a1d87fbc1f741e7c4b36f04573c66126ab7a820d057bc51a6534719acb,0,data/benign_staging/benign/d69861a1d87fbc1f741e7c4b36f04573c66126ab7a820d057bc51a6534719acb.png
aee8ac76d0269071bbb702bb59f37ad12f7a42844af9d9522fa39e49682c3be9,1,data/malware_images/images/njrat/aee8ac76d0269071bbb702bb59f37ad12f7a42844af9d9522fa39e49682c3be9.png
76be5dcb33c615e6bdebd2fa23235321644cd12dbe291a39ea012a7a35bd7c4e,1,data/malware_images/images/Gozi/76be5dcb33c615e6bdebd2fa23235321644cd12dbe291a39ea012a7a35bd7c4e.png
82ce1fad25ba506d8ff501b8ace7c776fa787033d6960bf267a585f009d4a1de,1,data/malware_images/images/GuLoader/82ce1fad25ba506d8ff501b8ace7c776fa787033d6960bf267a585f009d4a1de.png
435b9b9db1b24d22639c266c03b9cebb3c4a03c3137f1fbab8663e0932f1b220,1,data/malware_images/images/njrat/435b9b9db1b24d22639c266c03b9cebb3c4a03c3137f1fbab8663e0932f1b220.png
def048ea2b88099b8733f61320192cb708cedf1c5fdf9f6d9d79d51c25480d39,0,data/benign_staging/benign/def048ea2b88099b8733f61320192cb708cedf1c5fdf9f6d9d79d51c25480d39.png
283e5d0fe79022c059764ae982a27191962d0463b430ed278c0b61fac73bba9f,1,data/malware_images/images/IcedID/283e5d0fe79022c059764ae982a27191962d0463b430ed278c0b61fac73bba9f.png
4c5a4bfbd6de5221c044b95c96fabc094fd854508471f9d7cb3890853ea318c3,0,data/benign_staging/benign/4c5a4bfbd6de5221c044b95c96fabc094fd854508471f9d7cb3890853ea318c3.png
d61b30a1229479227788ba58efc2648a5faa02f522ae1d24cc9c9dc052a28945,0,data/benign_staging/benign/d61b30a1229479227788ba58efc2648a5faa02f522ae1d24cc9c9dc052a28945.png
8dede50daa346a1eaf097717e3cdd6e7ce8c8f29b02553f8958e4a1e1a907268,1,data/malware_images/images/Trickbot/8dede50daa346a1eaf097717e3cdd6e7ce8c8f29b02553f8958e4a1e1a907268.png
e374f2b103454a5a6390b275241ce3cbdc1d5c3369388ccd44e52f714609a107,0,data/benign_staging/benign/e374f2b103454a5a6390b275241ce3cbdc1d5c3369388ccd44e52f714609a107.png
fc19e41b8c3f013e6625670b5bb8d7c19b29704f58a75c3b64850ce5d351b393,0,data/benign_staging/benign/fc19e41b8c3f013e6625670b5bb8d7c19b29704f58a75c3b64850ce5d351b393.png
7889e2eddbff99578388a0f6f36c49870b921c0ba303d80dfdc56e479ba251da,1,data/malware_images/images/Trickbot/7889e2eddbff99578388a0f6f36c49870b921c0ba303d80dfdc56e479ba251da.png
ad6ffe42e13f29cb042920e67867b886fddd40cfae44b5aba4e3331a582b4a0f,1,data/malware_images/images/Trickbot/ad6ffe42e13f29cb042920e67867b886fddd40cfae44b5aba4e3331a582b4a0f.png
de378bd19d0242548481a24c71b186862de9946d33c13431314bf6596b716768,0,data/benign_staging/benign/de378bd19d0242548481a24c71b186862de9946d33c13431314bf6596b716768.png
a8d558789475077bba174dd3b42e5d120d203162bdadb62d69706d096215b036,1,data/malware_images/images/Trickbot/a8d558789475077bba174dd3b42e5d120d203162bdadb62d69706d096215b036.png
c46992815ec208b0c4107f208566dfb5720cd846e923864c22a61fc8b3e2340d,0,data/benign_staging/benign/c46992815ec208b0c4107f208566dfb5720cd846e923864c22a61fc8b3e2340d.png
9599887f65b068f4bf319e69c7c303165b40189fb4ac31f5e73d2f4133550458,1,data/malware_images/images/Trickbot/9599887f65b068f4bf319e69c7c303165b40189fb4ac31f5e73d2f4133550458.png
2d5c69fd7f9c3f732a3d49114b8612cd9177e42895c96a4503f887dc45dc0e96,1,data/malware_images/images/Heodo/2d5c69fd7f9c3f732a3d49114b8612cd9177e42895c96a4503f887dc45dc0e96.png
11b77b10208a290c4fcd159f4d59715f5d42afcd73a8c51068af115af0159bc2,1,data/malware_images/images/Trickbot/11b77b10208a290c4fcd159f4d59715f5d42afcd73a8c51068af115af0159bc2.png
d9a39b4ef451806c38101299c7ca8453a4711ce4c629666a0ae8f9cde1b87165,0,data/benign_staging/benign/d9a39b4ef451806c38101299c7ca8453a4711ce4c629666a0ae8f9cde1b87165.png
369be195ecb432eef25fb0b9df2576b69a4ac1c0ac829ec70a047108fdfc5558,1,data/malware_images/images/njrat/369be195ecb432eef25fb0b9df2576b69a4ac1c0ac829ec70a047108fdfc5558.png
de2815fe992391ea92fb6786e545852099dcae040cc4f2f4176ffaa59d02cf9d,0,data/benign_staging/benign/de2815fe992391ea92fb6786e545852099dcae040cc4f2f4176ffaa59d02cf9d.png
c1409cf7edc4ae0df90deba32e1087ec4fca5052809197edafb417a58172c0a5,0,data/benign_staging/benign/c1409cf7edc4ae0df90deba32e1087ec4fca5052809197edafb417a58172c0a5.png
88ec1f01619de1296a93e19cbdf9fd14564217fde42e396c65f278b5a0327a6d,0,data/benign_staging/benign/88ec1f01619de1296a93e19cbdf9fd14564217fde42e396c65f278b5a0327a6d.png
fd936ff1ec970becf90aaad422843e6d0f372d4c30a555974022dca31bdf4dfd,0,data/benign_staging/benign/fd936ff1ec970becf90aaad422843e6d0f372d4c30a555974022dca31bdf4dfd.png
421abf589f943503ffe093d897bbb72ba5f46cfb70fe843ae0daf76efdd00cc8,1,data/malware_images/images/Gozi/421abf589f943503ffe093d897bbb72ba5f46cfb70fe843ae0daf76efdd00cc8.png
f4af81848636522933f2b77b52ae694383a022b7039acf046f7516777d4226ca,0,data/benign_staging/benign/f4af81848636522933f2b77b52ae694383a022b7039acf046f7516777d4226ca.png
357f4028c933abe431f60fe359c0ad4a06170522bea0159d691966883fc4dd34,1,data/malware_images/images/njrat/357f4028c933abe431f60fe359c0ad4a06170522bea0159d691966883fc4dd34.png
bbf7fd726d63b469fc4304ab10071f847f5518dfe4350bbeaf19889c56a39cc0,0,data/benign_staging/benign/bbf7fd726d63b469fc4304ab10071f847f5518dfe4350bbeaf19889c56a39cc0.png
29b946238beb2a8c557a8a883b6666f3fe7314254fe61e067037d650fad88a3d,0,data/benign_staging/benign/29b946238beb2a8c557a8a883b6666f3fe7314254fe61e067037d650fad88a3d.png
4143f2475f4f5bce19ff4dbc607a4f0b54b9b31cd72d63cb54350d77cac68d54,1,data/malware_images/images/njrat/4143f2475f4f5bce19ff4dbc607a4f0b54b9b31cd72d63cb54350d77cac68d54.png
e85852b2eb1df4630498aac28227830a76f3bfb99ed15f7ecdcc9b547a34e6b4,0,data/benign_staging/benign/e85852b2eb1df4630498aac28227830a76f3bfb99ed15f7ecdcc9b547a34e6b4.png
7bdb44b6363e3b185573f4c7e08e78201174fd692f18fc2882a95f8ba455bb5e,1,data/malware_images/images/GuLoader/7bdb44b6363e3b185573f4c7e08e78201174fd692f18fc2882a95f8ba455bb5e.png
9eaf987f2790faff354c8e405d7c09946924056707d1fe81bd3ce5a2c3f0133b,0,data/benign_staging/benign/9eaf987f2790faff354c8e405d7c09946924056707d1fe81bd3ce5a2c3f0133b.png
89a1300ba96decb952bd7264d5e24f9ce3b1f34b086f63924e734e8cbf6fcfc1,1,data/malware_images/images/Trickbot/89a1300ba96decb952bd7264d5e24f9ce3b1f34b086f63924e734e8cbf6fcfc1.png
f9e63320c3a3c14847155de9abdbbf38e44866500402d8985312d92f149df23b,1,data/malware_images/images/IcedID/f9e63320c3a3c14847155de9abdbbf38e44866500402d8985312d92f149df23b.png
30a97deae099efca45eb9567e1aaef6ad7f0cab7b2513b80672afe6e1cf67189,1,data/malware_images/images/Gozi/30a97deae099efca45eb9567e1aaef6ad7f0cab7b2513b80672afe6e1cf67189.png
cd80e0f0caad04a145e8da97b4478c1d0374e2e7b7eb82471c0c2e67089d2965,0,data/benign_staging/benign/cd80e0f0caad04a145e8da97b4478c1d0374e2e7b7eb82471c0c2e67089d2965.png
a1ba253ceab7c44472bc0fa7eb3da5606a4ff15f143179747b9b36d588b7d32e,1,data/malware_images/images/Trickbot/a1ba253ceab7c44472bc0fa7eb3da5606a4ff15f143179747b9b36d588b7d32e.png
d3573e71ea72dd679c0bb999beec47a150495d6876787caa2afe615801e28583,0,data/benign_staging/benign/d3573e71ea72dd679c0bb999beec47a150495d6876787caa2afe615801e28583.png
e69402fa0f57cd843805b98c2c0a21e0fcefd2eed7975741238c97a038148ddb,0,data/benign_staging/benign/e69402fa0f57cd843805b98c2c0a21e0fcefd2eed7975741238c97a038148ddb.png
5a0f4fa2c578675590ac317e392f78abfc19577a7f8c964e708a1ad436e58a37,0,data/benign_staging/benign/5a0f4fa2c578675590ac317e392f78abfc19577a7f8c964e708a1ad436e58a37.png
eca49a13a5cbb36865e2d31adeb1344c6cd4fa72f01e46499f0f7a086bd4db38,1,data/malware_images/images/IcedID/eca49a13a5cbb36865e2d31adeb1344c6cd4fa72f01e46499f0f7a086bd4db38.png
7fee0f3adb6bb5a3ed22ad960709a87893e2512d099f6c8c39946097d9a4122b,1,data/malware_images/images/Trickbot/7fee0f3adb6bb5a3ed22ad960709a87893e2512d099f6c8c39946097d9a4122b.png
e5ea25ae9d3ced6b1fcab9b27b5933775bad6bc1a7b6cc707a2ac1dac9e0108d,1,data/malware_images/images/Trickbot/e5ea25ae9d3ced6b1fcab9b27b5933775bad6bc1a7b6cc707a2ac1dac9e0108d.png
159736558c7788b0f22c0427eaeb06b29e7d65b38a1eaee3cd7e94ecb1d308ea,1,data/malware_images/images/njrat/159736558c7788b0f22c0427eaeb06b29e7d65b38a1eaee3cd7e94ecb1d308ea.png
bd0bb23a35eaeb24dd86a89a614ac17f330a164fcb0182c4da0b191b7be3f52d,1,data/malware_images/images/IcedID/bd0bb23a35eaeb24dd86a89a614ac17f330a164fcb0182c4da0b191b7be3f52d.png
0111bddac92a792c7b2ee3ab77642c33df0e01afe737b0d1fa0cbbf331d9572c,0,data/benign_staging/benign/0111bddac92a792c7b2ee3ab77642c33df0e01afe737b0d1fa0cbbf331d9572c.png
35485f11536217e6799281d7dbd12e4986cedcde64c8081f28af3ac428bed54c,1,data/malware_images/images/IcedID/35485f11536217e6799281d7dbd12e4986cedcde64c8081f28af3ac428bed54c.png
cac92c32a3518d982a09a399e16f46823f21491afd99846185279f672a762810,0,data/benign_staging/benign/cac92c32a3518d982a09a399e16f46823f21491afd99846185279f672a762810.png
b5e354b5b86d10b98c484535b7793baa3155a52dbad075fc30c43378fc8a53df,0,data/benign_staging/benign/b5e354b5b86d10b98c484535b7793baa3155a52dbad075fc30c43378fc8a53df.png
d3492829c58aea3bef8f10ff7a75879c5c869118e172d8642d3acf00e2215943,0,data/benign_staging/benign/d3492829c58aea3bef8f10ff7a75879c5c869118e172d8642d3acf00e2215943.png
b97cc0d33b7a728206da8f7b3b46bdf383cab4999db18fb11bda86c4a16c6fa9,1,data/malware_images/images/IcedID/b97cc0d33b7a728206da8f7b3b46bdf383cab4999db18fb11bda86c4a16c6fa9.png
ba580fe43a648ad0eb64072560af770ead83d1641685e86b0eebe3f347c5e211,1,data/malware_images/images/Trickbot/ba580fe43a648ad0eb64072560af770ead83d1641685e86b0eebe3f347c5e211.png
f1af3688df11dca0ca2183ae79d65832d8fe983912ad1d2cf9f77d980c7fe7c1,0,data/benign_staging/benign/f1af3688df11dca0ca2183ae79d65832d8fe983912ad1d2cf9f77d980c7fe7c1.png
150399bdd91521ff244c8c83aa0ebede3560304bcd38a0fd21a189fa34b605da,1,data/malware_images/images/GuLoader/150399bdd91521ff244c8c83aa0ebede3560304bcd38a0fd21a189fa34b605da.png
d7e7c6bd3d53da836c3360bfc783951c67e2b5465767d2ac3124cc80f41135f2,0,data/benign_staging/benign/d7e7c6bd3d53da836c3360bfc783951c67e2b5465767d2ac3124cc80f41135f2.png
4d7f16cac6bc857152ca90ddc2758d302b4b29a5a15ec2548e49a45918d4202e,1,data/malware_images/images/GuLoader/4d7f16cac6bc857152ca90ddc2758d302b4b29a5a15ec2548e49a45918d4202e.png
1d916a05e07aa61bb84504cd7cf70e920549dde98a3eafebfde3e13d3137df24,1,data/malware_images/images/IcedID/1d916a05e07aa61bb84504cd7cf70e920549dde98a3eafebfde3e13d3137df24.png
ecc0342d88282fb61461578319d625994795227c7a2be0d7c764d960683a3219,0,data/benign_staging/benign/ecc0342d88282fb61461578319d625994795227c7a2be0d7c764d960683a3219.png
394ecd747f9b75d73b9d9fb0e393c754ce030e1cccf6c2544fd6eb54578cd517,1,data/malware_images/images/Gozi/394ecd747f9b75d73b9d9fb0e393c754ce030e1cccf6c2544fd6eb54578cd517.png
fc59fd1d854da45e559142b17a8d19f7918537066878f9609e2f76f61bef227f,0,data/benign_staging/benign/fc59fd1d854da45e559142b17a8d19f7918537066878f9609e2f76f61bef227f.png
8eaf366ba4b2ee3a317823830595b76da50973e643f4ae575304f898668371b2,1,data/malware_images/images/Gozi/8eaf366ba4b2ee3a317823830595b76da50973e643f4ae575304f898668371b2.png
01fce81c7d715addd1adc2af45bd7a90e1e34b4f2e6748bb545f9a4606ee71c9,1,data/malware_images/images/Trickbot/01fce81c7d715addd1adc2af45bd7a90e1e34b4f2e6748bb545f9a4606ee71c9.png
fc01b11675fecda6b27663bb04eb170b5cdedb8c54d7e515e27dc82a1c8e817d,0,data/benign_staging/benign/fc01b11675fecda6b27663bb04eb170b5cdedb8c54d7e515e27dc82a1c8e817d.png
b510c1781eb410e554f2833d4b6e44d1297d280e8a52cb9f4ee75ecc038426ab,1,data/malware_images/images/GuLoader/b510c1781eb410e554f2833d4b6e44d1297d280e8a52cb9f4ee75ecc038426ab.png
f5b6677732f54f712963a2b90224cb5f645b42befa517495800470d59a9a69dd,1,data/malware_images/images/Gozi/f5b6677732f54f712963a2b90224cb5f645b42befa517495800470d59a9a69dd.png
05e88f52a5ac42c04d7824dbda4fee1a939614d03eee680ed5ca0edfe11e3f38,1,data/malware_images/images/Trickbot/05e88f52a5ac42c04d7824dbda4fee1a939614d03eee680ed5ca0edfe11e3f38.png
ba24a52cfa37463382b9555d1ed52a21c1212635fc062a4f7a33c799b7277b87,0,data/benign_staging/benign/ba24a52cfa37463382b9555d1ed52a21c1212635fc062a4f7a33c799b7277b87.png
ef1783deb71c1ddaea944cc964c17fddb6486af0b3aaff5a10d7110d9aaf5aed,0,data/benign_staging/benign/ef1783deb71c1ddaea944cc964c17fddb6486af0b3aaff5a10d7110d9aaf5aed.png
ec976c513fa051ddd7159c0d16d1f45bcae264d43becf36f7b1cd2a5562837f9,0,data/benign_staging/benign/ec976c513fa051ddd7159c0d16d1f45bcae264d43becf36f7b1cd2a5562837f9.png
4fd44c14f70e10d4d8b5e592ea37bcdb269d1d8aaf160724bca9e97ca11f859a,1,data/malware_images/images/Gozi/4fd44c14f70e10d4d8b5e592ea37bcdb269d1d8aaf160724bca9e97ca11f859a.png
c67727c5fb909ebb2ab29a0c7430e68f5f11182a641fba8a850766ac370c3d6e,0,data/benign_staging/benign/c67727c5fb909ebb2ab29a0c7430e68f5f11182a641fba8a850766ac370c3d6e.png
c5036edef12302796a03515e216497ceb804268ecf6b6235f7384e636488d8d9,0,data/benign_staging/benign/c5036edef12302796a03515e216497ceb804268ecf6b6235f7384e636488d8d9.png
fdf7fc5c647ddb84ce2d1718e06ce25404c3ea4efa7717d03db3295c3fa7ea93,0,data/benign_staging/benign/fdf7fc5c647ddb84ce2d1718e06ce25404c3ea4efa7717d03db3295c3fa7ea93.png
e7757a96c99928e9038579f214aa54f17162ec50ca1c5901040134b74f6606c1,1,data/malware_images/images/Trickbot/e7757a96c99928e9038579f214aa54f17162ec50ca1c5901040134b74f6606c1.png
a7faad48aa61bdc6c83f96af2bc7d10aa18cf189249b0eb2750515196c6907e4,1,data/malware_images/images/Trickbot/a7faad48aa61bdc6c83f96af2bc7d10aa18cf189249b0eb2750515196c6907e4.png
ffb62c877cee70285fc4d03b314177f2cc06cffd12057783b780f5557d35f381,1,data/malware_images/images/Gozi/ffb62c877cee70285fc4d03b314177f2cc06cffd12057783b780f5557d35f381.png
ccae475b281127a3280a51906a2ab50248c8b7f75c34e93c5bd62ccc0fded850,1,data/malware_images/images/njrat/ccae475b281127a3280a51906a2ab50248c8b7f75c34e93c5bd62ccc0fded850.png
d8cfadf8ca1db786c57c54700fc6cdf98710b779fd4bd4b904dea19e9882c297,1,data/malware_images/images/njrat/d8cfadf8ca1db786c57c54700fc6cdf98710b779fd4bd4b904dea19e9882c297.png
bfe5ccea5326a7fd4fb331ac469987a9c4f2266ff5573ebf85b23d0e749c55be,0,data/benign_staging/benign/bfe5ccea5326a7fd4fb331ac469987a9c4f2266ff5573ebf85b23d0e749c55be.png
0bdf73d9c4ca164ebe1d178505cf34f0630fce85d4d130eb56bfa9d7f8ab328a,1,data/malware_images/images/njrat/0bdf73d9c4ca164ebe1d178505cf34f0630fce85d4d130eb56bfa9d7f8ab328a.png
e49d5c2351061c1b7e0caeada1ff5556dc13d2d00c4be6df254c80b06e736268,0,data/benign_staging/benign/e49d5c2351061c1b7e0caeada1ff5556dc13d2d00c4be6df254c80b06e736268.png
1986c75fbb5e4ef5b91fc81150a90edc20b1aa7c8e1d9643398f90a96ce13a6c,1,data/malware_images/images/njrat/1986c75fbb5e4ef5b91fc81150a90edc20b1aa7c8e1d9643398f90a96ce13a6c.png
e4f239a82db383e571446b8f7fe3561342a3a3887d1b187ce389301d0457bba1,0,data/benign_staging/benign/e4f239a82db383e571446b8f7fe3561342a3a3887d1b187ce389301d0457bba1.png
7c07d2635d9b56f9b9a2d29b0f2f9ccb44f04d3ab21bb2c69dcc52074fbd8912,1,data/malware_images/images/Heodo/7c07d2635d9b56f9b9a2d29b0f2f9ccb44f04d3ab21bb2c69dcc52074fbd8912.png
a62d2a1314e1528fecbdce2a7aee197b360bf686e87e30172d8e2cac708c8e50,1,data/malware_images/images/Heodo/a62d2a1314e1528fecbdce2a7aee197b360bf686e87e30172d8e2cac708c8e50.png
de35794da189fb4c00627c8713f075a479dcd5ad114c73cf4c55f722db03d838,0,data/benign_staging/benign/de35794da189fb4c00627c8713f075a479dcd5ad114c73cf4c55f722db03d838.png
ec239cea89c5def6ff25870f9bf97dda8bef7af85c9c4bfe5fb3cc9d8ab75f6a,1,data/malware_images/images/njrat/ec239cea89c5def6ff25870f9bf97dda8bef7af85c9c4bfe5fb3cc9d8ab75f6a.png
bf0879424b60b366a6575a3c3ff167ecdf62ee79500e6143a2bc806e7a3a739d,0,data/benign_staging/benign/bf0879424b60b366a6575a3c3ff167ecdf62ee79500e6143a2bc806e7a3a739d.png
62a0875b5f703693a9987c0bdca2e4c72d755671568125c041b0aeba7329b609,1,data/malware_images/images/GuLoader/62a0875b5f703693a9987c0bdca2e4c72d755671568125c041b0aeba7329b609.png
5d2df623c089609e8bb59804668268c493c3397eaa89c9f5a7eb8de0996ddec4,1,data/malware_images/images/Gozi/5d2df623c089609e8bb59804668268c493c3397eaa89c9f5a7eb8de0996ddec4.png
0cdf3896e76bdc3e5ecd7938c3d5040bc95e113eab9bb47f1664016d88f0b905,1,data/malware_images/images/Trickbot/0cdf3896e76bdc3e5ecd7938c3d5040bc95e113eab9bb47f1664016d88f0b905.png
f21183d498197f0576f8d00f001ccd13cc14631d37acd2e54933fedbc36e47a4,1,data/malware_images/images/njrat/f21183d498197f0576f8d00f001ccd13cc14631d37acd2e54933fedbc36e47a4.png
20e3dc90a3e83b6202e2a7f4603b60e5e859639cb68693426c400b13aaeabd78,0,data/benign_staging/benign/20e3dc90a3e83b6202e2a7f4603b60e5e859639cb68693426c400b13aaeabd78.png
9d43d10209e444403497c7c5d1772df5be9a7ef474989d5eaee7e0719d000126,1,data/malware_images/images/njrat/9d43d10209e444403497c7c5d1772df5be9a7ef474989d5eaee7e0719d000126.png
b12f546989ee80b0f657f8a784a6523cd959239f06b4eb13f02ddde3e039f517,0,data/benign_staging/benign/b12f546989ee80b0f657f8a784a6523cd959239f06b4eb13f02ddde3e039f517.png
a299a3d1d838adc37ea985039650b7b32428d3787a0b7e31feeafcb831eb984d,1,data/malware_images/images/IcedID/a299a3d1d838adc37ea985039650b7b32428d3787a0b7e31feeafcb831eb984d.png
f3f00ac977254fe518968e6716683188f65cae7733ac0b8ba3e19171b8f4ccf9,0,data/benign_staging/benign/f3f00ac977254fe518968e6716683188f65cae7733ac0b8ba3e19171b8f4ccf9.png
c2216d61ece97932200a484c83de6028b927a4a1563810269434403edf2b90c9,0,data/benign_staging/benign/c2216d61ece97932200a484c83de6028b927a4a1563810269434403edf2b90c9.png
fd7d0de65de8c837b3f27277dfb88e1db87d3da321fb530117dca26476aba808,0,data/benign_staging/benign/fd7d0de65de8c837b3f27277dfb88e1db87d3da321fb530117dca26476aba808.png
5112e544f111c19b23db7a28daef2dc497b0611009f5f1ee9d82634a43e5aa3c,1,data/malware_images/images/Gozi/5112e544f111c19b23db7a28daef2dc497b0611009f5f1ee9d82634a43e5aa3c.png
341f33c1103bf6340261fe146a5bded870d67a30e6a55ad9ef503fad17f33e60,1,data/malware_images/images/GuLoader/341f33c1103bf6340261fe146a5bded870d67a30e6a55ad9ef503fad17f33e60.png
f767ceb4f504e09c9dbcd25d644369b7f485ebf3f2d41c08c7fb1b56bd9a9415,0,data/benign_staging/benign/f767ceb4f504e09c9dbcd25d644369b7f485ebf3f2d41c08c7fb1b56bd9a9415.png
cf79ef74ffd6b323f0f26ffae4b7898d0d226d83de7cf4c5fd2930b9b8ea5b89,0,data/benign_staging/benign/cf79ef74ffd6b323f0f26ffae4b7898d0d226d83de7cf4c5fd2930b9b8ea5b89.png
6d8fa81fbd3e9d4f19b38abda371fc86531265da23b34691b4e5da73437d7e2a,1,data/malware_images/images/Heodo/6d8fa81fbd3e9d4f19b38abda371fc86531265da23b34691b4e5da73437d7e2a.png
5fe2ac2999b23affe2a04f3951f98d784975316b155c8caec4578198988bccd0,1,data/malware_images/images/njrat/5fe2ac2999b23affe2a04f3951f98d784975316b155c8caec4578198988bccd0.png
0dd503759a2e0b3c2cf8568ae463ea7ad13abd9a80f387df762a7fa63edd5166,0,data/benign_staging/benign/0dd503759a2e0b3c2cf8568ae463ea7ad13abd9a80f387df762a7fa63edd5166.png
f1242979553b98e1f1e37c51b6f5c2f898299f7d863a26344237b7b3cfad69bd,0,data/benign_staging/benign/f1242979553b98e1f1e37c51b6f5c2f898299f7d863a26344237b7b3cfad69bd.png
c6b7b2ad7742dde5dd8d1a35fdc1c185e586e551ad9c74d3fb21759cd8ca4da8,0,data/benign_staging/benign/c6b7b2ad7742dde5dd8d1a35fdc1c185e586e551ad9c74d3fb21759cd8ca4da8.png
52def964142be6891054d2f95256a3b05d66887964fcd66b34abfe32477e8965,0,data/benign_staging/benign/52def964142be6891054d2f95256a3b05d66887964fcd66b34abfe32477e8965.png
ba6ac1b3156d4793cceb8c763b868e162e316b2c082e8daad97665de494f5a06,0,data/benign_staging/benign/ba6ac1b3156d4793cceb8c763b868e162e316b2c082e8daad97665de494f5a06.png
f77bab6952ca835a5708a5036862845e3f6b219a86be3d3f93bbdbe2b426109f,1,data/malware_images/images/njrat/f77bab6952ca835a5708a5036862845e3f6b219a86be3d3f93bbdbe2b426109f.png
4bbd4db544dc9fc6600c983bba42b07f3e9ada5501f2ec0d011c04c065f3eb41,0,data/benign_staging/benign/4bbd4db544dc9fc6600c983bba42b07f3e9ada5501f2ec0d011c04c065f3eb41.png
d668507f0b317e4166ed3e7a26c4bfb27baf44682c5fa15c7b5e5e83c4cdf9eb,0,data/benign_staging/benign/d668507f0b317e4166ed3e7a26c4bfb27baf44682c5fa15c7b5e5e83c4cdf9eb.png
b61a3bd19338f75abef883834c0a332c862d9dee1381ac53b0d1dd9b6accab4a,0,data/benign_staging/benign/b61a3bd19338f75abef883834c0a332c862d9dee1381ac53b0d1dd9b6accab4a.png
80e880dcf8a52f2497c60b044c128c3bc3b535c470e18116ae67714a19ef06a4,1,data/malware_images/images/Gozi/80e880dcf8a52f2497c60b044c128c3bc3b535c470e18116ae67714a19ef06a4.png
c4956b034fc028939bf606cdcd2ff7f8468c4be701291f879b18b755a2ea1139,1,data/malware_images/images/Gozi/c4956b034fc028939bf606cdcd2ff7f8468c4be701291f879b18b755a2ea1139.png
e8b052d54054de4dba92a5389bddc0ee47d909ffe49f038e8db669796603cb96,1,data/malware_images/images/njrat/e8b052d54054de4dba92a5389bddc0ee47d909ffe49f038e8db669796603cb96.png
4ab3a87ca85e4e4597f81bad03d9aa6ab3d59d04cdf39c0ca791b8d0c6d10212,0,data/benign_staging/benign/4ab3a87ca85e4e4597f81bad03d9aa6ab3d59d04cdf39c0ca791b8d0c6d10212.png
b25ec2affbefc2b2009502f7445625df9e8aeb16c3e56e4c816946049396c320,0,data/benign_staging/benign/b25ec2affbefc2b2009502f7445625df9e8aeb16c3e56e4c816946049396c320.png
343c0764df76f631702dfd15c52004e65792a1e033f5ae2c8925f35301364a64,0,data/benign_staging/benign/343c0764df76f631702dfd15c52004e65792a1e033f5ae2c8925f35301364a64.png
600282ce6e415230e77b62560d739715f69bbdf6ef5a0b15d923fab32f7a792e,1,data/malware_images/images/Gozi/600282ce6e415230e77b62560d739715f69bbdf6ef5a0b15d923fab32f7a792e.png
d63e3e64001167088ec8ff58ca3a36b2d6bd91e913cdad6e76211f977166b806,0,data/benign_staging/benign/d63e3e64001167088ec8ff58ca3a36b2d6bd91e913cdad6e76211f977166b806.png
06aa2be26b63da14a4f8656bb8b3c7b702c87bba991996d6ea37170414bcb608,1,data/malware_images/images/Trickbot/06aa2be26b63da14a4f8656bb8b3c7b702c87bba991996d6ea37170414bcb608.png
89518688079c340bf998dd98e1e1126f4d6e0f12004ec86e59ecbe03df1af648,0,data/benign_staging/benign/89518688079c340bf998dd98e1e1126f4d6e0f12004ec86e59ecbe03df1af648.png
c66ffecf95a3925512ce848dc3226a48d2a4da5a478e56b2c047a9030c2a778c,0,data/benign_staging/benign/c66ffecf95a3925512ce848dc3226a48d2a4da5a478e56b2c047a9030c2a778c.png
da9672275e3bd304a795e908d5cf024c2dee08bda1a081f049151adbb7285d6f,0,data/benign_staging/benign/da9672275e3bd304a795e908d5cf024c2dee08bda1a081f049151adbb7285d6f.png
7533b137d5c64cb21efd3fdb1c7b589b1616a1019b619f2d68ebdaa5e85245d1,1,data/malware_images/images/Gozi/7533b137d5c64cb21efd3fdb1c7b589b1616a1019b619f2d68ebdaa5e85245d1.png
d73a4b780ce969ae7256258aafcf0ef472b6afb8ea3b527ce38cf686a479570d,1,data/malware_images/images/Trickbot/d73a4b780ce969ae7256258aafcf0ef472b6afb8ea3b527ce38cf686a479570d.png
c37b69774a41b1c0dd07bcfe18a547b35bbdab5fcae07d3d2a4991436edc2d19,0,data/benign_staging/benign/c37b69774a41b1c0dd07bcfe18a547b35bbdab5fcae07d3d2a4991436edc2d19.png
f0e3eaa63e7951c37ad7147a63c35b1372b54dd8654abae42c607b65eae18ea2,1,data/malware_images/images/Trickbot/f0e3eaa63e7951c37ad7147a63c35b1372b54dd8654abae42c607b65eae18ea2.png
289dc3caa29f5df0ba412aa2f96816d35858b5117afb7fb5e7a905aef7577b96,1,data/malware_images/images/njrat/289dc3caa29f5df0ba412aa2f96816d35858b5117afb7fb5e7a905aef7577b96.png
fcd85ad647f97a9c79afab26f46ce4190220cd047c3792b1d5c2d43cc48ec3ad,1,data/malware_images/images/Trickbot/fcd85ad647f97a9c79afab26f46ce4190220cd047c3792b1d5c2d43cc48ec3ad.png
b0e6abdfa45c97cf45905a5a868cc97eb7a70b991694266c8ee90f906ddd3c51,0,data/benign_staging/benign/b0e6abdfa45c97cf45905a5a868cc97eb7a70b991694266c8ee90f906ddd3c51.png
3e19ed4f33254b7401b94a47e9a01a84990d22f76b6a31781d594d5c283adac9,1,data/malware_images/images/Trickbot/3e19ed4f33254b7401b94a47e9a01a84990d22f76b6a31781d594d5c283adac9.png
9119e96849154abb464282105df1fe637370bc35c695a5c19453b12ca57c03ba,1,data/malware_images/images/Trickbot/9119e96849154abb464282105df1fe637370bc35c695a5c19453b12ca57c03ba.png
fb4558e52c5929ce7841254db628991c0bdf1d70063e6aedb3dcd144e17c1638,0,data/benign_staging/benign/fb4558e52c5929ce7841254db628991c0bdf1d70063e6aedb3dcd144e17c1638.png
4d0dfe01c27dfd2c35464a3f435cfb4cad6e996d6fc407cc8f10fc0b3d0692fe,1,data/malware_images/images/GuLoader/4d0dfe01c27dfd2c35464a3f435cfb4cad6e996d6fc407cc8f10fc0b3d0692fe.png
c2a89ad45cb8155c18ddea788ecbc9ba9643ecd4e93e9711a736af4a52091632,1,data/malware_images/images/GuLoader/c2a89ad45cb8155c18ddea788ecbc9ba9643ecd4e93e9711a736af4a52091632.png
ab138bbc4c50028ba5fcb2f2fb9dd1907647c1503eefebf01ad0fbb2f8d92fb1,1,data/malware_images/images/GuLoader/ab138bbc4c50028ba5fcb2f2fb9dd1907647c1503eefebf01ad0fbb2f8d92fb1.png
1c399464c1dfff7df5dafa9482398c3b1753b788319cbdb73e29d2e7ae9f84a7,1,data/malware_images/images/Heodo/1c399464c1dfff7df5dafa9482398c3b1753b788319cbdb73e29d2e7ae9f84a7.png
be22bc542d7278e717988bf470bed39ac0ab91b659c77deaa85cb0b216d89a59,1,data/malware_images/images/njrat/be22bc542d7278e717988bf470bed39ac0ab91b659c77deaa85cb0b216d89a59.png
9d0244388f9be34d9744026174232021cfffe7b186d78af12bb9955d704e3eff,1,data/malware_images/images/Heodo/9d0244388f9be34d9744026174232021cfffe7b186d78af12bb9955d704e3eff.png
fef819621fc6251bccfa6d776e65689731b5c08dd2b42bb4f4f2216fd2d48961,1,data/malware_images/images/Gozi/fef819621fc6251bccfa6d776e65689731b5c08dd2b42bb4f4f2216fd2d48961.png
ea8349e434a96a8e1170d19473039935161a794e94779fa23510df52e3a8112c,0,data/benign_staging/benign/ea8349e434a96a8e1170d19473039935161a794e94779fa23510df52e3a8112c.png
a62b3eee50f4a13c51ead571ac9707f74f38b5ba2b68eaead7f08f933bc97a2a,1,data/malware_images/images/Trickbot/a62b3eee50f4a13c51ead571ac9707f74f38b5ba2b68eaead7f08f933bc97a2a.png
ff5a2dbce101f73a5e6add762ffcbf6f69f6c24e36566c0ec7d75b32ea269f32,1,data/malware_images/images/Heodo/ff5a2dbce101f73a5e6add762ffcbf6f69f6c24e36566c0ec7d75b32ea269f32.png
4ca57f999acfb7672f7fd45610874ab3cfb0ac8dd5e6d56b40de6c1234fedafe,1,data/malware_images/images/Heodo/4ca57f999acfb7672f7fd45610874ab3cfb0ac8dd5e6d56b40de6c1234fedafe.png
f3254ef376c7d0e0b94ad99a6f87e7a3e48b0028fb2d200cbea883bdb4292017,1,data/malware_images/images/Trickbot/f3254ef376c7d0e0b94ad99a6f87e7a3e48b0028fb2d200cbea883bdb4292017.png
5dd34b2c605f7ac6c5e808c211ee4f69cf9ec419a2fcb13ef6ea79f768683633,1,data/malware_images/images/Gozi/5dd34b2c605f7ac6c5e808c211ee4f69cf9ec419a2fcb13ef6ea79f768683633.png
2ac38cff5b9d784f8e68cdefcc4252218e90abef23263a8b86a707d3bc518291,1,data/malware_images/images/GuLoader/2ac38cff5b9d784f8e68cdefcc4252218e90abef23263a8b86a707d3bc518291.png
1182e417e75df1857f7939241cb5783d8071265fb0feb24b683916e4c26e7478,1,data/malware_images/images/Gozi/1182e417e75df1857f7939241cb5783d8071265fb0feb24b683916e4c26e7478.png
d1b654af18026bbaed8722177270e3f3ebb5634287c71962971c73af297f3a8a,0,data/benign_staging/benign/d1b654af18026bbaed8722177270e3f3ebb5634287c71962971c73af297f3a8a.png
58b5e00312deee5474cf42f0c86664254ae7123055219c342a80ab5754e48bf6,0,data/benign_staging/benign/58b5e00312deee5474cf42f0c86664254ae7123055219c342a80ab5754e48bf6.png
f7ad5665cba096af3d6f6ede5ec1fac9f5786c583e6147b4d0dc1867e83145c7,0,data/benign_staging/benign/f7ad5665cba096af3d6f6ede5ec1fac9f5786c583e6147b4d0dc1867e83145c7.png
0cfb7bcb7fec9c1387f38ecd7ebb9456ff4a1d797d0edfb3b467ff9a7661d8ed,1,data/malware_images/images/GuLoader/0cfb7bcb7fec9c1387f38ecd7ebb9456ff4a1d797d0edfb3b467ff9a7661d8ed.png
e506c184b3ffd2eced0869dd2512d3ba8639c3593436c7d66a293aa72ad454f4,0,data/benign_staging/benign/e506c184b3ffd2eced0869dd2512d3ba8639c3593436c7d66a293aa72ad454f4.png
ca6710ac624c4badd89606d2d46270b68a494b9778a109477955f6403d77493e,0,data/benign_staging/benign/ca6710ac624c4badd89606d2d46270b68a494b9778a109477955f6403d77493e.png
8cfb55087fa8e4c1e7bcc580d767cf2c884c1b8c890ad240c1e7009810af6736,0,data/benign_staging/benign/8cfb55087fa8e4c1e7bcc580d767cf2c884c1b8c890ad240c1e7009810af6736.png
773db63cdf78ec25bbc40b79ce96f2400f4b088cc620d761482e87a377eb2288,1,data/malware_images/images/IcedID/773db63cdf78ec25bbc40b79ce96f2400f4b088cc620d761482e87a377eb2288.png
83e9076753760835170cb3a4cbab7a3d8f72c458ccfc4e292f6927fd0f231d3e,1,data/malware_images/images/Trickbot/83e9076753760835170cb3a4cbab7a3d8f72c458ccfc4e292f6927fd0f231d3e.png
bcde359f5ce2c1009317bb2aea2622b7c20907a93b554b0bedba074f0554f3ae,1,data/malware_images/images/Trickbot/bcde359f5ce2c1009317bb2aea2622b7c20907a93b554b0bedba074f0554f3ae.png
83456f70dec6de88075e8f81f212d4d0798f3dd42e37838c6d824cfd5bf2fa67,1,data/malware_images/images/njrat/83456f70dec6de88075e8f81f212d4d0798f3dd42e37838c6d824cfd5bf2fa67.png
ff8bc34aabcf8bcf592125f4fd0b53e0847236fedd6617cfeaf710f0b9c555ca,0,data/benign_staging/benign/ff8bc34aabcf8bcf592125f4fd0b53e0847236fedd6617cfeaf710f0b9c555ca.png
afbd71226677a342f833efd0f196fffcf6cf6d6a41580439382efb242b4857d8,0,data/benign_staging/benign/afbd71226677a342f833efd0f196fffcf6cf6d6a41580439382efb242b4857d8.png
e345b30c097d70ff6e34273072a991e7d725349f09668bd362a1edbac5792051,1,data/malware_images/images/IcedID/e345b30c097d70ff6e34273072a991e7d725349f09668bd362a1edbac5792051.png
e3e11d2652df1918a069b0f774b70b4782236c7928dcd9c12b8f1a0caf86228c,1,data/malware_images/images/Gozi/e3e11d2652df1918a069b0f774b70b4782236c7928dcd9c12b8f1a0caf86228c.png
e9933e63533f7db1fa81927996cea1fb87f66e26613502852f5135bc91c6daf2,0,data/benign_staging/benign/e9933e63533f7db1fa81927996cea1fb87f66e26613502852f5135bc91c6daf2.png
c4750afb248bf939dd8f01b4ea61e4039fb7a9436d81d8f455ddced36fdc7f7f,0,data/benign_staging/benign/c4750afb248bf939dd8f01b4ea61e4039fb7a9436d81d8f455ddced36fdc7f7f.png
ece97f480fce1e32e1e15d6744cc1d8c1893402fa08e53261b44a0e25690ab4e,0,data/benign_staging/benign/ece97f480fce1e32e1e15d6744cc1d8c1893402fa08e53261b44a0e25690ab4e.png
f1a3370893c7b1123dbc013155b39108571cc2aca7f07d48b92c98398f9c94b1,0,data/benign_staging/benign/f1a3370893c7b1123dbc013155b39108571cc2aca7f07d48b92c98398f9c94b1.png
e1ca92f167958bdb38c70cd2dbc53303873db01cb6220eb7d4eda5ec46e7e831,0,data/benign_staging/benign/e1ca92f167958bdb38c70cd2dbc53303873db01cb6220eb7d4eda5ec46e7e831.png
87902fd490b189d4ceb81a430fd47d852bf503f373c6ff3caa70a80a9c7d56c6,1,data/malware_images/images/njrat/87902fd490b189d4ceb81a430fd47d852bf503f373c6ff3caa70a80a9c7d56c6.png
dc1df51abc40692856ba7e784f515ebd9d68f952ed064c41fecce0733e1934b5,0,data/benign_staging/benign/dc1df51abc40692856ba7e784f515ebd9d68f952ed064c41fecce0733e1934b5.png
a517b06278eb35fff61c5cded34ecf7cd8f2a1de1d5e1e78f162deafd585c1f8,1,data/malware_images/images/njrat/a517b06278eb35fff61c5cded34ecf7cd8f2a1de1d5e1e78f162deafd585c1f8.png
b9bb5bcde6fa0d3012e8e9a95d0149af9eefd1367d0fa509494e4247e6ea07c7,0,data/benign_staging/benign/b9bb5bcde6fa0d3012e8e9a95d0149af9eefd1367d0fa509494e4247e6ea07c7.png
93deed90b01bd25c1bb47b2187e02cae7cd442a425b60a631a3e7dcb4b07d52e,1,data/malware_images/images/Gozi/93deed90b01bd25c1bb47b2187e02cae7cd442a425b60a631a3e7dcb4b07d52e.png
fbcae980f2d759f55d105a997718bed1049673ea29c26095686d707d65a0ab5e,1,data/malware_images/images/Heodo/fbcae980f2d759f55d105a997718bed1049673ea29c26095686d707d65a0ab5e.png
bf0e887d0057745b2bd3225f74d50545a38c94b7e7f3fd96d7ad24ee1146f2de,0,data/benign_staging/benign/bf0e887d0057745b2bd3225f74d50545a38c94b7e7f3fd96d7ad24ee1146f2de.png
f4b4749dc262e2530af172163806631ef2de1da5d0362892261555d0fdfbbb15,0,data/benign_staging/benign/f4b4749dc262e2530af172163806631ef2de1da5d0362892261555d0fdfbbb15.png
b2984baf48fd5bf12e74a6178e67a4d060c7a665382085bfaea33e9260b5fbde,1,data/malware_images/images/njrat/b2984baf48fd5bf12e74a6178e67a4d060c7a665382085bfaea33e9260b5fbde.png
ed8447552d8a45783acf19ca3fe180c10628ea6846d65cd3e8dadb63d9028469,0,data/benign_staging/benign/ed8447552d8a45783acf19ca3fe180c10628ea6846d65cd3e8dadb63d9028469.png
eee3532d5338d41ce8e847612f96fe21321663da856c2de2a45cfdafbb27ba71,0,data/benign_staging/benign/eee3532d5338d41ce8e847612f96fe21321663da856c2de2a45cfdafbb27ba71.png
ae4ae1071a58c4748e9238e4285483537c3369ca87fceba17e617c27f6146e51,1,data/malware_images/images/Trickbot/ae4ae1071a58c4748e9238e4285483537c3369ca87fceba17e617c27f6146e51.png
f3c2e067fe2f4a821029b9685ab6cbef58d89d9c4e7e1fc464b710e756b4c5cd,1,data/malware_images/images/Gozi/f3c2e067fe2f4a821029b9685ab6cbef58d89d9c4e7e1fc464b710e756b4c5cd.png
07615d1ba250df0b9c8772c31ec13e14b304d62ebe6258e6ae085cd8d3bacdb4,0,data/benign_staging/benign/07615d1ba250df0b9c8772c31ec13e14b304d62ebe6258e6ae085cd8d3bacdb4.png
7fbdca56ddc65972ff22388b31d87a3fc2da0b0ca44cfbcab3467e54a6fbdc30,0,data/benign_staging/benign/7fbdca56ddc65972ff22388b31d87a3fc2da0b0ca44cfbcab3467e54a6fbdc30.png
d3457699707a2d1122e9fe030ce826715391f92f4b6147eec518efad0e4ae1f7,0,data/benign_staging/benign/d3457699707a2d1122e9fe030ce826715391f92f4b6147eec518efad0e4ae1f7.png
bc0a12128cb3879cb2e685e9da8cb866758ec79d0dec88127410ecf5283db865,1,data/malware_images/images/IcedID/bc0a12128cb3879cb2e685e9da8cb866758ec79d0dec88127410ecf5283db865.png
554eca6d0a016fdedd8fd51175f2117038059bf0431925161c2c64f50abbfa80,1,data/malware_images/images/GuLoader/554eca6d0a016fdedd8fd51175f2117038059bf0431925161c2c64f50abbfa80.png
cc64c4d22b467885c4f84ddb2c8d23d77da7022a0e89d38609c905ea31c50c1c,0,data/benign_staging/benign/cc64c4d22b467885c4f84ddb2c8d23d77da7022a0e89d38609c905ea31c50c1c.png
8c3f76c2e9ee36bffbbdd67dfbb67c5823051f42f4cd3f2ce47771e28973790b,0,data/benign_staging/benign/8c3f76c2e9ee36bffbbdd67dfbb67c5823051f42f4cd3f2ce47771e28973790b.png
3d1ac5f16b486805bfea6e9152cc60251b7e8f4a8580187afef978347e523f46,0,data/benign_staging/benign/3d1ac5f16b486805bfea6e9152cc60251b7e8f4a8580187afef978347e523f46.png
deb96a76c4d9b93096dbce2ba182c63829454e8fda95a8d01098ecd7fabee640,0,data/benign_staging/benign/deb96a76c4d9b93096dbce2ba182c63829454e8fda95a8d01098ecd7fabee640.png
14289a315a569b4da9a5388709cda25f8754a818a6bd8bb66e7969e0ff10b572,1,data/malware_images/images/njrat/14289a315a569b4da9a5388709cda25f8754a818a6bd8bb66e7969e0ff10b572.png
b5bcd214ffb057a52e6f999139687d1ed25665e1829ebc8be29f049380260d17,0,data/benign_staging/benign/b5bcd214ffb057a52e6f999139687d1ed25665e1829ebc8be29f049380260d17.png
ecfe29ac7905d40cd43e79c1ade25e12c3d01827a49f4a6a7abbea2b65eae839,1,data/malware_images/images/IcedID/ecfe29ac7905d40cd43e79c1ade25e12c3d01827a49f4a6a7abbea2b65eae839.png
4f6b4aee23bbfae817a548ef9d8697c721107bec33b303b22ebea36fd65c663a,0,data/benign_staging/benign/4f6b4aee23bbfae817a548ef9d8697c721107bec33b303b22ebea36fd65c663a.png
b237baebe2c0f58aab30c03a41fcdda2479b17bb20d8f7ce35b6d0e38a6c7d5d,0,data/benign_staging/benign/b237baebe2c0f58aab30c03a41fcdda2479b17bb20d8f7ce35b6d0e38a6c7d5d.png
fdfb6706e3f056404da1928a1a8dc3bce4ab4b8473f49e1c246b4ab2edc69ad4,1,data/malware_images/images/Trickbot/fdfb6706e3f056404da1928a1a8dc3bce4ab4b8473f49e1c246b4ab2edc69ad4.png
f5361a361c70fe9d813c2acd2e919c76c9da4d44287c8a164fc347855f3ccd2c,0,data/benign_staging/benign/f5361a361c70fe9d813c2acd2e919c76c9da4d44287c8a164fc347855f3ccd2c.png
6a07e270c189e9059526fc2570c7e4039f1140115e2f8544bba2b6f5923ac2ce,1,data/malware_images/images/GuLoader/6a07e270c189e9059526fc2570c7e4039f1140115e2f8544bba2b6f5923ac2ce.png
8ac7111930e5dd247f91158bc0098bcb3b8f171c584194e1cd428908cf571d8a,1,data/malware_images/images/Trickbot/8ac7111930e5dd247f91158bc0098bcb3b8f171c584194e1cd428908cf571d8a.png
f073c031c787956ad68f2b5c8f512212071e3fff4610910cff8d2a2b81d3b50d,0,data/benign_staging/benign/f073c031c787956ad68f2b5c8f512212071e3fff4610910cff8d2a2b81d3b50d.png
197133bc6e1b4119e4dca41d74888ea1611d8aa50a8eb920770cba4cb99b8a1c,1,data/malware_images/images/Gozi/197133bc6e1b4119e4dca41d74888ea1611d8aa50a8eb920770cba4cb99b8a1c.png
f44f5ab3498c21b098c8d2d823f29c990113b9ef98d429e0c0eed152d5761bfb,0,data/benign_staging/benign/f44f5ab3498c21b098c8d2d823f29c990113b9ef98d429e0c0eed152d5761bfb.png
ecdc5ac196e52ed1ea0f5e0a5fe1634f9c9cd6fc4197843d7444138d72d6bc41,0,data/benign_staging/benign/ecdc5ac196e52ed1ea0f5e0a5fe1634f9c9cd6fc4197843d7444138d72d6bc41.png
c169c14fe8865b8358406c7923862a308cf5ffd771b8d2279cd471e75d27cde8,0,data/benign_staging/benign/c169c14fe8865b8358406c7923862a308cf5ffd771b8d2279cd471e75d27cde8.png
9ba9a1a91f95af2c080fd2620128c13397218b88f16999d05b208f0b28b0a2a2,0,data/benign_staging/benign/9ba9a1a91f95af2c080fd2620128c13397218b88f16999d05b208f0b28b0a2a2.png
cf6b9d50566fe49c0832696344f466b61f66c29ff41670d83ea6503a85b391e8,0,data/benign_staging/benign/cf6b9d50566fe49c0832696344f466b61f66c29ff41670d83ea6503a85b391e8.png
ed272a73e61d3ddc0f6d70e54387bb7f07821ebbf91dfa6fde536c5c1dabfc2e,1,data/malware_images/images/njrat/ed272a73e61d3ddc0f6d70e54387bb7f07821ebbf91dfa6fde536c5c1dabfc2e.png
0a2c2bdab9f7ae76394afc7d00744302299e1939121ca27f026c810f273d9ed0,1,data/malware_images/images/GuLoader/0a2c2bdab9f7ae76394afc7d00744302299e1939121ca27f026c810f273d9ed0.png
518aeeac03d0e0d61ac07ca31c94fd8e00930c0647163af929011708118ad5a3,1,data/malware_images/images/Gozi/518aeeac03d0e0d61ac07ca31c94fd8e00930c0647163af929011708118ad5a3.png
074f238eaecb13d1c6304ead46c31ceca7e8f56d4c6d2d53b91d849efb539cd2,0,data/benign_staging/benign/074f238eaecb13d1c6304ead46c31ceca7e8f56d4c6d2d53b91d849efb539cd2.png
eff2aa975d6b4839848957bd701816a525ab7bee5afc039e426f4c8a302709fb,1,data/malware_images/images/Trickbot/eff2aa975d6b4839848957bd701816a525ab7bee5afc039e426f4c8a302709fb.png
e88031a0ee7e62abcb9da6d54f8747a5de43ff4f0ce5cc1ea033941bec7ff36c,0,data/benign_staging/benign/e88031a0ee7e62abcb9da6d54f8747a5de43ff4f0ce5cc1ea033941bec7ff36c.png
95a191b5e1728a1dc9a0007719ae7adba5be88b1ae5e8919185c91a201148a51,1,data/malware_images/images/njrat/95a191b5e1728a1dc9a0007719ae7adba5be88b1ae5e8919185c91a201148a51.png
a5b6deb455845311db511677ae3674dfc4a7d506d5a84fb0dc6c229230028e15,0,data/benign_staging/benign/a5b6deb455845311db511677ae3674dfc4a7d506d5a84fb0dc6c229230028e15.png
fa673fd13506e7fa6bd52c8c14e3c9a88bcae438d662fb0c38e2bfd4039379b8,1,data/malware_images/images/Gozi/fa673fd13506e7fa6bd52c8c14e3c9a88bcae438d662fb0c38e2bfd4039379b8.png
dc14743f0c58595e84d80cf3579f6d162d378312c6b017380a1e43c870f9f9fd,0,data/benign_staging/benign/dc14743f0c58595e84d80cf3579f6d162d378312c6b017380a1e43c870f9f9fd.png
87cd62cf9035d1af6e5e4a32a95ee8eb32ed067840f86c027f2ae6348ded3178,1,data/malware_images/images/njrat/87cd62cf9035d1af6e5e4a32a95ee8eb32ed067840f86c027f2ae6348ded3178.png
d0cfb360e8b475464ffcbca93478681477c5908ac02c6a6a58d368ae26f2aed9,0,data/benign_staging/benign/d0cfb360e8b475464ffcbca93478681477c5908ac02c6a6a58d368ae26f2aed9.png
7d3cb63259a52aa1c69dc8fbe9145dd5e812de1675ba87d31de40f0efaab0574,1,data/malware_images/images/GuLoader/7d3cb63259a52aa1c69dc8fbe9145dd5e812de1675ba87d31de40f0efaab0574.png
d2a19f169f78955014f2308c5257facb6e9745573ed33aeeddf52557452595ba,1,data/malware_images/images/IcedID/d2a19f169f78955014f2308c5257facb6e9745573ed33aeeddf52557452595ba.png
aa7590338047238d9425d9a72fdfcc1a24edf0f3b06c07676a12452dfc94eb60,1,data/malware_images/images/Gozi/aa7590338047238d9425d9a72fdfcc1a24edf0f3b06c07676a12452dfc94eb60.png
ef0865290d3ee70c699ff85c4d196e65896156d0bdbe14a6953faf747466b70c,0,data/benign_staging/benign/ef0865290d3ee70c699ff85c4d196e65896156d0bdbe14a6953faf747466b70c.png
73f3b5c2bbc0fec8069b83e0306d3ae8b98816bec8bb778ae28281da6bcdc490,1,data/malware_images/images/Gozi/73f3b5c2bbc0fec8069b83e0306d3ae8b98816bec8bb778ae28281da6bcdc490.png
270f6e7751d9866ca0334ce84e955f2789cd7a07c2a765e90539016b071fd950,0,data/benign_staging/benign/270f6e7751d9866ca0334ce84e955f2789cd7a07c2a765e90539016b071fd950.png
47ae084ef854a1c6664595f4369b15d386c95219f850584f2ae9e65b41c6441f,0,data/benign_staging/benign/47ae084ef854a1c6664595f4369b15d386c95219f850584f2ae9e65b41c6441f.png
b6608c785841fee170edc80324240c5365df161e463c0ef58d565e2f31a10437,0,data/benign_staging/benign/b6608c785841fee170edc80324240c5365df161e463c0ef58d565e2f31a10437.png
4d1e7ce0ed18606c7865aedaaa0a7721b589a49d728ecb1a5fc9748f37741bb7,1,data/malware_images/images/IcedID/4d1e7ce0ed18606c7865aedaaa0a7721b589a49d728ecb1a5fc9748f37741bb7.png
ea7486b4425a87fddd60542aaf0812a8db868f569886b894883702b362a05d2c,0,data/benign_staging/benign/ea7486b4425a87fddd60542aaf0812a8db868f569886b894883702b362a05d2c.png
b181e754ff464df592514133a672ff2d57cb96812c5d6264ca7aaef40ac980a2,1,data/malware_images/images/Gozi/b181e754ff464df592514133a672ff2d57cb96812c5d6264ca7aaef40ac980a2.png
dacce8074b81d8dd1cd644f6627b1da6d79a8babfd6c8ec4456b2b409eb754c8,0,data/benign_staging/benign/dacce8074b81d8dd1cd644f6627b1da6d79a8babfd6c8ec4456b2b409eb754c8.png
e3de1b2d81488c0a4b696a8434969a832181edd80b066f78ac4c9a81b5d86051,0,data/benign_staging/benign/e3de1b2d81488c0a4b696a8434969a832181edd80b066f78ac4c9a81b5d86051.png
b426deb2d675c57a9f8bde805b027d0c9e2da4e4abd4945f2740aa663d58a6cf,0,data/benign_staging/benign/b426deb2d675c57a9f8bde805b027d0c9e2da4e4abd4945f2740aa663d58a6cf.png
d27db19db72691d403d38243719346bca79efb3f81b6c44d9fd3cd9dfff83b9d,1,data/malware_images/images/njrat/d27db19db72691d403d38243719346bca79efb3f81b6c44d9fd3cd9dfff83b9d.png
8d4a19f6f6bea669bd04e5934f483d03a538dccc070a05269a8375315ae01562,1,data/malware_images/images/IcedID/8d4a19f6f6bea669bd04e5934f483d03a538dccc070a05269a8375315ae01562.png
bd3858131a4361c1578b067b3a4d5e6f0fb39a9c751746b0029d4ae3ca5a5cb5,0,data/benign_staging/benign/bd3858131a4361c1578b067b3a4d5e6f0fb39a9c751746b0029d4ae3ca5a5cb5.png
f36abd4f4fc9b2f53f3ca4bc0419fb1fe3458fdf4b4fbbf88aa3a9ded99b7b65,1,data/malware_images/images/njrat/f36abd4f4fc9b2f53f3ca4bc0419fb1fe3458fdf4b4fbbf88aa3a9ded99b7b65.png
d36071884086b10b302c2acd43c33d15fe73369b927ba9002d32db9409567241,0,data/benign_staging/benign/d36071884086b10b302c2acd43c33d15fe73369b927ba9002d32db9409567241.png
8b6db170ac6eddb4a0d7b5d59b45e04423c39cfe4183104a9cf59d280e089a33,1,data/malware_images/images/IcedID/8b6db170ac6eddb4a0d7b5d59b45e04423c39cfe4183104a9cf59d280e089a33.png
56edc2e0d3d9cb181fc4d861cdbca6a960f576ce10d93f1a7ad18d80624185d5,1,data/malware_images/images/IcedID/56edc2e0d3d9cb181fc4d861cdbca6a960f576ce10d93f1a7ad18d80624185d5.png
c600a6aabd362926a5c5d2f74c9960e527b97c1ea7eb446e61525dda9bf2c2c9,0,data/benign_staging/benign/c600a6aabd362926a5c5d2f74c9960e527b97c1ea7eb446e61525dda9bf2c2c9.png
9a1fc2de129a140468451b41f79bd76f056f790550a500909f67cf009419a717,1,data/malware_images/images/Trickbot/9a1fc2de129a140468451b41f79bd76f056f790550a500909f67cf009419a717.png
226050e34938404ff5dbc7d402fdfa8c5386dc312060b29bf2c25beb466c5f49,1,data/malware_images/images/njrat/226050e34938404ff5dbc7d402fdfa8c5386dc312060b29bf2c25beb466c5f49.png
116078d29890c8b0d748b2f2709d2768f7ad9ac04688db1f44189f019f62050f,1,data/malware_images/images/GuLoader/116078d29890c8b0d748b2f2709d2768f7ad9ac04688db1f44189f019f62050f.png
e50f2c903d6526eca2be70268972c3f24338eb091bfab0611f3bf8c763499389,0,data/benign_staging/benign/e50f2c903d6526eca2be70268972c3f24338eb091bfab0611f3bf8c763499389.png
2db10930c59a7e3cc26be1e8bae834a875221072f9571ccd1d8e3fd6b9a1b52e,0,data/benign_staging/benign/2db10930c59a7e3cc26be1e8bae834a875221072f9571ccd1d8e3fd6b9a1b52e.png
fdebf4aec901dda4c4a9c7ec9c1c732bdeed98cbf180002c997e83fae9729c62,0,data/benign_staging/benign/fdebf4aec901dda4c4a9c7ec9c1c732bdeed98cbf180002c997e83fae9729c62.png
cf66de1f114f7c382804fbdddd4ae70aa07ecf1df324e95e78bb41139b50cf72,0,data/benign_staging/benign/cf66de1f114f7c382804fbdddd4ae70aa07ecf1df324e95e78bb41139b50cf72.png
7a3c2ae5d4136ec42547d1e2938ee2ae13ce967cf174db9abf9211ea5f43f3df,1,data/malware_images/images/GuLoader/7a3c2ae5d4136ec42547d1e2938ee2ae13ce967cf174db9abf9211ea5f43f3df.png
ba61cc378ff00f534ca2fcf694e5055815fb9bdc1f6ef368b5018f7112f91a24,1,data/malware_images/images/Trickbot/ba61cc378ff00f534ca2fcf694e5055815fb9bdc1f6ef368b5018f7112f91a24.png
557b9a386992cb43f7fba817c603942c51d2d6f03bc78cdddeb4b2fad2b3cf41,1,data/malware_images/images/Gozi/557b9a386992cb43f7fba817c603942c51d2d6f03bc78cdddeb4b2fad2b3cf41.png
b51fbd5359342b46cafa23f454bb8f3a592d363cb651dd8784341555049c03cd,0,data/benign_staging/benign/b51fbd5359342b46cafa23f454bb8f3a592d363cb651dd8784341555049c03cd.png
3957edd82568c0a36a640bcf97ac6c2c8a594007702641c9879799ca6173247e,1,data/malware_images/images/IcedID/3957edd82568c0a36a640bcf97ac6c2c8a594007702641c9879799ca6173247e.png
e7867dad4d09c3e96846460497ed49fb67fd3ac84b47fd00f051f2d6d48b842d,0,data/benign_staging/benign/e7867dad4d09c3e96846460497ed49fb67fd3ac84b47fd00f051f2d6d48b842d.png
bfb60968447fd09d11aa5cf30add3e591bab3d69da10d9ef178eb68db966f157,0,data/benign_staging/benign/bfb60968447fd09d11aa5cf30add3e591bab3d69da10d9ef178eb68db966f157.png
e80369b54bbf2bc23411327b76d96d628105cb47744d2344c4a9a8dc63e2bcae,0,data/benign_staging/benign/e80369b54bbf2bc23411327b76d96d628105cb47744d2344c4a9a8dc63e2bcae.png
9698fe5597f8c7ede90202b7f4498544103c640724b8d2a94beceddb3e926837,0,data/benign_staging/benign/9698fe5597f8c7ede90202b7f4498544103c640724b8d2a94beceddb3e926837.png
f2d0471233555243e9c6b5fa6ef71ee2547f85c95a4cf3a6de494c7edfd8cdfd,0,data/benign_staging/benign/f2d0471233555243e9c6b5fa6ef71ee2547f85c95a4cf3a6de494c7edfd8cdfd.png
b04e2b089656eae01a0071359f9d7fb040dea804c1b9d2379431864174259c2d,0,data/benign_staging/benign/b04e2b089656eae01a0071359f9d7fb040dea804c1b9d2379431864174259c2d.png
3c71e00037d7df706a10ce5c35ff10290d40e9573892345383c0adacf28359ce,1,data/malware_images/images/Trickbot/3c71e00037d7df706a10ce5c35ff10290d40e9573892345383c0adacf28359ce.png
e69e44fc681f3d7c7c5b1c969a19b9317c9a66d98507d87938f4e9b4db948a4f,1,data/malware_images/images/Trickbot/e69e44fc681f3d7c7c5b1c969a19b9317c9a66d98507d87938f4e9b4db948a4f.png
40c90f52e65bc3a1840217adadf3f277f3c40b48f792b5206f548986bb659646,1,data/malware_images/images/Trickbot/40c90f52e65bc3a1840217adadf3f277f3c40b48f792b5206f548986bb659646.png
aa144b2a0303a5740f87a24b8a906c0f54828390bc333d146c07aa35f21962bf,0,data/benign_staging/benign/aa144b2a0303a5740f87a24b8a906c0f54828390bc333d146c07aa35f21962bf.png
d5efc42f10137cb465bcc098f0a3f5440a86ae59059526c6fb4bfce46bf1be83,1,data/malware_images/images/Trickbot/d5efc42f10137cb465bcc098f0a3f5440a86ae59059526c6fb4bfce46bf1be83.png
113813a699063ebf391d436a4efe0b6f95f81e12af773fabe5511b5ca08e189c,0,data/benign_staging/benign/113813a699063ebf391d436a4efe0b6f95f81e12af773fabe5511b5ca08e189c.png
fd1d9a0bdcb2a7efb0fb761b303741cd262e10279b2d26c87be5b9bcd2c435f9,1,data/malware_images/images/njrat/fd1d9a0bdcb2a7efb0fb761b303741cd262e10279b2d26c87be5b9bcd2c435f9.png
d6d811768d315ac1fafcb356b040f522375192510a93ef94a5cfb22001a6de61,0,data/benign_staging/benign/d6d811768d315ac1fafcb356b040f522375192510a93ef94a5cfb22001a6de61.png
f591e473859ad8efcc6390732aca39899fe5910101618bfcff8b4c062c3c5fe0,1,data/malware_images/images/IcedID/f591e473859ad8efcc6390732aca39899fe5910101618bfcff8b4c062c3c5fe0.png
f216d28446625eeba7efcf4661ff2174e73ab3e365df47bf6361f9c4de65d243,0,data/benign_staging/benign/f216d28446625eeba7efcf4661ff2174e73ab3e365df47bf6361f9c4de65d243.png
39650bae93cc268f62b22e407ee419babdf36e1a5a6336baa830f7a2fabe029b,1,data/malware_images/images/Trickbot/39650bae93cc268f62b22e407ee419babdf36e1a5a6336baa830f7a2fabe029b.png
d6f91f6a8320717f05d303f2d69c5911f8dc148e9d212600092bdd3184605ecc,1,data/malware_images/images/GuLoader/d6f91f6a8320717f05d303f2d69c5911f8dc148e9d212600092bdd3184605ecc.png
c7cf8df01a5431dc20b13240a7ee104d0dca74220a6d4942f11e81fe6ba3a5c7,0,data/benign_staging/benign/c7cf8df01a5431dc20b13240a7ee104d0dca74220a6d4942f11e81fe6ba3a5c7.png
b4407bbc911b08a167535fafcc897efe8a2cfb37b5e42dbff15ceed180dc5226,0,data/benign_staging/benign/b4407bbc911b08a167535fafcc897efe8a2cfb37b5e42dbff15ceed180dc5226.png
5fd6f004c24217164873575373719fda7d893c3e8fa55ad39d2398f97db177af,1,data/malware_images/images/Gozi/5fd6f004c24217164873575373719fda7d893c3e8fa55ad39d2398f97db177af.png
55e511207764c793e96626d4cfc8be1fb66394fb1d2a92fb053618859d852bea,1,data/malware_images/images/njrat/55e511207764c793e96626d4cfc8be1fb66394fb1d2a92fb053618859d852bea.png
0e73886d15f788471581cbf3864703206fd96eb79e4683ffa332463507fdcda4,0,data/benign_staging/benign/0e73886d15f788471581cbf3864703206fd96eb79e4683ffa332463507fdcda4.png
e33cd39ced95e22727f4c043da6a5dca822941fa87c34e1fac4f3c325cd59829,0,data/benign_staging/benign/e33cd39ced95e22727f4c043da6a5dca822941fa87c34e1fac4f3c325cd59829.png
bd91fca56344fa142bbc4d498cc74cdccec0539c53a7a64c81a3e6c419baba0a,1,data/malware_images/images/GuLoader/bd91fca56344fa142bbc4d498cc74cdccec0539c53a7a64c81a3e6c419baba0a.png
17a668f3305fac7f963ff6f609d062e8dec14c7f7e5d8057748dd769efc91d2e,1,data/malware_images/images/Gozi/17a668f3305fac7f963ff6f609d062e8dec14c7f7e5d8057748dd769efc91d2e.png
c406f350618ef9ed643059f1a264ddf8e111fdf8ab23f64ba0b6a409d02a4ac7,1,data/malware_images/images/GuLoader/c406f350618ef9ed643059f1a264ddf8e111fdf8ab23f64ba0b6a409d02a4ac7.png
e862f329258d9675a3067e45e0a747a64be6db5857694f9d82ddaf548beab970,0,data/benign_staging/benign/e862f329258d9675a3067e45e0a747a64be6db5857694f9d82ddaf548beab970.png
f63028470ef4600a98e51a23740a6f49a3dd0ef7fa98d451fe14fe6ae2914874,1,data/malware_images/images/GuLoader/f63028470ef4600a98e51a23740a6f49a3dd0ef7fa98d451fe14fe6ae2914874.png
05296997f8e5d682e3b695c3b100802ef38304d0c98562d1a5abee52f3b9480c,1,data/malware_images/images/njrat/05296997f8e5d682e3b695c3b100802ef38304d0c98562d1a5abee52f3b9480c.png
2ba3a31aee05663ecfed283eec76468309b8ec67ec161b24c5edafed84dd9516,0,data/benign_staging/benign/2ba3a31aee05663ecfed283eec76468309b8ec67ec161b24c5edafed84dd9516.png
bb9226eaa7def662a76cee3020e244ee687879dad9b5e717a9d271866b361ec7,0,data/benign_staging/benign/bb9226eaa7def662a76cee3020e244ee687879dad9b5e717a9d271866b361ec7.png
c638b72e309636be1022d0bacd2f55e6b33e079ad74cd2561dc41eaf1a828f84,0,data/benign_staging/benign/c638b72e309636be1022d0bacd2f55e6b33e079ad74cd2561dc41eaf1a828f84.png
15c547d96d84b64c4ff4703e36592fc0aeb94bd8fc2c3974b02f7d9d6467ea6e,1,data/malware_images/images/Gozi/15c547d96d84b64c4ff4703e36592fc0aeb94bd8fc2c3974b02f7d9d6467ea6e.png
81c5ffc8bbff3f6b0f2ce30966a4ff8e964b3602343d1746721311336c453be0,0,data/benign_staging/benign/81c5ffc8bbff3f6b0f2ce30966a4ff8e964b3602343d1746721311336c453be0.png
dec2f291a52537a0bad36388b357f47da08ed1bd365cb801ca5c742d102316c6,0,data/benign_staging/benign/dec2f291a52537a0bad36388b357f47da08ed1bd365cb801ca5c742d102316c6.png
fc629c36cfe3384e8c74ce83ce489d4faee17fdb59220e0253f4b9b837431b08,0,data/benign_staging/benign/fc629c36cfe3384e8c74ce83ce489d4faee17fdb59220e0253f4b9b837431b08.png
2ec69ce4e9d202950617b3cbcfe5d58c1cdb5c95c8977141e6d972eb9d542801,1,data/malware_images/images/njrat/2ec69ce4e9d202950617b3cbcfe5d58c1cdb5c95c8977141e6d972eb9d542801.png
9994eeb6d4be3bef6ae8ea0c5abb24cf79781826fffd1c3919ce478f50446180,1,data/malware_images/images/njrat/9994eeb6d4be3bef6ae8ea0c5abb24cf79781826fffd1c3919ce478f50446180.png
282406408e4499b5e5807fbb08409ae8c1456efb75281da653d366dad299d5df,1,data/malware_images/images/njrat/282406408e4499b5e5807fbb08409ae8c1456efb75281da653d366dad299d5df.png
b5ed620d5406454bd1a3616fc4613cc8242ba27ccfa82ecca25ef8e7275cb419,0,data/benign_staging/benign/b5ed620d5406454bd1a3616fc4613cc8242ba27ccfa82ecca25ef8e7275cb419.png
0152b036d984ca50d05a8301e08275fe0f81cdb0077d525fce33690a02657d3f,1,data/malware_images/images/Gozi/0152b036d984ca50d05a8301e08275fe0f81cdb0077d525fce33690a02657d3f.png
8efa3aea51c2da764f118b7808fa096c3e3a841b676b1e046cdd6ad50cf8af3d,1,data/malware_images/images/IcedID/8efa3aea51c2da764f118b7808fa096c3e3a841b676b1e046cdd6ad50cf8af3d.png
2b054b959cbf97b853de9e6937efac1a7265970a5ccb5f959fe86f3e1ade0de8,1,data/malware_images/images/Gozi/2b054b959cbf97b853de9e6937efac1a7265970a5ccb5f959fe86f3e1ade0de8.png
ff7579d094c361f877c11932d131eb2da173d6d3c1cfc609afb9924ee5afc728,0,data/benign_staging/benign/ff7579d094c361f877c11932d131eb2da173d6d3c1cfc609afb9924ee5afc728.png
d40bcdcc0d6cef2a0afd5858b60f71d327924dc8a7edaaaf88bcaee76759369f,0,data/benign_staging/benign/d40bcdcc0d6cef2a0afd5858b60f71d327924dc8a7edaaaf88bcaee76759369f.png
b820a7e5740cf242ac6fa742144bab04ff7440f54997a3104e0e181238d9cd47,0,data/benign_staging/benign/b820a7e5740cf242ac6fa742144bab04ff7440f54997a3104e0e181238d9cd47.png
b5df3f785e08bc573539c85ff8d784ffdbb0a5b9e0c4bd407b8d31c2c9fa8e2d,0,data/benign_staging/benign/b5df3f785e08bc573539c85ff8d784ffdbb0a5b9e0c4bd407b8d31c2c9fa8e2d.png
b57d99b3a11c13d5303b65d1d8339794bef69c62618e4eed09313c2a144e057b,0,data/benign_staging/benign/b57d99b3a11c13d5303b65d1d8339794bef69c62618e4eed09313c2a144e057b.png
1e0eed26b83151417beab275785bba8b54528b126db8bd66d3f7b9a0c22a76d4,1,data/malware_images/images/Gozi/1e0eed26b83151417beab275785bba8b54528b126db8bd66d3f7b9a0c22a76d4.png
6a7106c3175b71d4771f9e03d3c17db04b882e7f0e05195595da449eaa5a940b,1,data/malware_images/images/GuLoader/6a7106c3175b71d4771f9e03d3c17db04b882e7f0e05195595da449eaa5a940b.png
00121fcfdd4dd59e2cc603ddaae415fd17d782f0e89bf663beece329f7c168bd,1,data/malware_images/images/Trickbot/00121fcfdd4dd59e2cc603ddaae415fd17d782f0e89bf663beece329f7c168bd.png
f0ef794c826f11a35a8a8b3f6b1a129f2e5c66c3b11cfb7ebefb5db30c958e69,0,data/benign_staging/benign/f0ef794c826f11a35a8a8b3f6b1a129f2e5c66c3b11cfb7ebefb5db30c958e69.png
d22b8ffbfd96a0c6f16d481a191ed409cc3f4856919afc55d7099b84756043c8,0,data/benign_staging/benign/d22b8ffbfd96a0c6f16d481a191ed409cc3f4856919afc55d7099b84756043c8.png
dbb58d4c6c435f88df000ea1c9ab3f42496c0aad6b7df66b5b46a84f58558ecd,0,data/benign_staging/benign/dbb58d4c6c435f88df000ea1c9ab3f42496c0aad6b7df66b5b46a84f58558ecd.png
f6a2df8a804bb2ef30d8ae4e790a39a93fc734f49184187d33b08b0e2566146d,0,data/benign_staging/benign/f6a2df8a804bb2ef30d8ae4e790a39a93fc734f49184187d33b08b0e2566146d.png
910a35ca5d26faf9ede6eabdff5d843cc84ee2086e92602c02b4c6fc45613306,1,data/malware_images/images/njrat/910a35ca5d26faf9ede6eabdff5d843cc84ee2086e92602c02b4c6fc45613306.png
db1bbeed75db65d23c1dab0453c2d863d2170cd561236a0f317801a93888526d,1,data/malware_images/images/Trickbot/db1bbeed75db65d23c1dab0453c2d863d2170cd561236a0f317801a93888526d.png
fadef374f1b2d7a6048065e95eee831c7e88ce8c6e286cf8943b2edf0d9a5054,0,data/benign_staging/benign/fadef374f1b2d7a6048065e95eee831c7e88ce8c6e286cf8943b2edf0d9a5054.png
eca64cbc05105a43a5ff212c1dbeabb1d0e38b7a21aac587f20de0b63f35c201,1,data/malware_images/images/njrat/eca64cbc05105a43a5ff212c1dbeabb1d0e38b7a21aac587f20de0b63f35c201.png
c6e5fb33fbefc224bff0158726e68e16285bbc4b51f62361e320d9c8e85f6dff,0,data/benign_staging/benign/c6e5fb33fbefc224bff0158726e68e16285bbc4b51f62361e320d9c8e85f6dff.png
b4e29050d3dbe88b47276563170f0cdce84ed9482e355d6ab53f6bbaf18c3fc4,0,data/benign_staging/benign/b4e29050d3dbe88b47276563170f0cdce84ed9482e355d6ab53f6bbaf18c3fc4.png
7a0c881bab8b1f60bce982687d44192d37120b0fe1ba4fbbd64d27c8aff3b640,1,data/malware_images/images/Trickbot/7a0c881bab8b1f60bce982687d44192d37120b0fe1ba4fbbd64d27c8aff3b640.png
d7cd68e06f392e08d5dc51422b3cfa6447090495ea7c247053ff28dcadb002b3,0,data/benign_staging/benign/d7cd68e06f392e08d5dc51422b3cfa6447090495ea7c247053ff28dcadb002b3.png
3558ff6b010a83abaaef883f65710fd2a18d99ec53129c25d6adbde492d7d2ca,1,data/malware_images/images/Trickbot/3558ff6b010a83abaaef883f65710fd2a18d99ec53129c25d6adbde492d7d2ca.png
b4d8e15adc235d0e858e39b5133e5d00a4baa8c94f4f39e3b5e791b0f9c0c806,0,data/benign_staging/benign/b4d8e15adc235d0e858e39b5133e5d00a4baa8c94f4f39e3b5e791b0f9c0c806.png
bf0c819ae4bf0e3865dc3e6aef7993440e04bf6eb1fb7b7cf347892c635593d0,1,data/malware_images/images/Heodo/bf0c819ae4bf0e3865dc3e6aef7993440e04bf6eb1fb7b7cf347892c635593d0.png
8131a4efe8cd0df08b0dc44a83079aa0dd7cf88c39c85f5caa13b43a950f9a9b,1,data/malware_images/images/IcedID/8131a4efe8cd0df08b0dc44a83079aa0dd7cf88c39c85f5caa13b43a950f9a9b.png
57a7f3fcf95f8b8fa883c30c9098178754551852e2608ccb61ddaf6c182ad99a,0,data/benign_staging/benign/57a7f3fcf95f8b8fa883c30c9098178754551852e2608ccb61ddaf6c182ad99a.png
f51f4785bab3bd4c19f7173c16987efb98bd92df68ac9f8be792a398dc89b303,1,data/malware_images/images/njrat/f51f4785bab3bd4c19f7173c16987efb98bd92df68ac9f8be792a398dc89b303.png
dca6c76137a21eb065333fbc5dbc554a0c0cd340823d3d8a96a4a7caa8680019,0,data/benign_staging/benign/dca6c76137a21eb065333fbc5dbc554a0c0cd340823d3d8a96a4a7caa8680019.png
4d96c3174270c15eb577221bc253988f44554f1d5c45904cab9ed0f031f9d6f3,1,data/malware_images/images/GuLoader/4d96c3174270c15eb577221bc253988f44554f1d5c45904cab9ed0f031f9d6f3.png
db2897eeea65401ee1bd8feeebd0dbae8867a27ff4575f12b0b8a613444a5ef7,0,data/benign_staging/benign/db2897eeea65401ee1bd8feeebd0dbae8867a27ff4575f12b0b8a613444a5ef7.png
cb3fbd5496266b6cd0a3e7f4b54e8a033688c07f457d1d3c82700d7b12836b84,0,data/benign_staging/benign/cb3fbd5496266b6cd0a3e7f4b54e8a033688c07f457d1d3c82700d7b12836b84.png
cdc7ffd23c1fc0c494e24e0ba41c869dacfc86b86a525d54143b185dc9215cf1,0,data/benign_staging/benign/cdc7ffd23c1fc0c494e24e0ba41c869dacfc86b86a525d54143b185dc9215cf1.png
b596ad2fa8cf15a52b4a18838803e30888c578f04c06a9b115c43f2b515963db,0,data/benign_staging/benign/b596ad2fa8cf15a52b4a18838803e30888c578f04c06a9b115c43f2b515963db.png
3f76ddde57679490d39f9c743f79f16eeb46946fe394494fed4db68e2ab06821,1,data/malware_images/images/Heodo/3f76ddde57679490d39f9c743f79f16eeb46946fe394494fed4db68e2ab06821.png
02bba588a27c4981983117d23945d68b369c83210cfa783b02655eabdba49c18,1,data/malware_images/images/IcedID/02bba588a27c4981983117d23945d68b369c83210cfa783b02655eabdba49c18.png
c341174f86d7fb665403d8581d8f3cc74bd98ed529bb957075c1882c4a9c6244,0,data/benign_staging/benign/c341174f86d7fb665403d8581d8f3cc74bd98ed529bb957075c1882c4a9c6244.png
b8c710913fa5901c3e9ba166de8b0cdc7d5849f8d0408878759c7cfecda6e752,1,data/malware_images/images/GuLoader/b8c710913fa5901c3e9ba166de8b0cdc7d5849f8d0408878759c7cfecda6e752.png
f73195a73e3fbd9e63b5d90b2b3d3b37cbb60b3e393f34996b3a129ab6e9d594,0,data/benign_staging/benign/f73195a73e3fbd9e63b5d90b2b3d3b37cbb60b3e393f34996b3a129ab6e9d594.png
cee6fca354a1124691a5ac4e0d4791a72278257e86d9ce417728f9dd8b13ef2a,1,data/malware_images/images/Gozi/cee6fca354a1124691a5ac4e0d4791a72278257e86d9ce417728f9dd8b13ef2a.png
e960f34a932bac075d141631a8418d2978dece4e2e17e0f2200785728ca4da01,1,data/malware_images/images/njrat/e960f34a932bac075d141631a8418d2978dece4e2e17e0f2200785728ca4da01.png
7d35dbc6332359e95da5b35f879b28138b045d3ea56a6daac7c155e11e73f07e,1,data/malware_images/images/Gozi/7d35dbc6332359e95da5b35f879b28138b045d3ea56a6daac7c155e11e73f07e.png
77b811f35b2cf1335137cec2174c847fa652aa68d472c443602c4ed2ffdc7071,1,data/malware_images/images/njrat/77b811f35b2cf1335137cec2174c847fa652aa68d472c443602c4ed2ffdc7071.png
43a2983e000ef5e2b71c83504279b6012a159befd87f9d771c01a8ba37b335d6,1,data/malware_images/images/Heodo/43a2983e000ef5e2b71c83504279b6012a159befd87f9d771c01a8ba37b335d6.png
275fcda533f778216eddd1bb4eb255c5feea615298d1f3255099ae3a833200f3,1,data/malware_images/images/GuLoader/275fcda533f778216eddd1bb4eb255c5feea615298d1f3255099ae3a833200f3.png
b6de5d321605262dd019504ed7395dc8439c305a557ebaa60961b3cf4a354af8,1,data/malware_images/images/njrat/b6de5d321605262dd019504ed7395dc8439c305a557ebaa60961b3cf4a354af8.png
b508273bfcc6a902441e4a865879fce86cba3187773faf9838d8145a0deece5a,1,data/malware_images/images/GuLoader/b508273bfcc6a902441e4a865879fce86cba3187773faf9838d8145a0deece5a.png
f6fc3dc44f2d9cc0b666953dd6788932929277cc35b714ae8d3981e5d88b1c81,0,data/benign_staging/benign/f6fc3dc44f2d9cc0b666953dd6788932929277cc35b714ae8d3981e5d88b1c81.png
e2208fafeb8a5de2f8c0af2216a6b6eea73f0c0fd9592bd269a34e9e7d17dae7,1,data/malware_images/images/IcedID/e2208fafeb8a5de2f8c0af2216a6b6eea73f0c0fd9592bd269a34e9e7d17dae7.png
e5431fafc8aa54e4d435d320895391ae610e6fcb34c8dd12ba7733a560acdcc4,0,data/benign_staging/benign/e5431fafc8aa54e4d435d320895391ae610e6fcb34c8dd12ba7733a560acdcc4.png
dd4d2e361672cc6c765076f53836723f60f8d762679131cf4fae8b94d30a669b,0,data/benign_staging/benign/dd4d2e361672cc6c765076f53836723f60f8d762679131cf4fae8b94d30a669b.png
dfc8695620f709882f755cd5141b37772b05ce4e2bd9a677e94ff25ad0cbb554,1,data/malware_images/images/njrat/dfc8695620f709882f755cd5141b37772b05ce4e2bd9a677e94ff25ad0cbb554.png
c3b894424ae66a54af71b36168a634908733e94a32e91eb86680007ac1634282,0,data/benign_staging/benign/c3b894424ae66a54af71b36168a634908733e94a32e91eb86680007ac1634282.png
20aa773ce4d4e0709faeba02937cc789c114e726f6336c1dcd6c206f00514af2,1,data/malware_images/images/njrat/20aa773ce4d4e0709faeba02937cc789c114e726f6336c1dcd6c206f00514af2.png
3a3150f2d1117232482c62a9327d69b70e307b4885915e6ee8d2d12d62d9050a,1,data/malware_images/images/GuLoader/3a3150f2d1117232482c62a9327d69b70e307b4885915e6ee8d2d12d62d9050a.png
8cf5d337ce3239c379a6f64b6018fb5bf2d39ef7f48d813c1c882f5a239703ce,0,data/benign_staging/benign/8cf5d337ce3239c379a6f64b6018fb5bf2d39ef7f48d813c1c882f5a239703ce.png
75ecd5d9f78fbcc887e9ee5559c4a470eacdbffb248f63a2008ad91dd1d5947f,1,data/malware_images/images/IcedID/75ecd5d9f78fbcc887e9ee5559c4a470eacdbffb248f63a2008ad91dd1d5947f.png
8f289323978c1f215e2c2c55985b3704241af342613a49e7efcad2d8871c15e2,1,data/malware_images/images/Trickbot/8f289323978c1f215e2c2c55985b3704241af342613a49e7efcad2d8871c15e2.png
9479fd75ed7c06581de100ecc92e0d9d48bb46248f5c025cd04b2f300138d62c,1,data/malware_images/images/njrat/9479fd75ed7c06581de100ecc92e0d9d48bb46248f5c025cd04b2f300138d62c.png
cc6dfa5b01c3ebbab69e7a8c2a7c0183bbd522a381223b07fb5fc5d1f0fe5acf,0,data/benign_staging/benign/cc6dfa5b01c3ebbab69e7a8c2a7c0183bbd522a381223b07fb5fc5d1f0fe5acf.png
fafd9c70af7f996bd966dbda4a0d780c0f6606f95a138aa2368ddf845773bc23,1,data/malware_images/images/Gozi/fafd9c70af7f996bd966dbda4a0d780c0f6606f95a138aa2368ddf845773bc23.png
ee4ae13d3fd3b58d86e270db11937476b4b7add1673983c2c28ed4d7dcc75552,1,data/malware_images/images/GuLoader/ee4ae13d3fd3b58d86e270db11937476b4b7add1673983c2c28ed4d7dcc75552.png
dce747827fc20d412da8229b20a9901c990608fb3679600afbd6958b88d746b9,1,data/malware_images/images/Heodo/dce747827fc20d412da8229b20a9901c990608fb3679600afbd6958b88d746b9.png
8650fddaff2d7c4f60e182123477f5cabd114dacd92d13588325fd4012651b4e,1,data/malware_images/images/Heodo/8650fddaff2d7c4f60e182123477f5cabd114dacd92d13588325fd4012651b4e.png
b37d3aeeac8f2b697eed939a3f43af0b4b2efb691f377c86315769ddcc72ba63,0,data/benign_staging/benign/b37d3aeeac8f2b697eed939a3f43af0b4b2efb691f377c86315769ddcc72ba63.png
ab7b20718cab3d0b222d591d506d17525afbb5e80504c7b69cf5d9944b5f6699,0,data/benign_staging/benign/ab7b20718cab3d0b222d591d506d17525afbb5e80504c7b69cf5d9944b5f6699.png
b457fdc0e5b994ce8eeea4249c30804cc3c41b65fb59e521fd88c7b247d39cf2,0,data/benign_staging/benign/b457fdc0e5b994ce8eeea4249c30804cc3c41b65fb59e521fd88c7b247d39cf2.png
a7f0ee005b8d98bc8b67e77aa4a10baca21caf5f9deb7891bacc50f713488dd0,1,data/malware_images/images/njrat/a7f0ee005b8d98bc8b67e77aa4a10baca21caf5f9deb7891bacc50f713488dd0.png
ce9ecc0e58b25eb430276d91878e898cd5cc05eed51ca1d9f5fdcd8ae6916d91,0,data/benign_staging/benign/ce9ecc0e58b25eb430276d91878e898cd5cc05eed51ca1d9f5fdcd8ae6916d91.png
2bb12feae5d0184831ec3fff32e30b7bb800df4af35d018ff9f1b50e76009de1,1,data/malware_images/images/IcedID/2bb12feae5d0184831ec3fff32e30b7bb800df4af35d018ff9f1b50e76009de1.png
a949a372d364a5043427eb1577c008168da96d8aaf6384169324c6826d579e2f,1,data/malware_images/images/njrat/a949a372d364a5043427eb1577c008168da96d8aaf6384169324c6826d579e2f.png
270192196cb5dc6b0fc987e19c99701acce994ee826447e8ae011eb70681ff9f,0,data/benign_staging/benign/270192196cb5dc6b0fc987e19c99701acce994ee826447e8ae011eb70681ff9f.png
418711f03f264707476ddd4ccfac4b910758cb3b72bc67755f24bd29101322c3,1,data/malware_images/images/njrat/418711f03f264707476ddd4ccfac4b910758cb3b72bc67755f24bd29101322c3.png
285b6700d98397dafa08816710eec9724407d49e270245e9a994c5ee8f9a40b4,1,data/malware_images/images/njrat/285b6700d98397dafa08816710eec9724407d49e270245e9a994c5ee8f9a40b4.png
d211906acb73763b59025aefe321109bade1d8f9d315627eea1c2a32df19c3a7,1,data/malware_images/images/IcedID/d211906acb73763b59025aefe321109bade1d8f9d315627eea1c2a32df19c3a7.png
1cacf612f5baa3e23c5bf1b4bfba01fb1b12cc173cd2e077e7b84f5b3e0d066a,1,data/malware_images/images/Heodo/1cacf612f5baa3e23c5bf1b4bfba01fb1b12cc173cd2e077e7b84f5b3e0d066a.png
f7e62e7c24289f5af6e280ad51bedc5bc82d0fafc98a2fdf7a846668264df28c,0,data/benign_staging/benign/f7e62e7c24289f5af6e280ad51bedc5bc82d0fafc98a2fdf7a846668264df28c.png
e4eb5eb7e28a5548cd904fe1a9c3569adef91f52b654db8a3c56a0a5177a09eb,0,data/benign_staging/benign/e4eb5eb7e28a5548cd904fe1a9c3569adef91f52b654db8a3c56a0a5177a09eb.png
e583cd425b5a4e130d284bd02719bd560c054cdb8ca917ddb231fcdaa07e0b6b,0,data/benign_staging/benign/e583cd425b5a4e130d284bd02719bd560c054cdb8ca917ddb231fcdaa07e0b6b.png
c749df60bdfc14b32882785604bd122b7af1640ca5d51839b74324999d93af19,0,data/benign_staging/benign/c749df60bdfc14b32882785604bd122b7af1640ca5d51839b74324999d93af19.png
f810a9623a97f6d50745f9fc542a629a098fd04c5e0ed18f0bf4425315d21ac2,0,data/benign_staging/benign/f810a9623a97f6d50745f9fc542a629a098fd04c5e0ed18f0bf4425315d21ac2.png
ec7c6962bdf490cf57ca5b44d0a416b7fe4a8f9e7d7b93ca7a5c54d9296c4625,0,data/benign_staging/benign/ec7c6962bdf490cf57ca5b44d0a416b7fe4a8f9e7d7b93ca7a5c54d9296c4625.png
758fb4cebdfa9af4fe610365837d5b427cf8bcde69e2680342e3a8aa47677507,1,data/malware_images/images/Trickbot/758fb4cebdfa9af4fe610365837d5b427cf8bcde69e2680342e3a8aa47677507.png
c2101791618cabed8516f953f28fa676380f25c6b729827c1d077ca123e2b64f,0,data/benign_staging/benign/c2101791618cabed8516f953f28fa676380f25c6b729827c1d077ca123e2b64f.png
435fb59379dcbbc4831926f93196705de81fa9ee6c7e106fe99d4ffd58f8fd28,1,data/malware_images/images/IcedID/435fb59379dcbbc4831926f93196705de81fa9ee6c7e106fe99d4ffd58f8fd28.png
d03cae8da57bb1b0117726e67c3d71ea8144dfb23820bc30c310bfb8d6a56dfc,0,data/benign_staging/benign/d03cae8da57bb1b0117726e67c3d71ea8144dfb23820bc30c310bfb8d6a56dfc.png
a44f96f1d75b5291f4299db1767b0d80f46145662033a1565148cf9932d6dae7,1,data/malware_images/images/njrat/a44f96f1d75b5291f4299db1767b0d80f46145662033a1565148cf9932d6dae7.png
775680d359c5c5490062e223fd9a18e7136657b18cfc349bf1d5f02ac91c8d2c,1,data/malware_images/images/GuLoader/775680d359c5c5490062e223fd9a18e7136657b18cfc349bf1d5f02ac91c8d2c.png
fee0d04292d5bb7b74e3fdfba682f02302c70ffcbc69a7d572fa9e190a683e64,1,data/malware_images/images/GuLoader/fee0d04292d5bb7b74e3fdfba682f02302c70ffcbc69a7d572fa9e190a683e64.png
e1b7d6bb1eaa44f556d431dd44942bce83cc2f4c30ea6959bb4de9acde215dcd,0,data/benign_staging/benign/e1b7d6bb1eaa44f556d431dd44942bce83cc2f4c30ea6959bb4de9acde215dcd.png
de85028eb2b50368a55d856d97e5400171b4575d86dd12c05f076196fe22c495,0,data/benign_staging/benign/de85028eb2b50368a55d856d97e5400171b4575d86dd12c05f076196fe22c495.png
b6e51aea7cf024ba2463751b69989dc32188767b5b7259475c4ebf25cefacc26,0,data/benign_staging/benign/b6e51aea7cf024ba2463751b69989dc32188767b5b7259475c4ebf25cefacc26.png
669dd5e1578dae9b92617820371eefa29cd12a1101c99701138b6b6ebaf87f61,0,data/benign_staging/benign/669dd5e1578dae9b92617820371eefa29cd12a1101c99701138b6b6ebaf87f61.png
1cb9f3780b232c8dbf2ded95882750e5455f2ce6e048595c6bc4044e2018c69b,1,data/malware_images/images/Gozi/1cb9f3780b232c8dbf2ded95882750e5455f2ce6e048595c6bc4044e2018c69b.png
bbbd41df9ee8363af5927a1b8f8b6d373edc69b34069c3a1ff0e5696138a290d,1,data/malware_images/images/njrat/bbbd41df9ee8363af5927a1b8f8b6d373edc69b34069c3a1ff0e5696138a290d.png
ad6951a7fac17892c9b259dd4b3a1060c4a54e069b99afc057595765ef305778,1,data/malware_images/images/njrat/ad6951a7fac17892c9b259dd4b3a1060c4a54e069b99afc057595765ef305778.png
d70b11285e12264eee494c3124044d523f5555d4086da2de1dabb83b5fbb63e9,0,data/benign_staging/benign/d70b11285e12264eee494c3124044d523f5555d4086da2de1dabb83b5fbb63e9.png
099f34fbc082c2a39e16ddf98704811c46773fe975b473d5d516aae148ad6b50,1,data/malware_images/images/Gozi/099f34fbc082c2a39e16ddf98704811c46773fe975b473d5d516aae148ad6b50.png
ee022f70e46b7bafd48007d5c4a69ec31265afdd082f475a16d603be2b152875,0,data/benign_staging/benign/ee022f70e46b7bafd48007d5c4a69ec31265afdd082f475a16d603be2b152875.png
3d5b4910ddc905b72982dcf33e8bb7a11048869acf02ef07916a586f027d9a85,1,data/malware_images/images/njrat/3d5b4910ddc905b72982dcf33e8bb7a11048869acf02ef07916a586f027d9a85.png
1b70d20bcc49d12388a3bf1565885fc4ebdd4f301a295224b47b4009af96026e,0,data/benign_staging/benign/1b70d20bcc49d12388a3bf1565885fc4ebdd4f301a295224b47b4009af96026e.png
bbeb91a6762debe0c42a5b939a60e5572180b57e8fd643433470f5a8b2c18568,0,data/benign_staging/benign/bbeb91a6762debe0c42a5b939a60e5572180b57e8fd643433470f5a8b2c18568.png
f7020e4585ab614dd1f1b13743e0587b83a53955e508af6eb21506f78c28b44e,0,data/benign_staging/benign/f7020e4585ab614dd1f1b13743e0587b83a53955e508af6eb21506f78c28b44e.png
363fdd9a174846f6331e53fd1b637e3aa39cb08f82aebfa08eaee3f059a10c49,1,data/malware_images/images/GuLoader/363fdd9a174846f6331e53fd1b637e3aa39cb08f82aebfa08eaee3f059a10c49.png
3ca96b622f4af8cfdf1d65b9c1c2ee118bc924753ad95d3376b97c6f08153a54,0,data/benign_staging/benign/3ca96b622f4af8cfdf1d65b9c1c2ee118bc924753ad95d3376b97c6f08153a54.png
f805fbd781c27bcb4f1c887afcf9d32aa7b74e350b6e60e50337aa319b69cf62,0,data/benign_staging/benign/f805fbd781c27bcb4f1c887afcf9d32aa7b74e350b6e60e50337aa319b69cf62.png
d1dd8e81ace4c0cccf58dfc334efb83abb7d7e9483d3403f268fe2321c547aac,0,data/benign_staging/benign/d1dd8e81ace4c0cccf58dfc334efb83abb7d7e9483d3403f268fe2321c547aac.png
792fbf337e4d738502dba52638e1c20de4486e092e02f83db77e10ddb0ab448f,1,data/malware_images/images/njrat/792fbf337e4d738502dba52638e1c20de4486e092e02f83db77e10ddb0ab448f.png
dd4c4983421f77fef3019802e7f881fd2dfec2e51e0d86fbd09fb17fbe87e086,1,data/malware_images/images/njrat/dd4c4983421f77fef3019802e7f881fd2dfec2e51e0d86fbd09fb17fbe87e086.png
c11e952be4c5a25c88089383a36a29c046559ba79bd3c6c8acd93a0a1fc676b0,0,data/benign_staging/benign/c11e952be4c5a25c88089383a36a29c046559ba79bd3c6c8acd93a0a1fc676b0.png
8d866143a0500afc1c1f364ff2602505e9da32ffe774c06565ca985027fd6815,1,data/malware_images/images/Gozi/8d866143a0500afc1c1f364ff2602505e9da32ffe774c06565ca985027fd6815.png
7d97f43bdac6a0420b701f622c164af9f6aed64cb5f3cdbdc3bc44088b0ac2d9,1,data/malware_images/images/IcedID/7d97f43bdac6a0420b701f622c164af9f6aed64cb5f3cdbdc3bc44088b0ac2d9.png
b5ca75a51423e02e8d3733d544d79a22e315e258dd6777be2917ec8fb4c240a8,0,data/benign_staging/benign/b5ca75a51423e02e8d3733d544d79a22e315e258dd6777be2917ec8fb4c240a8.png
ae4999d60549ecc2d9888cb2137a25c8627b9aa32eb72853e567d06e7f83695b,1,data/malware_images/images/Heodo/ae4999d60549ecc2d9888cb2137a25c8627b9aa32eb72853e567d06e7f83695b.png
c516bbf423dc057c77b0eab95533422b5e3a807b43c6636a0f05d09f5451e5cc,0,data/benign_staging/benign/c516bbf423dc057c77b0eab95533422b5e3a807b43c6636a0f05d09f5451e5cc.png
d960f1e8f6e75e45347bbe69ed1ff88f4175da39bdca2e1dc38a3b88cf4faaa4,0,data/benign_staging/benign/d960f1e8f6e75e45347bbe69ed1ff88f4175da39bdca2e1dc38a3b88cf4faaa4.png
af170c7f78f2cf50e201629a3003544e28a30c8aa793326f3be3f524e37fabc0,0,data/benign_staging/benign/af170c7f78f2cf50e201629a3003544e28a30c8aa793326f3be3f524e37fabc0.png
f93034f9581a2392ac32bcdc7cffdba816cf4686f431d0a8bca55d0680693635,0,data/benign_staging/benign/f93034f9581a2392ac32bcdc7cffdba816cf4686f431d0a8bca55d0680693635.png
689290a8b842a0fd09f5ce00654d64d70d0be3e19e2ca60d5dd3d199d3e09054,1,data/malware_images/images/njrat/689290a8b842a0fd09f5ce00654d64d70d0be3e19e2ca60d5dd3d199d3e09054.png
9232b6d6b4b6c85b54681f911a6ef3a84e6093b17d25e373f2864a44e1c6c13c,1,data/malware_images/images/Gozi/9232b6d6b4b6c85b54681f911a6ef3a84e6093b17d25e373f2864a44e1c6c13c.png
f90a1824f690bcd5c333bd78de0164174fffb12160c26699d6cd17cc10b71a49,1,data/malware_images/images/IcedID/f90a1824f690bcd5c333bd78de0164174fffb12160c26699d6cd17cc10b71a49.png
f4163cbc464a82fce47442447351265a287561c8d64ecc2f2f97f5e73bcb4347,0,data/benign_staging/benign/f4163cbc464a82fce47442447351265a287561c8d64ecc2f2f97f5e73bcb4347.png
76b6235d3ea5f815d353464c4100be71e69b3d81a59e470ad75411f225aa6f23,1,data/malware_images/images/IcedID/76b6235d3ea5f815d353464c4100be71e69b3d81a59e470ad75411f225aa6f23.png
bf37b95b0415387698a66a4a476ca08d5951846b6eb0f2451b39ce7f2443500f,0,data/benign_staging/benign/bf37b95b0415387698a66a4a476ca08d5951846b6eb0f2451b39ce7f2443500f.png
f29afb0833ca821906b8eb5e3184a2724361d22e2f1d92cca2e167b27a5f0662,0,data/benign_staging/benign/f29afb0833ca821906b8eb5e3184a2724361d22e2f1d92cca2e167b27a5f0662.png
e3bf9af8d8917cbcb3127fa1c0b501ebce5e51b04aad459afb9dead63cf089f3,0,data/benign_staging/benign/e3bf9af8d8917cbcb3127fa1c0b501ebce5e51b04aad459afb9dead63cf089f3.png
d6c8958745499fa86145a3c686dbe8c27d3aa0c2d453a85892703ce4e98c2d1a,0,data/benign_staging/benign/d6c8958745499fa86145a3c686dbe8c27d3aa0c2d453a85892703ce4e98c2d1a.png
f679aa6fe6ed32847a71f95bf054bc0f6b703e94f651dad4067a9362fac14ed2,0,data/benign_staging/benign/f679aa6fe6ed32847a71f95bf054bc0f6b703e94f651dad4067a9362fac14ed2.png
d6c74e8c3a63cf1c7b3b1a97ac68005d052a012e3b96d21f6583336aec7598ce,0,data/benign_staging/benign/d6c74e8c3a63cf1c7b3b1a97ac68005d052a012e3b96d21f6583336aec7598ce.png
e4ba285bf131ac9d0cca78b9802ab1bb709006c8282199e508956f6597f1dd5f,0,data/benign_staging/benign/e4ba285bf131ac9d0cca78b9802ab1bb709006c8282199e508956f6597f1dd5f.png
174bd9677dde95fa4596df6e8c042780ea8be1e47504ee8d3beeb7e9c06ec7c7,1,data/malware_images/images/Trickbot/174bd9677dde95fa4596df6e8c042780ea8be1e47504ee8d3beeb7e9c06ec7c7.png
f657063e0fa7d75ece31ff7c443d31d9cfd6a94cb5a9e8258574a92288b7759c,0,data/benign_staging/benign/f657063e0fa7d75ece31ff7c443d31d9cfd6a94cb5a9e8258574a92288b7759c.png
43c316b30f9495c5347fae19a2c2fc8be3ccaf8510cde1b81cdb47b1a31971dc,0,data/benign_staging/benign/43c316b30f9495c5347fae19a2c2fc8be3ccaf8510cde1b81cdb47b1a31971dc.png
d059faec3eca0aaba76b7181f905a8ebac925cf6ae556ff2a29f338a56d15f79,0,data/benign_staging/benign/d059faec3eca0aaba76b7181f905a8ebac925cf6ae556ff2a29f338a56d15f79.png
df0688a3b6c074f6df10526cd9a6a826f462d3580f44a1298954459a88c18c70,0,data/benign_staging/benign/df0688a3b6c074f6df10526cd9a6a826f462d3580f44a1298954459a88c18c70.png
44ae9c5376d51d09f16f29bac0de83d07996f845053d5e39252a85e098aa17eb,1,data/malware_images/images/Heodo/44ae9c5376d51d09f16f29bac0de83d07996f845053d5e39252a85e098aa17eb.png
b94bf349556996fad360a4bc1f9ff2213e05956cfdc639d1f9c2ce993d7ac3ef,0,data/benign_staging/benign/b94bf349556996fad360a4bc1f9ff2213e05956cfdc639d1f9c2ce993d7ac3ef.png
e15665bd4407e2fb5276c9a7396ea3732a5047de6c67c25f31cfbf9e8057770c,0,data/benign_staging/benign/e15665bd4407e2fb5276c9a7396ea3732a5047de6c67c25f31cfbf9e8057770c.png
6630402df1c416e0e33bab28b775048f6c0fcaf21f02a74ab1a680f2f5d60fde,1,data/malware_images/images/Gozi/6630402df1c416e0e33bab28b775048f6c0fcaf21f02a74ab1a680f2f5d60fde.png
39e448031d7cb594cc7bd9aff595e5b7832714c12756b8cd898ed98684421e7e,1,data/malware_images/images/IcedID/39e448031d7cb594cc7bd9aff595e5b7832714c12756b8cd898ed98684421e7e.png
7174dcd0788ab090cbd70e8d64707b396507feeded7513f33bfaa02316675922,1,data/malware_images/images/GuLoader/7174dcd0788ab090cbd70e8d64707b396507feeded7513f33bfaa02316675922.png
d2d2b104754e2a49b15b4cbd675ddf2919d1820c58f7e495b9d786bb43785141,1,data/malware_images/images/njrat/d2d2b104754e2a49b15b4cbd675ddf2919d1820c58f7e495b9d786bb43785141.png
3869de46f081e1373e68f81564b9bb4684f56844aa7dc59fa5a8f2d8eddeef9a,1,data/malware_images/images/IcedID/3869de46f081e1373e68f81564b9bb4684f56844aa7dc59fa5a8f2d8eddeef9a.png
ff60f5b1709c553863932b3cac4de8039835b48fd114fc8cbea0809a3658b015,0,data/benign_staging/benign/ff60f5b1709c553863932b3cac4de8039835b48fd114fc8cbea0809a3658b015.png
e8ee9a3e0225923435341d8674a79522f1a95d4f5b34b21698b4b6ce4fe60c3c,0,data/benign_staging/benign/e8ee9a3e0225923435341d8674a79522f1a95d4f5b34b21698b4b6ce4fe60c3c.png
b227e1bda24bfb829680d22df0e026123ff89fcc41d436742090ef60c5685570,0,data/benign_staging/benign/b227e1bda24bfb829680d22df0e026123ff89fcc41d436742090ef60c5685570.png
337c48bb28381345b02514cec70019ee58f9489bd8cff53bb911b7d34f56e4b3,1,data/malware_images/images/GuLoader/337c48bb28381345b02514cec70019ee58f9489bd8cff53bb911b7d34f56e4b3.png
b6a95ae1e4d594f86d2c8d0a44c00e4a8c78932b870b606b5f1c92f8563ed07c,0,data/benign_staging/benign/b6a95ae1e4d594f86d2c8d0a44c00e4a8c78932b870b606b5f1c92f8563ed07c.png
c5b5a6b85efec5d87ae6981fb560775d97a4e0ded0cbeb4dffb41312975caa72,0,data/benign_staging/benign/c5b5a6b85efec5d87ae6981fb560775d97a4e0ded0cbeb4dffb41312975caa72.png
6033000b879b9595e00d660a35077caa6dfceffbf42346e3ac61266d73c82539,1,data/malware_images/images/njrat/6033000b879b9595e00d660a35077caa6dfceffbf42346e3ac61266d73c82539.png
f0f07c2192956e44619a5bea6c55b3f2d4be7ad9fd86fa1e85f734deaacc05f6,1,data/malware_images/images/GuLoader/f0f07c2192956e44619a5bea6c55b3f2d4be7ad9fd86fa1e85f734deaacc05f6.png
fbb5a10617a3b1819ec09c5812ebcb7d2129bf8f0326adf0654063eb78a79a4e,0,data/benign_staging/benign/fbb5a10617a3b1819ec09c5812ebcb7d2129bf8f0326adf0654063eb78a79a4e.png
49faf4c5558260bd21805db8edb29d3a1a5395a9ce5f93edd73d1eb87f360317,0,data/benign_staging/benign/49faf4c5558260bd21805db8edb29d3a1a5395a9ce5f93edd73d1eb87f360317.png
6da9387b15b610559fccc33c85fc328e56089b7356952782d0cdf49a9898404c,1,data/malware_images/images/GuLoader/6da9387b15b610559fccc33c85fc328e56089b7356952782d0cdf49a9898404c.png
e2648053f2d4f219974710d988e77ae912058c6f36ebdfd70628cf17492c0bc9,0,data/benign_staging/benign/e2648053f2d4f219974710d988e77ae912058c6f36ebdfd70628cf17492c0bc9.png
a79b2ea4e8db2dd2e6729d73534d1a03083e17d7a2d598cfed22c07076f0679b,1,data/malware_images/images/Trickbot/a79b2ea4e8db2dd2e6729d73534d1a03083e17d7a2d598cfed22c07076f0679b.png
c79a1948f3afb31b2cc3a765b543493540da30b5153a69a3efb5c1c00e9d7746,1,data/malware_images/images/njrat/c79a1948f3afb31b2cc3a765b543493540da30b5153a69a3efb5c1c00e9d7746.png
f36e56e17a7143488cc48f3c69b011de71d608e41d15b3496a66cbf8acfbe909,0,data/benign_staging/benign/f36e56e17a7143488cc48f3c69b011de71d608e41d15b3496a66cbf8acfbe909.png
014b422e6c1bc23db2b5898dd0c49ac61fbac174c1e0d916f68b41cfb535cdb5,1,data/malware_images/images/IcedID/014b422e6c1bc23db2b5898dd0c49ac61fbac174c1e0d916f68b41cfb535cdb5.png
7c52874c0f2cca08469506c5ee93ec9bcaef087440c61ec80f7edd1bb28d439b,1,data/malware_images/images/Gozi/7c52874c0f2cca08469506c5ee93ec9bcaef087440c61ec80f7edd1bb28d439b.png
82f6755bf6dac43b0082e56d26d5a54d3e5fb9d3c91e18cccdd4756113e3a50c,1,data/malware_images/images/GuLoader/82f6755bf6dac43b0082e56d26d5a54d3e5fb9d3c91e18cccdd4756113e3a50c.png
633ff3b6aaa8e5f5220afd140b1181c3980177de59058f219134379649a7a295,1,data/malware_images/images/Heodo/633ff3b6aaa8e5f5220afd140b1181c3980177de59058f219134379649a7a295.png
e25b273f6a972b762edce8d790fb0d9470d96e53692428307ea1838fa2ff09f0,0,data/benign_staging/benign/e25b273f6a972b762edce8d790fb0d9470d96e53692428307ea1838fa2ff09f0.png
b52f2b9de19d12b0e727e13e3dde93009e487bfb2dd97fd23952c7080949d97e,0,data/benign_staging/benign/b52f2b9de19d12b0e727e13e3dde93009e487bfb2dd97fd23952c7080949d97e.png
4ef0dc8736215db02685aa6e2fa7b916441c0d9fb738cfcbd2453a8527dc83b8,1,data/malware_images/images/Gozi/4ef0dc8736215db02685aa6e2fa7b916441c0d9fb738cfcbd2453a8527dc83b8.png
4c7f4ef1eb3e65898289f894b064195bc98471dc4f2ec162889e604e43127bb9,1,data/malware_images/images/njrat/4c7f4ef1eb3e65898289f894b064195bc98471dc4f2ec162889e604e43127bb9.png
36835ca51dbb39b58bdc6caad1d6d1f13ab9b9e54cd7943873a34e5fa20d5250,1,data/malware_images/images/Trickbot/36835ca51dbb39b58bdc6caad1d6d1f13ab9b9e54cd7943873a34e5fa20d5250.png
fb0e06683cc86efabe025360273325c4053074f54f1c9892a5b893ddea471eaa,1,data/malware_images/images/njrat/fb0e06683cc86efabe025360273325c4053074f54f1c9892a5b893ddea471eaa.png
3d8b868359f623a9441e336d32c360352bf819114052599d3c85ab69e60d1de9,0,data/benign_staging/benign/3d8b868359f623a9441e336d32c360352bf819114052599d3c85ab69e60d1de9.png
e8b1d230a702ace5de4d630d01c209fe2cbabc7042394b585b30de496bfa654b,1,data/malware_images/images/Trickbot/e8b1d230a702ace5de4d630d01c209fe2cbabc7042394b585b30de496bfa654b.png
d9bfb0ef6d5d91f9da013b307c1fe39ec36c6682f7ce3cff5e2cdfe26b41a6a1,0,data/benign_staging/benign/d9bfb0ef6d5d91f9da013b307c1fe39ec36c6682f7ce3cff5e2cdfe26b41a6a1.png
bea4a28914661d6b96f19150a9231d4718a4566ac737c2703c146dd04cf594b9,1,data/malware_images/images/Trickbot/bea4a28914661d6b96f19150a9231d4718a4566ac737c2703c146dd04cf594b9.png
c4c04a57dbc9c1c943924019f8c60cc6b8120ab822a7f885889c79194eaa1ad3,0,data/benign_staging/benign/c4c04a57dbc9c1c943924019f8c60cc6b8120ab822a7f885889c79194eaa1ad3.png
89ff37abe56437ef578809fd40ee79001d1173b2d7a00c53ae37d7c0a4c57149,1,data/malware_images/images/Gozi/89ff37abe56437ef578809fd40ee79001d1173b2d7a00c53ae37d7c0a4c57149.png
346b977e05b99881c7ec168c2fa0b68f84ec633d764eb52dd9795e372f45b1b4,1,data/malware_images/images/Gozi/346b977e05b99881c7ec168c2fa0b68f84ec633d764eb52dd9795e372f45b1b4.png
ddfde35c242f64025479313e6f615a196f3993cd4ff944a74c381791406cb398,0,data/benign_staging/benign/ddfde35c242f64025479313e6f615a196f3993cd4ff944a74c381791406cb398.png
ef55c89c74fcc67f713e70e2523fcaaedccc5af4e5909acc463d7750e98ca30c,0,data/benign_staging/benign/ef55c89c74fcc67f713e70e2523fcaaedccc5af4e5909acc463d7750e98ca30c.png
a7b55b6bfafb6d370f94ff25e294f90d28818a1842ecad4546d18334c616cb97,1,data/malware_images/images/GuLoader/a7b55b6bfafb6d370f94ff25e294f90d28818a1842ecad4546d18334c616cb97.png
c9184cd0945a70f8e6311343079aeaca1ce7b0b2a44d0633568d6877cf10cdc8,0,data/benign_staging/benign/c9184cd0945a70f8e6311343079aeaca1ce7b0b2a44d0633568d6877cf10cdc8.png
dd2ef4abff7486618fef65f76d853093a13ca595c5095250e51a3e68cc996643,0,data/benign_staging/benign/dd2ef4abff7486618fef65f76d853093a13ca595c5095250e51a3e68cc996643.png
1f81d3b756ec1430f476a5ae7af7b360b4acd923d4baceb91be49ab6515459fc,0,data/benign_staging/benign/1f81d3b756ec1430f476a5ae7af7b360b4acd923d4baceb91be49ab6515459fc.png
d194034aea6b209fdb3c39cbe12aa0ce42143ba06e855df83b1f8848f1738acf,1,data/malware_images/images/Trickbot/d194034aea6b209fdb3c39cbe12aa0ce42143ba06e855df83b1f8848f1738acf.png
0b41a454c1d34aa97596c93b0edf85dd8a8eca3dfff9d326950e7d0723cb1608,1,data/malware_images/images/IcedID/0b41a454c1d34aa97596c93b0edf85dd8a8eca3dfff9d326950e7d0723cb1608.png
63f0221e6bc2cc48d63f079c46bc438e2c21f5267ce3ae11915d4e8150a640f1,0,data/benign_staging/benign/63f0221e6bc2cc48d63f079c46bc438e2c21f5267ce3ae11915d4e8150a640f1.png
76098cc2969c4a090fba5c863bb3bb52b5ce88bee46da9d46aab0252affa0744,0,data/benign_staging/benign/76098cc2969c4a090fba5c863bb3bb52b5ce88bee46da9d46aab0252affa0744.png
aac0ceb35662dc4a8886d87eadd69c8ac65ac1051dd106e8c7e63b2b51770c06,1,data/malware_images/images/Gozi/aac0ceb35662dc4a8886d87eadd69c8ac65ac1051dd106e8c7e63b2b51770c06.png
fad251b5ca8636364522c9b18368dcf905ba13bb7435c58a3aa30a57186d8da5,0,data/benign_staging/benign/fad251b5ca8636364522c9b18368dcf905ba13bb7435c58a3aa30a57186d8da5.png
9e4570851f44cadcd300201d37c67c82bf8d62c435cfbfc073c01c8aa06f8b44,0,data/benign_staging/benign/9e4570851f44cadcd300201d37c67c82bf8d62c435cfbfc073c01c8aa06f8b44.png
46db02efab25befd72d28d97d7bcdec31ae4fd03e5291531b922358e34a2190b,1,data/malware_images/images/Heodo/46db02efab25befd72d28d97d7bcdec31ae4fd03e5291531b922358e34a2190b.png
ffae5c69d78a4893edbe08f9aa4de264eef723ecf98c3f98f066fe1ac64c8ad3,1,data/malware_images/images/Gozi/ffae5c69d78a4893edbe08f9aa4de264eef723ecf98c3f98f066fe1ac64c8ad3.png
f6aee7179852a920b28b5951080e6b0d4cb20d69ffb3cd6b93c03fbe8285dfca,1,data/malware_images/images/Trickbot/f6aee7179852a920b28b5951080e6b0d4cb20d69ffb3cd6b93c03fbe8285dfca.png
b497bcf8d8acaf7a9fcde5cc4afbb7ecce2b665a7a8f8847d498923bb975d885,0,data/benign_staging/benign/b497bcf8d8acaf7a9fcde5cc4afbb7ecce2b665a7a8f8847d498923bb975d885.png
5edbc727b8b7453986d72baec5602faf6c84633929a091836b50e310b7615fa7,1,data/malware_images/images/njrat/5edbc727b8b7453986d72baec5602faf6c84633929a091836b50e310b7615fa7.png
e86ebc230bd876432fc7cc4a7fa5ac256a210552658cf7cf4df0cf4af7e71296,1,data/malware_images/images/Heodo/e86ebc230bd876432fc7cc4a7fa5ac256a210552658cf7cf4df0cf4af7e71296.png
dd0f1e023373fcd022c22c419b893c91bacc90e3a5731c9dfedc95ebab942622,0,data/benign_staging/benign/dd0f1e023373fcd022c22c419b893c91bacc90e3a5731c9dfedc95ebab942622.png
d0d53fa99f49475557811f72ea06617db8d3a680a6515b4687d69b56d34fa02e,1,data/malware_images/images/njrat/d0d53fa99f49475557811f72ea06617db8d3a680a6515b4687d69b56d34fa02e.png
e692c139c334f95b63fb06c35043b9cd5a378dd48be40500f544b316012bb662,0,data/benign_staging/benign/e692c139c334f95b63fb06c35043b9cd5a378dd48be40500f544b316012bb662.png
6cfa6754f2c32d3856972eceda81e57c0a274c80419482b6fe3910966b67a114,1,data/malware_images/images/GuLoader/6cfa6754f2c32d3856972eceda81e57c0a274c80419482b6fe3910966b67a114.png
9a3467911eaf0122aade59ef8636d005f251ef1e6fb23295bdac92376ae0fb82,1,data/malware_images/images/Gozi/9a3467911eaf0122aade59ef8636d005f251ef1e6fb23295bdac92376ae0fb82.png
d50963d7b4f67e41fd7d50caf4d662b04688b66799f7aff7bcc632ede8d7f5f5,0,data/benign_staging/benign/d50963d7b4f67e41fd7d50caf4d662b04688b66799f7aff7bcc632ede8d7f5f5.png
9e8cece950c181dd27eb143dc8d06361508b0087685108f4fb6f0959824c51df,0,data/benign_staging/benign/9e8cece950c181dd27eb143dc8d06361508b0087685108f4fb6f0959824c51df.png
503fb048bee516f4ec90fbcfa5b01ae18575e00f1b4238f1d38bcade2420d5d7,1,data/malware_images/images/Trickbot/503fb048bee516f4ec90fbcfa5b01ae18575e00f1b4238f1d38bcade2420d5d7.png
cab66576fb3f8f8750ee98a261688984e053fc0142b2b6d5cd310b68d40bed6e,0,data/benign_staging/benign/cab66576fb3f8f8750ee98a261688984e053fc0142b2b6d5cd310b68d40bed6e.png
eb112e3344100cead311dcb7ba0298a19a48bc44af2908b2d9463b4f62d6ba77,1,data/malware_images/images/Trickbot/eb112e3344100cead311dcb7ba0298a19a48bc44af2908b2d9463b4f62d6ba77.png
341621050c83b242a1779e5a88f4c6389b7efc1406d5e5ba8e7828a0d74fbb86,1,data/malware_images/images/IcedID/341621050c83b242a1779e5a88f4c6389b7efc1406d5e5ba8e7828a0d74fbb86.png
fb03dd5a5a280706b8513ebf38a9422e5482bf4b89d024db5a13db477c6e8f86,1,data/malware_images/images/Trickbot/fb03dd5a5a280706b8513ebf38a9422e5482bf4b89d024db5a13db477c6e8f86.png
8c98db778c851b49e11e744a28fd5340fdcd51a71e2fd87982cc1ad245a35e5c,1,data/malware_images/images/Trickbot/8c98db778c851b49e11e744a28fd5340fdcd51a71e2fd87982cc1ad245a35e5c.png
c48e413f67204c5cb95fe511601460695666070586efc2370b1a72ec96ee139c,0,data/benign_staging/benign/c48e413f67204c5cb95fe511601460695666070586efc2370b1a72ec96ee139c.png
e7e226431c20e3b6f02d84fd1b7863495c47bb30808a6f5cfcb8e22639e077b3,0,data/benign_staging/benign/e7e226431c20e3b6f02d84fd1b7863495c47bb30808a6f5cfcb8e22639e077b3.png
335b3264f676b4ee3b2ba4d3573209badae399a28ac462721a5e79ff2f77a2f7,1,data/malware_images/images/njrat/335b3264f676b4ee3b2ba4d3573209badae399a28ac462721a5e79ff2f77a2f7.png
f3d2c3f97d52b31f00be046d39ae0ff4dbee7f42c32cbddfca7d613dbb9fb6f3,1,data/malware_images/images/Trickbot/f3d2c3f97d52b31f00be046d39ae0ff4dbee7f42c32cbddfca7d613dbb9fb6f3.png
fac0d524aa65f80845368721f0212c680259ad42290588a4d9adb313f46eb387,1,data/malware_images/images/Gozi/fac0d524aa65f80845368721f0212c680259ad42290588a4d9adb313f46eb387.png
fd58b439e480246fd246ea2aa0572f379f70036b7521487a6e5ae151378871a1,0,data/benign_staging/benign/fd58b439e480246fd246ea2aa0572f379f70036b7521487a6e5ae151378871a1.png
467188d082df27c66676757668738a51c3c5727ebc09031d1eac8ead8289b5cc,1,data/malware_images/images/GuLoader/467188d082df27c66676757668738a51c3c5727ebc09031d1eac8ead8289b5cc.png
c54b6b43f652e5b95cd1f8583dc38892de49ff94630c75188f8022292ee0acca,0,data/benign_staging/benign/c54b6b43f652e5b95cd1f8583dc38892de49ff94630c75188f8022292ee0acca.png
50fd4a601f5165a93a50bdef41f255f7d4242c31c4413095e9d294f7029c1b3e,0,data/benign_staging/benign/50fd4a601f5165a93a50bdef41f255f7d4242c31c4413095e9d294f7029c1b3e.png
d95c34fa5d06c3127b2123f419b0f6467d8f007a47a106c81d38b62aa7c20142,0,data/benign_staging/benign/d95c34fa5d06c3127b2123f419b0f6467d8f007a47a106c81d38b62aa7c20142.png
f433e367781a5d2e126ce8f3ab1a57acc9af82c9b9ceeeba870b92f3ad8af807,1,data/malware_images/images/Heodo/f433e367781a5d2e126ce8f3ab1a57acc9af82c9b9ceeeba870b92f3ad8af807.png
21ff24b0a7817b4f0488325b9c797321d41afcd61c02376ae35c53d75dd9d948,1,data/malware_images/images/njrat/21ff24b0a7817b4f0488325b9c797321d41afcd61c02376ae35c53d75dd9d948.png
c85f81c3417f5946e73204b1f62037ed7c390cbaf3d21e87be2b583f69001d70,0,data/benign_staging/benign/c85f81c3417f5946e73204b1f62037ed7c390cbaf3d21e87be2b583f69001d70.png
e9875f7a93288f76e91e8afe0af506f18a11b6fba562f9266eea5c9444d41404,0,data/benign_staging/benign/e9875f7a93288f76e91e8afe0af506f18a11b6fba562f9266eea5c9444d41404.png
9a7527003d693b5ff45c47de2cbdec92a86e3c41193d7109821db2bde58a2d8c,1,data/malware_images/images/GuLoader/9a7527003d693b5ff45c47de2cbdec92a86e3c41193d7109821db2bde58a2d8c.png
b8e036a826f2246f36aeb99cc281b4982e14aaa50fe351da02773c71ef0683f9,0,data/benign_staging/benign/b8e036a826f2246f36aeb99cc281b4982e14aaa50fe351da02773c71ef0683f9.png
86679f49b89ea74fddeaa216d737ee44ee6a0522de18129305a86290fd00edb3,1,data/malware_images/images/njrat/86679f49b89ea74fddeaa216d737ee44ee6a0522de18129305a86290fd00edb3.png
f8bce2c54fca9a5b3e0a04c1749d1917d6228c87d375a730be889ad07f96490f,0,data/benign_staging/benign/f8bce2c54fca9a5b3e0a04c1749d1917d6228c87d375a730be889ad07f96490f.png
4dec83fe986aca50f7975be4dc5287be2958b750569b9d1fcc75fb0cfacdb92a,1,data/malware_images/images/Gozi/4dec83fe986aca50f7975be4dc5287be2958b750569b9d1fcc75fb0cfacdb92a.png
895df1d66a5fa1f29d388d3d8ee9cd9f6ecbc51fab75daf17063fc72f20e52ed,0,data/benign_staging/benign/895df1d66a5fa1f29d388d3d8ee9cd9f6ecbc51fab75daf17063fc72f20e52ed.png
252aae7a965a2fbb2bb5e1d51a1da836fec68bbe7552ad8c5134a3a1ee873af3,1,data/malware_images/images/IcedID/252aae7a965a2fbb2bb5e1d51a1da836fec68bbe7552ad8c5134a3a1ee873af3.png
bda114931e81bb95c1056a572fbcf6f5fa86fe7618133605a06d675a7173f5b2,0,data/benign_staging/benign/bda114931e81bb95c1056a572fbcf6f5fa86fe7618133605a06d675a7173f5b2.png
e880b781e9ec5e7467b8b2e7cdf5d723d33d80e67f6facc16c9797501881e1db,0,data/benign_staging/benign/e880b781e9ec5e7467b8b2e7cdf5d723d33d80e67f6facc16c9797501881e1db.png
21a4430cb8cc3c64857141e25af70cbf230ef805675f9dd3bf2d279048213adf,1,data/malware_images/images/Trickbot/21a4430cb8cc3c64857141e25af70cbf230ef805675f9dd3bf2d279048213adf.png
461509400e7505dd553124d4ee95c073cc9031d73c8380cafed0cc9bc8b696cc,1,data/malware_images/images/IcedID/461509400e7505dd553124d4ee95c073cc9031d73c8380cafed0cc9bc8b696cc.png
b97fa585735d0e68044cd7c39a903ddef943a3b78946f78fee72c7e0b4965986,1,data/malware_images/images/GuLoader/b97fa585735d0e68044cd7c39a903ddef943a3b78946f78fee72c7e0b4965986.png
dd714cf6f5ca23fd527acfc46376103e910c3f64754584170f0051b1f2019421,0,data/benign_staging/benign/dd714cf6f5ca23fd527acfc46376103e910c3f64754584170f0051b1f2019421.png
