sha256,label,image_path
2653daafcf471d82e362572216b8b11ac37dc44c3baefc3c30a0c0c88f882af3,0,data/benign_original/benign/2653daafcf471d82e362572216b8b11ac37dc44c3baefc3c30a0c0c88f882af3.png
c7f15b3d375a0aabe596726aafa78512d3c4f4edec5f7fb6d78a93fc445916af,0,data/benign_original/benign/c7f15b3d375a0aabe596726aafa78512d3c4f4edec5f7fb6d78a93fc445916af.png
2d09798210455d443e62351b7b9f02fe7412930623a6bcf6b009c94da3f0fb94,0,data/benign_original/benign/2d09798210455d443e62351b7b9f02fe7412930623a6bcf6b009c94da3f0fb94.png
fbbfce80bdcec21ef36440a083205d1fd821198480480a5f6411b88ede4eae8a,0,data/benign_original/benign/fbbfce80bdcec21ef36440a083205d1fd821198480480a5f6411b88ede4eae8a.png
f5b4e48fe78ddb1563876b6c6b6b70ac048ff312e47fd7b696027b8fbb3cab42,0,data/benign_original/benign/f5b4e48fe78ddb1563876b6c6b6b70ac048ff312e47fd7b696027b8fbb3cab42.png
fe7e187e7ef2bb1feaf1cf6957ef134e44af0b2d770c5c3ca0c1aabc776270f9,0,data/benign_original/benign/fe7e187e7ef2bb1feaf1cf6957ef134e44af0b2d770c5c3ca0c1aabc776270f9.png
dd8c1f39cb9abdfa77b9ead5e56f2190c6ac7a725bf87e574e21bdab9a480980,0,data/benign_original/benign/dd8c1f39cb9abdfa77b9ead5e56f2190c6ac7a725bf87e574e21bdab9a480980.png
fb1b29768e74d69b9dd3fa70f5fde51d2796ca5112d3f016afda5b6644bbae5e,0,data/benign_original/benign/fb1b29768e74d69b9dd3fa70f5fde51d2796ca5112d3f016afda5b6644bbae5e.png
c4804086ef37b6e59c95995c12a745076998e4d675cd7ae93c0b20db7edbd308,0,data/benign_original/benign/c4804086ef37b6e59c95995c12a745076998e4d675cd7ae93c0b20db7edbd308.png
0fbcedf08d9e262137afba702687b2de15822149e4a282b9249907134e5ef151,0,data/benign_original/benign/0fbcedf08d9e262137afba702687b2de15822149e4a282b9249907134e5ef151.png
e91e956e596ca643639d15bad352daa5539a9a9f4465fc6566edff595a3dd5a1,0,data/benign_original/benign/e91e956e596ca643639d15bad352daa5539a9a9f4465fc6566edff595a3dd5a1.png
e5ebf98ba66d7954f1aedd013830455d850dcc7a50be3748821cea3dde0689d5,0,data/benign_original/benign/e5ebf98ba66d7954f1aedd013830455d850dcc7a50be3748821cea3dde0689d5.png
e06d1c2f007eaec5f527a7afeb5e016cb42c85441d725a4187a12a5e21a2be2f,0,data/benign_original/benign/e06d1c2f007eaec5f527a7afeb5e016cb42c85441d725a4187a12a5e21a2be2f.png
f1e90be6e5b78ca45f84677ac9e17ffb1eb1d8854ee483cf5efa288f27645505,0,data/benign_original/benign/f1e90be6e5b78ca45f84677ac9e17ffb1eb1d8854ee483cf5efa288f27645505.png
3e917376199b13523dfb4fcc445583d9df0606ad0a6a02b111d8a3ee6b71e117,0,data/benign_original/benign/3e917376199b13523dfb4fcc445583d9df0606ad0a6a02b111d8a3ee6b71e117.png
f6d335ea6141db3cadf3a0e716e2fe057be56bcd76b1dcd9a46aa01557a6fe96,0,data/benign_original/benign/f6d335ea6141db3cadf3a0e716e2fe057be56bcd76b1dcd9a46aa01557a6fe96.png
fd9417735ee4044f25350b6a8a6204208c8afe11bd42ec76a5c2a108c472875b,0,data/benign_original/benign/fd9417735ee4044f25350b6a8a6204208c8afe11bd42ec76a5c2a108c472875b.png
abbf94526e78224768f7d4e4651b416f1619193792725e24cbe9ed08bd97c64b,0,data/benign_original/benign/abbf94526e78224768f7d4e4651b416f1619193792725e24cbe9ed08bd97c64b.png
432abbae25f6b91a977bc9f75c4a8edd3bffa5d152d67eb8a358122aa82770e2,0,data/benign_original/benign/432abbae25f6b91a977bc9f75c4a8edd3bffa5d152d67eb8a358122aa82770e2.png
c9c62dcd085c26beb217734a58d16a57fad4857d510084f75b673394bc5b8684,0,data/benign_original/benign/c9c62dcd085c26beb217734a58d16a57fad4857d510084f75b673394bc5b8684.png
dc06b7bd26b10bd3fbb741024b90cd3dd80dc2d0ec8847fcb73b3d3e0ea3e06b,0,data/benign_original/benign/dc06b7bd26b10bd3fbb741024b90cd3dd80dc2d0ec8847fcb73b3d3e0ea3e06b.png
ffe2b9894c534d826f3033216cfad146b0ecc4f8dc65832281567f55267c8e25,0,data/benign_original/benign/ffe2b9894c534d826f3033216cfad146b0ecc4f8dc65832281567f55267c8e25.png
c6e21ab1c751c23c588ff4f6c6060332685f9846f8914910ce9cee9b704c6ec7,0,data/benign_original/benign/c6e21ab1c751c23c588ff4f6c6060332685f9846f8914910ce9cee9b704c6ec7.png
278d40dc4e9144a9153d016a417713af54d51162075403ead29cf5aab269bf22,1,data/malware_images/images/Gozi/278d40dc4e9144a9153d016a417713af54d51162075403ead29cf5aab269bf22.png
f5c82a141bdc7929bb3d6d4196c0e8501f4a894fd65a435f8134c073134461ac,0,data/benign_original/benign/f5c82a141bdc7929bb3d6d4196c0e8501f4a894fd65a435f8134c073134461ac.png
aa6e5489177798f6547b0d149182ce1ca80de12227bc7efe1a8e5ebcb8217c32,0,data/benign_original/benign/aa6e5489177798f6547b0d149182ce1ca80de12227bc7efe1a8e5ebcb8217c32.png
c03f44db74f3f1e5a1f31a866e34358e3c7e023d8bf7ce5b379ddab06cd0f7f9,0,data/benign_original/benign/c03f44db74f3f1e5a1f31a866e34358e3c7e023d8bf7ce5b379ddab06cd0f7f9.png
b257227d590f779c5b175d5393ea3c6f55d5705854944d9ccabc42a6bb98274f,0,data/benign_original/benign/b257227d590f779c5b175d5393ea3c6f55d5705854944d9ccabc42a6bb98274f.png
cd3dca6c6c4fa1a770857f57c7f3599fa8038e8465f296ed53c599483bbdae0f,0,data/benign_original/benign/cd3dca6c6c4fa1a770857f57c7f3599fa8038e8465f296ed53c599483bbdae0f.png
c3dfcd075598015a2d50e3c5a0d2e4d3cdfc0c8a1b506a5ca7962868fac0bf20,0,data/benign_original/benign/c3dfcd075598015a2d50e3c5a0d2e4d3cdfc0c8a1b506a5ca7962868fac0bf20.png
ecabaa131ca8e77f0c69e87330d63beee1636b028c72e247b6f1046d4d493b7c,0,data/benign_original/benign/ecabaa131ca8e77f0c69e87330d63beee1636b028c72e247b6f1046d4d493b7c.png
e06b5a8e82100d8bfd5acf5a429bf4b4c38f2f51b779cbaca9340a8f1daca824,0,data/benign_original/benign/e06b5a8e82100d8bfd5acf5a429bf4b4c38f2f51b779cbaca9340a8f1daca824.png
be2897386d1fc215a86d3d1343564e262641751bd846559b0ed8f3fba77cb102,0,data/benign_original/benign/be2897386d1fc215a86d3d1343564e262641751bd846559b0ed8f3fba77cb102.png
d883cda7d867643d3679dc201fa88f13a2935fb1bae6386693c313aa1bf50416,0,data/benign_original/benign/d883cda7d867643d3679dc201fa88f13a2935fb1bae6386693c313aa1bf50416.png
54b700b40965e1ca937bba16365fc3a52a6de8eff1bd8c11a65bd42aa3ace1cc,0,data/benign_original/benign/54b700b40965e1ca937bba16365fc3a52a6de8eff1bd8c11a65bd42aa3ace1cc.png
d67a1f3801c7f60ea0e77dea002df4daf00df71fe415a9dcbb2a6b15311e2526,0,data/benign_original/benign/d67a1f3801c7f60ea0e77dea002df4daf00df71fe415a9dcbb2a6b15311e2526.png
f2b70e6a172c8e2c2bf7d5165b6b59d75b43554428208395d8b8db9a16d47fe8,0,data/benign_original/benign/f2b70e6a172c8e2c2bf7d5165b6b59d75b43554428208395d8b8db9a16d47fe8.png
e4242043bc4b31a0779d42f5c731be64e24aee6b0f5c13113cc022c828c7d836,0,data/benign_original/benign/e4242043bc4b31a0779d42f5c731be64e24aee6b0f5c13113cc022c828c7d836.png
f6da03fc44aa2f93a6c5061a2327d17a861584f949faf1f6c2610b4e931ca30e,0,data/benign_original/benign/f6da03fc44aa2f93a6c5061a2327d17a861584f949faf1f6c2610b4e931ca30e.png
59bef851b09907dfd65a327501f12b5ab217d62ed49bdf0098c98e0047282312,0,data/benign_original/benign/59bef851b09907dfd65a327501f12b5ab217d62ed49bdf0098c98e0047282312.png
d86afeb17cbb2776a0a96398c1b546a9762f0cb3f9bb8adb49f1ce79e594c338,0,data/benign_original/benign/d86afeb17cbb2776a0a96398c1b546a9762f0cb3f9bb8adb49f1ce79e594c338.png
e3d34c7cf4f7bfd854bc14e3f0043fb58ad7196760bacd9efedf6631c88b2267,0,data/benign_original/benign/e3d34c7cf4f7bfd854bc14e3f0043fb58ad7196760bacd9efedf6631c88b2267.png
b7105d717abfafbc2938cfcef5dabdf0ead7e3df6108629db8b0893ddc1e8682,0,data/benign_original/benign/b7105d717abfafbc2938cfcef5dabdf0ead7e3df6108629db8b0893ddc1e8682.png
3fa22573e71c3c461a84acc5c469b5ec5955d317e506c854e7d2d1faea7868ea,1,data/malware_images/images/IcedID/3fa22573e71c3c461a84acc5c469b5ec5955d317e506c854e7d2d1faea7868ea.png
c2d701121b4245ec35c2ce6400a2df4f0233bf064cf37d3405d00964c0fa4123,0,data/benign_original/benign/c2d701121b4245ec35c2ce6400a2df4f0233bf064cf37d3405d00964c0fa4123.png
b86b34ee7dd3c9d28652aa403b4b5c64e92d9bd9c63fb3f4fd5141cb38dc380a,0,data/benign_original/benign/b86b34ee7dd3c9d28652aa403b4b5c64e92d9bd9c63fb3f4fd5141cb38dc380a.png
b9b08210a4d823ce9abff48e46a7e9044258756a1f526f17eb2d821f107c2cde,0,data/benign_original/benign/b9b08210a4d823ce9abff48e46a7e9044258756a1f526f17eb2d821f107c2cde.png
86c8b86a80e911bb63d7a78b828bf45a02afb5c9ab271906720feeec7c24fe7d,0,data/benign_original/benign/86c8b86a80e911bb63d7a78b828bf45a02afb5c9ab271906720feeec7c24fe7d.png
3df47f4ebe158f4394bd3e0c2052262e92192998c0637c259629b8e75fe85203,0,data/benign_original/benign/3df47f4ebe158f4394bd3e0c2052262e92192998c0637c259629b8e75fe85203.png
bc2f9fa16c1899e8d92a5d3a3f7dfbdbb9a1fc124e252259f2d86f207c2b09d4,0,data/benign_original/benign/bc2f9fa16c1899e8d92a5d3a3f7dfbdbb9a1fc124e252259f2d86f207c2b09d4.png
e2dd4bcd2af28f1b1db7658c2be573d4a55608a3527ab07af25b6c971fb21b14,0,data/benign_original/benign/e2dd4bcd2af28f1b1db7658c2be573d4a55608a3527ab07af25b6c971fb21b14.png
e0667de361d71224151e7d058a11862c12d2e65f937d357601fe3f61e01e2450,0,data/benign_original/benign/e0667de361d71224151e7d058a11862c12d2e65f937d357601fe3f61e01e2450.png
e1e27af7b07eeedf5ce71a9255f0422816a6fc5849a483c6714e1b472044fa9d,0,data/benign_original/benign/e1e27af7b07eeedf5ce71a9255f0422816a6fc5849a483c6714e1b472044fa9d.png
c0d2a11b73afc7c8eac5bb1ccf60002e5b132df23a18bd9dc8385eeb7992b283,0,data/benign_original/benign/c0d2a11b73afc7c8eac5bb1ccf60002e5b132df23a18bd9dc8385eeb7992b283.png
c7b8ee406eecfc6b2e2699d2b0c5a88e2b2a5c923c42a390722cf375c8b46efe,0,data/benign_original/benign/c7b8ee406eecfc6b2e2699d2b0c5a88e2b2a5c923c42a390722cf375c8b46efe.png
d031909ede593e5a752c7a7dbe8c76aad3100b2e306b16704dfb612cb22473ee,0,data/benign_original/benign/d031909ede593e5a752c7a7dbe8c76aad3100b2e306b16704dfb612cb22473ee.png
e6de819fde4e717bcbb5ac242ca87d5e4576b909eae791284550efea7b48b884,0,data/benign_original/benign/e6de819fde4e717bcbb5ac242ca87d5e4576b909eae791284550efea7b48b884.png
eae317b0a4c2a83127e97c7df9fa03a5452a56c9d269c487e72b5091a418294d,0,data/benign_original/benign/eae317b0a4c2a83127e97c7df9fa03a5452a56c9d269c487e72b5091a418294d.png
dc849f25c14a1521fcd18e6247e7c0afee270e7e92829ce9cf23863bf454e316,0,data/benign_original/benign/dc849f25c14a1521fcd18e6247e7c0afee270e7e92829ce9cf23863bf454e316.png
d960f1e8f6e75e45347bbe69ed1ff88f4175da39bdca2e1dc38a3b88cf4faaa4,0,data/benign_original/benign/d960f1e8f6e75e45347bbe69ed1ff88f4175da39bdca2e1dc38a3b88cf4faaa4.png
01750e298dc041d8c9fd24baa9ac84277194ad01155ddc7ea9b9b739d3eeb523,0,data/benign_original/benign/01750e298dc041d8c9fd24baa9ac84277194ad01155ddc7ea9b9b739d3eeb523.png
d33a8b6617fb437340e4a58994bb6205337530c063ab85cb4cc595e9f3a468e4,0,data/benign_original/benign/d33a8b6617fb437340e4a58994bb6205337530c063ab85cb4cc595e9f3a468e4.png
c5579fe8c938cf9c8a076e9ef87864e83da5977f689f619930b5129c6516bf4c,0,data/benign_original/benign/c5579fe8c938cf9c8a076e9ef87864e83da5977f689f619930b5129c6516bf4c.png
ef783fe8c85edf3eea470b91a3d3ee36292b7ec12ef2a959cf38e9fa5bf9f033,0,data/benign_original/benign/ef783fe8c85edf3eea470b91a3d3ee36292b7ec12ef2a959cf38e9fa5bf9f033.png
fc981aac04320907dbcf7c5bb87d9df3cc62dbd20d702a00eba45832d4685a49,0,data/benign_original/benign/fc981aac04320907dbcf7c5bb87d9df3cc62dbd20d702a00eba45832d4685a49.png
b71b2081906133f5e748b3f32155c73d25248e2fedc7675b876293b128c6d932,0,data/benign_original/benign/b71b2081906133f5e748b3f32155c73d25248e2fedc7675b876293b128c6d932.png
b8c972ad3d2ebc69cecdf83e8bd7d27332dacecc07f94545907dcc89aea2d5b9,0,data/benign_original/benign/b8c972ad3d2ebc69cecdf83e8bd7d27332dacecc07f94545907dcc89aea2d5b9.png
c9994c6272d2b503d513bf1f98cebea9d9847d7286afe079e288bedab36ab7e5,0,data/benign_original/benign/c9994c6272d2b503d513bf1f98cebea9d9847d7286afe079e288bedab36ab7e5.png
cdeff13f4ef1f7dd953d4496d253f6e7dddf53d60d0797f66fc249cdf4aada8b,0,data/benign_original/benign/cdeff13f4ef1f7dd953d4496d253f6e7dddf53d60d0797f66fc249cdf4aada8b.png
bc83044b1500688bf281a2c8d3d8e02db3de13e03d06734062b3e8b9fd462532,0,data/benign_original/benign/bc83044b1500688bf281a2c8d3d8e02db3de13e03d06734062b3e8b9fd462532.png
f925e5bfedc8429af8682b09e591bfb936d3ad7f985d18bdc8aa97ee5f7075fc,0,data/benign_original/benign/f925e5bfedc8429af8682b09e591bfb936d3ad7f985d18bdc8aa97ee5f7075fc.png
ee67d0458c38523336a08b982e0c6182798e45148f03436601737c421307c5f5,0,data/benign_original/benign/ee67d0458c38523336a08b982e0c6182798e45148f03436601737c421307c5f5.png
e73cf0f2ca9c429ca73d23071902744280bd57240069a27c0bce49afdf91d115,0,data/benign_original/benign/e73cf0f2ca9c429ca73d23071902744280bd57240069a27c0bce49afdf91d115.png
b365d7b27a628018f873da570798f3bd5fb7dbb10fb535dffd3164b6fc73390c,0,data/benign_original/benign/b365d7b27a628018f873da570798f3bd5fb7dbb10fb535dffd3164b6fc73390c.png
f5bbd65505a9ed28c25b16ebe2b3875fb3dd9ef52c295c268d15089377c6d400,0,data/benign_original/benign/f5bbd65505a9ed28c25b16ebe2b3875fb3dd9ef52c295c268d15089377c6d400.png
f7ad5665cba096af3d6f6ede5ec1fac9f5786c583e6147b4d0dc1867e83145c7,0,data/benign_original/benign/f7ad5665cba096af3d6f6ede5ec1fac9f5786c583e6147b4d0dc1867e83145c7.png
af1df28834936aef92e142c14b1439ca64d070840b2c07b87351174ec0f71d8a,0,data/benign_original/benign/af1df28834936aef92e142c14b1439ca64d070840b2c07b87351174ec0f71d8a.png
6cc0bfebc5c343dfc1d453cba78fbfc08a09de0a00f2fe9c86c0eca9817a62df,0,data/benign_original/benign/6cc0bfebc5c343dfc1d453cba78fbfc08a09de0a00f2fe9c86c0eca9817a62df.png
da2b25bc2e4e2365e636e36971f5d4880b17fbf5bdb77a3c15868604e9614bec,0,data/benign_original/benign/da2b25bc2e4e2365e636e36971f5d4880b17fbf5bdb77a3c15868604e9614bec.png
ebb320d7233136b0a28d5da9ab363486bd8c4b6f00700ba4dd46f2009fef63d6,0,data/benign_original/benign/ebb320d7233136b0a28d5da9ab363486bd8c4b6f00700ba4dd46f2009fef63d6.png
b4ebbc750cfceacc8ebbf17435564b81bb8b6bd43f843fd36a9ec66981b58760,0,data/benign_original/benign/b4ebbc750cfceacc8ebbf17435564b81bb8b6bd43f843fd36a9ec66981b58760.png
cfbfa5f909903aa3fe08d2f41a08f7fb8934534ecd6ab87034bf589c087d315e,0,data/benign_original/benign/cfbfa5f909903aa3fe08d2f41a08f7fb8934534ecd6ab87034bf589c087d315e.png
f6c70d449e1f64f2f67ceefa9504b11fd3bbe11e3c302938a34e3d4e0a64ffe3,0,data/benign_original/benign/f6c70d449e1f64f2f67ceefa9504b11fd3bbe11e3c302938a34e3d4e0a64ffe3.png
fe4146475fe189e4e53a88a0e7d76bd89754c0acc0042ea4370feb43c7c6312e,0,data/benign_original/benign/fe4146475fe189e4e53a88a0e7d76bd89754c0acc0042ea4370feb43c7c6312e.png
db2109e9a8f24fadd5a905c868f7eb64804237da1c23ed6597ab834cc11f63e7,0,data/benign_original/benign/db2109e9a8f24fadd5a905c868f7eb64804237da1c23ed6597ab834cc11f63e7.png
f110b2e983b83ede705a4ab2afbf117e33c3427ff7808cb1c122c8cd32dacfe1,0,data/benign_original/benign/f110b2e983b83ede705a4ab2afbf117e33c3427ff7808cb1c122c8cd32dacfe1.png
ba4bbcae43d8c4096f0ff2b63d7e229c500fbd6e43b5f3804dec8a90e2a19526,0,data/benign_original/benign/ba4bbcae43d8c4096f0ff2b63d7e229c500fbd6e43b5f3804dec8a90e2a19526.png
dfbea0231ab65276d8c4672999ae7088bc4849fef8e280d6b8663fd319adf420,0,data/benign_original/benign/dfbea0231ab65276d8c4672999ae7088bc4849fef8e280d6b8663fd319adf420.png
0b65c9b63092c96fc737ef39a1f05e437d5bbe57f0ca2bc634a14a34a92ebcb4,0,data/benign_original/benign/0b65c9b63092c96fc737ef39a1f05e437d5bbe57f0ca2bc634a14a34a92ebcb4.png
f0ef794c826f11a35a8a8b3f6b1a129f2e5c66c3b11cfb7ebefb5db30c958e69,0,data/benign_original/benign/f0ef794c826f11a35a8a8b3f6b1a129f2e5c66c3b11cfb7ebefb5db30c958e69.png
e5df2780201d58ffe097ba7f736c72e2931ff2fa93e5254b3cee4a1c39223d24,0,data/benign_original/benign/e5df2780201d58ffe097ba7f736c72e2931ff2fa93e5254b3cee4a1c39223d24.png
d55f868ebdb09a6d5f44f8590af1d4f24b24d5850198635a226ad885e4071c1d,0,data/benign_original/benign/d55f868ebdb09a6d5f44f8590af1d4f24b24d5850198635a226ad885e4071c1d.png
f8ece1b066d0ddccbee1bbfdb430449f2f3206b3ffbd6a724b05dc576c46d6b5,0,data/benign_original/benign/f8ece1b066d0ddccbee1bbfdb430449f2f3206b3ffbd6a724b05dc576c46d6b5.png
e5c6eb60211ec6b21425f7cd63d597109dfd4c867b5645b52d05684be59097fd,0,data/benign_original/benign/e5c6eb60211ec6b21425f7cd63d597109dfd4c867b5645b52d05684be59097fd.png
ba860c59ec805bb02fe1172e5eb32a195af7b3d3434beec211962fd8d7787061,0,data/benign_original/benign/ba860c59ec805bb02fe1172e5eb32a195af7b3d3434beec211962fd8d7787061.png
b3bb19b4a93ce198c0eba50fb08db61539d6c54ed0c227bded1780bd868a51f0,0,data/benign_original/benign/b3bb19b4a93ce198c0eba50fb08db61539d6c54ed0c227bded1780bd868a51f0.png
b42ce8eaa816e2afe3d50b14a0df476aa461d6301daf3eeb0d1422a0a7be3c09,0,data/benign_original/benign/b42ce8eaa816e2afe3d50b14a0df476aa461d6301daf3eeb0d1422a0a7be3c09.png
ca0de41cc82287294a8db3a3eee08bab89d21da1c3740c585ef5682f2cf9fe35,0,data/benign_original/benign/ca0de41cc82287294a8db3a3eee08bab89d21da1c3740c585ef5682f2cf9fe35.png
bd93c877643c2833228bb8134a8d3b375e923b11ce6c56773749d708240c62d1,0,data/benign_original/benign/bd93c877643c2833228bb8134a8d3b375e923b11ce6c56773749d708240c62d1.png
4ed80b78467fcd78c5e7d7823dbaa37d5c34a0b0d0b9e27c903e3174f1458796,0,data/benign_original/benign/4ed80b78467fcd78c5e7d7823dbaa37d5c34a0b0d0b9e27c903e3174f1458796.png
d90b7b06bcc73c5f8f61dbe16cb43f9a95bf6726db7abc090c89b553088739d0,0,data/benign_original/benign/d90b7b06bcc73c5f8f61dbe16cb43f9a95bf6726db7abc090c89b553088739d0.png
beee6288c9217178484cc753116182211ed88f18da88805d58af96a60d59f66d,0,data/benign_original/benign/beee6288c9217178484cc753116182211ed88f18da88805d58af96a60d59f66d.png
ce3cc60a0af909a711bead5a09bb9aa71b84b971855de862f33a164e9d1ffa05,1,data/malware_images/images/Trickbot/ce3cc60a0af909a711bead5a09bb9aa71b84b971855de862f33a164e9d1ffa05.png
e97ad479a4139adac6399655551348bfc289d84b1b3f22b2415f1d26bc899bdf,0,data/benign_original/benign/e97ad479a4139adac6399655551348bfc289d84b1b3f22b2415f1d26bc899bdf.png
da5b4e89fd4bc8d9b0d1477d213c3bd3d5ddfea5f14116e816348f56a0e848de,0,data/benign_original/benign/da5b4e89fd4bc8d9b0d1477d213c3bd3d5ddfea5f14116e816348f56a0e848de.png
fd7854f7f6a54c2373da681d578abee63a230212920614e6766d5406d48f0c59,0,data/benign_original/benign/fd7854f7f6a54c2373da681d578abee63a230212920614e6766d5406d48f0c59.png
d26bea824e8da57eaab253b67ecf31891ebea39fccb694e33e4473c932176865,0,data/benign_original/benign/d26bea824e8da57eaab253b67ecf31891ebea39fccb694e33e4473c932176865.png
b522d0ece97ee7bfa70452347c50b7eaa8263122c6162f39d4056961a5049b4e,0,data/benign_original/benign/b522d0ece97ee7bfa70452347c50b7eaa8263122c6162f39d4056961a5049b4e.png
bd6833def8dba71c0363f2412e6d72fa13c92b8a84a5f24dedf22d899fcd0541,0,data/benign_original/benign/bd6833def8dba71c0363f2412e6d72fa13c92b8a84a5f24dedf22d899fcd0541.png
ce01c0d8c1f455b70914d891d13ee6586f522f0922227225877682245e3476e0,0,data/benign_original/benign/ce01c0d8c1f455b70914d891d13ee6586f522f0922227225877682245e3476e0.png
b52193bb4b1f2a37719099f3e0b9cf8b50aac5c51e26a6a65ca25cd430a13cb9,0,data/benign_original/benign/b52193bb4b1f2a37719099f3e0b9cf8b50aac5c51e26a6a65ca25cd430a13cb9.png
c289ee0602ee6e34810715fad637eedf71f5cedae707cefa4b7c454dd2b37cba,0,data/benign_original/benign/c289ee0602ee6e34810715fad637eedf71f5cedae707cefa4b7c454dd2b37cba.png
e6c200f90829be3c7a194046ef73ce35ec417b435ec93f2536a5205ede6470cd,0,data/benign_original/benign/e6c200f90829be3c7a194046ef73ce35ec417b435ec93f2536a5205ede6470cd.png
e2866fd0a6918aead30053c830ccfa2001e57cbc4491bbb353119b013c14eaaf,0,data/benign_original/benign/e2866fd0a6918aead30053c830ccfa2001e57cbc4491bbb353119b013c14eaaf.png
65445303675931b6ccc3090176e6196f25bced4236b479c2753500878cd41ac7,0,data/benign_original/benign/65445303675931b6ccc3090176e6196f25bced4236b479c2753500878cd41ac7.png
77a515e1386c93a5d4279ba333c7f5913cdbaf0c93fa53a3d20d28883583aa96,0,data/benign_original/benign/77a515e1386c93a5d4279ba333c7f5913cdbaf0c93fa53a3d20d28883583aa96.png
343c0764df76f631702dfd15c52004e65792a1e033f5ae2c8925f35301364a64,0,data/benign_original/benign/343c0764df76f631702dfd15c52004e65792a1e033f5ae2c8925f35301364a64.png
d9dded0d36642c346aa05be45a13458f3fbd53dbc9b6b40e89087c963caca169,0,data/benign_original/benign/d9dded0d36642c346aa05be45a13458f3fbd53dbc9b6b40e89087c963caca169.png
c48e413f67204c5cb95fe511601460695666070586efc2370b1a72ec96ee139c,0,data/benign_original/benign/c48e413f67204c5cb95fe511601460695666070586efc2370b1a72ec96ee139c.png
ceb02b0bc89a25ad71b5032fd52de67cf338c938151dab9a62bcf073eef1dfef,0,data/benign_original/benign/ceb02b0bc89a25ad71b5032fd52de67cf338c938151dab9a62bcf073eef1dfef.png
e4536ed8c35fa71c055a03c7bbc23e601c03cf62202a3d9288caabad92c77d46,0,data/benign_original/benign/e4536ed8c35fa71c055a03c7bbc23e601c03cf62202a3d9288caabad92c77d46.png
dc0bc2045a57fcfadac7b011ed955e4c3b049c049aed6edd7bcaef60686024a6,0,data/benign_original/benign/dc0bc2045a57fcfadac7b011ed955e4c3b049c049aed6edd7bcaef60686024a6.png
c5031acc248d5f254e188f92ddf4c85cc6449cd92c0d13fd8502757050878f0e,0,data/benign_original/benign/c5031acc248d5f254e188f92ddf4c85cc6449cd92c0d13fd8502757050878f0e.png
b68aab327b7bbeaafdbab25654ae714c685c734e672c8fc3dc83d2f23a991c37,0,data/benign_original/benign/b68aab327b7bbeaafdbab25654ae714c685c734e672c8fc3dc83d2f23a991c37.png
f7090349bba51ea85e67126d67aa32abfdc90fae08841721464ad042f6a142aa,0,data/benign_original/benign/f7090349bba51ea85e67126d67aa32abfdc90fae08841721464ad042f6a142aa.png
f013f6aaa4c17de1ac323503a9ef71ec7e9789a4db0805654795aca3d0fbd62b,0,data/benign_original/benign/f013f6aaa4c17de1ac323503a9ef71ec7e9789a4db0805654795aca3d0fbd62b.png
fe35440fce3a147f2607f85e9c90ab90ea47c638ff3366280fef3591e3c0bd7e,0,data/benign_original/benign/fe35440fce3a147f2607f85e9c90ab90ea47c638ff3366280fef3591e3c0bd7e.png
b0930d9ea3af6788fbc40d54af3ae6e099150d9e8b311bd3df5edff964aec214,0,data/benign_original/benign/b0930d9ea3af6788fbc40d54af3ae6e099150d9e8b311bd3df5edff964aec214.png
fc9b1f94752d7080436824b480e83ba1ec930e3f7baa881f4e842b882e715cfc,0,data/benign_original/benign/fc9b1f94752d7080436824b480e83ba1ec930e3f7baa881f4e842b882e715cfc.png
e3a6592d9cb5f9e78a58537c1846b12b04a9ac99ec8864a17bddd6dc5d8ca201,0,data/benign_original/benign/e3a6592d9cb5f9e78a58537c1846b12b04a9ac99ec8864a17bddd6dc5d8ca201.png
f37bf97d2541cca50adea3e628112a48f199d56ec27ecbd395700038fc69d789,0,data/benign_original/benign/f37bf97d2541cca50adea3e628112a48f199d56ec27ecbd395700038fc69d789.png
bf8dbb7e9fb62178fc2771b163ca180167b5972270c243bb857f5fbbbcdeaaaa,0,data/benign_original/benign/bf8dbb7e9fb62178fc2771b163ca180167b5972270c243bb857f5fbbbcdeaaaa.png
b75ef0d9be5c111341dab495301c5939495487c2a76eb2ec1d1eac393e6efc5e,0,data/benign_original/benign/b75ef0d9be5c111341dab495301c5939495487c2a76eb2ec1d1eac393e6efc5e.png
c16fdd82e758c84b0ff262580eced07dc9cd31ed5522ceef8e19dae89012c1d8,0,data/benign_original/benign/c16fdd82e758c84b0ff262580eced07dc9cd31ed5522ceef8e19dae89012c1d8.png
f5a9b2351b837303f193dfa4a7254a703080295abf269781db5eda8b46674f0e,0,data/benign_original/benign/f5a9b2351b837303f193dfa4a7254a703080295abf269781db5eda8b46674f0e.png
d6d3181b73ddf4497e69970392d118f872e568d4099caffc933972f7a7a9d282,0,data/benign_original/benign/d6d3181b73ddf4497e69970392d118f872e568d4099caffc933972f7a7a9d282.png
b0779dddc24e425e43d44db35750bddc8393f9a68c0ed6374f32b9270cb5dd2c,0,data/benign_original/benign/b0779dddc24e425e43d44db35750bddc8393f9a68c0ed6374f32b9270cb5dd2c.png
4928a8227c85d9e5d9b26443fc6570eb746831b3b1c4a3fb6e29c0e33a3adcff,1,data/malware_images/images/Gozi/4928a8227c85d9e5d9b26443fc6570eb746831b3b1c4a3fb6e29c0e33a3adcff.png
edf1fbb7770d5d8e4daaf40ac72a4fac4cb5983d076cfe413e29786e59123953,0,data/benign_original/benign/edf1fbb7770d5d8e4daaf40ac72a4fac4cb5983d076cfe413e29786e59123953.png
1f81d3b756ec1430f476a5ae7af7b360b4acd923d4baceb91be49ab6515459fc,0,data/benign_original/benign/1f81d3b756ec1430f476a5ae7af7b360b4acd923d4baceb91be49ab6515459fc.png
e156cfda48e4b351cdac04d9cd2de4a204d3f851423ed9cea77c41ef6ec5e8f7,0,data/benign_original/benign/e156cfda48e4b351cdac04d9cd2de4a204d3f851423ed9cea77c41ef6ec5e8f7.png
efc3324bf5dea534d7415f7ecf1378ccd9ed32109578c03b9870810d1b47d6e6,0,data/benign_original/benign/efc3324bf5dea534d7415f7ecf1378ccd9ed32109578c03b9870810d1b47d6e6.png
c6671e11812401a0bbb342e2de2667c1396f4733c3f0a28ab71e0b109f3d6bd7,0,data/benign_original/benign/c6671e11812401a0bbb342e2de2667c1396f4733c3f0a28ab71e0b109f3d6bd7.png
fd8fdafb978ad98fff8fe412f05b112c1d24920c5fab2fb29eddbf2cd8aa54ea,0,data/benign_original/benign/fd8fdafb978ad98fff8fe412f05b112c1d24920c5fab2fb29eddbf2cd8aa54ea.png
deebf99b8868559bf6dd156576cebc63ba7ffa92e6039f6144aa7bdd56bf4e9b,0,data/benign_original/benign/deebf99b8868559bf6dd156576cebc63ba7ffa92e6039f6144aa7bdd56bf4e9b.png
f13f03c60b48664b5ab5b294c32feb1ff2fd632f206ee6732d3ddffb919a8b57,0,data/benign_original/benign/f13f03c60b48664b5ab5b294c32feb1ff2fd632f206ee6732d3ddffb919a8b57.png
7690b3f141152e6bebf78096aeb63413b8bf76f7c9bb09f70e1759705de79b34,0,data/benign_original/benign/7690b3f141152e6bebf78096aeb63413b8bf76f7c9bb09f70e1759705de79b34.png
187821ce11c317d6a4749168e2434b29576854d0fe8b63339d907218f0bfe222,0,data/benign_original/benign/187821ce11c317d6a4749168e2434b29576854d0fe8b63339d907218f0bfe222.png
d8118d73150ec1239b6cf8fccaa8778f8a15e12d49897b924a1e07e8ccf87759,0,data/benign_original/benign/d8118d73150ec1239b6cf8fccaa8778f8a15e12d49897b924a1e07e8ccf87759.png
d858be59d3d2eb100ba1d963cbff906ff542ec3501a5921c34f59c04cb78e2db,0,data/benign_original/benign/d858be59d3d2eb100ba1d963cbff906ff542ec3501a5921c34f59c04cb78e2db.png
f1eae7c77b33d4795a3527127b7839f09850043a985baeaccc994fa7fdaeae06,0,data/benign_original/benign/f1eae7c77b33d4795a3527127b7839f09850043a985baeaccc994fa7fdaeae06.png
b4c81c63e89d819ac5f2bb232373f15c80e4a98dd3a924a905b4519535ffc496,0,data/benign_original/benign/b4c81c63e89d819ac5f2bb232373f15c80e4a98dd3a924a905b4519535ffc496.png
e0718764552ce0092f528cc521052229ccda4bf21279f90dcdfc226f45eed43a,0,data/benign_original/benign/e0718764552ce0092f528cc521052229ccda4bf21279f90dcdfc226f45eed43a.png
d9c80b07b3d914f34929886067071415dcadd4a177e24cc02052e1c240045577,0,data/benign_original/benign/d9c80b07b3d914f34929886067071415dcadd4a177e24cc02052e1c240045577.png
ca12ac49b2ef612266509d6dc01cdeee5502d9146d39501c72784c33644c77c3,0,data/benign_original/benign/ca12ac49b2ef612266509d6dc01cdeee5502d9146d39501c72784c33644c77c3.png
cd83ff1ca0771026e25b49d647b94a317e064274ed35802357d228a93189bd79,0,data/benign_original/benign/cd83ff1ca0771026e25b49d647b94a317e064274ed35802357d228a93189bd79.png
d9f86fc4a7292d8f206c4352fd6162f7db20274edcbd1b54433b1074852ae122,0,data/benign_original/benign/d9f86fc4a7292d8f206c4352fd6162f7db20274edcbd1b54433b1074852ae122.png
f1189b10e921791bbab3e9b213772dc010e530f6e12c1b4d6063007b91c433ff,0,data/benign_original/benign/f1189b10e921791bbab3e9b213772dc010e530f6e12c1b4d6063007b91c433ff.png
c7d3e6368a6f23219e2d07bcb80c8633284e80bbea388b3d986ae40e6af0cc6d,0,data/benign_original/benign/c7d3e6368a6f23219e2d07bcb80c8633284e80bbea388b3d986ae40e6af0cc6d.png
ff4de3f770231b7d82ee3b88acb8b6b46281c08157d731023de8069281fca7d8,0,data/benign_original/benign/ff4de3f770231b7d82ee3b88acb8b6b46281c08157d731023de8069281fca7d8.png
f0ab80e4512ddf123238b164ee2b638efacecd21bb5955a49f7b06ac6f0ea536,0,data/benign_original/benign/f0ab80e4512ddf123238b164ee2b638efacecd21bb5955a49f7b06ac6f0ea536.png
d188a9e28c86ef4f3babf113a0861786e9a37d935a4a797527a69b972b7b8b0c,0,data/benign_original/benign/d188a9e28c86ef4f3babf113a0861786e9a37d935a4a797527a69b972b7b8b0c.png
d1b654af18026bbaed8722177270e3f3ebb5634287c71962971c73af297f3a8a,0,data/benign_original/benign/d1b654af18026bbaed8722177270e3f3ebb5634287c71962971c73af297f3a8a.png
b38f37d9a84a50c75fea300cfce623744eea015f461cbd730bc7eb867cc7943e,0,data/benign_original/benign/b38f37d9a84a50c75fea300cfce623744eea015f461cbd730bc7eb867cc7943e.png
a6376200168b30c542e04f44d9c68c2bf21deee11d23d1b3bd3577de19d72dbf,0,data/benign_original/benign/a6376200168b30c542e04f44d9c68c2bf21deee11d23d1b3bd3577de19d72dbf.png
c912cf87c3e86faef0a72a2c215b5e27f1de009a21eb4ceb87d24ede8558422e,0,data/benign_original/benign/c912cf87c3e86faef0a72a2c215b5e27f1de009a21eb4ceb87d24ede8558422e.png
cfedbca6a96a0b42c5193eec4c7e5a8d9486297d68da9f54d192e8e3a9966ca8,0,data/benign_original/benign/cfedbca6a96a0b42c5193eec4c7e5a8d9486297d68da9f54d192e8e3a9966ca8.png
cb3783736b61c9aca15d09e4b8baa8dd722653b9554cc974b8f9850a1bc4e54a,0,data/benign_original/benign/cb3783736b61c9aca15d09e4b8baa8dd722653b9554cc974b8f9850a1bc4e54a.png
edd266d4636b34441d3cb1f9a0e91ab3543bdfceb1ae5f70c2a86df6ac824bc4,0,data/benign_original/benign/edd266d4636b34441d3cb1f9a0e91ab3543bdfceb1ae5f70c2a86df6ac824bc4.png
b78caad4e90c3118083b3655721fb8fb550be261025b1352a42a8cb811d4af86,0,data/benign_original/benign/b78caad4e90c3118083b3655721fb8fb550be261025b1352a42a8cb811d4af86.png
c0b68e55a31c2b8cb68be24ef5acbdafb15723230830dc8e251b199190218b13,0,data/benign_original/benign/c0b68e55a31c2b8cb68be24ef5acbdafb15723230830dc8e251b199190218b13.png
b64ef283dbd9d2cf0adf828c32364899763c726f579db42ecda8afbdafe275f6,0,data/benign_original/benign/b64ef283dbd9d2cf0adf828c32364899763c726f579db42ecda8afbdafe275f6.png
59c8343fa81d51d03b88ddc9a881a23ccfe2d7a4ddc29d0f5c68b289fc3b8dfc,0,data/benign_original/benign/59c8343fa81d51d03b88ddc9a881a23ccfe2d7a4ddc29d0f5c68b289fc3b8dfc.png
388769a81423d9e41eea346d0003759236f5071bd27e2826b49a6e890d8c6946,1,data/malware_images/images/Trickbot/388769a81423d9e41eea346d0003759236f5071bd27e2826b49a6e890d8c6946.png
c7e0c6ac32af50d9fb77ef933b80a0ea704dc8de7b84f438f3fe9a696123363f,0,data/benign_original/benign/c7e0c6ac32af50d9fb77ef933b80a0ea704dc8de7b84f438f3fe9a696123363f.png
dfced46492c798edec55281c874b707af820b64e1f6d7e0e7a3ec1cae5158143,0,data/benign_original/benign/dfced46492c798edec55281c874b707af820b64e1f6d7e0e7a3ec1cae5158143.png
c3e6c378a2d1a523c3fdc6512a881372c69e483a2f88925e881928649e4fc4a7,0,data/benign_original/benign/c3e6c378a2d1a523c3fdc6512a881372c69e483a2f88925e881928649e4fc4a7.png
b175881264f15c69ee6819b976e8981a6ebfe07a57b3ac84878de5a55cb26374,0,data/benign_original/benign/b175881264f15c69ee6819b976e8981a6ebfe07a57b3ac84878de5a55cb26374.png
f0c85317295a2f34297aa8f6b6c48c2452d15700024c5f1492ed7ac1537a7c44,0,data/benign_original/benign/f0c85317295a2f34297aa8f6b6c48c2452d15700024c5f1492ed7ac1537a7c44.png
d6a911329bbbc2ff509975c000da01f66566cf038a005dc131300834ebc39209,0,data/benign_original/benign/d6a911329bbbc2ff509975c000da01f66566cf038a005dc131300834ebc39209.png
f94b34e20013dbd1405e7b20255c128f1f015d351bab07bfa59f8c3448741ca1,0,data/benign_original/benign/f94b34e20013dbd1405e7b20255c128f1f015d351bab07bfa59f8c3448741ca1.png
c9f7b2f2687740a2ca76abe62f956a3ad0f2477be8c5c7a4f31b36efb5c1abcb,0,data/benign_original/benign/c9f7b2f2687740a2ca76abe62f956a3ad0f2477be8c5c7a4f31b36efb5c1abcb.png
b758e13a6e0285c377d4e4c767385459680481318c0bc75a89d367eed9147332,0,data/benign_original/benign/b758e13a6e0285c377d4e4c767385459680481318c0bc75a89d367eed9147332.png
88e88dffa87f88714aac093405453cb6e3708b3db9335c94da6946cacfb6bab9,0,data/benign_original/benign/88e88dffa87f88714aac093405453cb6e3708b3db9335c94da6946cacfb6bab9.png
84f059c97836f74b86621dbbbd2a4f1c44cc89f9a27efe6bdd03dc6cc46a4fbe,0,data/benign_original/benign/84f059c97836f74b86621dbbbd2a4f1c44cc89f9a27efe6bdd03dc6cc46a4fbe.png
d7c42db4734cd05dfc5944c001191b67bd28522438c69c9e67446a1a372d7673,0,data/benign_original/benign/d7c42db4734cd05dfc5944c001191b67bd28522438c69c9e67446a1a372d7673.png
ba1c42cbe3d349ffe0744fb1739b5544a3ade3f14613645c381a3cd236f19fb1,0,data/benign_original/benign/ba1c42cbe3d349ffe0744fb1739b5544a3ade3f14613645c381a3cd236f19fb1.png
c49b0a078c86b91fb9795b795fb2376c0dc216d8d27afd7cc2195bcc9b75606d,0,data/benign_original/benign/c49b0a078c86b91fb9795b795fb2376c0dc216d8d27afd7cc2195bcc9b75606d.png
c33d8b5589880c1a82f257555f5dea36190e409cff9b2980ab80b314ccb11bae,1,data/malware_images/images/njrat/c33d8b5589880c1a82f257555f5dea36190e409cff9b2980ab80b314ccb11bae.png
e382103346b91c57450bce3abb06eff61192ba9ec98dcf3e88552662ce0ed10b,0,data/benign_original/benign/e382103346b91c57450bce3abb06eff61192ba9ec98dcf3e88552662ce0ed10b.png
ed341d2bf7d18ba97d365716e7def8c09ec94d832a50e43805bcbd5c2db9bd66,0,data/benign_original/benign/ed341d2bf7d18ba97d365716e7def8c09ec94d832a50e43805bcbd5c2db9bd66.png
b6c9e17cb666b9b811a899a6b6f0978e4e8b7246ce8253f79da8faae7379e376,0,data/benign_original/benign/b6c9e17cb666b9b811a899a6b6f0978e4e8b7246ce8253f79da8faae7379e376.png
2ac33b71209e3f0daa7799faf4e9fb94b4ba92b6b88220b08a3bf031fd711f67,0,data/benign_original/benign/2ac33b71209e3f0daa7799faf4e9fb94b4ba92b6b88220b08a3bf031fd711f67.png
dc66843f5a304362179f9fe4ca1a1d0b1249934e545c303c3ee353d061dd0ffa,0,data/benign_original/benign/dc66843f5a304362179f9fe4ca1a1d0b1249934e545c303c3ee353d061dd0ffa.png
f2ebf3a17b714020bce26ca739f14205e806f21d476a59fe6c0d8173dc02f2ee,0,data/benign_original/benign/f2ebf3a17b714020bce26ca739f14205e806f21d476a59fe6c0d8173dc02f2ee.png
c55779c0dd821db2ffed37c47abadbb57769f7abcfdc87103779104128487944,0,data/benign_original/benign/c55779c0dd821db2ffed37c47abadbb57769f7abcfdc87103779104128487944.png
e96a55000b0f4d0a0b0e404c44d5714ac2927050f54534c03f8bbdbb5183859b,0,data/benign_original/benign/e96a55000b0f4d0a0b0e404c44d5714ac2927050f54534c03f8bbdbb5183859b.png
b34721d1bdc0746168c0f5d3753e1e98b4f863d1a5fbc5fa07f9c06cff13c40f,0,data/benign_original/benign/b34721d1bdc0746168c0f5d3753e1e98b4f863d1a5fbc5fa07f9c06cff13c40f.png
b1d8ed021f1254463d7e7205eb4b3f72eca715f55b23b9255a94196ed427dafe,0,data/benign_original/benign/b1d8ed021f1254463d7e7205eb4b3f72eca715f55b23b9255a94196ed427dafe.png
d7ce505904dd73ba0f3f3a473b747ad19134e66625ff588b5073202b4026ce46,0,data/benign_original/benign/d7ce505904dd73ba0f3f3a473b747ad19134e66625ff588b5073202b4026ce46.png
b624949df8b0e3a6153fdfb730a7c6f4990b6592ee0d922e1788433d276610f3,0,data/benign_original/benign/b624949df8b0e3a6153fdfb730a7c6f4990b6592ee0d922e1788433d276610f3.png
78c52562ba7751a9f1e5ac9ae75eaac1851874bce15ae7af8385ecca24070f99,1,data/malware_images/images/Gozi/78c52562ba7751a9f1e5ac9ae75eaac1851874bce15ae7af8385ecca24070f99.png
c6b3b2c18657d9e6626404be41cd63e4367d8658a034cd72ec8e2869b0eaa8ee,0,data/benign_original/benign/c6b3b2c18657d9e6626404be41cd63e4367d8658a034cd72ec8e2869b0eaa8ee.png
daab58ef131434e2abd73081e92689769e0da064798c9ad224486f4fb47b06e9,0,data/benign_original/benign/daab58ef131434e2abd73081e92689769e0da064798c9ad224486f4fb47b06e9.png
f2f970dd231b2c500b05884a9dcc5572514969176ee2fb58a048e32391ae8352,0,data/benign_original/benign/f2f970dd231b2c500b05884a9dcc5572514969176ee2fb58a048e32391ae8352.png
e3e8e8916ce9c0d3437594d70b7d7eb252e7dd50fa011c639282e75312299679,0,data/benign_original/benign/e3e8e8916ce9c0d3437594d70b7d7eb252e7dd50fa011c639282e75312299679.png
d3da307d1f453265fea20ccf7e2e3e4b0040a98b08be4ec9e988b40e7ad16634,0,data/benign_original/benign/d3da307d1f453265fea20ccf7e2e3e4b0040a98b08be4ec9e988b40e7ad16634.png
baf7d37faece4225f43376cfd19cc2a0cf3b0d7d8390c37ab3ebb7e39949acd6,0,data/benign_original/benign/baf7d37faece4225f43376cfd19cc2a0cf3b0d7d8390c37ab3ebb7e39949acd6.png
fa9b8bf36c9588045d905e38b82bdf67326c285707b152d1f4c341c76dcea518,0,data/benign_original/benign/fa9b8bf36c9588045d905e38b82bdf67326c285707b152d1f4c341c76dcea518.png
98cbe4d5b07975cd7f0b7a23296b918264585dce46b2c1844a9f52640c03d2a6,1,data/malware_images/images/GuLoader/98cbe4d5b07975cd7f0b7a23296b918264585dce46b2c1844a9f52640c03d2a6.png
dc5465abe73543f4f8ad67985a9d73af630df1b95d0bd87123c334ad436c45e4,0,data/benign_original/benign/dc5465abe73543f4f8ad67985a9d73af630df1b95d0bd87123c334ad436c45e4.png
b0c15cf9981ac5e4a19173bee0f483b0bbb02dc8efdb162c701d425cf1137eaf,0,data/benign_original/benign/b0c15cf9981ac5e4a19173bee0f483b0bbb02dc8efdb162c701d425cf1137eaf.png
c7a4621dce77ccf65bea1df187ff84d258ccb8a20a79c3120c9c8585fa0aff7e,0,data/benign_original/benign/c7a4621dce77ccf65bea1df187ff84d258ccb8a20a79c3120c9c8585fa0aff7e.png
d03de3cebbf4090786c7b102cf654081764d7807bb16e602015ea0f759ee16f9,0,data/benign_original/benign/d03de3cebbf4090786c7b102cf654081764d7807bb16e602015ea0f759ee16f9.png
d9e030211f48f263fba871a5117bce28f785335f06105c33c75271ebf1b9143b,0,data/benign_original/benign/d9e030211f48f263fba871a5117bce28f785335f06105c33c75271ebf1b9143b.png
ea8afd1a001b026f10bf0e72c9eef95f1ea7b218ef9bdeb43c79c94d2260cada,0,data/benign_original/benign/ea8afd1a001b026f10bf0e72c9eef95f1ea7b218ef9bdeb43c79c94d2260cada.png
cc559cdbee12ecc2c3c85aa79e2aafee8ba446e9b52beb36db1b35f94e535199,0,data/benign_original/benign/cc559cdbee12ecc2c3c85aa79e2aafee8ba446e9b52beb36db1b35f94e535199.png
c866458dbf896d353c3abfaf41f4c1439676bd3b34309bfc3e8f82a34ba50a3d,0,data/benign_original/benign/c866458dbf896d353c3abfaf41f4c1439676bd3b34309bfc3e8f82a34ba50a3d.png
d2dc98b3d9cbfebd92d16aeb6be475b68ec30943503014e33b645e5ca7de2cfb,0,data/benign_original/benign/d2dc98b3d9cbfebd92d16aeb6be475b68ec30943503014e33b645e5ca7de2cfb.png
d4842500fb6ab3af0f8905c91ab4ea8f3421c92a14bce678fb393319d1d4d9bd,0,data/benign_original/benign/d4842500fb6ab3af0f8905c91ab4ea8f3421c92a14bce678fb393319d1d4d9bd.png
af4f6308343a0141f8f48d21b5f7e1946c2983f69841d03399628d558ae03c46,0,data/benign_original/benign/af4f6308343a0141f8f48d21b5f7e1946c2983f69841d03399628d558ae03c46.png
41075ac62fe6e2e3bd10da42dc947392771078eecc4cee163cc2583ba6ff4c29,0,data/benign_original/benign/41075ac62fe6e2e3bd10da42dc947392771078eecc4cee163cc2583ba6ff4c29.png
49f89b7e949b6cabc189c54c4b1889da073935fbfafa8b1e2dbbd93567772fec,0,data/benign_original/benign/49f89b7e949b6cabc189c54c4b1889da073935fbfafa8b1e2dbbd93567772fec.png
b0a70c59a259d6e110e6dcd10aff261f75cc391f23c18cc1b256fe1dc66613fa,0,data/benign_original/benign/b0a70c59a259d6e110e6dcd10aff261f75cc391f23c18cc1b256fe1dc66613fa.png
bb5bca374fe68312cc585a553092c3b0072cf6b550aeaf366c7288e5cd68d297,0,data/benign_original/benign/bb5bca374fe68312cc585a553092c3b0072cf6b550aeaf366c7288e5cd68d297.png
bef28b95a29a9076512dc370ed0d8f0c40708e5f958e2d96042741eb6861cc04,0,data/benign_original/benign/bef28b95a29a9076512dc370ed0d8f0c40708e5f958e2d96042741eb6861cc04.png
e4a02ce960dee5c2be94a35e99641ed8a03dcc62c466eca6f637cdc1a4896c51,0,data/benign_original/benign/e4a02ce960dee5c2be94a35e99641ed8a03dcc62c466eca6f637cdc1a4896c51.png
2a6e278d7e7f4035f7eda4aab88edd45e8b929e44bf96a2b4a351bc9f8dad17f,1,data/malware_images/images/njrat/2a6e278d7e7f4035f7eda4aab88edd45e8b929e44bf96a2b4a351bc9f8dad17f.png
afbf9eeb5f3c9ec9bb411c1a7c43a8166136bec4217c1fa4f26353eca90778f0,0,data/benign_original/benign/afbf9eeb5f3c9ec9bb411c1a7c43a8166136bec4217c1fa4f26353eca90778f0.png
d1ceb9aef4c7016cc972e94261a112cea8f2978cc9fef25d444f022a90894333,0,data/benign_original/benign/d1ceb9aef4c7016cc972e94261a112cea8f2978cc9fef25d444f022a90894333.png
d87cc0df44cba810ec0438f7f5f4b66d41c02ee0c7716c51fd70e576bb2f3035,0,data/benign_original/benign/d87cc0df44cba810ec0438f7f5f4b66d41c02ee0c7716c51fd70e576bb2f3035.png
b8af7c6804ef53a3cafd34d96b3a94e11fb4b9b90aaf9644b41eb7f4123d8f29,0,data/benign_original/benign/b8af7c6804ef53a3cafd34d96b3a94e11fb4b9b90aaf9644b41eb7f4123d8f29.png
405865f8af5ff082926927140e1915d1f77f63d3dcd703b3f0fe72102fd80abd,0,data/benign_original/benign/405865f8af5ff082926927140e1915d1f77f63d3dcd703b3f0fe72102fd80abd.png
fabc7c12fd6523338f8adb3fefcaed7f213afe95e784ef36ecdf42da67421ab1,0,data/benign_original/benign/fabc7c12fd6523338f8adb3fefcaed7f213afe95e784ef36ecdf42da67421ab1.png
e7867dad4d09c3e96846460497ed49fb67fd3ac84b47fd00f051f2d6d48b842d,0,data/benign_original/benign/e7867dad4d09c3e96846460497ed49fb67fd3ac84b47fd00f051f2d6d48b842d.png
cc7d2e35fa5f1fb7ed8b0404857d1c01fd9021c721378e66ff8b7cb5dedc64cb,0,data/benign_original/benign/cc7d2e35fa5f1fb7ed8b0404857d1c01fd9021c721378e66ff8b7cb5dedc64cb.png
c60398d9455d323a727f0012afb81bdba3c3fa712405d6246e94b98a70cbe577,0,data/benign_original/benign/c60398d9455d323a727f0012afb81bdba3c3fa712405d6246e94b98a70cbe577.png
af0c562398c5a0baf537da9f6da4354c60df77004d1fd110f863e90cd150113e,0,data/benign_original/benign/af0c562398c5a0baf537da9f6da4354c60df77004d1fd110f863e90cd150113e.png
c1409cf7edc4ae0df90deba32e1087ec4fca5052809197edafb417a58172c0a5,0,data/benign_original/benign/c1409cf7edc4ae0df90deba32e1087ec4fca5052809197edafb417a58172c0a5.png
c22a588cc78091edad89bcc8f76263ebdc5f23103bbd412fe4c8e1cc47afbd3f,0,data/benign_original/benign/c22a588cc78091edad89bcc8f76263ebdc5f23103bbd412fe4c8e1cc47afbd3f.png
d1450c40d89d1a250fd19f530cfb3b84b0e2c9d5889bec5e85444ea8ede7d11b,0,data/benign_original/benign/d1450c40d89d1a250fd19f530cfb3b84b0e2c9d5889bec5e85444ea8ede7d11b.png
b1444304894c86ffc73c530977df36b56598f48db7c3de13fed25d40d5ce0b7f,0,data/benign_original/benign/b1444304894c86ffc73c530977df36b56598f48db7c3de13fed25d40d5ce0b7f.png
106215c9788fceba2ddfb87aec04c98d70687b134583f743337ec4d4411f13c4,0,data/benign_original/benign/106215c9788fceba2ddfb87aec04c98d70687b134583f743337ec4d4411f13c4.png
daa0358c5d7e10dc66d481b4e08af5a7813b3b42ca9fd0c74ba1bd176df856cb,0,data/benign_original/benign/daa0358c5d7e10dc66d481b4e08af5a7813b3b42ca9fd0c74ba1bd176df856cb.png
f37d8f7491a542a402dea029dd989d149f0ccb5ef6596b0a35759469f431eac3,0,data/benign_original/benign/f37d8f7491a542a402dea029dd989d149f0ccb5ef6596b0a35759469f431eac3.png
bef6d2772e9400b3dc87f5e308f4e95cf31857e0865f75ed97107886a5f8c224,0,data/benign_original/benign/bef6d2772e9400b3dc87f5e308f4e95cf31857e0865f75ed97107886a5f8c224.png
d67c03a53a564f007253b9e12205461a1ae6cb520bcce77332a385f25029d8f7,0,data/benign_original/benign/d67c03a53a564f007253b9e12205461a1ae6cb520bcce77332a385f25029d8f7.png
daff63c2c374463e0cf476b5cbadf2d58d0dade0bb0c29ddae543a69ba34fb93,0,data/benign_original/benign/daff63c2c374463e0cf476b5cbadf2d58d0dade0bb0c29ddae543a69ba34fb93.png
da6bef4475c440da73736dc6a500dc5fc8435387250e94b6d8877bb7d3b915b9,0,data/benign_original/benign/da6bef4475c440da73736dc6a500dc5fc8435387250e94b6d8877bb7d3b915b9.png
d2b2246ce976bf4840f0d32ad17c17fbbb312b37ce945d1091e2a683704f6db3,0,data/benign_original/benign/d2b2246ce976bf4840f0d32ad17c17fbbb312b37ce945d1091e2a683704f6db3.png
b7f8383a394b3a6157816e0eb2399d92e4da28c806af15df1138172d1eaeab5e,0,data/benign_original/benign/b7f8383a394b3a6157816e0eb2399d92e4da28c806af15df1138172d1eaeab5e.png
b83c6015fac82d98f1072be4585d3bdb51169bf63829d7ea459465f465dab67e,0,data/benign_original/benign/b83c6015fac82d98f1072be4585d3bdb51169bf63829d7ea459465f465dab67e.png
e51a88e0ec064b447679943a7dfa4171a2ff4a371ea8935a7b36c163d597caf5,0,data/benign_original/benign/e51a88e0ec064b447679943a7dfa4171a2ff4a371ea8935a7b36c163d597caf5.png
be03023d11b122d60b84e91cf1c3b807ef93b455cc3308330033f56e53bd4720,0,data/benign_original/benign/be03023d11b122d60b84e91cf1c3b807ef93b455cc3308330033f56e53bd4720.png
bf938ac7d6ab6d8bac0f6f8957e1d8dc7affe2cff7f0eadc210ca115e5fc188e,0,data/benign_original/benign/bf938ac7d6ab6d8bac0f6f8957e1d8dc7affe2cff7f0eadc210ca115e5fc188e.png
f13f81085495824956c6a35825e379ead3a6a0348bacda30495dfc54b917fad2,0,data/benign_original/benign/f13f81085495824956c6a35825e379ead3a6a0348bacda30495dfc54b917fad2.png
fa4b488078251b1e00d76c390d415dbd1c5728b9732380e83b324ba295685e64,0,data/benign_original/benign/fa4b488078251b1e00d76c390d415dbd1c5728b9732380e83b324ba295685e64.png
d94db82594538d6708c623b2e0d5a41f66b671f0e7eccd778769a2fad5630908,0,data/benign_original/benign/d94db82594538d6708c623b2e0d5a41f66b671f0e7eccd778769a2fad5630908.png
d282116e5946c3eacabdebd2ba938186bd987d8942d29230f0dfa157570ba9bf,0,data/benign_original/benign/d282116e5946c3eacabdebd2ba938186bd987d8942d29230f0dfa157570ba9bf.png
40973d2b21fc99adda02a0785133fbf4ec53602d8e26c79503ef357234b6b579,0,data/benign_original/benign/40973d2b21fc99adda02a0785133fbf4ec53602d8e26c79503ef357234b6b579.png
04c68882a19c7dd018aa1ca19e12fdf0dc4f45f200df565157e94567b76035cd,1,data/malware_images/images/IcedID/04c68882a19c7dd018aa1ca19e12fdf0dc4f45f200df565157e94567b76035cd.png
e546bdf9e5c7a0a1798e01a06397efc867115aeaf7c98a8ac9fb3783d2326751,0,data/benign_original/benign/e546bdf9e5c7a0a1798e01a06397efc867115aeaf7c98a8ac9fb3783d2326751.png
f45c03da02d6ad62d15a9c3748fb771cf048148eda43c2fdaa175a8e4e7eb654,0,data/benign_original/benign/f45c03da02d6ad62d15a9c3748fb771cf048148eda43c2fdaa175a8e4e7eb654.png
c5166c1e376aa87e529b93669a40b0d9de2a78e2a8996c800b3505d61a58abd8,1,data/malware_images/images/Trickbot/c5166c1e376aa87e529b93669a40b0d9de2a78e2a8996c800b3505d61a58abd8.png
b2012cc9ab00c31eee0ec9f16dd24a306d288b9346478c655aca7e0b9433d937,0,data/benign_original/benign/b2012cc9ab00c31eee0ec9f16dd24a306d288b9346478c655aca7e0b9433d937.png
d991a56580dcdd16a0d9410f5a8f2723187b8a7e5c30af22abc50f1ead889b84,0,data/benign_original/benign/d991a56580dcdd16a0d9410f5a8f2723187b8a7e5c30af22abc50f1ead889b84.png
f42b8609854d80d7f81f276340504aa5e82bbe4d73d05080fef1fcca2444b4d5,0,data/benign_original/benign/f42b8609854d80d7f81f276340504aa5e82bbe4d73d05080fef1fcca2444b4d5.png
bd44ac38650e552afeb2c9e1836f3a4e1ac496af782f71b1638d41e58399292e,0,data/benign_original/benign/bd44ac38650e552afeb2c9e1836f3a4e1ac496af782f71b1638d41e58399292e.png
fd9d7efba8aa4a1d51cfa5e1edc28ddaea3093f3c936abf2108eb82e7d45cb48,0,data/benign_original/benign/fd9d7efba8aa4a1d51cfa5e1edc28ddaea3093f3c936abf2108eb82e7d45cb48.png
23dcad63c4343df1b6e7ede1935e2dfe2be1a13793ed9153824a6cb32c2ae85b,0,data/benign_original/benign/23dcad63c4343df1b6e7ede1935e2dfe2be1a13793ed9153824a6cb32c2ae85b.png
e24fa14c5baf9817517508a0313ad7f9b42992ba3c96fb5ca2e7fd68d8217db8,0,data/benign_original/benign/e24fa14c5baf9817517508a0313ad7f9b42992ba3c96fb5ca2e7fd68d8217db8.png
bb21ba60469fad80beaac4173edd8d0a783e5ab2c8cc2d0c1e112a1cf3f8bf03,0,data/benign_original/benign/bb21ba60469fad80beaac4173edd8d0a783e5ab2c8cc2d0c1e112a1cf3f8bf03.png
30fa3790d2049953b8063d77689133c712e58df4cc4f9cbbbddaa96bf79941ee,0,data/benign_original/benign/30fa3790d2049953b8063d77689133c712e58df4cc4f9cbbbddaa96bf79941ee.png
d90fd867b38c134678d31c4354f4514b9f3efff494f7e9eecac8df6ef07a77c9,0,data/benign_original/benign/d90fd867b38c134678d31c4354f4514b9f3efff494f7e9eecac8df6ef07a77c9.png
e14f9254f210f3e2bad8054dbf7b58f8a14387319ea4431eff631a93c832cde7,0,data/benign_original/benign/e14f9254f210f3e2bad8054dbf7b58f8a14387319ea4431eff631a93c832cde7.png
c50c56bc6ca0a9cce44f25e3d261aff0da9987618c834cc76c61d0c841e2c632,0,data/benign_original/benign/c50c56bc6ca0a9cce44f25e3d261aff0da9987618c834cc76c61d0c841e2c632.png
ba7fc2011aae587df6179f7657cc4cf337da0cfe235f209b98c1e95bd17abb07,0,data/benign_original/benign/ba7fc2011aae587df6179f7657cc4cf337da0cfe235f209b98c1e95bd17abb07.png
f6ba2f61c4a59c1d5dc7414a5c4d160bbb7dc83e8daced5d640dcaae7b00542c,0,data/benign_original/benign/f6ba2f61c4a59c1d5dc7414a5c4d160bbb7dc83e8daced5d640dcaae7b00542c.png
f9aaaabf78feb39a1d8e971f5ce047d1c4a896a80409b800f1f7112cdce420ed,0,data/benign_original/benign/f9aaaabf78feb39a1d8e971f5ce047d1c4a896a80409b800f1f7112cdce420ed.png
69828c857d4824b9f850b1e0597d2c134c91114b7a0774c41dffe33b0eb23721,0,data/benign_original/benign/69828c857d4824b9f850b1e0597d2c134c91114b7a0774c41dffe33b0eb23721.png
f61caf649570ffa44f821e94d0467ecf81d89db1bf126b2ee3eb6ea3fd00ba49,0,data/benign_original/benign/f61caf649570ffa44f821e94d0467ecf81d89db1bf126b2ee3eb6ea3fd00ba49.png
fad1e4d96f5620e227c0718a72b38872de17a08cd34863cd2c81838fcf4f9262,0,data/benign_original/benign/fad1e4d96f5620e227c0718a72b38872de17a08cd34863cd2c81838fcf4f9262.png
ce52ac3e21a15601de9e092f8d50999a9f42178ef4604d8a037074a983aef16b,0,data/benign_original/benign/ce52ac3e21a15601de9e092f8d50999a9f42178ef4604d8a037074a983aef16b.png
959cf7ad86d1d9a697ff2161ea26f4825ab4d369b4651d3a3ad0e81e8416a2eb,0,data/benign_original/benign/959cf7ad86d1d9a697ff2161ea26f4825ab4d369b4651d3a3ad0e81e8416a2eb.png
bce9bc57b3b00a15cb0687a7347be81491069d1b6687d6d328ea31d13a48cde8,0,data/benign_original/benign/bce9bc57b3b00a15cb0687a7347be81491069d1b6687d6d328ea31d13a48cde8.png
e633c58c91139d538123ec0cde1be1d73d558da103cd98e113078ebb8f42825d,0,data/benign_original/benign/e633c58c91139d538123ec0cde1be1d73d558da103cd98e113078ebb8f42825d.png
d3f27f892c201bef09bd2fe52a4003bab889992f9b9211f93c64b5db73296b20,0,data/benign_original/benign/d3f27f892c201bef09bd2fe52a4003bab889992f9b9211f93c64b5db73296b20.png
cfb62019d711be3ba641a1020b03c5c4560c12e6b4247a3dd57d241668cd9b1c,0,data/benign_original/benign/cfb62019d711be3ba641a1020b03c5c4560c12e6b4247a3dd57d241668cd9b1c.png
e8a9df3ddebf33d1b11b689d405a72c80ef16631b09a6bfc6837f26700c8b621,0,data/benign_original/benign/e8a9df3ddebf33d1b11b689d405a72c80ef16631b09a6bfc6837f26700c8b621.png
b911d8d1debedd47b9c599e62b24a27405441a12ee8b7d749e56b59ee53d4fba,0,data/benign_original/benign/b911d8d1debedd47b9c599e62b24a27405441a12ee8b7d749e56b59ee53d4fba.png
f1b05205d814815fbcd324015395ae64baa01fbbb5d39443f791a58ab38eb96f,0,data/benign_original/benign/f1b05205d814815fbcd324015395ae64baa01fbbb5d39443f791a58ab38eb96f.png
edd1e7ebe42fcb67a075004ce04bcc0ec3e5877a975cd87295dce19aa7c9f8ad,0,data/benign_original/benign/edd1e7ebe42fcb67a075004ce04bcc0ec3e5877a975cd87295dce19aa7c9f8ad.png
e532eb3824b085aa6d449f2b6bcb1dd6e157dbd7be187f5e67a9ec013518e1d4,0,data/benign_original/benign/e532eb3824b085aa6d449f2b6bcb1dd6e157dbd7be187f5e67a9ec013518e1d4.png
1e1edb890e24d3cb872cc3732134658213cf42b670fb751c3fb425ea624df58b,1,data/malware_images/images/njrat/1e1edb890e24d3cb872cc3732134658213cf42b670fb751c3fb425ea624df58b.png
f923e50090084aedbc77df6705a59cb639a67d08b3afe89437dafd2640cf1c94,0,data/benign_original/benign/f923e50090084aedbc77df6705a59cb639a67d08b3afe89437dafd2640cf1c94.png
f04fa2f5005b164cb87215e846404580f33ff83b84e46571c3c597388526624c,0,data/benign_original/benign/f04fa2f5005b164cb87215e846404580f33ff83b84e46571c3c597388526624c.png
d24e899735ff5377eccdf5b3b0765b78b89183399ac855f4caf036f95c9125d0,0,data/benign_original/benign/d24e899735ff5377eccdf5b3b0765b78b89183399ac855f4caf036f95c9125d0.png
ee413bf57e7fd579003b4fabe5a08e94a9e194a6ad1fbd0fd34dbf7d009bb68a,0,data/benign_original/benign/ee413bf57e7fd579003b4fabe5a08e94a9e194a6ad1fbd0fd34dbf7d009bb68a.png
99d01c764171af578d6077e52788b0d75f181fdd4e80f2227ae2c473f5b3cca7,1,data/malware_images/images/IcedID/99d01c764171af578d6077e52788b0d75f181fdd4e80f2227ae2c473f5b3cca7.png
077a5c96cfd8644425f870444b604bfe3aa62587073fd85a4dc75244775b99ab,0,data/benign_original/benign/077a5c96cfd8644425f870444b604bfe3aa62587073fd85a4dc75244775b99ab.png
dd44fcd987105b906d3af89574030b1db93948a8535977f16a67a583e2614dfa,0,data/benign_original/benign/dd44fcd987105b906d3af89574030b1db93948a8535977f16a67a583e2614dfa.png
b6286b87365645972bb25fc978ccfe7215964d3cbc401e57ba428b4864d7f05d,0,data/benign_original/benign/b6286b87365645972bb25fc978ccfe7215964d3cbc401e57ba428b4864d7f05d.png
f62cf888695dc4c6a275c026bbf93f9b2964e7153e57292a3ad27d34c3132fee,0,data/benign_original/benign/f62cf888695dc4c6a275c026bbf93f9b2964e7153e57292a3ad27d34c3132fee.png
bcf9e57cb3b2d58d6287826670718b8e096650717f76f044a3e3023747fdc640,0,data/benign_original/benign/bcf9e57cb3b2d58d6287826670718b8e096650717f76f044a3e3023747fdc640.png
eebdaa01bd9ef288610bfacbf5b6092c782f7795bd9655d910ca03a2ee146cf6,0,data/benign_original/benign/eebdaa01bd9ef288610bfacbf5b6092c782f7795bd9655d910ca03a2ee146cf6.png
de03ade5ed745c4d18d9fd198f018539d7cbc8daea89e58a117efc402416c649,0,data/benign_original/benign/de03ade5ed745c4d18d9fd198f018539d7cbc8daea89e58a117efc402416c649.png
8c953a78a471f5ed443a422f015d19ae58ad382a4383825b3c375e861cf25c33,0,data/benign_original/benign/8c953a78a471f5ed443a422f015d19ae58ad382a4383825b3c375e861cf25c33.png
ddcaadbdd47bcba02c8d1880d456acc20732d21554977338ae507987ed04046e,0,data/benign_original/benign/ddcaadbdd47bcba02c8d1880d456acc20732d21554977338ae507987ed04046e.png
1fcd954ba8f419543a1549c70606fe1c5320b488b9505f05317e0f4ad8d33e94,0,data/benign_original/benign/1fcd954ba8f419543a1549c70606fe1c5320b488b9505f05317e0f4ad8d33e94.png
ef5891fc962408008f8ea2f535485408396bb8a311411373fb7c2905374dd102,0,data/benign_original/benign/ef5891fc962408008f8ea2f535485408396bb8a311411373fb7c2905374dd102.png
b0166e7d6084b01540de31ae1284b22a38a01910dec73fb9235e92ee92e96f9f,0,data/benign_original/benign/b0166e7d6084b01540de31ae1284b22a38a01910dec73fb9235e92ee92e96f9f.png
cfd16990bf68643d66f35812d8f54f1fb26495ca8a67cb4dba9c3bbe8f0f4946,0,data/benign_original/benign/cfd16990bf68643d66f35812d8f54f1fb26495ca8a67cb4dba9c3bbe8f0f4946.png
ec7dca3d43bb1d0f44fa528de10128da3f38250c34bee8112face7f42966c3e2,0,data/benign_original/benign/ec7dca3d43bb1d0f44fa528de10128da3f38250c34bee8112face7f42966c3e2.png
d54ea61734f6feb44182ba5a5a420706f7312566d7d89c166ab633caf96eeb33,0,data/benign_original/benign/d54ea61734f6feb44182ba5a5a420706f7312566d7d89c166ab633caf96eeb33.png
c022e9c6179c1dcd029d8eaba8636b1c335350749189ec536ea14475fd01167e,0,data/benign_original/benign/c022e9c6179c1dcd029d8eaba8636b1c335350749189ec536ea14475fd01167e.png
854d46b59a17bde083b8246f0597b102530e6b6934ba8bd1b7eaeefccae3254b,0,data/benign_original/benign/854d46b59a17bde083b8246f0597b102530e6b6934ba8bd1b7eaeefccae3254b.png
34873d81dc7a0468d941294a1c62f9bb9e110d0f333f55de2da41ac6ead400d7,1,data/malware_images/images/Trickbot/34873d81dc7a0468d941294a1c62f9bb9e110d0f333f55de2da41ac6ead400d7.png
fdf4a10b30387750b6d08b9b050a6a166f03054a29a4ad3599674158b547c5d7,0,data/benign_original/benign/fdf4a10b30387750b6d08b9b050a6a166f03054a29a4ad3599674158b547c5d7.png
cebc42009b528a49e4e9324c8a769018c788acc2a840f855b52f1a51d8a2fcf4,0,data/benign_original/benign/cebc42009b528a49e4e9324c8a769018c788acc2a840f855b52f1a51d8a2fcf4.png
d645d14eb3ac4a363192fdc3d075572a394e95d27f284d0bf2bcdf6132439a12,0,data/benign_original/benign/d645d14eb3ac4a363192fdc3d075572a394e95d27f284d0bf2bcdf6132439a12.png
b400f41c57414865f5309716fb228a7294615e525367a532efef3b85b6b83f1e,0,data/benign_original/benign/b400f41c57414865f5309716fb228a7294615e525367a532efef3b85b6b83f1e.png
48bb6fd2791074d268a49c4d74c979defd436d9f6d50befe1fba6e5ff4504888,0,data/benign_original/benign/48bb6fd2791074d268a49c4d74c979defd436d9f6d50befe1fba6e5ff4504888.png
b0399324f459b99f1ebaf8616c19dc418cac6dd5468da57400c555feef5b16c1,0,data/benign_original/benign/b0399324f459b99f1ebaf8616c19dc418cac6dd5468da57400c555feef5b16c1.png
fc32ed3ffd43b5ba7122ad56c88d3ac85abe28f2633dea042cf5a351f3bed9c5,0,data/benign_original/benign/fc32ed3ffd43b5ba7122ad56c88d3ac85abe28f2633dea042cf5a351f3bed9c5.png
d0958b63a6c1f2417da23aa29e20665d41384c8302c8bfe54e726c3f5b827e14,0,data/benign_original/benign/d0958b63a6c1f2417da23aa29e20665d41384c8302c8bfe54e726c3f5b827e14.png
ffe189f6cd29217e6e5f9792c179527e56a7c000dd94f12c29a2d4e697ea9869,0,data/benign_original/benign/ffe189f6cd29217e6e5f9792c179527e56a7c000dd94f12c29a2d4e697ea9869.png
e3f7ed6464b39fe74ab6b41bbf67670908bc36ec78327441ef1ed2216fbfa3f9,0,data/benign_original/benign/e3f7ed6464b39fe74ab6b41bbf67670908bc36ec78327441ef1ed2216fbfa3f9.png
d280b34b98bf7b792893a2a028bb01f54214285f33f12a083069912611d0c560,0,data/benign_original/benign/d280b34b98bf7b792893a2a028bb01f54214285f33f12a083069912611d0c560.png
e8ee9a3e0225923435341d8674a79522f1a95d4f5b34b21698b4b6ce4fe60c3c,0,data/benign_original/benign/e8ee9a3e0225923435341d8674a79522f1a95d4f5b34b21698b4b6ce4fe60c3c.png
e6f4ae046cbea49e0089912846ae3f168f6e0512bdfcbaf915392b595dd21211,0,data/benign_original/benign/e6f4ae046cbea49e0089912846ae3f168f6e0512bdfcbaf915392b595dd21211.png
c7b8db5ea7a01cf28ce3ca7e3b7da0b9806af2a3a916b399d0f00fd55eed59f0,0,data/benign_original/benign/c7b8db5ea7a01cf28ce3ca7e3b7da0b9806af2a3a916b399d0f00fd55eed59f0.png
b69538aa8bd070d9fdf750e404290affb3b60e29dd1583e319a249e0b3755c80,0,data/benign_original/benign/b69538aa8bd070d9fdf750e404290affb3b60e29dd1583e319a249e0b3755c80.png
f9d3f380023a4c45e74170fe69b32bca506ee1e1fbe670d965d5b50c616da0cb,0,data/benign_original/benign/f9d3f380023a4c45e74170fe69b32bca506ee1e1fbe670d965d5b50c616da0cb.png
ea8014361bac6cb638e38c1b6d08b44bbfdd51dee0da3d1d67f19e2aadc7293e,0,data/benign_original/benign/ea8014361bac6cb638e38c1b6d08b44bbfdd51dee0da3d1d67f19e2aadc7293e.png
c39f47d2d4525bb4950827f1edb92ccf5067267aa1aaef7137e45482c1436d97,0,data/benign_original/benign/c39f47d2d4525bb4950827f1edb92ccf5067267aa1aaef7137e45482c1436d97.png
ca1d0340bbcfe136ce2aa9046bb2c2e41d5863596d1210c0eddb39918756d152,0,data/benign_original/benign/ca1d0340bbcfe136ce2aa9046bb2c2e41d5863596d1210c0eddb39918756d152.png
ff6d6d846bb0ef538a95836a52e6187c855cbf93e2fce3496bcfc574b5367d54,0,data/benign_original/benign/ff6d6d846bb0ef538a95836a52e6187c855cbf93e2fce3496bcfc574b5367d54.png
ebfb5f2ed56b15a4378143494536fcd723d621b19a39014bc5667b6b14d73265,0,data/benign_original/benign/ebfb5f2ed56b15a4378143494536fcd723d621b19a39014bc5667b6b14d73265.png
af6b53a98b5fff32e352f917306955c5859bbc2ba1b6053f6879138fea66f7a4,0,data/benign_original/benign/af6b53a98b5fff32e352f917306955c5859bbc2ba1b6053f6879138fea66f7a4.png
de345120b957de72729bd11d0b826fb69542475ce35b7597860a02c1af96f121,0,data/benign_original/benign/de345120b957de72729bd11d0b826fb69542475ce35b7597860a02c1af96f121.png
3ef71d537879df5b3f8d0f6d605f48c6cec29f7baaeb24d1d3b68779de9efba5,0,data/benign_original/benign/3ef71d537879df5b3f8d0f6d605f48c6cec29f7baaeb24d1d3b68779de9efba5.png
f8bce2c54fca9a5b3e0a04c1749d1917d6228c87d375a730be889ad07f96490f,0,data/benign_original/benign/f8bce2c54fca9a5b3e0a04c1749d1917d6228c87d375a730be889ad07f96490f.png
fa2706f3b6a3884ea2d1fa03a8da457f8fc668fad5b9f55e77d74aa9ef0d28dc,0,data/benign_original/benign/fa2706f3b6a3884ea2d1fa03a8da457f8fc668fad5b9f55e77d74aa9ef0d28dc.png
f95714d62cc0b080c85b4049c4e8f928fe48063b67d5027be182bd0386ccc767,0,data/benign_original/benign/f95714d62cc0b080c85b4049c4e8f928fe48063b67d5027be182bd0386ccc767.png
c994580d7980b26ad0675dd971c4b2b421a3f91598e091abc658e5aa4a9b671b,0,data/benign_original/benign/c994580d7980b26ad0675dd971c4b2b421a3f91598e091abc658e5aa4a9b671b.png
b7cd209cfcdcbcb22d5e45eb224eb1b65457f2aa139a4072511643889c71f282,0,data/benign_original/benign/b7cd209cfcdcbcb22d5e45eb224eb1b65457f2aa139a4072511643889c71f282.png
fc0e4467c5c4a15c8a1f58bd9351acbb9391069139c56b0e32e7031ae2cc743e,0,data/benign_original/benign/fc0e4467c5c4a15c8a1f58bd9351acbb9391069139c56b0e32e7031ae2cc743e.png
b21615343a2441323eda63896b5948931c068cf1cc506fe941c81e9021721bd8,0,data/benign_original/benign/b21615343a2441323eda63896b5948931c068cf1cc506fe941c81e9021721bd8.png
1accf6605bf18e60fb0bf11087a21417eddfb26e16d396dbca7658ec4d6e7c88,0,data/benign_original/benign/1accf6605bf18e60fb0bf11087a21417eddfb26e16d396dbca7658ec4d6e7c88.png
d12ee4a9459af8f4c104434cf829bb4f0bab3f3c770890556c25cbff84ae702e,0,data/benign_original/benign/d12ee4a9459af8f4c104434cf829bb4f0bab3f3c770890556c25cbff84ae702e.png
c3b894424ae66a54af71b36168a634908733e94a32e91eb86680007ac1634282,0,data/benign_original/benign/c3b894424ae66a54af71b36168a634908733e94a32e91eb86680007ac1634282.png
c8cacd714ca4de52592f1f336f68707f11501caabf2c18c8c2c7f30e430f046a,0,data/benign_original/benign/c8cacd714ca4de52592f1f336f68707f11501caabf2c18c8c2c7f30e430f046a.png
e3f54d1a45216d4cd8e9bc35d0f6df871139d62316bcf3820d8412da811e381b,0,data/benign_original/benign/e3f54d1a45216d4cd8e9bc35d0f6df871139d62316bcf3820d8412da811e381b.png
d361db1fda7b31e67bee4303697d5d29c6be89e0419660552ce59dc3e1ba52ff,0,data/benign_original/benign/d361db1fda7b31e67bee4303697d5d29c6be89e0419660552ce59dc3e1ba52ff.png
b272aa89944cc387630ec140ebd2e63e70cb7e3f69763527396c185823dfd78d,0,data/benign_original/benign/b272aa89944cc387630ec140ebd2e63e70cb7e3f69763527396c185823dfd78d.png
be3901252d36d7ca9a0b65301f21631e31636c94f9578dc29f7529389a3b43c2,0,data/benign_original/benign/be3901252d36d7ca9a0b65301f21631e31636c94f9578dc29f7529389a3b43c2.png
88ec1f01619de1296a93e19cbdf9fd14564217fde42e396c65f278b5a0327a6d,0,data/benign_original/benign/88ec1f01619de1296a93e19cbdf9fd14564217fde42e396c65f278b5a0327a6d.png
de9156444d23ec4a747762309cf9115f0b1179450c9bfc7290a4f80919670f24,0,data/benign_original/benign/de9156444d23ec4a747762309cf9115f0b1179450c9bfc7290a4f80919670f24.png
efe275628d2944711e6d65c76c9d6b231bcb72bec2864537028fed4ae335e4ec,0,data/benign_original/benign/efe275628d2944711e6d65c76c9d6b231bcb72bec2864537028fed4ae335e4ec.png
1836b2584b3f081edeefcea3b7ccef91721f8b9a4daea3c6b3e08886a4d0adb8,0,data/benign_original/benign/1836b2584b3f081edeefcea3b7ccef91721f8b9a4daea3c6b3e08886a4d0adb8.png
e838df117fce183f8fd72edcd04465cdf50e6dd5166d5a87e5b5c522c0f9d447,0,data/benign_original/benign/e838df117fce183f8fd72edcd04465cdf50e6dd5166d5a87e5b5c522c0f9d447.png
bf1e740edc32e220ec48d027ea44fbe604a83064307a3585e8b9507ae49e2ba7,0,data/benign_original/benign/bf1e740edc32e220ec48d027ea44fbe604a83064307a3585e8b9507ae49e2ba7.png
e32cd45e2af827e7535d4ca7881a4df30f1d594d1c39f3a2dee38e5c06e159c7,0,data/benign_original/benign/e32cd45e2af827e7535d4ca7881a4df30f1d594d1c39f3a2dee38e5c06e159c7.png
d6e7528b62458c4dc0c72a265533ddbcf42aa4871ad629826c550b2bb08f0a2b,0,data/benign_original/benign/d6e7528b62458c4dc0c72a265533ddbcf42aa4871ad629826c550b2bb08f0a2b.png
d3dcb6b7c05940a0507e5ec8138a44a03c76bf2da34c757cb207c6eb4ab22b9b,0,data/benign_original/benign/d3dcb6b7c05940a0507e5ec8138a44a03c76bf2da34c757cb207c6eb4ab22b9b.png
9be9fc05b07871d06030a535b277e451345c1398e537fdad2a0c9cf6487795f2,0,data/benign_original/benign/9be9fc05b07871d06030a535b277e451345c1398e537fdad2a0c9cf6487795f2.png
ec588c5d6c693da096e9ff8993b5355adefa666893f10b85cd8152767e90fab6,0,data/benign_original/benign/ec588c5d6c693da096e9ff8993b5355adefa666893f10b85cd8152767e90fab6.png
ce67c831e2ffc1bbd783ef607fd718814282124f28a8d75ab10bd241b026edc8,0,data/benign_original/benign/ce67c831e2ffc1bbd783ef607fd718814282124f28a8d75ab10bd241b026edc8.png
25975c1618ea62819ee7654a1ed64ef80fe466f69a8568facec235a2f462a35f,0,data/benign_original/benign/25975c1618ea62819ee7654a1ed64ef80fe466f69a8568facec235a2f462a35f.png
e02aefc7967e98c6372d68ad70405e9a78ebb899f385985ae9e263e10745f9fe,0,data/benign_original/benign/e02aefc7967e98c6372d68ad70405e9a78ebb899f385985ae9e263e10745f9fe.png
d1d050efbae74c970ba6e666de004405b21f60f34ff0886000026763fe117cf0,0,data/benign_original/benign/d1d050efbae74c970ba6e666de004405b21f60f34ff0886000026763fe117cf0.png
13bdc8a475f3a73bca9023abadf7d5ab3d738897a98805ccfd796f740405af1e,0,data/benign_original/benign/13bdc8a475f3a73bca9023abadf7d5ab3d738897a98805ccfd796f740405af1e.png
f429d3c5cf91b10bd1323cef0781fbb331db2778c0e0dc79e4ea47fbdb6cff9b,0,data/benign_original/benign/f429d3c5cf91b10bd1323cef0781fbb331db2778c0e0dc79e4ea47fbdb6cff9b.png
fdb5e3c13cf45aaf33a5319f3f17a851c692f75627645e4a345a143b0ca47eea,0,data/benign_original/benign/fdb5e3c13cf45aaf33a5319f3f17a851c692f75627645e4a345a143b0ca47eea.png
b76b1e623f39d583228da696c6ffca35d14bc6050a91e6b217b356c2587ed5d6,0,data/benign_original/benign/b76b1e623f39d583228da696c6ffca35d14bc6050a91e6b217b356c2587ed5d6.png
226c062632c3efca237814978b0443bdeb43fe5418ad508716f671f19f56c051,0,data/benign_original/benign/226c062632c3efca237814978b0443bdeb43fe5418ad508716f671f19f56c051.png
ecff3f8f3fd541c57377f66b06926109e068a72684ecf3a8b0ffd4d33a725320,0,data/benign_original/benign/ecff3f8f3fd541c57377f66b06926109e068a72684ecf3a8b0ffd4d33a725320.png
e0c067005d3ff785906cf1ed70ed64859cd926b8fcd56de5d2267fb035b7aaae,0,data/benign_original/benign/e0c067005d3ff785906cf1ed70ed64859cd926b8fcd56de5d2267fb035b7aaae.png
b1c35e5b76e8b80b10d97919d927b0041c9ef16118de6d5a85145872e3f9b769,0,data/benign_original/benign/b1c35e5b76e8b80b10d97919d927b0041c9ef16118de6d5a85145872e3f9b769.png
b08d8d4d9639ca69d6975f99e89e22cadc3b892d23eee3851069eac83d92f3ef,0,data/benign_original/benign/b08d8d4d9639ca69d6975f99e89e22cadc3b892d23eee3851069eac83d92f3ef.png
d899c2f061952b3b97ab9cdbca2450290b0f005909ddd243ed0f4c511d32c198,0,data/benign_original/benign/d899c2f061952b3b97ab9cdbca2450290b0f005909ddd243ed0f4c511d32c198.png
d9b579329e855a8543bbcacf556781c8405fbdd7153752315e1b87940a8b1ec6,0,data/benign_original/benign/d9b579329e855a8543bbcacf556781c8405fbdd7153752315e1b87940a8b1ec6.png
c0c489df05874135ab6624376e40ec5fd87fc5fa21d4d26157de5c8bf854904f,0,data/benign_original/benign/c0c489df05874135ab6624376e40ec5fd87fc5fa21d4d26157de5c8bf854904f.png
b73fd3990df00d4c2b9bbf9d2283f9ff2b94a22c24b6c84f6a3b741e52a231c6,0,data/benign_original/benign/b73fd3990df00d4c2b9bbf9d2283f9ff2b94a22c24b6c84f6a3b741e52a231c6.png
da6270ee2ef4fc41d3d6c07808d3bccd6c58f3bae53cab00a6c45e857416619a,0,data/benign_original/benign/da6270ee2ef4fc41d3d6c07808d3bccd6c58f3bae53cab00a6c45e857416619a.png
df32acd19315900d5722c04586b755e79e205cb03b17afcc3f7618da9587e375,0,data/benign_original/benign/df32acd19315900d5722c04586b755e79e205cb03b17afcc3f7618da9587e375.png
e33cd39ced95e22727f4c043da6a5dca822941fa87c34e1fac4f3c325cd59829,0,data/benign_original/benign/e33cd39ced95e22727f4c043da6a5dca822941fa87c34e1fac4f3c325cd59829.png
3d0bfed2f2a17fa8246634fda7162a1be56ddb3080519bcefeafd69fbc7f2fe1,0,data/benign_original/benign/3d0bfed2f2a17fa8246634fda7162a1be56ddb3080519bcefeafd69fbc7f2fe1.png
f5bf492fe568eb57d2e7111b1c3927f1ee897b5a1109bc68ebe011a2dfdef2fe,0,data/benign_original/benign/f5bf492fe568eb57d2e7111b1c3927f1ee897b5a1109bc68ebe011a2dfdef2fe.png
6b2eb4a0767e551244e0d8e253550332dad808025ebfae65a31ef4376df94deb,1,data/malware_images/images/IcedID/6b2eb4a0767e551244e0d8e253550332dad808025ebfae65a31ef4376df94deb.png
d5f5db4f8e9ed00a4fb37bc7c40a50535bc2b28d0f971b797bcfa6864011431d,0,data/benign_original/benign/d5f5db4f8e9ed00a4fb37bc7c40a50535bc2b28d0f971b797bcfa6864011431d.png
babc49669870a77848dfcb57d2a7f2b0be02ed36b504f7c93369d74b2b4a43a0,0,data/benign_original/benign/babc49669870a77848dfcb57d2a7f2b0be02ed36b504f7c93369d74b2b4a43a0.png
e3d02b5c2a31782b3eab6fdefe7aef2663e130518f8397e203748d5a3004ca91,0,data/benign_original/benign/e3d02b5c2a31782b3eab6fdefe7aef2663e130518f8397e203748d5a3004ca91.png
e38217ef2be169bf2066e9330520984bf04f39cfcf2b3e6643cb7f1a3124bb08,0,data/benign_original/benign/e38217ef2be169bf2066e9330520984bf04f39cfcf2b3e6643cb7f1a3124bb08.png
a500ec91119693013b74f72f3b082eb704417e57b6f26883f488dea2b8f081cb,0,data/benign_original/benign/a500ec91119693013b74f72f3b082eb704417e57b6f26883f488dea2b8f081cb.png
c8426c6542720dc879eeefe62b8b38b5592197890052b0afd907e34a028cba93,0,data/benign_original/benign/c8426c6542720dc879eeefe62b8b38b5592197890052b0afd907e34a028cba93.png
45de04fff6b76075a2bf0c2354e4d8951b390cbe72d0e5c53b162228d6489b9a,0,data/benign_original/benign/45de04fff6b76075a2bf0c2354e4d8951b390cbe72d0e5c53b162228d6489b9a.png
c79532e5d45e30c9c1e91158c4658ae9c42b3b61bef9c303e68e30282b314af4,0,data/benign_original/benign/c79532e5d45e30c9c1e91158c4658ae9c42b3b61bef9c303e68e30282b314af4.png
e2276d96174f1ae47432b8bafe34b3f1d45a817c40ddb0956ec8552df0d0ae55,0,data/benign_original/benign/e2276d96174f1ae47432b8bafe34b3f1d45a817c40ddb0956ec8552df0d0ae55.png
c5b5a6b85efec5d87ae6981fb560775d97a4e0ded0cbeb4dffb41312975caa72,0,data/benign_original/benign/c5b5a6b85efec5d87ae6981fb560775d97a4e0ded0cbeb4dffb41312975caa72.png
37d7fbdb6b52bc374940b2a61812efe22dd63cfe7e89a02b5b1c5a2aa31e237b,1,data/malware_images/images/GuLoader/37d7fbdb6b52bc374940b2a61812efe22dd63cfe7e89a02b5b1c5a2aa31e237b.png
b3df71eab467a778bc21cb8543c4e04b4f0a31d6af0083265079ae0f903d233a,0,data/benign_original/benign/b3df71eab467a778bc21cb8543c4e04b4f0a31d6af0083265079ae0f903d233a.png
81b6faa1158f04f1c6ea4eb5f7cd446f51076a30f9ab03d31872453689a200ee,0,data/benign_original/benign/81b6faa1158f04f1c6ea4eb5f7cd446f51076a30f9ab03d31872453689a200ee.png
50fd4a601f5165a93a50bdef41f255f7d4242c31c4413095e9d294f7029c1b3e,0,data/benign_original/benign/50fd4a601f5165a93a50bdef41f255f7d4242c31c4413095e9d294f7029c1b3e.png
c6baaf9ccd57f633810cabd108051e7c7187511a4ce3a646d83c4c12df7e50b6,0,data/benign_original/benign/c6baaf9ccd57f633810cabd108051e7c7187511a4ce3a646d83c4c12df7e50b6.png
69d079a283fa531c6ad1a2f353cc7e75f6a70bd5129815c31b2e5e5fdcca6ccd,0,data/benign_original/benign/69d079a283fa531c6ad1a2f353cc7e75f6a70bd5129815c31b2e5e5fdcca6ccd.png
ce9318d682132ec72f84376d4c5bc67d97a9b55d811e0c53dbf56663adba052a,0,data/benign_original/benign/ce9318d682132ec72f84376d4c5bc67d97a9b55d811e0c53dbf56663adba052a.png
c9f58b5cb02af9258e6f3acf3d5657128ba1291c7b7279e1dd05902ef0d7331e,0,data/benign_original/benign/c9f58b5cb02af9258e6f3acf3d5657128ba1291c7b7279e1dd05902ef0d7331e.png
11d08f409ae0825cf2b1b6942c875bc536b639547d295cdf7e418cee5144fe19,0,data/benign_original/benign/11d08f409ae0825cf2b1b6942c875bc536b639547d295cdf7e418cee5144fe19.png
c6e8472ffc639ccd9c07e7f6954da9ae94779cb9a81acb11ed3588cdca1182b0,0,data/benign_original/benign/c6e8472ffc639ccd9c07e7f6954da9ae94779cb9a81acb11ed3588cdca1182b0.png
caf1abda88e4fa35201891fe9e81f504fde17b59debdd603216df890e70c7c9a,0,data/benign_original/benign/caf1abda88e4fa35201891fe9e81f504fde17b59debdd603216df890e70c7c9a.png
e792def510df32142e2e96db2bb6e7bb991a1cd9bfb8b93986c814bfd8ecdf24,0,data/benign_original/benign/e792def510df32142e2e96db2bb6e7bb991a1cd9bfb8b93986c814bfd8ecdf24.png
b4a045535f244c5ff4a0e323df1bb77a70ed24bd54c4468a64b021e69eef92c4,0,data/benign_original/benign/b4a045535f244c5ff4a0e323df1bb77a70ed24bd54c4468a64b021e69eef92c4.png
bc3138f4d647b97650debf39c217f2bc5d95d0329f3f563fa5d37e312dd1390a,0,data/benign_original/benign/bc3138f4d647b97650debf39c217f2bc5d95d0329f3f563fa5d37e312dd1390a.png
b5d8a878947d4572f77e237450a07671856b8097f859a67b7157d79dbc3073fe,0,data/benign_original/benign/b5d8a878947d4572f77e237450a07671856b8097f859a67b7157d79dbc3073fe.png
902a4721ddaba9f6619dd7920a9ed61d3835563adc44d207355feebd71bfa310,0,data/benign_original/benign/902a4721ddaba9f6619dd7920a9ed61d3835563adc44d207355feebd71bfa310.png
c8bd7bbcacade55c08a9fe5f4b9aa2533c6ba69fb540918b9d090a77b402e0e7,0,data/benign_original/benign/c8bd7bbcacade55c08a9fe5f4b9aa2533c6ba69fb540918b9d090a77b402e0e7.png
d80b8421665c39a5cfb05ca22b6541617b1da5818f476fc2e4d83f8e7e3a9a7d,0,data/benign_original/benign/d80b8421665c39a5cfb05ca22b6541617b1da5818f476fc2e4d83f8e7e3a9a7d.png
bdb3a0a0b00632774f7973d97c7e06587f05cc2a14d550b5e6c8bd316c7aee09,0,data/benign_original/benign/bdb3a0a0b00632774f7973d97c7e06587f05cc2a14d550b5e6c8bd316c7aee09.png
fd2f83cfc2286618d0c8200b3fc131610492b19bc6b68c080c0ae7f6906e913f,0,data/benign_original/benign/fd2f83cfc2286618d0c8200b3fc131610492b19bc6b68c080c0ae7f6906e913f.png
f7ba4299bd0dd066b7ca4935a53db8639cb566bf878e7cf10af4d5de8dda856e,0,data/benign_original/benign/f7ba4299bd0dd066b7ca4935a53db8639cb566bf878e7cf10af4d5de8dda856e.png
256125aa18a03ce9dd77811091d8e16a6a0f6dba3d3efe285f1242c8c2240769,0,data/benign_original/benign/256125aa18a03ce9dd77811091d8e16a6a0f6dba3d3efe285f1242c8c2240769.png
bc2c7efd52c5bf47d96a29426641e3e1660d5ffc6399e7247d34b9a1baa5da1c,0,data/benign_original/benign/bc2c7efd52c5bf47d96a29426641e3e1660d5ffc6399e7247d34b9a1baa5da1c.png
dcff37eac3e2e9571f4348f4941dc834c2d9cad045607626daf39b1b960ab26a,0,data/benign_original/benign/dcff37eac3e2e9571f4348f4941dc834c2d9cad045607626daf39b1b960ab26a.png
f4df6e543dfa257b4df9d4808036a71a4c78c691e4290e9f3d0f021e211532cf,1,data/malware_images/images/Heodo/f4df6e543dfa257b4df9d4808036a71a4c78c691e4290e9f3d0f021e211532cf.png
d758b307b8e754bbbb93a4034912ed373f1ed2fd0c8341f3e0fabd690a9fb5b4,0,data/benign_original/benign/d758b307b8e754bbbb93a4034912ed373f1ed2fd0c8341f3e0fabd690a9fb5b4.png
dcfb16db146c4d8e3ad5ac466c4245ab6252637f7806bb6a8b7c495d16f5abcb,0,data/benign_original/benign/dcfb16db146c4d8e3ad5ac466c4245ab6252637f7806bb6a8b7c495d16f5abcb.png
d92f6533198074a84e94a407ef48d02de0d247078b2d197e3f822785fa3a0ac3,0,data/benign_original/benign/d92f6533198074a84e94a407ef48d02de0d247078b2d197e3f822785fa3a0ac3.png
53b9f1204f512237fc0b8969ae2c98d1ed3d904e4acc2d096a2e3d9f6577fbe7,0,data/benign_original/benign/53b9f1204f512237fc0b8969ae2c98d1ed3d904e4acc2d096a2e3d9f6577fbe7.png
daf40d9a2ec0f85748aa446e41c11cf7188fdfa0f00d84652a38699c5e04863a,0,data/benign_original/benign/daf40d9a2ec0f85748aa446e41c11cf7188fdfa0f00d84652a38699c5e04863a.png
3b812075fee45f45ae2d9801c25eb4cadef412b703a1df9c29060bad61fbb039,0,data/benign_original/benign/3b812075fee45f45ae2d9801c25eb4cadef412b703a1df9c29060bad61fbb039.png
1b399f61e57266427a5fceb4f3df6a337304832e24579c43385b59cfd660e068,0,data/benign_original/benign/1b399f61e57266427a5fceb4f3df6a337304832e24579c43385b59cfd660e068.png
d92f6c545df3da52bb2c2c88356afd295b6a6cf901531921c138a747d0c85c54,0,data/benign_original/benign/d92f6c545df3da52bb2c2c88356afd295b6a6cf901531921c138a747d0c85c54.png
21e5b7204197f05f1ba6dbb2698521d89d8ddab40a219d9ebaf8c5918db40f8d,0,data/benign_original/benign/21e5b7204197f05f1ba6dbb2698521d89d8ddab40a219d9ebaf8c5918db40f8d.png
b86e15ac4809088d1edb2b77bc0c892b83f19b058fff28100ef16f0a84e3c662,0,data/benign_original/benign/b86e15ac4809088d1edb2b77bc0c892b83f19b058fff28100ef16f0a84e3c662.png
f71253802f9aae53deef389288756d1b167fe22cdeb32e16e3cc11185b13c382,0,data/benign_original/benign/f71253802f9aae53deef389288756d1b167fe22cdeb32e16e3cc11185b13c382.png
dfaae80167d0205feebf41d59fa5112e16cae6a977bd5f12cfd9348acb0f2213,0,data/benign_original/benign/dfaae80167d0205feebf41d59fa5112e16cae6a977bd5f12cfd9348acb0f2213.png
e960dc2d7d5956c01d663c03fb1b2a2bd66f22a8bddad0ebfb9ef26c8ae5cbe7,0,data/benign_original/benign/e960dc2d7d5956c01d663c03fb1b2a2bd66f22a8bddad0ebfb9ef26c8ae5cbe7.png
cc1dbaa7c6742c8df3950e21abb5963278682b498b735c31bb5760909634426a,0,data/benign_original/benign/cc1dbaa7c6742c8df3950e21abb5963278682b498b735c31bb5760909634426a.png
c92f5e3f22cbe98ed0fef8c3bf161539a4290eaeb8ea6140e67d26c0550aa3ae,0,data/benign_original/benign/c92f5e3f22cbe98ed0fef8c3bf161539a4290eaeb8ea6140e67d26c0550aa3ae.png
f2ca3739efbcdbb09fda5dbdc1c15a21e1c5ae7dfef7aa784443b280f18951dc,0,data/benign_original/benign/f2ca3739efbcdbb09fda5dbdc1c15a21e1c5ae7dfef7aa784443b280f18951dc.png
db64bb1a9c155409dd1e75be3fb3243c1b703a621e2b16327df69bfc3d342c0e,0,data/benign_original/benign/db64bb1a9c155409dd1e75be3fb3243c1b703a621e2b16327df69bfc3d342c0e.png
f5d2246abcc2fe6ae9c75d958080fa301053613c4342bf931c51b89bdae3c9d9,0,data/benign_original/benign/f5d2246abcc2fe6ae9c75d958080fa301053613c4342bf931c51b89bdae3c9d9.png
ed46ca8cb5d111e37d8bfd8ecd2d310a2d0267a2f8e83b2e7a38f55139a8afff,0,data/benign_original/benign/ed46ca8cb5d111e37d8bfd8ecd2d310a2d0267a2f8e83b2e7a38f55139a8afff.png
b375a42548eb4cfcb2479c83ba7afe033f4ce0684143304cb0de268d1a0863fa,0,data/benign_original/benign/b375a42548eb4cfcb2479c83ba7afe033f4ce0684143304cb0de268d1a0863fa.png
b4c3e8b58aa5ddb9cb23bca681c9b72beaedfa9106e13765ed418b135ef9b8a8,0,data/benign_original/benign/b4c3e8b58aa5ddb9cb23bca681c9b72beaedfa9106e13765ed418b135ef9b8a8.png
ba7634fe04ec72ec52c7674734ebda790c3f5969372713aa51cf670e03122b28,0,data/benign_original/benign/ba7634fe04ec72ec52c7674734ebda790c3f5969372713aa51cf670e03122b28.png
df3e83d365715e889970135cef3168ad205dd8f6d4522cbdd053cb254e0bf8e7,0,data/benign_original/benign/df3e83d365715e889970135cef3168ad205dd8f6d4522cbdd053cb254e0bf8e7.png
bc2299ad8c3764f7cd5d1bbf9b0e6f4dd9a7dfa6ed34810af7e4334971f6618d,0,data/benign_original/benign/bc2299ad8c3764f7cd5d1bbf9b0e6f4dd9a7dfa6ed34810af7e4334971f6618d.png
d041aa70e4a07035c446f38d9f23308737b21f02fa0daca17af326161a557f9c,0,data/benign_original/benign/d041aa70e4a07035c446f38d9f23308737b21f02fa0daca17af326161a557f9c.png
c13c860d26b5d8102d8e36b354258faa7e71bc9d1b063ae03bec266bec91922b,0,data/benign_original/benign/c13c860d26b5d8102d8e36b354258faa7e71bc9d1b063ae03bec266bec91922b.png
0dd503759a2e0b3c2cf8568ae463ea7ad13abd9a80f387df762a7fa63edd5166,0,data/benign_original/benign/0dd503759a2e0b3c2cf8568ae463ea7ad13abd9a80f387df762a7fa63edd5166.png
62e8db45cb438205641ee57e8b486f0884ad6d4f3e8e5906f38aa157d301f718,0,data/benign_original/benign/62e8db45cb438205641ee57e8b486f0884ad6d4f3e8e5906f38aa157d301f718.png
dfb4baaa5f06467183839f14f5d28466e7c6e7eaa90f292c4516ed6926f5da8a,0,data/benign_original/benign/dfb4baaa5f06467183839f14f5d28466e7c6e7eaa90f292c4516ed6926f5da8a.png
f0b86af69d7c202a85347c09ac65efecbd32dd21a7a0ac184d5ed5e8d4cb55d4,0,data/benign_original/benign/f0b86af69d7c202a85347c09ac65efecbd32dd21a7a0ac184d5ed5e8d4cb55d4.png
bc3f6146438d7567a83db372368713244ff32629d682eab61398555c2fbf5ec1,0,data/benign_original/benign/bc3f6146438d7567a83db372368713244ff32629d682eab61398555c2fbf5ec1.png
b08a33f7bbf38864b6fc6d71bf72079373f02f72731aede637710dc7e6c0319f,0,data/benign_original/benign/b08a33f7bbf38864b6fc6d71bf72079373f02f72731aede637710dc7e6c0319f.png
2312612e0004201cc5231565d3ed57c7c3bb84ec439b120370fb5e27e3602e49,0,data/benign_original/benign/2312612e0004201cc5231565d3ed57c7c3bb84ec439b120370fb5e27e3602e49.png
f8b787085f12c6d6cc7f8103df716000a2d740974d30f49d794928691777a8eb,0,data/benign_original/benign/f8b787085f12c6d6cc7f8103df716000a2d740974d30f49d794928691777a8eb.png
d66c619299abe02f79768e6412a62ac5b39857aa1339285de233779119fdb36b,0,data/benign_original/benign/d66c619299abe02f79768e6412a62ac5b39857aa1339285de233779119fdb36b.png
c28082a812066a210fde53c53cd1e9c18adb3f2ec3d6e818e7acb1c3439d4d16,0,data/benign_original/benign/c28082a812066a210fde53c53cd1e9c18adb3f2ec3d6e818e7acb1c3439d4d16.png
48c1cab05b278fec58b5e6b29ca5ab60a7e5be2e1b9ec8a69bdf9cb4e8955c5d,0,data/benign_original/benign/48c1cab05b278fec58b5e6b29ca5ab60a7e5be2e1b9ec8a69bdf9cb4e8955c5d.png
bd21429a32df9fb2905397ede29472ef9ff7ab4ae261f475105b8a06c311adee,0,data/benign_original/benign/bd21429a32df9fb2905397ede29472ef9ff7ab4ae261f475105b8a06c311adee.png
ca4ffc42942b2a45a6b4a2bd06f213720862102539c64d40efb7261286f011a3,0,data/benign_original/benign/ca4ffc42942b2a45a6b4a2bd06f213720862102539c64d40efb7261286f011a3.png
b815d45dfb41a28197404fed8b697f042ed637b465bcd81173e1ea0087ccf6c7,0,data/benign_original/benign/b815d45dfb41a28197404fed8b697f042ed637b465bcd81173e1ea0087ccf6c7.png
59d1674d83fe80a3c9a467f56ae5b1d106678a307c894dc57f8e98d7ed69358f,0,data/benign_original/benign/59d1674d83fe80a3c9a467f56ae5b1d106678a307c894dc57f8e98d7ed69358f.png
f6cd7046962925c55a9c605483048c871979984ffc3d398c8c5e627e234a7559,0,data/benign_original/benign/f6cd7046962925c55a9c605483048c871979984ffc3d398c8c5e627e234a7559.png
3422f2fbef0b4135b4e85c7bcfeaccc2a399ab2681080bc53733628af6b215b6,0,data/benign_original/benign/3422f2fbef0b4135b4e85c7bcfeaccc2a399ab2681080bc53733628af6b215b6.png
ab96929d2404859e0599e6e4356ac6908e71e774841f555ad30626bd96eb5353,0,data/benign_original/benign/ab96929d2404859e0599e6e4356ac6908e71e774841f555ad30626bd96eb5353.png
b74aefd6fa638be3f415165c8109121a2093597421101abc312ee7ffa1130278,0,data/benign_original/benign/b74aefd6fa638be3f415165c8109121a2093597421101abc312ee7ffa1130278.png
bd42088e0d3715964f9ffc235a5099ea480b935b6f100c20e8fe0adee0a9ab8e,0,data/benign_original/benign/bd42088e0d3715964f9ffc235a5099ea480b935b6f100c20e8fe0adee0a9ab8e.png
dbfdf57fb0dc7ef3bcc2bd4f0544760eab24c8484790dcd220ba212b35ce36f9,0,data/benign_original/benign/dbfdf57fb0dc7ef3bcc2bd4f0544760eab24c8484790dcd220ba212b35ce36f9.png
bf54c25e14aeb2c9f1781aee58736bf9e9b54fa48386373d29d4b1cb3e65e262,0,data/benign_original/benign/bf54c25e14aeb2c9f1781aee58736bf9e9b54fa48386373d29d4b1cb3e65e262.png
e3e49972998ea5ea61d67d9248c3d8960afbb6aba96d4687cd6eef0ed2443ad5,0,data/benign_original/benign/e3e49972998ea5ea61d67d9248c3d8960afbb6aba96d4687cd6eef0ed2443ad5.png
ec7604ab0abaa90a1c60d2ac8db4356238354b3952bbb5aa8784951eaddcd884,0,data/benign_original/benign/ec7604ab0abaa90a1c60d2ac8db4356238354b3952bbb5aa8784951eaddcd884.png
cfcf47162f7236f01af589f3d6b819ad7143de626d9669dddb5baaf64b2a40e3,0,data/benign_original/benign/cfcf47162f7236f01af589f3d6b819ad7143de626d9669dddb5baaf64b2a40e3.png
ce8a7c9310ba481ce9bd9f6aae5e0ba3290e810a8e490b14120ea19fb10b1790,0,data/benign_original/benign/ce8a7c9310ba481ce9bd9f6aae5e0ba3290e810a8e490b14120ea19fb10b1790.png
593da57cdd02f4cc3a5125ce5707c222dd922f2936d16492ba21ac6c345ec6b0,0,data/benign_original/benign/593da57cdd02f4cc3a5125ce5707c222dd922f2936d16492ba21ac6c345ec6b0.png
d35f3a612d73bddae986f2b7d73808fc5fa8cad79b84072b1b6356c9f93f84a9,0,data/benign_original/benign/d35f3a612d73bddae986f2b7d73808fc5fa8cad79b84072b1b6356c9f93f84a9.png
bd7c220ea5b27a58ada82d4185674c6083297a19c26e399c53a772efc2d6042f,0,data/benign_original/benign/bd7c220ea5b27a58ada82d4185674c6083297a19c26e399c53a772efc2d6042f.png
7230968208169f32697afe22a58dd045687f5c64c5c20b0d0471e4b9aa37c783,0,data/benign_original/benign/7230968208169f32697afe22a58dd045687f5c64c5c20b0d0471e4b9aa37c783.png
02431aa60089b968bc59acc69796ed9418546894752d0c9766fbe3aae0a85031,0,data/benign_original/benign/02431aa60089b968bc59acc69796ed9418546894752d0c9766fbe3aae0a85031.png
bf7ca47b29552fc1a230b6401d07e18d620483e22f58987848a272d3a86179b1,0,data/benign_original/benign/bf7ca47b29552fc1a230b6401d07e18d620483e22f58987848a272d3a86179b1.png
dfe1eb32e450bf1213d588f68736835803e707a386e04ab3f4230921c992ca57,0,data/benign_original/benign/dfe1eb32e450bf1213d588f68736835803e707a386e04ab3f4230921c992ca57.png
10ddc91db7463138fee1d01c97d4b540168557dad58e2dfee8cb1393497bde3a,0,data/benign_original/benign/10ddc91db7463138fee1d01c97d4b540168557dad58e2dfee8cb1393497bde3a.png
cd035ab055e6ca03d65e5566a021cfc11179a85135b18b1e9841d4a4184efce3,0,data/benign_original/benign/cd035ab055e6ca03d65e5566a021cfc11179a85135b18b1e9841d4a4184efce3.png
ba3c81ab7e244f110be46ce9847a461bf3dce473efa19aaf1ab0946e5f3d83a4,0,data/benign_original/benign/ba3c81ab7e244f110be46ce9847a461bf3dce473efa19aaf1ab0946e5f3d83a4.png
b563fe6dacdbfd6628da1cffb42d72344ae631ef132345e6756036d2c1adf215,0,data/benign_original/benign/b563fe6dacdbfd6628da1cffb42d72344ae631ef132345e6756036d2c1adf215.png
ff3a27c79a9938205bb158f87c020fa24a42612c8b6b0c4a66ad95471bc26ba5,0,data/benign_original/benign/ff3a27c79a9938205bb158f87c020fa24a42612c8b6b0c4a66ad95471bc26ba5.png
d606447be63cb11b828ba4a4be6167b0046bb71a3086ab5cd14cc6d20d830c39,0,data/benign_original/benign/d606447be63cb11b828ba4a4be6167b0046bb71a3086ab5cd14cc6d20d830c39.png
d32a5abea7c5d5f3e1aa9632d3b49cfa2a81169badcbfb12470c6f2aedb91f09,0,data/benign_original/benign/d32a5abea7c5d5f3e1aa9632d3b49cfa2a81169badcbfb12470c6f2aedb91f09.png
d5b3f2ba2b312761c41f85c07a191ad041b403ab25a2c3fec7771136b582f7ac,0,data/benign_original/benign/d5b3f2ba2b312761c41f85c07a191ad041b403ab25a2c3fec7771136b582f7ac.png
45b6afcd58c1d27f3f09b68f86c68d87658445e931ee5268b57effc774d24ddb,0,data/benign_original/benign/45b6afcd58c1d27f3f09b68f86c68d87658445e931ee5268b57effc774d24ddb.png
b03ee3cd51b1e4a6350002304a939fc50d11783bf62d24dd39ad3bfab613c746,0,data/benign_original/benign/b03ee3cd51b1e4a6350002304a939fc50d11783bf62d24dd39ad3bfab613c746.png
ba6ac1b3156d4793cceb8c763b868e162e316b2c082e8daad97665de494f5a06,0,data/benign_original/benign/ba6ac1b3156d4793cceb8c763b868e162e316b2c082e8daad97665de494f5a06.png
d66615329639da2fb6eb162d358c3aad836c9a1cdad182f3be01fadd58a5bdc3,0,data/benign_original/benign/d66615329639da2fb6eb162d358c3aad836c9a1cdad182f3be01fadd58a5bdc3.png
bc9a43ddc9d9b53c00cd1d4fad4c6c421056c6c4713d00c886c1593464863cc8,0,data/benign_original/benign/bc9a43ddc9d9b53c00cd1d4fad4c6c421056c6c4713d00c886c1593464863cc8.png
c7d1aa325b3c361524370fe9c7d5e1d8e0b5d968771e6727b8042e1dd30cd50d,0,data/benign_original/benign/c7d1aa325b3c361524370fe9c7d5e1d8e0b5d968771e6727b8042e1dd30cd50d.png
c4068c8e7bac68c535990bdd023d9825c9680b9dde61595a7fee5fa3791c8800,0,data/benign_original/benign/c4068c8e7bac68c535990bdd023d9825c9680b9dde61595a7fee5fa3791c8800.png
ce8dcdb68256a3b2486b2ed4e788323863a987a1fa7dbc86ded4e7636e9de3e2,0,data/benign_original/benign/ce8dcdb68256a3b2486b2ed4e788323863a987a1fa7dbc86ded4e7636e9de3e2.png
374eaee5e641064b906290fce1d69e7e640a10c9704431d8548147a1d949d428,0,data/benign_original/benign/374eaee5e641064b906290fce1d69e7e640a10c9704431d8548147a1d949d428.png
76098cc2969c4a090fba5c863bb3bb52b5ce88bee46da9d46aab0252affa0744,0,data/benign_original/benign/76098cc2969c4a090fba5c863bb3bb52b5ce88bee46da9d46aab0252affa0744.png
da2c3684d8d87bdb1fd1f6b74a057cd73e4237bf0a63a929142e0581c9944756,0,data/benign_original/benign/da2c3684d8d87bdb1fd1f6b74a057cd73e4237bf0a63a929142e0581c9944756.png
1c87a9ed062858fc9a6c2ece4b5a3052d70059d9e32afdc5194a97ccc7664835,0,data/benign_original/benign/1c87a9ed062858fc9a6c2ece4b5a3052d70059d9e32afdc5194a97ccc7664835.png
b06ffc976a4583888c4b2ae7b7a02bb644623980a8f8eb2bde6eb6c3b5152aca,0,data/benign_original/benign/b06ffc976a4583888c4b2ae7b7a02bb644623980a8f8eb2bde6eb6c3b5152aca.png
fdfad08eadd54a431e431febe60e87b574ce90e5502ed0be2f026a1828120fc6,0,data/benign_original/benign/fdfad08eadd54a431e431febe60e87b574ce90e5502ed0be2f026a1828120fc6.png
cd96d896901e21e1b452866574aaa8e69e5aa8a3b4ee02ba5ce03947e3e95d82,0,data/benign_original/benign/cd96d896901e21e1b452866574aaa8e69e5aa8a3b4ee02ba5ce03947e3e95d82.png
c09d4b777460ac672698ecbabefe9c6440116fa4a5fda72e53be91809bc54291,0,data/benign_original/benign/c09d4b777460ac672698ecbabefe9c6440116fa4a5fda72e53be91809bc54291.png
e3b132f786f43df0d0f9c61bbb13d939c47bc1a85a3aaa8b3f36cfad378eb7c2,0,data/benign_original/benign/e3b132f786f43df0d0f9c61bbb13d939c47bc1a85a3aaa8b3f36cfad378eb7c2.png
bcda530fcc6440d26d36df253a0e9cab5674550397e3715d71c63bd9d649366f,0,data/benign_original/benign/bcda530fcc6440d26d36df253a0e9cab5674550397e3715d71c63bd9d649366f.png
f56701783d22d0e17e126d09aca62b1969259d4b7b00dedd9a0001c6d1abead2,0,data/benign_original/benign/f56701783d22d0e17e126d09aca62b1969259d4b7b00dedd9a0001c6d1abead2.png
c008ca2f20880c95e3fa1ea5f4b685e0650c6338bcb0da1893c653f0ca8e8843,0,data/benign_original/benign/c008ca2f20880c95e3fa1ea5f4b685e0650c6338bcb0da1893c653f0ca8e8843.png
cb548e26ed3c9a1550374e66b497d68f80a2e8129f098d77cabc4c25698c4347,0,data/benign_original/benign/cb548e26ed3c9a1550374e66b497d68f80a2e8129f098d77cabc4c25698c4347.png
ebe2f632b23c20e7e5580622263964447dd22ddf9154623e8974f3cc180f05fa,0,data/benign_original/benign/ebe2f632b23c20e7e5580622263964447dd22ddf9154623e8974f3cc180f05fa.png
f6a418f7e59c0a06080a1cc81ab11bbcd6d9b2b3e86492157a124ad008171522,0,data/benign_original/benign/f6a418f7e59c0a06080a1cc81ab11bbcd6d9b2b3e86492157a124ad008171522.png
e6db5f1d1800c9f1d68480549c64381c4a6b358b446e0ac1802c0c767960c84c,0,data/benign_original/benign/e6db5f1d1800c9f1d68480549c64381c4a6b358b446e0ac1802c0c767960c84c.png
e97fde1aa1260261577d81203a2a0b1b666e7774b44f42be89c84065d93e89e6,0,data/benign_original/benign/e97fde1aa1260261577d81203a2a0b1b666e7774b44f42be89c84065d93e89e6.png
f3caa30ec46d559e3a201974a8c20bde12bb91ef3e9e2b2e9c5888d3490f59b5,0,data/benign_original/benign/f3caa30ec46d559e3a201974a8c20bde12bb91ef3e9e2b2e9c5888d3490f59b5.png
c90ba23a7935a5a6143d4a97d05e120c6955a83ff035bbab5c1ab4eabd539003,0,data/benign_original/benign/c90ba23a7935a5a6143d4a97d05e120c6955a83ff035bbab5c1ab4eabd539003.png
29f465a5a8a791d2aba88de33e84e74b7fd8c47c753747ca7b45b24d7121a9e6,0,data/benign_original/benign/29f465a5a8a791d2aba88de33e84e74b7fd8c47c753747ca7b45b24d7121a9e6.png
b2a4ad4798937c89922dba29ceef46b62e6d220ceb847502402aa1da4ba0593f,0,data/benign_original/benign/b2a4ad4798937c89922dba29ceef46b62e6d220ceb847502402aa1da4ba0593f.png
bc01329d342799768a069c01c99a54f33f8c3b302f26a0a073e1520d8fdedfa1,0,data/benign_original/benign/bc01329d342799768a069c01c99a54f33f8c3b302f26a0a073e1520d8fdedfa1.png
c272c0704ba8371417fc8d5056bb39f2a93812066bdce2f60a2f8b173f2da839,0,data/benign_original/benign/c272c0704ba8371417fc8d5056bb39f2a93812066bdce2f60a2f8b173f2da839.png
d0d75086ff3905762ae379f0ea9b28fa1e14fa03765f1556529acf0051e30bb7,0,data/benign_original/benign/d0d75086ff3905762ae379f0ea9b28fa1e14fa03765f1556529acf0051e30bb7.png
ddb348b0443d540a6e72477b111b50b094adcd490872c4786acbdcd093e07f8d,0,data/benign_original/benign/ddb348b0443d540a6e72477b111b50b094adcd490872c4786acbdcd093e07f8d.png
b426deb2d675c57a9f8bde805b027d0c9e2da4e4abd4945f2740aa663d58a6cf,0,data/benign_original/benign/b426deb2d675c57a9f8bde805b027d0c9e2da4e4abd4945f2740aa663d58a6cf.png
5e405415dc1a7d3c56e7e8d8b9b744ac3c2a275ee5f4b09bc09d63d6f7546e28,0,data/benign_original/benign/5e405415dc1a7d3c56e7e8d8b9b744ac3c2a275ee5f4b09bc09d63d6f7546e28.png
b6f30de35298bc47ce8c90a6f96e0416ea33473a84e5dd48fe87cd1b257f18f3,0,data/benign_original/benign/b6f30de35298bc47ce8c90a6f96e0416ea33473a84e5dd48fe87cd1b257f18f3.png
dddd27540342c7dfe247668df2d0060f820f64a9c5563d222f90f1060cc6063c,0,data/benign_original/benign/dddd27540342c7dfe247668df2d0060f820f64a9c5563d222f90f1060cc6063c.png
cce30544a7d4f70af3637bcb77031ff2ac7c63cc48e01fc6ad08605a246d4c57,0,data/benign_original/benign/cce30544a7d4f70af3637bcb77031ff2ac7c63cc48e01fc6ad08605a246d4c57.png
db345130e2cd90ea550affa0fc43a285f09c8f15c9382d35334a1bde48eaa92e,0,data/benign_original/benign/db345130e2cd90ea550affa0fc43a285f09c8f15c9382d35334a1bde48eaa92e.png
da2962d4ea662fd5c4867eb68775a84764d94a3713002797d2f70a3039e8458d,0,data/benign_original/benign/da2962d4ea662fd5c4867eb68775a84764d94a3713002797d2f70a3039e8458d.png
1838738d252ac24ba52a695fc5eb847363c1d694b21be09bf93a0dcf88c3999f,0,data/benign_original/benign/1838738d252ac24ba52a695fc5eb847363c1d694b21be09bf93a0dcf88c3999f.png
b58cc27cfa83efbba039c9c27e57b8418caf36bdc8f7bf0b689a1586daf19941,0,data/benign_original/benign/b58cc27cfa83efbba039c9c27e57b8418caf36bdc8f7bf0b689a1586daf19941.png
377c0e34938c5c87ce613c5f2ea64c702baa55d2368c20ab375ecc8b605d0a76,0,data/benign_original/benign/377c0e34938c5c87ce613c5f2ea64c702baa55d2368c20ab375ecc8b605d0a76.png
bd9c0e84018c1dc8024f13425777551e13bc9009f209b247ac63bc1702447b6f,0,data/benign_original/benign/bd9c0e84018c1dc8024f13425777551e13bc9009f209b247ac63bc1702447b6f.png
f8b9cfab7fffbc8f98e41aa439d72921dc180634a1febca2a9d41a0df35d3472,0,data/benign_original/benign/f8b9cfab7fffbc8f98e41aa439d72921dc180634a1febca2a9d41a0df35d3472.png
c7662576cf49e6db3d43e5ab5fa71427dbbcad297574a5db324932fe13a87cf0,0,data/benign_original/benign/c7662576cf49e6db3d43e5ab5fa71427dbbcad297574a5db324932fe13a87cf0.png
b01c0831694bbbe773540eae0e34915fb95747f6151f99d60442ba891a08641d,0,data/benign_original/benign/b01c0831694bbbe773540eae0e34915fb95747f6151f99d60442ba891a08641d.png
6e301f788993268ad839c6e8b251d6b0ee14bddbc9a655bb7e4474524a6d8994,0,data/benign_original/benign/6e301f788993268ad839c6e8b251d6b0ee14bddbc9a655bb7e4474524a6d8994.png
c0d14357542ee115b81c76596725a761545aa0c9fb39e16efac24cc96f6e4210,0,data/benign_original/benign/c0d14357542ee115b81c76596725a761545aa0c9fb39e16efac24cc96f6e4210.png
07615d1ba250df0b9c8772c31ec13e14b304d62ebe6258e6ae085cd8d3bacdb4,0,data/benign_original/benign/07615d1ba250df0b9c8772c31ec13e14b304d62ebe6258e6ae085cd8d3bacdb4.png
d19b440da4e9a8960a7943227b7b2c1605cc9555dec392f3e248562d77ee9dcb,0,data/benign_original/benign/d19b440da4e9a8960a7943227b7b2c1605cc9555dec392f3e248562d77ee9dcb.png
9dbe301e6b832184a624e97ee08735397aeb656e4fcb98c2388a57deb2f33e76,0,data/benign_original/benign/9dbe301e6b832184a624e97ee08735397aeb656e4fcb98c2388a57deb2f33e76.png
e9b778611252ee7a7bc853230acd8bc5b4ea983a88ab89e077dfe7d59f9ed0e7,0,data/benign_original/benign/e9b778611252ee7a7bc853230acd8bc5b4ea983a88ab89e077dfe7d59f9ed0e7.png
f2265675252553a96555b5dec682b1fbbe7b8d31f510108030e52b7956d31c8c,0,data/benign_original/benign/f2265675252553a96555b5dec682b1fbbe7b8d31f510108030e52b7956d31c8c.png
9d50a4f9ce524d40bbd02d6e5d8a24bca6b1005065add4bafc69ba198695506d,0,data/benign_original/benign/9d50a4f9ce524d40bbd02d6e5d8a24bca6b1005065add4bafc69ba198695506d.png
58b1c01a434e6ffe0e349a9e07eebba8c88408acee9d98c7411982cb8a3ecdcc,1,data/malware_images/images/Trickbot/58b1c01a434e6ffe0e349a9e07eebba8c88408acee9d98c7411982cb8a3ecdcc.png
efe20ac0eb0dd42fd95ae87fb3f7be807ffb472b732769f2372d9e29d02b692a,0,data/benign_original/benign/efe20ac0eb0dd42fd95ae87fb3f7be807ffb472b732769f2372d9e29d02b692a.png
af647fcba328c6a41c6512dc34248b7c0413d5db337be2cba1fc3761855ddce6,0,data/benign_original/benign/af647fcba328c6a41c6512dc34248b7c0413d5db337be2cba1fc3761855ddce6.png
c3d8353d5e5e18914cf475a936aec9d40651b7e6388731ce7d81f9300b0254be,0,data/benign_original/benign/c3d8353d5e5e18914cf475a936aec9d40651b7e6388731ce7d81f9300b0254be.png
e543a58426dd5e787b620ce4c2ac0505a8964f2f62ea29ec8259d76ac0e0a144,0,data/benign_original/benign/e543a58426dd5e787b620ce4c2ac0505a8964f2f62ea29ec8259d76ac0e0a144.png
ece97f480fce1e32e1e15d6744cc1d8c1893402fa08e53261b44a0e25690ab4e,0,data/benign_original/benign/ece97f480fce1e32e1e15d6744cc1d8c1893402fa08e53261b44a0e25690ab4e.png
a5d76d29280af398aeb406063676620060a5d0cb28b2d33d917f41a5c06e4d84,0,data/benign_original/benign/a5d76d29280af398aeb406063676620060a5d0cb28b2d33d917f41a5c06e4d84.png
c532c516703be218a4a421b3488b588cf8636cf24bf070610f2021ef6ebe5a56,0,data/benign_original/benign/c532c516703be218a4a421b3488b588cf8636cf24bf070610f2021ef6ebe5a56.png
4a2d3175bbb67e417e5ff643ab86c0d4ac17e748d1d70dbb85b45fc0008bcf2a,0,data/benign_original/benign/4a2d3175bbb67e417e5ff643ab86c0d4ac17e748d1d70dbb85b45fc0008bcf2a.png
a28c8a1cec75344833ec100758125018b58c183a5903271ea8944c6f663ef80b,0,data/benign_original/benign/a28c8a1cec75344833ec100758125018b58c183a5903271ea8944c6f663ef80b.png
ce855661bee82c5ca77c80f20a7a5d95a6cb644ed043019fd6ebc7343189abb2,0,data/benign_original/benign/ce855661bee82c5ca77c80f20a7a5d95a6cb644ed043019fd6ebc7343189abb2.png
ff750ccf55c8d9045a3ad6c8966094e904a62b126fd6f2e96fb3c50e84ad1e35,0,data/benign_original/benign/ff750ccf55c8d9045a3ad6c8966094e904a62b126fd6f2e96fb3c50e84ad1e35.png
f7238271d546f60f0d7e73372d32b54ae7464c01925843d62fd16412a951f4b7,0,data/benign_original/benign/f7238271d546f60f0d7e73372d32b54ae7464c01925843d62fd16412a951f4b7.png
be6162a08d82ea7cd3bf9f530382292272c08586cea7a1736aa47c3da20466cc,0,data/benign_original/benign/be6162a08d82ea7cd3bf9f530382292272c08586cea7a1736aa47c3da20466cc.png
f5c6a2c4e712496e8204a047e6f73fd6749ee19c0a461114387a0d96de48cdd8,0,data/benign_original/benign/f5c6a2c4e712496e8204a047e6f73fd6749ee19c0a461114387a0d96de48cdd8.png
c6d93ae492f6a2b687c64cc388cf0a483f44428b843c5b384c156f018a2cf63c,1,data/malware_images/images/njrat/c6d93ae492f6a2b687c64cc388cf0a483f44428b843c5b384c156f018a2cf63c.png
c42ab04f9d19b18d2d145a32a98e02e8070d25275aad11b3c9917c3cdd370c10,0,data/benign_original/benign/c42ab04f9d19b18d2d145a32a98e02e8070d25275aad11b3c9917c3cdd370c10.png
e643384068ab5235b90b9921deb764082af9abd3d40022a4e2e0e08617682f6e,0,data/benign_original/benign/e643384068ab5235b90b9921deb764082af9abd3d40022a4e2e0e08617682f6e.png
b9d6861cc5db67d433ce96b4cc8e47f983814d3e0b17573c982cacd6379fbdff,0,data/benign_original/benign/b9d6861cc5db67d433ce96b4cc8e47f983814d3e0b17573c982cacd6379fbdff.png
ebd1bbee4697959448d9b54c38f3583e284c4338490f382f82d7dc1201c82fd1,0,data/benign_original/benign/ebd1bbee4697959448d9b54c38f3583e284c4338490f382f82d7dc1201c82fd1.png
cd4c3e3206c0c5bbc5a59d65a337fe2f14f5ed53ae3b51643c0b320a679ea894,0,data/benign_original/benign/cd4c3e3206c0c5bbc5a59d65a337fe2f14f5ed53ae3b51643c0b320a679ea894.png
c89b21e536599a0cbc96605fd8300c9d4797f67addcc4699f808cb07085c8725,1,data/malware_images/images/IcedID/c89b21e536599a0cbc96605fd8300c9d4797f67addcc4699f808cb07085c8725.png
f9ff45113846bd164b5400013427d04be3b31a1faec1094f817054f023b493a4,0,data/benign_original/benign/f9ff45113846bd164b5400013427d04be3b31a1faec1094f817054f023b493a4.png
c043c5fbf6011a7e41d3a3c36c29949ece8d7140bfd6e06b924f44655094aee8,0,data/benign_original/benign/c043c5fbf6011a7e41d3a3c36c29949ece8d7140bfd6e06b924f44655094aee8.png
cbf78ba43de13a2d61eefeed30a155e38fc958e83abd186d2997d2f69b25c60e,0,data/benign_original/benign/cbf78ba43de13a2d61eefeed30a155e38fc958e83abd186d2997d2f69b25c60e.png
d49d87f26e21d3ffc1fdaedc1abbba8e83d7b5e04bf710e07bec60aac5ed5e94,0,data/benign_original/benign/d49d87f26e21d3ffc1fdaedc1abbba8e83d7b5e04bf710e07bec60aac5ed5e94.png
33a5b015af1ecd057057eada64b2f8fe3633b467bd43454f5278f76b94cd09ab,0,data/benign_original/benign/33a5b015af1ecd057057eada64b2f8fe3633b467bd43454f5278f76b94cd09ab.png
f8ce78b2bde7787ffef2b8b7f11c59c6e0fd4f7f760111cb79febc078111aa18,0,data/benign_original/benign/f8ce78b2bde7787ffef2b8b7f11c59c6e0fd4f7f760111cb79febc078111aa18.png
334a65ea8508b3d2c3088e754cc3c9d8bdaf9b3b993d3f526a1603bbd7ff354c,0,data/benign_original/benign/334a65ea8508b3d2c3088e754cc3c9d8bdaf9b3b993d3f526a1603bbd7ff354c.png
b87a5b63ce6a27c31b22feb408f23b5fbd586e9fb0b8622c87bdc5f02e59b001,0,data/benign_original/benign/b87a5b63ce6a27c31b22feb408f23b5fbd586e9fb0b8622c87bdc5f02e59b001.png
b623ce5d80a9fdaa581d544fd33250d0ea233429dca1d0fd4334a8002ae017c4,0,data/benign_original/benign/b623ce5d80a9fdaa581d544fd33250d0ea233429dca1d0fd4334a8002ae017c4.png
ca51150e82385e4e9a9b81a6200bd33a962a7d535eb6fcac33aa43c2ecdd30c6,0,data/benign_original/benign/ca51150e82385e4e9a9b81a6200bd33a962a7d535eb6fcac33aa43c2ecdd30c6.png
c7d24c646b124118d2d99973a3809a7a04862df05d0a00ad09e96a62ce552c23,0,data/benign_original/benign/c7d24c646b124118d2d99973a3809a7a04862df05d0a00ad09e96a62ce552c23.png
d2d1ca8fee420c4a43c41404996bae6d12a44887315b5ef146094ff9177fe0e2,0,data/benign_original/benign/d2d1ca8fee420c4a43c41404996bae6d12a44887315b5ef146094ff9177fe0e2.png
d0cfb360e8b475464ffcbca93478681477c5908ac02c6a6a58d368ae26f2aed9,0,data/benign_original/benign/d0cfb360e8b475464ffcbca93478681477c5908ac02c6a6a58d368ae26f2aed9.png
78d7c33adc73827d0c60df89c13d7973a885db106f39b4c641aa850469643834,0,data/benign_original/benign/78d7c33adc73827d0c60df89c13d7973a885db106f39b4c641aa850469643834.png
c916fc000b913a9970e5fc79f639adb58f40c23f7f3076b16a7bdb4b59f6e662,0,data/benign_original/benign/c916fc000b913a9970e5fc79f639adb58f40c23f7f3076b16a7bdb4b59f6e662.png
d9541d1d0607e597e5d00af495d39632703613cbcab5e34dce7c95fb399e9c36,0,data/benign_original/benign/d9541d1d0607e597e5d00af495d39632703613cbcab5e34dce7c95fb399e9c36.png
4e5aac1267b4dd6d72ba7903928e3101fe0088af21611cfe6ebae5919ada75ce,0,data/benign_original/benign/4e5aac1267b4dd6d72ba7903928e3101fe0088af21611cfe6ebae5919ada75ce.png
d349ba3d30dda5b564d30c28e6e4778a61b5be9de24a9fd1521ca773ae94d550,0,data/benign_original/benign/d349ba3d30dda5b564d30c28e6e4778a61b5be9de24a9fd1521ca773ae94d550.png
c77794591c6aa2090a492ae0441c6e4f010f03b3f746cf99743f021a73f9a4f8,0,data/benign_original/benign/c77794591c6aa2090a492ae0441c6e4f010f03b3f746cf99743f021a73f9a4f8.png
bae12d3c342f0eab6ea63dfda22e8db81dd118c06f866cdf0afd94c666abfd02,0,data/benign_original/benign/bae12d3c342f0eab6ea63dfda22e8db81dd118c06f866cdf0afd94c666abfd02.png
b7421238b86def849bf2e8f9a278f70136910bfe75b5ae8049eb33f0052fa06f,0,data/benign_original/benign/b7421238b86def849bf2e8f9a278f70136910bfe75b5ae8049eb33f0052fa06f.png
cfd1c2d34feb7d94f282e97bf762a99bfa7309dc7353d96dfe4aadc187d26c67,0,data/benign_original/benign/cfd1c2d34feb7d94f282e97bf762a99bfa7309dc7353d96dfe4aadc187d26c67.png
ec68b5163cbb5f15e2fbe37fdf5fcb0d01dffbe53a460cb2cf668f31f0127ad5,0,data/benign_original/benign/ec68b5163cbb5f15e2fbe37fdf5fcb0d01dffbe53a460cb2cf668f31f0127ad5.png
c5b2c1f2a59bdbacf105006f84e978a15eace46ee74368ffe9b73479bb018785,0,data/benign_original/benign/c5b2c1f2a59bdbacf105006f84e978a15eace46ee74368ffe9b73479bb018785.png
bc099dad0c9b920d7670d7923bd10632f082e66c2996a8fa1c503d6479543012,0,data/benign_original/benign/bc099dad0c9b920d7670d7923bd10632f082e66c2996a8fa1c503d6479543012.png
b49e3f79abf030d9cfe95e4302ed02e53f357dcb9083555340fdb3b40845e619,0,data/benign_original/benign/b49e3f79abf030d9cfe95e4302ed02e53f357dcb9083555340fdb3b40845e619.png
c145de8c64aae63bb029938693681dac16f58e3a9d9b56baeadadf2578b05842,0,data/benign_original/benign/c145de8c64aae63bb029938693681dac16f58e3a9d9b56baeadadf2578b05842.png
d24ad12164b44870926db7e9ae85b2d0dca89a65fef1def57906a5d3bcab35a3,0,data/benign_original/benign/d24ad12164b44870926db7e9ae85b2d0dca89a65fef1def57906a5d3bcab35a3.png
c065fa6dbc84646facf1572c2e4146cf9c27ac44ffbb6f955cc918eed61909f9,0,data/benign_original/benign/c065fa6dbc84646facf1572c2e4146cf9c27ac44ffbb6f955cc918eed61909f9.png
b755a7d760e76dbbdedf7c44a777a2ef32a092a56a74a2b129d08670024ec374,0,data/benign_original/benign/b755a7d760e76dbbdedf7c44a777a2ef32a092a56a74a2b129d08670024ec374.png
cca32e097f255b307026e12d4eee9d20777a604a923b74cc3f3cb297522eb2a6,0,data/benign_original/benign/cca32e097f255b307026e12d4eee9d20777a604a923b74cc3f3cb297522eb2a6.png
c852dd4140a95fc03222863c9eb796e79dcd7b542c0ee9ae7ed089b24a342b6b,0,data/benign_original/benign/c852dd4140a95fc03222863c9eb796e79dcd7b542c0ee9ae7ed089b24a342b6b.png
ea33b0dde479df26ea8c0e06c67f8c3487a5024731de89f418bb66f74e6483d3,0,data/benign_original/benign/ea33b0dde479df26ea8c0e06c67f8c3487a5024731de89f418bb66f74e6483d3.png
ed7d55f08b268daca9649d43f738dc7680873874ed238a3dfe610a9f5a5ff57f,0,data/benign_original/benign/ed7d55f08b268daca9649d43f738dc7680873874ed238a3dfe610a9f5a5ff57f.png
b31e36b2112fb3150592770941860f0e59be46c81c8f6859010243779f5607e5,0,data/benign_original/benign/b31e36b2112fb3150592770941860f0e59be46c81c8f6859010243779f5607e5.png
b333cc7e25d3859807cb77f988d44c3c8d348159a397a530a22caf632263d631,0,data/benign_original/benign/b333cc7e25d3859807cb77f988d44c3c8d348159a397a530a22caf632263d631.png
daf237638b387de778216611bc9e0ae29f525bdf71f4a8fe8a419e8000b332bb,0,data/benign_original/benign/daf237638b387de778216611bc9e0ae29f525bdf71f4a8fe8a419e8000b332bb.png
ea9972c3f6ec33b74fb6f0ab3bc835deeb7a60b4c6bc2a5fc2c32664e81bddef,0,data/benign_original/benign/ea9972c3f6ec33b74fb6f0ab3bc835deeb7a60b4c6bc2a5fc2c32664e81bddef.png
e71c518595e8b48b175770095366373dd6902261625e15cff1f0ce62e3838651,0,data/benign_original/benign/e71c518595e8b48b175770095366373dd6902261625e15cff1f0ce62e3838651.png
d74379c0d9b49d51aad8b7fe5141100900251b614d64555843f226820de8f041,0,data/benign_original/benign/d74379c0d9b49d51aad8b7fe5141100900251b614d64555843f226820de8f041.png
17e977e2f4d8f9a3de8e01eaa1c82ccca63789cacc135859f665046a4a990dc8,0,data/benign_original/benign/17e977e2f4d8f9a3de8e01eaa1c82ccca63789cacc135859f665046a4a990dc8.png
ecc0342d88282fb61461578319d625994795227c7a2be0d7c764d960683a3219,0,data/benign_original/benign/ecc0342d88282fb61461578319d625994795227c7a2be0d7c764d960683a3219.png
e07c3a42c07613f48dca6c878ac94ba5ceb7260d38f4d9da38597d61665490cb,0,data/benign_original/benign/e07c3a42c07613f48dca6c878ac94ba5ceb7260d38f4d9da38597d61665490cb.png
eb0c00ccb89b20a4b4d242b8a55683186ef9635d1bdd8ceb6327572170f2392e,0,data/benign_original/benign/eb0c00ccb89b20a4b4d242b8a55683186ef9635d1bdd8ceb6327572170f2392e.png
c04dc6691ac1579711833b45cc6f040d0f221cb3a53f4ae81ade86228f3efa92,0,data/benign_original/benign/c04dc6691ac1579711833b45cc6f040d0f221cb3a53f4ae81ade86228f3efa92.png
f30a5cb40cc365246de4788c4f4bf5cbd89745bd66a8dd70af16be2570c2efa2,0,data/benign_original/benign/f30a5cb40cc365246de4788c4f4bf5cbd89745bd66a8dd70af16be2570c2efa2.png
b2ded3ce4b19a18844d4aa90b60dfc1a8d3e9cd7649e7478c524d5c9d035fccc,0,data/benign_original/benign/b2ded3ce4b19a18844d4aa90b60dfc1a8d3e9cd7649e7478c524d5c9d035fccc.png
fcaf4a9f4ad5c6ebc069daa27636f159a268cd1d53d26709eb819862e542913f,0,data/benign_original/benign/fcaf4a9f4ad5c6ebc069daa27636f159a268cd1d53d26709eb819862e542913f.png
fb841d63b70222a4536940371a0febd377a8b1e9ed954db84f63fb3a8f01d00c,0,data/benign_original/benign/fb841d63b70222a4536940371a0febd377a8b1e9ed954db84f63fb3a8f01d00c.png
dcb8597465c6a14ab7f240c863ab1c3ea01a5f7963c8390f1511e28c9ef04d66,0,data/benign_original/benign/dcb8597465c6a14ab7f240c863ab1c3ea01a5f7963c8390f1511e28c9ef04d66.png
fadf0cc5a2cb10055b17df60815c5210cba0c5255ba636b13fe8a480af297c99,0,data/benign_original/benign/fadf0cc5a2cb10055b17df60815c5210cba0c5255ba636b13fe8a480af297c99.png
c49ec3e1a0e144ae5d469ec1f3eb46745e919e6a3073d2768d713431cbf6ba83,0,data/benign_original/benign/c49ec3e1a0e144ae5d469ec1f3eb46745e919e6a3073d2768d713431cbf6ba83.png
fb3c53573ece596b85f4d6977ecb1a47b77b1420accbf6bfd4bace260a4e003b,0,data/benign_original/benign/fb3c53573ece596b85f4d6977ecb1a47b77b1420accbf6bfd4bace260a4e003b.png
19bae63e35482e9815569a783349f73c0f2c4929f529f271c4076d69c92745d0,1,data/malware_images/images/Trickbot/19bae63e35482e9815569a783349f73c0f2c4929f529f271c4076d69c92745d0.png
077f6a102329e2a1da967fd3350981d2eb9c169a3c00408fe0c6ed9c0a8d1a7c,0,data/benign_original/benign/077f6a102329e2a1da967fd3350981d2eb9c169a3c00408fe0c6ed9c0a8d1a7c.png
c828e32a7b4f9064d7058b97e236c7eff13a83778d3c1112206dd28b73336c84,0,data/benign_original/benign/c828e32a7b4f9064d7058b97e236c7eff13a83778d3c1112206dd28b73336c84.png
fdde9702f89135613f7365a28a7fbb1dd2328744c4ca8998546fab8606e697c1,0,data/benign_original/benign/fdde9702f89135613f7365a28a7fbb1dd2328744c4ca8998546fab8606e697c1.png
dd5b309f2ecb452b93a5215593f40bf7c56855e146fbefd5c0f493ba2a5c5910,0,data/benign_original/benign/dd5b309f2ecb452b93a5215593f40bf7c56855e146fbefd5c0f493ba2a5c5910.png
f2de5429d3fea497031119027bf0e0fd1209af386c6b5627dfeb10917edebb3e,0,data/benign_original/benign/f2de5429d3fea497031119027bf0e0fd1209af386c6b5627dfeb10917edebb3e.png
467823968d057c72e14cb0dab019c232231b7ecc34f55225b259627e3b05ea1c,0,data/benign_original/benign/467823968d057c72e14cb0dab019c232231b7ecc34f55225b259627e3b05ea1c.png
579fe6969827c1f6e9dde0fa440d671bde7658d06c525a79b3f227d3f34a71a7,0,data/benign_original/benign/579fe6969827c1f6e9dde0fa440d671bde7658d06c525a79b3f227d3f34a71a7.png
b540d728b225f82795a5f7d53ed576ec28b0ddad6d1d6fa9a242859aee78a3dd,0,data/benign_original/benign/b540d728b225f82795a5f7d53ed576ec28b0ddad6d1d6fa9a242859aee78a3dd.png
ff39ee7b7d45a221d02214355aff2dfa84f59cdb49d8015b37b1c098102237cb,0,data/benign_original/benign/ff39ee7b7d45a221d02214355aff2dfa84f59cdb49d8015b37b1c098102237cb.png
e0cb7b0b87d04c95145176c5ef5d07f98bbed29abf3b217e386b634b65e8d434,0,data/benign_original/benign/e0cb7b0b87d04c95145176c5ef5d07f98bbed29abf3b217e386b634b65e8d434.png
d63ec0ce6772c43d1c5171b77d30767bfdf80ec89fdddbc98d832bbe3600cc2b,0,data/benign_original/benign/d63ec0ce6772c43d1c5171b77d30767bfdf80ec89fdddbc98d832bbe3600cc2b.png
db8e6bfcd51afcff2d5e1a0c1a29db0b76da5b1985b1df5c59d8dc84cd6019c4,0,data/benign_original/benign/db8e6bfcd51afcff2d5e1a0c1a29db0b76da5b1985b1df5c59d8dc84cd6019c4.png
3ad1d588d82b769d50ca3c21c28e30c1b5333aa571ba8f78f5ec70eed03f950e,0,data/benign_original/benign/3ad1d588d82b769d50ca3c21c28e30c1b5333aa571ba8f78f5ec70eed03f950e.png
cf579f50e4fd8ff0ad4ca87331d033ebbba01cbfe16649e8b3ab53f556d7c10a,0,data/benign_original/benign/cf579f50e4fd8ff0ad4ca87331d033ebbba01cbfe16649e8b3ab53f556d7c10a.png
f596c273f54a8314422e53eec7e48fedec46ff81beb319ebfc3c318f30dd8357,0,data/benign_original/benign/f596c273f54a8314422e53eec7e48fedec46ff81beb319ebfc3c318f30dd8357.png
a57ca61e8dbb5f6b081b3975f44aca8df1d13cbcaa33c6651700b4d457ec13a1,0,data/benign_original/benign/a57ca61e8dbb5f6b081b3975f44aca8df1d13cbcaa33c6651700b4d457ec13a1.png
ec778ea65b16366265177fade2a1ddf803465b13e93f899905dd0c7ee3339e38,0,data/benign_original/benign/ec778ea65b16366265177fade2a1ddf803465b13e93f899905dd0c7ee3339e38.png
d58eaa3347f803a299dbdf12f93b44126a77014664804258d5afb25a6da25a09,0,data/benign_original/benign/d58eaa3347f803a299dbdf12f93b44126a77014664804258d5afb25a6da25a09.png
26f2e577524304ed552d8665b44963eae8453a962de1a9cc093a16e84ed2a527,0,data/benign_original/benign/26f2e577524304ed552d8665b44963eae8453a962de1a9cc093a16e84ed2a527.png
d67aa66b25111e273d77609568f7b610fc15e7b07fbec33ffb913fb3ca3a18f4,0,data/benign_original/benign/d67aa66b25111e273d77609568f7b610fc15e7b07fbec33ffb913fb3ca3a18f4.png
bcba1e02e54c18224ddba76e1a980a212819a619f1aca68f2d0fc463140e5260,0,data/benign_original/benign/bcba1e02e54c18224ddba76e1a980a212819a619f1aca68f2d0fc463140e5260.png
be45aef0889b03e2243282a912f41580e8566db666a782c26a1d4d7988799d03,0,data/benign_original/benign/be45aef0889b03e2243282a912f41580e8566db666a782c26a1d4d7988799d03.png
f77d8aaf5fb32655f603da41b1cfd5cf74d87d48837799d88f2805de3c332ba2,0,data/benign_original/benign/f77d8aaf5fb32655f603da41b1cfd5cf74d87d48837799d88f2805de3c332ba2.png
de81891d9f950638de932c24022cd03f1b783a80305be66b9d26a7802831cfc2,0,data/benign_original/benign/de81891d9f950638de932c24022cd03f1b783a80305be66b9d26a7802831cfc2.png
baf585dd43498e678f715ac362a859f4cad4da53ed498e72dedc8ae2814342a8,0,data/benign_original/benign/baf585dd43498e678f715ac362a859f4cad4da53ed498e72dedc8ae2814342a8.png
a54b84e56a936791da31c69d4048798521d62ad90991798587bf0c25e0b90148,0,data/benign_original/benign/a54b84e56a936791da31c69d4048798521d62ad90991798587bf0c25e0b90148.png
e8a42bd775d02d5835c7507c82d334bc31c3368c5bd57802dbdf974b7550da08,0,data/benign_original/benign/e8a42bd775d02d5835c7507c82d334bc31c3368c5bd57802dbdf974b7550da08.png
efc61b0ffa2e42e1354d453751f47877793249a8ad39b2226baba74b4820b4c3,0,data/benign_original/benign/efc61b0ffa2e42e1354d453751f47877793249a8ad39b2226baba74b4820b4c3.png
c596de2ab8394fb62538fef0b4657317f4ead50a6d798c5d066e25e334576c27,0,data/benign_original/benign/c596de2ab8394fb62538fef0b4657317f4ead50a6d798c5d066e25e334576c27.png
72bc39297e239de515b1384d1df053109eb71567ddc3b94cf7b27ad3a5ad31fe,0,data/benign_original/benign/72bc39297e239de515b1384d1df053109eb71567ddc3b94cf7b27ad3a5ad31fe.png
a097cc322fa68e1ff500d79598f657d9c211e86e632c3c3b896e566852cea991,0,data/benign_original/benign/a097cc322fa68e1ff500d79598f657d9c211e86e632c3c3b896e566852cea991.png
d4ce45d348c37204792d536142ea19939210303127e8978e8366bfe26709bd07,0,data/benign_original/benign/d4ce45d348c37204792d536142ea19939210303127e8978e8366bfe26709bd07.png
da40251763c560dc3a5ac898d206e210375ee651dd2693d6a19fe8f1ee27b800,0,data/benign_original/benign/da40251763c560dc3a5ac898d206e210375ee651dd2693d6a19fe8f1ee27b800.png
f989967433a67f2cecd0d879defe507a01f8fd3f9a51d657ae65e1cba80efe61,0,data/benign_original/benign/f989967433a67f2cecd0d879defe507a01f8fd3f9a51d657ae65e1cba80efe61.png
e9b682ee52dfde4c8a0386a4ff978fa4309b6cb66e0f45d5a0f7bd4a3ca19233,0,data/benign_original/benign/e9b682ee52dfde4c8a0386a4ff978fa4309b6cb66e0f45d5a0f7bd4a3ca19233.png
83f5dc456a9c4430dd7e1554680bc92efe85d1a8c360b8d8c2175a9504e43c2f,0,data/benign_original/benign/83f5dc456a9c4430dd7e1554680bc92efe85d1a8c360b8d8c2175a9504e43c2f.png
aab9f72bc96a87b69af2ff99c8c771fd5d8cc4ccd776f3a7f56895666a025aac,0,data/benign_original/benign/aab9f72bc96a87b69af2ff99c8c771fd5d8cc4ccd776f3a7f56895666a025aac.png
f311fd366646bf7c0b890db816cac8a16ea5dcf6f2ae824cde7ca3942f0c39e5,0,data/benign_original/benign/f311fd366646bf7c0b890db816cac8a16ea5dcf6f2ae824cde7ca3942f0c39e5.png
aa10bfe51228e5210c7e34372d4e9ebe75e920ba85edb2e6350c2e390899cf09,0,data/benign_original/benign/aa10bfe51228e5210c7e34372d4e9ebe75e920ba85edb2e6350c2e390899cf09.png
d177d5dca7724518d0bc9ac5dd8dbbbc3dba77699a369be56cee44ecc5b5effd,0,data/benign_original/benign/d177d5dca7724518d0bc9ac5dd8dbbbc3dba77699a369be56cee44ecc5b5effd.png
11a1f22cc5614d2f8c58e698da5616f94805b5f9a4cd24d5433ea3d9aa3cfe02,0,data/benign_original/benign/11a1f22cc5614d2f8c58e698da5616f94805b5f9a4cd24d5433ea3d9aa3cfe02.png
e926a25e7993f799daf012c48e167af901467d4170a9cc6610734fa9b4470393,0,data/benign_original/benign/e926a25e7993f799daf012c48e167af901467d4170a9cc6610734fa9b4470393.png
cd937eeb4efaeb5b09d58b631bb4c7a8e1e3f6ceab8bf94f332d17826fda7563,0,data/benign_original/benign/cd937eeb4efaeb5b09d58b631bb4c7a8e1e3f6ceab8bf94f332d17826fda7563.png
f2d5a5ae64a7811a732ab9f4a10dabe3ada61d05652e8787f2c3a2eae0501546,0,data/benign_original/benign/f2d5a5ae64a7811a732ab9f4a10dabe3ada61d05652e8787f2c3a2eae0501546.png
0a8deb24eef193e13c691190758c349776eab1cd65fba7b5dae77c7ee9fcc906,0,data/benign_original/benign/0a8deb24eef193e13c691190758c349776eab1cd65fba7b5dae77c7ee9fcc906.png
be45bf94be32e9cf2cdc32d3f5b749cc2f5427b29004ea1ad9a11ae8b21bc842,0,data/benign_original/benign/be45bf94be32e9cf2cdc32d3f5b749cc2f5427b29004ea1ad9a11ae8b21bc842.png
feb5b3512c236a338dd392ed46f27796be7621d7a6eb0cfae9e9518276c6ebe1,0,data/benign_original/benign/feb5b3512c236a338dd392ed46f27796be7621d7a6eb0cfae9e9518276c6ebe1.png
c449f3a61e14abdbeb5aca18181b812382c7b72dfab88b4d6ee8613c4d61f1df,0,data/benign_original/benign/c449f3a61e14abdbeb5aca18181b812382c7b72dfab88b4d6ee8613c4d61f1df.png
e05045233ee90b0fd9d5fba44cd9cda8fabaf9c2f0ede04d9ded0efcdf901ced,0,data/benign_original/benign/e05045233ee90b0fd9d5fba44cd9cda8fabaf9c2f0ede04d9ded0efcdf901ced.png
b0ce5ad453b8b2f97ba703734dec8df10ba2182e617056461b2bf143abd6e8b8,1,data/malware_images/images/GuLoader/b0ce5ad453b8b2f97ba703734dec8df10ba2182e617056461b2bf143abd6e8b8.png
bd1d2b4d6ac9ec8abda800be9b58b4c016a5aae50ffdc24379fe2f666191b095,0,data/benign_original/benign/bd1d2b4d6ac9ec8abda800be9b58b4c016a5aae50ffdc24379fe2f666191b095.png
e731307e63e993f740685e306d47c81b961dd11f827841b87fde420083a2536d,0,data/benign_original/benign/e731307e63e993f740685e306d47c81b961dd11f827841b87fde420083a2536d.png
a1661db1b74b876a7e789fc6ebb4e34beafa2b48a08e13fd18927fbecc9d2ac4,0,data/benign_original/benign/a1661db1b74b876a7e789fc6ebb4e34beafa2b48a08e13fd18927fbecc9d2ac4.png
c8a42d2f26ad3acc9a7846ae5476a02869693b625e306d0afa5339521e400c7c,0,data/benign_original/benign/c8a42d2f26ad3acc9a7846ae5476a02869693b625e306d0afa5339521e400c7c.png
f36e56e17a7143488cc48f3c69b011de71d608e41d15b3496a66cbf8acfbe909,0,data/benign_original/benign/f36e56e17a7143488cc48f3c69b011de71d608e41d15b3496a66cbf8acfbe909.png
6bc1eff62faa5b54d178f25b0d5e4942ae310aa92feee3d2d99a8001b04e57db,0,data/benign_original/benign/6bc1eff62faa5b54d178f25b0d5e4942ae310aa92feee3d2d99a8001b04e57db.png
d51dceec83cf08f845f8aa8020c70d3605d5c6703a958941b918a4ac46ee62c8,0,data/benign_original/benign/d51dceec83cf08f845f8aa8020c70d3605d5c6703a958941b918a4ac46ee62c8.png
ef71761690327e7bd80f72a84b86b2ba4205e6ec32a96443f56292ca2e34a0f8,0,data/benign_original/benign/ef71761690327e7bd80f72a84b86b2ba4205e6ec32a96443f56292ca2e34a0f8.png
b2a1598ca5692b40b70786dd78f8e08ac6c88758d3fc0a60e060c10813612eea,0,data/benign_original/benign/b2a1598ca5692b40b70786dd78f8e08ac6c88758d3fc0a60e060c10813612eea.png
a8a23d61a64999e27bf093a7c8dff04293e1b3f56d9eb55dbd82956ae12a8a41,0,data/benign_original/benign/a8a23d61a64999e27bf093a7c8dff04293e1b3f56d9eb55dbd82956ae12a8a41.png
f920db9719c9c385c04e1db33eeb5172a122d4982234986829a2b7276136eb2c,0,data/benign_original/benign/f920db9719c9c385c04e1db33eeb5172a122d4982234986829a2b7276136eb2c.png
895df1d66a5fa1f29d388d3d8ee9cd9f6ecbc51fab75daf17063fc72f20e52ed,0,data/benign_original/benign/895df1d66a5fa1f29d388d3d8ee9cd9f6ecbc51fab75daf17063fc72f20e52ed.png
c7fe08fb0fc3e0026316e497428e6cfa4284e0bbbb62acf463c6e79accfc20b4,0,data/benign_original/benign/c7fe08fb0fc3e0026316e497428e6cfa4284e0bbbb62acf463c6e79accfc20b4.png
d69d6f4bf7cb91634323aec770498418035d470dca92f2e0b557fd817ab97956,0,data/benign_original/benign/d69d6f4bf7cb91634323aec770498418035d470dca92f2e0b557fd817ab97956.png
dce2829685962e05d00544f226236a603ec56d561b0232180b3c7b0917441c80,0,data/benign_original/benign/dce2829685962e05d00544f226236a603ec56d561b0232180b3c7b0917441c80.png
b78926cf11e89c7abba717ce0e0af276bb3b6e9e495c2d9760ba3b6b3b20e8a6,0,data/benign_original/benign/b78926cf11e89c7abba717ce0e0af276bb3b6e9e495c2d9760ba3b6b3b20e8a6.png
48c5bd8f31a9b6971d3eb1970b860199b75978efab688a6239936ed6306c9115,0,data/benign_original/benign/48c5bd8f31a9b6971d3eb1970b860199b75978efab688a6239936ed6306c9115.png
d66fe29a3ab93b41bae9b397d233411ebb7f4f06ebca865dba39be2f035b0ee6,0,data/benign_original/benign/d66fe29a3ab93b41bae9b397d233411ebb7f4f06ebca865dba39be2f035b0ee6.png
cec677cc8764e8eabc2ceeccc80526f087a6730eb3b5da4e8b8573317ffdaa8d,0,data/benign_original/benign/cec677cc8764e8eabc2ceeccc80526f087a6730eb3b5da4e8b8573317ffdaa8d.png
ea84f35ee6f26ec95dddad18edcb70247652feff80c860856fd9e6375ef5f6bd,0,data/benign_original/benign/ea84f35ee6f26ec95dddad18edcb70247652feff80c860856fd9e6375ef5f6bd.png
bea4c5a07695e89586b789a786861688d2cb133eaf4aaf916129f601ace55918,0,data/benign_original/benign/bea4c5a07695e89586b789a786861688d2cb133eaf4aaf916129f601ace55918.png
c2b0614bdb0a65729213b938c6a7063c7c33f24c1650fc745dc0a16138d32947,0,data/benign_original/benign/c2b0614bdb0a65729213b938c6a7063c7c33f24c1650fc745dc0a16138d32947.png
e7388ff8b7cdd6beca2d475bfc8a9c7b2e5d7eaadf56b7c332ee4038ec2e2a8d,0,data/benign_original/benign/e7388ff8b7cdd6beca2d475bfc8a9c7b2e5d7eaadf56b7c332ee4038ec2e2a8d.png
d1298308df59a617e8458a2b96b80ef93ff223e0909f4652640e98bd555bb6d0,0,data/benign_original/benign/d1298308df59a617e8458a2b96b80ef93ff223e0909f4652640e98bd555bb6d0.png
f02675fab9930729a76c42fcfe364160d5ed848f5f75783cf3d4ab4de47a6fc4,0,data/benign_original/benign/f02675fab9930729a76c42fcfe364160d5ed848f5f75783cf3d4ab4de47a6fc4.png
67b5efbc83e4d8d00c11977f09a36e55b903f6797dcf1aaac7d69bfb5198664d,1,data/malware_images/images/njrat/67b5efbc83e4d8d00c11977f09a36e55b903f6797dcf1aaac7d69bfb5198664d.png
f49f8d5a0f283b6513a01bb026a86f8188bc79eaa688ce3e9aab1fccc5f7b2ab,0,data/benign_original/benign/f49f8d5a0f283b6513a01bb026a86f8188bc79eaa688ce3e9aab1fccc5f7b2ab.png
253d466b5169da3e7fb8b1f125ac84c3857889777210c397c37bf16e6187bae5,0,data/benign_original/benign/253d466b5169da3e7fb8b1f125ac84c3857889777210c397c37bf16e6187bae5.png
c61d8618c1273e3269f4df3dffd10b60e21472c518805e909927f89bf2935a07,0,data/benign_original/benign/c61d8618c1273e3269f4df3dffd10b60e21472c518805e909927f89bf2935a07.png
ee1de58c2ba48cad0b24dbaad59ba58f4afce3d2edbff6571b6c29c8ef9cabd0,0,data/benign_original/benign/ee1de58c2ba48cad0b24dbaad59ba58f4afce3d2edbff6571b6c29c8ef9cabd0.png
08605832a51e9b9b15ed35538064c26dfee05343bb09c62a83ed4b5fe2bfdb72,1,data/malware_images/images/IcedID/08605832a51e9b9b15ed35538064c26dfee05343bb09c62a83ed4b5fe2bfdb72.png
f5c8bac7c9e7816dbcb4259ad9f74fd838cb19116320a1fddd05b062fb574dd8,0,data/benign_original/benign/f5c8bac7c9e7816dbcb4259ad9f74fd838cb19116320a1fddd05b062fb574dd8.png
78dc236cc76e06c9aa253cb95dc297eedb63e4dd1b98335b6cdaa64ce4b1056c,0,data/benign_original/benign/78dc236cc76e06c9aa253cb95dc297eedb63e4dd1b98335b6cdaa64ce4b1056c.png
b189f4b81e32c2be2c252d6f6ba160bf8566aa74be9642af4af5e3b424be54ca,1,data/malware_images/images/GuLoader/b189f4b81e32c2be2c252d6f6ba160bf8566aa74be9642af4af5e3b424be54ca.png
ef052bc9b7fde596fff3ea2d9c8fc994f3282953dead1b7f5477e7154af67245,0,data/benign_original/benign/ef052bc9b7fde596fff3ea2d9c8fc994f3282953dead1b7f5477e7154af67245.png
e80369b54bbf2bc23411327b76d96d628105cb47744d2344c4a9a8dc63e2bcae,0,data/benign_original/benign/e80369b54bbf2bc23411327b76d96d628105cb47744d2344c4a9a8dc63e2bcae.png
270192196cb5dc6b0fc987e19c99701acce994ee826447e8ae011eb70681ff9f,0,data/benign_original/benign/270192196cb5dc6b0fc987e19c99701acce994ee826447e8ae011eb70681ff9f.png
6677ee6c6eb63f596781ec8ef15cc090554b663f8a035c55407b68072845598f,1,data/malware_images/images/njrat/6677ee6c6eb63f596781ec8ef15cc090554b663f8a035c55407b68072845598f.png
899bb9a7cbead03d1f6be39d2798cd9c8075be00a3001411e13bb5f20c8a9364,1,data/malware_images/images/njrat/899bb9a7cbead03d1f6be39d2798cd9c8075be00a3001411e13bb5f20c8a9364.png
b0fb3ae8052084fcadeb802bf1a33bebbd0c9c75320f2cb584026ba0c568e3ad,0,data/benign_original/benign/b0fb3ae8052084fcadeb802bf1a33bebbd0c9c75320f2cb584026ba0c568e3ad.png
9d9742a07c77cdccd8c2b6ee17f2855a1479081e1f356073c6df9f749209b77f,0,data/benign_original/benign/9d9742a07c77cdccd8c2b6ee17f2855a1479081e1f356073c6df9f749209b77f.png
b51159eb8ecfd2274bad8d135efd27457363852a872ba0e7c9d2f125a37766f0,0,data/benign_original/benign/b51159eb8ecfd2274bad8d135efd27457363852a872ba0e7c9d2f125a37766f0.png
b396ddf5054b5645e710c1c266d9410577406074aafc6e4bd14b90986cc1e395,0,data/benign_original/benign/b396ddf5054b5645e710c1c266d9410577406074aafc6e4bd14b90986cc1e395.png
c58a2d4ab8d21b2a06d2184e282658dca149331d4f5d5ee4f9ffc7a89b432fd9,0,data/benign_original/benign/c58a2d4ab8d21b2a06d2184e282658dca149331d4f5d5ee4f9ffc7a89b432fd9.png
b57d99b3a11c13d5303b65d1d8339794bef69c62618e4eed09313c2a144e057b,0,data/benign_original/benign/b57d99b3a11c13d5303b65d1d8339794bef69c62618e4eed09313c2a144e057b.png
c241660c7950a15f58238179810df6908a77461ffa7ed10a3581be2442188758,0,data/benign_original/benign/c241660c7950a15f58238179810df6908a77461ffa7ed10a3581be2442188758.png
b25976b4e32dcc3884ac0c8aa1e8416d483ef8598d232ac788e917f8967ff131,0,data/benign_original/benign/b25976b4e32dcc3884ac0c8aa1e8416d483ef8598d232ac788e917f8967ff131.png
b06f64eddfcb1a0ed429419e07416f05cef6a50fd864582f710c4bfb2285fb0a,0,data/benign_original/benign/b06f64eddfcb1a0ed429419e07416f05cef6a50fd864582f710c4bfb2285fb0a.png
7b6a2c47f68bdabc73a7dc13ffc5d8c241419161c13f88f85de0e4ab5e5ca7f2,0,data/benign_original/benign/7b6a2c47f68bdabc73a7dc13ffc5d8c241419161c13f88f85de0e4ab5e5ca7f2.png
f8a91d71f5ad4e9884dc88fd334537ff89c1ea11fbbe39d66a10d07ba8c196a0,0,data/benign_original/benign/f8a91d71f5ad4e9884dc88fd334537ff89c1ea11fbbe39d66a10d07ba8c196a0.png
fea6c33920d8448316c872b1cf87c32dc74703259cb2b8ae53fff64efcf48786,0,data/benign_original/benign/fea6c33920d8448316c872b1cf87c32dc74703259cb2b8ae53fff64efcf48786.png
cbf1220a5c56026ec3185f19759a8d72e9d0b135417ad8a45a95e5b88ea95c23,0,data/benign_original/benign/cbf1220a5c56026ec3185f19759a8d72e9d0b135417ad8a45a95e5b88ea95c23.png
b6775d5cb4a13983bbf8ac3950fb219ef49ec42381d8e8f836345e78a86e36da,0,data/benign_original/benign/b6775d5cb4a13983bbf8ac3950fb219ef49ec42381d8e8f836345e78a86e36da.png
c5eae1632fa66393e6f7c048f9251ee4dfd2989a9484734a2991b68d48c2d414,0,data/benign_original/benign/c5eae1632fa66393e6f7c048f9251ee4dfd2989a9484734a2991b68d48c2d414.png
de5a477e621efa85e2dc8f722abf2ebf61c11dba9208c951ecf9d112be96f427,0,data/benign_original/benign/de5a477e621efa85e2dc8f722abf2ebf61c11dba9208c951ecf9d112be96f427.png
f2c4b3098cb41e4b45243fd21d6c608093cba1c00f45e701ec482e0d74aef636,0,data/benign_original/benign/f2c4b3098cb41e4b45243fd21d6c608093cba1c00f45e701ec482e0d74aef636.png
cff6bce0c78a537d2c03456d7e40d6eb8e345d2aa36838e820a52f9b483c0e7a,0,data/benign_original/benign/cff6bce0c78a537d2c03456d7e40d6eb8e345d2aa36838e820a52f9b483c0e7a.png
c70c83f37089193500d834a470532d43b58105d238a2710c338a96d284758bfe,0,data/benign_original/benign/c70c83f37089193500d834a470532d43b58105d238a2710c338a96d284758bfe.png
fd58b439e480246fd246ea2aa0572f379f70036b7521487a6e5ae151378871a1,0,data/benign_original/benign/fd58b439e480246fd246ea2aa0572f379f70036b7521487a6e5ae151378871a1.png
d469fe0a8132ba1a5972474d9ae55dd90262ef1cb4d01d245ff2dd09f490ea41,0,data/benign_original/benign/d469fe0a8132ba1a5972474d9ae55dd90262ef1cb4d01d245ff2dd09f490ea41.png
c1b110de45b4ca214ceef11b8d347e0400a182442e09baa662ada6c1cd93e1b7,0,data/benign_original/benign/c1b110de45b4ca214ceef11b8d347e0400a182442e09baa662ada6c1cd93e1b7.png
ff8570940e9bb3de3c1f094dcad656c078c4b36ca1f96194cd218380bbe516d9,0,data/benign_original/benign/ff8570940e9bb3de3c1f094dcad656c078c4b36ca1f96194cd218380bbe516d9.png
dcf3c4f6024313eeb6f775ed343265d73be1ce1d5dde2f92195dbc32310c7fc9,0,data/benign_original/benign/dcf3c4f6024313eeb6f775ed343265d73be1ce1d5dde2f92195dbc32310c7fc9.png
d61ef0616185b15d872de207f2fa24401fe60a73e22d5a97d9fe21c50d72862c,0,data/benign_original/benign/d61ef0616185b15d872de207f2fa24401fe60a73e22d5a97d9fe21c50d72862c.png
c29c1ff179ff4f46ef914601e5223dc3f4c1ba391ae34d14b69cb24cde0c76d0,0,data/benign_original/benign/c29c1ff179ff4f46ef914601e5223dc3f4c1ba391ae34d14b69cb24cde0c76d0.png
b0499ee87b23129f1528c5cf57728518a3a66aa1a2eb200fb0700bc6ad78546e,0,data/benign_original/benign/b0499ee87b23129f1528c5cf57728518a3a66aa1a2eb200fb0700bc6ad78546e.png
4a43f1eef4605f99278e609a8d372bc2386fb8f63ba6999e3ff5c3b80142a6f9,0,data/benign_original/benign/4a43f1eef4605f99278e609a8d372bc2386fb8f63ba6999e3ff5c3b80142a6f9.png
b9f131c187efbc61f0f2a15e8f48072e1068152dd56cfb6be9a5515de77bd00a,0,data/benign_original/benign/b9f131c187efbc61f0f2a15e8f48072e1068152dd56cfb6be9a5515de77bd00a.png
c159de691a3793383947640c921207970ffddda02a1d91f9ca01e8300cc8ea41,0,data/benign_original/benign/c159de691a3793383947640c921207970ffddda02a1d91f9ca01e8300cc8ea41.png
20d29a34b44fb9ea9a82e60a4b4118cf541eb86f04f69309ef6bf67c42f2272d,0,data/benign_original/benign/20d29a34b44fb9ea9a82e60a4b4118cf541eb86f04f69309ef6bf67c42f2272d.png
f150968386a483c59b9fb81889724f3a99769dead04dbeafd338abc8ca03561b,0,data/benign_original/benign/f150968386a483c59b9fb81889724f3a99769dead04dbeafd338abc8ca03561b.png
536abc6d36a44a42c41263b0b470a5d2db75b9291585ae4efd94190c08c1c233,0,data/benign_original/benign/536abc6d36a44a42c41263b0b470a5d2db75b9291585ae4efd94190c08c1c233.png
b1872b812c84456531a111eac2918a607e7ad5c924db5abef9a5175dc181be1f,0,data/benign_original/benign/b1872b812c84456531a111eac2918a607e7ad5c924db5abef9a5175dc181be1f.png
dc1df51abc40692856ba7e784f515ebd9d68f952ed064c41fecce0733e1934b5,0,data/benign_original/benign/dc1df51abc40692856ba7e784f515ebd9d68f952ed064c41fecce0733e1934b5.png
c73050be7928a462dcb53ae3595fd4dd912e3da1ddfbcf69010d6acb85f943e7,0,data/benign_original/benign/c73050be7928a462dcb53ae3595fd4dd912e3da1ddfbcf69010d6acb85f943e7.png
9fff8e2a6ec0b66b064f156eb829722576a3a3d64a2e77387e599477a55e53a9,1,data/malware_images/images/Gozi/9fff8e2a6ec0b66b064f156eb829722576a3a3d64a2e77387e599477a55e53a9.png
a14760cc7f131ae6880e38b9893057a182758130d91be3cfbd174d69c4b3cf66,0,data/benign_original/benign/a14760cc7f131ae6880e38b9893057a182758130d91be3cfbd174d69c4b3cf66.png
b59d4c950491ef3624c54055af98605df96de28260e98fded75b4e67d27f79b3,0,data/benign_original/benign/b59d4c950491ef3624c54055af98605df96de28260e98fded75b4e67d27f79b3.png
e76989dd635a17132dacc6136280d6a3f3ed632be0a8a71ea20dcb566af4dbf9,0,data/benign_original/benign/e76989dd635a17132dacc6136280d6a3f3ed632be0a8a71ea20dcb566af4dbf9.png
e904e2854dc69d740d03101764ff1dcad82acd70b5b9b6076f26d0d64a68f1ce,0,data/benign_original/benign/e904e2854dc69d740d03101764ff1dcad82acd70b5b9b6076f26d0d64a68f1ce.png
c25ab8ed0427ec5ab40d7e68e58b88a677274defa6ae5c40a24a2d53841c8518,0,data/benign_original/benign/c25ab8ed0427ec5ab40d7e68e58b88a677274defa6ae5c40a24a2d53841c8518.png
ddc0de988b73ddca97226fb7099e7bbfe74251c4d478d09a1bd16ea3514a0101,0,data/benign_original/benign/ddc0de988b73ddca97226fb7099e7bbfe74251c4d478d09a1bd16ea3514a0101.png
def0eda6871024efc76365117fa8203cc878d62112db61e53bda97023c961cbb,0,data/benign_original/benign/def0eda6871024efc76365117fa8203cc878d62112db61e53bda97023c961cbb.png
f5304b19c33f84eda4016c5fe849d8cd730f18d8c2077606e74da768641b11b6,0,data/benign_original/benign/f5304b19c33f84eda4016c5fe849d8cd730f18d8c2077606e74da768641b11b6.png
ed0535ab8b2f82f1f057cb3166d1ff759a66a1eb9b32eafdd71f48341e1681b4,0,data/benign_original/benign/ed0535ab8b2f82f1f057cb3166d1ff759a66a1eb9b32eafdd71f48341e1681b4.png
d28eb6a508a6a944cf876b3d816e6b4253cd7180f7a4a9c2ff38bb7b000f6f3c,0,data/benign_original/benign/d28eb6a508a6a944cf876b3d816e6b4253cd7180f7a4a9c2ff38bb7b000f6f3c.png
e39e567d52354c2bfebd58c235050e14ef43e8c5fc0e7932aae3b08d24171aff,0,data/benign_original/benign/e39e567d52354c2bfebd58c235050e14ef43e8c5fc0e7932aae3b08d24171aff.png
ec846f2183469e844d4cbba85981966af119e90521ed0be38af43e1badb1f3c2,0,data/benign_original/benign/ec846f2183469e844d4cbba85981966af119e90521ed0be38af43e1badb1f3c2.png
f1a205016f8d0d098722b983a499513669321ce8f0b4a4af270f22f4bbc76b26,0,data/benign_original/benign/f1a205016f8d0d098722b983a499513669321ce8f0b4a4af270f22f4bbc76b26.png
0cdf3896e76bdc3e5ecd7938c3d5040bc95e113eab9bb47f1664016d88f0b905,1,data/malware_images/images/Trickbot/0cdf3896e76bdc3e5ecd7938c3d5040bc95e113eab9bb47f1664016d88f0b905.png
ee47e19915e357c38c1986221cc0aefb477965765e2b0bbeef0249312cc010c7,0,data/benign_original/benign/ee47e19915e357c38c1986221cc0aefb477965765e2b0bbeef0249312cc010c7.png
f9abc9b65477d2a7d4193a64873bab9be09ed9ebaef1fcdc7025185d88d61895,0,data/benign_original/benign/f9abc9b65477d2a7d4193a64873bab9be09ed9ebaef1fcdc7025185d88d61895.png
f64d4c14888269297d5ee921c96430abed9232cbe0f9bfbcbbfd03e9a1b270a3,0,data/benign_original/benign/f64d4c14888269297d5ee921c96430abed9232cbe0f9bfbcbbfd03e9a1b270a3.png
3069656c32874d84e7cad06b4c0c39fb43393bfa8c57c1afe806eb9990f91c07,0,data/benign_original/benign/3069656c32874d84e7cad06b4c0c39fb43393bfa8c57c1afe806eb9990f91c07.png
dff6b20ab486a312470859cbc6f97f735931fcd457a4cd474d3c1fd06f6be640,0,data/benign_original/benign/dff6b20ab486a312470859cbc6f97f735931fcd457a4cd474d3c1fd06f6be640.png
fbe5548641d632402786dd2b8435d7fd312ed101c17554e69759b9f52bf52be6,0,data/benign_original/benign/fbe5548641d632402786dd2b8435d7fd312ed101c17554e69759b9f52bf52be6.png
b3436fd22097ed01e2c52c16179acf5f13139df15c8d77b36bc06fd73ba23544,0,data/benign_original/benign/b3436fd22097ed01e2c52c16179acf5f13139df15c8d77b36bc06fd73ba23544.png
02253301617f5201605443ec0c4ab9e3bf8667caa3ea57a0be4d0641e2394ef6,0,data/benign_original/benign/02253301617f5201605443ec0c4ab9e3bf8667caa3ea57a0be4d0641e2394ef6.png
a3275735b0d0b68818b527f8f11ed623b095905dc66e8b50f46861d1158290c0,0,data/benign_original/benign/a3275735b0d0b68818b527f8f11ed623b095905dc66e8b50f46861d1158290c0.png
e30fef1652dd4fe140a816004db8a74bf1b87b17723190906347121dfd3bffaa,0,data/benign_original/benign/e30fef1652dd4fe140a816004db8a74bf1b87b17723190906347121dfd3bffaa.png
79d27b57b5e2128fb96b229198fff3be95816d4495d26d512ec27cfd7406d0b5,0,data/benign_original/benign/79d27b57b5e2128fb96b229198fff3be95816d4495d26d512ec27cfd7406d0b5.png
f5f71a59cc7a52f39f46fd6390ef6707d4c59077df0bce1aa4776f51d49b23ba,0,data/benign_original/benign/f5f71a59cc7a52f39f46fd6390ef6707d4c59077df0bce1aa4776f51d49b23ba.png
ccca8b15b974977c0fe467df44df99451900521173ae602d8c144172fed67187,0,data/benign_original/benign/ccca8b15b974977c0fe467df44df99451900521173ae602d8c144172fed67187.png
d6a03550fbd2313a8b1f4e71180bf27db436a86bd54660e4a6c6b6707bdf8d63,0,data/benign_original/benign/d6a03550fbd2313a8b1f4e71180bf27db436a86bd54660e4a6c6b6707bdf8d63.png
e681c73a6417d56e035c9570d504848baa8abd0c790e8bd924a11a37d2754899,0,data/benign_original/benign/e681c73a6417d56e035c9570d504848baa8abd0c790e8bd924a11a37d2754899.png
f9a2de62174dbb22fde7eb5fe8cc3fb0c6647164caca7dbeb168c64857ebe8c6,0,data/benign_original/benign/f9a2de62174dbb22fde7eb5fe8cc3fb0c6647164caca7dbeb168c64857ebe8c6.png
fd3d3247634d8e08853ae6cc894cff2d9b637ec1ba4851cb5b8ce99f951dc099,0,data/benign_original/benign/fd3d3247634d8e08853ae6cc894cff2d9b637ec1ba4851cb5b8ce99f951dc099.png
d6295326cd3c61f58e5bce22bdef6b04f94ed2483769e087006a3f24db6ce3f9,0,data/benign_original/benign/d6295326cd3c61f58e5bce22bdef6b04f94ed2483769e087006a3f24db6ce3f9.png
bb972818c62a4055d968557a0b1589b45c0722632b257a003d3318222e744b3d,0,data/benign_original/benign/bb972818c62a4055d968557a0b1589b45c0722632b257a003d3318222e744b3d.png
7481b61d95c45a5ebb6dfc318a8a62f1524f815fb8fccc8859b373570c049538,0,data/benign_original/benign/7481b61d95c45a5ebb6dfc318a8a62f1524f815fb8fccc8859b373570c049538.png
c8c5f7a33661c4d533f40a9239420a1a8745992a45207accb311bc4e9af122fb,0,data/benign_original/benign/c8c5f7a33661c4d533f40a9239420a1a8745992a45207accb311bc4e9af122fb.png
ef664e89947b28073ecc3b7d918d3ceab51b80d15e4e733670ff21aa9e9efaa2,0,data/benign_original/benign/ef664e89947b28073ecc3b7d918d3ceab51b80d15e4e733670ff21aa9e9efaa2.png
f7e9749e22196a7cbdaae5e5b0aa4f77063dd8c8021dbd02171acc2f4e35cea6,0,data/benign_original/benign/f7e9749e22196a7cbdaae5e5b0aa4f77063dd8c8021dbd02171acc2f4e35cea6.png
afabfc705398511daaf7950f56be1079beab727e806e70d99577e1491cb95268,0,data/benign_original/benign/afabfc705398511daaf7950f56be1079beab727e806e70d99577e1491cb95268.png
b18d4c1bad76cfc5a02fc5f2ea6d2bf00defb866bf963ab61f0a0de9c28bf515,0,data/benign_original/benign/b18d4c1bad76cfc5a02fc5f2ea6d2bf00defb866bf963ab61f0a0de9c28bf515.png
2c968556fcad7ebb9a866b21a9f3f3dfcd0ca490caf8f6b2ecdb423b9d24d3ef,0,data/benign_original/benign/2c968556fcad7ebb9a866b21a9f3f3dfcd0ca490caf8f6b2ecdb423b9d24d3ef.png
c183e44e60759720013c1bff8400a6f0c98a8fc84343c18d6ed3d5c1a4369a48,0,data/benign_original/benign/c183e44e60759720013c1bff8400a6f0c98a8fc84343c18d6ed3d5c1a4369a48.png
d8441cc60d797d988c1c5bb33a274fe30ece18b7481dbf41cff8372afc054f42,0,data/benign_original/benign/d8441cc60d797d988c1c5bb33a274fe30ece18b7481dbf41cff8372afc054f42.png
bd25be3e9be3814e76ab83bb2ae859d209ec7bd56951da015bb763017bc2d3ee,0,data/benign_original/benign/bd25be3e9be3814e76ab83bb2ae859d209ec7bd56951da015bb763017bc2d3ee.png
d5ec0837bb176abf13dcd52c658c4e84c5264f67065b9c19679b6643f7d21564,0,data/benign_original/benign/d5ec0837bb176abf13dcd52c658c4e84c5264f67065b9c19679b6643f7d21564.png
f08ab3671898fb17d1f97e7dbee334aed79b0b387bfc94a05e02608e70ca7821,0,data/benign_original/benign/f08ab3671898fb17d1f97e7dbee334aed79b0b387bfc94a05e02608e70ca7821.png
c7d598210597f7514f5fe41975e63ae67ac562867bd91f8551723433fc73df89,0,data/benign_original/benign/c7d598210597f7514f5fe41975e63ae67ac562867bd91f8551723433fc73df89.png
cf7ee1899c2dddb2a4fc21fe831221eecf7bf605a4cc61d709a5626d88e0d389,0,data/benign_original/benign/cf7ee1899c2dddb2a4fc21fe831221eecf7bf605a4cc61d709a5626d88e0d389.png
f224f0aa7b19a6e331a18e565fe4a54fb652ff6c8e09657ede61d11d296fe3ca,0,data/benign_original/benign/f224f0aa7b19a6e331a18e565fe4a54fb652ff6c8e09657ede61d11d296fe3ca.png
f6aee7179852a920b28b5951080e6b0d4cb20d69ffb3cd6b93c03fbe8285dfca,1,data/malware_images/images/Trickbot/f6aee7179852a920b28b5951080e6b0d4cb20d69ffb3cd6b93c03fbe8285dfca.png
df5a53e8aacee97e6adad38d91554fd69066be86bc676ca8a57ca47a75a01fa6,0,data/benign_original/benign/df5a53e8aacee97e6adad38d91554fd69066be86bc676ca8a57ca47a75a01fa6.png
37df0036b3a3d49c4d2d717ae8cff0576811b9a2726fa3b044af5934a48f48f9,0,data/benign_original/benign/37df0036b3a3d49c4d2d717ae8cff0576811b9a2726fa3b044af5934a48f48f9.png
cb1454687b08797f9cd506fde40157d5688c4494772f0836054bf75f5a2bb468,0,data/benign_original/benign/cb1454687b08797f9cd506fde40157d5688c4494772f0836054bf75f5a2bb468.png
d208cc455e9bae5d4244bd3ba2bf9fb78d0d756766093afdfdbddbc56a229fb2,0,data/benign_original/benign/d208cc455e9bae5d4244bd3ba2bf9fb78d0d756766093afdfdbddbc56a229fb2.png
cf36506454b7bb3afea53106ea0d6219d91c0031b121fdc52b7a05527766a3db,0,data/benign_original/benign/cf36506454b7bb3afea53106ea0d6219d91c0031b121fdc52b7a05527766a3db.png
b02c253a85455b8eed9550325ba6b8a55b745281a7d1dbec58eb49e7d126b4cb,0,data/benign_original/benign/b02c253a85455b8eed9550325ba6b8a55b745281a7d1dbec58eb49e7d126b4cb.png
c31eaf4180f40bb71c97a92381dd22b900b164739a6510ac20bdf859e56e2a78,0,data/benign_original/benign/c31eaf4180f40bb71c97a92381dd22b900b164739a6510ac20bdf859e56e2a78.png
b8f1a129df74bd4304793753fcb24c6ecbfcc9f60b5f587f5839317cc33d3afd,0,data/benign_original/benign/b8f1a129df74bd4304793753fcb24c6ecbfcc9f60b5f587f5839317cc33d3afd.png
814bab0491bb65757dc1d000a18002b6a9f7a271bf8190ab3c384a5c5c8f7d79,0,data/benign_original/benign/814bab0491bb65757dc1d000a18002b6a9f7a271bf8190ab3c384a5c5c8f7d79.png
c2ad19887db0f553d143e357611e48d6313ca52d745eb0ed8a43391d7b2ed5eb,0,data/benign_original/benign/c2ad19887db0f553d143e357611e48d6313ca52d745eb0ed8a43391d7b2ed5eb.png
efaaba5a43a73f4f0ed02ac4ee6adb6edcab2306afad422fd2f8b3be0c27ea96,0,data/benign_original/benign/efaaba5a43a73f4f0ed02ac4ee6adb6edcab2306afad422fd2f8b3be0c27ea96.png
4ac323b80b041df4c6501bf204b2dbf4c2f89375be248ee27408e63eb69084b9,1,data/malware_images/images/njrat/4ac323b80b041df4c6501bf204b2dbf4c2f89375be248ee27408e63eb69084b9.png
df23113f3c534e5becbd452bf2ad92cbcf2a92641f775f4f579c91ad7c0ac7f4,0,data/benign_original/benign/df23113f3c534e5becbd452bf2ad92cbcf2a92641f775f4f579c91ad7c0ac7f4.png
eed345ff23696597086620d2fccc2e0033c5d2475ddc26593af2b673408e2179,0,data/benign_original/benign/eed345ff23696597086620d2fccc2e0033c5d2475ddc26593af2b673408e2179.png
b1720cb314acd0335ac13f3e194a202d4f96a2708534cf059aaaa353e3d637cd,0,data/benign_original/benign/b1720cb314acd0335ac13f3e194a202d4f96a2708534cf059aaaa353e3d637cd.png
c18ee4469b90c7121d5e9dbd541a8cd3bb26c53b131621f5982319bdc889c755,0,data/benign_original/benign/c18ee4469b90c7121d5e9dbd541a8cd3bb26c53b131621f5982319bdc889c755.png
dbd766e2ea697ce5f51b8ce6790be76d955e2fabef259b31b050511deedbdcba,0,data/benign_original/benign/dbd766e2ea697ce5f51b8ce6790be76d955e2fabef259b31b050511deedbdcba.png
b854adcd1b94bb733cadc524cdbfa8274cc16be82facfb94e34e52fefc73e60d,0,data/benign_original/benign/b854adcd1b94bb733cadc524cdbfa8274cc16be82facfb94e34e52fefc73e60d.png
d8a45609e1da6fac2ac9faccc5ee27fbbf2883f396dab664b16060e7d1a2d67c,0,data/benign_original/benign/d8a45609e1da6fac2ac9faccc5ee27fbbf2883f396dab664b16060e7d1a2d67c.png
fc50ca3916cc2e7c9ac21ae4c86485740e5e467cd9dd06d577f5af2edcb05265,0,data/benign_original/benign/fc50ca3916cc2e7c9ac21ae4c86485740e5e467cd9dd06d577f5af2edcb05265.png
d33b4be881ec160c13f1d5d41a5cba350bdd9cbfd40f12e0fe22e5ffb996794a,0,data/benign_original/benign/d33b4be881ec160c13f1d5d41a5cba350bdd9cbfd40f12e0fe22e5ffb996794a.png
f5832c2c13921c60b787ffc725780c9136ad2efe74ae92908d91533229c81078,0,data/benign_original/benign/f5832c2c13921c60b787ffc725780c9136ad2efe74ae92908d91533229c81078.png
6dba2e48aacc9b2977159dd63f2d460cdf5781fec590e6b4fac04f6ace12f868,0,data/benign_original/benign/6dba2e48aacc9b2977159dd63f2d460cdf5781fec590e6b4fac04f6ace12f868.png
e253da5057d82cae6876abf76d6ab87e46917e0a1eed09ea19c1fc4e104de090,0,data/benign_original/benign/e253da5057d82cae6876abf76d6ab87e46917e0a1eed09ea19c1fc4e104de090.png
fddc5a7b3c5a357936fd60aabebb82ac9af7f07a3f539ec7c41b87cf08e9fd6e,0,data/benign_original/benign/fddc5a7b3c5a357936fd60aabebb82ac9af7f07a3f539ec7c41b87cf08e9fd6e.png
c7739012562be8188e394bbefcaaf04358f48a8043511c72d4baba664241fead,0,data/benign_original/benign/c7739012562be8188e394bbefcaaf04358f48a8043511c72d4baba664241fead.png
a652eaf2c254c68b7f9a7476ca4a724b76e5442ec42ed556d1b8427e3911b530,1,data/malware_images/images/njrat/a652eaf2c254c68b7f9a7476ca4a724b76e5442ec42ed556d1b8427e3911b530.png
e866834b405046e92518ae2e025560988b7966f0712b9773e50fa8f7bc6fc0b6,0,data/benign_original/benign/e866834b405046e92518ae2e025560988b7966f0712b9773e50fa8f7bc6fc0b6.png
dad6229600eb17c91ad9ddae5481379a6d06b08147d840e20648f8e36d56844e,0,data/benign_original/benign/dad6229600eb17c91ad9ddae5481379a6d06b08147d840e20648f8e36d56844e.png
f96d915c2d51346fe1a35a7d0b7acef7a3734af2c75579085fce9d1a29e0f2e6,0,data/benign_original/benign/f96d915c2d51346fe1a35a7d0b7acef7a3734af2c75579085fce9d1a29e0f2e6.png
f7378e4c7b8cc3262e96364a2355711ed7d63486905cc31d9ed7165e043581bb,0,data/benign_original/benign/f7378e4c7b8cc3262e96364a2355711ed7d63486905cc31d9ed7165e043581bb.png
f1cfb446b52f2f9ad6f071139ca0e509fc876787dc595c08a31182eeb05b91b4,1,data/malware_images/images/Trickbot/f1cfb446b52f2f9ad6f071139ca0e509fc876787dc595c08a31182eeb05b91b4.png
ca672731d18721cd94165b59008297e7f5093765cd57edf55e041d2ab01d08b0,0,data/benign_original/benign/ca672731d18721cd94165b59008297e7f5093765cd57edf55e041d2ab01d08b0.png
f3ea1bf304500319374207dc35589d2354ea6166b2cb13904c06bad6444605c5,0,data/benign_original/benign/f3ea1bf304500319374207dc35589d2354ea6166b2cb13904c06bad6444605c5.png
e45776071430a7a9688eb89611246b305251d4036e7a8ba9f781e2ad83707615,0,data/benign_original/benign/e45776071430a7a9688eb89611246b305251d4036e7a8ba9f781e2ad83707615.png
4095c33ca52203420d14bf3402cdbae1f237a221c270fae8b302a0e06664ad6c,0,data/benign_original/benign/4095c33ca52203420d14bf3402cdbae1f237a221c270fae8b302a0e06664ad6c.png
bec512150b97ff91ca31871134364d9d849c66a321190c88211e3cc24812555c,0,data/benign_original/benign/bec512150b97ff91ca31871134364d9d849c66a321190c88211e3cc24812555c.png
eeb4e4c63f7b33a00a4ed0dbec66fffbf534180bdd20a8d88b9de5d5e595efd9,0,data/benign_original/benign/eeb4e4c63f7b33a00a4ed0dbec66fffbf534180bdd20a8d88b9de5d5e595efd9.png
b1b2595494072a52f1fc44586debf52312eab1a245a7a16185d7b1af37b159a6,0,data/benign_original/benign/b1b2595494072a52f1fc44586debf52312eab1a245a7a16185d7b1af37b159a6.png
f8c98bc0a58ee12ab10a3ac3277f77fed484ae54654f5fad7aca0f4a54d8d160,0,data/benign_original/benign/f8c98bc0a58ee12ab10a3ac3277f77fed484ae54654f5fad7aca0f4a54d8d160.png
e56c6f2550d69a028cb31e5a088ed8f29cca26edce8619990993e5ec613ac467,0,data/benign_original/benign/e56c6f2550d69a028cb31e5a088ed8f29cca26edce8619990993e5ec613ac467.png
f5c9052a5ffa426dd5f8f3e319cdc1d95ba1a2091802eee08ae10853a1305022,0,data/benign_original/benign/f5c9052a5ffa426dd5f8f3e319cdc1d95ba1a2091802eee08ae10853a1305022.png
9ff3e2a010bb96dcfbb0093558b6cbcd92604b84766b14b2ff41cf7fc642b048,0,data/benign_original/benign/9ff3e2a010bb96dcfbb0093558b6cbcd92604b84766b14b2ff41cf7fc642b048.png
af48e8273d95af3a9e6ca245dd6410c700d77974e0aa5dac8e22e53b31d12749,0,data/benign_original/benign/af48e8273d95af3a9e6ca245dd6410c700d77974e0aa5dac8e22e53b31d12749.png
ef77bf7f24809fda49d80221a8580adc242ea2f031842bcf7f9fb9fa76d63690,0,data/benign_original/benign/ef77bf7f24809fda49d80221a8580adc242ea2f031842bcf7f9fb9fa76d63690.png
f1131ec09edffed4d8f18d2bab86dc658936140d3c8f34a7ca3d17d741911f07,0,data/benign_original/benign/f1131ec09edffed4d8f18d2bab86dc658936140d3c8f34a7ca3d17d741911f07.png
f2e0bf2ee8bc1a6682d5b4be9377669f7109766a221e12232f1cbe6acd00c8fa,0,data/benign_original/benign/f2e0bf2ee8bc1a6682d5b4be9377669f7109766a221e12232f1cbe6acd00c8fa.png
b2b894bc2e6b0c9a40109854f7efc297f6e2a62dce18c636bcd0c1aeb47fee9c,0,data/benign_original/benign/b2b894bc2e6b0c9a40109854f7efc297f6e2a62dce18c636bcd0c1aeb47fee9c.png
d48a2acf5b6967fedd9903f8fc10b625e1b98f03118e3a563ecf718547199e65,0,data/benign_original/benign/d48a2acf5b6967fedd9903f8fc10b625e1b98f03118e3a563ecf718547199e65.png
9ba9a1a91f95af2c080fd2620128c13397218b88f16999d05b208f0b28b0a2a2,0,data/benign_original/benign/9ba9a1a91f95af2c080fd2620128c13397218b88f16999d05b208f0b28b0a2a2.png
c914c29cf6e77236a9c48b2bb6ecd7fd7cf29dcd0c29d178c7cbce41e5c5c4e7,0,data/benign_original/benign/c914c29cf6e77236a9c48b2bb6ecd7fd7cf29dcd0c29d178c7cbce41e5c5c4e7.png
d0ec83e6bdabb256405fb8125b830fa9fd329baa9542afafba6b96936b3debb7,0,data/benign_original/benign/d0ec83e6bdabb256405fb8125b830fa9fd329baa9542afafba6b96936b3debb7.png
19d4bf06db1d8e6eddf17deb439534bdd04f32a4d0bbd66758bfbb851687a992,0,data/benign_original/benign/19d4bf06db1d8e6eddf17deb439534bdd04f32a4d0bbd66758bfbb851687a992.png
829143bf8437b121fdaa057445c15d0d52a33db4e032a172e62ac5bb07493c23,0,data/benign_original/benign/829143bf8437b121fdaa057445c15d0d52a33db4e032a172e62ac5bb07493c23.png
db49ae8db99868045edf1cb1e0a30fd03aa2d062b297e8bac019219365ed0e2c,0,data/benign_original/benign/db49ae8db99868045edf1cb1e0a30fd03aa2d062b297e8bac019219365ed0e2c.png
e905d102585b22c6df04f219af5cbdbfa7bc165979e9788b62df6dcc165e10f4,0,data/benign_original/benign/e905d102585b22c6df04f219af5cbdbfa7bc165979e9788b62df6dcc165e10f4.png
ecff65afb426850b1d777e4489219db5c3a89199210943a2888a0ff53e2e5ee5,0,data/benign_original/benign/ecff65afb426850b1d777e4489219db5c3a89199210943a2888a0ff53e2e5ee5.png
f3f30e4a656729d9cb76ee845848658ae8013762872b70809ad0a10bb3ac5c2f,0,data/benign_original/benign/f3f30e4a656729d9cb76ee845848658ae8013762872b70809ad0a10bb3ac5c2f.png
e2e4609c569c69f7b1686f6d0e81ce62187ac5df05e0247954500053b3c3de3f,0,data/benign_original/benign/e2e4609c569c69f7b1686f6d0e81ce62187ac5df05e0247954500053b3c3de3f.png
dcc6994d97de3c66ad0f76e5193a169c3c457c0117b2525702b050d8dc1cd410,0,data/benign_original/benign/dcc6994d97de3c66ad0f76e5193a169c3c457c0117b2525702b050d8dc1cd410.png
b71bf63c309a835a42037ac5d92c52f6a1e79abe693718f7d1752d47f77a5525,0,data/benign_original/benign/b71bf63c309a835a42037ac5d92c52f6a1e79abe693718f7d1752d47f77a5525.png
d499f84ef2cb708212c2e43f2d1e543fb7fce6a6f12514d2b2596f7916fe7cae,0,data/benign_original/benign/d499f84ef2cb708212c2e43f2d1e543fb7fce6a6f12514d2b2596f7916fe7cae.png
cf66de1f114f7c382804fbdddd4ae70aa07ecf1df324e95e78bb41139b50cf72,0,data/benign_original/benign/cf66de1f114f7c382804fbdddd4ae70aa07ecf1df324e95e78bb41139b50cf72.png
9e8cece950c181dd27eb143dc8d06361508b0087685108f4fb6f0959824c51df,0,data/benign_original/benign/9e8cece950c181dd27eb143dc8d06361508b0087685108f4fb6f0959824c51df.png
ac2fa7bbcaf49836b1646f576e9794878f5458726bf4ed91627b388005f8b0bc,0,data/benign_original/benign/ac2fa7bbcaf49836b1646f576e9794878f5458726bf4ed91627b388005f8b0bc.png
c5291bd0807627c31f80021ad79ed019b30c885df9d955a3b31c33d6a0089ff9,0,data/benign_original/benign/c5291bd0807627c31f80021ad79ed019b30c885df9d955a3b31c33d6a0089ff9.png
8aa1ff4cc0e80dd51450d224fd8d8eb4783e1cf5fedb3271d90701f319992c0a,1,data/malware_images/images/IcedID/8aa1ff4cc0e80dd51450d224fd8d8eb4783e1cf5fedb3271d90701f319992c0a.png
544a20393e3e0c2935924ee0b5826bc65ae6a256fc041a865d4e84e3c1cfb4d8,0,data/benign_original/benign/544a20393e3e0c2935924ee0b5826bc65ae6a256fc041a865d4e84e3c1cfb4d8.png
c93cc6df2b87fec0beb52c6b4189da7cf45e9bbbc5843572b65d5a0419ad8c56,0,data/benign_original/benign/c93cc6df2b87fec0beb52c6b4189da7cf45e9bbbc5843572b65d5a0419ad8c56.png
e5c9058319c82ec44bb881fcc84d51d6f9e56cce2931d5b6f4519157953cf572,0,data/benign_original/benign/e5c9058319c82ec44bb881fcc84d51d6f9e56cce2931d5b6f4519157953cf572.png
e50bc3c5bbf082fb01ea084a50fbdce2b2c469e3186aa762cf9a9cc2f5348853,0,data/benign_original/benign/e50bc3c5bbf082fb01ea084a50fbdce2b2c469e3186aa762cf9a9cc2f5348853.png
d42930de2a4e0a2aef338142b772b6954e9e1403cee4e7575b0564e7f1c7115e,0,data/benign_original/benign/d42930de2a4e0a2aef338142b772b6954e9e1403cee4e7575b0564e7f1c7115e.png
7330a7f614fab54c900d2de1b7c3f8b583225cf0396da04e800129c9a6fe908d,0,data/benign_original/benign/7330a7f614fab54c900d2de1b7c3f8b583225cf0396da04e800129c9a6fe908d.png
fb786a22c4a0483f7b0aa43f8b2572ac436cfb8fe64124f0d24cf2eae511aeb7,0,data/benign_original/benign/fb786a22c4a0483f7b0aa43f8b2572ac436cfb8fe64124f0d24cf2eae511aeb7.png
002ce0d28ec990aadbbc89df457189de37d8adaadc9c084b78eb7be9a9820c81,0,data/benign_original/benign/002ce0d28ec990aadbbc89df457189de37d8adaadc9c084b78eb7be9a9820c81.png
af05f6ec9695b6f4174f6b9f03b6f3a0cb1edcb1d7e32a9d691e75591be4a5bb,0,data/benign_original/benign/af05f6ec9695b6f4174f6b9f03b6f3a0cb1edcb1d7e32a9d691e75591be4a5bb.png
e447797c377b176832497d6ddd22226f1e403a63f48f6fe1a77fa7009036e749,0,data/benign_original/benign/e447797c377b176832497d6ddd22226f1e403a63f48f6fe1a77fa7009036e749.png
d1da0c762271caceb202f079e9d7a2966cab497e0574d218b32de4792ea73481,0,data/benign_original/benign/d1da0c762271caceb202f079e9d7a2966cab497e0574d218b32de4792ea73481.png
a77e4d0b1eb2e5e2bc38702ee24d13fefeca2176a45768b849d57c5b549a7bc4,0,data/benign_original/benign/a77e4d0b1eb2e5e2bc38702ee24d13fefeca2176a45768b849d57c5b549a7bc4.png
ed6018064304e2af770c74e57a8d405d045c568c781bffd7e29bfecaaa3a80ea,0,data/benign_original/benign/ed6018064304e2af770c74e57a8d405d045c568c781bffd7e29bfecaaa3a80ea.png
b5a9a7b2e3ce74df82a7eae195a57bb6ee9adb4fce79d14f5b9dda01332a65cf,0,data/benign_original/benign/b5a9a7b2e3ce74df82a7eae195a57bb6ee9adb4fce79d14f5b9dda01332a65cf.png
c350e6fb28718f362fbf1af5388a69f907f53de1cfac72f0dc03280bfcbd6f89,0,data/benign_original/benign/c350e6fb28718f362fbf1af5388a69f907f53de1cfac72f0dc03280bfcbd6f89.png
e34bd5c18692a523e0dfd53f9e1261e4442cb8b52c4f442b2b2e5986c1e66e4e,0,data/benign_original/benign/e34bd5c18692a523e0dfd53f9e1261e4442cb8b52c4f442b2b2e5986c1e66e4e.png
e04ffb426d1f0531bc0b0bc348cbc46d98a06e4edb161a65007cb6c497a34635,0,data/benign_original/benign/e04ffb426d1f0531bc0b0bc348cbc46d98a06e4edb161a65007cb6c497a34635.png
fa0e3fda7926d3b8e68dc1a556a9d1722f28d883ec2f37498f5348cd1233618e,0,data/benign_original/benign/fa0e3fda7926d3b8e68dc1a556a9d1722f28d883ec2f37498f5348cd1233618e.png
fdfaefcb621f50b8afc3ca2186a7aad0c34886ffd665d813f3c33ac4941df174,0,data/benign_original/benign/fdfaefcb621f50b8afc3ca2186a7aad0c34886ffd665d813f3c33ac4941df174.png
f1b98a3c004897d19ab528af736f86cf5b9592761217a130fe66d06fa3496a44,0,data/benign_original/benign/f1b98a3c004897d19ab528af736f86cf5b9592761217a130fe66d06fa3496a44.png
de176021dbd967618d233a457715a2e5041e8eb72d549469bec74f040ac4a22f,0,data/benign_original/benign/de176021dbd967618d233a457715a2e5041e8eb72d549469bec74f040ac4a22f.png
e1074998561e99b97a07690c81cd7ac1acc36b89941d71fdc44f5a569dc61704,0,data/benign_original/benign/e1074998561e99b97a07690c81cd7ac1acc36b89941d71fdc44f5a569dc61704.png
dd14133adf5c534539298422f6c4b52739f80aca8c5a85ca8c966dea9964ceb1,0,data/benign_original/benign/dd14133adf5c534539298422f6c4b52739f80aca8c5a85ca8c966dea9964ceb1.png
e5fb606c891b149b1affecb0afee1c043fbf54e6e984295bab01e556110a0ef9,0,data/benign_original/benign/e5fb606c891b149b1affecb0afee1c043fbf54e6e984295bab01e556110a0ef9.png
73b29f398f562053377df537749cf01eb9d7545dc1be1f5f1af38802d390569d,1,data/malware_images/images/Gozi/73b29f398f562053377df537749cf01eb9d7545dc1be1f5f1af38802d390569d.png
26074f573c462a9b6a0c297bc0dde17f57177483c626fbe70b4e21dd365c57e0,1,data/malware_images/images/Heodo/26074f573c462a9b6a0c297bc0dde17f57177483c626fbe70b4e21dd365c57e0.png
e7b06655a3896c12ddd32fc09f98f9c6370862aa0da95afdbf002001a3ef7a7e,0,data/benign_original/benign/e7b06655a3896c12ddd32fc09f98f9c6370862aa0da95afdbf002001a3ef7a7e.png
ddd5a4140e89f975160c91bb99d8230cb957befb9e561f7a3c9ca4e01aea5b5a,0,data/benign_original/benign/ddd5a4140e89f975160c91bb99d8230cb957befb9e561f7a3c9ca4e01aea5b5a.png
c9cbcec4b7cdb9c9dca4de1795e95ce4f4e74b263814b4424d70a76b17f85104,0,data/benign_original/benign/c9cbcec4b7cdb9c9dca4de1795e95ce4f4e74b263814b4424d70a76b17f85104.png
46b23a58af30de8f72e7b9a12585d005aa553c137bb8b992205d109b8267627f,0,data/benign_original/benign/46b23a58af30de8f72e7b9a12585d005aa553c137bb8b992205d109b8267627f.png
b40df61a798879babd2de44e0e74f23fda4c369c507281781582c7d10258ac0f,0,data/benign_original/benign/b40df61a798879babd2de44e0e74f23fda4c369c507281781582c7d10258ac0f.png
b4484e07093bfa0f36c525955de630fb8ebf27cfc5c0c6299d9d68d399ca9dd8,0,data/benign_original/benign/b4484e07093bfa0f36c525955de630fb8ebf27cfc5c0c6299d9d68d399ca9dd8.png
dea20a267873b03b91841b96181345465d3c3b7faf641edc419e34ac97e48c08,0,data/benign_original/benign/dea20a267873b03b91841b96181345465d3c3b7faf641edc419e34ac97e48c08.png
e00b1eb36b73203d48c5a5dfb5a451cf7804fce67ab94faf9878eb49b9497a53,0,data/benign_original/benign/e00b1eb36b73203d48c5a5dfb5a451cf7804fce67ab94faf9878eb49b9497a53.png
e4cbcac3e88ab6162350628c7d047e51b8131a79538b1228a28ff787ac0868a4,0,data/benign_original/benign/e4cbcac3e88ab6162350628c7d047e51b8131a79538b1228a28ff787ac0868a4.png
db62af14455dac8d3163b8561dbdc3e671c0d521e4944bf837518afd2ebf3e83,0,data/benign_original/benign/db62af14455dac8d3163b8561dbdc3e671c0d521e4944bf837518afd2ebf3e83.png
c00dac701d44c86719d96eebfd8159b7ddfd7a6b090d834fd310e91d0bd674f3,0,data/benign_original/benign/c00dac701d44c86719d96eebfd8159b7ddfd7a6b090d834fd310e91d0bd674f3.png
e72585060ffc4e5a7e78c10d1e7620d8c02802328e43c831030d07fded2aa53d,0,data/benign_original/benign/e72585060ffc4e5a7e78c10d1e7620d8c02802328e43c831030d07fded2aa53d.png
e0c7b22dec89bf3759a8cbb2072490b830836c6ba5961f5b19dd967769ce3b61,0,data/benign_original/benign/e0c7b22dec89bf3759a8cbb2072490b830836c6ba5961f5b19dd967769ce3b61.png
dd944b11bb9fc8d0a6960ad6c88e9ea36c9ef8b4401ba54cbacea00522b40f6a,0,data/benign_original/benign/dd944b11bb9fc8d0a6960ad6c88e9ea36c9ef8b4401ba54cbacea00522b40f6a.png
d83913288ebcfeccbbf524c0dd8c93b6b8c8ad87b55c1e30ca21cd3b85da54f7,0,data/benign_original/benign/d83913288ebcfeccbbf524c0dd8c93b6b8c8ad87b55c1e30ca21cd3b85da54f7.png
c8a24e0023541fcb967e80f4cd9c1946923941d0f685b108dfa44c12a01391db,0,data/benign_original/benign/c8a24e0023541fcb967e80f4cd9c1946923941d0f685b108dfa44c12a01391db.png
c84f9991f3991bfe91c1ed220131fa665b140f17c38a60ddb6739327e0ba0af6,0,data/benign_original/benign/c84f9991f3991bfe91c1ed220131fa665b140f17c38a60ddb6739327e0ba0af6.png
bea016b2af9724c3f8e123a79e3b44abf59ee0669e7ef20cc3a9b4320e67ff7f,0,data/benign_original/benign/bea016b2af9724c3f8e123a79e3b44abf59ee0669e7ef20cc3a9b4320e67ff7f.png
e496b498c19858c088e72f8f778fe9bb4b691a24f8f85fd4be4759809124d792,0,data/benign_original/benign/e496b498c19858c088e72f8f778fe9bb4b691a24f8f85fd4be4759809124d792.png
c9c5f731ebdd159af3a04315107898a563ab0c3ca8169d8ba72258b709aa5633,0,data/benign_original/benign/c9c5f731ebdd159af3a04315107898a563ab0c3ca8169d8ba72258b709aa5633.png
b9bb5bcde6fa0d3012e8e9a95d0149af9eefd1367d0fa509494e4247e6ea07c7,0,data/benign_original/benign/b9bb5bcde6fa0d3012e8e9a95d0149af9eefd1367d0fa509494e4247e6ea07c7.png
c3f865f60ea816281c90cca306f592c65bdc204bbf8b0c6a3140b0500cdc75e8,0,data/benign_original/benign/c3f865f60ea816281c90cca306f592c65bdc204bbf8b0c6a3140b0500cdc75e8.png
b0defd82a56b61cc5452d2028d5de420f45ec21d41910a799e7826396c334239,0,data/benign_original/benign/b0defd82a56b61cc5452d2028d5de420f45ec21d41910a799e7826396c334239.png
f96f7ce5339642938e453db0941b69e7837a1f515874f955e07a439b69fbc78c,0,data/benign_original/benign/f96f7ce5339642938e453db0941b69e7837a1f515874f955e07a439b69fbc78c.png
b10d02956a4b7642d36d67b4d3da4e2fe5d39c80199b2f4e65b9d876aa66dd3d,0,data/benign_original/benign/b10d02956a4b7642d36d67b4d3da4e2fe5d39c80199b2f4e65b9d876aa66dd3d.png
e1913ca829634bac9b78031eb20c79fb7b1d5c9ebacd27d89f575576178bce8b,0,data/benign_original/benign/e1913ca829634bac9b78031eb20c79fb7b1d5c9ebacd27d89f575576178bce8b.png
b3a5d783aee60c809a64a9558cd6a39c4fdebf43bdb3f85a6f2d0cca8dfad9d5,0,data/benign_original/benign/b3a5d783aee60c809a64a9558cd6a39c4fdebf43bdb3f85a6f2d0cca8dfad9d5.png
b35ff6ee113ffba0bfedf5acbf4e4922c68bc1e342aed38bc33e208ff806981a,0,data/benign_original/benign/b35ff6ee113ffba0bfedf5acbf4e4922c68bc1e342aed38bc33e208ff806981a.png
afbe51517092256504f797f6a5abc02515a09d603e8c046ae31d7d7855568e91,0,data/benign_original/benign/afbe51517092256504f797f6a5abc02515a09d603e8c046ae31d7d7855568e91.png
ee146222f94504848a1791e3d2a8a6a090bd018fe7a1a37653445e71a53521a9,0,data/benign_original/benign/ee146222f94504848a1791e3d2a8a6a090bd018fe7a1a37653445e71a53521a9.png
e6b681d66629fe22a1cec5136842ed1aade17e05b9309578a0f469956b7d3945,0,data/benign_original/benign/e6b681d66629fe22a1cec5136842ed1aade17e05b9309578a0f469956b7d3945.png
367cea47389b6d5211595ae88454d9589aa8c996f5e765904ffede434424af22,0,data/benign_original/benign/367cea47389b6d5211595ae88454d9589aa8c996f5e765904ffede434424af22.png
acac6a29cee0fb15fa8df0c561e0ca34af844d0ec2b8828e4abb661ff9828b5d,1,data/malware_images/images/Gozi/acac6a29cee0fb15fa8df0c561e0ca34af844d0ec2b8828e4abb661ff9828b5d.png
7bede57bc7d5e493a892bf339f23bbcd24c87eb460de7343b6cd068fcba9e3c3,0,data/benign_original/benign/7bede57bc7d5e493a892bf339f23bbcd24c87eb460de7343b6cd068fcba9e3c3.png
d9bfb0ef6d5d91f9da013b307c1fe39ec36c6682f7ce3cff5e2cdfe26b41a6a1,0,data/benign_original/benign/d9bfb0ef6d5d91f9da013b307c1fe39ec36c6682f7ce3cff5e2cdfe26b41a6a1.png
cf3ead25f7c5b113e0583739e0f0dd916988e98c2daabcef6f6b4fe484238244,0,data/benign_original/benign/cf3ead25f7c5b113e0583739e0f0dd916988e98c2daabcef6f6b4fe484238244.png
f7e62e7c24289f5af6e280ad51bedc5bc82d0fafc98a2fdf7a846668264df28c,0,data/benign_original/benign/f7e62e7c24289f5af6e280ad51bedc5bc82d0fafc98a2fdf7a846668264df28c.png
9a0b8d04aac91f001774fb5c66bc9ad34dcbf1bdddfa487979b513d8e2c23fe4,1,data/malware_images/images/njrat/9a0b8d04aac91f001774fb5c66bc9ad34dcbf1bdddfa487979b513d8e2c23fe4.png
cdc66d186ae9179f746cfa9896e18baf256695999cf151024cd6b12708c0c839,0,data/benign_original/benign/cdc66d186ae9179f746cfa9896e18baf256695999cf151024cd6b12708c0c839.png
cf25e3455b3a6e965b0fb4a2e9fbbf99e4f82e5330607aa409d07b85c58fa09e,0,data/benign_original/benign/cf25e3455b3a6e965b0fb4a2e9fbbf99e4f82e5330607aa409d07b85c58fa09e.png
bc22d1ac7a12ddb061f5cd25dd61decd10c0e4f422b5721ca6b85be2785daff7,0,data/benign_original/benign/bc22d1ac7a12ddb061f5cd25dd61decd10c0e4f422b5721ca6b85be2785daff7.png
bf11febab238a0380d58a0ba3f09873e5150dcad1a794a8cfb1b9854b5afa2cd,0,data/benign_original/benign/bf11febab238a0380d58a0ba3f09873e5150dcad1a794a8cfb1b9854b5afa2cd.png
bcaac5a12f698128259d22d08bc949991003da385176c3811d9886e314a27fe1,0,data/benign_original/benign/bcaac5a12f698128259d22d08bc949991003da385176c3811d9886e314a27fe1.png
1bec844230d6235a4adbdcedf611de95cdefa995c13940100d724b8c2799dca4,0,data/benign_original/benign/1bec844230d6235a4adbdcedf611de95cdefa995c13940100d724b8c2799dca4.png
d9b295fd112474dd5b1a0736f0e3482654b4c23d326ca034e05d28dbf0904aaa,0,data/benign_original/benign/d9b295fd112474dd5b1a0736f0e3482654b4c23d326ca034e05d28dbf0904aaa.png
af95de32ca70ec2c58924499e2f1b05c85807a2fe2b8092f4a37b095d297b7e2,0,data/benign_original/benign/af95de32ca70ec2c58924499e2f1b05c85807a2fe2b8092f4a37b095d297b7e2.png
c300664a3a8ad5c31439265ff90f60e9fd8a2b3f94a47b61785c2df886778d8d,0,data/benign_original/benign/c300664a3a8ad5c31439265ff90f60e9fd8a2b3f94a47b61785c2df886778d8d.png
2e29960bcb455894501fdca75dd9bb0d5112c7b10c547d7550da3feb4395c859,0,data/benign_original/benign/2e29960bcb455894501fdca75dd9bb0d5112c7b10c547d7550da3feb4395c859.png
24a6678b15c92e069a575dc2c584e2665cb98867b9e6823dff288a47644d1fb5,0,data/benign_original/benign/24a6678b15c92e069a575dc2c584e2665cb98867b9e6823dff288a47644d1fb5.png
c8d6a678d2e4fe8e92e0fee81c8570e9613eadc452c2cf474b57ba67746f1e0a,0,data/benign_original/benign/c8d6a678d2e4fe8e92e0fee81c8570e9613eadc452c2cf474b57ba67746f1e0a.png
c6d98704e18686481839a4abb67b8e40abf0e05f4046c97b2cf59f82ab708cb6,0,data/benign_original/benign/c6d98704e18686481839a4abb67b8e40abf0e05f4046c97b2cf59f82ab708cb6.png
ecac9510586e6134a714944509fb78d8e0ea82f261b3f6bddd8da6456b0fc5d2,0,data/benign_original/benign/ecac9510586e6134a714944509fb78d8e0ea82f261b3f6bddd8da6456b0fc5d2.png
fcb2f396d04b1f517209a54ec80301cf8e10b011ad5bb210f15347824234461a,0,data/benign_original/benign/fcb2f396d04b1f517209a54ec80301cf8e10b011ad5bb210f15347824234461a.png
c7593baffc5f6cfcb71805d9497619ad43fd31b985ed6b5496e95440756a7138,0,data/benign_original/benign/c7593baffc5f6cfcb71805d9497619ad43fd31b985ed6b5496e95440756a7138.png
ceaa253712d4367a12376744d609c319bf0414e5dac0f76f113db67d41acc08f,0,data/benign_original/benign/ceaa253712d4367a12376744d609c319bf0414e5dac0f76f113db67d41acc08f.png
c286e91a4554ba3ac4e8112851e2ba7abd74356634c78a6d7724caef12fa02ce,0,data/benign_original/benign/c286e91a4554ba3ac4e8112851e2ba7abd74356634c78a6d7724caef12fa02ce.png
fcb5195dafeb1e78acaefa94dc693715c061989915ee16e0aeee72273baa6b54,0,data/benign_original/benign/fcb5195dafeb1e78acaefa94dc693715c061989915ee16e0aeee72273baa6b54.png
c0975115208399a8e9fbec2d9dee70af458b44471c8d8ac1b09c21631f9dbc4a,0,data/benign_original/benign/c0975115208399a8e9fbec2d9dee70af458b44471c8d8ac1b09c21631f9dbc4a.png
d2b27fd402f22ad56dc9217b11c5bc7a5d8fdbdd0b21330e991bac3c333ecc13,0,data/benign_original/benign/d2b27fd402f22ad56dc9217b11c5bc7a5d8fdbdd0b21330e991bac3c333ecc13.png
f08c907f194d6305e43e76e4b8a9111e103355c584d35b201236e804c28b04bd,0,data/benign_original/benign/f08c907f194d6305e43e76e4b8a9111e103355c584d35b201236e804c28b04bd.png
fbcae980f2d759f55d105a997718bed1049673ea29c26095686d707d65a0ab5e,1,data/malware_images/images/Heodo/fbcae980f2d759f55d105a997718bed1049673ea29c26095686d707d65a0ab5e.png
e417a2a7e4a77e96f819ef1fca0156ae01807825c0ee0817e649fe6c0d41a4be,0,data/benign_original/benign/e417a2a7e4a77e96f819ef1fca0156ae01807825c0ee0817e649fe6c0d41a4be.png
e2f6a65635ad33be1b212655186b32cad2c14924c8e493f26ecc07925ab263ab,0,data/benign_original/benign/e2f6a65635ad33be1b212655186b32cad2c14924c8e493f26ecc07925ab263ab.png
d2ea91ec8911feec5415b6206956ad608c7acd357fd6c18d24f2adf714620947,0,data/benign_original/benign/d2ea91ec8911feec5415b6206956ad608c7acd357fd6c18d24f2adf714620947.png
d798c9eb79aeab08c94f6173d7ea9c76e226ed0e780a33fa63be58b954b5beaf,0,data/benign_original/benign/d798c9eb79aeab08c94f6173d7ea9c76e226ed0e780a33fa63be58b954b5beaf.png
f2362096a21c802fc89d9813e823f08a1e2ee76c972f863d604c2aa7f4a377e1,0,data/benign_original/benign/f2362096a21c802fc89d9813e823f08a1e2ee76c972f863d604c2aa7f4a377e1.png
b70e95c6a86d06a52313457d6c502960f180bffdf5b923a035672cb309175818,0,data/benign_original/benign/b70e95c6a86d06a52313457d6c502960f180bffdf5b923a035672cb309175818.png
5479b276f6cf9781f2935bd8c761ffb19ab9355520de4a7679a3372c3b90254b,0,data/benign_original/benign/5479b276f6cf9781f2935bd8c761ffb19ab9355520de4a7679a3372c3b90254b.png
e6a8b1178167dc2684b67e2e694a63916899eb866977fc44042b5e311f47f3ca,0,data/benign_original/benign/e6a8b1178167dc2684b67e2e694a63916899eb866977fc44042b5e311f47f3ca.png
cec6eb50bf00db7ac6ecee3c232bc4c472d34c187af4decedd9fd172d6c4f8b1,0,data/benign_original/benign/cec6eb50bf00db7ac6ecee3c232bc4c472d34c187af4decedd9fd172d6c4f8b1.png
ba9524c23fffadb9f47e05ae28497fcee6e84b3d2cbec353b1e05bb535e7a0a9,0,data/benign_original/benign/ba9524c23fffadb9f47e05ae28497fcee6e84b3d2cbec353b1e05bb535e7a0a9.png
a7254c43bd2eb4569aa45d339a2aa09842eeebf1a82ec52bf356043334b16edc,1,data/malware_images/images/Gozi/a7254c43bd2eb4569aa45d339a2aa09842eeebf1a82ec52bf356043334b16edc.png
b8cdeb4580d0d727bf7824896e9e336c8e16a2c99531d34aba71181ece48ac74,0,data/benign_original/benign/b8cdeb4580d0d727bf7824896e9e336c8e16a2c99531d34aba71181ece48ac74.png
d6226d6216b292fb79fe36d8aa8704a43d746f6844ef8b1c2d16362207bf04a7,0,data/benign_original/benign/d6226d6216b292fb79fe36d8aa8704a43d746f6844ef8b1c2d16362207bf04a7.png
68c73e7c17fb1e16c4f6e906219f283412bbebe180dabfe2ef0e1b79933acad9,0,data/benign_original/benign/68c73e7c17fb1e16c4f6e906219f283412bbebe180dabfe2ef0e1b79933acad9.png
e64427aea0f0ebfa12746a10ceb93704d1f200154d7a434218209b280f6bdbda,0,data/benign_original/benign/e64427aea0f0ebfa12746a10ceb93704d1f200154d7a434218209b280f6bdbda.png
da8b895e2a14ebac6e951349f6e0a5b8d209854cf17e61ec16ac3f87d8425183,0,data/benign_original/benign/da8b895e2a14ebac6e951349f6e0a5b8d209854cf17e61ec16ac3f87d8425183.png
c526d8dbad70d8bd397c18a63abf8d25a2a7d7213041e327ba1825a5f3f58357,0,data/benign_original/benign/c526d8dbad70d8bd397c18a63abf8d25a2a7d7213041e327ba1825a5f3f58357.png
c0efae553b37d1a9723cada1d389b70fd91617311103b95dee7571e672ab9f1b,0,data/benign_original/benign/c0efae553b37d1a9723cada1d389b70fd91617311103b95dee7571e672ab9f1b.png
d5174bcc7c3636a4de11f7860cb340ddb96685224a9af76975e8ed8106a4d6a5,0,data/benign_original/benign/d5174bcc7c3636a4de11f7860cb340ddb96685224a9af76975e8ed8106a4d6a5.png
fcd85ad647f97a9c79afab26f46ce4190220cd047c3792b1d5c2d43cc48ec3ad,1,data/malware_images/images/Trickbot/fcd85ad647f97a9c79afab26f46ce4190220cd047c3792b1d5c2d43cc48ec3ad.png
ec798fee9ca010ccacc39f9986a625158faa9ce32fd536d044ea1c6c62f2665c,0,data/benign_original/benign/ec798fee9ca010ccacc39f9986a625158faa9ce32fd536d044ea1c6c62f2665c.png
51ee81dbc0add93b11aa0d4ad02308243c1c194b4bed94722cb18bcf8f2836cf,0,data/benign_original/benign/51ee81dbc0add93b11aa0d4ad02308243c1c194b4bed94722cb18bcf8f2836cf.png
d2b8823c96e94c9e932d8612ed271af12833f1be78fa39ecde14479a89802f27,0,data/benign_original/benign/d2b8823c96e94c9e932d8612ed271af12833f1be78fa39ecde14479a89802f27.png
f90ff5e24dc4c64c4ea92152477bb532c943e77370de53992b6572bbf43ecb48,0,data/benign_original/benign/f90ff5e24dc4c64c4ea92152477bb532c943e77370de53992b6572bbf43ecb48.png
89518688079c340bf998dd98e1e1126f4d6e0f12004ec86e59ecbe03df1af648,0,data/benign_original/benign/89518688079c340bf998dd98e1e1126f4d6e0f12004ec86e59ecbe03df1af648.png
de2815fe992391ea92fb6786e545852099dcae040cc4f2f4176ffaa59d02cf9d,0,data/benign_original/benign/de2815fe992391ea92fb6786e545852099dcae040cc4f2f4176ffaa59d02cf9d.png
d4e983a5d00c583477898ddaca3c6271c263dcc5e5742d3ee285e8bc5297b620,0,data/benign_original/benign/d4e983a5d00c583477898ddaca3c6271c263dcc5e5742d3ee285e8bc5297b620.png
c401d84d6d82653679244c92888cd3c83a1fe9bc9435dac0e5f6cdf42d80bce2,0,data/benign_original/benign/c401d84d6d82653679244c92888cd3c83a1fe9bc9435dac0e5f6cdf42d80bce2.png
f805fbd781c27bcb4f1c887afcf9d32aa7b74e350b6e60e50337aa319b69cf62,0,data/benign_original/benign/f805fbd781c27bcb4f1c887afcf9d32aa7b74e350b6e60e50337aa319b69cf62.png
bd687e30ead5a5e71a78104fc2fad3d2081d9a7e1d7fd640dc4e708c788acf61,0,data/benign_original/benign/bd687e30ead5a5e71a78104fc2fad3d2081d9a7e1d7fd640dc4e708c788acf61.png
e3a640e2faf64df563f3f67db46f576a14ea7bba999ed592ce9faf8d09c8d715,0,data/benign_original/benign/e3a640e2faf64df563f3f67db46f576a14ea7bba999ed592ce9faf8d09c8d715.png
fcf2370b21418d4dead8209767c516ee8b074a093f97551edfa72979318e2b87,0,data/benign_original/benign/fcf2370b21418d4dead8209767c516ee8b074a093f97551edfa72979318e2b87.png
b7a2344533d6dbb8f18f6f625188a77b332f1de313c38f13db276eb5e0726ca7,0,data/benign_original/benign/b7a2344533d6dbb8f18f6f625188a77b332f1de313c38f13db276eb5e0726ca7.png
e2a833ff62e249ac55f7c8b303dde50a46abcd4f5086c3c24ecd6d4d20a974b8,0,data/benign_original/benign/e2a833ff62e249ac55f7c8b303dde50a46abcd4f5086c3c24ecd6d4d20a974b8.png
f0cfcc1a9cd9b246b53fe14fa2f77975763a6de5fbb3a98cf5ea622be0c62cea,0,data/benign_original/benign/f0cfcc1a9cd9b246b53fe14fa2f77975763a6de5fbb3a98cf5ea622be0c62cea.png
d805e7fc685c5970a786c0727e96dab9808112f063c1244f558d0419e8331c72,0,data/benign_original/benign/d805e7fc685c5970a786c0727e96dab9808112f063c1244f558d0419e8331c72.png
e8137fe6f935fed8d463e0cc6854a9ac8de9e483a9498084ef6b715aef51a0c7,0,data/benign_original/benign/e8137fe6f935fed8d463e0cc6854a9ac8de9e483a9498084ef6b715aef51a0c7.png
ea5c72bce7e028a6b2f9febd90751bf0e323da00b4b0d68be2a52ed21fe2a4d0,1,data/malware_images/images/Trickbot/ea5c72bce7e028a6b2f9febd90751bf0e323da00b4b0d68be2a52ed21fe2a4d0.png
fb3e1efe6239379ab86e7bc8dff50055af966191242cce6ae817c31e382a7444,0,data/benign_original/benign/fb3e1efe6239379ab86e7bc8dff50055af966191242cce6ae817c31e382a7444.png
b571c93d22b08f008b295f765f6ebaa41632f4f54764d21cb101ccff2ac52f48,0,data/benign_original/benign/b571c93d22b08f008b295f765f6ebaa41632f4f54764d21cb101ccff2ac52f48.png
4e526c15684a2c7e327d1a5e54d0fc3d227bd6fd790cc5f495111a09c0bf74de,0,data/benign_original/benign/4e526c15684a2c7e327d1a5e54d0fc3d227bd6fd790cc5f495111a09c0bf74de.png
bbd0e728df91f29e0b438f6d16898dbd6ffb0c52eeaae8669decfde759fbef33,0,data/benign_original/benign/bbd0e728df91f29e0b438f6d16898dbd6ffb0c52eeaae8669decfde759fbef33.png
cc1838e0712883b114cea4d41004138bc5076a4fb1725dbe6c1a85d0eb4f0a22,0,data/benign_original/benign/cc1838e0712883b114cea4d41004138bc5076a4fb1725dbe6c1a85d0eb4f0a22.png
eaa8395acf4bbb48715a6ad00730abca3b282c4a1ed56b85cb25c69e6c181cba,0,data/benign_original/benign/eaa8395acf4bbb48715a6ad00730abca3b282c4a1ed56b85cb25c69e6c181cba.png
fea3cff8272dfac6102bb508da5531b9d9a87fa5d81bc6006353acc81d0d0e07,0,data/benign_original/benign/fea3cff8272dfac6102bb508da5531b9d9a87fa5d81bc6006353acc81d0d0e07.png
f780f63913db481cc6dfd46f04f2fa8589dc237df030a386039338a860c98c41,0,data/benign_original/benign/f780f63913db481cc6dfd46f04f2fa8589dc237df030a386039338a860c98c41.png
78bdea8d1723fdce0295004b6d4de388ac42da4238f8af627c9db7e62865885e,0,data/benign_original/benign/78bdea8d1723fdce0295004b6d4de388ac42da4238f8af627c9db7e62865885e.png
7f68708a415404b0247e00e2a51cf6d9e28f61fc9accb93b46d3c9bdc05ad370,0,data/benign_original/benign/7f68708a415404b0247e00e2a51cf6d9e28f61fc9accb93b46d3c9bdc05ad370.png
7bcdc2e607abc65ef93afd009c3048970d9e8d1c2a18fc571562396b13ebb301,0,data/benign_original/benign/7bcdc2e607abc65ef93afd009c3048970d9e8d1c2a18fc571562396b13ebb301.png
39bbaf0755a1f571d03a1e77a578f59bc5a11635270ad758757abbe55bad8e30,0,data/benign_original/benign/39bbaf0755a1f571d03a1e77a578f59bc5a11635270ad758757abbe55bad8e30.png
cf6b9d50566fe49c0832696344f466b61f66c29ff41670d83ea6503a85b391e8,0,data/benign_original/benign/cf6b9d50566fe49c0832696344f466b61f66c29ff41670d83ea6503a85b391e8.png
f32ddc3f8d148e865270ff76ad221f56f9bacf8080925c2cd4e148a4dd33d735,0,data/benign_original/benign/f32ddc3f8d148e865270ff76ad221f56f9bacf8080925c2cd4e148a4dd33d735.png
c59e054f692e7d23c87efd4729609879de8adc88193faf4ef3259ef17df645a1,0,data/benign_original/benign/c59e054f692e7d23c87efd4729609879de8adc88193faf4ef3259ef17df645a1.png
b32a8fd0148e8cea97fc37935e5b8076540ef4ddd072e37fc85a62e6484a1ca8,0,data/benign_original/benign/b32a8fd0148e8cea97fc37935e5b8076540ef4ddd072e37fc85a62e6484a1ca8.png
c0aaf7d967b80c0674c9cdc06e0739c46c6f9ad54892c2fb77a893cf3ea0c223,0,data/benign_original/benign/c0aaf7d967b80c0674c9cdc06e0739c46c6f9ad54892c2fb77a893cf3ea0c223.png
e06b5f4533493ccaa14084aaa0a1fede0c9e99f20948561de7559749c931ebf9,0,data/benign_original/benign/e06b5f4533493ccaa14084aaa0a1fede0c9e99f20948561de7559749c931ebf9.png
e2afbbf718bc3029abb4d38758cca6491822896e27801f2c6abe194c23bb51d1,0,data/benign_original/benign/e2afbbf718bc3029abb4d38758cca6491822896e27801f2c6abe194c23bb51d1.png
06d3bd670c46143e9be699702988eaa75f17255ca6f0c92d78780c95344eb72d,0,data/benign_original/benign/06d3bd670c46143e9be699702988eaa75f17255ca6f0c92d78780c95344eb72d.png
b934c2cab8dfd700561312f47ba0e2de3e06a2f02334fa38016e4f2e0528df22,0,data/benign_original/benign/b934c2cab8dfd700561312f47ba0e2de3e06a2f02334fa38016e4f2e0528df22.png
e3b8530d540b87a4019742aa9d6cbfacf6c6583240bea5ac8319311e8dd195cb,0,data/benign_original/benign/e3b8530d540b87a4019742aa9d6cbfacf6c6583240bea5ac8319311e8dd195cb.png
becaa3d2a8efddd537e6ecba0d4d58f671ec2127780fda5a5eb59e32368cf048,0,data/benign_original/benign/becaa3d2a8efddd537e6ecba0d4d58f671ec2127780fda5a5eb59e32368cf048.png
f1242979553b98e1f1e37c51b6f5c2f898299f7d863a26344237b7b3cfad69bd,0,data/benign_original/benign/f1242979553b98e1f1e37c51b6f5c2f898299f7d863a26344237b7b3cfad69bd.png
db8614cba759ad1ece3160d80fb4538ba9be5ab6a65a9a8ce35f8acf6dc9359b,0,data/benign_original/benign/db8614cba759ad1ece3160d80fb4538ba9be5ab6a65a9a8ce35f8acf6dc9359b.png
dbdaff5380d57abf6b7eac646ed404f5691c476c1f66317ce35df4aef59e64be,0,data/benign_original/benign/dbdaff5380d57abf6b7eac646ed404f5691c476c1f66317ce35df4aef59e64be.png
d45d1e7d7e1ea37f47a4d5ef4374e648777239b55e5621df54c5358b25fc6fbc,0,data/benign_original/benign/d45d1e7d7e1ea37f47a4d5ef4374e648777239b55e5621df54c5358b25fc6fbc.png
b787d29c5a1d7a10718ba5ecbfeabeb3bb32fec1ba8519b1629bab250ac2567a,0,data/benign_original/benign/b787d29c5a1d7a10718ba5ecbfeabeb3bb32fec1ba8519b1629bab250ac2567a.png
cd2cbc4db386eee0149e6fc2bf81fdcee5bdf3435d4a77a18807b03f58858400,0,data/benign_original/benign/cd2cbc4db386eee0149e6fc2bf81fdcee5bdf3435d4a77a18807b03f58858400.png
c90245742312ebae5bfddf5431fa8211d4d2c5d4c2dad0a80055a805498c7aee,0,data/benign_original/benign/c90245742312ebae5bfddf5431fa8211d4d2c5d4c2dad0a80055a805498c7aee.png
d9efcf07678ab33878d2e9f6111ff6a9516a030b34b022ab1d27f544856c6501,0,data/benign_original/benign/d9efcf07678ab33878d2e9f6111ff6a9516a030b34b022ab1d27f544856c6501.png
cfe1c0ead5bd89e0875a5d7374ed173c54e284c731d5a8ffc43c8da0b8ea64d8,0,data/benign_original/benign/cfe1c0ead5bd89e0875a5d7374ed173c54e284c731d5a8ffc43c8da0b8ea64d8.png
b6f9770ecd6fef3a5189fa2a8fbe8117b0dbbe35bebc5ee9b793fa6c9bd28e38,0,data/benign_original/benign/b6f9770ecd6fef3a5189fa2a8fbe8117b0dbbe35bebc5ee9b793fa6c9bd28e38.png
e5268417da656d440edeaf1a140e5c1b45073d3e716467765f36a6e2a1a32659,0,data/benign_original/benign/e5268417da656d440edeaf1a140e5c1b45073d3e716467765f36a6e2a1a32659.png
cf3ee82428248c146314e8effd2a92d7969c3a223155c944260dce814b57dcd7,0,data/benign_original/benign/cf3ee82428248c146314e8effd2a92d7969c3a223155c944260dce814b57dcd7.png
c88c5186200a068917de0bfacf91abfe643281d253928151315dfc1128b298e9,0,data/benign_original/benign/c88c5186200a068917de0bfacf91abfe643281d253928151315dfc1128b298e9.png
6b1ab8912b049fb317ae11442e69d43bfe7bec329578397aca357141ecca7c7f,1,data/malware_images/images/Trickbot/6b1ab8912b049fb317ae11442e69d43bfe7bec329578397aca357141ecca7c7f.png
2999b0709f50ed5026039496142254af172990a50e2a6e1d327b7cb94b072f7c,0,data/benign_original/benign/2999b0709f50ed5026039496142254af172990a50e2a6e1d327b7cb94b072f7c.png
95a956b0e45c41a80fbc6b479226a9c6780da71e223ca1643cc2e060feea5977,0,data/benign_original/benign/95a956b0e45c41a80fbc6b479226a9c6780da71e223ca1643cc2e060feea5977.png
d8b8426655d22c1328e054a3f56342b44020778057b007872dd416387d2a1767,0,data/benign_original/benign/d8b8426655d22c1328e054a3f56342b44020778057b007872dd416387d2a1767.png
b6ac6fcf77436851fcbb101ef697684d017f2a551dcc9d1bb4f34c41b2826bc4,0,data/benign_original/benign/b6ac6fcf77436851fcbb101ef697684d017f2a551dcc9d1bb4f34c41b2826bc4.png
89f26c9d4789ff1a94a8d4ab06c4405d70f0e08491b6b433229a7f6dadcaf68d,0,data/benign_original/benign/89f26c9d4789ff1a94a8d4ab06c4405d70f0e08491b6b433229a7f6dadcaf68d.png
cd5e13fed055e660a8f99ca00ee4125eec6b8b099b8f100386343c319b8787fa,0,data/benign_original/benign/cd5e13fed055e660a8f99ca00ee4125eec6b8b099b8f100386343c319b8787fa.png
ad3ec8fc0bde9b463ceeec97c7a88ae8fba1d75caa4ddde6cfadf77426fbbc57,0,data/benign_original/benign/ad3ec8fc0bde9b463ceeec97c7a88ae8fba1d75caa4ddde6cfadf77426fbbc57.png
fd85c7e6cf5493cb29c21e65820c3b23953a88fed513a6a51010d837678a86ea,0,data/benign_original/benign/fd85c7e6cf5493cb29c21e65820c3b23953a88fed513a6a51010d837678a86ea.png
62bdea365fc6288732deef4802af669c0613d3266d7c12b2c0a80ecb316ac7be,0,data/benign_original/benign/62bdea365fc6288732deef4802af669c0613d3266d7c12b2c0a80ecb316ac7be.png
c7a77883e7c82e105b2872fcdb72d4dbdf1c63ab58b7ecc20cca34f4f265880a,0,data/benign_original/benign/c7a77883e7c82e105b2872fcdb72d4dbdf1c63ab58b7ecc20cca34f4f265880a.png
a6ece6e136ca72afef1af71a3026d9d4dbdcc9356507fb8e449967ea8ae838aa,0,data/benign_original/benign/a6ece6e136ca72afef1af71a3026d9d4dbdcc9356507fb8e449967ea8ae838aa.png
f9ce1862a7ad0746d188bd9c444c791bcdc47b22635d664b089340368bcd21d0,0,data/benign_original/benign/f9ce1862a7ad0746d188bd9c444c791bcdc47b22635d664b089340368bcd21d0.png
f2fb740bbfd6e84c090c2ca9768aa6c2c2e72c40ff975d3db79cac59cff0bd57,0,data/benign_original/benign/f2fb740bbfd6e84c090c2ca9768aa6c2c2e72c40ff975d3db79cac59cff0bd57.png
ce06050c2e4e5a8a8c7399725809234a958fc7a91383ad1e5c4c01e3b0a7fbb2,0,data/benign_original/benign/ce06050c2e4e5a8a8c7399725809234a958fc7a91383ad1e5c4c01e3b0a7fbb2.png
c894226623fda76dd06b7799eb609c1604bfc598a809f175f6149863683e646c,0,data/benign_original/benign/c894226623fda76dd06b7799eb609c1604bfc598a809f175f6149863683e646c.png
b9fa525896120d41a23176076d17016036a8e7ce0af1fd548eea9528a5c2210b,0,data/benign_original/benign/b9fa525896120d41a23176076d17016036a8e7ce0af1fd548eea9528a5c2210b.png
fbbd7d85a62d5e1cbf42c5c6b8cfef5fdfaa7fe35283e47e1be56098e82de1c8,0,data/benign_original/benign/fbbd7d85a62d5e1cbf42c5c6b8cfef5fdfaa7fe35283e47e1be56098e82de1c8.png
ecfcedb540f9c379e9df9078dcc25f9eec859338426cc3118aeea220ebfc2416,0,data/benign_original/benign/ecfcedb540f9c379e9df9078dcc25f9eec859338426cc3118aeea220ebfc2416.png
2cef4453e4fc43fe3feb6331d02fa91f654b519aba6401a6ad90d36e3ed8bbb0,0,data/benign_original/benign/2cef4453e4fc43fe3feb6331d02fa91f654b519aba6401a6ad90d36e3ed8bbb0.png
cb5181937bda34ce92120c57bbe8cf0335abeeba1131ac707f8a4050875dc0ca,0,data/benign_original/benign/cb5181937bda34ce92120c57bbe8cf0335abeeba1131ac707f8a4050875dc0ca.png
e4c00075626109d38c610621736b964baaa2a311796fac0a7b0a941c91d9552a,0,data/benign_original/benign/e4c00075626109d38c610621736b964baaa2a311796fac0a7b0a941c91d9552a.png
ea565580675c5732fd6f2de754e238a42639f57a2dcd97340f9bb53829075ee3,0,data/benign_original/benign/ea565580675c5732fd6f2de754e238a42639f57a2dcd97340f9bb53829075ee3.png
d7a939542d603b8e3d55a57cb75352a3d981e1d937f7ffcabc6cb89a8bcda47a,0,data/benign_original/benign/d7a939542d603b8e3d55a57cb75352a3d981e1d937f7ffcabc6cb89a8bcda47a.png
db0a2c6920f5403814e30c1a28229ccd12ffeffaa43dc8eb0a7a641ed6c800e4,0,data/benign_original/benign/db0a2c6920f5403814e30c1a28229ccd12ffeffaa43dc8eb0a7a641ed6c800e4.png
d2a4fbdc232dd9d1ce0532a284fa329095496777a794328cc6fa828640c01fcb,0,data/benign_original/benign/d2a4fbdc232dd9d1ce0532a284fa329095496777a794328cc6fa828640c01fcb.png
7e9026b8987b75e86652ba7facf088180413c6d1434eeed09fe7b721d04ee080,0,data/benign_original/benign/7e9026b8987b75e86652ba7facf088180413c6d1434eeed09fe7b721d04ee080.png
f3f431178f56efff7a8a69d61f4a35122e719c7aa0a22cc3b2d178ce8aa3f946,0,data/benign_original/benign/f3f431178f56efff7a8a69d61f4a35122e719c7aa0a22cc3b2d178ce8aa3f946.png
0fe87602f6f2a6dd5acf209eea81ec0555fe1e02d6f781299724238b4cb2e2c1,0,data/benign_original/benign/0fe87602f6f2a6dd5acf209eea81ec0555fe1e02d6f781299724238b4cb2e2c1.png
7b9498c693ffb695a56ddb1bfbac4dad8ab927bef3dddb39856d6a6dd1f1f560,0,data/benign_original/benign/7b9498c693ffb695a56ddb1bfbac4dad8ab927bef3dddb39856d6a6dd1f1f560.png
8e527462577df42ee1e5ec4c0a60a25275c1d65f12059312428ca27aacc38fb7,1,data/malware_images/images/Trickbot/8e527462577df42ee1e5ec4c0a60a25275c1d65f12059312428ca27aacc38fb7.png
af7e164f0f61819577bfa7be1ce3d810a5c68eb143dc51c44657bea3fce92313,0,data/benign_original/benign/af7e164f0f61819577bfa7be1ce3d810a5c68eb143dc51c44657bea3fce92313.png
6d405d85091429bfef38e34aab90e5fa509eab2e4eec28ba93b5a2ce0d9b1748,1,data/malware_images/images/IcedID/6d405d85091429bfef38e34aab90e5fa509eab2e4eec28ba93b5a2ce0d9b1748.png
099f34fbc082c2a39e16ddf98704811c46773fe975b473d5d516aae148ad6b50,1,data/malware_images/images/Gozi/099f34fbc082c2a39e16ddf98704811c46773fe975b473d5d516aae148ad6b50.png
5f4b11908be9bae49753a31877b8e6d958a03c163b76de010eef50d676b5af16,0,data/benign_original/benign/5f4b11908be9bae49753a31877b8e6d958a03c163b76de010eef50d676b5af16.png
cb1e90a3f433b6b56116aec5496c96635e5d3fdb89b098598245e56e96b14ad4,0,data/benign_original/benign/cb1e90a3f433b6b56116aec5496c96635e5d3fdb89b098598245e56e96b14ad4.png
c960960d87651944fd8350833b0bcb545aa19bbc784bee6952286f7e29f2c8aa,0,data/benign_original/benign/c960960d87651944fd8350833b0bcb545aa19bbc784bee6952286f7e29f2c8aa.png
fabbddc0e7bcb64cc57b68dbb4d26483086917a9dccb6a014b956f8554d539f5,0,data/benign_original/benign/fabbddc0e7bcb64cc57b68dbb4d26483086917a9dccb6a014b956f8554d539f5.png
e49d5c2351061c1b7e0caeada1ff5556dc13d2d00c4be6df254c80b06e736268,0,data/benign_original/benign/e49d5c2351061c1b7e0caeada1ff5556dc13d2d00c4be6df254c80b06e736268.png
c65fa9d5edca935aeb362286320cae4ed6d2db989c3de1ac548db6f60857ea35,0,data/benign_original/benign/c65fa9d5edca935aeb362286320cae4ed6d2db989c3de1ac548db6f60857ea35.png
df63a9a56f4a68d159e7aaa9067e3c8be8cb3c2af583d087835b7d147f0903b1,1,data/malware_images/images/IcedID/df63a9a56f4a68d159e7aaa9067e3c8be8cb3c2af583d087835b7d147f0903b1.png
f42f4982dc72fca7695a9fb4c1e32a27fccb4b9a244063878300a347c01634cf,0,data/benign_original/benign/f42f4982dc72fca7695a9fb4c1e32a27fccb4b9a244063878300a347c01634cf.png
b6fafeb4d1de0f9a822e3887bd284fc6655ced15ba38253ad227795055bc77d7,0,data/benign_original/benign/b6fafeb4d1de0f9a822e3887bd284fc6655ced15ba38253ad227795055bc77d7.png
c1aa1ff51efc262c25409044368405f359c5b54315ceefa292e95d03b38613d9,0,data/benign_original/benign/c1aa1ff51efc262c25409044368405f359c5b54315ceefa292e95d03b38613d9.png
e889643b012879811ffb0887e1ec0268dc58a788c1d1b2f0c540fb2ba1a35255,0,data/benign_original/benign/e889643b012879811ffb0887e1ec0268dc58a788c1d1b2f0c540fb2ba1a35255.png
2b942243439c92b4921032a08567d76c0baff766661083fe8f6a9ab66966926d,1,data/malware_images/images/njrat/2b942243439c92b4921032a08567d76c0baff766661083fe8f6a9ab66966926d.png
feeb29c6d8822b11750bce4a05f2564134f6d7212d53242ed30dea5e6b220deb,0,data/benign_original/benign/feeb29c6d8822b11750bce4a05f2564134f6d7212d53242ed30dea5e6b220deb.png
e761b4f1c8a09614d418c12c5e38cc7582579ec4659c2d008cb91f91d139ad8d,0,data/benign_original/benign/e761b4f1c8a09614d418c12c5e38cc7582579ec4659c2d008cb91f91d139ad8d.png
ca0139d25f586eda5ddaebdb47e0df4bd4e78d96b4797151d51f028f3752e2fe,0,data/benign_original/benign/ca0139d25f586eda5ddaebdb47e0df4bd4e78d96b4797151d51f028f3752e2fe.png
f36f79c067fee316d81ad9c7750d7a237eb18ae419f29f1c7262ff0fc53d3108,0,data/benign_original/benign/f36f79c067fee316d81ad9c7750d7a237eb18ae419f29f1c7262ff0fc53d3108.png
b827c27d346d15fd234bf0de0f2a61935a4ff83483fc500ba015a2839a24dc41,0,data/benign_original/benign/b827c27d346d15fd234bf0de0f2a61935a4ff83483fc500ba015a2839a24dc41.png
bf0879424b60b366a6575a3c3ff167ecdf62ee79500e6143a2bc806e7a3a739d,0,data/benign_original/benign/bf0879424b60b366a6575a3c3ff167ecdf62ee79500e6143a2bc806e7a3a739d.png
2d71d3708466e8375572db46f3b63d2f41f35246dc08c2944eaf40bd1655a113,1,data/malware_images/images/Trickbot/2d71d3708466e8375572db46f3b63d2f41f35246dc08c2944eaf40bd1655a113.png
d6316d5f12c63b88eb3153d1344c758764c569b86a0f3e8876be3d275f383b49,0,data/benign_original/benign/d6316d5f12c63b88eb3153d1344c758764c569b86a0f3e8876be3d275f383b49.png
dec54fa2495ddda9647c516f4025f08f552451bdf432930df6dcffa31ee38d46,0,data/benign_original/benign/dec54fa2495ddda9647c516f4025f08f552451bdf432930df6dcffa31ee38d46.png
d797755211b156eb649cc54508cbc90de2ed24abbeaec61ab68f3d0cb908e567,0,data/benign_original/benign/d797755211b156eb649cc54508cbc90de2ed24abbeaec61ab68f3d0cb908e567.png
c76da1fe63e23c0508fea86cd19bc9347b50b06d900e83559e290af30086a305,0,data/benign_original/benign/c76da1fe63e23c0508fea86cd19bc9347b50b06d900e83559e290af30086a305.png
ca0f3adce666686f15eba015b7bd86c1128212e5166e17e34a0c5d4ec8fd3298,0,data/benign_original/benign/ca0f3adce666686f15eba015b7bd86c1128212e5166e17e34a0c5d4ec8fd3298.png
bd60c15b22e211664a6af3d254dccddc5d421ff1595846d33327da5332685a7b,0,data/benign_original/benign/bd60c15b22e211664a6af3d254dccddc5d421ff1595846d33327da5332685a7b.png
b9bd3d78628a4541f84a35d0ce935480ebc17f01ef0fa4f70e514c4a0aa0f785,0,data/benign_original/benign/b9bd3d78628a4541f84a35d0ce935480ebc17f01ef0fa4f70e514c4a0aa0f785.png
cfe10984552d3879fd74f662106fb77bcf0ae9372303139814b05f5504c385dd,0,data/benign_original/benign/cfe10984552d3879fd74f662106fb77bcf0ae9372303139814b05f5504c385dd.png
e8d4cab160e3fb2c3234e19af0cdd4d75135e34de00899c16e5ba574b515f028,0,data/benign_original/benign/e8d4cab160e3fb2c3234e19af0cdd4d75135e34de00899c16e5ba574b515f028.png
b8acc56e87437e2dfbb6dfac36b99ee41562da1727dbc95535c2cd8ed3a538ad,0,data/benign_original/benign/b8acc56e87437e2dfbb6dfac36b99ee41562da1727dbc95535c2cd8ed3a538ad.png
d0cb5882dbeac7d153c582b47ff3f0c58c8956a2b4aafcbf4c5133437c3e3989,0,data/benign_original/benign/d0cb5882dbeac7d153c582b47ff3f0c58c8956a2b4aafcbf4c5133437c3e3989.png
f5e5013785b4c911c63c5f123b19cba8ff2a2cddd0f03de952e5d3e8a5bd508b,0,data/benign_original/benign/f5e5013785b4c911c63c5f123b19cba8ff2a2cddd0f03de952e5d3e8a5bd508b.png
d42b861e31de1ca299a8985e6bbbcbab663cd58b1ea8cc2c649b365d0b8429c0,0,data/benign_original/benign/d42b861e31de1ca299a8985e6bbbcbab663cd58b1ea8cc2c649b365d0b8429c0.png
fb93c62c69e2b7c4918324bb534906b1a96997ffcde71249fc8146cdd640c751,0,data/benign_original/benign/fb93c62c69e2b7c4918324bb534906b1a96997ffcde71249fc8146cdd640c751.png
c00cdddfb18081c8f4e25ae6df2ef14a3b558e6ea8f201da5a1ee97dc43401c0,0,data/benign_original/benign/c00cdddfb18081c8f4e25ae6df2ef14a3b558e6ea8f201da5a1ee97dc43401c0.png
6e8101ca0f66e6e5a38e17c76921c3217775f533297989d41abbfbfb1cd9291b,1,data/malware_images/images/Gozi/6e8101ca0f66e6e5a38e17c76921c3217775f533297989d41abbfbfb1cd9291b.png
d0e73cedcbc7c221016cd5098c2c9d5ece599c59ce0935ae0bf2470efa344502,0,data/benign_original/benign/d0e73cedcbc7c221016cd5098c2c9d5ece599c59ce0935ae0bf2470efa344502.png
bcac93eada95f030e60b4cdfb693589019dcb76b0aa037d5e71bb004d1b4d0f9,0,data/benign_original/benign/bcac93eada95f030e60b4cdfb693589019dcb76b0aa037d5e71bb004d1b4d0f9.png
d30a60079374cf4496c458e54c471b8d53de84ec6c55f04f64cce7fcd31b3d26,0,data/benign_original/benign/d30a60079374cf4496c458e54c471b8d53de84ec6c55f04f64cce7fcd31b3d26.png
cd28daeda3c8731030e2077e6eccbb609e2098919b05ff310bef8dce1dce2d8d,0,data/benign_original/benign/cd28daeda3c8731030e2077e6eccbb609e2098919b05ff310bef8dce1dce2d8d.png
9918b2f820a89c49c64edb1fd322ec96d1d60d3e9b31b1cdcc7340250ea05cdb,0,data/benign_original/benign/9918b2f820a89c49c64edb1fd322ec96d1d60d3e9b31b1cdcc7340250ea05cdb.png
ce46130f9d68e49e1b1d34aef02576f536148fdd93ef542b2ee858f209c35c84,0,data/benign_original/benign/ce46130f9d68e49e1b1d34aef02576f536148fdd93ef542b2ee858f209c35c84.png
f742c7f8ffc4fb0a097279499c802aa6796e06a4e9d44385d0e7222d490ef31a,0,data/benign_original/benign/f742c7f8ffc4fb0a097279499c802aa6796e06a4e9d44385d0e7222d490ef31a.png
d10d0711fce793b40d5ef8c8d46eed89674c0e4ece2196facb12d35e5b6a984a,0,data/benign_original/benign/d10d0711fce793b40d5ef8c8d46eed89674c0e4ece2196facb12d35e5b6a984a.png
57a7f3fcf95f8b8fa883c30c9098178754551852e2608ccb61ddaf6c182ad99a,0,data/benign_original/benign/57a7f3fcf95f8b8fa883c30c9098178754551852e2608ccb61ddaf6c182ad99a.png
e2004ecd9ddebd1bb7edfff5fa62781fe037eca4282c2be3483dc6f78779899c,0,data/benign_original/benign/e2004ecd9ddebd1bb7edfff5fa62781fe037eca4282c2be3483dc6f78779899c.png
ca86023ba13ffbda7056199c428d84bc7b01b02da5135ef8c62a5007bb7f07ca,0,data/benign_original/benign/ca86023ba13ffbda7056199c428d84bc7b01b02da5135ef8c62a5007bb7f07ca.png
f632b408a335494ee577334c88bf80bd3592d1a5a95431804e695bb472570f7c,0,data/benign_original/benign/f632b408a335494ee577334c88bf80bd3592d1a5a95431804e695bb472570f7c.png
e316aac73e0cedc6d4abf322aa82f1e403eb55666da1df03708633c3b833c232,0,data/benign_original/benign/e316aac73e0cedc6d4abf322aa82f1e403eb55666da1df03708633c3b833c232.png
da409ee821726e2bea2e27c88f55f58d842a08b863f71b30d55464e6acf4c8ee,0,data/benign_original/benign/da409ee821726e2bea2e27c88f55f58d842a08b863f71b30d55464e6acf4c8ee.png
d9273a231df151b5b25d1fb03180250a91b8a8236816e8b55f8689d8e9ffc541,0,data/benign_original/benign/d9273a231df151b5b25d1fb03180250a91b8a8236816e8b55f8689d8e9ffc541.png
bb0723a9202460966f2b9b8080bcc6c16d8bc397a75bf35bd61a4560f0f0d51d,0,data/benign_original/benign/bb0723a9202460966f2b9b8080bcc6c16d8bc397a75bf35bd61a4560f0f0d51d.png
d4279c465a54afb5b1a9f32f87f5b2508c2e1730d7e98febed526af63c6dd24f,1,data/malware_images/images/njrat/d4279c465a54afb5b1a9f32f87f5b2508c2e1730d7e98febed526af63c6dd24f.png
ca36f845560bd78bb5deff610ee127d72a8bf1fdb72116dd4e3b2b571bfda0cb,0,data/benign_original/benign/ca36f845560bd78bb5deff610ee127d72a8bf1fdb72116dd4e3b2b571bfda0cb.png
f544a396979fc9a5a6aed860975a85e534cb39f7499c3b580bb141e6d59ecff7,0,data/benign_original/benign/f544a396979fc9a5a6aed860975a85e534cb39f7499c3b580bb141e6d59ecff7.png
ff7579d094c361f877c11932d131eb2da173d6d3c1cfc609afb9924ee5afc728,0,data/benign_original/benign/ff7579d094c361f877c11932d131eb2da173d6d3c1cfc609afb9924ee5afc728.png
5c0bbadd1f37ba9e578b2de24cd2634667d7a3ad7e1bddd63af69a5e251e5e87,0,data/benign_original/benign/5c0bbadd1f37ba9e578b2de24cd2634667d7a3ad7e1bddd63af69a5e251e5e87.png
cdf59c0bcf86fd3224192fc247dd9cb3451f623b9d80c8a53da0f945cd49881a,0,data/benign_original/benign/cdf59c0bcf86fd3224192fc247dd9cb3451f623b9d80c8a53da0f945cd49881a.png
bb712f6a30b109b6defc87e0e56ebb199f1f888c0252b7aa5b9515dd16ba706d,0,data/benign_original/benign/bb712f6a30b109b6defc87e0e56ebb199f1f888c0252b7aa5b9515dd16ba706d.png
fe82f2ef1bd9a1f398a7c7dda3e37b83437a2dffdce55e01249aa248cc34c289,0,data/benign_original/benign/fe82f2ef1bd9a1f398a7c7dda3e37b83437a2dffdce55e01249aa248cc34c289.png
b70624c1accbfb3e9982c66d8409ac6cac869de22700a4a4b49fe7936508036e,0,data/benign_original/benign/b70624c1accbfb3e9982c66d8409ac6cac869de22700a4a4b49fe7936508036e.png
d416892c97402444ed116d8fdba4db1f824a2614c003566a5731b6e014537e88,0,data/benign_original/benign/d416892c97402444ed116d8fdba4db1f824a2614c003566a5731b6e014537e88.png
da72e6677bd1bcd01c453c1998aaa19aeaf6659f4774cf6848409da8232a95b2,0,data/benign_original/benign/da72e6677bd1bcd01c453c1998aaa19aeaf6659f4774cf6848409da8232a95b2.png
ec1f45f92824505deb660f6c812a6e62b1a5e7551f634b4a5ff4566b3dca6a84,1,data/malware_images/images/GuLoader/ec1f45f92824505deb660f6c812a6e62b1a5e7551f634b4a5ff4566b3dca6a84.png
f3aead45e74c14eb3c4f57fa1d4d47233995c90e2cff90d2a212088ca320a2d7,0,data/benign_original/benign/f3aead45e74c14eb3c4f57fa1d4d47233995c90e2cff90d2a212088ca320a2d7.png
ced0eb1a70436c667a0a7b69c1eabd433ee9d44135cf2e54d43a6182e7b1d19c,0,data/benign_original/benign/ced0eb1a70436c667a0a7b69c1eabd433ee9d44135cf2e54d43a6182e7b1d19c.png
ba87ed15af089cd99dfc5c5d41a18c6aaca80d63dc4c4c2da368ab491dea8fcc,0,data/benign_original/benign/ba87ed15af089cd99dfc5c5d41a18c6aaca80d63dc4c4c2da368ab491dea8fcc.png
392b91d6f81850708be8fe0cd10ba983a50d0ffb51ec40af56008333fc43af89,0,data/benign_original/benign/392b91d6f81850708be8fe0cd10ba983a50d0ffb51ec40af56008333fc43af89.png
cb99767f1795f42a6ef5fdb177d36d29015ca1ac20ce5752a93b1dd1d893138f,0,data/benign_original/benign/cb99767f1795f42a6ef5fdb177d36d29015ca1ac20ce5752a93b1dd1d893138f.png
d44611189d3f2da01952291f40f7cf361e808b68716a4739b95dcdd632a26e5d,0,data/benign_original/benign/d44611189d3f2da01952291f40f7cf361e808b68716a4739b95dcdd632a26e5d.png
d99f35f620d652376d85fbaca3a904e211baf83a0f060f6a7b70f65b60697780,0,data/benign_original/benign/d99f35f620d652376d85fbaca3a904e211baf83a0f060f6a7b70f65b60697780.png
2df7b0d6ed9d2ad1dba3a9ba6b4d44bc4d7667b25b78b02b81cb0fa5b04fb9dd,0,data/benign_original/benign/2df7b0d6ed9d2ad1dba3a9ba6b4d44bc4d7667b25b78b02b81cb0fa5b04fb9dd.png
bd29d2b1f930e4b660adf71606d1b9634188b7160a704a8d140cadafb46e1e56,0,data/benign_original/benign/bd29d2b1f930e4b660adf71606d1b9634188b7160a704a8d140cadafb46e1e56.png
caf52b4d21a7909e18c22ba5940ccbfae60d280f2776af2c54ad94ff9318fc20,0,data/benign_original/benign/caf52b4d21a7909e18c22ba5940ccbfae60d280f2776af2c54ad94ff9318fc20.png
bc35785a7f9fdeb6ec2e20682acd6809d42c69ad0e3fd652971bf600753ab01a,0,data/benign_original/benign/bc35785a7f9fdeb6ec2e20682acd6809d42c69ad0e3fd652971bf600753ab01a.png
d85aa8283a20289adf3f10dbac2ab408463019e6375201e4364da2e0822765e1,0,data/benign_original/benign/d85aa8283a20289adf3f10dbac2ab408463019e6375201e4364da2e0822765e1.png
c3bf47e14cba299bb3be9f73b45ee36247b5c94c9828999c8a3269fac1013340,0,data/benign_original/benign/c3bf47e14cba299bb3be9f73b45ee36247b5c94c9828999c8a3269fac1013340.png
e20e127ac88636393396e04c2de2cb76c686efd1654b660ad080a3b443c42eb8,0,data/benign_original/benign/e20e127ac88636393396e04c2de2cb76c686efd1654b660ad080a3b443c42eb8.png
d18b4b69fd472ab88c9e384fefecbbbcd8e9d11b7c3c7849d36901fb42aceeed,0,data/benign_original/benign/d18b4b69fd472ab88c9e384fefecbbbcd8e9d11b7c3c7849d36901fb42aceeed.png
f294345c7c5d627e2ee0b9a89e7ee54aa674d25060c24af1de76077964142ae0,0,data/benign_original/benign/f294345c7c5d627e2ee0b9a89e7ee54aa674d25060c24af1de76077964142ae0.png
115d04150f524c103ca08e18305b0b103a3767336e19404235d2017f4b233ce5,0,data/benign_original/benign/115d04150f524c103ca08e18305b0b103a3767336e19404235d2017f4b233ce5.png
b87496c3521a18fdc008076555107d5d8d92120a2abd3a28859a7dc2fa5135c8,0,data/benign_original/benign/b87496c3521a18fdc008076555107d5d8d92120a2abd3a28859a7dc2fa5135c8.png
59202b2d72c032c170a1cdf7b42636f4c0d19a1eb846b97214fd02af8de8409f,1,data/malware_images/images/njrat/59202b2d72c032c170a1cdf7b42636f4c0d19a1eb846b97214fd02af8de8409f.png
eacbe32c8a0c4a750f864ff8e91590a35dd2f73090446ba9ee7ea24222f15ff2,0,data/benign_original/benign/eacbe32c8a0c4a750f864ff8e91590a35dd2f73090446ba9ee7ea24222f15ff2.png
6c52a2b9a73512dc84a8acfee5eb553593d2a9a3fc02b5c03cc3520d8da3aca6,0,data/benign_original/benign/6c52a2b9a73512dc84a8acfee5eb553593d2a9a3fc02b5c03cc3520d8da3aca6.png
ed71e8ff9cca806b623eb168323e88a2eb78d184f175f5bd5fbcb10e4dee8fe8,0,data/benign_original/benign/ed71e8ff9cca806b623eb168323e88a2eb78d184f175f5bd5fbcb10e4dee8fe8.png
eadbac604efe1ea0272d1285f48e358541978aa1d198ef0420b0e522c793b8b4,0,data/benign_original/benign/eadbac604efe1ea0272d1285f48e358541978aa1d198ef0420b0e522c793b8b4.png
46dee184523a584e56df93389f81992911a1ba6b1f05ad7d803c6ab1450e18cb,0,data/benign_original/benign/46dee184523a584e56df93389f81992911a1ba6b1f05ad7d803c6ab1450e18cb.png
e74e317d7f682c6664601b006b7a27ba25ec1ac7237e17d5cae5abbe831c65e1,1,data/malware_images/images/IcedID/e74e317d7f682c6664601b006b7a27ba25ec1ac7237e17d5cae5abbe831c65e1.png
bfd212e78b058423da320592dd78766e41462ffa410010cce99d6c31f7c25bde,0,data/benign_original/benign/bfd212e78b058423da320592dd78766e41462ffa410010cce99d6c31f7c25bde.png
ea9dad282474bd47137bf051cf4a97428c18f9aec03a787092c6e7de4123dbd9,0,data/benign_original/benign/ea9dad282474bd47137bf051cf4a97428c18f9aec03a787092c6e7de4123dbd9.png
681f7986f77aba85c796fa359f48a60883a7bcd59350435f374f1f6309ed8bbd,0,data/benign_original/benign/681f7986f77aba85c796fa359f48a60883a7bcd59350435f374f1f6309ed8bbd.png
4d7278b3235e2993e277b03fc8153ca2581d7806d4178fd6cae412468da9b113,0,data/benign_original/benign/4d7278b3235e2993e277b03fc8153ca2581d7806d4178fd6cae412468da9b113.png
c2a1650d7edb5e4e7f31523bafb400d33d2be570446cdda07a509ff9f3c404f2,0,data/benign_original/benign/c2a1650d7edb5e4e7f31523bafb400d33d2be570446cdda07a509ff9f3c404f2.png
85f9d9edd044d2bb88e21c3abf373dc05684068e32ea9b9236cc276cea22f67d,0,data/benign_original/benign/85f9d9edd044d2bb88e21c3abf373dc05684068e32ea9b9236cc276cea22f67d.png
bc484e98510a758f2ae7f28bfd0c7f0dd29596dac6475656b725af824adc59b4,0,data/benign_original/benign/bc484e98510a758f2ae7f28bfd0c7f0dd29596dac6475656b725af824adc59b4.png
b45077baba5dbf24d42363d6ef112271922434b43a318a3653db79277129c16f,0,data/benign_original/benign/b45077baba5dbf24d42363d6ef112271922434b43a318a3653db79277129c16f.png
e86ebc230bd876432fc7cc4a7fa5ac256a210552658cf7cf4df0cf4af7e71296,1,data/malware_images/images/Heodo/e86ebc230bd876432fc7cc4a7fa5ac256a210552658cf7cf4df0cf4af7e71296.png
db389bec3d1829525ec0a36a5275d5b8f82f371c89844bf73ec2dd33da2de33c,0,data/benign_original/benign/db389bec3d1829525ec0a36a5275d5b8f82f371c89844bf73ec2dd33da2de33c.png
bd883a85575a884b50ede4b4ba8991c453aaf4f80a5f561666e667f081c020f2,0,data/benign_original/benign/bd883a85575a884b50ede4b4ba8991c453aaf4f80a5f561666e667f081c020f2.png
d7e7c6bd3d53da836c3360bfc783951c67e2b5465767d2ac3124cc80f41135f2,0,data/benign_original/benign/d7e7c6bd3d53da836c3360bfc783951c67e2b5465767d2ac3124cc80f41135f2.png
da4c65d411817dcc8f973501e96d667d4f86b95e530c45db14e24353a0ed7b04,0,data/benign_original/benign/da4c65d411817dcc8f973501e96d667d4f86b95e530c45db14e24353a0ed7b04.png
e8b9f506ed5c8c9b325b91e33073f71cfd6c2eb3b5fabc06a99f85fd4c0b1acd,0,data/benign_original/benign/e8b9f506ed5c8c9b325b91e33073f71cfd6c2eb3b5fabc06a99f85fd4c0b1acd.png
8677154abfcd9590574f243380dc8d62f40588a170fd5bd25711e09584443716,0,data/benign_original/benign/8677154abfcd9590574f243380dc8d62f40588a170fd5bd25711e09584443716.png
fc802fa89cb4eb10535885c4ffda1acab22e50ce8c3c1a049a144fa0932e94dc,0,data/benign_original/benign/fc802fa89cb4eb10535885c4ffda1acab22e50ce8c3c1a049a144fa0932e94dc.png
da4494aca54ddfab870cad9b9a24ee07e1cb3054461e35d0dfeaa5bbdeed1f30,0,data/benign_original/benign/da4494aca54ddfab870cad9b9a24ee07e1cb3054461e35d0dfeaa5bbdeed1f30.png
f8f078436e7a6b122189715b839a772d856ccb8f29267c348404e45a410c0d05,0,data/benign_original/benign/f8f078436e7a6b122189715b839a772d856ccb8f29267c348404e45a410c0d05.png
82de969474a42b8180214095219fa488c130e7599e00a472b05f4534a469df86,0,data/benign_original/benign/82de969474a42b8180214095219fa488c130e7599e00a472b05f4534a469df86.png
734db8a127eba3f56ceacddf8d784fb4c6ff0d9524eaf0d2f75acd698ef9084c,0,data/benign_original/benign/734db8a127eba3f56ceacddf8d784fb4c6ff0d9524eaf0d2f75acd698ef9084c.png
9dd0b4db6deee989440abfeddb4280a0a55137479b15af616f506ebf3bd891fb,0,data/benign_original/benign/9dd0b4db6deee989440abfeddb4280a0a55137479b15af616f506ebf3bd891fb.png
be64e14666e3b5a9b51951943662186f9943fc163a11d4f19a2e792099704106,0,data/benign_original/benign/be64e14666e3b5a9b51951943662186f9943fc163a11d4f19a2e792099704106.png
c74ea5674eec95105e5f0e1d0a67e0c3d328f2f7a00a20fe987a47353c26e559,0,data/benign_original/benign/c74ea5674eec95105e5f0e1d0a67e0c3d328f2f7a00a20fe987a47353c26e559.png
e715efeef9942173088096630aa5583386e1b1122d1e35411bca09ef3a06f92f,0,data/benign_original/benign/e715efeef9942173088096630aa5583386e1b1122d1e35411bca09ef3a06f92f.png
d136ae885dcf7bdf9cd6388a56cfcc0f4d3a4e2b5f6220ec8933474d32703411,0,data/benign_original/benign/d136ae885dcf7bdf9cd6388a56cfcc0f4d3a4e2b5f6220ec8933474d32703411.png
457208d67a63689b65a6d209b95ec1e3714601fc1d96fd5b1402d5034a448931,0,data/benign_original/benign/457208d67a63689b65a6d209b95ec1e3714601fc1d96fd5b1402d5034a448931.png
cf79ef74ffd6b323f0f26ffae4b7898d0d226d83de7cf4c5fd2930b9b8ea5b89,0,data/benign_original/benign/cf79ef74ffd6b323f0f26ffae4b7898d0d226d83de7cf4c5fd2930b9b8ea5b89.png
d72e4969cab2b85970a8f7fe2c2b5348d7e300e493f4a838716dfe2d0e7c0c56,0,data/benign_original/benign/d72e4969cab2b85970a8f7fe2c2b5348d7e300e493f4a838716dfe2d0e7c0c56.png
fb4558e52c5929ce7841254db628991c0bdf1d70063e6aedb3dcd144e17c1638,0,data/benign_original/benign/fb4558e52c5929ce7841254db628991c0bdf1d70063e6aedb3dcd144e17c1638.png
b8eb97c71f098a069cbd367aeaec484f5d87adfcd165c266dbdf8207da38898a,0,data/benign_original/benign/b8eb97c71f098a069cbd367aeaec484f5d87adfcd165c266dbdf8207da38898a.png
b4f5739d02c9c585bb0662e42ec8530f6290bf9c81aff22c9a4ca25dac2831b1,0,data/benign_original/benign/b4f5739d02c9c585bb0662e42ec8530f6290bf9c81aff22c9a4ca25dac2831b1.png
c81aff043bd2fae1dbf9755c5bab0a1b929b564979c40f403cb36448f292b3cc,0,data/benign_original/benign/c81aff043bd2fae1dbf9755c5bab0a1b929b564979c40f403cb36448f292b3cc.png
b00b024aed951ae739d0a32bdcc9fbb0a2c00063a21b74ea7cf8037db713ebd3,0,data/benign_original/benign/b00b024aed951ae739d0a32bdcc9fbb0a2c00063a21b74ea7cf8037db713ebd3.png
d38e1d9ac2dec8c139a6ece1b1ee6ff2ace24f529580fddac8ccbb3f1633dc84,0,data/benign_original/benign/d38e1d9ac2dec8c139a6ece1b1ee6ff2ace24f529580fddac8ccbb3f1633dc84.png
4176fa24d56bb870316d07bd7211bc8a797394f77dcc12b35ffebaa0326525d2,0,data/benign_original/benign/4176fa24d56bb870316d07bd7211bc8a797394f77dcc12b35ffebaa0326525d2.png
b2ad552e53778bb3be8f1b494fe678850e0024ab3f38c4f35a250f058f281b77,0,data/benign_original/benign/b2ad552e53778bb3be8f1b494fe678850e0024ab3f38c4f35a250f058f281b77.png
ec7d5fb1461498c33ae402efdbf2eb432de41e75555d55dd652d08924593d810,0,data/benign_original/benign/ec7d5fb1461498c33ae402efdbf2eb432de41e75555d55dd652d08924593d810.png
b4215da103161d817a98d9def4802e3551ff49b600765f2c2b6a9fc4f593c50e,0,data/benign_original/benign/b4215da103161d817a98d9def4802e3551ff49b600765f2c2b6a9fc4f593c50e.png
e4ebf55791f69eabe2112483ca1227806f3603408af860e7eeea22a3cf810252,0,data/benign_original/benign/e4ebf55791f69eabe2112483ca1227806f3603408af860e7eeea22a3cf810252.png
b09cc7f883dbf64cd0beb381a19a37757530003968ebf9907ea4c6cd814cb36a,0,data/benign_original/benign/b09cc7f883dbf64cd0beb381a19a37757530003968ebf9907ea4c6cd814cb36a.png
d1b15e90e18a2557d5b47f85d408a2159793c8e587cfedeb05513a1a5a40de38,0,data/benign_original/benign/d1b15e90e18a2557d5b47f85d408a2159793c8e587cfedeb05513a1a5a40de38.png
f7b0391bb3d0d446ae5c1c15cce8f36c6f9bfded5123aeecf2f7b7bc4b72cfb9,0,data/benign_original/benign/f7b0391bb3d0d446ae5c1c15cce8f36c6f9bfded5123aeecf2f7b7bc4b72cfb9.png
f4658cdaee8443fed2407f6542c6765b5d014c1dcb4d7d4cae797538729fa969,0,data/benign_original/benign/f4658cdaee8443fed2407f6542c6765b5d014c1dcb4d7d4cae797538729fa969.png
393f233a22192181d83dfb79819f5ff2975a58a4d5bf147703301beecf9d60ce,1,data/malware_images/images/njrat/393f233a22192181d83dfb79819f5ff2975a58a4d5bf147703301beecf9d60ce.png
bb70a0f3b53727f6f3aca30d8014370e3390dc3a01af5d43eecad029186be292,0,data/benign_original/benign/bb70a0f3b53727f6f3aca30d8014370e3390dc3a01af5d43eecad029186be292.png
d28ce42d11a9610b16f0dc0df04b35b8ca0e6a52da35cbd3c0bfff95e698191c,0,data/benign_original/benign/d28ce42d11a9610b16f0dc0df04b35b8ca0e6a52da35cbd3c0bfff95e698191c.png
e17a8788463aa372e8c764f23c43fee78967b7d71f6eede4b71ce7b9d756f01f,0,data/benign_original/benign/e17a8788463aa372e8c764f23c43fee78967b7d71f6eede4b71ce7b9d756f01f.png
dd77bc91baf7db0287ffebdf456766273aa969b07c9294d5878cd8aee994355e,0,data/benign_original/benign/dd77bc91baf7db0287ffebdf456766273aa969b07c9294d5878cd8aee994355e.png
d61b7fd602e70b7253d4970547d0882494fc4e9b4601bbc3d1fbb7593ff3cf1c,0,data/benign_original/benign/d61b7fd602e70b7253d4970547d0882494fc4e9b4601bbc3d1fbb7593ff3cf1c.png
d23cc274079e2b95ad6354cb76b2cc09bb53a5e7e32ac23a740832f5459c9894,0,data/benign_original/benign/d23cc274079e2b95ad6354cb76b2cc09bb53a5e7e32ac23a740832f5459c9894.png
d8cff1c326755b4d958187e02dc71701814c9dc982aedbb85b6c5563e5747da6,0,data/benign_original/benign/d8cff1c326755b4d958187e02dc71701814c9dc982aedbb85b6c5563e5747da6.png
f89f5572555bbaf6faa63bb9ae8fdb5d2aab53734788d72ea913b761df960b37,0,data/benign_original/benign/f89f5572555bbaf6faa63bb9ae8fdb5d2aab53734788d72ea913b761df960b37.png
b2520ebdef62d47b73d9ac80d2ab58aff124f2a2189f80e1f967abcd1fe60abb,0,data/benign_original/benign/b2520ebdef62d47b73d9ac80d2ab58aff124f2a2189f80e1f967abcd1fe60abb.png
baa1d37374ae7267520e76392704cc5213478706353584bd21bf0ea6ec48013c,0,data/benign_original/benign/baa1d37374ae7267520e76392704cc5213478706353584bd21bf0ea6ec48013c.png
c5225c5ec6de33ef82cd4708a202ba704296c2c9fc64fd21d6f56a361a540984,0,data/benign_original/benign/c5225c5ec6de33ef82cd4708a202ba704296c2c9fc64fd21d6f56a361a540984.png
af689ff48617cddca4a3881ef6fe4719a422c9ab37bcc26f90556ac36ff1a3f0,0,data/benign_original/benign/af689ff48617cddca4a3881ef6fe4719a422c9ab37bcc26f90556ac36ff1a3f0.png
f696bced4f6608ef898bdca29ba757a07900e4031e1de74c85bd18949e6479e8,0,data/benign_original/benign/f696bced4f6608ef898bdca29ba757a07900e4031e1de74c85bd18949e6479e8.png
d1aefefde895480da77a0acf146963b8998e350cb0276b8edc1d4fad80ca6292,0,data/benign_original/benign/d1aefefde895480da77a0acf146963b8998e350cb0276b8edc1d4fad80ca6292.png
baed21616ff491ba585f7f08b87976f3374d9a576b85a1b84ed33e2c05180e20,0,data/benign_original/benign/baed21616ff491ba585f7f08b87976f3374d9a576b85a1b84ed33e2c05180e20.png
dcac5eab09d5d754d033f16bbf8354de4a4db3e2c59931efb0c3019b2b8c9228,0,data/benign_original/benign/dcac5eab09d5d754d033f16bbf8354de4a4db3e2c59931efb0c3019b2b8c9228.png
d0f4abf77310561f0fb9e001b776e4e9ac11fcfaf2cbc0c786b4588b6c64a8b3,0,data/benign_original/benign/d0f4abf77310561f0fb9e001b776e4e9ac11fcfaf2cbc0c786b4588b6c64a8b3.png
1fcbe5d51360bee55f55c791a95df8c61f73e117bda89b9439d74df5cee7aa71,0,data/benign_original/benign/1fcbe5d51360bee55f55c791a95df8c61f73e117bda89b9439d74df5cee7aa71.png
c882f2a0503cd1e7a3e36c6ec34026b45f10260bbdc2854adf26ddb0f4b1c466,0,data/benign_original/benign/c882f2a0503cd1e7a3e36c6ec34026b45f10260bbdc2854adf26ddb0f4b1c466.png
c0732632f7c857fd51a42ba6384711d1539742d2105d15d90c1c59c60d681d9a,0,data/benign_original/benign/c0732632f7c857fd51a42ba6384711d1539742d2105d15d90c1c59c60d681d9a.png
c61f53f85b9538c79dc19a4330e52d8762bce01ce862a4f1d946a51030031b03,0,data/benign_original/benign/c61f53f85b9538c79dc19a4330e52d8762bce01ce862a4f1d946a51030031b03.png
c403aa97ab1ff9d446a533d65bb2ee68436d93457ef05de1eab7e5cd06c6e9d8,0,data/benign_original/benign/c403aa97ab1ff9d446a533d65bb2ee68436d93457ef05de1eab7e5cd06c6e9d8.png
73bb2538c8a42b16397858d449d8558d666918a17e272aa74934b2014482a9d0,0,data/benign_original/benign/73bb2538c8a42b16397858d449d8558d666918a17e272aa74934b2014482a9d0.png
d8c52934a943e16308f61867785534a806e841930e2ad010ad5a3b7633183e0f,0,data/benign_original/benign/d8c52934a943e16308f61867785534a806e841930e2ad010ad5a3b7633183e0f.png
a37e7848c6ea3428fd3d8edb79420a9baf5fb504fee854826ed5cfddd46413f6,1,data/malware_images/images/Trickbot/a37e7848c6ea3428fd3d8edb79420a9baf5fb504fee854826ed5cfddd46413f6.png
b990e54170d8a55543752a670d7914eb6897a48145ce41749648c82857cd7ebf,0,data/benign_original/benign/b990e54170d8a55543752a670d7914eb6897a48145ce41749648c82857cd7ebf.png
c638b72e309636be1022d0bacd2f55e6b33e079ad74cd2561dc41eaf1a828f84,0,data/benign_original/benign/c638b72e309636be1022d0bacd2f55e6b33e079ad74cd2561dc41eaf1a828f84.png
197d0ad8e3f6591e4493daaee9e52e53ecf192e32f9d167c67f2ffb408c76f2c,0,data/benign_original/benign/197d0ad8e3f6591e4493daaee9e52e53ecf192e32f9d167c67f2ffb408c76f2c.png
b663c2807fdf217fdc5cf9694b6a8ef1f07c7b9df12df5aca88342666593032a,0,data/benign_original/benign/b663c2807fdf217fdc5cf9694b6a8ef1f07c7b9df12df5aca88342666593032a.png
cda2725cbd92594eea5d1a1e860b1cfb51ef14851afc1d50c0d4354623b77e36,0,data/benign_original/benign/cda2725cbd92594eea5d1a1e860b1cfb51ef14851afc1d50c0d4354623b77e36.png
f299d031d3dd21345ecdac8eee43e1e8eb17281a193f016357a1684692c8c491,0,data/benign_original/benign/f299d031d3dd21345ecdac8eee43e1e8eb17281a193f016357a1684692c8c491.png
b04e2b089656eae01a0071359f9d7fb040dea804c1b9d2379431864174259c2d,0,data/benign_original/benign/b04e2b089656eae01a0071359f9d7fb040dea804c1b9d2379431864174259c2d.png
d129f9fb6d4cc4a2f8586776ee29028d06ee3c4af889a5efa7ca8de6f6f2c995,0,data/benign_original/benign/d129f9fb6d4cc4a2f8586776ee29028d06ee3c4af889a5efa7ca8de6f6f2c995.png
d372ee9868ff869d8610f087111fb78e4458c12266e4e7d2691afc98716a47b4,0,data/benign_original/benign/d372ee9868ff869d8610f087111fb78e4458c12266e4e7d2691afc98716a47b4.png
6cbeb1e7555db4f22329195f26b455c475b79ece4b4b9566b94f91a94cb5a0d1,0,data/benign_original/benign/6cbeb1e7555db4f22329195f26b455c475b79ece4b4b9566b94f91a94cb5a0d1.png
babfc4eaf929f682c85e5f5d720d6360c6c6648e1beb4db8de371333a067677f,0,data/benign_original/benign/babfc4eaf929f682c85e5f5d720d6360c6c6648e1beb4db8de371333a067677f.png
ea5db8f5b8a3a6fb0fbf3a6a3d571ac864152cfb20466d6b3e720db59d9e1064,0,data/benign_original/benign/ea5db8f5b8a3a6fb0fbf3a6a3d571ac864152cfb20466d6b3e720db59d9e1064.png
c9f4fbe17da7a83390acb1e38b4ab741d6fcb6569b63fe481ca5693b23d4b828,0,data/benign_original/benign/c9f4fbe17da7a83390acb1e38b4ab741d6fcb6569b63fe481ca5693b23d4b828.png
3ce6f5e9aee5a3f921d1a21144ae5b7b557dbfc7999f282adcc2fc522fc787bb,0,data/benign_original/benign/3ce6f5e9aee5a3f921d1a21144ae5b7b557dbfc7999f282adcc2fc522fc787bb.png
db7cc84cc7274a3735f96b14d50ad10d4ee38828ed828cad305c822a7fef0072,0,data/benign_original/benign/db7cc84cc7274a3735f96b14d50ad10d4ee38828ed828cad305c822a7fef0072.png
af31a8d6766ebcada52dd36d4c769206d620d8b15387551c189b9e46be23c2e0,0,data/benign_original/benign/af31a8d6766ebcada52dd36d4c769206d620d8b15387551c189b9e46be23c2e0.png
d63fc77755dea6e9461f312f6326d6cd4a1903ed485c57f87b2607d1b1c3cec1,0,data/benign_original/benign/d63fc77755dea6e9461f312f6326d6cd4a1903ed485c57f87b2607d1b1c3cec1.png
25f1048ca96696f5abe9369dc5f0e09645f1fc8afe49ed414dcdcdfc0063de5b,0,data/benign_original/benign/25f1048ca96696f5abe9369dc5f0e09645f1fc8afe49ed414dcdcdfc0063de5b.png
e53dc2de933a72fb55d865fb7c1c84c4fa837b55237516c05a5187874bdbf0f1,0,data/benign_original/benign/e53dc2de933a72fb55d865fb7c1c84c4fa837b55237516c05a5187874bdbf0f1.png
4143ff84431b630fb19c0e60611c03bb453e4a9f88fa551f245e9bf7d8741cca,0,data/benign_original/benign/4143ff84431b630fb19c0e60611c03bb453e4a9f88fa551f245e9bf7d8741cca.png
612637880da6c90d1002417b89df91821b8fe71e553b20824e1b7b3f87ff81ad,0,data/benign_original/benign/612637880da6c90d1002417b89df91821b8fe71e553b20824e1b7b3f87ff81ad.png
b13c15420002db4c86995f5aa8c6329198d5d6d5e7e69ff9fe2360e641d495d6,0,data/benign_original/benign/b13c15420002db4c86995f5aa8c6329198d5d6d5e7e69ff9fe2360e641d495d6.png
d3d5f039c87c81568cc54ca54db1af8818499bd79200a2499aa350930bdf9834,0,data/benign_original/benign/d3d5f039c87c81568cc54ca54db1af8818499bd79200a2499aa350930bdf9834.png
c0ce9b88e6e60e6b9406f2b04d8771d7b2bcbfbcc1c572bdefc4ca4c1d9cb8f3,0,data/benign_original/benign/c0ce9b88e6e60e6b9406f2b04d8771d7b2bcbfbcc1c572bdefc4ca4c1d9cb8f3.png
afd7628a5f9db8f3d6e3b6b1c4a17f83743f726c00bd8972b3b4934018884feb,0,data/benign_original/benign/afd7628a5f9db8f3d6e3b6b1c4a17f83743f726c00bd8972b3b4934018884feb.png
c17786e9031062f56e4b205f394a795e11ef9367b922763ddf391f2acab2e979,0,data/benign_original/benign/c17786e9031062f56e4b205f394a795e11ef9367b922763ddf391f2acab2e979.png
b5b5ef47bd96a93f6ccab45426636caf5c91d5802758b58d18e305fa6284ec3b,0,data/benign_original/benign/b5b5ef47bd96a93f6ccab45426636caf5c91d5802758b58d18e305fa6284ec3b.png
d8c80dea85efade9304a289464dbaade2d3a9998437fd24d517f4e1035395ee4,0,data/benign_original/benign/d8c80dea85efade9304a289464dbaade2d3a9998437fd24d517f4e1035395ee4.png
f1a964f4eecdb041e912294b63235b5dbb32862ac0fea6f297c6808c6d421f84,0,data/benign_original/benign/f1a964f4eecdb041e912294b63235b5dbb32862ac0fea6f297c6808c6d421f84.png
c895bb7d39078243acc18719cf02f382a38515697bbe1a7088c9bb26646af698,0,data/benign_original/benign/c895bb7d39078243acc18719cf02f382a38515697bbe1a7088c9bb26646af698.png
3e71f762320a9af8159d51e374a64ebd4916a92e3de3be8dc1e22d86410982c5,0,data/benign_original/benign/3e71f762320a9af8159d51e374a64ebd4916a92e3de3be8dc1e22d86410982c5.png
aef79ab258cbe315ecb181c91c4c8aaa6b500480b4c8c91c96c25ece5ae489c5,0,data/benign_original/benign/aef79ab258cbe315ecb181c91c4c8aaa6b500480b4c8c91c96c25ece5ae489c5.png
afa3f55400304286678f6c3a08a5b3696a046d1509c0701070ac705a0323969f,0,data/benign_original/benign/afa3f55400304286678f6c3a08a5b3696a046d1509c0701070ac705a0323969f.png
b81980c35b0b7bd7a82e108c5aa58b3c77c0618317cc433fa1e55681a7fd7f51,0,data/benign_original/benign/b81980c35b0b7bd7a82e108c5aa58b3c77c0618317cc433fa1e55681a7fd7f51.png
bbf0a6f1143d74b1fc69a3f13b0e9ee238ac1c68072b89d17714848205095d98,0,data/benign_original/benign/bbf0a6f1143d74b1fc69a3f13b0e9ee238ac1c68072b89d17714848205095d98.png
db2897eeea65401ee1bd8feeebd0dbae8867a27ff4575f12b0b8a613444a5ef7,0,data/benign_original/benign/db2897eeea65401ee1bd8feeebd0dbae8867a27ff4575f12b0b8a613444a5ef7.png
9106d919f219faf93e29e47ab9c2c26bab5dd20fffdedddc2d15350915c48a7f,1,data/malware_images/images/Gozi/9106d919f219faf93e29e47ab9c2c26bab5dd20fffdedddc2d15350915c48a7f.png
3ca96b622f4af8cfdf1d65b9c1c2ee118bc924753ad95d3376b97c6f08153a54,0,data/benign_original/benign/3ca96b622f4af8cfdf1d65b9c1c2ee118bc924753ad95d3376b97c6f08153a54.png
5e815f1124d3279bf4d593ecdf73f4d8e7cabc26e7dbf1148a5f3ed529531827,0,data/benign_original/benign/5e815f1124d3279bf4d593ecdf73f4d8e7cabc26e7dbf1148a5f3ed529531827.png
dc4eee257e91cd1ce685035a5a4ff245e965d2f9c0d0d024146950d0fbd571ae,0,data/benign_original/benign/dc4eee257e91cd1ce685035a5a4ff245e965d2f9c0d0d024146950d0fbd571ae.png
e01e3c8e64c4c366d38b24b08d8a83a54028b82742a83ad71bb19ff8970ba46d,0,data/benign_original/benign/e01e3c8e64c4c366d38b24b08d8a83a54028b82742a83ad71bb19ff8970ba46d.png
d8440fd237407c7a632812a86d29ab5d43060306e78160dc68857c44c71b5b0b,0,data/benign_original/benign/d8440fd237407c7a632812a86d29ab5d43060306e78160dc68857c44c71b5b0b.png
e51c8678fd602a21c249b369e833966019935132476f9434da896bef808ba3b1,0,data/benign_original/benign/e51c8678fd602a21c249b369e833966019935132476f9434da896bef808ba3b1.png
dc61abaeaf463bfe05439b423b23515f148c375ce8764ce02c1ec2cb37a23533,1,data/malware_images/images/njrat/dc61abaeaf463bfe05439b423b23515f148c375ce8764ce02c1ec2cb37a23533.png
d76274f883c86ef2b9090e43935d9adc6b81b35a2a6fa39e37890f80fdfa9b76,0,data/benign_original/benign/d76274f883c86ef2b9090e43935d9adc6b81b35a2a6fa39e37890f80fdfa9b76.png
bcd7714babe4f858e259eed0e70e17d69a85bb94e9857e207354a3cc92afc061,0,data/benign_original/benign/bcd7714babe4f858e259eed0e70e17d69a85bb94e9857e207354a3cc92afc061.png
7f850a90bcb29a1a3f7d2927ce7a1dae1b377971099993c132c0ff835152e6f6,0,data/benign_original/benign/7f850a90bcb29a1a3f7d2927ce7a1dae1b377971099993c132c0ff835152e6f6.png
ed1a8b1d18358959ad0d47c66187e21bcaeb824e947935fe45f28f2f799badc7,0,data/benign_original/benign/ed1a8b1d18358959ad0d47c66187e21bcaeb824e947935fe45f28f2f799badc7.png
d3a84ef0afe90d03c3ba294f098cafa3d92362f64d580dcee1e7b44943404573,0,data/benign_original/benign/d3a84ef0afe90d03c3ba294f098cafa3d92362f64d580dcee1e7b44943404573.png
769b372eeb56fcbd790a01ee345f20c31912f71d59d4d9fd0d22f6d9898c679e,0,data/benign_original/benign/769b372eeb56fcbd790a01ee345f20c31912f71d59d4d9fd0d22f6d9898c679e.png
77d279f76a05c12c3f36cc20e3dfab509050c8b525224954b421f08722b764af,0,data/benign_original/benign/77d279f76a05c12c3f36cc20e3dfab509050c8b525224954b421f08722b764af.png
dbac78af08256fb38d822813e274038945451f1baf8d7089cfa8682f97c5ca63,0,data/benign_original/benign/dbac78af08256fb38d822813e274038945451f1baf8d7089cfa8682f97c5ca63.png
714028ed2ba67b44cee4308487bd072fbfd3af91751c9e2983104dcb17f1c3db,1,data/malware_images/images/njrat/714028ed2ba67b44cee4308487bd072fbfd3af91751c9e2983104dcb17f1c3db.png
e677497c1baefffb33a17d22a99b76b7fa7ae7a0c84e12fda27d9be5c3d104cf,0,data/benign_original/benign/e677497c1baefffb33a17d22a99b76b7fa7ae7a0c84e12fda27d9be5c3d104cf.png
dc39379b7323d4bbc90b159475c74f2aab249c4c4d9d3c6806d7b3015008da13,0,data/benign_original/benign/dc39379b7323d4bbc90b159475c74f2aab249c4c4d9d3c6806d7b3015008da13.png
d984f346631aaaa3d8da254391b031def01f766a5ae34dfec7a6b361d131fdf1,0,data/benign_original/benign/d984f346631aaaa3d8da254391b031def01f766a5ae34dfec7a6b361d131fdf1.png
d976432b6a33484ded6feff4a917adbaa73e9d26fb1439271f52a7baf1a26644,0,data/benign_original/benign/d976432b6a33484ded6feff4a917adbaa73e9d26fb1439271f52a7baf1a26644.png
ef9965e5c149d300e7a238829c52391670b14b517b0f32533201c0c2f962c931,0,data/benign_original/benign/ef9965e5c149d300e7a238829c52391670b14b517b0f32533201c0c2f962c931.png
f2ff57564ec7981a4b9d5db157e6284caef9dc375a9bfe19a51be2e82106cdea,0,data/benign_original/benign/f2ff57564ec7981a4b9d5db157e6284caef9dc375a9bfe19a51be2e82106cdea.png
bb5efcfceb7f61bdf2418ff41d2d9479790959fe396d189c97db13d8a3665633,0,data/benign_original/benign/bb5efcfceb7f61bdf2418ff41d2d9479790959fe396d189c97db13d8a3665633.png
e9eb6b300ff31e35cbf59fc68fb9aad9e087f08eb4c6a88a247d621efdbdf9a9,0,data/benign_original/benign/e9eb6b300ff31e35cbf59fc68fb9aad9e087f08eb4c6a88a247d621efdbdf9a9.png
3fb239d7ac7719328c58a1eb3ce2abd900949b6f6e5d5db4f95852325bf67473,0,data/benign_original/benign/3fb239d7ac7719328c58a1eb3ce2abd900949b6f6e5d5db4f95852325bf67473.png
b961083e8fa6d619c03e90c2c1f0882404dbae4635664e1bc37699239dfc5bd0,0,data/benign_original/benign/b961083e8fa6d619c03e90c2c1f0882404dbae4635664e1bc37699239dfc5bd0.png
cf4c6c14eca09ac8345555b82585c6138f7388de63fcd626b0c19bd88b9231a8,0,data/benign_original/benign/cf4c6c14eca09ac8345555b82585c6138f7388de63fcd626b0c19bd88b9231a8.png
bda114931e81bb95c1056a572fbcf6f5fa86fe7618133605a06d675a7173f5b2,0,data/benign_original/benign/bda114931e81bb95c1056a572fbcf6f5fa86fe7618133605a06d675a7173f5b2.png
069d020e698f5faaa4912dcf5c2c900d431bf4182ce549c0501af48cae61450f,0,data/benign_original/benign/069d020e698f5faaa4912dcf5c2c900d431bf4182ce549c0501af48cae61450f.png
2ea4e14ea0250e212e217cc3663be8b1dde72a181016d6ba9a918299266953fc,0,data/benign_original/benign/2ea4e14ea0250e212e217cc3663be8b1dde72a181016d6ba9a918299266953fc.png
aefc51ad6b7a1111ba05a8bc58c9cc8e2d9375295fb997897358913cdf7d0957,0,data/benign_original/benign/aefc51ad6b7a1111ba05a8bc58c9cc8e2d9375295fb997897358913cdf7d0957.png
c06f1db5aaf8bfcc2e84555c95862412bc2238b08b8efa7453259f60f46ea288,0,data/benign_original/benign/c06f1db5aaf8bfcc2e84555c95862412bc2238b08b8efa7453259f60f46ea288.png
e50e88e3d42a496454d70d0b673310105ee53ffec93e0ef391281d1bf5deafe0,0,data/benign_original/benign/e50e88e3d42a496454d70d0b673310105ee53ffec93e0ef391281d1bf5deafe0.png
3cabaea8d39d84efe8037fd1b78107a7000491ed1dcaa91fd954ca5dcb61fdc2,0,data/benign_original/benign/3cabaea8d39d84efe8037fd1b78107a7000491ed1dcaa91fd954ca5dcb61fdc2.png
eae36db2fc09a2fdeaf69349c24dea2a7cc24b37d4292d74ea6698cd8a7bc859,0,data/benign_original/benign/eae36db2fc09a2fdeaf69349c24dea2a7cc24b37d4292d74ea6698cd8a7bc859.png
bb6d22555aad3510ec96713f5ea4158d7bc02b75c8b344694654c8c8e0dccb98,0,data/benign_original/benign/bb6d22555aad3510ec96713f5ea4158d7bc02b75c8b344694654c8c8e0dccb98.png
3677df63588d9e6e492e1e5b4164a8395a399565a31a18e9cd913f5cc712bf9e,0,data/benign_original/benign/3677df63588d9e6e492e1e5b4164a8395a399565a31a18e9cd913f5cc712bf9e.png
d2ffe32ebb96461215d8740a7095ad8f34c70e626dd6d16fde684b8350adcdfa,0,data/benign_original/benign/d2ffe32ebb96461215d8740a7095ad8f34c70e626dd6d16fde684b8350adcdfa.png
b3ef31a1239a70c2a1193085a36ab68f8045612496bfaafb0e0f11e8e981661c,0,data/benign_original/benign/b3ef31a1239a70c2a1193085a36ab68f8045612496bfaafb0e0f11e8e981661c.png
ad8fa5dc5aab8671de6c2107bf2041000f17b9673a9b1572d75cef24f65ee887,0,data/benign_original/benign/ad8fa5dc5aab8671de6c2107bf2041000f17b9673a9b1572d75cef24f65ee887.png
19d36aabe344cae70a3658db4752c0c604d226b69fabf6cd07fe467884fccf84,0,data/benign_original/benign/19d36aabe344cae70a3658db4752c0c604d226b69fabf6cd07fe467884fccf84.png
c97e202a04588adecad428ce6fce048121e0fbd426a49108fa3f874308951249,0,data/benign_original/benign/c97e202a04588adecad428ce6fce048121e0fbd426a49108fa3f874308951249.png
b2ac9fecc49181cbfda558123c6d47a610497a289546a8ab168d3e106de1b0ca,0,data/benign_original/benign/b2ac9fecc49181cbfda558123c6d47a610497a289546a8ab168d3e106de1b0ca.png
d75f4b032b390985dfae9d622820dd8faaa0675e0c2beb09991f9fdba031489c,0,data/benign_original/benign/d75f4b032b390985dfae9d622820dd8faaa0675e0c2beb09991f9fdba031489c.png
f6593566de020406d34edd9423512dc9977ca49639fc898b7c3edf09f46423b4,0,data/benign_original/benign/f6593566de020406d34edd9423512dc9977ca49639fc898b7c3edf09f46423b4.png
b2302418cecdd99cd955da7c2d1566325bb5861f7d7836a5976f5ec9cf396a08,0,data/benign_original/benign/b2302418cecdd99cd955da7c2d1566325bb5861f7d7836a5976f5ec9cf396a08.png
b5e0b285c87bac7574ffce595d78cfe41e570a6a4b76d4c363fce5039191ad1d,0,data/benign_original/benign/b5e0b285c87bac7574ffce595d78cfe41e570a6a4b76d4c363fce5039191ad1d.png
dcb4d83651c79fca3c7cf29ffe71ec920de474c04d20d0e519125edb35ac28f2,0,data/benign_original/benign/dcb4d83651c79fca3c7cf29ffe71ec920de474c04d20d0e519125edb35ac28f2.png
d412aeb333c0744f7a658b4c4edeb06c2e2b4b97e50f15fd8d9be871cd870449,0,data/benign_original/benign/d412aeb333c0744f7a658b4c4edeb06c2e2b4b97e50f15fd8d9be871cd870449.png
baf97b076533cd82aa7b4c27825db7a782a053804bbcdadd8905e19b6f653bd6,0,data/benign_original/benign/baf97b076533cd82aa7b4c27825db7a782a053804bbcdadd8905e19b6f653bd6.png
b33c7b794173d53a4b767603d3bf54363e9400d1e0af1d215b4bb2a4277a5ca9,0,data/benign_original/benign/b33c7b794173d53a4b767603d3bf54363e9400d1e0af1d215b4bb2a4277a5ca9.png
c9184cd0945a70f8e6311343079aeaca1ce7b0b2a44d0633568d6877cf10cdc8,0,data/benign_original/benign/c9184cd0945a70f8e6311343079aeaca1ce7b0b2a44d0633568d6877cf10cdc8.png
f2c8a82880e9e6435834eefa887a38731173a0184ee948ee945096a47248c98f,0,data/benign_original/benign/f2c8a82880e9e6435834eefa887a38731173a0184ee948ee945096a47248c98f.png
d96cd6f8855cf9e59d796e178637a72eea63bf5d30aaab4e070490240278f3af,0,data/benign_original/benign/d96cd6f8855cf9e59d796e178637a72eea63bf5d30aaab4e070490240278f3af.png
e7e226431c20e3b6f02d84fd1b7863495c47bb30808a6f5cfcb8e22639e077b3,0,data/benign_original/benign/e7e226431c20e3b6f02d84fd1b7863495c47bb30808a6f5cfcb8e22639e077b3.png
d3c53e23d067274365fb7ea1c5154b4542930f3a0646bf53ac51140bf12a2cdf,0,data/benign_original/benign/d3c53e23d067274365fb7ea1c5154b4542930f3a0646bf53ac51140bf12a2cdf.png
1677d160b38b55b8e27e0c012a5ebb1a2ac34d87e515ca82412d9d3465507d80,0,data/benign_original/benign/1677d160b38b55b8e27e0c012a5ebb1a2ac34d87e515ca82412d9d3465507d80.png
bee96e481d7a5fb553cdbf243e664c960645bf050b2d25e6c20f813818bef6a2,0,data/benign_original/benign/bee96e481d7a5fb553cdbf243e664c960645bf050b2d25e6c20f813818bef6a2.png
cd010d87c17d9b6e2c61d917526d7f27ef9e852a8c2b1d0210b9dc6123e117a4,0,data/benign_original/benign/cd010d87c17d9b6e2c61d917526d7f27ef9e852a8c2b1d0210b9dc6123e117a4.png
c60298530e8a13cca637cbb83e5267c6379c60b1e70718fc4d070c52f53ad9d8,0,data/benign_original/benign/c60298530e8a13cca637cbb83e5267c6379c60b1e70718fc4d070c52f53ad9d8.png
d0b6a2e8c84ef80aab49420f6dcf5152ac46bfd85f77feff0db3ca507f7b055f,0,data/benign_original/benign/d0b6a2e8c84ef80aab49420f6dcf5152ac46bfd85f77feff0db3ca507f7b055f.png
fa32a99237813c4d23ff4c8316fead97b80694011e9cdfc55bf39e01c9041471,0,data/benign_original/benign/fa32a99237813c4d23ff4c8316fead97b80694011e9cdfc55bf39e01c9041471.png
aefffe14eed0c4fde518c79ed47910d626531197631f4985040ce022bc8b2ba8,0,data/benign_original/benign/aefffe14eed0c4fde518c79ed47910d626531197631f4985040ce022bc8b2ba8.png
56edc2e0d3d9cb181fc4d861cdbca6a960f576ce10d93f1a7ad18d80624185d5,1,data/malware_images/images/IcedID/56edc2e0d3d9cb181fc4d861cdbca6a960f576ce10d93f1a7ad18d80624185d5.png
e6463525a36ee342a9cd9eb488e8c0957b372722b8919d7d63ac00ea8e249258,0,data/benign_original/benign/e6463525a36ee342a9cd9eb488e8c0957b372722b8919d7d63ac00ea8e249258.png
fe85af963288dbb292408a000243dadfc21690d58439373227230cfd111b6090,0,data/benign_original/benign/fe85af963288dbb292408a000243dadfc21690d58439373227230cfd111b6090.png
b176aea4086a2fb7b899c8459e211e7523587264c0b5c2abfc2117afbb292176,0,data/benign_original/benign/b176aea4086a2fb7b899c8459e211e7523587264c0b5c2abfc2117afbb292176.png
ff22fcefd0450b45cc1b1adcab1b67ff8adf4c3912be7b0b5e00561431348a28,0,data/benign_original/benign/ff22fcefd0450b45cc1b1adcab1b67ff8adf4c3912be7b0b5e00561431348a28.png
b4824098b439f4332ffdb4fab13db06fef43318dcdfba8e2c049395db833448e,0,data/benign_original/benign/b4824098b439f4332ffdb4fab13db06fef43318dcdfba8e2c049395db833448e.png
fd159ebf52533ae8af82b73cf7c410f1c38fe413e16f3db43d53ed47711ee69f,0,data/benign_original/benign/fd159ebf52533ae8af82b73cf7c410f1c38fe413e16f3db43d53ed47711ee69f.png
ace9061016c4f94d193e0d4bf3804c81aa2ea2601085cfa410259e1bdc9a92cc,1,data/malware_images/images/njrat/ace9061016c4f94d193e0d4bf3804c81aa2ea2601085cfa410259e1bdc9a92cc.png
20a80b9d290223a304c752287ea4ac7371f928c4455fcb29bf5224f1096f8530,0,data/benign_original/benign/20a80b9d290223a304c752287ea4ac7371f928c4455fcb29bf5224f1096f8530.png
ffd63042c3d514ec7e18ded3979cfea9a76a18885dea54083b14a175c69470de,0,data/benign_original/benign/ffd63042c3d514ec7e18ded3979cfea9a76a18885dea54083b14a175c69470de.png
ddbf07b269de7a426e4aa85a2aca0f11ee85fb55494d608cb0b8191d3fe73124,0,data/benign_original/benign/ddbf07b269de7a426e4aa85a2aca0f11ee85fb55494d608cb0b8191d3fe73124.png
f45cbf79ab3209328acec82a8902a2f7b2e55997b2def3cc47da586d79fe3d61,0,data/benign_original/benign/f45cbf79ab3209328acec82a8902a2f7b2e55997b2def3cc47da586d79fe3d61.png
d4e541f0ad8b021f8fdddce372d3cd38f53d602f3fadf63a9eaa31bd09692f9c,0,data/benign_original/benign/d4e541f0ad8b021f8fdddce372d3cd38f53d602f3fadf63a9eaa31bd09692f9c.png
f7ea44c3a5252c178f4bdc07b255a1fc2f9f17b915e2d3c73fe8c54dcf3984ab,0,data/benign_original/benign/f7ea44c3a5252c178f4bdc07b255a1fc2f9f17b915e2d3c73fe8c54dcf3984ab.png
be1761ddc193e8e1681ac708117a337b069bb0f0fc6c7e91e9f45173935b462f,0,data/benign_original/benign/be1761ddc193e8e1681ac708117a337b069bb0f0fc6c7e91e9f45173935b462f.png
be6014049363443093c9d9cf9bf66336c820e38406b307c29120f3cceffa5f94,0,data/benign_original/benign/be6014049363443093c9d9cf9bf66336c820e38406b307c29120f3cceffa5f94.png
b1f796b5df373c631fa4263bbdefa2d1c96124baf27db3054ca76f1ee9bc124c,0,data/benign_original/benign/b1f796b5df373c631fa4263bbdefa2d1c96124baf27db3054ca76f1ee9bc124c.png
d4f298d6bab0963eaa669cb43a3e3f61834bb6ca1a8d08a059b70731c3b4476b,0,data/benign_original/benign/d4f298d6bab0963eaa669cb43a3e3f61834bb6ca1a8d08a059b70731c3b4476b.png
cdd2a0fce477070ac3d90fa776a48832cb85ea8d36bcfa86f789a28af26de521,0,data/benign_original/benign/cdd2a0fce477070ac3d90fa776a48832cb85ea8d36bcfa86f789a28af26de521.png
29b946238beb2a8c557a8a883b6666f3fe7314254fe61e067037d650fad88a3d,0,data/benign_original/benign/29b946238beb2a8c557a8a883b6666f3fe7314254fe61e067037d650fad88a3d.png
e69402fa0f57cd843805b98c2c0a21e0fcefd2eed7975741238c97a038148ddb,0,data/benign_original/benign/e69402fa0f57cd843805b98c2c0a21e0fcefd2eed7975741238c97a038148ddb.png
04ffb8d60a17d6405a9408e73e9cabcdaf5e396f7c4784874dc49c353e97315b,0,data/benign_original/benign/04ffb8d60a17d6405a9408e73e9cabcdaf5e396f7c4784874dc49c353e97315b.png
ff1e6f4db7b3a39fe23740eb4e82dc7b94af648523fdfc211f79e0c15434cd99,0,data/benign_original/benign/ff1e6f4db7b3a39fe23740eb4e82dc7b94af648523fdfc211f79e0c15434cd99.png
e5d2d1c1b78f0d99f125c1c48919114bd7b9c3c7ed7b7a1fb6e5f7f36fbcd701,0,data/benign_original/benign/e5d2d1c1b78f0d99f125c1c48919114bd7b9c3c7ed7b7a1fb6e5f7f36fbcd701.png
c441e16e0883c309117cec2b6fb9d9ce8b1285ccdc810d81846af4ace628560e,0,data/benign_original/benign/c441e16e0883c309117cec2b6fb9d9ce8b1285ccdc810d81846af4ace628560e.png
ba38f08588d75d7ffd054253f4afd1d9803c2c0f5f390f35214c0b552840793d,1,data/malware_images/images/njrat/ba38f08588d75d7ffd054253f4afd1d9803c2c0f5f390f35214c0b552840793d.png
cba7e0a04f7e473a7722a95d6a291f97a636473a969fd815490c472cb9d560ff,0,data/benign_original/benign/cba7e0a04f7e473a7722a95d6a291f97a636473a969fd815490c472cb9d560ff.png
cea7f5149cc40a9bd7d1500786cb9ce21035a0a27712d3f0d330c8dd5a699a05,0,data/benign_original/benign/cea7f5149cc40a9bd7d1500786cb9ce21035a0a27712d3f0d330c8dd5a699a05.png
ee817287293478ecdd152a44b99c04c3aa18dc7399c1f4dd6ddcedca39639af2,0,data/benign_original/benign/ee817287293478ecdd152a44b99c04c3aa18dc7399c1f4dd6ddcedca39639af2.png
ced234f658429c081c6cade408adc67038bedcae8b246979ec151a894421b83d,0,data/benign_original/benign/ced234f658429c081c6cade408adc67038bedcae8b246979ec151a894421b83d.png
cabaab829816d80464733477b5d1434254672f5a5e1d23c9727f719e8b0edf3b,0,data/benign_original/benign/cabaab829816d80464733477b5d1434254672f5a5e1d23c9727f719e8b0edf3b.png
d3e32c162458cdb0205801cb5f21b31db7c09a23b06d8239e10ff95366347766,0,data/benign_original/benign/d3e32c162458cdb0205801cb5f21b31db7c09a23b06d8239e10ff95366347766.png
e2d9b4587b4a5d92bc8ad923a869a11298c4c95c484dddcaf4d9a0f5cf1ef690,0,data/benign_original/benign/e2d9b4587b4a5d92bc8ad923a869a11298c4c95c484dddcaf4d9a0f5cf1ef690.png
46c629e4918166b75671f1fa6a6f467bd1948abbf0e9e4ea30f5d0e5fdfd84f4,0,data/benign_original/benign/46c629e4918166b75671f1fa6a6f467bd1948abbf0e9e4ea30f5d0e5fdfd84f4.png
f0c719723b7689e702a6bb7cf5a56b96f5cef85d45df5ec612ab68524d1e0a47,0,data/benign_original/benign/f0c719723b7689e702a6bb7cf5a56b96f5cef85d45df5ec612ab68524d1e0a47.png
dfa3ecb8ca14e0fdc487c96aa5042c2597f4ce6759e0f5b45d95d494104677c9,0,data/benign_original/benign/dfa3ecb8ca14e0fdc487c96aa5042c2597f4ce6759e0f5b45d95d494104677c9.png
d2e87e36b134fd42d61ac95ecdbeb903ede3056204bf480a76652119bb90b99d,0,data/benign_original/benign/d2e87e36b134fd42d61ac95ecdbeb903ede3056204bf480a76652119bb90b99d.png
e0c54a6c9afc282e0e454730be2a6b7f283f1d6a5e3da207ec9af9d6e7450902,0,data/benign_original/benign/e0c54a6c9afc282e0e454730be2a6b7f283f1d6a5e3da207ec9af9d6e7450902.png
72c494406edd86560f4cc1ec5736b090df77b2736d94ef79236d3870958a3b18,0,data/benign_original/benign/72c494406edd86560f4cc1ec5736b090df77b2736d94ef79236d3870958a3b18.png
f76b0e2dfc97b1f59d735b940c992c779206e08f967b9d69f65923be6178124d,0,data/benign_original/benign/f76b0e2dfc97b1f59d735b940c992c779206e08f967b9d69f65923be6178124d.png
ce09928019dd63b7495c33f4e9cabd6d0f49b37afbc55b8072aa54d8fa92badc,0,data/benign_original/benign/ce09928019dd63b7495c33f4e9cabd6d0f49b37afbc55b8072aa54d8fa92badc.png
e05736304339b95938f623f5e5ab295942ccb728cf0782e429ff56c7f98c4ace,0,data/benign_original/benign/e05736304339b95938f623f5e5ab295942ccb728cf0782e429ff56c7f98c4ace.png
d958a4562bf2cab7ab46f9cd0a77455e23e3f4db1079b490c3717e3690786f54,0,data/benign_original/benign/d958a4562bf2cab7ab46f9cd0a77455e23e3f4db1079b490c3717e3690786f54.png
d33a211e5dd2d77924579461c9ffedc1dc724732b48f992f4a4fd9ad0fc16fcf,0,data/benign_original/benign/d33a211e5dd2d77924579461c9ffedc1dc724732b48f992f4a4fd9ad0fc16fcf.png
16b568bd40a1a1ec0daaf2bcb610b6ac7f1d5a7881bf670503fab966ffec88f5,1,data/malware_images/images/Trickbot/16b568bd40a1a1ec0daaf2bcb610b6ac7f1d5a7881bf670503fab966ffec88f5.png
e780a9dba5598da2e2f098e7215b8363c83d5eb5e79824a9db156d874cc02025,0,data/benign_original/benign/e780a9dba5598da2e2f098e7215b8363c83d5eb5e79824a9db156d874cc02025.png
fc199dbc144c8e9e7959258130cd8e90c5804c595bc91331578de4aa36884409,0,data/benign_original/benign/fc199dbc144c8e9e7959258130cd8e90c5804c595bc91331578de4aa36884409.png
d906ca1cfa8b692a0aebc76b98955c633e6fa82256a5511e582b476484fdfef3,0,data/benign_original/benign/d906ca1cfa8b692a0aebc76b98955c633e6fa82256a5511e582b476484fdfef3.png
9d57cf26a3ec99e5fa778597f0d7083c22890b58a68fbcad0c1b6da3a9caa3a9,0,data/benign_original/benign/9d57cf26a3ec99e5fa778597f0d7083c22890b58a68fbcad0c1b6da3a9caa3a9.png
e6ef242b68b291a1d8475abd4bb8548ddbbc7d4fba7c9bb511ef2e92028b6c84,0,data/benign_original/benign/e6ef242b68b291a1d8475abd4bb8548ddbbc7d4fba7c9bb511ef2e92028b6c84.png
d39b946ac0b58f822c98498719e88b500d24398aeaf22a4ff5015c6a421ddcff,0,data/benign_original/benign/d39b946ac0b58f822c98498719e88b500d24398aeaf22a4ff5015c6a421ddcff.png
bc12998f0c35793ce3597802dec50a30e468e39095bf7edc3429d658a32c686d,0,data/benign_original/benign/bc12998f0c35793ce3597802dec50a30e468e39095bf7edc3429d658a32c686d.png
c57b503d6e91aa9a18cf4bb747e7e2e906e7a74052b2fdf73048d761fb6d4004,0,data/benign_original/benign/c57b503d6e91aa9a18cf4bb747e7e2e906e7a74052b2fdf73048d761fb6d4004.png
cfa02248d89c66425f9e458a5860e059c9e4e87524e74b63ca8e67a909af154f,0,data/benign_original/benign/cfa02248d89c66425f9e458a5860e059c9e4e87524e74b63ca8e67a909af154f.png
fb314327acd0f260c2dbab84c1beb37e8fa09684f2da95b699ba38ef1647893c,1,data/malware_images/images/Gozi/fb314327acd0f260c2dbab84c1beb37e8fa09684f2da95b699ba38ef1647893c.png
ccffd0661d5ad4a100b529250772b2957be0dfc262b7e47cd350c18cdf4d8c97,0,data/benign_original/benign/ccffd0661d5ad4a100b529250772b2957be0dfc262b7e47cd350c18cdf4d8c97.png
2dade45241a3807d0b2419be420df383311061c729b5d2974c56417340cc5847,1,data/malware_images/images/Trickbot/2dade45241a3807d0b2419be420df383311061c729b5d2974c56417340cc5847.png
f469a979aac96b9a00879fac39e899400b7db9efc28478f764bbace0f95d8e38,0,data/benign_original/benign/f469a979aac96b9a00879fac39e899400b7db9efc28478f764bbace0f95d8e38.png
e793601edb993881429dfad08a318afe09979fb1f3202176eccf401c6dd30f64,0,data/benign_original/benign/e793601edb993881429dfad08a318afe09979fb1f3202176eccf401c6dd30f64.png
bac73aa149238a2977c3211cf7d4a2058b990bf3a8015b9aee9876002c38dfd1,0,data/benign_original/benign/bac73aa149238a2977c3211cf7d4a2058b990bf3a8015b9aee9876002c38dfd1.png
f3af7d7613c59a132546ea5470ad114a1bb7164a5c7032d2e89cdbf76eee4d8e,0,data/benign_original/benign/f3af7d7613c59a132546ea5470ad114a1bb7164a5c7032d2e89cdbf76eee4d8e.png
e9c61945c0c7b887ec786832af1056334968d890fc042f0c16b8d7f80a2c0c9a,0,data/benign_original/benign/e9c61945c0c7b887ec786832af1056334968d890fc042f0c16b8d7f80a2c0c9a.png
af1314349a37d7d69d2269efae8f59b170de196e762d16ad992d88f19972c161,0,data/benign_original/benign/af1314349a37d7d69d2269efae8f59b170de196e762d16ad992d88f19972c161.png
52def964142be6891054d2f95256a3b05d66887964fcd66b34abfe32477e8965,0,data/benign_original/benign/52def964142be6891054d2f95256a3b05d66887964fcd66b34abfe32477e8965.png
c03552350323144eb3b6c1418fd1f3b04e71d078b0bc60bdbe81ab863995b1d1,0,data/benign_original/benign/c03552350323144eb3b6c1418fd1f3b04e71d078b0bc60bdbe81ab863995b1d1.png
f8a6dcd67ffd9886db81de8ec74f619dd2c56409ec00453a386e9c089e4bfdc3,0,data/benign_original/benign/f8a6dcd67ffd9886db81de8ec74f619dd2c56409ec00453a386e9c089e4bfdc3.png
d13d3a17a112ed7e8bb65ef7bfc647c4c9feb7be86909490906d7ca7a0f428e6,0,data/benign_original/benign/d13d3a17a112ed7e8bb65ef7bfc647c4c9feb7be86909490906d7ca7a0f428e6.png
1f5672777a723b52064ff3876f7d582c524483a5205eb509a9aa6c5566fd4f71,1,data/malware_images/images/IcedID/1f5672777a723b52064ff3876f7d582c524483a5205eb509a9aa6c5566fd4f71.png
c472a624ef74a0c8121681679be999edb638dcebcd5391ef7172e6d0a76a2e02,0,data/benign_original/benign/c472a624ef74a0c8121681679be999edb638dcebcd5391ef7172e6d0a76a2e02.png
d76eb2510b4bbf54ceb93ff113fd6ee98cc04874fcea256105d0a2fd33834f4e,0,data/benign_original/benign/d76eb2510b4bbf54ceb93ff113fd6ee98cc04874fcea256105d0a2fd33834f4e.png
349de291de0aadb6d16cf62a86bf7ecb028fefd2291a09ded4d232229439b52c,1,data/malware_images/images/Gozi/349de291de0aadb6d16cf62a86bf7ecb028fefd2291a09ded4d232229439b52c.png
43b1d7cb1a978bd95a2c7e024401e960447883f6033e48bc4c1217dc9ba924cf,0,data/benign_original/benign/43b1d7cb1a978bd95a2c7e024401e960447883f6033e48bc4c1217dc9ba924cf.png
ec856c6ac203d1a4d686fe0387e07f2488818e5318882a797a6d3d87300c6669,0,data/benign_original/benign/ec856c6ac203d1a4d686fe0387e07f2488818e5318882a797a6d3d87300c6669.png
c5f0ff0b9d187056fe3421392242a5d72298e10d52662ee8eff67e6310bac4a5,0,data/benign_original/benign/c5f0ff0b9d187056fe3421392242a5d72298e10d52662ee8eff67e6310bac4a5.png
5d0567a9ba8330367d1d0dcfedaabb278ef4a5c0c266c50836d44455af934283,0,data/benign_original/benign/5d0567a9ba8330367d1d0dcfedaabb278ef4a5c0c266c50836d44455af934283.png
413250e255ac0a703956c9984c4cc7c9df2e4d7fb27b3f46314abe77d6ff59c1,1,data/malware_images/images/Heodo/413250e255ac0a703956c9984c4cc7c9df2e4d7fb27b3f46314abe77d6ff59c1.png
e4665b6114a64a52c2612dc4792ac7a830b2655d94c138c5aaa08eca2e9a9987,0,data/benign_original/benign/e4665b6114a64a52c2612dc4792ac7a830b2655d94c138c5aaa08eca2e9a9987.png
6ec6507c9d9332e7d98f7ba4c14d8fa326e581894e266c72841cd4c2dc894bbc,0,data/benign_original/benign/6ec6507c9d9332e7d98f7ba4c14d8fa326e581894e266c72841cd4c2dc894bbc.png
d3062f93740551d2f3aa0a386587f7cc5ab4c524477845ca4d2544764d0bf119,0,data/benign_original/benign/d3062f93740551d2f3aa0a386587f7cc5ab4c524477845ca4d2544764d0bf119.png
b07271f2b09f1defb7a03932c2dc89ede06ea4598446b74c10f73b5c602cb993,0,data/benign_original/benign/b07271f2b09f1defb7a03932c2dc89ede06ea4598446b74c10f73b5c602cb993.png
c99334ffad747832a3e8089e05269b213b7f3a9262e03d4376c36e87718d00b7,0,data/benign_original/benign/c99334ffad747832a3e8089e05269b213b7f3a9262e03d4376c36e87718d00b7.png
4efd6c2d5692fd45ca167fce0b8a07f87e89862a6b4e2f04ae49d4113539440f,0,data/benign_original/benign/4efd6c2d5692fd45ca167fce0b8a07f87e89862a6b4e2f04ae49d4113539440f.png
f4cef1b5bfa57b3be4a8e0f2a26dbdc9ebb18a0eca81e3f928d200e75db0ace2,0,data/benign_original/benign/f4cef1b5bfa57b3be4a8e0f2a26dbdc9ebb18a0eca81e3f928d200e75db0ace2.png
d5db896dfb3f9dc5ead53818c1124488dbe72b968fec8cbc076e29e3c01a0e01,0,data/benign_original/benign/d5db896dfb3f9dc5ead53818c1124488dbe72b968fec8cbc076e29e3c01a0e01.png
e231f9517336511aa9a27b4c412821949c2950c241426d8564ecf38a579816b9,0,data/benign_original/benign/e231f9517336511aa9a27b4c412821949c2950c241426d8564ecf38a579816b9.png
f076d0a36e3db1217453392b669d735ff20dfd4ff52778287a4e4a0676f207a0,0,data/benign_original/benign/f076d0a36e3db1217453392b669d735ff20dfd4ff52778287a4e4a0676f207a0.png
bcbaa49caa84fddb1297cd400418aceff4d18d3a0bc75f12910fd0192203eb44,0,data/benign_original/benign/bcbaa49caa84fddb1297cd400418aceff4d18d3a0bc75f12910fd0192203eb44.png
ec9fb6d33d7c1282769cc8a5ae5c1c5628e056c8a03093d8069feedf02f452d8,0,data/benign_original/benign/ec9fb6d33d7c1282769cc8a5ae5c1c5628e056c8a03093d8069feedf02f452d8.png
fb3582c48c1cae43d80ca30def163b07c233da803831911725c86e8df4b1fe51,0,data/benign_original/benign/fb3582c48c1cae43d80ca30def163b07c233da803831911725c86e8df4b1fe51.png
52041cf226f57b8652c9da6c95f53d0408ea3732dfadf82f6dfe6fea8174b8dc,0,data/benign_original/benign/52041cf226f57b8652c9da6c95f53d0408ea3732dfadf82f6dfe6fea8174b8dc.png
cc7e49b1cb0eeb770032248630a4352b7a420705788684ca94af2f7492ed46f0,0,data/benign_original/benign/cc7e49b1cb0eeb770032248630a4352b7a420705788684ca94af2f7492ed46f0.png
d408ea821ea05412e9ac4748b682ed7aee364e0a5fd3edcad554a01057d34979,0,data/benign_original/benign/d408ea821ea05412e9ac4748b682ed7aee364e0a5fd3edcad554a01057d34979.png
ef80fddede691b820977bf03f67f1553d65ab650a39e609fdb1775a0269cecbc,0,data/benign_original/benign/ef80fddede691b820977bf03f67f1553d65ab650a39e609fdb1775a0269cecbc.png
c2f27043050f2cc12d6767c047595e3d93537239bd55e2e8d94c5831ddcdb305,0,data/benign_original/benign/c2f27043050f2cc12d6767c047595e3d93537239bd55e2e8d94c5831ddcdb305.png
f2691221505e0bb91944e79ff1bc857f31f890f58cb2c0da19636a7a10cc77fd,0,data/benign_original/benign/f2691221505e0bb91944e79ff1bc857f31f890f58cb2c0da19636a7a10cc77fd.png
d2d58c3fdd83e959fe5125720b27bed9fe27e5c843f4b208c1b961359cdea05b,0,data/benign_original/benign/d2d58c3fdd83e959fe5125720b27bed9fe27e5c843f4b208c1b961359cdea05b.png
dfdcbc5a9cc9e9d6b0e4bc4def90758ffb9011b6c926f02b44d66d2b88dda8a1,0,data/benign_original/benign/dfdcbc5a9cc9e9d6b0e4bc4def90758ffb9011b6c926f02b44d66d2b88dda8a1.png
b32f322c7912b14c2adde1a5d996d7ff07336afb52daf27212071f2fafb06c93,0,data/benign_original/benign/b32f322c7912b14c2adde1a5d996d7ff07336afb52daf27212071f2fafb06c93.png
eb40c43d6593f7dadf2e66140c12e4665e968f8cda9c8e45833ba936e7f7614f,0,data/benign_original/benign/eb40c43d6593f7dadf2e66140c12e4665e968f8cda9c8e45833ba936e7f7614f.png
fe58be752c1a36f227c5f8a2ca6ce45d1241b865348715f13c3994e079a9b6ec,0,data/benign_original/benign/fe58be752c1a36f227c5f8a2ca6ce45d1241b865348715f13c3994e079a9b6ec.png
e610fdab7dfa2b66e052ca0711501aeba1ca80da18b900a59d8314498ce40bea,0,data/benign_original/benign/e610fdab7dfa2b66e052ca0711501aeba1ca80da18b900a59d8314498ce40bea.png
b74c540a09fe4426e73c661fc6a739d647a8c673881b2b8b541dcc4dd99a1922,0,data/benign_original/benign/b74c540a09fe4426e73c661fc6a739d647a8c673881b2b8b541dcc4dd99a1922.png
b99eb28a471311113f5c4109cb3c463f39cfd9bdb3b07f706204dedddb4516a1,0,data/benign_original/benign/b99eb28a471311113f5c4109cb3c463f39cfd9bdb3b07f706204dedddb4516a1.png
b4d3be641b7c782b780e6e7d84db7f1b9d99b9d538684257166562f857ebc79e,0,data/benign_original/benign/b4d3be641b7c782b780e6e7d84db7f1b9d99b9d538684257166562f857ebc79e.png
e5015af6432f4a98286d20a54987124f5be7aada0bf60baa727f186b12bfe013,0,data/benign_original/benign/e5015af6432f4a98286d20a54987124f5be7aada0bf60baa727f186b12bfe013.png
baa3a7cf019085b61a19428dcc6dd9cdc8849cef907490ae50fe34733e6dfb16,0,data/benign_original/benign/baa3a7cf019085b61a19428dcc6dd9cdc8849cef907490ae50fe34733e6dfb16.png
6b4ee9dafe4b1b93c2a9222d39ee50cccf593c776957356031a922fb39a3c2ba,0,data/benign_original/benign/6b4ee9dafe4b1b93c2a9222d39ee50cccf593c776957356031a922fb39a3c2ba.png
fe5244f87114036197c32cadf209f0cdb5c7ae6aabff835d5110638c936300a9,0,data/benign_original/benign/fe5244f87114036197c32cadf209f0cdb5c7ae6aabff835d5110638c936300a9.png
e24af50d0a679bb509d7c3b67261516867cf1960a0b0b576a0a8432064d7f655,0,data/benign_original/benign/e24af50d0a679bb509d7c3b67261516867cf1960a0b0b576a0a8432064d7f655.png
f7441382eceeb20b936156aa78b71fb300301f2cb5480e11ae7020f9b0f82b2b,0,data/benign_original/benign/f7441382eceeb20b936156aa78b71fb300301f2cb5480e11ae7020f9b0f82b2b.png
c2fb53d0ed5c02cead96b0d1cc496598158b22e2454eb8c885b4456aa36cab6f,0,data/benign_original/benign/c2fb53d0ed5c02cead96b0d1cc496598158b22e2454eb8c885b4456aa36cab6f.png
fd433541fe0cb0d8c750769344a5e9ad00d9215a6327a7e3b0308bf31a022ead,0,data/benign_original/benign/fd433541fe0cb0d8c750769344a5e9ad00d9215a6327a7e3b0308bf31a022ead.png
f7e741c391f3ca125d8d34d7924fd2510701b2f2c9a76f1e3e3698343355defc,0,data/benign_original/benign/f7e741c391f3ca125d8d34d7924fd2510701b2f2c9a76f1e3e3698343355defc.png
c0c644d2a50cd03c18338068dff995bb2f49f91c486bdd05ed8da1e0121650e8,0,data/benign_original/benign/c0c644d2a50cd03c18338068dff995bb2f49f91c486bdd05ed8da1e0121650e8.png
d13c0de3c15c28296fb8cef3a78bdd99402b52bbe47dc8f910d3a138ce4819ec,0,data/benign_original/benign/d13c0de3c15c28296fb8cef3a78bdd99402b52bbe47dc8f910d3a138ce4819ec.png
badb371c1ab73dedab74ea3c93acb550aef273b8b27d6a7153951029f614b43a,0,data/benign_original/benign/badb371c1ab73dedab74ea3c93acb550aef273b8b27d6a7153951029f614b43a.png
3f1bfc4be00fa0c07778a986e81bf21453ba45f76fecd261d7e88e7db76a15a1,0,data/benign_original/benign/3f1bfc4be00fa0c07778a986e81bf21453ba45f76fecd261d7e88e7db76a15a1.png
f7d086286ad911cb555f48db1f1869a484d1d386e3b40ef5fbdbee44fb7db48e,0,data/benign_original/benign/f7d086286ad911cb555f48db1f1869a484d1d386e3b40ef5fbdbee44fb7db48e.png
ba18217a97d8cc0c19f443e335b949ac29dd6da3f384643d3ca02d8ae497dd77,0,data/benign_original/benign/ba18217a97d8cc0c19f443e335b949ac29dd6da3f384643d3ca02d8ae497dd77.png
b7a174d56ae7bdff55874add845260ce2aecaee707c8d0e98c98449e12cc29f9,0,data/benign_original/benign/b7a174d56ae7bdff55874add845260ce2aecaee707c8d0e98c98449e12cc29f9.png
669dd5e1578dae9b92617820371eefa29cd12a1101c99701138b6b6ebaf87f61,0,data/benign_original/benign/669dd5e1578dae9b92617820371eefa29cd12a1101c99701138b6b6ebaf87f61.png
e1bc2deb564023d70ca3568ab1d2ed954f814f18b20230939af9c16572b98230,0,data/benign_original/benign/e1bc2deb564023d70ca3568ab1d2ed954f814f18b20230939af9c16572b98230.png
7a21105bc6694979ae04f54571a32241c5c4f2248c1375a509839882de29a33b,1,data/malware_images/images/Gozi/7a21105bc6694979ae04f54571a32241c5c4f2248c1375a509839882de29a33b.png
d10784534d15234cc95a6b105885c8d785fd58f995e9f5799487581c18af1e03,0,data/benign_original/benign/d10784534d15234cc95a6b105885c8d785fd58f995e9f5799487581c18af1e03.png
d9afacc831ca2bb9e1898c5b6a081d4266ed43936de7d34e45a477e54f13ac30,1,data/malware_images/images/Trickbot/d9afacc831ca2bb9e1898c5b6a081d4266ed43936de7d34e45a477e54f13ac30.png
bf9dc693c89a783ba5107abce9e553fc1a19ed3398bf224a9b1c9d82829cea98,0,data/benign_original/benign/bf9dc693c89a783ba5107abce9e553fc1a19ed3398bf224a9b1c9d82829cea98.png
e2065619fe6eb0034833b1dc0369deb4a6edc3110e38a1132eeafcf430c578a5,0,data/benign_original/benign/e2065619fe6eb0034833b1dc0369deb4a6edc3110e38a1132eeafcf430c578a5.png
e135fb2c56dbcd50a0a17e5fdd698a17e8d9fdf43c54c089a9bcb67b4e69cb80,0,data/benign_original/benign/e135fb2c56dbcd50a0a17e5fdd698a17e8d9fdf43c54c089a9bcb67b4e69cb80.png
eb41bf23e10405efcad8bb3eb8972f431394113324717386362ac6406a5c6d75,0,data/benign_original/benign/eb41bf23e10405efcad8bb3eb8972f431394113324717386362ac6406a5c6d75.png
b61927ba4583e9c37f6656b8aa148b4753818c6dca3392adb55681c8f5451d5f,0,data/benign_original/benign/b61927ba4583e9c37f6656b8aa148b4753818c6dca3392adb55681c8f5451d5f.png
f8ea9fda72521497a87e41b33a3c36ce9e49f4166d1429ef5bffe87edb05b9db,0,data/benign_original/benign/f8ea9fda72521497a87e41b33a3c36ce9e49f4166d1429ef5bffe87edb05b9db.png
f3d9ede5c7a3e9e62b5e396cd9e541cba7f0e695cd15801b7d08d4e885d4421e,0,data/benign_original/benign/f3d9ede5c7a3e9e62b5e396cd9e541cba7f0e695cd15801b7d08d4e885d4421e.png
ec43b708a1a5a5f52136d996afbf1c2629ec8cafaa2f0cbe06d37c8ffd7eae2c,0,data/benign_original/benign/ec43b708a1a5a5f52136d996afbf1c2629ec8cafaa2f0cbe06d37c8ffd7eae2c.png
c3a70e0af4c339623c0c0277393c374321a2fc3429a6052406ec9214a6ca8cb2,0,data/benign_original/benign/c3a70e0af4c339623c0c0277393c374321a2fc3429a6052406ec9214a6ca8cb2.png
da11e51b6867e233c9dab60cf0edd93410ec6c382acf853d0b79005d3735b03a,0,data/benign_original/benign/da11e51b6867e233c9dab60cf0edd93410ec6c382acf853d0b79005d3735b03a.png
bd9e07bbc62ce82dbc30c23069a17fbfa17f1c26a9c19e50fe754d494e6cd0b1,0,data/benign_original/benign/bd9e07bbc62ce82dbc30c23069a17fbfa17f1c26a9c19e50fe754d494e6cd0b1.png
4859684e359b34a60f11ee19532df88abfc16b151581951d263f72e070e83ac4,0,data/benign_original/benign/4859684e359b34a60f11ee19532df88abfc16b151581951d263f72e070e83ac4.png
b85fb0b1263fa09f27e65266798b66a1c03ce6e9d57dd14a0e61180da269a49b,0,data/benign_original/benign/b85fb0b1263fa09f27e65266798b66a1c03ce6e9d57dd14a0e61180da269a49b.png
cafdb772a1d7acf0807478fdba1e00fd101fc29c136547b37131f80d21dacffd,0,data/benign_original/benign/cafdb772a1d7acf0807478fdba1e00fd101fc29c136547b37131f80d21dacffd.png
de18d08741d36679f6a4862aa1f6e7403cbb314b6770153585a019cd994dbc1e,0,data/benign_original/benign/de18d08741d36679f6a4862aa1f6e7403cbb314b6770153585a019cd994dbc1e.png
5f435219d06e44d63e9d5b7a234afe3ef384c94fc997b9cbd2f051742d69c790,0,data/benign_original/benign/5f435219d06e44d63e9d5b7a234afe3ef384c94fc997b9cbd2f051742d69c790.png
de2d114af3df793d3f2d107f3114b5451934768b206473b293b6b03a0c7fbec0,0,data/benign_original/benign/de2d114af3df793d3f2d107f3114b5451934768b206473b293b6b03a0c7fbec0.png
b85184d42b1f0e5bff8a6b86193fda191e75785fdf8fbccf9b80ac4a2771b861,0,data/benign_original/benign/b85184d42b1f0e5bff8a6b86193fda191e75785fdf8fbccf9b80ac4a2771b861.png
af535d2577e5b48270fa8af03579b8fba2176d4e3e777c68894bf6a0aea3eefb,0,data/benign_original/benign/af535d2577e5b48270fa8af03579b8fba2176d4e3e777c68894bf6a0aea3eefb.png
5c2493777e2d11aa088b9e927219f5bf02ba91e7e94235a14436d16d939c0101,0,data/benign_original/benign/5c2493777e2d11aa088b9e927219f5bf02ba91e7e94235a14436d16d939c0101.png
bca1c836f9bcf34d59a36b5fca55fe888dcff68d7b349c077c16c35e8fe9838f,0,data/benign_original/benign/bca1c836f9bcf34d59a36b5fca55fe888dcff68d7b349c077c16c35e8fe9838f.png
ccbf5c2789e4869cfdde5f4a12f3c982dd54e512e180a40086c72cc5789d0bde,0,data/benign_original/benign/ccbf5c2789e4869cfdde5f4a12f3c982dd54e512e180a40086c72cc5789d0bde.png
d86de53eed1cf005a11b41fe1b77935804aa10d93d03ba72fb971f54d1108d4e,0,data/benign_original/benign/d86de53eed1cf005a11b41fe1b77935804aa10d93d03ba72fb971f54d1108d4e.png
bbd7ea828cf7e3d44b1e24aa2283322eaa93c79eb418fb2ce7dfb6f2e90f83a3,0,data/benign_original/benign/bbd7ea828cf7e3d44b1e24aa2283322eaa93c79eb418fb2ce7dfb6f2e90f83a3.png
cd0c5c068f5e31d1480267c9b8dc902f2f4cd056aa297762758d940c43f9b378,0,data/benign_original/benign/cd0c5c068f5e31d1480267c9b8dc902f2f4cd056aa297762758d940c43f9b378.png
ddd7e0d084c44a31e7eac73067363d5c864c2cc85fce3746a13863d326cd65ac,0,data/benign_original/benign/ddd7e0d084c44a31e7eac73067363d5c864c2cc85fce3746a13863d326cd65ac.png
e2c7dca12fe5b3b2bc6ed3ca91357ded951fe247b0aab965bef3f99eede4017b,0,data/benign_original/benign/e2c7dca12fe5b3b2bc6ed3ca91357ded951fe247b0aab965bef3f99eede4017b.png
a66e2fd953b89254ac8a44c58a52e82cc9f03839248577e15598297b22288abb,0,data/benign_original/benign/a66e2fd953b89254ac8a44c58a52e82cc9f03839248577e15598297b22288abb.png
e6c6c4f14a6307937f3b06733bc278bf752f0582027528925f400aecd8055b9f,0,data/benign_original/benign/e6c6c4f14a6307937f3b06733bc278bf752f0582027528925f400aecd8055b9f.png
f932627af102f3baad812cbf35a7964bd8cc2dbc1791e25a09659a90d1140394,0,data/benign_original/benign/f932627af102f3baad812cbf35a7964bd8cc2dbc1791e25a09659a90d1140394.png
fe03b2d0e0702dd8c40555ab81c4696400769d66a38af347516c3c70a76143d7,0,data/benign_original/benign/fe03b2d0e0702dd8c40555ab81c4696400769d66a38af347516c3c70a76143d7.png
193cd70a73e750a178eb91b05b8a15f988b1499cb77c37c9a9f2e2e22d98ce59,0,data/benign_original/benign/193cd70a73e750a178eb91b05b8a15f988b1499cb77c37c9a9f2e2e22d98ce59.png
ddd974ef07e94e36566cbb5845d639073fb9d90ae75c72c32445193ea433929f,0,data/benign_original/benign/ddd974ef07e94e36566cbb5845d639073fb9d90ae75c72c32445193ea433929f.png
750cd1c6e724d8f11db6f0fe94dcf7c4943c465be5f5ad17c9bdfb99db6e30db,0,data/benign_original/benign/750cd1c6e724d8f11db6f0fe94dcf7c4943c465be5f5ad17c9bdfb99db6e30db.png
b98b38c9e78397f1043a8ce73c00d7a4943dad181db6f80315a82067eedd8007,0,data/benign_original/benign/b98b38c9e78397f1043a8ce73c00d7a4943dad181db6f80315a82067eedd8007.png
ce81c92833af5988d16e298ba07c8a30870e8b642d338099accffd4eca9de01d,0,data/benign_original/benign/ce81c92833af5988d16e298ba07c8a30870e8b642d338099accffd4eca9de01d.png
8796df9c55fcbe47516fa1a721a91e14b97a5a056f12803a7195cd43798acd85,0,data/benign_original/benign/8796df9c55fcbe47516fa1a721a91e14b97a5a056f12803a7195cd43798acd85.png
44f0ed0780c82e156c9dc2d7679650a9dad422b655ce7df6dc83e0c9f27d3e12,0,data/benign_original/benign/44f0ed0780c82e156c9dc2d7679650a9dad422b655ce7df6dc83e0c9f27d3e12.png
c0b17a96e249e5e2a874cf5db2d0b456bad340bb008eadc448e470b6904c6ec1,0,data/benign_original/benign/c0b17a96e249e5e2a874cf5db2d0b456bad340bb008eadc448e470b6904c6ec1.png
d40bcdcc0d6cef2a0afd5858b60f71d327924dc8a7edaaaf88bcaee76759369f,0,data/benign_original/benign/d40bcdcc0d6cef2a0afd5858b60f71d327924dc8a7edaaaf88bcaee76759369f.png
fab3de5a6ee71d9c7fb417aaf161978bcd0f3cbd5a2b8621789fbc111d3ada6a,0,data/benign_original/benign/fab3de5a6ee71d9c7fb417aaf161978bcd0f3cbd5a2b8621789fbc111d3ada6a.png
a52beaea57b9dd1a642c7cc129b4cb2c0b2c3abcf4221cc1bf4de4cb3c307e2f,0,data/benign_original/benign/a52beaea57b9dd1a642c7cc129b4cb2c0b2c3abcf4221cc1bf4de4cb3c307e2f.png
ec2e2c2c8e524a4cecaed24c76798e8ca8eab5cb142cd49359b16e37a97f607f,0,data/benign_original/benign/ec2e2c2c8e524a4cecaed24c76798e8ca8eab5cb142cd49359b16e37a97f607f.png
1d083467cb9fbd7d2b21fcd4f8f9cb0c36718d0a327052313f46a2a83bd715e2,0,data/benign_original/benign/1d083467cb9fbd7d2b21fcd4f8f9cb0c36718d0a327052313f46a2a83bd715e2.png
2889b601d0a0bbee5951f47adc2ae627708b9004ee4aed08ce70bfef492a2f84,0,data/benign_original/benign/2889b601d0a0bbee5951f47adc2ae627708b9004ee4aed08ce70bfef492a2f84.png
31aaba443b9869e6e68c17125f8d7989cbd762fb38ae3a10e58f4759548a7745,0,data/benign_original/benign/31aaba443b9869e6e68c17125f8d7989cbd762fb38ae3a10e58f4759548a7745.png
a25def518b93fb698d87ab0372568986b630c5907c27e27959fd3b6570f59ff4,0,data/benign_original/benign/a25def518b93fb698d87ab0372568986b630c5907c27e27959fd3b6570f59ff4.png
d72a4391c4852bf4f0937f18d7edbf9ac4343e19861d7856c249615c12e4dd9c,0,data/benign_original/benign/d72a4391c4852bf4f0937f18d7edbf9ac4343e19861d7856c249615c12e4dd9c.png
f560fbd736db3b86b0507239fd3c37328539a1be151571200f2002f1798ea5c7,0,data/benign_original/benign/f560fbd736db3b86b0507239fd3c37328539a1be151571200f2002f1798ea5c7.png
2513eb274a9507ee598af02dd9338ec08da908971a19f470d704cc3cc6234daa,0,data/benign_original/benign/2513eb274a9507ee598af02dd9338ec08da908971a19f470d704cc3cc6234daa.png
4d9c8986794f31912c44836959dd291fb22d21f12e0103a535cff6e7325a59e7,0,data/benign_original/benign/4d9c8986794f31912c44836959dd291fb22d21f12e0103a535cff6e7325a59e7.png
c35b6d88d330764b0074658a0b4b0e021eb47007a9470e9e122d25326a619b74,0,data/benign_original/benign/c35b6d88d330764b0074658a0b4b0e021eb47007a9470e9e122d25326a619b74.png
341e757fe21e236ff2162c678f940558196ae1988a5f5efc4a4b25e425fa0ea0,0,data/benign_original/benign/341e757fe21e236ff2162c678f940558196ae1988a5f5efc4a4b25e425fa0ea0.png
c137614fcec20e11afa2d6afbfd5042046ca494f9aedc122eaf3e65fb2fe3de9,0,data/benign_original/benign/c137614fcec20e11afa2d6afbfd5042046ca494f9aedc122eaf3e65fb2fe3de9.png
45d30e3cdbb403cb9f398c67444e45b3f8a569b64635e8baa3e1d770d39c7de4,0,data/benign_original/benign/45d30e3cdbb403cb9f398c67444e45b3f8a569b64635e8baa3e1d770d39c7de4.png
f75ac3fa5d67ce788f1af41c63ef93d6081b4a97bd0eb4ae41dd97ade27c0b19,0,data/benign_original/benign/f75ac3fa5d67ce788f1af41c63ef93d6081b4a97bd0eb4ae41dd97ade27c0b19.png
f9abf9a1860f480f3ae94f76ca7435629405afa797278e908ca8c56939cc880e,0,data/benign_original/benign/f9abf9a1860f480f3ae94f76ca7435629405afa797278e908ca8c56939cc880e.png
f529eba63c5c6beb55bf9bf5819bd876d78c6ae71980b66dce741b463e7539aa,0,data/benign_original/benign/f529eba63c5c6beb55bf9bf5819bd876d78c6ae71980b66dce741b463e7539aa.png
e32459fd6d5fbb3e7c98a2b9a21040ced0deba34ee299930d4cfe930651c62ea,0,data/benign_original/benign/e32459fd6d5fbb3e7c98a2b9a21040ced0deba34ee299930d4cfe930651c62ea.png
a8f964bb1623295131320f9a0a3817c5ea9318485c849ac5dcbf0255c9263dea,0,data/benign_original/benign/a8f964bb1623295131320f9a0a3817c5ea9318485c849ac5dcbf0255c9263dea.png
e5edbcbe152b74d29becac05065bcf3c74215384c0d8464a44b67a32a13e8ea3,0,data/benign_original/benign/e5edbcbe152b74d29becac05065bcf3c74215384c0d8464a44b67a32a13e8ea3.png
b29fd80f2f20a958961b53792e61296ad9453ef06a17e503667cdee17cea81c4,0,data/benign_original/benign/b29fd80f2f20a958961b53792e61296ad9453ef06a17e503667cdee17cea81c4.png
373d0778d083a04943032826a3571e5e8d450a9535f5a901db43c791200a774d,0,data/benign_original/benign/373d0778d083a04943032826a3571e5e8d450a9535f5a901db43c791200a774d.png
fb84e615438b295c2acabae508fa2ee2d313d451042bffdcc145356690991f40,0,data/benign_original/benign/fb84e615438b295c2acabae508fa2ee2d313d451042bffdcc145356690991f40.png
e0f8c72af5a0e53a5506b9248b74e604ba19c50620513fc987e93ad467cc63c4,0,data/benign_original/benign/e0f8c72af5a0e53a5506b9248b74e604ba19c50620513fc987e93ad467cc63c4.png
e5a12bb7257f38a3b9416031bf58a6a208726af2f2fac4a932577e665022a8ef,0,data/benign_original/benign/e5a12bb7257f38a3b9416031bf58a6a208726af2f2fac4a932577e665022a8ef.png
c7c03a87eac7243ccbe331554624b18803010b740e311fc8cfddb573096eacac,0,data/benign_original/benign/c7c03a87eac7243ccbe331554624b18803010b740e311fc8cfddb573096eacac.png
dc592fcb24759f4e822715092ec2d6e10275d4e5aedb0b72895d38fe989a3e50,0,data/benign_original/benign/dc592fcb24759f4e822715092ec2d6e10275d4e5aedb0b72895d38fe989a3e50.png
ae16f9de7b4897d2961102d7ecb8acc0cf0d2ac93ea6415e2d2f1c46ff4bdf49,0,data/benign_original/benign/ae16f9de7b4897d2961102d7ecb8acc0cf0d2ac93ea6415e2d2f1c46ff4bdf49.png
d7cd68e06f392e08d5dc51422b3cfa6447090495ea7c247053ff28dcadb002b3,0,data/benign_original/benign/d7cd68e06f392e08d5dc51422b3cfa6447090495ea7c247053ff28dcadb002b3.png
e7b931bf87ac8babd5f772c93b772ac3c1d8ed15243c5b09d72edfc52f746c40,0,data/benign_original/benign/e7b931bf87ac8babd5f772c93b772ac3c1d8ed15243c5b09d72edfc52f746c40.png
aff2012b550f2ed4c0b1c89dec9479b4278e5faf8ea02100a4df3f6f9c406da7,0,data/benign_original/benign/aff2012b550f2ed4c0b1c89dec9479b4278e5faf8ea02100a4df3f6f9c406da7.png
d665e5078c4bc4f8d048d6dbb7376acb62f50386895b781e468d7dd5f3f95791,0,data/benign_original/benign/d665e5078c4bc4f8d048d6dbb7376acb62f50386895b781e468d7dd5f3f95791.png
2917e955b6551816aaccf2430ddb73373a1a2b7694e38ecefdc487356440fcac,1,data/malware_images/images/njrat/2917e955b6551816aaccf2430ddb73373a1a2b7694e38ecefdc487356440fcac.png
e25b273f6a972b762edce8d790fb0d9470d96e53692428307ea1838fa2ff09f0,0,data/benign_original/benign/e25b273f6a972b762edce8d790fb0d9470d96e53692428307ea1838fa2ff09f0.png
bc53fb2273a7904c9e958672157c59574ca9f3b3fa274d5e44b9f65680153a1f,0,data/benign_original/benign/bc53fb2273a7904c9e958672157c59574ca9f3b3fa274d5e44b9f65680153a1f.png
96b5ccf8044c42dce6772da871ab5f9f01ccab554e1a3b8832c6397c1bfe9e7d,0,data/benign_original/benign/96b5ccf8044c42dce6772da871ab5f9f01ccab554e1a3b8832c6397c1bfe9e7d.png
25c7fa3c0bf1171d5d0d008658d29002390e223d4ab83970c171979b568ca10d,0,data/benign_original/benign/25c7fa3c0bf1171d5d0d008658d29002390e223d4ab83970c171979b568ca10d.png
d9a39b4ef451806c38101299c7ca8453a4711ce4c629666a0ae8f9cde1b87165,0,data/benign_original/benign/d9a39b4ef451806c38101299c7ca8453a4711ce4c629666a0ae8f9cde1b87165.png
de9bd95d6bc08888bcd16295ef2fbfd8e72020c56b14f72e6d3df90aaa24c84a,0,data/benign_original/benign/de9bd95d6bc08888bcd16295ef2fbfd8e72020c56b14f72e6d3df90aaa24c84a.png
d1d392fb539087017d4c8f7ae341594f350872a61f1547dcda8fd2ac1752c908,0,data/benign_original/benign/d1d392fb539087017d4c8f7ae341594f350872a61f1547dcda8fd2ac1752c908.png
bf59b232d96ddffc5e4a31b8d0ad9773e2b61fd81f728f675d606b23ad3b0142,0,data/benign_original/benign/bf59b232d96ddffc5e4a31b8d0ad9773e2b61fd81f728f675d606b23ad3b0142.png
a467e620334e8f75d3af8b58d1072338248e09aee97a9dadb8273442adfee973,1,data/malware_images/images/njrat/a467e620334e8f75d3af8b58d1072338248e09aee97a9dadb8273442adfee973.png
fbed69a52fdcf571dd37fe4cc63cb86ed3732b5b998807f14968788027c00754,0,data/benign_original/benign/fbed69a52fdcf571dd37fe4cc63cb86ed3732b5b998807f14968788027c00754.png
df02798184c68817c787334806d9158a905c28c40cf9063ab756fa6cc25dcc09,0,data/benign_original/benign/df02798184c68817c787334806d9158a905c28c40cf9063ab756fa6cc25dcc09.png
c3885104cc1f715c81e00695f254be76393af413c3dcdcf7aa975f72e6a7db8e,0,data/benign_original/benign/c3885104cc1f715c81e00695f254be76393af413c3dcdcf7aa975f72e6a7db8e.png
c3e5159ab4582f5bf0468dc1a72a3f66ae350ef2957e1e348ce3548e0f68b28b,0,data/benign_original/benign/c3e5159ab4582f5bf0468dc1a72a3f66ae350ef2957e1e348ce3548e0f68b28b.png
773e9b34287f455a6071c3537b6aa851ad177dbcda9e9acc39cdfb1f1822b859,0,data/benign_original/benign/773e9b34287f455a6071c3537b6aa851ad177dbcda9e9acc39cdfb1f1822b859.png
ea3cc6a37b1b05e0c399c2fbaa55299cecce1f3ce85f67728bf32df2863f15c2,0,data/benign_original/benign/ea3cc6a37b1b05e0c399c2fbaa55299cecce1f3ce85f67728bf32df2863f15c2.png
b498316653944048795ed798dfd45407333fcb5e8948a2913c26ff2a860910cb,0,data/benign_original/benign/b498316653944048795ed798dfd45407333fcb5e8948a2913c26ff2a860910cb.png
b14b7ee883cbff9a8fbf0a7fc0667eea3ce80fd569ccda2caa036c499fa29bcc,0,data/benign_original/benign/b14b7ee883cbff9a8fbf0a7fc0667eea3ce80fd569ccda2caa036c499fa29bcc.png
d333e67190f3eb0ce3ca187771324222964fa978d587fbff9f3f566f4b828f49,1,data/malware_images/images/njrat/d333e67190f3eb0ce3ca187771324222964fa978d587fbff9f3f566f4b828f49.png
dc1e60432407fe4950282e43c7dea922b4abdfe36054863212fccae5f627a44d,0,data/benign_original/benign/dc1e60432407fe4950282e43c7dea922b4abdfe36054863212fccae5f627a44d.png
bb42f8e6709655cc6d7b31ceb96d6b4782cc2ca53f89749896c679e2e0131108,0,data/benign_original/benign/bb42f8e6709655cc6d7b31ceb96d6b4782cc2ca53f89749896c679e2e0131108.png
df0ecedc7d52e4249af3fd9d74c7e8ec5e56c6334042cfdcb7bcfdfb63cab8fa,0,data/benign_original/benign/df0ecedc7d52e4249af3fd9d74c7e8ec5e56c6334042cfdcb7bcfdfb63cab8fa.png
0222aaf048e5bc28f88d03862f133bc444d358f06201e00dcc93422c81e5bcca,0,data/benign_original/benign/0222aaf048e5bc28f88d03862f133bc444d358f06201e00dcc93422c81e5bcca.png
fef1bd8f0d3cffae72f0ee21af87f02124e7acb5714e09249a86fc44d472afb6,0,data/benign_original/benign/fef1bd8f0d3cffae72f0ee21af87f02124e7acb5714e09249a86fc44d472afb6.png
e52a3d0c73ef08a11c55185b1c3872162fe7427534df0e1f7ac23739696ee789,0,data/benign_original/benign/e52a3d0c73ef08a11c55185b1c3872162fe7427534df0e1f7ac23739696ee789.png
bd1672fb56a995cc5f0502bab002b1d315b604058ba699759cd9ad865691ebf8,0,data/benign_original/benign/bd1672fb56a995cc5f0502bab002b1d315b604058ba699759cd9ad865691ebf8.png
9044fcea3ce128a94a4bf0da3dbe1b3eb98fb9c1c73c03e281a1dbd1dd10f685,0,data/benign_original/benign/9044fcea3ce128a94a4bf0da3dbe1b3eb98fb9c1c73c03e281a1dbd1dd10f685.png
0111bddac92a792c7b2ee3ab77642c33df0e01afe737b0d1fa0cbbf331d9572c,0,data/benign_original/benign/0111bddac92a792c7b2ee3ab77642c33df0e01afe737b0d1fa0cbbf331d9572c.png
ee3af1fcd5e02115beeb7c2306148273142d9809fd672a2d07a09076788083bd,0,data/benign_original/benign/ee3af1fcd5e02115beeb7c2306148273142d9809fd672a2d07a09076788083bd.png
45a9da2241c0cd50b647b77d4b6aff35b7b4732de9e6c0458db6f4a360e6da85,0,data/benign_original/benign/45a9da2241c0cd50b647b77d4b6aff35b7b4732de9e6c0458db6f4a360e6da85.png
53fcc304e0345e5af82a2f4cdaf1a7ede1a28f3e577675e31a04ab5123ccba02,1,data/malware_images/images/GuLoader/53fcc304e0345e5af82a2f4cdaf1a7ede1a28f3e577675e31a04ab5123ccba02.png
ee959ec3bc78b08c3789aa0a211915d1b922c51fb1823fc3a273b960c7ddd903,0,data/benign_original/benign/ee959ec3bc78b08c3789aa0a211915d1b922c51fb1823fc3a273b960c7ddd903.png
74c72500841035f639975bc6aa321c4a40e6d2080834d94f522353efe52d79d1,0,data/benign_original/benign/74c72500841035f639975bc6aa321c4a40e6d2080834d94f522353efe52d79d1.png
bce9cb009248874f8bcfe6eea1a77bec253086da9503fdba71d51f35d76ed7d1,0,data/benign_original/benign/bce9cb009248874f8bcfe6eea1a77bec253086da9503fdba71d51f35d76ed7d1.png
f43c4e8e370f2ae207dc08a95f4962e1d1aa4401bf1745db3fe09a079d7eefc4,0,data/benign_original/benign/f43c4e8e370f2ae207dc08a95f4962e1d1aa4401bf1745db3fe09a079d7eefc4.png
dd0951ad341e6ee453d0cc40ee4ff4969848885ea773d7a282a862abf7abf159,0,data/benign_original/benign/dd0951ad341e6ee453d0cc40ee4ff4969848885ea773d7a282a862abf7abf159.png
cee1433d222711bc67b04424da977a27fb9d44ff4bdba7010d3754792612e9cc,0,data/benign_original/benign/cee1433d222711bc67b04424da977a27fb9d44ff4bdba7010d3754792612e9cc.png
04c3fad7c843c2155a69e4a54fcc18324d1b4d366a0868550af02dfdd9186366,0,data/benign_original/benign/04c3fad7c843c2155a69e4a54fcc18324d1b4d366a0868550af02dfdd9186366.png
fdbac28bc9ffd19dd530a8727f2db10f766c55e23accc9fb6d08aab053ef369d,0,data/benign_original/benign/fdbac28bc9ffd19dd530a8727f2db10f766c55e23accc9fb6d08aab053ef369d.png
b817e55d5a518f38c51d941eec017cbd4dab8963ed42aa0c4403ca13e0f03f5a,0,data/benign_original/benign/b817e55d5a518f38c51d941eec017cbd4dab8963ed42aa0c4403ca13e0f03f5a.png
f644ae11fd7f86839e1350f5fffe14cbbbdc7da1790b7c19fa6740daa868867b,0,data/benign_original/benign/f644ae11fd7f86839e1350f5fffe14cbbbdc7da1790b7c19fa6740daa868867b.png
f0596ccffa03b0d9c02060c54ce831238139ae13624231bf99cbd26bd29c6cf6,0,data/benign_original/benign/f0596ccffa03b0d9c02060c54ce831238139ae13624231bf99cbd26bd29c6cf6.png
d899e2f55ffec8c2d5647b83571f08d63e8f0d463d7106157f84ac09c30ab21d,0,data/benign_original/benign/d899e2f55ffec8c2d5647b83571f08d63e8f0d463d7106157f84ac09c30ab21d.png
d985da8d926ca1dbd778dfc7e3ba9774784aeae24de7ae943eb2f8075c439a6c,1,data/malware_images/images/njrat/d985da8d926ca1dbd778dfc7e3ba9774784aeae24de7ae943eb2f8075c439a6c.png
d9e30a5dd9ec0514dd2b1f5cb4a2050458007cd9df374a137214c5c9f3914ac0,1,data/malware_images/images/Trickbot/d9e30a5dd9ec0514dd2b1f5cb4a2050458007cd9df374a137214c5c9f3914ac0.png
bc6c8e3b667828e3deb4e0d89baa5400af680421ab2d2d886880ea3fe704707d,0,data/benign_original/benign/bc6c8e3b667828e3deb4e0d89baa5400af680421ab2d2d886880ea3fe704707d.png
fc396bcd48f8f45f373ed56366e12565512fdea400b8520653775c5c924c8184,0,data/benign_original/benign/fc396bcd48f8f45f373ed56366e12565512fdea400b8520653775c5c924c8184.png
f415188f3ef6088f6ea6259e56b82b056a48b4bd6f03663be72ec1ba120fe0a9,0,data/benign_original/benign/f415188f3ef6088f6ea6259e56b82b056a48b4bd6f03663be72ec1ba120fe0a9.png
ccccd967eaed92d2f76cb57a4e5984ced36fd1337d0b8128b523a8c3c0c7d2ad,0,data/benign_original/benign/ccccd967eaed92d2f76cb57a4e5984ced36fd1337d0b8128b523a8c3c0c7d2ad.png
b9721288bca7fd275eee6ad37234f415421136d64cd9f537b9b02296705d7b78,0,data/benign_original/benign/b9721288bca7fd275eee6ad37234f415421136d64cd9f537b9b02296705d7b78.png
0c2e466eb0cbc9acbb64fda92f81d7b46c29acf300d744d2e88c6373498a835a,0,data/benign_original/benign/0c2e466eb0cbc9acbb64fda92f81d7b46c29acf300d744d2e88c6373498a835a.png
fdebf4aec901dda4c4a9c7ec9c1c732bdeed98cbf180002c997e83fae9729c62,0,data/benign_original/benign/fdebf4aec901dda4c4a9c7ec9c1c732bdeed98cbf180002c997e83fae9729c62.png
d378c2f3aa3a32908110165f727a1b142fcdc1a371169d1ebfc8fc39d91379ed,0,data/benign_original/benign/d378c2f3aa3a32908110165f727a1b142fcdc1a371169d1ebfc8fc39d91379ed.png
33617176a99d601b09d7fd82bad26591cbfe139247471c6904033d9ef1de81e8,0,data/benign_original/benign/33617176a99d601b09d7fd82bad26591cbfe139247471c6904033d9ef1de81e8.png
bba0a97a71cce8e07936ef644b34bfd142fa06bd5a3e00c4affbf0596ceddf46,0,data/benign_original/benign/bba0a97a71cce8e07936ef644b34bfd142fa06bd5a3e00c4affbf0596ceddf46.png
f434bbda5798696a1c99d33b3aba3f59fc83f849a33108f6a2f2badc313ac81e,0,data/benign_original/benign/f434bbda5798696a1c99d33b3aba3f59fc83f849a33108f6a2f2badc313ac81e.png
d60daab9a932b115e2b9bf6d837df59cc318651709e9e212a1bc2ee0df09ba8d,0,data/benign_original/benign/d60daab9a932b115e2b9bf6d837df59cc318651709e9e212a1bc2ee0df09ba8d.png
e0bb86c9fa5d8f8bc6e342b9ecee71bae395b6c34d2f1fb8c443da6b645b4176,0,data/benign_original/benign/e0bb86c9fa5d8f8bc6e342b9ecee71bae395b6c34d2f1fb8c443da6b645b4176.png
d58e0a9609b684b1631da14976eb5c96c06ea3392c7bd64d58250df87866abfa,0,data/benign_original/benign/d58e0a9609b684b1631da14976eb5c96c06ea3392c7bd64d58250df87866abfa.png
c2017488f50cef69a54e655e1c176ca774caee7c83b45cb272b73ae1825a5726,0,data/benign_original/benign/c2017488f50cef69a54e655e1c176ca774caee7c83b45cb272b73ae1825a5726.png
6caffa7c8e508569c7855512c7b36e00df52d13779572dc939e3f39a4948eca3,0,data/benign_original/benign/6caffa7c8e508569c7855512c7b36e00df52d13779572dc939e3f39a4948eca3.png
e38b62c0946b9e4e1446e0f8c6335fc7328eb20cc587e310983f3f6d6571ac5d,0,data/benign_original/benign/e38b62c0946b9e4e1446e0f8c6335fc7328eb20cc587e310983f3f6d6571ac5d.png
dcb5d275f67264d2a6ba2429d46561fe284d3abf1e12c5f600424e0189cfd5d3,0,data/benign_original/benign/dcb5d275f67264d2a6ba2429d46561fe284d3abf1e12c5f600424e0189cfd5d3.png
b70cc7573be235b7229c2cbab5d926984509eb2e644bf9d3da41863c72d625c9,0,data/benign_original/benign/b70cc7573be235b7229c2cbab5d926984509eb2e644bf9d3da41863c72d625c9.png
dc93b7a03d9306c09b747ccb03dad7625dbafec54c38ee34431f1f5594ba8b18,0,data/benign_original/benign/dc93b7a03d9306c09b747ccb03dad7625dbafec54c38ee34431f1f5594ba8b18.png
dc95c82fdae48a838f8001d2683aa3f3c0bb29f2a676a33204542a2316be1c22,0,data/benign_original/benign/dc95c82fdae48a838f8001d2683aa3f3c0bb29f2a676a33204542a2316be1c22.png
d3573e71ea72dd679c0bb999beec47a150495d6876787caa2afe615801e28583,0,data/benign_original/benign/d3573e71ea72dd679c0bb999beec47a150495d6876787caa2afe615801e28583.png
d52a0a1bae1f4540f055a1f9c411f4ea2af80a03c725de54f1a1e2b0af683aa9,0,data/benign_original/benign/d52a0a1bae1f4540f055a1f9c411f4ea2af80a03c725de54f1a1e2b0af683aa9.png
b1b60c0e65dfa1fabe469e4c1c8926b9e5849d8246d09ca4c252f5e6c3cd14b1,0,data/benign_original/benign/b1b60c0e65dfa1fabe469e4c1c8926b9e5849d8246d09ca4c252f5e6c3cd14b1.png
e441f53c525af44ce777d64c9b06a83c1c8955ea8230abf579ffd4a0a8926b09,0,data/benign_original/benign/e441f53c525af44ce777d64c9b06a83c1c8955ea8230abf579ffd4a0a8926b09.png
97b08f4f60ee8f1c92e4a54035c365b3951809dcf3a86fb23167a36d9aa53015,1,data/malware_images/images/Gozi/97b08f4f60ee8f1c92e4a54035c365b3951809dcf3a86fb23167a36d9aa53015.png
e8804299dd64f1a82fc24a49e2e642f6015c5f2d2a94d61b1ba26777579c36e7,0,data/benign_original/benign/e8804299dd64f1a82fc24a49e2e642f6015c5f2d2a94d61b1ba26777579c36e7.png
d6fc20054a3e653131e2d8f62759ac1516715efeb7fadbbeca11bf60c4c98ebe,0,data/benign_original/benign/d6fc20054a3e653131e2d8f62759ac1516715efeb7fadbbeca11bf60c4c98ebe.png
a9e0729527f5db3a12dd4178a6d1236fe6d6fbebc092b8eb21a42942a619ff99,1,data/malware_images/images/njrat/a9e0729527f5db3a12dd4178a6d1236fe6d6fbebc092b8eb21a42942a619ff99.png
e1e077e2c8e44002d5101d275c8f3c337b328d8a7edf8c62b7008ecb11b3964c,0,data/benign_original/benign/e1e077e2c8e44002d5101d275c8f3c337b328d8a7edf8c62b7008ecb11b3964c.png
b8afe2430ae75c9c851910a4d4e0443da1d86400b797c014432682da19cce6a2,0,data/benign_original/benign/b8afe2430ae75c9c851910a4d4e0443da1d86400b797c014432682da19cce6a2.png
c457ba36891aa3a5563c7bee0f7abe8eebf0ed61d8f7bc3ec1e04ae079afdc52,0,data/benign_original/benign/c457ba36891aa3a5563c7bee0f7abe8eebf0ed61d8f7bc3ec1e04ae079afdc52.png
caf35844c5dd611016ca82753e73d05f54501e844c365a5449cb00706108e14d,0,data/benign_original/benign/caf35844c5dd611016ca82753e73d05f54501e844c365a5449cb00706108e14d.png
e0b6c41768163fb36842cd84c8eb2b9288fb62ea28d8e907b6731388d8c754b1,0,data/benign_original/benign/e0b6c41768163fb36842cd84c8eb2b9288fb62ea28d8e907b6731388d8c754b1.png
b63941073470f3760ce8fea11d1ebe8156d75285a5fc2638f5b7ff36ac9dd83e,0,data/benign_original/benign/b63941073470f3760ce8fea11d1ebe8156d75285a5fc2638f5b7ff36ac9dd83e.png
c10a01e7fa4f2ab44767c48b5b05cc285c7ffb242f5355d2e276e41ce26f0db8,0,data/benign_original/benign/c10a01e7fa4f2ab44767c48b5b05cc285c7ffb242f5355d2e276e41ce26f0db8.png
b2a23c2c654e6360aef48616e96259aa81a2dcd609aa8878249b162480adc675,0,data/benign_original/benign/b2a23c2c654e6360aef48616e96259aa81a2dcd609aa8878249b162480adc675.png
e1ca92f167958bdb38c70cd2dbc53303873db01cb6220eb7d4eda5ec46e7e831,0,data/benign_original/benign/e1ca92f167958bdb38c70cd2dbc53303873db01cb6220eb7d4eda5ec46e7e831.png
d6d66925ebd737bc824791522a6fbca4143bccc4a077070645438cf19c4dfdd1,0,data/benign_original/benign/d6d66925ebd737bc824791522a6fbca4143bccc4a077070645438cf19c4dfdd1.png
ecdbbb7acfdbfac8e5461847ddb976d30b86eb38a382d6137e9bf8c5e254905b,0,data/benign_original/benign/ecdbbb7acfdbfac8e5461847ddb976d30b86eb38a382d6137e9bf8c5e254905b.png
3e728b4377bd8efecaf613b11693a98b7b0560f499123d086a10ca782c73b2e8,0,data/benign_original/benign/3e728b4377bd8efecaf613b11693a98b7b0560f499123d086a10ca782c73b2e8.png
ccbfa844d26eaa160c0b046281297072949810dec35067641d29d57c0b3c8acb,0,data/benign_original/benign/ccbfa844d26eaa160c0b046281297072949810dec35067641d29d57c0b3c8acb.png
dc4700667c8e5f28209b5dde7b26136c25a136243583a7e71262273801a6550a,0,data/benign_original/benign/dc4700667c8e5f28209b5dde7b26136c25a136243583a7e71262273801a6550a.png
ce8c541f41a9305c3eeab332b8bfbe1f3c240991900fd8b543ee7cb3f0d14264,0,data/benign_original/benign/ce8c541f41a9305c3eeab332b8bfbe1f3c240991900fd8b543ee7cb3f0d14264.png
b5397d7c74b977b31a1a8857f7cd8b5729762bed37aaeeb394547a6e6e9c2c7f,0,data/benign_original/benign/b5397d7c74b977b31a1a8857f7cd8b5729762bed37aaeeb394547a6e6e9c2c7f.png
5c24039a31eadd213eb3ee1376702d9941a734ce27eba6490ae352c0fda2a67e,0,data/benign_original/benign/5c24039a31eadd213eb3ee1376702d9941a734ce27eba6490ae352c0fda2a67e.png
c7ac5f99f241b39369e98c7d11c3ed9c97eb6b77f4cebf44acecf5f99b1fc8b9,0,data/benign_original/benign/c7ac5f99f241b39369e98c7d11c3ed9c97eb6b77f4cebf44acecf5f99b1fc8b9.png
c7d8a5d9303843d1434a88569622a7777715b3f505e4fa277980f5d697e45aa7,0,data/benign_original/benign/c7d8a5d9303843d1434a88569622a7777715b3f505e4fa277980f5d697e45aa7.png
ec2f973fed4f820a728e84f444c445b851972ee0c408d3635829dedb9ce9993a,0,data/benign_original/benign/ec2f973fed4f820a728e84f444c445b851972ee0c408d3635829dedb9ce9993a.png
e39d6957eac22f2db5e6476f57c18c82061951bcd5795067d3a55a53b4b7f510,0,data/benign_original/benign/e39d6957eac22f2db5e6476f57c18c82061951bcd5795067d3a55a53b4b7f510.png
126e62d77fe8993a9dc15bfb6b821a474eb2ca30195336521fb9d9caf43f9b9f,0,data/benign_original/benign/126e62d77fe8993a9dc15bfb6b821a474eb2ca30195336521fb9d9caf43f9b9f.png
ca4f8e65c536abc5b47a23d191d41d6d7c4abb78934ef57c9d9a5a94227f197c,0,data/benign_original/benign/ca4f8e65c536abc5b47a23d191d41d6d7c4abb78934ef57c9d9a5a94227f197c.png
317bad4e1c85573a0ed69433dc4be1055d61adfba88b18fbdd2289d64183fa6c,0,data/benign_original/benign/317bad4e1c85573a0ed69433dc4be1055d61adfba88b18fbdd2289d64183fa6c.png
f20114f83a3673969eb7e93bf9417be84c121bf28b95ca4a3d0380174e87c5d0,0,data/benign_original/benign/f20114f83a3673969eb7e93bf9417be84c121bf28b95ca4a3d0380174e87c5d0.png
df674ceb69ffeb8449181fddaaa7e28eea106cd8e60008189f3e2368e7483b30,0,data/benign_original/benign/df674ceb69ffeb8449181fddaaa7e28eea106cd8e60008189f3e2368e7483b30.png
c503b793ac142a050724cd3bda62b15424f660c64e04baa0c1dbdfd429b53b1e,0,data/benign_original/benign/c503b793ac142a050724cd3bda62b15424f660c64e04baa0c1dbdfd429b53b1e.png
cf5e2c3a83f5d0f7e59a23b2fa5eb1993efa4ec6f33892e0789ace0da1b4aaf4,0,data/benign_original/benign/cf5e2c3a83f5d0f7e59a23b2fa5eb1993efa4ec6f33892e0789ace0da1b4aaf4.png
1fa3bb9680b457aa11bfed328171172a477813b281f78b43243f9dc3c6afdeba,0,data/benign_original/benign/1fa3bb9680b457aa11bfed328171172a477813b281f78b43243f9dc3c6afdeba.png
d5b05439e20498260e5ce97d9e3d1e790d48909048cbd0c2e421edca802227b9,0,data/benign_original/benign/d5b05439e20498260e5ce97d9e3d1e790d48909048cbd0c2e421edca802227b9.png
c81d2ba041084b44f12a9c656de61fcbdd581ab71216b21a406cd4bd7114b9ec,0,data/benign_original/benign/c81d2ba041084b44f12a9c656de61fcbdd581ab71216b21a406cd4bd7114b9ec.png
f93defac454d8922f8fedba8ec297134f05412879c6645c2ca71100257b6f4ab,0,data/benign_original/benign/f93defac454d8922f8fedba8ec297134f05412879c6645c2ca71100257b6f4ab.png
be3d8e637b588fccc426c73b4cf2ce9abadce7fbfea88c5c1823dad1ec3badd8,0,data/benign_original/benign/be3d8e637b588fccc426c73b4cf2ce9abadce7fbfea88c5c1823dad1ec3badd8.png
c46c871945d5e76481a65b03e9ddd5dda1d6d802752df55cbd58ed079e2c963b,0,data/benign_original/benign/c46c871945d5e76481a65b03e9ddd5dda1d6d802752df55cbd58ed079e2c963b.png
ddafe2b6ff85f116dabc073ad10808015134859eb1138424c18f7d47cd53d12c,0,data/benign_original/benign/ddafe2b6ff85f116dabc073ad10808015134859eb1138424c18f7d47cd53d12c.png
e586f38cb2817ea190264e0bcee65909e76207cb025a9cc9843f57a2cb221135,0,data/benign_original/benign/e586f38cb2817ea190264e0bcee65909e76207cb025a9cc9843f57a2cb221135.png
b2530ebd731ec5ab3eba726e7225d67e8086b4b5f428d689c5d5e2b571788996,0,data/benign_original/benign/b2530ebd731ec5ab3eba726e7225d67e8086b4b5f428d689c5d5e2b571788996.png
c8d713330d11c7d092a4651133e22ac77c68cc8d89bea576b1d34f7e20dd68f0,0,data/benign_original/benign/c8d713330d11c7d092a4651133e22ac77c68cc8d89bea576b1d34f7e20dd68f0.png
dfbc5b7983de8ea77c2eaee6b821132699737755b27007c6f932ac673a6a1ea8,1,data/malware_images/images/Gozi/dfbc5b7983de8ea77c2eaee6b821132699737755b27007c6f932ac673a6a1ea8.png
d155a7d8946d043d652381e55b7a5d58a8f115affa83618ad56e818030b272d2,0,data/benign_original/benign/d155a7d8946d043d652381e55b7a5d58a8f115affa83618ad56e818030b272d2.png
d3d81d73dafe8f4416dcdef8e953026952c048fea3020d196260b33e693d85e1,0,data/benign_original/benign/d3d81d73dafe8f4416dcdef8e953026952c048fea3020d196260b33e693d85e1.png
fbcdddc39b86052214a80a7d5bd2698dba8cb325565f70e6993eff62f95e32e3,0,data/benign_original/benign/fbcdddc39b86052214a80a7d5bd2698dba8cb325565f70e6993eff62f95e32e3.png
b6b67b2c4cc579ddb021ffc4b3aad234602fc1835c86c6a6191d90de14d010e7,0,data/benign_original/benign/b6b67b2c4cc579ddb021ffc4b3aad234602fc1835c86c6a6191d90de14d010e7.png
79b6505e3f34c77c410dd753d8acc424fcf93fd6c6f6bc630045be5f40510e67,0,data/benign_original/benign/79b6505e3f34c77c410dd753d8acc424fcf93fd6c6f6bc630045be5f40510e67.png
eb2e970ce9d555ad8c44986d57ed78400e6de1274fee649421814398b2c89c95,0,data/benign_original/benign/eb2e970ce9d555ad8c44986d57ed78400e6de1274fee649421814398b2c89c95.png
413313e7920c29dc1219593edd2c4f8d5374f4cbcbae43ea61d6a3948c8de779,0,data/benign_original/benign/413313e7920c29dc1219593edd2c4f8d5374f4cbcbae43ea61d6a3948c8de779.png
ff06e68738cbc73b28c95cd2b67d54d37da572e7f1cad3cb731ef35dc76128fa,0,data/benign_original/benign/ff06e68738cbc73b28c95cd2b67d54d37da572e7f1cad3cb731ef35dc76128fa.png
bde0955f2179ff9d968c5580e9be571ffd33c40fbc02c56a15240aef634a8959,0,data/benign_original/benign/bde0955f2179ff9d968c5580e9be571ffd33c40fbc02c56a15240aef634a8959.png
8d4a19f6f6bea669bd04e5934f483d03a538dccc070a05269a8375315ae01562,1,data/malware_images/images/IcedID/8d4a19f6f6bea669bd04e5934f483d03a538dccc070a05269a8375315ae01562.png
c5cd5aaba3b5c7c564ea6280db648e37181dd6f403ef80a2d5c3780ae71f3b1e,0,data/benign_original/benign/c5cd5aaba3b5c7c564ea6280db648e37181dd6f403ef80a2d5c3780ae71f3b1e.png
d0cf66374f2015dd6309c26264fdcf69bf01a32b7f9269d15e33ff21c2568fef,0,data/benign_original/benign/d0cf66374f2015dd6309c26264fdcf69bf01a32b7f9269d15e33ff21c2568fef.png
f7f2e96677e569c712daf4a24769682394895625657d5719bfb1aa5ab3820faf,0,data/benign_original/benign/f7f2e96677e569c712daf4a24769682394895625657d5719bfb1aa5ab3820faf.png
f7ec569672caa19720540b32019a7998ce0362ccda29a1a44d20a72bfdaf17f3,0,data/benign_original/benign/f7ec569672caa19720540b32019a7998ce0362ccda29a1a44d20a72bfdaf17f3.png
b16a75adce8c335ee16b85b9a98307221466710457bf9e60865da91a2798e0fe,0,data/benign_original/benign/b16a75adce8c335ee16b85b9a98307221466710457bf9e60865da91a2798e0fe.png
f14431824c13d5a4c8091cd4b8774f353a17d42927c9944260652c223ea76a61,0,data/benign_original/benign/f14431824c13d5a4c8091cd4b8774f353a17d42927c9944260652c223ea76a61.png
b17caf4e860deeb9d2625934b9e7eba83e87ef9854875071f54ef91c09c60b87,0,data/benign_original/benign/b17caf4e860deeb9d2625934b9e7eba83e87ef9854875071f54ef91c09c60b87.png
b64c3d40a8b368e6b039d3ffed329de8aacc9e53e7a60718a439ba489d657447,0,data/benign_original/benign/b64c3d40a8b368e6b039d3ffed329de8aacc9e53e7a60718a439ba489d657447.png
bd9f1cba5227ce072092f754ded89e2c1de903bc9bf574f8ce31de85489e40c1,0,data/benign_original/benign/bd9f1cba5227ce072092f754ded89e2c1de903bc9bf574f8ce31de85489e40c1.png
9e370fedbdcbd4645683566bd48dba0d4fbc009db7e661e6a6515d174faa8aed,0,data/benign_original/benign/9e370fedbdcbd4645683566bd48dba0d4fbc009db7e661e6a6515d174faa8aed.png
ce041529e696aeeceadaa0ccc144ee5b857cea38d83a9282a2804c4a04285b05,0,data/benign_original/benign/ce041529e696aeeceadaa0ccc144ee5b857cea38d83a9282a2804c4a04285b05.png
e5cb0ce4ddd9d0e8472de5338ae184d67169fc567b5dd5232b85f6658d501b57,0,data/benign_original/benign/e5cb0ce4ddd9d0e8472de5338ae184d67169fc567b5dd5232b85f6658d501b57.png
f940989914449c633272230a78c83fa587844971075734d6f10644aa5a354dcb,0,data/benign_original/benign/f940989914449c633272230a78c83fa587844971075734d6f10644aa5a354dcb.png
c1b83327c254b4821392efa1c770029b841fdd2b741545cbf1f9dac0f273473c,0,data/benign_original/benign/c1b83327c254b4821392efa1c770029b841fdd2b741545cbf1f9dac0f273473c.png
b73c6e059cde33e7ef2f6695ed2c105ab05f9bf8405dcc7e017d26aacda8d432,0,data/benign_original/benign/b73c6e059cde33e7ef2f6695ed2c105ab05f9bf8405dcc7e017d26aacda8d432.png
ee395a849b4a503be049f81ba5d4e77e3e21a455f1abbacbca90898a42a88c5b,0,data/benign_original/benign/ee395a849b4a503be049f81ba5d4e77e3e21a455f1abbacbca90898a42a88c5b.png
551a6250ab06a2a6144691bf47bce3439a52377c3dcfc3a192a11c49ce5de8ee,0,data/benign_original/benign/551a6250ab06a2a6144691bf47bce3439a52377c3dcfc3a192a11c49ce5de8ee.png
f40c973f1109c7419f2ae8e42c4477aceea1f35ea8bf61f9c6a6232f7dddd1ea,0,data/benign_original/benign/f40c973f1109c7419f2ae8e42c4477aceea1f35ea8bf61f9c6a6232f7dddd1ea.png
2debeb3bd8ee05e342aec360134d65f6f3e637145ebc001f243e21e58d8503f2,0,data/benign_original/benign/2debeb3bd8ee05e342aec360134d65f6f3e637145ebc001f243e21e58d8503f2.png
26787b2c10612e6e7c1f8ae798ff42a39a441f5cf32593c7c5c7922fa008d528,0,data/benign_original/benign/26787b2c10612e6e7c1f8ae798ff42a39a441f5cf32593c7c5c7922fa008d528.png
e8d12cb041d14fc174e841ff2d568de40d6b65bfbd57deb78b778bda8dbbfb78,0,data/benign_original/benign/e8d12cb041d14fc174e841ff2d568de40d6b65bfbd57deb78b778bda8dbbfb78.png
fbba0c95a318e9c7f37915f2fc273321a668e668696e821cab1b013ad8fe496b,0,data/benign_original/benign/fbba0c95a318e9c7f37915f2fc273321a668e668696e821cab1b013ad8fe496b.png
056e24e00506fa02bfc4fc447fa1a27480f96cc8cf125815f4f39361250812e5,0,data/benign_original/benign/056e24e00506fa02bfc4fc447fa1a27480f96cc8cf125815f4f39361250812e5.png
de0f7eda12da18919cf045bdb8de6c5dcf8b8be67262009bbfef26bc5f2bff2c,0,data/benign_original/benign/de0f7eda12da18919cf045bdb8de6c5dcf8b8be67262009bbfef26bc5f2bff2c.png
def46aa6a8f72f27bafac0c43334419486a4d1dcdb6c479a8ef7034b3e1fa4cb,0,data/benign_original/benign/def46aa6a8f72f27bafac0c43334419486a4d1dcdb6c479a8ef7034b3e1fa4cb.png
c7c9b7587fd62715f784203f9de513e4fdba9f66940631cca2c1bb9594335e46,0,data/benign_original/benign/c7c9b7587fd62715f784203f9de513e4fdba9f66940631cca2c1bb9594335e46.png
d44d8027bb013789648f741501597a0ed024c2aed558799107e933ed1ad0eb88,0,data/benign_original/benign/d44d8027bb013789648f741501597a0ed024c2aed558799107e933ed1ad0eb88.png
dd319dac57f8ce7a4ca31cfaf8324ad37020f7889ab6b7c1151b5566fe76aa99,0,data/benign_original/benign/dd319dac57f8ce7a4ca31cfaf8324ad37020f7889ab6b7c1151b5566fe76aa99.png
ba1a4ae1f2155524be33ae4addcc907881d1b4e64c4a8090f4f77d1ad1e87cd0,1,data/malware_images/images/Gozi/ba1a4ae1f2155524be33ae4addcc907881d1b4e64c4a8090f4f77d1ad1e87cd0.png
fdb824ef08ce26ac90261fa1360859e8aaa9e355604af61ef71d8cefe27092fa,0,data/benign_original/benign/fdb824ef08ce26ac90261fa1360859e8aaa9e355604af61ef71d8cefe27092fa.png
de0bcae9cd335ee410c4f630eb2b2aae99e0becb6724b687a275332cdf7ab061,0,data/benign_original/benign/de0bcae9cd335ee410c4f630eb2b2aae99e0becb6724b687a275332cdf7ab061.png
be939d82fb1676fdeb6060916e18daf0577b3ec8552ee9a7641c2badb8686a47,1,data/malware_images/images/IcedID/be939d82fb1676fdeb6060916e18daf0577b3ec8552ee9a7641c2badb8686a47.png
b8bb2badff1dec2680e9a3bda473c30c42ab2db9ea9be1280619ea917d4b012e,0,data/benign_original/benign/b8bb2badff1dec2680e9a3bda473c30c42ab2db9ea9be1280619ea917d4b012e.png
bb9226eaa7def662a76cee3020e244ee687879dad9b5e717a9d271866b361ec7,0,data/benign_original/benign/bb9226eaa7def662a76cee3020e244ee687879dad9b5e717a9d271866b361ec7.png
ee78941a45c8c6c5d24317e2f216dcc5f2c19f8c86626fafc9331130425f7fc2,0,data/benign_original/benign/ee78941a45c8c6c5d24317e2f216dcc5f2c19f8c86626fafc9331130425f7fc2.png
fa246ac435a36fd7affc70dbc3410a75e8efdfe216af1cb0e243abe00ccd0876,0,data/benign_original/benign/fa246ac435a36fd7affc70dbc3410a75e8efdfe216af1cb0e243abe00ccd0876.png
b0d5c1adad6cf39863705d09c8b4b79e8fe7fea36f91809fde03d0a7fcb777d4,0,data/benign_original/benign/b0d5c1adad6cf39863705d09c8b4b79e8fe7fea36f91809fde03d0a7fcb777d4.png
b83e2c719ac2ba4e66ac04e5f0f7e0f3e764ce35373abc0175af64ebd7ad277b,0,data/benign_original/benign/b83e2c719ac2ba4e66ac04e5f0f7e0f3e764ce35373abc0175af64ebd7ad277b.png
df1f22cc634826085eedbef5bf8e106493c821c9362baf6a3e4880878c9ae780,0,data/benign_original/benign/df1f22cc634826085eedbef5bf8e106493c821c9362baf6a3e4880878c9ae780.png
e0b735ab6d8d6658313e07a29a68b6650a7fd00bff71cddc862144c07b932bb1,0,data/benign_original/benign/e0b735ab6d8d6658313e07a29a68b6650a7fd00bff71cddc862144c07b932bb1.png
c30861e2732892833f683ebcbc94c337b7802265e05b446e4cd86af84009990c,0,data/benign_original/benign/c30861e2732892833f683ebcbc94c337b7802265e05b446e4cd86af84009990c.png
e74da7df6308f426136c723da59bd4f856b7e7fa42081d03b881756360867062,0,data/benign_original/benign/e74da7df6308f426136c723da59bd4f856b7e7fa42081d03b881756360867062.png
d3bad7995b998f2c95dbb33020a198ef5a248825321032f051619f353d46182b,0,data/benign_original/benign/d3bad7995b998f2c95dbb33020a198ef5a248825321032f051619f353d46182b.png
b01bfe8ab2002184ecbdbd338b112ad400fa83c4519dc499902bb9d0ad389013,0,data/benign_original/benign/b01bfe8ab2002184ecbdbd338b112ad400fa83c4519dc499902bb9d0ad389013.png
d07f215ac915335706ca115def0ae284a121d8fe8d0d858cddec6a87eabe6491,0,data/benign_original/benign/d07f215ac915335706ca115def0ae284a121d8fe8d0d858cddec6a87eabe6491.png
e3106257a6ee7b4055e9ab416a99d2dccdf82e3dc8b051d03574f4a2564c6960,0,data/benign_original/benign/e3106257a6ee7b4055e9ab416a99d2dccdf82e3dc8b051d03574f4a2564c6960.png
d066f01806aebbcab980104ae4177546654ef5a71f51a36f6ac19170a31cb085,0,data/benign_original/benign/d066f01806aebbcab980104ae4177546654ef5a71f51a36f6ac19170a31cb085.png
b71078212178c175224ceb61ce2b0f8eec58daac891f5795b1dde099577acef3,0,data/benign_original/benign/b71078212178c175224ceb61ce2b0f8eec58daac891f5795b1dde099577acef3.png
e86524c9945a4fccc1adeb3032385d721efc1d9283f6ef45b9f4dc1bea8a1684,0,data/benign_original/benign/e86524c9945a4fccc1adeb3032385d721efc1d9283f6ef45b9f4dc1bea8a1684.png
b92b2fe1fece9881e77ef707761f16b22c9e537f898839a31029686c9866c6ee,0,data/benign_original/benign/b92b2fe1fece9881e77ef707761f16b22c9e537f898839a31029686c9866c6ee.png
e624e805681e0e83d29379245ac29c10a7ba4e6b57358392176cdad7d190a84d,0,data/benign_original/benign/e624e805681e0e83d29379245ac29c10a7ba4e6b57358392176cdad7d190a84d.png
c1dd32f3262a6cc00187cd203806cc926ff92ac0ba5c3c35ddc6ebd4c0760319,0,data/benign_original/benign/c1dd32f3262a6cc00187cd203806cc926ff92ac0ba5c3c35ddc6ebd4c0760319.png
d9073415a4b1d9a6633a5debeecde39ac70be527379ea42deadfc12ef65e9836,0,data/benign_original/benign/d9073415a4b1d9a6633a5debeecde39ac70be527379ea42deadfc12ef65e9836.png
b24b0081430615ffa8993929656fb3efe2450fe6862f6b6a77280d185e6757ad,0,data/benign_original/benign/b24b0081430615ffa8993929656fb3efe2450fe6862f6b6a77280d185e6757ad.png
fece46c0095aa6649b0fabd45deed94f6a77b73ca27d12c00c478ee9d4ccd2f8,0,data/benign_original/benign/fece46c0095aa6649b0fabd45deed94f6a77b73ca27d12c00c478ee9d4ccd2f8.png
c4ea0e0f9d226ebff668b860a1fa06e82476d1b8eff9521c241ad6eb229b1147,0,data/benign_original/benign/c4ea0e0f9d226ebff668b860a1fa06e82476d1b8eff9521c241ad6eb229b1147.png
c15f7f06269e917ddbf617c91d99e0d565b0e7f23bedbbddc1e6934fdf831c1c,0,data/benign_original/benign/c15f7f06269e917ddbf617c91d99e0d565b0e7f23bedbbddc1e6934fdf831c1c.png
de8739128d9b95452d748fa1ff0f12fc712026e45a22008289def28097f24e43,0,data/benign_original/benign/de8739128d9b95452d748fa1ff0f12fc712026e45a22008289def28097f24e43.png
dd55a5cb37b149a67dbf587afdc003040d8e47f41a907f6aef0ce12f25c9357b,0,data/benign_original/benign/dd55a5cb37b149a67dbf587afdc003040d8e47f41a907f6aef0ce12f25c9357b.png
dec2f291a52537a0bad36388b357f47da08ed1bd365cb801ca5c742d102316c6,0,data/benign_original/benign/dec2f291a52537a0bad36388b357f47da08ed1bd365cb801ca5c742d102316c6.png
fecab3565dc3d5e7c25ec8711d0fe3a0c6a7c84e45de535fb286709d3483a971,0,data/benign_original/benign/fecab3565dc3d5e7c25ec8711d0fe3a0c6a7c84e45de535fb286709d3483a971.png
bfda5278b7d5f5330f543edd7b5a2129bb5ec022a5e821d96948890e554aa622,0,data/benign_original/benign/bfda5278b7d5f5330f543edd7b5a2129bb5ec022a5e821d96948890e554aa622.png
becadaa1d7471d428c61270ff0a71b851f9d2598ccb4a8921b1ebcdc9985c659,0,data/benign_original/benign/becadaa1d7471d428c61270ff0a71b851f9d2598ccb4a8921b1ebcdc9985c659.png
f9367a72cfcc07fa7871b56f3786bc63b24a200ba29ca5faf941c03d0b0bcc03,0,data/benign_original/benign/f9367a72cfcc07fa7871b56f3786bc63b24a200ba29ca5faf941c03d0b0bcc03.png
c1414ad864b901abd3017c3455332a9c898cbe506a1c70c730a62d92d51cf9f7,0,data/benign_original/benign/c1414ad864b901abd3017c3455332a9c898cbe506a1c70c730a62d92d51cf9f7.png
d4ddf91c1c5a1b9b0863801ba8d6321de703a293e9ea523c7bd534429583eb55,0,data/benign_original/benign/d4ddf91c1c5a1b9b0863801ba8d6321de703a293e9ea523c7bd534429583eb55.png
d1af17d8ba493f936d14b588fb057311f972428721521fa9ec9aa9658f44e70d,0,data/benign_original/benign/d1af17d8ba493f936d14b588fb057311f972428721521fa9ec9aa9658f44e70d.png
e96e8f97649f0b93ec34683ed0d8428b2208c890cbc98faa530ae3abde33e66b,0,data/benign_original/benign/e96e8f97649f0b93ec34683ed0d8428b2208c890cbc98faa530ae3abde33e66b.png
c325f5ae2660dd57d6ee92dccc91d6e46fc13875dfbe4e006de6bd1236cae146,0,data/benign_original/benign/c325f5ae2660dd57d6ee92dccc91d6e46fc13875dfbe4e006de6bd1236cae146.png
e5db0c74e8b9848211168f976391a44384d91c4ea89d16a3632753bef7d50fbe,0,data/benign_original/benign/e5db0c74e8b9848211168f976391a44384d91c4ea89d16a3632753bef7d50fbe.png
c341174f86d7fb665403d8581d8f3cc74bd98ed529bb957075c1882c4a9c6244,0,data/benign_original/benign/c341174f86d7fb665403d8581d8f3cc74bd98ed529bb957075c1882c4a9c6244.png
cfdf26e23db7105c6ac8080d5a8cbecef4440216573bd464bc2bdf7ba47d4b51,0,data/benign_original/benign/cfdf26e23db7105c6ac8080d5a8cbecef4440216573bd464bc2bdf7ba47d4b51.png
e6d77e80e058a29c942f845b8036c1fcbef9854c447575454c13b65f78614156,0,data/benign_original/benign/e6d77e80e058a29c942f845b8036c1fcbef9854c447575454c13b65f78614156.png
bfc4890087c01f629fa09e744e5a861f9f68b504100cbcf805855fa5906d61c7,0,data/benign_original/benign/bfc4890087c01f629fa09e744e5a861f9f68b504100cbcf805855fa5906d61c7.png
bdcc23f4adea6cd81ed4b307526e68fc1bf5a6e688a611df79aeac821b40cffe,0,data/benign_original/benign/bdcc23f4adea6cd81ed4b307526e68fc1bf5a6e688a611df79aeac821b40cffe.png
89f4d2249c33ef790f3ff03130161fddc3d4059bb7ae41e662014bd43f0f2106,0,data/benign_original/benign/89f4d2249c33ef790f3ff03130161fddc3d4059bb7ae41e662014bd43f0f2106.png
c6d17efae2d5c6fbd3786b099ecdbba355c63ea165e26e6850d6ffd853e409ed,0,data/benign_original/benign/c6d17efae2d5c6fbd3786b099ecdbba355c63ea165e26e6850d6ffd853e409ed.png
db97938928141c764433d5f068fd51e9a9fe50a77b654cdadb4888b3cfbb2a08,0,data/benign_original/benign/db97938928141c764433d5f068fd51e9a9fe50a77b654cdadb4888b3cfbb2a08.png
de38ace1b8c3646b61a3c6ef18e6b6aba428e049f0b25b4d301d00cd928d1b44,0,data/benign_original/benign/de38ace1b8c3646b61a3c6ef18e6b6aba428e049f0b25b4d301d00cd928d1b44.png
ffcb095f6ffc77fc3362020fcc25291148d7a59999dc0ff99f6af1a88ca270f0,0,data/benign_original/benign/ffcb095f6ffc77fc3362020fcc25291148d7a59999dc0ff99f6af1a88ca270f0.png
fcff7dc0dc2a5c80d851fc2bffa1933d4bc3cb75ce47da59a5096941f898a8fe,0,data/benign_original/benign/fcff7dc0dc2a5c80d851fc2bffa1933d4bc3cb75ce47da59a5096941f898a8fe.png
ac91ee90e062cbc0e567362739b2c16de48e16accac7a31bf0c9d2ae42be4a5a,0,data/benign_original/benign/ac91ee90e062cbc0e567362739b2c16de48e16accac7a31bf0c9d2ae42be4a5a.png
782594ad768b6b36da400e33b9251dbf88b3eb7c3037292259409643191527b0,0,data/benign_original/benign/782594ad768b6b36da400e33b9251dbf88b3eb7c3037292259409643191527b0.png
dedff7bc971be481829b47f38f082b63895ef8da7538de49b333caf0275f1869,0,data/benign_original/benign/dedff7bc971be481829b47f38f082b63895ef8da7538de49b333caf0275f1869.png
e2a917245b738b1427fcdad8859981e9d0061c80e4183f385563d85c36df41c9,0,data/benign_original/benign/e2a917245b738b1427fcdad8859981e9d0061c80e4183f385563d85c36df41c9.png
f8d69d40deecb522a2524722cf588b8daf9ccd148021c4c8748148d6a1386779,0,data/benign_original/benign/f8d69d40deecb522a2524722cf588b8daf9ccd148021c4c8748148d6a1386779.png
cab66576fb3f8f8750ee98a261688984e053fc0142b2b6d5cd310b68d40bed6e,0,data/benign_original/benign/cab66576fb3f8f8750ee98a261688984e053fc0142b2b6d5cd310b68d40bed6e.png
c5d696b634635faddf8cef5151199e6a6ab726c780897cc6a43e99be80630202,0,data/benign_original/benign/c5d696b634635faddf8cef5151199e6a6ab726c780897cc6a43e99be80630202.png
d1ff3666917b6a8aa0c14add378c9c6477104f369c6118ed932a55d3c8e179ba,0,data/benign_original/benign/d1ff3666917b6a8aa0c14add378c9c6477104f369c6118ed932a55d3c8e179ba.png
cb2ad1778120b137f598e46b101bebe7f3fb37bdef109434256386584f28bd27,0,data/benign_original/benign/cb2ad1778120b137f598e46b101bebe7f3fb37bdef109434256386584f28bd27.png
d84ad4824d14eefe3212fbbb712ad44932f8fe5ab424b0af13660e45f0dabcb4,0,data/benign_original/benign/d84ad4824d14eefe3212fbbb712ad44932f8fe5ab424b0af13660e45f0dabcb4.png
c913edbd99eb9b97eeda4439ffa5f2a7422863c6033cce17f5143b01475666e9,0,data/benign_original/benign/c913edbd99eb9b97eeda4439ffa5f2a7422863c6033cce17f5143b01475666e9.png
fb43e4632e4f1d4a727863cc0d16b3f0374522998ab309a6c6f72f6f4a22f5aa,0,data/benign_original/benign/fb43e4632e4f1d4a727863cc0d16b3f0374522998ab309a6c6f72f6f4a22f5aa.png
e72863f75a5adb5697158f16b00369ad3a95710235647626675a5c070f10ecd9,0,data/benign_original/benign/e72863f75a5adb5697158f16b00369ad3a95710235647626675a5c070f10ecd9.png
afa39077402be3d7f5501989f6331d9364b5810f3199f567d4b4f4c755ac2fea,0,data/benign_original/benign/afa39077402be3d7f5501989f6331d9364b5810f3199f567d4b4f4c755ac2fea.png
f051cd539eccc1cdaad65b3340f64a223bb3352d8f8013e363d532996568c3b0,0,data/benign_original/benign/f051cd539eccc1cdaad65b3340f64a223bb3352d8f8013e363d532996568c3b0.png
ea7486b4425a87fddd60542aaf0812a8db868f569886b894883702b362a05d2c,0,data/benign_original/benign/ea7486b4425a87fddd60542aaf0812a8db868f569886b894883702b362a05d2c.png
f1b575cadc881d0129b141bda3e909230d2c328bcc1f2b8d9936b79b02958500,0,data/benign_original/benign/f1b575cadc881d0129b141bda3e909230d2c328bcc1f2b8d9936b79b02958500.png
e87bde4257e33f4f185dc872e0d7fc0a378741233ea3dd6a2665bfcf44bad1d4,0,data/benign_original/benign/e87bde4257e33f4f185dc872e0d7fc0a378741233ea3dd6a2665bfcf44bad1d4.png
1165799c06d72ba108a21910d59bdda2662a3d7e948b76803c922bf95e387291,1,data/malware_images/images/njrat/1165799c06d72ba108a21910d59bdda2662a3d7e948b76803c922bf95e387291.png
8e104cc58e62de0eab837ac09b01d30e85f79045cc1803fa2ef4eafbdbd41e8d,0,data/benign_original/benign/8e104cc58e62de0eab837ac09b01d30e85f79045cc1803fa2ef4eafbdbd41e8d.png
cd6b0cdeb6970f3aa22c0b7f5a9ce70ec5d4643d02a42b49dc4a679cc06b1f11,0,data/benign_original/benign/cd6b0cdeb6970f3aa22c0b7f5a9ce70ec5d4643d02a42b49dc4a679cc06b1f11.png
b092b05340dbdbfd5d9fcaadd255c79cf358b24e2680a4a159b194762fe0b36e,0,data/benign_original/benign/b092b05340dbdbfd5d9fcaadd255c79cf358b24e2680a4a159b194762fe0b36e.png
5ef3c14a3ae99ee5ddf9b24e82bb5762040c9d362f336f95505f4dde963ef0b6,0,data/benign_original/benign/5ef3c14a3ae99ee5ddf9b24e82bb5762040c9d362f336f95505f4dde963ef0b6.png
db3f3107e556b36374c18040a098321ecd937e94439afa88d6201e84bc08efdb,0,data/benign_original/benign/db3f3107e556b36374c18040a098321ecd937e94439afa88d6201e84bc08efdb.png
9421892fa51285985906aba241abfab89c72210c31ece8f5150219d0518d88fc,0,data/benign_original/benign/9421892fa51285985906aba241abfab89c72210c31ece8f5150219d0518d88fc.png
cd174eacbbd4074940b8b9fde2ddbf445667844b68f32ed725377ac9672e344b,0,data/benign_original/benign/cd174eacbbd4074940b8b9fde2ddbf445667844b68f32ed725377ac9672e344b.png
c0a536e09fc0dba21eb22d65ed2c3976f0e7fc12bf269305ec0c8424f3f5df2a,0,data/benign_original/benign/c0a536e09fc0dba21eb22d65ed2c3976f0e7fc12bf269305ec0c8424f3f5df2a.png
f93034f9581a2392ac32bcdc7cffdba816cf4686f431d0a8bca55d0680693635,0,data/benign_original/benign/f93034f9581a2392ac32bcdc7cffdba816cf4686f431d0a8bca55d0680693635.png
e2e9a4b2ba146336f0771f49e77e00bc1960fa28efd9b72318a5826d69eba5b2,0,data/benign_original/benign/e2e9a4b2ba146336f0771f49e77e00bc1960fa28efd9b72318a5826d69eba5b2.png
f2aa104bb88555e6d7df4d447eb9859496ff7680896d2deda55c3be868a9cbb0,0,data/benign_original/benign/f2aa104bb88555e6d7df4d447eb9859496ff7680896d2deda55c3be868a9cbb0.png
dadf7b6aa39bbe512529e9587abcbac57c22ace6a9b1fa7776090ad10fad9049,0,data/benign_original/benign/dadf7b6aa39bbe512529e9587abcbac57c22ace6a9b1fa7776090ad10fad9049.png
eb9ae326dd92510a71a47e1880ce3bd72b721b9feb1ce21be5cbfff7d8f0adba,0,data/benign_original/benign/eb9ae326dd92510a71a47e1880ce3bd72b721b9feb1ce21be5cbfff7d8f0adba.png
f5a8898f8e482bebb2f55473155af519134a1d79ae105db6a535bc452a933523,0,data/benign_original/benign/f5a8898f8e482bebb2f55473155af519134a1d79ae105db6a535bc452a933523.png
be539de0e647c38cc33a33f89ee479295f464a269e97ecde66e21d771ba3f1ac,0,data/benign_original/benign/be539de0e647c38cc33a33f89ee479295f464a269e97ecde66e21d771ba3f1ac.png
fc629c36cfe3384e8c74ce83ce489d4faee17fdb59220e0253f4b9b837431b08,0,data/benign_original/benign/fc629c36cfe3384e8c74ce83ce489d4faee17fdb59220e0253f4b9b837431b08.png
d6ac0bd23622122146ebb00b3f5a3a6a195152c157827ad17b09663d73cf7bfd,0,data/benign_original/benign/d6ac0bd23622122146ebb00b3f5a3a6a195152c157827ad17b09663d73cf7bfd.png
d0c0608f968d3837d78913eff1a487490d7a1395decdd60b612120cac4419557,0,data/benign_original/benign/d0c0608f968d3837d78913eff1a487490d7a1395decdd60b612120cac4419557.png
d45a99ed3bfd301e361279ce043070dad467a596d76e9f51e961fd1d39b5d00b,0,data/benign_original/benign/d45a99ed3bfd301e361279ce043070dad467a596d76e9f51e961fd1d39b5d00b.png
b28e79d80dd0b15d219682524a7baf0b6da17d60e57fa10fe2dffc1bbb148625,0,data/benign_original/benign/b28e79d80dd0b15d219682524a7baf0b6da17d60e57fa10fe2dffc1bbb148625.png
fd791c303195482f3bbbf2becad1f1c29d2a0d61faf95917e1de5fe188844440,0,data/benign_original/benign/fd791c303195482f3bbbf2becad1f1c29d2a0d61faf95917e1de5fe188844440.png
bac75b0c904920a6826af86e2ed54b0dd34040dcad279c6f9a61f892e6b08e9f,0,data/benign_original/benign/bac75b0c904920a6826af86e2ed54b0dd34040dcad279c6f9a61f892e6b08e9f.png
fa90fa664cc2c53c8646455248105600498276747cd28f26caa1c42c4e215591,0,data/benign_original/benign/fa90fa664cc2c53c8646455248105600498276747cd28f26caa1c42c4e215591.png
b9ba9a8dd7747e49bbc857685a075c576060e46422659df36d4df54544b6863c,0,data/benign_original/benign/b9ba9a8dd7747e49bbc857685a075c576060e46422659df36d4df54544b6863c.png
b0e6abdfa45c97cf45905a5a868cc97eb7a70b991694266c8ee90f906ddd3c51,0,data/benign_original/benign/b0e6abdfa45c97cf45905a5a868cc97eb7a70b991694266c8ee90f906ddd3c51.png
f78cb5d08caff3ba7faaba1ceb9364429d425858e62d654a039815a86e7d8357,0,data/benign_original/benign/f78cb5d08caff3ba7faaba1ceb9364429d425858e62d654a039815a86e7d8357.png
ca6710ac624c4badd89606d2d46270b68a494b9778a109477955f6403d77493e,0,data/benign_original/benign/ca6710ac624c4badd89606d2d46270b68a494b9778a109477955f6403d77493e.png
d125f0f7e2ec4209e1476461a3be2e05f82627e1ad11cebe3872c0e754911850,0,data/benign_original/benign/d125f0f7e2ec4209e1476461a3be2e05f82627e1ad11cebe3872c0e754911850.png
feb3427eaebbf1394110bce1fc29bd38d05241f1931b6f1c6edb227dc8e2d05c,0,data/benign_original/benign/feb3427eaebbf1394110bce1fc29bd38d05241f1931b6f1c6edb227dc8e2d05c.png
0ff0a7429ebd5f19eac9fef4504d12c2b2b66a2b060de1c25d6e8fd08262f6d9,0,data/benign_original/benign/0ff0a7429ebd5f19eac9fef4504d12c2b2b66a2b060de1c25d6e8fd08262f6d9.png
b288eb94904813686c89b62b94508469771b0675983c1fbab0d2a385492dfdc9,0,data/benign_original/benign/b288eb94904813686c89b62b94508469771b0675983c1fbab0d2a385492dfdc9.png
cbcc4d72e92f732c1c330d85c01cba1a65a9b27a414922251c5cc8063ceae1f2,0,data/benign_original/benign/cbcc4d72e92f732c1c330d85c01cba1a65a9b27a414922251c5cc8063ceae1f2.png
de5ac5db01b9ad6d74e17ba1d7f21508ef9ea14195bdd0b1198edace1bea0d26,0,data/benign_original/benign/de5ac5db01b9ad6d74e17ba1d7f21508ef9ea14195bdd0b1198edace1bea0d26.png
fe4e1b52d8df6ad5d0f130cabd364e28ffdde8b1177f440aa6d4fb29f998be75,0,data/benign_original/benign/fe4e1b52d8df6ad5d0f130cabd364e28ffdde8b1177f440aa6d4fb29f998be75.png
14bd3078ad7f3aab8feb6fa157de11cd33e63d92216c010ddeb90e780660cfe1,0,data/benign_original/benign/14bd3078ad7f3aab8feb6fa157de11cd33e63d92216c010ddeb90e780660cfe1.png
3d938623540170a3d7eaf0fdc8ce3c255e18ed8d5feeeab16bd8dab926325de5,0,data/benign_original/benign/3d938623540170a3d7eaf0fdc8ce3c255e18ed8d5feeeab16bd8dab926325de5.png
f71d6c7f1f355a518ae7b2fd774e0398c41508a149ebec8769e8a30fc23f9593,0,data/benign_original/benign/f71d6c7f1f355a518ae7b2fd774e0398c41508a149ebec8769e8a30fc23f9593.png
b091b69a79cb709ff2d2496f414a9792af855bec34554951efcc6d206aeef260,0,data/benign_original/benign/b091b69a79cb709ff2d2496f414a9792af855bec34554951efcc6d206aeef260.png
bcc113846908d0f24ebddef7c1d859931769c65f880228b96aacfe9578751f76,0,data/benign_original/benign/bcc113846908d0f24ebddef7c1d859931769c65f880228b96aacfe9578751f76.png
d005fd0cecd3a1c4bd88ebbde2c11c7e72177fe9370a3e738d2490adc0c1ec39,0,data/benign_original/benign/d005fd0cecd3a1c4bd88ebbde2c11c7e72177fe9370a3e738d2490adc0c1ec39.png
d662fdd778212973ade12dcc330b12a003b87f4c2fa04b5845b6cc90a3c4d5dd,0,data/benign_original/benign/d662fdd778212973ade12dcc330b12a003b87f4c2fa04b5845b6cc90a3c4d5dd.png
d8a68530ef0a0bfdfa5f38e63909275b50c47900755a647ca0e899ba53b81fe2,0,data/benign_original/benign/d8a68530ef0a0bfdfa5f38e63909275b50c47900755a647ca0e899ba53b81fe2.png
e31c1284a4c579cc6a5197e523cdcb9313bbe8bac7748e7e29e99e4bc693c4ce,0,data/benign_original/benign/e31c1284a4c579cc6a5197e523cdcb9313bbe8bac7748e7e29e99e4bc693c4ce.png
c5e57efc5fc91a5b0a2817127a86663c233937e7b56fc356441fb07163f27f8d,0,data/benign_original/benign/c5e57efc5fc91a5b0a2817127a86663c233937e7b56fc356441fb07163f27f8d.png
d1dd8e81ace4c0cccf58dfc334efb83abb7d7e9483d3403f268fe2321c547aac,0,data/benign_original/benign/d1dd8e81ace4c0cccf58dfc334efb83abb7d7e9483d3403f268fe2321c547aac.png
aac2e4b0c734a92d7d91f12898c285511311fd2aebaa3f77b130b8b521b6f561,1,data/malware_images/images/Gozi/aac2e4b0c734a92d7d91f12898c285511311fd2aebaa3f77b130b8b521b6f561.png
f39c877e090b4e64d4998f4f29e3e92decb112ccb6a7852d1d0e56940adffbd9,0,data/benign_original/benign/f39c877e090b4e64d4998f4f29e3e92decb112ccb6a7852d1d0e56940adffbd9.png
f57539a9546ae78b095effd75d221f1bce8007f8ca97e0f4b6d68216276923bc,0,data/benign_original/benign/f57539a9546ae78b095effd75d221f1bce8007f8ca97e0f4b6d68216276923bc.png
ed523e4f55e888a587f488b05142375123a7ab9a4761873c4202a45db258df8d,0,data/benign_original/benign/ed523e4f55e888a587f488b05142375123a7ab9a4761873c4202a45db258df8d.png
e43d2d28a104859f5e744ccabe847003415b61bd16d9df8e9d83c8fe55f3f712,0,data/benign_original/benign/e43d2d28a104859f5e744ccabe847003415b61bd16d9df8e9d83c8fe55f3f712.png
6dd02ca3af92de922541b9e77a8a98b0ef5cf2dc2d4d01d084960e8662f5de8e,0,data/benign_original/benign/6dd02ca3af92de922541b9e77a8a98b0ef5cf2dc2d4d01d084960e8662f5de8e.png
cac6346b7ea39f0c7b21e37951fa62cc68d0220968c11970c2fe91e03514ed0b,0,data/benign_original/benign/cac6346b7ea39f0c7b21e37951fa62cc68d0220968c11970c2fe91e03514ed0b.png
d914e380ffba10bb97111165ffe20da7c30056a70afc77361487cce23004ce93,0,data/benign_original/benign/d914e380ffba10bb97111165ffe20da7c30056a70afc77361487cce23004ce93.png
37ad74048035735bda661eec2bf47e117c9819698c73546f4ab4eae78fe660ac,0,data/benign_original/benign/37ad74048035735bda661eec2bf47e117c9819698c73546f4ab4eae78fe660ac.png
8b42292720589ce90e3d4b6d2eed1dab9f8f46827bf424975901902ccb6441ad,0,data/benign_original/benign/8b42292720589ce90e3d4b6d2eed1dab9f8f46827bf424975901902ccb6441ad.png
955ba81a4e94b54bb77612904e733b791ccd6e473f964e160a6f357cfbd0be3b,1,data/malware_images/images/Trickbot/955ba81a4e94b54bb77612904e733b791ccd6e473f964e160a6f357cfbd0be3b.png
a9447372cc62144ca19196f8f18ffcb35f3907c10b8e4b2f442a026aeab5d05b,0,data/benign_original/benign/a9447372cc62144ca19196f8f18ffcb35f3907c10b8e4b2f442a026aeab5d05b.png
e689bd5de0e4a72ff9a73babab1a63bd8daf271ff4803bc80f9abbd23abbe169,0,data/benign_original/benign/e689bd5de0e4a72ff9a73babab1a63bd8daf271ff4803bc80f9abbd23abbe169.png
c6bbb60cde55b700e992fff11bbd3bfa2027eff45cdc564836fd2bec870c5bdd,0,data/benign_original/benign/c6bbb60cde55b700e992fff11bbd3bfa2027eff45cdc564836fd2bec870c5bdd.png
dfb14b44117f6da4432997a90a060e10adc1ce3e9a1618b4961a6e8eb719975b,0,data/benign_original/benign/dfb14b44117f6da4432997a90a060e10adc1ce3e9a1618b4961a6e8eb719975b.png
e9b1907fbefa8bc88c21112d90b99819670b26eb74d9f73957d4be86c6bea1e0,0,data/benign_original/benign/e9b1907fbefa8bc88c21112d90b99819670b26eb74d9f73957d4be86c6bea1e0.png
c809b747df2cc47fa8e033ff4977d929795afc7e1f87d5b2b620932805de1403,0,data/benign_original/benign/c809b747df2cc47fa8e033ff4977d929795afc7e1f87d5b2b620932805de1403.png
d7162b14867eff2ee6b1c0506f91c4e8c1a1cea0ddae632bd49156a179549772,1,data/malware_images/images/GuLoader/d7162b14867eff2ee6b1c0506f91c4e8c1a1cea0ddae632bd49156a179549772.png
f56eed692898bf539d93fa975df6cc8082c6a895338442f34ea0f33dc889c813,0,data/benign_original/benign/f56eed692898bf539d93fa975df6cc8082c6a895338442f34ea0f33dc889c813.png
d108482ae940f4256a9b715b91c5c10aa242ce0d5d75e2c6989775387086ce4f,0,data/benign_original/benign/d108482ae940f4256a9b715b91c5c10aa242ce0d5d75e2c6989775387086ce4f.png
d3e5ccbd4d18927126b88d2ecc42cb020a1acc3dec11965430e2b920eef9a8f1,0,data/benign_original/benign/d3e5ccbd4d18927126b88d2ecc42cb020a1acc3dec11965430e2b920eef9a8f1.png
973f898e8cb8b9c65246637c97226fd9770d89e1041e6fd44da4c1afa02b3dc9,0,data/benign_original/benign/973f898e8cb8b9c65246637c97226fd9770d89e1041e6fd44da4c1afa02b3dc9.png
5c1af46c7300e87a73dacf6cf41ce397e3f05df6bd9c7e227b4ac59f85769160,0,data/benign_original/benign/5c1af46c7300e87a73dacf6cf41ce397e3f05df6bd9c7e227b4ac59f85769160.png
f810a9623a97f6d50745f9fc542a629a098fd04c5e0ed18f0bf4425315d21ac2,0,data/benign_original/benign/f810a9623a97f6d50745f9fc542a629a098fd04c5e0ed18f0bf4425315d21ac2.png
c143b5cf5dea20b131fbc12c19a83adf8bd040e0178d0fede4835c86b5d1813a,0,data/benign_original/benign/c143b5cf5dea20b131fbc12c19a83adf8bd040e0178d0fede4835c86b5d1813a.png
c55eb043454ac2d460f86ea26f934ecb16bdb1d05294c168193a05090bf1c56c,0,data/benign_original/benign/c55eb043454ac2d460f86ea26f934ecb16bdb1d05294c168193a05090bf1c56c.png
8ac39a906e4abe5d8c59f177c5ab92118f32fe0935c625a15a99df05998c381a,0,data/benign_original/benign/8ac39a906e4abe5d8c59f177c5ab92118f32fe0935c625a15a99df05998c381a.png
e6a0c1a33b2abe31d482fed3dd6511e6e82ef9754cc48501da551e5f6464ce5d,0,data/benign_original/benign/e6a0c1a33b2abe31d482fed3dd6511e6e82ef9754cc48501da551e5f6464ce5d.png
b3084cdd9700aa333bb615d819bd807543320cc53f3378fdbb0ee44ce4979457,0,data/benign_original/benign/b3084cdd9700aa333bb615d819bd807543320cc53f3378fdbb0ee44ce4979457.png
f7744e9082817f1e39090b77ae2af905205762bfa30787014530765e58dc5927,1,data/malware_images/images/Trickbot/f7744e9082817f1e39090b77ae2af905205762bfa30787014530765e58dc5927.png
cbde140e9bc4835088fbc0e9ed7952b1bd7362241bb06cb92106e03bbf4151b4,0,data/benign_original/benign/cbde140e9bc4835088fbc0e9ed7952b1bd7362241bb06cb92106e03bbf4151b4.png
4bbd4db544dc9fc6600c983bba42b07f3e9ada5501f2ec0d011c04c065f3eb41,0,data/benign_original/benign/4bbd4db544dc9fc6600c983bba42b07f3e9ada5501f2ec0d011c04c065f3eb41.png
5e87e24e81c8389594353639f3fe59b2ac4d5d1360a316f41c7b4edb7bb56f47,0,data/benign_original/benign/5e87e24e81c8389594353639f3fe59b2ac4d5d1360a316f41c7b4edb7bb56f47.png
d635c44a4281addb1906c3a53e1d287503ff1dd93a087ed2b44c40cb4b224ba8,0,data/benign_original/benign/d635c44a4281addb1906c3a53e1d287503ff1dd93a087ed2b44c40cb4b224ba8.png
2a053f32b1d48539e3e2807f86754be87ce95b08378467e66cab2bac0e67a825,0,data/benign_original/benign/2a053f32b1d48539e3e2807f86754be87ce95b08378467e66cab2bac0e67a825.png
c31d047c91d5ca7395f163a6852e540c482fa93b4397041806ac51666e0cae75,0,data/benign_original/benign/c31d047c91d5ca7395f163a6852e540c482fa93b4397041806ac51666e0cae75.png
b6e51aea7cf024ba2463751b69989dc32188767b5b7259475c4ebf25cefacc26,0,data/benign_original/benign/b6e51aea7cf024ba2463751b69989dc32188767b5b7259475c4ebf25cefacc26.png
b2f6d661315f24e9bed72e9af4580f371dbffabd9fc6242fcfcd02c519a6f470,0,data/benign_original/benign/b2f6d661315f24e9bed72e9af4580f371dbffabd9fc6242fcfcd02c519a6f470.png
d0ac54e76f0a41181ce801a792447ac8d22c22d02ddce055b5eb8be6a0430ebb,0,data/benign_original/benign/d0ac54e76f0a41181ce801a792447ac8d22c22d02ddce055b5eb8be6a0430ebb.png
b592082b37941785db7efeaa6c293bc4f6105e4cf5688d9fb1796d5853cbd782,0,data/benign_original/benign/b592082b37941785db7efeaa6c293bc4f6105e4cf5688d9fb1796d5853cbd782.png
bcf15829b76e5491c3e0cbefcc4352162f230c0cf67d9e425b306fc23d2ba743,0,data/benign_original/benign/bcf15829b76e5491c3e0cbefcc4352162f230c0cf67d9e425b306fc23d2ba743.png
6b9fd5fd1fccd516aa8034ce8c1ec62ac7470f8b77b06b23c7fea2421f254ef7,0,data/benign_original/benign/6b9fd5fd1fccd516aa8034ce8c1ec62ac7470f8b77b06b23c7fea2421f254ef7.png
b2519ef40560505b6648148b5419595012a6dfff0213875744823cc11a5f21d8,0,data/benign_original/benign/b2519ef40560505b6648148b5419595012a6dfff0213875744823cc11a5f21d8.png
e05ec70635c49125192930206a04d4cc2e2d5f371a09debdbf7193437eb49338,0,data/benign_original/benign/e05ec70635c49125192930206a04d4cc2e2d5f371a09debdbf7193437eb49338.png
f435aba02d71a4516061f69aa173140326ce3ba8a630bc93a12a191b1a031ee6,0,data/benign_original/benign/f435aba02d71a4516061f69aa173140326ce3ba8a630bc93a12a191b1a031ee6.png
3cccf40d984007ee8b64fdb0216efa50e850306531dd3f4ac7710a6dc155351b,0,data/benign_original/benign/3cccf40d984007ee8b64fdb0216efa50e850306531dd3f4ac7710a6dc155351b.png
e13582f35588d934135a7a3eea652d8c6bc52b164b378fe9e2231b0d743bcd00,0,data/benign_original/benign/e13582f35588d934135a7a3eea652d8c6bc52b164b378fe9e2231b0d743bcd00.png
ccf6e9481c276976c2287defd37a1ad175c1b6b9feaf22a2a9d8f6a5be17a992,0,data/benign_original/benign/ccf6e9481c276976c2287defd37a1ad175c1b6b9feaf22a2a9d8f6a5be17a992.png
b6ad417ec29a32124ec8fc5b50e880752055279af2d662e7518b2df72e70c205,0,data/benign_original/benign/b6ad417ec29a32124ec8fc5b50e880752055279af2d662e7518b2df72e70c205.png
ce51b0ee72b3e8f412a0fb238c8a2cb7f874d7732fd93e4ec216ec2e01e8f6cd,0,data/benign_original/benign/ce51b0ee72b3e8f412a0fb238c8a2cb7f874d7732fd93e4ec216ec2e01e8f6cd.png
c36f5c0ac5d91a8417866dd4d8c670c2192ba83364693e7438282fb8678c3d1e,0,data/benign_original/benign/c36f5c0ac5d91a8417866dd4d8c670c2192ba83364693e7438282fb8678c3d1e.png
09489e108c5b049847f98b97af75418db20af15d9cd727b240b922954b626845,1,data/malware_images/images/Trickbot/09489e108c5b049847f98b97af75418db20af15d9cd727b240b922954b626845.png
e905626a046fb6cb012bda7802e520764bc03e392ce37d5134f635cdceca2844,0,data/benign_original/benign/e905626a046fb6cb012bda7802e520764bc03e392ce37d5134f635cdceca2844.png
c8b8984ebd9ee3d8b990d096ff8db1a926e9f9b91361ec10b1c40746f20bf80f,0,data/benign_original/benign/c8b8984ebd9ee3d8b990d096ff8db1a926e9f9b91361ec10b1c40746f20bf80f.png
e70c3ca4d098407f3fb1d7339710a6c1283006a1fa4a5d37691c04f445059656,0,data/benign_original/benign/e70c3ca4d098407f3fb1d7339710a6c1283006a1fa4a5d37691c04f445059656.png
0be00b72a65e558aa92a4f197663f3496b2a3ceaa5f77bafe309727141ad77af,0,data/benign_original/benign/0be00b72a65e558aa92a4f197663f3496b2a3ceaa5f77bafe309727141ad77af.png
fcbc265fc2d42c2cf8ba5d9fb541f5390fdc531735741ec62c3d63527d5a84b1,0,data/benign_original/benign/fcbc265fc2d42c2cf8ba5d9fb541f5390fdc531735741ec62c3d63527d5a84b1.png
b2ad3c1ad10936b5e21c3b26585a9714a08a38e7d7b6ab9ea1fde48dc080e6e5,0,data/benign_original/benign/b2ad3c1ad10936b5e21c3b26585a9714a08a38e7d7b6ab9ea1fde48dc080e6e5.png
f9b45f766f30f4d72d9d795efa4659bb63dfe523bf83ffb7bde1458abcd97d74,0,data/benign_original/benign/f9b45f766f30f4d72d9d795efa4659bb63dfe523bf83ffb7bde1458abcd97d74.png
f0f2e28f8e9a01522a72cb6bd45785dd71ecb953d2205e385e968d2d5dad0238,0,data/benign_original/benign/f0f2e28f8e9a01522a72cb6bd45785dd71ecb953d2205e385e968d2d5dad0238.png
c11fc0a701d178a15cf4f6556feecd588147d07d7b4535dd68a793b22f0f1caa,0,data/benign_original/benign/c11fc0a701d178a15cf4f6556feecd588147d07d7b4535dd68a793b22f0f1caa.png
00eea85752664955047caad7d6280bc7bf1ab91c61eb9a2542c26b747a12e963,0,data/benign_original/benign/00eea85752664955047caad7d6280bc7bf1ab91c61eb9a2542c26b747a12e963.png
453218e88be57f6e03e026b64a88fc5268a9a87c01611bc08ea791a4f259d89a,1,data/malware_images/images/Gozi/453218e88be57f6e03e026b64a88fc5268a9a87c01611bc08ea791a4f259d89a.png
2b672dd0e086dd4196087712ba0e34af205f518231545646c81d01411fe9bda8,0,data/benign_original/benign/2b672dd0e086dd4196087712ba0e34af205f518231545646c81d01411fe9bda8.png
c85911a114d19642edf303473f7c85de7c8c89ce646ec2017be4bd05de510422,0,data/benign_original/benign/c85911a114d19642edf303473f7c85de7c8c89ce646ec2017be4bd05de510422.png
f75debd3735297f8bcea6dfe3ab8aad180153ff16f14b9853d1d12f424d997e5,0,data/benign_original/benign/f75debd3735297f8bcea6dfe3ab8aad180153ff16f14b9853d1d12f424d997e5.png
da71337d4902a86fc278350ec2580b787b1ebc53cd57b355aa0c87573f293a9c,0,data/benign_original/benign/da71337d4902a86fc278350ec2580b787b1ebc53cd57b355aa0c87573f293a9c.png
efecf9bb87d641994cab084a0ad65397b193c7a6d00c65100e6e41b8948f592e,0,data/benign_original/benign/efecf9bb87d641994cab084a0ad65397b193c7a6d00c65100e6e41b8948f592e.png
e21f3e122b7d519b95f6ecbfb6acdc224afe559944cfaa2430e8d1f3715881b3,0,data/benign_original/benign/e21f3e122b7d519b95f6ecbfb6acdc224afe559944cfaa2430e8d1f3715881b3.png
da0f271dc7269cc13838d7141eac5fec03093dc5f8033f3b55324809c22ab760,0,data/benign_original/benign/da0f271dc7269cc13838d7141eac5fec03093dc5f8033f3b55324809c22ab760.png
c1ebc67ea5e6f6e1b7513181063f95fb1a59fd21ff0bfe1aaf5950a7db427204,0,data/benign_original/benign/c1ebc67ea5e6f6e1b7513181063f95fb1a59fd21ff0bfe1aaf5950a7db427204.png
b633745387a07a0efc4388fdeff6eb7decc64c928eb55ee116944ee33434de48,0,data/benign_original/benign/b633745387a07a0efc4388fdeff6eb7decc64c928eb55ee116944ee33434de48.png
af2a99c46c5f4d2e4fc3142b6e36d9b7fffc7a877295a72b8ffe8e7a90f02ef3,0,data/benign_original/benign/af2a99c46c5f4d2e4fc3142b6e36d9b7fffc7a877295a72b8ffe8e7a90f02ef3.png
2d319407d146225f48f58b33473845c0f36050a7e8374602dbfea960a89e7fba,0,data/benign_original/benign/2d319407d146225f48f58b33473845c0f36050a7e8374602dbfea960a89e7fba.png
bbb586e7f1495a9a961d691de4aabd71d07666ae6f4c0fe19d0bd7f86895ccd2,0,data/benign_original/benign/bbb586e7f1495a9a961d691de4aabd71d07666ae6f4c0fe19d0bd7f86895ccd2.png
fc79342ba16bd9215894736010cbad1c8eff963532b82339eda85388ba155a6e,0,data/benign_original/benign/fc79342ba16bd9215894736010cbad1c8eff963532b82339eda85388ba155a6e.png
d5de04e6ca6b4fce6ad5c7ca2a0c99e82f269ce0c8f8a1f144e1c0490aed7593,0,data/benign_original/benign/d5de04e6ca6b4fce6ad5c7ca2a0c99e82f269ce0c8f8a1f144e1c0490aed7593.png
e3b3ca53a8cc0bf1275d0a9336f02668ee75c6e6be52927c626d65bd0392b227,0,data/benign_original/benign/e3b3ca53a8cc0bf1275d0a9336f02668ee75c6e6be52927c626d65bd0392b227.png
dff8cf0cbe788b413ccd4a989c14d69b7ea59e9137f9ae7d9206935f46795457,0,data/benign_original/benign/dff8cf0cbe788b413ccd4a989c14d69b7ea59e9137f9ae7d9206935f46795457.png
e47adb18253dbdf07276faef715d56fc3840b20ea2c2e6ec5690811afb7daed1,0,data/benign_original/benign/e47adb18253dbdf07276faef715d56fc3840b20ea2c2e6ec5690811afb7daed1.png
d036422b90e15abd1763c07b479bc358adb7719d5bb14da896f8fd4de1bb67ba,0,data/benign_original/benign/d036422b90e15abd1763c07b479bc358adb7719d5bb14da896f8fd4de1bb67ba.png
b165ffa443c682efbf9e7a5d97b5cf7fb8aab83771984d6b0820ee1b63a92afa,0,data/benign_original/benign/b165ffa443c682efbf9e7a5d97b5cf7fb8aab83771984d6b0820ee1b63a92afa.png
fe2b999e0f6370eecaf6849f6a6540fbefa61e442fd3fd42ba52ad41a69d3fa6,0,data/benign_original/benign/fe2b999e0f6370eecaf6849f6a6540fbefa61e442fd3fd42ba52ad41a69d3fa6.png
fc0c5337bb07dd589bc3de86120153f51d1006db834b1ec01e9295c6547b47fe,0,data/benign_original/benign/fc0c5337bb07dd589bc3de86120153f51d1006db834b1ec01e9295c6547b47fe.png
eb5714935f07a4cdf4b1a5842d2bfd35050cc124837957bee0a48cf810a9058d,0,data/benign_original/benign/eb5714935f07a4cdf4b1a5842d2bfd35050cc124837957bee0a48cf810a9058d.png
b9c8e9952765eb70bf29f84620cc584840d997da73d14fc23acdf481988b0968,0,data/benign_original/benign/b9c8e9952765eb70bf29f84620cc584840d997da73d14fc23acdf481988b0968.png
d7507a52c077a13a8f0eb74563812ed948767347596b33e5dcdf49677bcd0203,0,data/benign_original/benign/d7507a52c077a13a8f0eb74563812ed948767347596b33e5dcdf49677bcd0203.png
bbd65084b2892219ed35da87c029e68e429a1603b5fc294c99db58c211521958,0,data/benign_original/benign/bbd65084b2892219ed35da87c029e68e429a1603b5fc294c99db58c211521958.png
c754ccd1add042a35c71296816d61e922329e287bc608ffcdb1e2915c38e849e,0,data/benign_original/benign/c754ccd1add042a35c71296816d61e922329e287bc608ffcdb1e2915c38e849e.png
f1a6b50255ea131758aeeef68fab18c749aca2168d1d6be208f68961d2e47be5,0,data/benign_original/benign/f1a6b50255ea131758aeeef68fab18c749aca2168d1d6be208f68961d2e47be5.png
b06d53317b781d1e944b63f90beb36c33b76aebcca9f604ae0c030b1522af326,0,data/benign_original/benign/b06d53317b781d1e944b63f90beb36c33b76aebcca9f604ae0c030b1522af326.png
f74b31352ddf7207deab1e2c2ff29c607c2cde022d458f2f2c5616445b85e8a1,0,data/benign_original/benign/f74b31352ddf7207deab1e2c2ff29c607c2cde022d458f2f2c5616445b85e8a1.png
fc985205a345cd0f69d3830da2cdfadb5a54c828f712e7c583629801f4083cbd,0,data/benign_original/benign/fc985205a345cd0f69d3830da2cdfadb5a54c828f712e7c583629801f4083cbd.png
08cef06ba147f4700a469596196f3e0643956874f834c481600898227416f310,1,data/malware_images/images/IcedID/08cef06ba147f4700a469596196f3e0643956874f834c481600898227416f310.png
c9939ab1482941e7ee59829b978f784621ada531173f63c81bab258b95a03ff5,0,data/benign_original/benign/c9939ab1482941e7ee59829b978f784621ada531173f63c81bab258b95a03ff5.png
f4c14fc2866019ea8367353e30da7912c86cb98da4cdf8d40b669c44a8284545,0,data/benign_original/benign/f4c14fc2866019ea8367353e30da7912c86cb98da4cdf8d40b669c44a8284545.png
fc4c02bcd547093072a07d74ba3d466abf2a6d31c3d61a52896e2987e9500205,0,data/benign_original/benign/fc4c02bcd547093072a07d74ba3d466abf2a6d31c3d61a52896e2987e9500205.png
f160dbc9e66a30e098dc56aa9e783922d2023e323272dc99a008f9e16ce5b30a,0,data/benign_original/benign/f160dbc9e66a30e098dc56aa9e783922d2023e323272dc99a008f9e16ce5b30a.png
4dda012c8c57a4d06b5a405ecc0362e4f25a259b96545010113f02894a79fe81,1,data/malware_images/images/Gozi/4dda012c8c57a4d06b5a405ecc0362e4f25a259b96545010113f02894a79fe81.png
eb81884231ece5d4664a2cad6a93693c517f9536ba8e977f833143e01282f834,0,data/benign_original/benign/eb81884231ece5d4664a2cad6a93693c517f9536ba8e977f833143e01282f834.png
f33a81a444e5f2e98f4f93c4e568e5e568458a1553bad3dedc4414a4300f3736,0,data/benign_original/benign/f33a81a444e5f2e98f4f93c4e568e5e568458a1553bad3dedc4414a4300f3736.png
e02cc9d15c69b17d52a90712f6b02184386de17e1a148234970ba575d7f4d325,0,data/benign_original/benign/e02cc9d15c69b17d52a90712f6b02184386de17e1a148234970ba575d7f4d325.png
e94d0444a76dcf3a8d336c176670a59f13139d6c7624bf6da3d8b442b3b50507,0,data/benign_original/benign/e94d0444a76dcf3a8d336c176670a59f13139d6c7624bf6da3d8b442b3b50507.png
e99a47b15d912cd49aabbe427d84a1f9fb4f0cc09836e3e6338d0c746946dbf5,0,data/benign_original/benign/e99a47b15d912cd49aabbe427d84a1f9fb4f0cc09836e3e6338d0c746946dbf5.png
b93e85515c01ec2f6430d3aa2f2367292f87197896acc812e0bc196a062f37f3,0,data/benign_original/benign/b93e85515c01ec2f6430d3aa2f2367292f87197896acc812e0bc196a062f37f3.png
eb1e5a1225e631129b0d93db11e8c15d7a4ea0adc1d75a22165e650fd7cd7681,0,data/benign_original/benign/eb1e5a1225e631129b0d93db11e8c15d7a4ea0adc1d75a22165e650fd7cd7681.png
b6800c2ca4bfec26c8b8553beee774f4ebab741b1a48adcccce79f07062977be,0,data/benign_original/benign/b6800c2ca4bfec26c8b8553beee774f4ebab741b1a48adcccce79f07062977be.png
8b2bd52e65fa66c795b1b91b06a3c178d94351b5cd63a98ff6eea6f8b3405f26,0,data/benign_original/benign/8b2bd52e65fa66c795b1b91b06a3c178d94351b5cd63a98ff6eea6f8b3405f26.png
ba58526958ab138b0e1e70793a9aa2db4298e1558bbec658a6c751605a677459,0,data/benign_original/benign/ba58526958ab138b0e1e70793a9aa2db4298e1558bbec658a6c751605a677459.png
b8334e145d5bedddf80a4ee476c7dda07c9bc01ec486c75ea48ab1da6392cec4,0,data/benign_original/benign/b8334e145d5bedddf80a4ee476c7dda07c9bc01ec486c75ea48ab1da6392cec4.png
e26573bf8a8b859d65d3b5e258764384e269ea08fd25a5d68d6a25708798c42f,0,data/benign_original/benign/e26573bf8a8b859d65d3b5e258764384e269ea08fd25a5d68d6a25708798c42f.png
f080eb77a69b59e9d181a87290e2ba10caf555dc878237405e234252bfb03799,0,data/benign_original/benign/f080eb77a69b59e9d181a87290e2ba10caf555dc878237405e234252bfb03799.png
d55dcfa21e7d6b15334867f4ed63dbe0d3f13f283b416a70d11e65951fca6c17,0,data/benign_original/benign/d55dcfa21e7d6b15334867f4ed63dbe0d3f13f283b416a70d11e65951fca6c17.png
e26c82d7fc88b96c70038d57caa493910e51b00c21ad476c29adc143f602d243,0,data/benign_original/benign/e26c82d7fc88b96c70038d57caa493910e51b00c21ad476c29adc143f602d243.png
1c7c07802af60cddfbe62ce037135297417517f3751729bd02ce65d50f4e715d,0,data/benign_original/benign/1c7c07802af60cddfbe62ce037135297417517f3751729bd02ce65d50f4e715d.png
be4769172efd32bf0facadcb190517e9a9c28aeb4823d2e3b73ff187070debd9,0,data/benign_original/benign/be4769172efd32bf0facadcb190517e9a9c28aeb4823d2e3b73ff187070debd9.png
d3adc69106f8d3efcfcc8d11003699f8c8766a40a59d6d8aabdc4d5ead4201c7,0,data/benign_original/benign/d3adc69106f8d3efcfcc8d11003699f8c8766a40a59d6d8aabdc4d5ead4201c7.png
da1968f7ad7f4fdb1bc77713b54f87d3ede41ebbf19bf86f4898eb902bafc30f,0,data/benign_original/benign/da1968f7ad7f4fdb1bc77713b54f87d3ede41ebbf19bf86f4898eb902bafc30f.png
c8e32a4ca6cae4e6e48146a7340ca3655f9c9c1c56d3190c2f1f3058cacb5283,0,data/benign_original/benign/c8e32a4ca6cae4e6e48146a7340ca3655f9c9c1c56d3190c2f1f3058cacb5283.png
dd6070bd333b2374f7e862227cf5d1929f6b191ab83c542997b1736258889b27,0,data/benign_original/benign/dd6070bd333b2374f7e862227cf5d1929f6b191ab83c542997b1736258889b27.png
de35794da189fb4c00627c8713f075a479dcd5ad114c73cf4c55f722db03d838,0,data/benign_original/benign/de35794da189fb4c00627c8713f075a479dcd5ad114c73cf4c55f722db03d838.png
d14183f7d03bd71ed5ed2857c201352b8acd9f5e703e6c78990e47ca4cf8c229,0,data/benign_original/benign/d14183f7d03bd71ed5ed2857c201352b8acd9f5e703e6c78990e47ca4cf8c229.png
ccc799da636c295e34c039b8eb332630970aa478f72633015102758f5ae4174e,0,data/benign_original/benign/ccc799da636c295e34c039b8eb332630970aa478f72633015102758f5ae4174e.png
fccaf13b97ac32cf8f178afb6e697621a7f2288ae60b620098b9630f6fba3218,0,data/benign_original/benign/fccaf13b97ac32cf8f178afb6e697621a7f2288ae60b620098b9630f6fba3218.png
c02663f1a04c41218229e52b82664e576b84a9b2cd98da544f364b895d8ade3d,0,data/benign_original/benign/c02663f1a04c41218229e52b82664e576b84a9b2cd98da544f364b895d8ade3d.png
be23ae53bfe359e46eb485064c9b4bd12df84fdcdab044ea998d891f2c3eeb92,0,data/benign_original/benign/be23ae53bfe359e46eb485064c9b4bd12df84fdcdab044ea998d891f2c3eeb92.png
f0c429a993fa4791a3a30974ce292632762f74ab224eb452a1604fd3c6a00eb1,0,data/benign_original/benign/f0c429a993fa4791a3a30974ce292632762f74ab224eb452a1604fd3c6a00eb1.png
b8c710913fa5901c3e9ba166de8b0cdc7d5849f8d0408878759c7cfecda6e752,1,data/malware_images/images/GuLoader/b8c710913fa5901c3e9ba166de8b0cdc7d5849f8d0408878759c7cfecda6e752.png
f9d8f1dc63320c7015795d7d2b534ed4bbab163c911f1178bdd2a5feb60f49d3,0,data/benign_original/benign/f9d8f1dc63320c7015795d7d2b534ed4bbab163c911f1178bdd2a5feb60f49d3.png
d0dbd465fe1149e5b1605357ba1a8f1ee8eb84cf8f4226481b1b03236b80f6df,0,data/benign_original/benign/d0dbd465fe1149e5b1605357ba1a8f1ee8eb84cf8f4226481b1b03236b80f6df.png
9a1fc2de129a140468451b41f79bd76f056f790550a500909f67cf009419a717,1,data/malware_images/images/Trickbot/9a1fc2de129a140468451b41f79bd76f056f790550a500909f67cf009419a717.png
b7cc844de38d3d363f98b5652b57355aaba8804704b9258ef35dfd5d93488966,0,data/benign_original/benign/b7cc844de38d3d363f98b5652b57355aaba8804704b9258ef35dfd5d93488966.png
cb5f876064f4173c5692fee040938181ad34fdc40144fc255bbdd93a06ca7fa6,0,data/benign_original/benign/cb5f876064f4173c5692fee040938181ad34fdc40144fc255bbdd93a06ca7fa6.png
8568c417896dd20436feeb7c3811d2031796552952a8c5349be69ea2c05f1c3f,0,data/benign_original/benign/8568c417896dd20436feeb7c3811d2031796552952a8c5349be69ea2c05f1c3f.png
cee1326dabbadfe29618dd0adb1618f4fccd9f1924d8e3944edf4ae04504ea1a,0,data/benign_original/benign/cee1326dabbadfe29618dd0adb1618f4fccd9f1924d8e3944edf4ae04504ea1a.png
f726468c915ac572bb6ed8dfe343035567cfb6f6650214467a1a9bba9e22a716,0,data/benign_original/benign/f726468c915ac572bb6ed8dfe343035567cfb6f6650214467a1a9bba9e22a716.png
e06fda841b95f1f05adc7966607ef8338e0f78d186d222d860c05134c8efffd1,0,data/benign_original/benign/e06fda841b95f1f05adc7966607ef8338e0f78d186d222d860c05134c8efffd1.png
d093a5e0622672b885fe90c6b331831637bbc3fe6b46822c1ef3a644c7e04c43,0,data/benign_original/benign/d093a5e0622672b885fe90c6b331831637bbc3fe6b46822c1ef3a644c7e04c43.png
2761ae5bfae0ea811c7bf7001553949c4cbca5c792e56998742b537e5ca8e322,0,data/benign_original/benign/2761ae5bfae0ea811c7bf7001553949c4cbca5c792e56998742b537e5ca8e322.png
edf5dd571dd2957294c16a683e018c7a292b7f205784b8278a8d432eeaf997e8,0,data/benign_original/benign/edf5dd571dd2957294c16a683e018c7a292b7f205784b8278a8d432eeaf997e8.png
d2a4e5737654978897ce8afc957ff5014d8c1af029b78ddbb21cfb6d878bdbeb,0,data/benign_original/benign/d2a4e5737654978897ce8afc957ff5014d8c1af029b78ddbb21cfb6d878bdbeb.png
cc541aa7126d4e06878feaf0fafe61918eaa9cae48865e32f0911d4ffec47e05,0,data/benign_original/benign/cc541aa7126d4e06878feaf0fafe61918eaa9cae48865e32f0911d4ffec47e05.png
4cde1735b0bd09f0ad3ca84856ac023f212bc5732dcb19f8ccb1aacb0f75bb61,0,data/benign_original/benign/4cde1735b0bd09f0ad3ca84856ac023f212bc5732dcb19f8ccb1aacb0f75bb61.png
d4e04e3e99ee2e4ff9ebb41ed1e8d19e1d0f59f297f0ef6e72946ad466eb863d,1,data/malware_images/images/njrat/d4e04e3e99ee2e4ff9ebb41ed1e8d19e1d0f59f297f0ef6e72946ad466eb863d.png
bc13c0433494e16240178347148deb9cec3a7737566697cf35ff10405604cda8,0,data/benign_original/benign/bc13c0433494e16240178347148deb9cec3a7737566697cf35ff10405604cda8.png
5d2e1c132051f3b80a0e39b5d4efe255c1e339614d2861b1e017ff1574610dac,0,data/benign_original/benign/5d2e1c132051f3b80a0e39b5d4efe255c1e339614d2861b1e017ff1574610dac.png
d74326a5fe0a35f99dd7e975a7f25993f7f0a46a605c8365dba26cf44ff9480e,0,data/benign_original/benign/d74326a5fe0a35f99dd7e975a7f25993f7f0a46a605c8365dba26cf44ff9480e.png
b9240ff444887f98dcf9e30b18fb3fc3c5dffabe502ca436f39e69dabb0cb266,0,data/benign_original/benign/b9240ff444887f98dcf9e30b18fb3fc3c5dffabe502ca436f39e69dabb0cb266.png
bfb519827a549a0027924fca2a2b4122a75c3bbcb3fb0cf9be20f31e67ac4ab8,0,data/benign_original/benign/bfb519827a549a0027924fca2a2b4122a75c3bbcb3fb0cf9be20f31e67ac4ab8.png
85e5b1567f105a9c82956a6e2865594c5dab7b932a4835a927190445ab44ec28,0,data/benign_original/benign/85e5b1567f105a9c82956a6e2865594c5dab7b932a4835a927190445ab44ec28.png
beb80fe078d9edb3058f160ab2c28156501cd4dc940daca6c4481e999810bd4a,0,data/benign_original/benign/beb80fe078d9edb3058f160ab2c28156501cd4dc940daca6c4481e999810bd4a.png
776120defe19d7d4b09479b31c04185fa2772e379473e10331788d96dd8cb8fe,0,data/benign_original/benign/776120defe19d7d4b09479b31c04185fa2772e379473e10331788d96dd8cb8fe.png
c9f1467221b1ab2a40fca1d88b27d90a0626b4e71f122554501cb645e84dc85e,0,data/benign_original/benign/c9f1467221b1ab2a40fca1d88b27d90a0626b4e71f122554501cb645e84dc85e.png
f28a839f8d6429ac289587b093feccf27a35536980ffc3737df79426765c34ff,0,data/benign_original/benign/f28a839f8d6429ac289587b093feccf27a35536980ffc3737df79426765c34ff.png
55fa4e98f25ec101acbb40a2d2732041c1abb6b6e5b3d6d9ba7aceaceacb1d25,0,data/benign_original/benign/55fa4e98f25ec101acbb40a2d2732041c1abb6b6e5b3d6d9ba7aceaceacb1d25.png
c651e21a136bbe36580e3a2875fa7c06d79d9bec21a520128d2ed1d467dede83,0,data/benign_original/benign/c651e21a136bbe36580e3a2875fa7c06d79d9bec21a520128d2ed1d467dede83.png
f4c246c0e6061d8ac135609533253cc5448e86185afb08a85865a452829b7f13,0,data/benign_original/benign/f4c246c0e6061d8ac135609533253cc5448e86185afb08a85865a452829b7f13.png
dcf76342263992236c1ae506b7b680323b50c5eda210e9f8a13ee90eb0d26f7a,0,data/benign_original/benign/dcf76342263992236c1ae506b7b680323b50c5eda210e9f8a13ee90eb0d26f7a.png
eda3912398b1dc67eb8cdb1202ca8bc50079de27e21a6dbfa16e2b481bf8dcd0,0,data/benign_original/benign/eda3912398b1dc67eb8cdb1202ca8bc50079de27e21a6dbfa16e2b481bf8dcd0.png
bbaeaa27a698c4da95a6032dc90f26563b9ae914692ee07606eca635046b7394,0,data/benign_original/benign/bbaeaa27a698c4da95a6032dc90f26563b9ae914692ee07606eca635046b7394.png
b273dce16583f8108ce85b27ae2f16b1df9a3af8e489c5ab233aef3012f1a0d9,0,data/benign_original/benign/b273dce16583f8108ce85b27ae2f16b1df9a3af8e489c5ab233aef3012f1a0d9.png
d5a57a1057d4b3d1c2de219ed2175355491f13327633135ffb3d161260393c98,0,data/benign_original/benign/d5a57a1057d4b3d1c2de219ed2175355491f13327633135ffb3d161260393c98.png
bcb1c1c7d445a0367bde6a6baaecc48a160762079175108dac8ae4ae64ae57fb,0,data/benign_original/benign/bcb1c1c7d445a0367bde6a6baaecc48a160762079175108dac8ae4ae64ae57fb.png
ff63515b46c4dfec471e4b4b7334d362bc9b7c72eea801eefdba5738c3800313,0,data/benign_original/benign/ff63515b46c4dfec471e4b4b7334d362bc9b7c72eea801eefdba5738c3800313.png
cc5d3c92e993541fc97a1854a6e6c9980334efd420e623823135f42baae695f1,0,data/benign_original/benign/cc5d3c92e993541fc97a1854a6e6c9980334efd420e623823135f42baae695f1.png
c166496095542a51d8dfc8cbeb83c85db71a683695e0dd7e6341f32cdceb20c6,0,data/benign_original/benign/c166496095542a51d8dfc8cbeb83c85db71a683695e0dd7e6341f32cdceb20c6.png
d5b7d2b063c4187f512b40d992dd1ff006cd8a4375492decfaea082a2cf00894,0,data/benign_original/benign/d5b7d2b063c4187f512b40d992dd1ff006cd8a4375492decfaea082a2cf00894.png
f46ace6efaff462bf1cc6b7256fda46db4f0789a3fda1a79c6c7f71eda36be5c,0,data/benign_original/benign/f46ace6efaff462bf1cc6b7256fda46db4f0789a3fda1a79c6c7f71eda36be5c.png
cf81beaf984f62fbc51fd73dbd85eb6681b5f4ad1563011a3c40c2aa7171abbe,0,data/benign_original/benign/cf81beaf984f62fbc51fd73dbd85eb6681b5f4ad1563011a3c40c2aa7171abbe.png
ccca769f3542375cdf4bd326337b05a4ce274b029429ead82d9debf3e66c2ea7,0,data/benign_original/benign/ccca769f3542375cdf4bd326337b05a4ce274b029429ead82d9debf3e66c2ea7.png
d5c0027d544b52ef460e6f869085f264e9597a7d43fb2e8390fada5e0dfb8b43,0,data/benign_original/benign/d5c0027d544b52ef460e6f869085f264e9597a7d43fb2e8390fada5e0dfb8b43.png
bcec9dd555b7703dca7aace6894d1f9a657104ff59ae64fa48c7b92e10503337,0,data/benign_original/benign/bcec9dd555b7703dca7aace6894d1f9a657104ff59ae64fa48c7b92e10503337.png
c4ae88c9eb48d63b23560f2e5babbdbf129e3787127688d5383415bbc7347b59,0,data/benign_original/benign/c4ae88c9eb48d63b23560f2e5babbdbf129e3787127688d5383415bbc7347b59.png
647b982e39269e0aece005227fe7641fa2e21f54a290aee1b8b5519f05d97bc0,0,data/benign_original/benign/647b982e39269e0aece005227fe7641fa2e21f54a290aee1b8b5519f05d97bc0.png
eeafb2edae44a85314a9f7e00c486609fe431c7ec028e8bd3a096c3ec3c8b9f0,0,data/benign_original/benign/eeafb2edae44a85314a9f7e00c486609fe431c7ec028e8bd3a096c3ec3c8b9f0.png
c53b519ee8059815bf34ba2534b7351ebd801b858609cd13eb90c55e85fab24b,0,data/benign_original/benign/c53b519ee8059815bf34ba2534b7351ebd801b858609cd13eb90c55e85fab24b.png
f6ec278f26882a7483a63df9cab5014c932b62b4bc40c2919cd3c39b004fb4dc,0,data/benign_original/benign/f6ec278f26882a7483a63df9cab5014c932b62b4bc40c2919cd3c39b004fb4dc.png
73c41f2d218534863ddc811ba89faf6fb6dd8f622447c62ce0536879fe391783,1,data/malware_images/images/Gozi/73c41f2d218534863ddc811ba89faf6fb6dd8f622447c62ce0536879fe391783.png
c33336d3584b007bc05f8e36480fd277d484b45bcd4a67529030b9e6e9f0d2c3,0,data/benign_original/benign/c33336d3584b007bc05f8e36480fd277d484b45bcd4a67529030b9e6e9f0d2c3.png
6443dd554836f5112eda96b3cb18358aed61b5d8aa56be17456acc42d4458bc6,0,data/benign_original/benign/6443dd554836f5112eda96b3cb18358aed61b5d8aa56be17456acc42d4458bc6.png
103359c8ceb3fb7753e22f1b953a5ad7717eb89ecf699fe6fa827d2bca56f7c0,0,data/benign_original/benign/103359c8ceb3fb7753e22f1b953a5ad7717eb89ecf699fe6fa827d2bca56f7c0.png
e20c8fcbe0260436c3779a5b1c640153f2690f6e32a4355c47eba50c862c9549,0,data/benign_original/benign/e20c8fcbe0260436c3779a5b1c640153f2690f6e32a4355c47eba50c862c9549.png
a052385de3483e52b7a365b265a53eca7e910d8a4f1ca67299b848240b9611b7,0,data/benign_original/benign/a052385de3483e52b7a365b265a53eca7e910d8a4f1ca67299b848240b9611b7.png
fd96b594b1f418852893de4cb960f74b43d6905d9966c5532263ca619c9dafc7,0,data/benign_original/benign/fd96b594b1f418852893de4cb960f74b43d6905d9966c5532263ca619c9dafc7.png
c91df29a77a7246f27fd6b4fc651950b1f237866623823c61728729f6bfb187d,0,data/benign_original/benign/c91df29a77a7246f27fd6b4fc651950b1f237866623823c61728729f6bfb187d.png
8263b2fd09374585546353e8b61439dec4fb6e26d547d5ebed7696cab7dc8060,0,data/benign_original/benign/8263b2fd09374585546353e8b61439dec4fb6e26d547d5ebed7696cab7dc8060.png
d38483ecb3ef2610302665d94b06cfe69aed831436337a491a998524c4c261f9,0,data/benign_original/benign/d38483ecb3ef2610302665d94b06cfe69aed831436337a491a998524c4c261f9.png
d1c298cd356ede0a46235ef10e9b9796c2f970125925497bc757fd39809dfd20,0,data/benign_original/benign/d1c298cd356ede0a46235ef10e9b9796c2f970125925497bc757fd39809dfd20.png
d4902c7810fb311e9355df3156c7f45cc3bb92b5f12c106cab0d6be1201495da,0,data/benign_original/benign/d4902c7810fb311e9355df3156c7f45cc3bb92b5f12c106cab0d6be1201495da.png
c0255a19289c91cfc155d42b5965014898dc50f16c8dfc683f35ddb258b2670e,0,data/benign_original/benign/c0255a19289c91cfc155d42b5965014898dc50f16c8dfc683f35ddb258b2670e.png
d73e29d3059262609b93a5ec6e7224542db5325852236ce1c9de7c4eb72d3500,0,data/benign_original/benign/d73e29d3059262609b93a5ec6e7224542db5325852236ce1c9de7c4eb72d3500.png
b0bbe8c23925d8a7025cfe3311a38219476d841e5ab7ed6b4757bc7a69382c53,0,data/benign_original/benign/b0bbe8c23925d8a7025cfe3311a38219476d841e5ab7ed6b4757bc7a69382c53.png
6a79c28a86d7c88e8179cdaba8d357bbb9dab05bea990c026b67a594c2fc3372,0,data/benign_original/benign/6a79c28a86d7c88e8179cdaba8d357bbb9dab05bea990c026b67a594c2fc3372.png
c52c0dbbcaadae016302857165629b33ae2ffffc780cded8b134759ccc73fe2c,0,data/benign_original/benign/c52c0dbbcaadae016302857165629b33ae2ffffc780cded8b134759ccc73fe2c.png
f9ad748f7fabdf565762d2bc6bfea77b621bc71617a435dabfb4591e4cad7c62,0,data/benign_original/benign/f9ad748f7fabdf565762d2bc6bfea77b621bc71617a435dabfb4591e4cad7c62.png
f3f00ac977254fe518968e6716683188f65cae7733ac0b8ba3e19171b8f4ccf9,0,data/benign_original/benign/f3f00ac977254fe518968e6716683188f65cae7733ac0b8ba3e19171b8f4ccf9.png
cd03a9ef13123c1b9ce3d92b9e9fd9b9682c9f66c167dd8a326e4bd0acff73f2,0,data/benign_original/benign/cd03a9ef13123c1b9ce3d92b9e9fd9b9682c9f66c167dd8a326e4bd0acff73f2.png
c21ee8e2030ead6d0bbcf7921c5e35f047101909ef4fbd54d7695130f35b7aca,0,data/benign_original/benign/c21ee8e2030ead6d0bbcf7921c5e35f047101909ef4fbd54d7695130f35b7aca.png
afbd71226677a342f833efd0f196fffcf6cf6d6a41580439382efb242b4857d8,0,data/benign_original/benign/afbd71226677a342f833efd0f196fffcf6cf6d6a41580439382efb242b4857d8.png
57432324e83d5d2be87d7ad01ca3687143eed38b3d049cfb327c5a26f3bf4a01,0,data/benign_original/benign/57432324e83d5d2be87d7ad01ca3687143eed38b3d049cfb327c5a26f3bf4a01.png
d2324b430d7f414a55899871543cfcf28a9c699558a0fbde41903c0e66011eee,0,data/benign_original/benign/d2324b430d7f414a55899871543cfcf28a9c699558a0fbde41903c0e66011eee.png
193559a7079b2d7d1792fff34df64fc55978a1e30a5346a85adadcf8336e97ac,1,data/malware_images/images/Trickbot/193559a7079b2d7d1792fff34df64fc55978a1e30a5346a85adadcf8336e97ac.png
d3b00a7e3b21c636a1fb766d8706b6bc656f15c246481a5b22eb481ced66dbbe,0,data/benign_original/benign/d3b00a7e3b21c636a1fb766d8706b6bc656f15c246481a5b22eb481ced66dbbe.png
c54d5a88692421d77d756412135eb48fb6d7d0a453e2603639628a03530ac6f7,0,data/benign_original/benign/c54d5a88692421d77d756412135eb48fb6d7d0a453e2603639628a03530ac6f7.png
ffb2735934fda9a9ea8f233c8078d30662d117e824583558511fe762cf864a3b,0,data/benign_original/benign/ffb2735934fda9a9ea8f233c8078d30662d117e824583558511fe762cf864a3b.png
3088b3479bf282bffbb9929a6acc9f61fe993f7ad51cfb2917205d2dbfa1fbc9,0,data/benign_original/benign/3088b3479bf282bffbb9929a6acc9f61fe993f7ad51cfb2917205d2dbfa1fbc9.png
dac867476caa42ff8df8f5dfe869ffd56a18dadee17d47889afb69ed6519afbf,0,data/benign_original/benign/dac867476caa42ff8df8f5dfe869ffd56a18dadee17d47889afb69ed6519afbf.png
d5588fbc980bf8ead6ddac00a56f2caae16dffa1f2c0995be911d1fc0d397630,0,data/benign_original/benign/d5588fbc980bf8ead6ddac00a56f2caae16dffa1f2c0995be911d1fc0d397630.png
d24e2fae772481b6e1b0bb259f141c180f3eedf2a003a5078e60175d00023fbc,0,data/benign_original/benign/d24e2fae772481b6e1b0bb259f141c180f3eedf2a003a5078e60175d00023fbc.png
fdc735866eb66f7dc9f718c3f410ef1b17aa2e0fb9f93d0406da4d78eecf20e0,0,data/benign_original/benign/fdc735866eb66f7dc9f718c3f410ef1b17aa2e0fb9f93d0406da4d78eecf20e0.png
bc73c6e3e331d5ae7b8d565f5c30b97247515d071a8cae22e2843f795cac556e,0,data/benign_original/benign/bc73c6e3e331d5ae7b8d565f5c30b97247515d071a8cae22e2843f795cac556e.png
dd9a62ef2b96fff144a36eb0242009b060966421a3d664c4facb8b5f6fca3aad,0,data/benign_original/benign/dd9a62ef2b96fff144a36eb0242009b060966421a3d664c4facb8b5f6fca3aad.png
ece3c258102d624b17310d9a598428054720162db25385cfc6b07b8be27b92fe,0,data/benign_original/benign/ece3c258102d624b17310d9a598428054720162db25385cfc6b07b8be27b92fe.png
ed33c0d6adc56a8f255fc52254ef71f84bc2acfedad05b538aa16e4beed2cfae,0,data/benign_original/benign/ed33c0d6adc56a8f255fc52254ef71f84bc2acfedad05b538aa16e4beed2cfae.png
62f1ad51806af5c9031851373f8c404e371514d3b0c8e236d6ea0cb488c4a56b,0,data/benign_original/benign/62f1ad51806af5c9031851373f8c404e371514d3b0c8e236d6ea0cb488c4a56b.png
e9d057599efc7659450c55a1dda2918fae3568c050dba27b19f31921a0f361df,0,data/benign_original/benign/e9d057599efc7659450c55a1dda2918fae3568c050dba27b19f31921a0f361df.png
fb43aea1a2f2ea9a290b9a433b49e15ab4c7eb9a387a21b513a92e10bde6a6c1,0,data/benign_original/benign/fb43aea1a2f2ea9a290b9a433b49e15ab4c7eb9a387a21b513a92e10bde6a6c1.png
facde0e704274720ee04a9d32b03010da863ca34c1cf7e55bea2e2705c0b7e6d,0,data/benign_original/benign/facde0e704274720ee04a9d32b03010da863ca34c1cf7e55bea2e2705c0b7e6d.png
c38aa3a15f6993775bd91e8411e3350bdf15b8a20ed49bd4267ebde55e25d67f,0,data/benign_original/benign/c38aa3a15f6993775bd91e8411e3350bdf15b8a20ed49bd4267ebde55e25d67f.png
bc4c53d3a61b6288862fe48b6557d9d71e23aa33aa019e42a4eeefd48ce38d19,0,data/benign_original/benign/bc4c53d3a61b6288862fe48b6557d9d71e23aa33aa019e42a4eeefd48ce38d19.png
bd0830ac0ecb2aeb31cb95cea634209f35aaca1da9d72ea7c40b9a767a920f2f,0,data/benign_original/benign/bd0830ac0ecb2aeb31cb95cea634209f35aaca1da9d72ea7c40b9a767a920f2f.png
c868de65f85ad5d2c989e3602f9f223e25b559a00103455455ef927313d5fd15,0,data/benign_original/benign/c868de65f85ad5d2c989e3602f9f223e25b559a00103455455ef927313d5fd15.png
d5954f8585b0ca92c87378d878facc679e15a766f93b16bce0534507d21f0b23,0,data/benign_original/benign/d5954f8585b0ca92c87378d878facc679e15a766f93b16bce0534507d21f0b23.png
f0b9011c7e3dfc2131c0fbb0b78a4be6a786cc15d4ebf83236c7043efe503310,0,data/benign_original/benign/f0b9011c7e3dfc2131c0fbb0b78a4be6a786cc15d4ebf83236c7043efe503310.png
f0f9e3dd3b51f5bd06de68d78c51b432dff57c83e8833963e8ecec7daf0fe368,0,data/benign_original/benign/f0f9e3dd3b51f5bd06de68d78c51b432dff57c83e8833963e8ecec7daf0fe368.png
f7a84acd9c59d270ae974233e2295fa3fd706220994adde78972913e6894039d,0,data/benign_original/benign/f7a84acd9c59d270ae974233e2295fa3fd706220994adde78972913e6894039d.png
b653347e79b6238e8d71f904f9a9c6aceb4c7d551933bb58ba71d7d87cb37e6d,0,data/benign_original/benign/b653347e79b6238e8d71f904f9a9c6aceb4c7d551933bb58ba71d7d87cb37e6d.png
c1a18bc5ef90c9004067c97c6e2b98221fa61b99f03286d0ebb690d5b708ea36,0,data/benign_original/benign/c1a18bc5ef90c9004067c97c6e2b98221fa61b99f03286d0ebb690d5b708ea36.png
b2617fc499c9296d3b72afc6ae01286fd801129fa5e884abeeb34eb7b51653f0,0,data/benign_original/benign/b2617fc499c9296d3b72afc6ae01286fd801129fa5e884abeeb34eb7b51653f0.png
eab99f6eec3151de5c9037ce8763b6d98d51d0932171aeb151640bb749a9fe88,0,data/benign_original/benign/eab99f6eec3151de5c9037ce8763b6d98d51d0932171aeb151640bb749a9fe88.png
c5a8e909214e4bbbe21591ea8d176dbcb520646b9eeb4cb0f4105f54d448a2a4,0,data/benign_original/benign/c5a8e909214e4bbbe21591ea8d176dbcb520646b9eeb4cb0f4105f54d448a2a4.png
b5cd9da2c3364a5b201cecb0c80e25227d27ba44d96343d2894ff8ef3fd81550,0,data/benign_original/benign/b5cd9da2c3364a5b201cecb0c80e25227d27ba44d96343d2894ff8ef3fd81550.png
09079e1407935b7987ce7e03d51439b8d8ad990aa55b802028d528e0f8d47671,1,data/malware_images/images/Gozi/09079e1407935b7987ce7e03d51439b8d8ad990aa55b802028d528e0f8d47671.png
c4e091954a30600ac619d038ed9f9382b5d32ca26f46c3969aaa813e631cfa83,0,data/benign_original/benign/c4e091954a30600ac619d038ed9f9382b5d32ca26f46c3969aaa813e631cfa83.png
de4f1745faa431db43c9e5ed20390b8436e532a46d33c07d005f24cea10f9f8f,0,data/benign_original/benign/de4f1745faa431db43c9e5ed20390b8436e532a46d33c07d005f24cea10f9f8f.png
7ff6e0e68e741fe2050a7cfaee0f790a6b0544105d5bdd4ea5ba0646835036da,1,data/malware_images/images/IcedID/7ff6e0e68e741fe2050a7cfaee0f790a6b0544105d5bdd4ea5ba0646835036da.png
b1ad1afbe24fad21bbb633124c4d21f36871a0d3cba498cfcc049eb3a358449e,0,data/benign_original/benign/b1ad1afbe24fad21bbb633124c4d21f36871a0d3cba498cfcc049eb3a358449e.png
d65cc4048ef400cfcba4697b340d899deb42b24dff9d65d3638ca5d5c0017017,0,data/benign_original/benign/d65cc4048ef400cfcba4697b340d899deb42b24dff9d65d3638ca5d5c0017017.png
af49d5bdf16e4096cb5e33e5b431303dcdcf5eaa0333f38bae8b01d400139469,0,data/benign_original/benign/af49d5bdf16e4096cb5e33e5b431303dcdcf5eaa0333f38bae8b01d400139469.png
e4296c55d860e9f14f91c58841a7100036152d55bcb4bdcdf659ddc1d8a4c52f,0,data/benign_original/benign/e4296c55d860e9f14f91c58841a7100036152d55bcb4bdcdf659ddc1d8a4c52f.png
c18822af646328f3d0ab25c83ee82c90321c50a7c8cf7a16ddda53ee210fd5f8,0,data/benign_original/benign/c18822af646328f3d0ab25c83ee82c90321c50a7c8cf7a16ddda53ee210fd5f8.png
5dd566d349a0718dcc514094de7384c369f66cb593fdcc395d1df0248d59848f,0,data/benign_original/benign/5dd566d349a0718dcc514094de7384c369f66cb593fdcc395d1df0248d59848f.png
bb13185a55654d4f9e8998b3a4f6687d112d3a53313ed085f0b815fcb098b95f,0,data/benign_original/benign/bb13185a55654d4f9e8998b3a4f6687d112d3a53313ed085f0b815fcb098b95f.png
c2a113d9284ccd781346d5b4635537343ac74d897b5ef255bf15da4402ffaf83,0,data/benign_original/benign/c2a113d9284ccd781346d5b4635537343ac74d897b5ef255bf15da4402ffaf83.png
bc04aaa1ff624371cf0f7412bcbd47fc2535051fd1e9bd5a98e5ad7c06aac37f,0,data/benign_original/benign/bc04aaa1ff624371cf0f7412bcbd47fc2535051fd1e9bd5a98e5ad7c06aac37f.png
faf3e5142d260ffea6e3d05f8c22403f47a1d3b45aae183ffc42cef7b239fdfc,0,data/benign_original/benign/faf3e5142d260ffea6e3d05f8c22403f47a1d3b45aae183ffc42cef7b239fdfc.png
a6bf8916923ba77def75b1783c8745b64d9ec078482d4779306a4d05f0be2213,0,data/benign_original/benign/a6bf8916923ba77def75b1783c8745b64d9ec078482d4779306a4d05f0be2213.png
eaebe72673657a69d0600184a42568c3551205d71ce0928a270968b2c327e5ee,0,data/benign_original/benign/eaebe72673657a69d0600184a42568c3551205d71ce0928a270968b2c327e5ee.png
735c3e8627ad36781f4f81fa79a265f90c3e22562a0991a7dea4d52427724baa,0,data/benign_original/benign/735c3e8627ad36781f4f81fa79a265f90c3e22562a0991a7dea4d52427724baa.png
714f90034cae31a74aeeb65aedf874a072f058502adc97b9fa93a2768979cf93,0,data/benign_original/benign/714f90034cae31a74aeeb65aedf874a072f058502adc97b9fa93a2768979cf93.png
af6b6f3efa63749627010001ea2ddbff5a5907e18e4cd744088893d507d226df,0,data/benign_original/benign/af6b6f3efa63749627010001ea2ddbff5a5907e18e4cd744088893d507d226df.png
dfc7000a61a94f017af0cf86a0f61a8af3f91d7ae425d53ec25cad5ccf6a42f5,0,data/benign_original/benign/dfc7000a61a94f017af0cf86a0f61a8af3f91d7ae425d53ec25cad5ccf6a42f5.png
f0c5adf74cdb6458738e57fbd51f056558311a69aedf6820fbb8ea6f3eece985,0,data/benign_original/benign/f0c5adf74cdb6458738e57fbd51f056558311a69aedf6820fbb8ea6f3eece985.png
d38b3e041bbb24b35c43bee7f36dab2153e0ba2223a679b949aa79ede26b2c8f,0,data/benign_original/benign/d38b3e041bbb24b35c43bee7f36dab2153e0ba2223a679b949aa79ede26b2c8f.png
e0dc050159ebc3317df0bd772b8b7db08550cfa9dc57133d6dfb8299dc629f74,0,data/benign_original/benign/e0dc050159ebc3317df0bd772b8b7db08550cfa9dc57133d6dfb8299dc629f74.png
b68838c88dbe15182f8ae5d6fa98f3e2bdc7cca7798c000ff89be2fb7ed8789c,0,data/benign_original/benign/b68838c88dbe15182f8ae5d6fa98f3e2bdc7cca7798c000ff89be2fb7ed8789c.png
6232e33d88d2cad0dbe0fc4324f63fb2b9ba833b0d14f7fd529ab52ed7c6dacd,0,data/benign_original/benign/6232e33d88d2cad0dbe0fc4324f63fb2b9ba833b0d14f7fd529ab52ed7c6dacd.png
ee1aecc09c8f3d116a63d8f54f54bca0b992795f5ce37dae13c60964095c1116,0,data/benign_original/benign/ee1aecc09c8f3d116a63d8f54f54bca0b992795f5ce37dae13c60964095c1116.png
f20f144ca6895112c229a9423cea68e51697fc0681fa922b2d0a4a3c6516f96b,0,data/benign_original/benign/f20f144ca6895112c229a9423cea68e51697fc0681fa922b2d0a4a3c6516f96b.png
e5eee9ea8b3cf4c9e65411a9f64fab73ae91c63db3cbeeac0a8df8a83ca4f179,0,data/benign_original/benign/e5eee9ea8b3cf4c9e65411a9f64fab73ae91c63db3cbeeac0a8df8a83ca4f179.png
d0637809160ce043e5530daf6b93bf59611b4de409274c55ba87a2cef57cb202,0,data/benign_original/benign/d0637809160ce043e5530daf6b93bf59611b4de409274c55ba87a2cef57cb202.png
3be77cde3fe49040e294b6e4b4fceb284fcfb65279fcdcad9dc087d2d4406058,0,data/benign_original/benign/3be77cde3fe49040e294b6e4b4fceb284fcfb65279fcdcad9dc087d2d4406058.png
eba050fd8f266d66f550919da89ccacca44487694d6100999e04c766d4117ad7,0,data/benign_original/benign/eba050fd8f266d66f550919da89ccacca44487694d6100999e04c766d4117ad7.png
b23e1d2da5e33673e122b02843ea03bfc156a50197a186a4bb7d3c865bafa853,0,data/benign_original/benign/b23e1d2da5e33673e122b02843ea03bfc156a50197a186a4bb7d3c865bafa853.png
e01608bba21713d2a2b5cf1b42acb505d1b5d31f0d079df20dfdfa12425d3496,0,data/benign_original/benign/e01608bba21713d2a2b5cf1b42acb505d1b5d31f0d079df20dfdfa12425d3496.png
050171bc07ebcd963ce724b6b66ff8d1b6c1258e2676c59fd36db0384427bb59,0,data/benign_original/benign/050171bc07ebcd963ce724b6b66ff8d1b6c1258e2676c59fd36db0384427bb59.png
bc626e23065262755afc69cf152d01cba544d0aecaf353f62ac7dd0a3c446a0b,0,data/benign_original/benign/bc626e23065262755afc69cf152d01cba544d0aecaf353f62ac7dd0a3c446a0b.png
f1df598b3a619767f6380e622605b0ef2acacc8a49b4f7bef6bbdb13d93284ff,0,data/benign_original/benign/f1df598b3a619767f6380e622605b0ef2acacc8a49b4f7bef6bbdb13d93284ff.png
bb9fe4a327d212aabedcdc7e133e0994eddbde53612750320a53948d5f627597,0,data/benign_original/benign/bb9fe4a327d212aabedcdc7e133e0994eddbde53612750320a53948d5f627597.png
c1d896a70b76b2665d6c74897bd2b48de968b80e387f90a1201e982443dcd573,0,data/benign_original/benign/c1d896a70b76b2665d6c74897bd2b48de968b80e387f90a1201e982443dcd573.png
e5fe9e98390c2b125d8f6fb83e2a09f9cdfb03fb7f0092352b97e65db73810a7,0,data/benign_original/benign/e5fe9e98390c2b125d8f6fb83e2a09f9cdfb03fb7f0092352b97e65db73810a7.png
d75ba753c73a57c54822631593c0e647c575bfc8a6910c4515d6427c4c5538dc,0,data/benign_original/benign/d75ba753c73a57c54822631593c0e647c575bfc8a6910c4515d6427c4c5538dc.png
cedac345ab0bf53bbec3ba90e2e11f47a618bf07d9ea2c0e2defe3b0afda93f6,0,data/benign_original/benign/cedac345ab0bf53bbec3ba90e2e11f47a618bf07d9ea2c0e2defe3b0afda93f6.png
e692c139c334f95b63fb06c35043b9cd5a378dd48be40500f544b316012bb662,0,data/benign_original/benign/e692c139c334f95b63fb06c35043b9cd5a378dd48be40500f544b316012bb662.png
eb19d16df3bd1d1f7e6f554e3b5eaf428741ee3c49dcd57be84bf0405d838b07,0,data/benign_original/benign/eb19d16df3bd1d1f7e6f554e3b5eaf428741ee3c49dcd57be84bf0405d838b07.png
01e0d4ffe6f18299b0f33065dcc4009fd73e357b66b6825eb8338df9d59f8a32,0,data/benign_original/benign/01e0d4ffe6f18299b0f33065dcc4009fd73e357b66b6825eb8338df9d59f8a32.png
57d78efac696eff08c83318b96870640b6e36baaa3bad6144467df73fea872ac,0,data/benign_original/benign/57d78efac696eff08c83318b96870640b6e36baaa3bad6144467df73fea872ac.png
b82b01cd4c5036923965dbeda2359fc48bbb11f6a4655ba534256394716cb3db,0,data/benign_original/benign/b82b01cd4c5036923965dbeda2359fc48bbb11f6a4655ba534256394716cb3db.png
4e63bb0dffde423610055f5be4ffac53603f446d37151f523e813bf1fb40642a,0,data/benign_original/benign/4e63bb0dffde423610055f5be4ffac53603f446d37151f523e813bf1fb40642a.png
d0b232738573f8bf4842041138084a69e2a25ac47a9ff71541154d3dccf3f4a9,0,data/benign_original/benign/d0b232738573f8bf4842041138084a69e2a25ac47a9ff71541154d3dccf3f4a9.png
bd0546715d8eb52e3cae99aca13b266646a923a5892a60304902f9ece1610faa,0,data/benign_original/benign/bd0546715d8eb52e3cae99aca13b266646a923a5892a60304902f9ece1610faa.png
bef91aedae6d6ba75124c957a1f986696d606fbce2aa8cc0c7810074da654037,0,data/benign_original/benign/bef91aedae6d6ba75124c957a1f986696d606fbce2aa8cc0c7810074da654037.png
d990a9c8a3da1279018b3b8ca16795ff47e3de7fc443edc5da5d616bdc2900e3,0,data/benign_original/benign/d990a9c8a3da1279018b3b8ca16795ff47e3de7fc443edc5da5d616bdc2900e3.png
f1982296e4b40cdf124f2fd6045d074742678bc2018ceb8f5490f391d27a9442,0,data/benign_original/benign/f1982296e4b40cdf124f2fd6045d074742678bc2018ceb8f5490f391d27a9442.png
e9933e63533f7db1fa81927996cea1fb87f66e26613502852f5135bc91c6daf2,0,data/benign_original/benign/e9933e63533f7db1fa81927996cea1fb87f66e26613502852f5135bc91c6daf2.png
63f200c53903e203ca372fe6ed850a2342db69b9682a0524376b3fb0407f2ae3,1,data/malware_images/images/Trickbot/63f200c53903e203ca372fe6ed850a2342db69b9682a0524376b3fb0407f2ae3.png
f29c09c118fb0aba566e0b4dd09edabbfb1f77f30be49ee3d85fae9b0ce6f0f6,0,data/benign_original/benign/f29c09c118fb0aba566e0b4dd09edabbfb1f77f30be49ee3d85fae9b0ce6f0f6.png
b1b92169b3a4cbf2f674c9bb451b2a0dd92d2dac0ce709fc7dadb1ab2a95946b,0,data/benign_original/benign/b1b92169b3a4cbf2f674c9bb451b2a0dd92d2dac0ce709fc7dadb1ab2a95946b.png
bcbf641825ea305b819a4189d7680700ccd01b9622e52c1db7466caad47946e0,0,data/benign_original/benign/bcbf641825ea305b819a4189d7680700ccd01b9622e52c1db7466caad47946e0.png
cb5e88632388c98840a5cc26b3770fd9494b1ac64d4de1f93dfa2c817146fc17,0,data/benign_original/benign/cb5e88632388c98840a5cc26b3770fd9494b1ac64d4de1f93dfa2c817146fc17.png
c51fed47ec2ec4f8197066df011ddffbbea95640b3faeb390ec35ee3823c1873,0,data/benign_original/benign/c51fed47ec2ec4f8197066df011ddffbbea95640b3faeb390ec35ee3823c1873.png
0704b67194c1ac90f93c62cd00d1742dfb0069dfc837657e29c63884a989fbb4,0,data/benign_original/benign/0704b67194c1ac90f93c62cd00d1742dfb0069dfc837657e29c63884a989fbb4.png
c78ea7d3c5629a36350937e01d289c03460335cf3361d5c2328ee7467a71c28a,0,data/benign_original/benign/c78ea7d3c5629a36350937e01d289c03460335cf3361d5c2328ee7467a71c28a.png
e462eb3d41db54988ce3be46ced60b0073f8d939a9946cda67fb1df3c8afe0a1,0,data/benign_original/benign/e462eb3d41db54988ce3be46ced60b0073f8d939a9946cda67fb1df3c8afe0a1.png
b066374604077916f6aca26484d90f2890abcc8a7ebb755ece22e1d45827bceb,0,data/benign_original/benign/b066374604077916f6aca26484d90f2890abcc8a7ebb755ece22e1d45827bceb.png
f462b585b19a31dd11e6da096c5cacb18161becdda7c5a70bc6361bf1d349dfd,0,data/benign_original/benign/f462b585b19a31dd11e6da096c5cacb18161becdda7c5a70bc6361bf1d349dfd.png
bcc0cc3013ea2916fc8215a84e8b47a5ec7b733bbe414c57629e507ab89f50ba,0,data/benign_original/benign/bcc0cc3013ea2916fc8215a84e8b47a5ec7b733bbe414c57629e507ab89f50ba.png
ec495b608cd06f4d3c5ff398bd878f2835a0369ebfdc1c8717ca4a348338e482,0,data/benign_original/benign/ec495b608cd06f4d3c5ff398bd878f2835a0369ebfdc1c8717ca4a348338e482.png
da261c5ace84b8fd9665e06d22ff1631c8c05cccd20859ebfcd85b0305523b76,0,data/benign_original/benign/da261c5ace84b8fd9665e06d22ff1631c8c05cccd20859ebfcd85b0305523b76.png
65fcae1fb6d6ba322a5b81629813609d07ff20c4f46ba805bc2817f565c5bab5,0,data/benign_original/benign/65fcae1fb6d6ba322a5b81629813609d07ff20c4f46ba805bc2817f565c5bab5.png
d7da9af371c9b6720f9ec43d7eb1c8199d5884466909027776bab07578f00fdf,0,data/benign_original/benign/d7da9af371c9b6720f9ec43d7eb1c8199d5884466909027776bab07578f00fdf.png
ffa90ddf868cd0e9b2504369ef80c00e9c1419062486ff10cc4d1b7557913571,0,data/benign_original/benign/ffa90ddf868cd0e9b2504369ef80c00e9c1419062486ff10cc4d1b7557913571.png
5fe5d832e53fe8226bba7150afe1f8b70775d7de3b354b638bf49809b120a1be,0,data/benign_original/benign/5fe5d832e53fe8226bba7150afe1f8b70775d7de3b354b638bf49809b120a1be.png
ebdddca106ebf45bc8c70b5f0cb904bba23dfbffd03ffb50ca134d93b12d4c12,0,data/benign_original/benign/ebdddca106ebf45bc8c70b5f0cb904bba23dfbffd03ffb50ca134d93b12d4c12.png
c45d2d9a41fc0a50f1e8fd21761062d2baba9dbec8c1ba6b10de34060af9cd80,0,data/benign_original/benign/c45d2d9a41fc0a50f1e8fd21761062d2baba9dbec8c1ba6b10de34060af9cd80.png
e22e70a8a6fa3587195b05931cb1b27d9b7d24cd41f72952690b5eb4e7b46f8e,0,data/benign_original/benign/e22e70a8a6fa3587195b05931cb1b27d9b7d24cd41f72952690b5eb4e7b46f8e.png
fb0339582ff0036c9052f374fa1acd924d2a85a6671247062c43ef448fdedb6e,0,data/benign_original/benign/fb0339582ff0036c9052f374fa1acd924d2a85a6671247062c43ef448fdedb6e.png
d1fd0ea071680fcd712ce3435bf5ee960f9cac3548f2de992c4ced50a2fef00c,0,data/benign_original/benign/d1fd0ea071680fcd712ce3435bf5ee960f9cac3548f2de992c4ced50a2fef00c.png
c3a70153e1d0ecd1cbf95de033bfef5cfecabe7a8274cafe272cc2c14865cd8c,0,data/benign_original/benign/c3a70153e1d0ecd1cbf95de033bfef5cfecabe7a8274cafe272cc2c14865cd8c.png
832bdee44d637d7334b3300db73550de552988d6c15af917572eba6b0077770c,0,data/benign_original/benign/832bdee44d637d7334b3300db73550de552988d6c15af917572eba6b0077770c.png
f240a3f6052de061145fbb31605fd3c61bad67c0fee5c5282b81a12250f1ecba,0,data/benign_original/benign/f240a3f6052de061145fbb31605fd3c61bad67c0fee5c5282b81a12250f1ecba.png
ae8b7135284c9f111b34bf7ef631350b98f35298adafd7269bd364f63bb74b2e,0,data/benign_original/benign/ae8b7135284c9f111b34bf7ef631350b98f35298adafd7269bd364f63bb74b2e.png
bbf459d1ddd748dbef2709e0ad6c2003b40097c9495ac02dd641db9a7d4f86b2,0,data/benign_original/benign/bbf459d1ddd748dbef2709e0ad6c2003b40097c9495ac02dd641db9a7d4f86b2.png
32b52e6d9366292f8664518b887d37b551d9fc911689e5c0e89d33a69f526e5d,0,data/benign_original/benign/32b52e6d9366292f8664518b887d37b551d9fc911689e5c0e89d33a69f526e5d.png
f3ac3a69de4b71803529afacfbbac52c6e9676511d8d9d028c36f9d4a9ec4fb3,0,data/benign_original/benign/f3ac3a69de4b71803529afacfbbac52c6e9676511d8d9d028c36f9d4a9ec4fb3.png
f9c4a2f6db451bb7063756bf9a5e06cd682ff75f7f0c934d9e33afca150545a5,0,data/benign_original/benign/f9c4a2f6db451bb7063756bf9a5e06cd682ff75f7f0c934d9e33afca150545a5.png
de8d08d01291df93821314176381f3d1ae863e6c5584a7f8ea42f0b94b15ef65,0,data/benign_original/benign/de8d08d01291df93821314176381f3d1ae863e6c5584a7f8ea42f0b94b15ef65.png
af5cd90d99f2fd47586d6c61c61ff7f605331e2b6be01273dcc4ca28114bb649,0,data/benign_original/benign/af5cd90d99f2fd47586d6c61c61ff7f605331e2b6be01273dcc4ca28114bb649.png
b4b55dd378059d234517ddec13bb7e075b127963c408f8c339512c4ceccebf55,0,data/benign_original/benign/b4b55dd378059d234517ddec13bb7e075b127963c408f8c339512c4ceccebf55.png
a2c736e2a3b63fe0ddb28654994df83085bb735bfbd70da0aaa5458ed4b854e2,0,data/benign_original/benign/a2c736e2a3b63fe0ddb28654994df83085bb735bfbd70da0aaa5458ed4b854e2.png
f2038c06ef9aac240cdd25d49de71784eb48c16d535c186628b7bc4f0484cd4f,0,data/benign_original/benign/f2038c06ef9aac240cdd25d49de71784eb48c16d535c186628b7bc4f0484cd4f.png
f3acfc9d547743f2069c297de13fe0402d82131f026a90cc1330ffd6644ba807,0,data/benign_original/benign/f3acfc9d547743f2069c297de13fe0402d82131f026a90cc1330ffd6644ba807.png
b340614e18cdad9279597a1fe3610edb6812e102e524656ea27faae6daccef8d,0,data/benign_original/benign/b340614e18cdad9279597a1fe3610edb6812e102e524656ea27faae6daccef8d.png
b0899997fa2b8441044063327f072d6dc9edf4665651cb43862680494e6bf87f,0,data/benign_original/benign/b0899997fa2b8441044063327f072d6dc9edf4665651cb43862680494e6bf87f.png
cfb47a371aa23de4aba0124fef30ce534a088d5e2855a8fd3bbad45c0740c27b,0,data/benign_original/benign/cfb47a371aa23de4aba0124fef30ce534a088d5e2855a8fd3bbad45c0740c27b.png
08ecd499ca41c12cdb3522be42196812f383d1d8253f7b2a0736557a400c65ce,0,data/benign_original/benign/08ecd499ca41c12cdb3522be42196812f383d1d8253f7b2a0736557a400c65ce.png
b25fea916f252b73c8b4955c6938cce01bae2c7aa3578d0dad3681c7ea1a9c35,0,data/benign_original/benign/b25fea916f252b73c8b4955c6938cce01bae2c7aa3578d0dad3681c7ea1a9c35.png
e187c7db3b7bd525bd8decb0fa7cffad1bad45146565528c1b7e6ec4982cece5,0,data/benign_original/benign/e187c7db3b7bd525bd8decb0fa7cffad1bad45146565528c1b7e6ec4982cece5.png
2843b864289b254a57ede8ccebc41f77ca02f058c401ce6863a2a40a681247ac,0,data/benign_original/benign/2843b864289b254a57ede8ccebc41f77ca02f058c401ce6863a2a40a681247ac.png
f4ee977188acfd4227e7e92ee9a7f2843f2041b7877ce87b6873f37e620b043d,0,data/benign_original/benign/f4ee977188acfd4227e7e92ee9a7f2843f2041b7877ce87b6873f37e620b043d.png
c4d40672659a0edf4a9c47a152e864e140268a861008a94612e364154032881c,0,data/benign_original/benign/c4d40672659a0edf4a9c47a152e864e140268a861008a94612e364154032881c.png
d45240802269cab2ab6ceb71a327113f7366ce173559b1c9456ca5d5ea63bf8f,0,data/benign_original/benign/d45240802269cab2ab6ceb71a327113f7366ce173559b1c9456ca5d5ea63bf8f.png
b6ea2f9d8f0777d50c4201d7ad30d27f75987618eb1cc0eaa7712cf268707a8e,0,data/benign_original/benign/b6ea2f9d8f0777d50c4201d7ad30d27f75987618eb1cc0eaa7712cf268707a8e.png
8c3454deb1afe10918edc1d753bfa22ad0db76dc9bc7bcbb9e3397c747c71b5e,0,data/benign_original/benign/8c3454deb1afe10918edc1d753bfa22ad0db76dc9bc7bcbb9e3397c747c71b5e.png
3685495d051137b1c4efde22c26df0883614b6453b762fa84588da55ed2e7744,0,data/benign_original/benign/3685495d051137b1c4efde22c26df0883614b6453b762fa84588da55ed2e7744.png
dca3a8f6bbe4e3be641adfd870352545e103298444f0cb68c932861327047b63,0,data/benign_original/benign/dca3a8f6bbe4e3be641adfd870352545e103298444f0cb68c932861327047b63.png
e929cae582e4f92f60ec607da7acb448e22742691a4992406dd893bf99f2955f,0,data/benign_original/benign/e929cae582e4f92f60ec607da7acb448e22742691a4992406dd893bf99f2955f.png
f754f5867a0ea06b09ed177843b8f1a7217be580664dc5949b2f18d46880cf9f,0,data/benign_original/benign/f754f5867a0ea06b09ed177843b8f1a7217be580664dc5949b2f18d46880cf9f.png
e1c262cca7ec5f23cc331ce9dd70e7abe238b448f647a729093f8333c943c04e,0,data/benign_original/benign/e1c262cca7ec5f23cc331ce9dd70e7abe238b448f647a729093f8333c943c04e.png
c5878ddc3c8395b36b5a7158f5b4ae12d7eb9d554b29ec67b8025f3cd20dfec3,0,data/benign_original/benign/c5878ddc3c8395b36b5a7158f5b4ae12d7eb9d554b29ec67b8025f3cd20dfec3.png
f42fba46e39a32d112a87423936330371aad97d9aa39e90b9f2fb81cc21d77e0,0,data/benign_original/benign/f42fba46e39a32d112a87423936330371aad97d9aa39e90b9f2fb81cc21d77e0.png
ecb81847bf544e949cbcb96d8587e1d3739f93948020fc223e0fed66f0d88112,0,data/benign_original/benign/ecb81847bf544e949cbcb96d8587e1d3739f93948020fc223e0fed66f0d88112.png
ec8fb79aa2bcdc214bb7ed45f814c18b7655a590433e2f1c74d3bd7da96f93ac,0,data/benign_original/benign/ec8fb79aa2bcdc214bb7ed45f814c18b7655a590433e2f1c74d3bd7da96f93ac.png
5a071e20a23c845332e288fe02f2601518c8f1c1de1871d24a0530b09841157f,0,data/benign_original/benign/5a071e20a23c845332e288fe02f2601518c8f1c1de1871d24a0530b09841157f.png
1f7a2d419df3b95ade7f400446abeefaf3c872e8e6033a7e6ac413b17addbaf4,0,data/benign_original/benign/1f7a2d419df3b95ade7f400446abeefaf3c872e8e6033a7e6ac413b17addbaf4.png
6aa04e0e76bfc243beee6d843fddc6689dfdada630dd08ccfc1863db3d8e3540,0,data/benign_original/benign/6aa04e0e76bfc243beee6d843fddc6689dfdada630dd08ccfc1863db3d8e3540.png
ff1de8a606fdb6a932e7a3e5ee5317a6483f08712de93603c92c058e05a89c0c,0,data/benign_original/benign/ff1de8a606fdb6a932e7a3e5ee5317a6483f08712de93603c92c058e05a89c0c.png
51bd880654939f595158f3da086ce3b4e10bca532fda5b3c03033ac55e672ae7,0,data/benign_original/benign/51bd880654939f595158f3da086ce3b4e10bca532fda5b3c03033ac55e672ae7.png
9d535589dd8c68044fb45c10d2d1b63df28baad16d1d0ad4b187c91a23ee9c87,0,data/benign_original/benign/9d535589dd8c68044fb45c10d2d1b63df28baad16d1d0ad4b187c91a23ee9c87.png
e38358e23a2536be5e13b2c58825e46496254a65e1d34254bc3accbd7c3c4db7,0,data/benign_original/benign/e38358e23a2536be5e13b2c58825e46496254a65e1d34254bc3accbd7c3c4db7.png
b5e354b5b86d10b98c484535b7793baa3155a52dbad075fc30c43378fc8a53df,0,data/benign_original/benign/b5e354b5b86d10b98c484535b7793baa3155a52dbad075fc30c43378fc8a53df.png
d6853075547d7e303efd60354d911a2ff18edba582cda2fa59d91a2e5dcf9e98,0,data/benign_original/benign/d6853075547d7e303efd60354d911a2ff18edba582cda2fa59d91a2e5dcf9e98.png
b42106b44b3e3580558ca514440c1cb325ed450e22603a9757d6668f79254350,0,data/benign_original/benign/b42106b44b3e3580558ca514440c1cb325ed450e22603a9757d6668f79254350.png
c7e2dd173f4c53dca7c098e56a9c451b926033fbaf984924fce2a3bbbc9821a9,0,data/benign_original/benign/c7e2dd173f4c53dca7c098e56a9c451b926033fbaf984924fce2a3bbbc9821a9.png
ef9c484335d4546ba91ed23cd5a9891286a6b940dd71e61585999c20078d2d3a,0,data/benign_original/benign/ef9c484335d4546ba91ed23cd5a9891286a6b940dd71e61585999c20078d2d3a.png
ceacf15f18a4372595cf538f7800b6f60e51f9bdd0743b3eeaa61b4ae93f1770,0,data/benign_original/benign/ceacf15f18a4372595cf538f7800b6f60e51f9bdd0743b3eeaa61b4ae93f1770.png
bcae65e9986c56de90a65da9bb65223fa888abc3b002705f60c7fc78f4eda00c,0,data/benign_original/benign/bcae65e9986c56de90a65da9bb65223fa888abc3b002705f60c7fc78f4eda00c.png
ca7a2b82f34b2ddbda368aaaad43c4aac2eabcab3d6531de3f9969bbd06771f5,0,data/benign_original/benign/ca7a2b82f34b2ddbda368aaaad43c4aac2eabcab3d6531de3f9969bbd06771f5.png
e9c52ae8c54fa6fcffce7f67b7b83db357c97a2b20dbeafc15c8246c4f1612cc,0,data/benign_original/benign/e9c52ae8c54fa6fcffce7f67b7b83db357c97a2b20dbeafc15c8246c4f1612cc.png
b38e9c76564bff9369a11841ff218d6b7a3f8b1e479142dd5acea0ceefe47413,0,data/benign_original/benign/b38e9c76564bff9369a11841ff218d6b7a3f8b1e479142dd5acea0ceefe47413.png
25aef89003c3a48297cc4e787d63901d63cc837052ea877b48a4842011fe989d,0,data/benign_original/benign/25aef89003c3a48297cc4e787d63901d63cc837052ea877b48a4842011fe989d.png
b95f581fdf73e43651f5726d1be96541c2c687756848b3f252049d0ac4b404d5,0,data/benign_original/benign/b95f581fdf73e43651f5726d1be96541c2c687756848b3f252049d0ac4b404d5.png
ede0be639305fef494c694e9a1ad14679f9bca298c5fb2bdb6fa9295ad23079c,0,data/benign_original/benign/ede0be639305fef494c694e9a1ad14679f9bca298c5fb2bdb6fa9295ad23079c.png
dd3bcd2eab964fa502de8ce43d035b72135a9fcc538c0ce5b29c654a01d93a47,0,data/benign_original/benign/dd3bcd2eab964fa502de8ce43d035b72135a9fcc538c0ce5b29c654a01d93a47.png
d5d3759c6e111cb92a6048e15f855f52a297971b0ddeeefd2fac81771cc3aee7,0,data/benign_original/benign/d5d3759c6e111cb92a6048e15f855f52a297971b0ddeeefd2fac81771cc3aee7.png
bdc92dc7951e406ecf0716d96734dce5d53e105744c36579656fb7d1b5fff379,0,data/benign_original/benign/bdc92dc7951e406ecf0716d96734dce5d53e105744c36579656fb7d1b5fff379.png
e0663e036aea70c9ee65fddd8028098219284a0853441acbd74a51a259f1d6a5,0,data/benign_original/benign/e0663e036aea70c9ee65fddd8028098219284a0853441acbd74a51a259f1d6a5.png
2ab0012a7877dfb1ea68819993738b17cd4fd232e653be5c03dfdbbc289d0f23,0,data/benign_original/benign/2ab0012a7877dfb1ea68819993738b17cd4fd232e653be5c03dfdbbc289d0f23.png
d50cb0a6be9f8fde0cf3a974ffe2284d36d376e8b50269ac16d921e9083d7318,0,data/benign_original/benign/d50cb0a6be9f8fde0cf3a974ffe2284d36d376e8b50269ac16d921e9083d7318.png
c1a2adb6c1ba460a4ab47cd023f68f5d7c0ed529089a345f1bcd35cafe6629aa,0,data/benign_original/benign/c1a2adb6c1ba460a4ab47cd023f68f5d7c0ed529089a345f1bcd35cafe6629aa.png
ba2edae9a33c03b53c67b7da4503c7b961d5c5eaa3a8fefc7c99a78e8606ebe3,0,data/benign_original/benign/ba2edae9a33c03b53c67b7da4503c7b961d5c5eaa3a8fefc7c99a78e8606ebe3.png
eacc5e02799fb5416fc1332b10052b2dd27b01bb7ef14e3cf7711e363991a1f1,0,data/benign_original/benign/eacc5e02799fb5416fc1332b10052b2dd27b01bb7ef14e3cf7711e363991a1f1.png
fcd17332bad26dbf5d4c50ab16f38c319e7566fa92adf70d4285c6919ede358e,0,data/benign_original/benign/fcd17332bad26dbf5d4c50ab16f38c319e7566fa92adf70d4285c6919ede358e.png
db441b7c057752ee90c96150134e8bf4c64bbee68a07dbd6bd640975e2aaff95,0,data/benign_original/benign/db441b7c057752ee90c96150134e8bf4c64bbee68a07dbd6bd640975e2aaff95.png
d31ba0c5bc964aaeddad4214e3ca55a4e73f0e673c8d68431b597a7b96e366c2,0,data/benign_original/benign/d31ba0c5bc964aaeddad4214e3ca55a4e73f0e673c8d68431b597a7b96e366c2.png
b864074f2f22e4a50c1a61539d886a8a47dd2c2e555f3f2f4c3d4d7d1cdc40a5,0,data/benign_original/benign/b864074f2f22e4a50c1a61539d886a8a47dd2c2e555f3f2f4c3d4d7d1cdc40a5.png
ca47c553bde2c213d73f8f61fa3fd62af9c0fef68f8a5ae7df8f97fec483c786,0,data/benign_original/benign/ca47c553bde2c213d73f8f61fa3fd62af9c0fef68f8a5ae7df8f97fec483c786.png
2947757db8135ac19893707e98680aa279ec99eddbad267d8f20ffd9e4e2feec,0,data/benign_original/benign/2947757db8135ac19893707e98680aa279ec99eddbad267d8f20ffd9e4e2feec.png
b2923eaacc45e888f5083d1208931e0da92b6fcd32d36eceeb934efad2a110ed,0,data/benign_original/benign/b2923eaacc45e888f5083d1208931e0da92b6fcd32d36eceeb934efad2a110ed.png
d82a3befe9af2283497a3c0a891cfe3dce8241e6cfce57b099ba8533c887098f,0,data/benign_original/benign/d82a3befe9af2283497a3c0a891cfe3dce8241e6cfce57b099ba8533c887098f.png
b614396c688b511ddfcda114032b858bc8ab435783f549576c367b595e4abb2c,0,data/benign_original/benign/b614396c688b511ddfcda114032b858bc8ab435783f549576c367b595e4abb2c.png
c4c04a57dbc9c1c943924019f8c60cc6b8120ab822a7f885889c79194eaa1ad3,0,data/benign_original/benign/c4c04a57dbc9c1c943924019f8c60cc6b8120ab822a7f885889c79194eaa1ad3.png
be4193f4872526c416773ee1b1806370ca31dce84cb44637dab318c28258bb3a,0,data/benign_original/benign/be4193f4872526c416773ee1b1806370ca31dce84cb44637dab318c28258bb3a.png
e90ed8945b8631bc7d233325a070ccfcb93a7a5066dadf45a4fd8904605e5dd1,0,data/benign_original/benign/e90ed8945b8631bc7d233325a070ccfcb93a7a5066dadf45a4fd8904605e5dd1.png
52331ce9821107dfd22d6e7ec80266d164cabf83d6e2fbfcaeede91c979858f2,0,data/benign_original/benign/52331ce9821107dfd22d6e7ec80266d164cabf83d6e2fbfcaeede91c979858f2.png
ed888680f04e066e383de8a8694bdf958449850a5c706c323da246e20e8e4585,0,data/benign_original/benign/ed888680f04e066e383de8a8694bdf958449850a5c706c323da246e20e8e4585.png
e31cb9596844c0ec7f3181e6be76b98c3053da46a515c49469f48a2f8c328659,0,data/benign_original/benign/e31cb9596844c0ec7f3181e6be76b98c3053da46a515c49469f48a2f8c328659.png
d230eb2983a9ad8fcb9275b1d553de971655bc9fadb0487fd650957b0455d6c9,0,data/benign_original/benign/d230eb2983a9ad8fcb9275b1d553de971655bc9fadb0487fd650957b0455d6c9.png
ef66084434e77a1fe45001085949a8f20e873431eb6016856c55bd0da7c3d6ae,0,data/benign_original/benign/ef66084434e77a1fe45001085949a8f20e873431eb6016856c55bd0da7c3d6ae.png
cae59bdfecb5b2bdfcab22af171281872dbe296b42359b3b8dd58275d619cb12,0,data/benign_original/benign/cae59bdfecb5b2bdfcab22af171281872dbe296b42359b3b8dd58275d619cb12.png
c621b1ea501fa2b8f76d3c56ba393a68ee905d81d9176ab5cf58da1591aad95f,0,data/benign_original/benign/c621b1ea501fa2b8f76d3c56ba393a68ee905d81d9176ab5cf58da1591aad95f.png
4ebab259a1d69b80263de9b8a1aa7760cc964ed5f8a2f9acf5fafefb40bbc17b,0,data/benign_original/benign/4ebab259a1d69b80263de9b8a1aa7760cc964ed5f8a2f9acf5fafefb40bbc17b.png
eed9479428df33f7a9be5eca9806c2e3412509274638d13032c6c0ed1a3a9ef1,0,data/benign_original/benign/eed9479428df33f7a9be5eca9806c2e3412509274638d13032c6c0ed1a3a9ef1.png
42ce7b6f24ecb6147af7f9e878093ffd58d66837bc86d84a62bacbaaeae1a370,1,data/malware_images/images/Trickbot/42ce7b6f24ecb6147af7f9e878093ffd58d66837bc86d84a62bacbaaeae1a370.png
af3b943fcd4b658a5aefae65085466aa941db40ab94b6d93921fa313a009fd0e,0,data/benign_original/benign/af3b943fcd4b658a5aefae65085466aa941db40ab94b6d93921fa313a009fd0e.png
edfe1c558c0c815ccf2e13be86d4903df94e2f61e52f74e96c399b5dcbb847b0,0,data/benign_original/benign/edfe1c558c0c815ccf2e13be86d4903df94e2f61e52f74e96c399b5dcbb847b0.png
debe465591a7973ef6ea3f6c2113b5fcc024831d4272f68c17bf317d3034e3e6,0,data/benign_original/benign/debe465591a7973ef6ea3f6c2113b5fcc024831d4272f68c17bf317d3034e3e6.png
ef55c89c74fcc67f713e70e2523fcaaedccc5af4e5909acc463d7750e98ca30c,0,data/benign_original/benign/ef55c89c74fcc67f713e70e2523fcaaedccc5af4e5909acc463d7750e98ca30c.png
e42417a5b36266f96233a7220df4aa6ff0a2546987ca71ad2de12995c5fee76f,0,data/benign_original/benign/e42417a5b36266f96233a7220df4aa6ff0a2546987ca71ad2de12995c5fee76f.png
e2648053f2d4f219974710d988e77ae912058c6f36ebdfd70628cf17492c0bc9,0,data/benign_original/benign/e2648053f2d4f219974710d988e77ae912058c6f36ebdfd70628cf17492c0bc9.png
c07621091415f35aad91521e0c7dbc6862fb6e8b449f50cda4bfb1a2ba7b9178,0,data/benign_original/benign/c07621091415f35aad91521e0c7dbc6862fb6e8b449f50cda4bfb1a2ba7b9178.png
c84b677cf47875f172a06eb34b776dfcbbdbadc9cf47a813e8c288298b1cb347,0,data/benign_original/benign/c84b677cf47875f172a06eb34b776dfcbbdbadc9cf47a813e8c288298b1cb347.png
cc75e9a48c7179abb0279df40612d86f16fefb07bddc71946d0f566da988e47d,0,data/benign_original/benign/cc75e9a48c7179abb0279df40612d86f16fefb07bddc71946d0f566da988e47d.png
10feeb1b0fde32e0d3699bb8bb8558fafb03da45b7d204dd5b7200439a39cf2f,0,data/benign_original/benign/10feeb1b0fde32e0d3699bb8bb8558fafb03da45b7d204dd5b7200439a39cf2f.png
e97f4bb24e8e676b989d81e45e35e32060b22f348ccb75e5f578745777aea135,0,data/benign_original/benign/e97f4bb24e8e676b989d81e45e35e32060b22f348ccb75e5f578745777aea135.png
ee573375a56df2ae7fa3c4b76569e48b4db053f1c81e355463fe2290fbd1dc4f,0,data/benign_original/benign/ee573375a56df2ae7fa3c4b76569e48b4db053f1c81e355463fe2290fbd1dc4f.png
f419407833f1cdcad43b52948b9dc323682e9f3861fc1926d60b6d3a145569bf,0,data/benign_original/benign/f419407833f1cdcad43b52948b9dc323682e9f3861fc1926d60b6d3a145569bf.png
83d4e9944fed7ec8b4b0d7fbbfd50d8f24c58622abbc43157a0f8f6983086b0c,0,data/benign_original/benign/83d4e9944fed7ec8b4b0d7fbbfd50d8f24c58622abbc43157a0f8f6983086b0c.png
bd1e8f679f50032dd7fffbd31ec03db72db72f13d0e3b13ddfae1166f08e7140,0,data/benign_original/benign/bd1e8f679f50032dd7fffbd31ec03db72db72f13d0e3b13ddfae1166f08e7140.png
7c07d2635d9b56f9b9a2d29b0f2f9ccb44f04d3ab21bb2c69dcc52074fbd8912,1,data/malware_images/images/Heodo/7c07d2635d9b56f9b9a2d29b0f2f9ccb44f04d3ab21bb2c69dcc52074fbd8912.png
5ede50d16c17c209d3c3da477095cfe3d21ecc4d22720c2f8c98540b41bcb2f6,0,data/benign_original/benign/5ede50d16c17c209d3c3da477095cfe3d21ecc4d22720c2f8c98540b41bcb2f6.png
1942ffcb0378786e9e6476c711c8636e476ab440f745062bd73c1e752f611ae1,0,data/benign_original/benign/1942ffcb0378786e9e6476c711c8636e476ab440f745062bd73c1e752f611ae1.png
e51454931ec510214a8be81dc40f581f58ed854be88e02b48efe8550bc13cbe1,0,data/benign_original/benign/e51454931ec510214a8be81dc40f581f58ed854be88e02b48efe8550bc13cbe1.png
17f30c985e0e6542545c7f55c4641d285323fe2d6cd0bbfc83a6aec2825bf10b,0,data/benign_original/benign/17f30c985e0e6542545c7f55c4641d285323fe2d6cd0bbfc83a6aec2825bf10b.png
f1bc7cfb5a8bd67997eee95397bebf212b408b00bb661e3f311a18f472fe6a33,0,data/benign_original/benign/f1bc7cfb5a8bd67997eee95397bebf212b408b00bb661e3f311a18f472fe6a33.png
dbb468542e8da77fcf49cd92037ef4bf4ee0140b5671f314542c979453c83ec6,0,data/benign_original/benign/dbb468542e8da77fcf49cd92037ef4bf4ee0140b5671f314542c979453c83ec6.png
c596c35317c7bd5ae3938854996d62c24c7f67f61d3710a379bf1f3ab1a9e3b4,0,data/benign_original/benign/c596c35317c7bd5ae3938854996d62c24c7f67f61d3710a379bf1f3ab1a9e3b4.png
deda6a66a27e6abc11d787069a24fb6e795c7a9adb9cbaf3fb69f19efd2a6891,0,data/benign_original/benign/deda6a66a27e6abc11d787069a24fb6e795c7a9adb9cbaf3fb69f19efd2a6891.png
c1203c04f86071ae48b679e23a4e6baadff8ce8eebf24158699474050294c137,1,data/malware_images/images/Trickbot/c1203c04f86071ae48b679e23a4e6baadff8ce8eebf24158699474050294c137.png
c016a668492cd5eb015b408aa94b4700e13dbb7ec3ea239c61c4abf11d3cd717,0,data/benign_original/benign/c016a668492cd5eb015b408aa94b4700e13dbb7ec3ea239c61c4abf11d3cd717.png
fccf7fda4012b2378f771149c1fa4e5d7e741429bbad92b0483cd316a324a470,0,data/benign_original/benign/fccf7fda4012b2378f771149c1fa4e5d7e741429bbad92b0483cd316a324a470.png
ce29641f8aa451278ecc7db939d51db4be2e0f1b2947749eff8c988c11006400,0,data/benign_original/benign/ce29641f8aa451278ecc7db939d51db4be2e0f1b2947749eff8c988c11006400.png
c0bff7634b380159a5472a834ef525fc1dbc0c5a7d1893b7ececd2a66abaeccf,0,data/benign_original/benign/c0bff7634b380159a5472a834ef525fc1dbc0c5a7d1893b7ececd2a66abaeccf.png
f38245f05ef8fed0c8847e7f9b7a3e5b865e8a32b7d836513a4b8f06963cfbef,0,data/benign_original/benign/f38245f05ef8fed0c8847e7f9b7a3e5b865e8a32b7d836513a4b8f06963cfbef.png
78e599cb3c1050cc1c4dde26607634af8c56232fcfa744705ba83f689b68a4d2,0,data/benign_original/benign/78e599cb3c1050cc1c4dde26607634af8c56232fcfa744705ba83f689b68a4d2.png
fc4c05b3c4fee5346fd1826b29ebba8518c665f49b228085d2a70e143e68bf8b,0,data/benign_original/benign/fc4c05b3c4fee5346fd1826b29ebba8518c665f49b228085d2a70e143e68bf8b.png
df351b5ae3e9cfb50d4251628c7c8131e75a8ba1ec585c5f2268b999ba608ba6,0,data/benign_original/benign/df351b5ae3e9cfb50d4251628c7c8131e75a8ba1ec585c5f2268b999ba608ba6.png
ec266a01760b1a3921ae0267d744e2e1682b968be91416132e81396ee7304ff8,0,data/benign_original/benign/ec266a01760b1a3921ae0267d744e2e1682b968be91416132e81396ee7304ff8.png
b7efa647a93bd17535b018ac037f39e1f4cb6cdea4f3a67d902964cb8011b092,0,data/benign_original/benign/b7efa647a93bd17535b018ac037f39e1f4cb6cdea4f3a67d902964cb8011b092.png
e40f02f83a5747b8b47cbc21fc7c54e6b81b7b92c86410ccc62795274f639385,0,data/benign_original/benign/e40f02f83a5747b8b47cbc21fc7c54e6b81b7b92c86410ccc62795274f639385.png
1b67441f080adf23da22736c557813d3bb459c915a1b84d8253b8e9599df2708,0,data/benign_original/benign/1b67441f080adf23da22736c557813d3bb459c915a1b84d8253b8e9599df2708.png
ee9ee9f1022370f3e39d32dc2b5095f586de58a5d5abdafe84162657ef9048bd,0,data/benign_original/benign/ee9ee9f1022370f3e39d32dc2b5095f586de58a5d5abdafe84162657ef9048bd.png
cd2d23c05386bbd86552e9e8c00b26510f1d1e5c36d8df274e13919c7c50da97,0,data/benign_original/benign/cd2d23c05386bbd86552e9e8c00b26510f1d1e5c36d8df274e13919c7c50da97.png
c85f81c3417f5946e73204b1f62037ed7c390cbaf3d21e87be2b583f69001d70,0,data/benign_original/benign/c85f81c3417f5946e73204b1f62037ed7c390cbaf3d21e87be2b583f69001d70.png
c9d6ba43bb07468bdb0ce25a66a8bbb5d019ed66e543e18a3d90117b9093a9fd,0,data/benign_original/benign/c9d6ba43bb07468bdb0ce25a66a8bbb5d019ed66e543e18a3d90117b9093a9fd.png
f5b8d76e3c54607b7e44917514ebab4a42941698de19a97e0d3935b63716f80b,0,data/benign_original/benign/f5b8d76e3c54607b7e44917514ebab4a42941698de19a97e0d3935b63716f80b.png
fd874bff6232eb6c73515370e330d4ce1531683a35fbcc20f6ce1d1f4f637507,0,data/benign_original/benign/fd874bff6232eb6c73515370e330d4ce1531683a35fbcc20f6ce1d1f4f637507.png
e7c06124ce4d270226a708b0ee83bc5b3389ad1841c1f791671029f544a9ab5b,0,data/benign_original/benign/e7c06124ce4d270226a708b0ee83bc5b3389ad1841c1f791671029f544a9ab5b.png
c92811a59fb7a114a8f589ca3c7fa97953f427819466f97f62106d25f25da208,0,data/benign_original/benign/c92811a59fb7a114a8f589ca3c7fa97953f427819466f97f62106d25f25da208.png
c0c9838470bc338ac7798fd443ed33b18571c716eac851afcc61cf3921a2fd8c,0,data/benign_original/benign/c0c9838470bc338ac7798fd443ed33b18571c716eac851afcc61cf3921a2fd8c.png
d738ca24ce031a134ae23e3c6acaa250ed5d26c3e3ef361a779efb91a67361ab,0,data/benign_original/benign/d738ca24ce031a134ae23e3c6acaa250ed5d26c3e3ef361a779efb91a67361ab.png
b7b9a6131f44f1e5f265b126fafcfadd43850ae39d47f2b94fac68a73a9caf5c,0,data/benign_original/benign/b7b9a6131f44f1e5f265b126fafcfadd43850ae39d47f2b94fac68a73a9caf5c.png
b9a845cc82d5f0b81eea82e9d72df62174c4d961aadec0cda3e57e541d9bb75e,0,data/benign_original/benign/b9a845cc82d5f0b81eea82e9d72df62174c4d961aadec0cda3e57e541d9bb75e.png
4197fc76b3e00145191b260c9ae8e98531d966202669ad39d34137ce303d3566,0,data/benign_original/benign/4197fc76b3e00145191b260c9ae8e98531d966202669ad39d34137ce303d3566.png
ee62c1381cdaef1e96339c75d5058bad66c835f033501bd895e771794d38100f,0,data/benign_original/benign/ee62c1381cdaef1e96339c75d5058bad66c835f033501bd895e771794d38100f.png
8e7eac5013699d34af9b001e61be38b410d98ef661ad11af37b356606eb63799,0,data/benign_original/benign/8e7eac5013699d34af9b001e61be38b410d98ef661ad11af37b356606eb63799.png
d8c4404dba5a4523b7f4d0bb809f715d1bcd171d2137df5c60affcd960d94216,0,data/benign_original/benign/d8c4404dba5a4523b7f4d0bb809f715d1bcd171d2137df5c60affcd960d94216.png
ccdf71a503591da83285ceab1f31a5c2c63043bc051d9ebde1ab4dcc05a764b8,0,data/benign_original/benign/ccdf71a503591da83285ceab1f31a5c2c63043bc051d9ebde1ab4dcc05a764b8.png
cef3f63438c8ca73caeae66f94c94d9999efedcbe791732cde4034f1206e7fd4,0,data/benign_original/benign/cef3f63438c8ca73caeae66f94c94d9999efedcbe791732cde4034f1206e7fd4.png
f4b4749dc262e2530af172163806631ef2de1da5d0362892261555d0fdfbbb15,0,data/benign_original/benign/f4b4749dc262e2530af172163806631ef2de1da5d0362892261555d0fdfbbb15.png
978eb50ce360bb734766d3aad201a544999e188947b905cece76cedc2da7c72d,0,data/benign_original/benign/978eb50ce360bb734766d3aad201a544999e188947b905cece76cedc2da7c72d.png
dccec771965ef1f6ef346b0dba096e32b63f427b1365c1a6834a2af2a4a00891,0,data/benign_original/benign/dccec771965ef1f6ef346b0dba096e32b63f427b1365c1a6834a2af2a4a00891.png
f85c170de77dfc7c653e19433cef289a3500eb7b4e65349b3b442d526553dcff,0,data/benign_original/benign/f85c170de77dfc7c653e19433cef289a3500eb7b4e65349b3b442d526553dcff.png
cc599654fcaa6406e686560064e6d359b78364b209104044d03357049cee49db,0,data/benign_original/benign/cc599654fcaa6406e686560064e6d359b78364b209104044d03357049cee49db.png
bc0d87a0364a004315863a36647a122fb72821d944d465a02bcb545c899034f0,0,data/benign_original/benign/bc0d87a0364a004315863a36647a122fb72821d944d465a02bcb545c899034f0.png
9d0cbdaa28c492fc8deef2174cda055883c9659ecef8b55b502bf75dd59edaea,1,data/malware_images/images/Gozi/9d0cbdaa28c492fc8deef2174cda055883c9659ecef8b55b502bf75dd59edaea.png
d65e893c752a1e37c04be2fa066697d37bd5f6bdda53a59f2688ec785994c3e7,0,data/benign_original/benign/d65e893c752a1e37c04be2fa066697d37bd5f6bdda53a59f2688ec785994c3e7.png
bf86a5eacefd565c673b90cfbd1b476f96c24d1bb913a5f755c58358b34583da,0,data/benign_original/benign/bf86a5eacefd565c673b90cfbd1b476f96c24d1bb913a5f755c58358b34583da.png
dc43ad125915c376c55ce954b85a778f5a45af448e0bcdb204a55dbcc4162873,0,data/benign_original/benign/dc43ad125915c376c55ce954b85a778f5a45af448e0bcdb204a55dbcc4162873.png
aaffeebd785f0cb44249abb39b081f0c1a80ede5aa0e499137c9c1aa3d16fd81,0,data/benign_original/benign/aaffeebd785f0cb44249abb39b081f0c1a80ede5aa0e499137c9c1aa3d16fd81.png
b58d1ee3d0f83a34999cfd4baa657c8a56993ca17be4284f658aaa067227e9ac,0,data/benign_original/benign/b58d1ee3d0f83a34999cfd4baa657c8a56993ca17be4284f658aaa067227e9ac.png
bde7342edff751cbd2687030122ee4eae5b05bd2a9da2eb0acea482516a8ba09,0,data/benign_original/benign/bde7342edff751cbd2687030122ee4eae5b05bd2a9da2eb0acea482516a8ba09.png
e83b09c0e5acc8dc356c233908657380e756fad4f24748b8d33ac9b50992c11f,0,data/benign_original/benign/e83b09c0e5acc8dc356c233908657380e756fad4f24748b8d33ac9b50992c11f.png
b98c52699b55bb4923b116eb1d564740c75fb322e7bdc2298c7c39b8f8304459,0,data/benign_original/benign/b98c52699b55bb4923b116eb1d564740c75fb322e7bdc2298c7c39b8f8304459.png
d870ee69ed94ee8372bc31d2186ff6eba5c9c0a8f4af49dabe03086b559bd177,0,data/benign_original/benign/d870ee69ed94ee8372bc31d2186ff6eba5c9c0a8f4af49dabe03086b559bd177.png
3f3fe9ecad7f30fc80cdfb678d7ca27a30d0575a73818746e98be9170d3be348,0,data/benign_original/benign/3f3fe9ecad7f30fc80cdfb678d7ca27a30d0575a73818746e98be9170d3be348.png
e18c02ba480e83489976314a0a79441108faf4d246292eba1eadd36ce4fc6acd,0,data/benign_original/benign/e18c02ba480e83489976314a0a79441108faf4d246292eba1eadd36ce4fc6acd.png
2171947c8bc08fd32025d883f0668feefa0a43b4519889172df3dbc5f5ffe8d1,1,data/malware_images/images/njrat/2171947c8bc08fd32025d883f0668feefa0a43b4519889172df3dbc5f5ffe8d1.png
bdde3b8e6d80c5adc3242cddca65e9ab7d958eb017365f4f8c1bd8d1dbb0ade5,0,data/benign_original/benign/bdde3b8e6d80c5adc3242cddca65e9ab7d958eb017365f4f8c1bd8d1dbb0ade5.png
fd85283cba2bb88306c446befe285f4d74177bdc7c844e05c3ce9c9a3f41e9db,0,data/benign_original/benign/fd85283cba2bb88306c446befe285f4d74177bdc7c844e05c3ce9c9a3f41e9db.png
bfc674e91850002e61539e1c65913b6905af6f81c64a39b4a2bc8057501fdbcb,0,data/benign_original/benign/bfc674e91850002e61539e1c65913b6905af6f81c64a39b4a2bc8057501fdbcb.png
dd5a5090eddfa12b666eb30b19fa872d1fe41537fd451aed4dbfc7c4a93acf95,0,data/benign_original/benign/dd5a5090eddfa12b666eb30b19fa872d1fe41537fd451aed4dbfc7c4a93acf95.png
db9a91b068d0688fce42861e61d011cfa203672e3d98e4855f21f1d58675182f,0,data/benign_original/benign/db9a91b068d0688fce42861e61d011cfa203672e3d98e4855f21f1d58675182f.png
c0dcc641eb9a65b69b4c2f6941c73fd510f21505a0b87a4af548b5712b8e6a10,0,data/benign_original/benign/c0dcc641eb9a65b69b4c2f6941c73fd510f21505a0b87a4af548b5712b8e6a10.png
c69941b83dd9b84727b66ec2b737c4d4307f57d00e2b6e02bf6604018e4305ff,0,data/benign_original/benign/c69941b83dd9b84727b66ec2b737c4d4307f57d00e2b6e02bf6604018e4305ff.png
ee6034e2966b345d309ee9389e5e55cc862e93a9d4964d148716ecb4276c5cbf,0,data/benign_original/benign/ee6034e2966b345d309ee9389e5e55cc862e93a9d4964d148716ecb4276c5cbf.png
eaec4a2d0a4b47b8037b918ffb8871655b6eb11add21d6816402ea3342a8c903,0,data/benign_original/benign/eaec4a2d0a4b47b8037b918ffb8871655b6eb11add21d6816402ea3342a8c903.png
c05a5fb1a9ea6d5ada35a16f96b6b930cef5e7f01785ca46fca19964e351cfab,0,data/benign_original/benign/c05a5fb1a9ea6d5ada35a16f96b6b930cef5e7f01785ca46fca19964e351cfab.png
f61afdf4a1c28de573fd2a506ad2a9d56086ea49f3c85fbe8d78846b5adc11fa,0,data/benign_original/benign/f61afdf4a1c28de573fd2a506ad2a9d56086ea49f3c85fbe8d78846b5adc11fa.png
c4290619c95c799e4279789c5c14aa6f1fe6dc5a008980fecccd288a822ff179,0,data/benign_original/benign/c4290619c95c799e4279789c5c14aa6f1fe6dc5a008980fecccd288a822ff179.png
c3f9acf65e4f15a17f74b79fde380004b870a0a2d5eeab1c1a8c29609912f6db,0,data/benign_original/benign/c3f9acf65e4f15a17f74b79fde380004b870a0a2d5eeab1c1a8c29609912f6db.png
d12bac7fd4e2a959faf8ce3e77ef76dbc8f8d3eede4daee16ba75b503c1dacf5,0,data/benign_original/benign/d12bac7fd4e2a959faf8ce3e77ef76dbc8f8d3eede4daee16ba75b503c1dacf5.png
c82312131076ac0a8310dd8555dc85f560e3554ca9bf758026e9c7afc4690ea5,0,data/benign_original/benign/c82312131076ac0a8310dd8555dc85f560e3554ca9bf758026e9c7afc4690ea5.png
ca979b56aab40a9e9a805d54bc4432acc0d6ea01e97921aaa5664e061c095d18,0,data/benign_original/benign/ca979b56aab40a9e9a805d54bc4432acc0d6ea01e97921aaa5664e061c095d18.png
667fba10a1775750b3b63be899f4b097841c71ce531f52366bd47b6b4c474a0f,0,data/benign_original/benign/667fba10a1775750b3b63be899f4b097841c71ce531f52366bd47b6b4c474a0f.png
c7dd721e2a5e9c36d43b34e8ca96a727e456259a0ffb43e99d67da0ef942b728,0,data/benign_original/benign/c7dd721e2a5e9c36d43b34e8ca96a727e456259a0ffb43e99d67da0ef942b728.png
da9672275e3bd304a795e908d5cf024c2dee08bda1a081f049151adbb7285d6f,0,data/benign_original/benign/da9672275e3bd304a795e908d5cf024c2dee08bda1a081f049151adbb7285d6f.png
eddf477a3c7f394c87fc5b3e58c89dd9f7d2d29b48de6aa73c396160b2d3c076,0,data/benign_original/benign/eddf477a3c7f394c87fc5b3e58c89dd9f7d2d29b48de6aa73c396160b2d3c076.png
de3c3cbcd780c0db75f3a1be49a7df16ebd27201a91b225d32422ae4bb561718,0,data/benign_original/benign/de3c3cbcd780c0db75f3a1be49a7df16ebd27201a91b225d32422ae4bb561718.png
fef2c3661653b6c1f2a27713f2c16ea6dba5fd37977b6e1d7a5e85af9043af48,0,data/benign_original/benign/fef2c3661653b6c1f2a27713f2c16ea6dba5fd37977b6e1d7a5e85af9043af48.png
3655283cb2f024e3016788ba0c3df60b89888a20d5be815b20477166097f89a7,0,data/benign_original/benign/3655283cb2f024e3016788ba0c3df60b89888a20d5be815b20477166097f89a7.png
cd9fc956102cf5139b193eee1624aa8401ab8236f0a811e6c437dde5dc90ffbf,0,data/benign_original/benign/cd9fc956102cf5139b193eee1624aa8401ab8236f0a811e6c437dde5dc90ffbf.png
cd0f8aa90882f7da9ca8fb69b0674a0793db6e3cf3efe526c5d99eaaf9c447fc,0,data/benign_original/benign/cd0f8aa90882f7da9ca8fb69b0674a0793db6e3cf3efe526c5d99eaaf9c447fc.png
d58c2694812cf5f6f5660dd892c46e72db967ae7ff1699ee6ef9171e8f7d98d4,0,data/benign_original/benign/d58c2694812cf5f6f5660dd892c46e72db967ae7ff1699ee6ef9171e8f7d98d4.png
ef61e92582a60c072fc527babcc7183ea7b7ba7af03a684eb77d17023de113fe,0,data/benign_original/benign/ef61e92582a60c072fc527babcc7183ea7b7ba7af03a684eb77d17023de113fe.png
c4e4c6d2efac839018418be171a95b9e1737ef993005be2cacb42b4771f88c61,0,data/benign_original/benign/c4e4c6d2efac839018418be171a95b9e1737ef993005be2cacb42b4771f88c61.png
f8912fd0fca0031cce7da54d0077965daad529a2c04cd925ab50eba55fd65c3e,0,data/benign_original/benign/f8912fd0fca0031cce7da54d0077965daad529a2c04cd925ab50eba55fd65c3e.png
ff2a5ff44f6e60d0aec4985e3672de1f72b0517d4dc76b0678578890f0c8857f,0,data/benign_original/benign/ff2a5ff44f6e60d0aec4985e3672de1f72b0517d4dc76b0678578890f0c8857f.png
fa241118b3ccbb05869f1edadf680a95bfe2925c4bfd88842a50f0a721ca885e,0,data/benign_original/benign/fa241118b3ccbb05869f1edadf680a95bfe2925c4bfd88842a50f0a721ca885e.png
abc8861cd68131b3f5a9bb73c748946e119e08f7d997df9557a8c9fc0a09b588,0,data/benign_original/benign/abc8861cd68131b3f5a9bb73c748946e119e08f7d997df9557a8c9fc0a09b588.png
dfdcf75e4c7f51232740fdd86963ede7596ca0fd1801c478ac9dd5596504fbec,0,data/benign_original/benign/dfdcf75e4c7f51232740fdd86963ede7596ca0fd1801c478ac9dd5596504fbec.png
d2417f1de20723c96e8b53342db5e338c443fb4f56e3d732a364d0ac9d1dd8ca,0,data/benign_original/benign/d2417f1de20723c96e8b53342db5e338c443fb4f56e3d732a364d0ac9d1dd8ca.png
4f903255b1c80afe77667604fa8f5648918f97348380277ba4cb3a48b2141850,0,data/benign_original/benign/4f903255b1c80afe77667604fa8f5648918f97348380277ba4cb3a48b2141850.png
d863ebe6c951b25010518261e71deb7d18876dbb00634dd402416474f19b1c0a,0,data/benign_original/benign/d863ebe6c951b25010518261e71deb7d18876dbb00634dd402416474f19b1c0a.png
c5036edef12302796a03515e216497ceb804268ecf6b6235f7384e636488d8d9,0,data/benign_original/benign/c5036edef12302796a03515e216497ceb804268ecf6b6235f7384e636488d8d9.png
af0e477405aaad87424cf3930818b4e7901a0077b13b8e0882e9b435ed6f4b4c,0,data/benign_original/benign/af0e477405aaad87424cf3930818b4e7901a0077b13b8e0882e9b435ed6f4b4c.png
86d5e2c5f6d63b1cee922999a4efbb30f0ec16577e1a2df9ea31eea826b723d7,0,data/benign_original/benign/86d5e2c5f6d63b1cee922999a4efbb30f0ec16577e1a2df9ea31eea826b723d7.png
b4474985c59ab279e2dce3874f46cb2490898f841210dd0af521be446bc6f846,0,data/benign_original/benign/b4474985c59ab279e2dce3874f46cb2490898f841210dd0af521be446bc6f846.png
f5025e74de2c1c6ea74e475b57771ac32205e6f1fa6a0390298bbe1f4049ac5d,0,data/benign_original/benign/f5025e74de2c1c6ea74e475b57771ac32205e6f1fa6a0390298bbe1f4049ac5d.png
5dcf031a4bed052dda60d8229b23a9db53b012868f1012438d40032835ac34d7,0,data/benign_original/benign/5dcf031a4bed052dda60d8229b23a9db53b012868f1012438d40032835ac34d7.png
f3530dbc0c33152b4f1f6a6a097a0f6e776e07005e334b2d4d08030a16628e7a,0,data/benign_original/benign/f3530dbc0c33152b4f1f6a6a097a0f6e776e07005e334b2d4d08030a16628e7a.png
d3a38a3902ebdea7e4f36c2de15bb3e515638dc1d3a5ac6f7d6489e93d1eeb23,0,data/benign_original/benign/d3a38a3902ebdea7e4f36c2de15bb3e515638dc1d3a5ac6f7d6489e93d1eeb23.png
c016d102ba265570d15dc2ac43f8bd32d794cf2b7a627eea2db63bf04df01648,0,data/benign_original/benign/c016d102ba265570d15dc2ac43f8bd32d794cf2b7a627eea2db63bf04df01648.png
d71bff26ae9684243fbe6cea56258c8557aa31ba6622c6a835f62ba3e47714ce,0,data/benign_original/benign/d71bff26ae9684243fbe6cea56258c8557aa31ba6622c6a835f62ba3e47714ce.png
c6ef550403b7d729c9df4c5d95774cfaf6bdb63912841cdc0c1765c86630fcef,0,data/benign_original/benign/c6ef550403b7d729c9df4c5d95774cfaf6bdb63912841cdc0c1765c86630fcef.png
464262da62722cf9540fa2bff1c93b65c83254cb5be47272593d71adc31daa79,0,data/benign_original/benign/464262da62722cf9540fa2bff1c93b65c83254cb5be47272593d71adc31daa79.png
b6a979c849487fb6b7819dc63844f936d38d361b6b69ad5774f0bbb8e1e8be7d,0,data/benign_original/benign/b6a979c849487fb6b7819dc63844f936d38d361b6b69ad5774f0bbb8e1e8be7d.png
ea515342e57d7497f7b5abd7b89e771669a5b64b35954a2c3ee49bfc0ee3938f,0,data/benign_original/benign/ea515342e57d7497f7b5abd7b89e771669a5b64b35954a2c3ee49bfc0ee3938f.png
fa166b6b987ce3fb843b2ed1c942c66cc2f16b886ddcd9c9987e10e133813763,0,data/benign_original/benign/fa166b6b987ce3fb843b2ed1c942c66cc2f16b886ddcd9c9987e10e133813763.png
c5d7f9ae6d37b339afb2f90ff16085ddd3e274a6b50006268c34e992c47cf044,0,data/benign_original/benign/c5d7f9ae6d37b339afb2f90ff16085ddd3e274a6b50006268c34e992c47cf044.png
c5cef09b69a727daef45b437d14a9e4cc05dc82901fb5843e2ad82bac1af384f,0,data/benign_original/benign/c5cef09b69a727daef45b437d14a9e4cc05dc82901fb5843e2ad82bac1af384f.png
b60bb2c1ed94a33a7a0921e4838a8c5f0224bc8a3c869c7d6d736867153f7086,0,data/benign_original/benign/b60bb2c1ed94a33a7a0921e4838a8c5f0224bc8a3c869c7d6d736867153f7086.png
dfeed9b3d9dab1421b0a13c18f3967d2ae63aea981ccfe0d21871c2134099f2b,0,data/benign_original/benign/dfeed9b3d9dab1421b0a13c18f3967d2ae63aea981ccfe0d21871c2134099f2b.png
eec7059ed0ba0a6d9e1561ea65ced6b9075ac19aab1f5b0a078db9a3d2ef563a,0,data/benign_original/benign/eec7059ed0ba0a6d9e1561ea65ced6b9075ac19aab1f5b0a078db9a3d2ef563a.png
f83498e19dd079503d8b7df2ca14f30509eded833c0bbd09bf46accebb3d7a77,0,data/benign_original/benign/f83498e19dd079503d8b7df2ca14f30509eded833c0bbd09bf46accebb3d7a77.png
e639daabac7724e6d23b9eda63b9befc28ac8927482eeb595c5dccf317404bec,0,data/benign_original/benign/e639daabac7724e6d23b9eda63b9befc28ac8927482eeb595c5dccf317404bec.png
a8e7f9617d12eb7744754bc45068f3fa96527542655a51571d5e43805d75508f,0,data/benign_original/benign/a8e7f9617d12eb7744754bc45068f3fa96527542655a51571d5e43805d75508f.png
c121e622cba664c953fea40474370b12362f9473502f8e971c9ef3153b3a87f7,0,data/benign_original/benign/c121e622cba664c953fea40474370b12362f9473502f8e971c9ef3153b3a87f7.png
fe31a825af2c75fcbed8c15ab71d9314b3ab9bd2c2dff54e8611b0d957e89509,0,data/benign_original/benign/fe31a825af2c75fcbed8c15ab71d9314b3ab9bd2c2dff54e8611b0d957e89509.png
e7257d6e158fcfc660b6f5b04bc0d60dfb63a416ba3fefef86637963132d883e,0,data/benign_original/benign/e7257d6e158fcfc660b6f5b04bc0d60dfb63a416ba3fefef86637963132d883e.png
2367031635d27b6dd8645d914beb88600b1183d5fe87a04e1766ebb230cbc588,0,data/benign_original/benign/2367031635d27b6dd8645d914beb88600b1183d5fe87a04e1766ebb230cbc588.png
c427b8d98cd830931e49f93f61155b42471a98b101c1b0c423e452ab4abfaeeb,0,data/benign_original/benign/c427b8d98cd830931e49f93f61155b42471a98b101c1b0c423e452ab4abfaeeb.png
fe3a9cbb47d096f5894284f03dfe93b70f8167e43ce4b3e7e930f7faf357a5f1,0,data/benign_original/benign/fe3a9cbb47d096f5894284f03dfe93b70f8167e43ce4b3e7e930f7faf357a5f1.png
fab99627901d86b68c73f7dc3753d879b72d545f45970fe921a9b35c67bfe38e,0,data/benign_original/benign/fab99627901d86b68c73f7dc3753d879b72d545f45970fe921a9b35c67bfe38e.png
fd6cda3cff7e9a238334654db9db53a0740ecf08afb2700033313f8e458fea46,0,data/benign_original/benign/fd6cda3cff7e9a238334654db9db53a0740ecf08afb2700033313f8e458fea46.png
c861ae1201c1ae259c05a3e297e98749eddbadaf649d60aba55f6706f2057652,0,data/benign_original/benign/c861ae1201c1ae259c05a3e297e98749eddbadaf649d60aba55f6706f2057652.png
fc80ed29997a29282dbc30a2a58d640b9eaddc5ee60fc25e0446289db9b77e62,0,data/benign_original/benign/fc80ed29997a29282dbc30a2a58d640b9eaddc5ee60fc25e0446289db9b77e62.png
d75aa0f3958e3544ad521820647ed2636325c4dbbd299b08b531cd46240d3467,0,data/benign_original/benign/d75aa0f3958e3544ad521820647ed2636325c4dbbd299b08b531cd46240d3467.png
dbe9da94c9e7bd581e8d842dd10d62fbde8347ac59e6f82a96387b81352e4e3d,0,data/benign_original/benign/dbe9da94c9e7bd581e8d842dd10d62fbde8347ac59e6f82a96387b81352e4e3d.png
d7ac8d3bc7add86afaa3fba2f642c6af9474c26ecdbf060f1a104ab990e90465,0,data/benign_original/benign/d7ac8d3bc7add86afaa3fba2f642c6af9474c26ecdbf060f1a104ab990e90465.png
b0b296a76fd5b00027896169cf4665bdfc00f1ded1fa5223e9308bffaee6a76c,0,data/benign_original/benign/b0b296a76fd5b00027896169cf4665bdfc00f1ded1fa5223e9308bffaee6a76c.png
d8898efeb49df0853ddaa95b1a44436d2fabb075c4ebc68ba4b8a9de293a1f52,0,data/benign_original/benign/d8898efeb49df0853ddaa95b1a44436d2fabb075c4ebc68ba4b8a9de293a1f52.png
44c53c1111a6cd1c02567d9afa2465ba6eb3c01ed485663586af1d442f77d493,0,data/benign_original/benign/44c53c1111a6cd1c02567d9afa2465ba6eb3c01ed485663586af1d442f77d493.png
2e2a40d004346e95cdb0a91dcd881be1f2ee6d9eef16f239c40f6b4e2383c656,0,data/benign_original/benign/2e2a40d004346e95cdb0a91dcd881be1f2ee6d9eef16f239c40f6b4e2383c656.png
ecf71d13c92917057ffda38e531ac2533079aacd48e34cee5305447a0d02e49e,0,data/benign_original/benign/ecf71d13c92917057ffda38e531ac2533079aacd48e34cee5305447a0d02e49e.png
f4e2cf38a4dab2bccd54f7e2eabcf5685a41dd849c4bdfe8cbfa12ba22d23b78,0,data/benign_original/benign/f4e2cf38a4dab2bccd54f7e2eabcf5685a41dd849c4bdfe8cbfa12ba22d23b78.png
ad76acddd3ad76afb24795a312e7000c1cb3349a2df4ab9e97eef486fe621c0e,0,data/benign_original/benign/ad76acddd3ad76afb24795a312e7000c1cb3349a2df4ab9e97eef486fe621c0e.png
1302667485bd8b4dfcb5cc273cd05da1ca61927b5e923a5acbc2aaa1829ecfa1,0,data/benign_original/benign/1302667485bd8b4dfcb5cc273cd05da1ca61927b5e923a5acbc2aaa1829ecfa1.png
b9f1e9e3e06fc191b7c41944c4be112cfba1b101ce1162fc2296ed070a3e160a,0,data/benign_original/benign/b9f1e9e3e06fc191b7c41944c4be112cfba1b101ce1162fc2296ed070a3e160a.png
dc15e2f2c5a28ed75f9b181960c9161c30ef298a2a9e201ad68bfea78c56530e,0,data/benign_original/benign/dc15e2f2c5a28ed75f9b181960c9161c30ef298a2a9e201ad68bfea78c56530e.png
b37d3aeeac8f2b697eed939a3f43af0b4b2efb691f377c86315769ddcc72ba63,0,data/benign_original/benign/b37d3aeeac8f2b697eed939a3f43af0b4b2efb691f377c86315769ddcc72ba63.png
0a5edf933c8b1431e38882e24bf6097e49df5d8837898f49a9d045b0c6e970b3,0,data/benign_original/benign/0a5edf933c8b1431e38882e24bf6097e49df5d8837898f49a9d045b0c6e970b3.png
e4e3066b36827dff4999f860d451325a9b945a78ce83aab45403b4bcc10e6f34,0,data/benign_original/benign/e4e3066b36827dff4999f860d451325a9b945a78ce83aab45403b4bcc10e6f34.png
c9bbf98fd1fdf92d0a34186aa4f7fae0b6d10b74a41ac31276599cc139f327b3,0,data/benign_original/benign/c9bbf98fd1fdf92d0a34186aa4f7fae0b6d10b74a41ac31276599cc139f327b3.png
fc1574ecd38e5365e03b35d95619294561052554e40cb8f245ae5a686ad258f1,0,data/benign_original/benign/fc1574ecd38e5365e03b35d95619294561052554e40cb8f245ae5a686ad258f1.png
e3e9550f665c86af4aa2390909818a4b8f7c227ef6a47cecdae424a6ce9abed6,0,data/benign_original/benign/e3e9550f665c86af4aa2390909818a4b8f7c227ef6a47cecdae424a6ce9abed6.png
fa8d93c9adc12279791e70ead204cdc5720073da5a9a41329e85c65a72b432d2,0,data/benign_original/benign/fa8d93c9adc12279791e70ead204cdc5720073da5a9a41329e85c65a72b432d2.png
d963a0d4b381349928ae1910473367900520922015bb50856f4c61b0a9f597d9,0,data/benign_original/benign/d963a0d4b381349928ae1910473367900520922015bb50856f4c61b0a9f597d9.png
c8b6d9aaa554bc37cdd3be533cc7a9febba3af7a3e6cf64a34105aeba9761c5e,0,data/benign_original/benign/c8b6d9aaa554bc37cdd3be533cc7a9febba3af7a3e6cf64a34105aeba9761c5e.png
d6de20035b25367a82da6180c45511d9077374c5f96f6cc5fedd2107d61efb9c,0,data/benign_original/benign/d6de20035b25367a82da6180c45511d9077374c5f96f6cc5fedd2107d61efb9c.png
be2cb3a3559aee3a9e7a6cc01a0f427883bb9b3d62d1baae3da0d5f55b239ff5,0,data/benign_original/benign/be2cb3a3559aee3a9e7a6cc01a0f427883bb9b3d62d1baae3da0d5f55b239ff5.png
df15c224c7c1027d6a73a0ccf2a5707652b6e8d72a89719338447bc82b104f20,0,data/benign_original/benign/df15c224c7c1027d6a73a0ccf2a5707652b6e8d72a89719338447bc82b104f20.png
e72e680b680e16d3ece95f59c9386dbdb290e0ae0f7f0ee91ce79da9072b952e,0,data/benign_original/benign/e72e680b680e16d3ece95f59c9386dbdb290e0ae0f7f0ee91ce79da9072b952e.png
fe2692b891dfcdaa1b3d15844b27d6f958a1f789f95a416debad032405260b22,0,data/benign_original/benign/fe2692b891dfcdaa1b3d15844b27d6f958a1f789f95a416debad032405260b22.png
f7709a5af98089e599d92a0159abbb1747311751d9dcff8f7554d3968649aed8,0,data/benign_original/benign/f7709a5af98089e599d92a0159abbb1747311751d9dcff8f7554d3968649aed8.png
f422ef0e18177d9ee0edfd48863734a33932c077152a7dc5f66925a64f514dff,0,data/benign_original/benign/f422ef0e18177d9ee0edfd48863734a33932c077152a7dc5f66925a64f514dff.png
27442c2dbdef8c0cb2ff118773a0c1d90ce619139c0d4bdb20e799f6ec421853,0,data/benign_original/benign/27442c2dbdef8c0cb2ff118773a0c1d90ce619139c0d4bdb20e799f6ec421853.png
f4b6e91512fe0328b34038152db2ef8e101969d8db2c372bfeff213a6f5066a9,1,data/malware_images/images/Trickbot/f4b6e91512fe0328b34038152db2ef8e101969d8db2c372bfeff213a6f5066a9.png
c60253e5f23916f5a4110997ab4c8cc3870215e6b1439362f8810687eb822806,0,data/benign_original/benign/c60253e5f23916f5a4110997ab4c8cc3870215e6b1439362f8810687eb822806.png
e5f78f4e290dd225fbeee77c361ad0527c71f9623c445952c2348599022fb8f9,0,data/benign_original/benign/e5f78f4e290dd225fbeee77c361ad0527c71f9623c445952c2348599022fb8f9.png
5796cc2994f387f529e63b252b64496c7eea788cb1b6dd413a2501a8b6adada1,0,data/benign_original/benign/5796cc2994f387f529e63b252b64496c7eea788cb1b6dd413a2501a8b6adada1.png
0c8af4bbf3e29c4ab7dd8372725a931985b669d15b82615ab05838ed348bf558,0,data/benign_original/benign/0c8af4bbf3e29c4ab7dd8372725a931985b669d15b82615ab05838ed348bf558.png
03aed529543ac4ce2d9bb6b325f59686a06f1e9df112cf719a8e5222fffda801,0,data/benign_original/benign/03aed529543ac4ce2d9bb6b325f59686a06f1e9df112cf719a8e5222fffda801.png
f3a5a6a4b34301436d380872c3f4a4d2e5cde981c84bddc66b8bb3bf85cd5d1c,0,data/benign_original/benign/f3a5a6a4b34301436d380872c3f4a4d2e5cde981c84bddc66b8bb3bf85cd5d1c.png
c1f0f17d41ce8dea4c053eee4ed998a26fe4c070213c83211e976326b693f148,0,data/benign_original/benign/c1f0f17d41ce8dea4c053eee4ed998a26fe4c070213c83211e976326b693f148.png
b66648bfb5159ba02a9f2ca4dbb4aa11563d714fcf2bbae0d49e90f928892358,0,data/benign_original/benign/b66648bfb5159ba02a9f2ca4dbb4aa11563d714fcf2bbae0d49e90f928892358.png
c4ed8f65c5a0dbf325482a69ab9f8cbd8c97d6120b87ce90ac4cba54ac7d377a,0,data/benign_original/benign/c4ed8f65c5a0dbf325482a69ab9f8cbd8c97d6120b87ce90ac4cba54ac7d377a.png
f368ce0b0f0258379155aa87d69f86eabeadfd9516990a0bd7d4ea66bf5fcedd,0,data/benign_original/benign/f368ce0b0f0258379155aa87d69f86eabeadfd9516990a0bd7d4ea66bf5fcedd.png
f5258b1726629d3ec56c54c351715a565461b5a64bd85c871ec7fa270e1ed826,0,data/benign_original/benign/f5258b1726629d3ec56c54c351715a565461b5a64bd85c871ec7fa270e1ed826.png
f67e56a7d4dd50d72381811cc2ce398add28b976c98829b5bbff03a0cd765cae,0,data/benign_original/benign/f67e56a7d4dd50d72381811cc2ce398add28b976c98829b5bbff03a0cd765cae.png
7eef714fc5db03b3f45f8e2226e4c3876864f2baa13ca1730324147ca6957c96,0,data/benign_original/benign/7eef714fc5db03b3f45f8e2226e4c3876864f2baa13ca1730324147ca6957c96.png
b2f57674b909bf5c53c42509620dc8f61d61f4e0e38abcbf83681592fbf06f32,0,data/benign_original/benign/b2f57674b909bf5c53c42509620dc8f61d61f4e0e38abcbf83681592fbf06f32.png
e4ca6b454b925474c480c41029720fd00678666b20890b718236e12b59e3bcea,0,data/benign_original/benign/e4ca6b454b925474c480c41029720fd00678666b20890b718236e12b59e3bcea.png
eadd30df2a0387d320e222cd203e5c423ec99803389abe5d39b6068db6271c4c,0,data/benign_original/benign/eadd30df2a0387d320e222cd203e5c423ec99803389abe5d39b6068db6271c4c.png
eb5a97f951f1f4e84b0d07dd00d28d6009ec9097cfaed4fc54f6f382f4ef5aaf,0,data/benign_original/benign/eb5a97f951f1f4e84b0d07dd00d28d6009ec9097cfaed4fc54f6f382f4ef5aaf.png
fbf41e4b53f51bbf73fee37b6120103fea6b7d5ae29916f8ef50c50cfdedeead,0,data/benign_original/benign/fbf41e4b53f51bbf73fee37b6120103fea6b7d5ae29916f8ef50c50cfdedeead.png
e10133f49597aa77d7a41265fbd6955cdf1337897af2cbed6e71d9667918a936,0,data/benign_original/benign/e10133f49597aa77d7a41265fbd6955cdf1337897af2cbed6e71d9667918a936.png
f2fa79d20a62fc522774243ff1a53b97cb29a3b7ea96b4a46c28decd864edc1c,0,data/benign_original/benign/f2fa79d20a62fc522774243ff1a53b97cb29a3b7ea96b4a46c28decd864edc1c.png
e793911a141792d8ff5cdae188bd506ebfd87cea75f27bd95ff74a1d5d98ecb2,0,data/benign_original/benign/e793911a141792d8ff5cdae188bd506ebfd87cea75f27bd95ff74a1d5d98ecb2.png
c7753a2ba4f012359c7f00586e505b94cd16d8ef8ba522871729f1e420753b1c,0,data/benign_original/benign/c7753a2ba4f012359c7f00586e505b94cd16d8ef8ba522871729f1e420753b1c.png
ece86e8a88de3a06ebda73d8945dda04df9a94a0c8f949c9c3e1c3d2355ca526,0,data/benign_original/benign/ece86e8a88de3a06ebda73d8945dda04df9a94a0c8f949c9c3e1c3d2355ca526.png
eb3c9703200c2ec26a43745d802121820dd8c6997da44e4ee6fdd1557c6ef2df,1,data/malware_images/images/Gozi/eb3c9703200c2ec26a43745d802121820dd8c6997da44e4ee6fdd1557c6ef2df.png
c8071db3c986769eb97ab8bce69c252a5881e7049d46a62788095bd674d8d9cf,0,data/benign_original/benign/c8071db3c986769eb97ab8bce69c252a5881e7049d46a62788095bd674d8d9cf.png
b43899414c348d93da342e7f0bd2a03a29495836fbe98d8f6ffe0ef0885f007a,0,data/benign_original/benign/b43899414c348d93da342e7f0bd2a03a29495836fbe98d8f6ffe0ef0885f007a.png
a990147b64ebcfe55e08e88a7d937c0a44e9fbe335589ac75b091ce4b177fe7d,0,data/benign_original/benign/a990147b64ebcfe55e08e88a7d937c0a44e9fbe335589ac75b091ce4b177fe7d.png
8b3d0f667e789aada31ebcff914bf61e811d33c9faf6205424e3b27bad4ffebb,1,data/malware_images/images/njrat/8b3d0f667e789aada31ebcff914bf61e811d33c9faf6205424e3b27bad4ffebb.png
f46c6f4eb93694e838d8e7d144688228cb42a153e7ed0b6f81f9a5025111c8d1,0,data/benign_original/benign/f46c6f4eb93694e838d8e7d144688228cb42a153e7ed0b6f81f9a5025111c8d1.png
ff27840eda1261f8ac81c63d991ca67cf479918d91dcbedbbf4965bd2b6d2caa,0,data/benign_original/benign/ff27840eda1261f8ac81c63d991ca67cf479918d91dcbedbbf4965bd2b6d2caa.png
e887e1f0c49b52ca4cc5de13aaf9dfe48ee0af74812e4f1cc79c41673badc41a,0,data/benign_original/benign/e887e1f0c49b52ca4cc5de13aaf9dfe48ee0af74812e4f1cc79c41673badc41a.png
d26c2cd88d55975d8a2776947450e61411f35fc1ed56ef43014396f4336ab509,0,data/benign_original/benign/d26c2cd88d55975d8a2776947450e61411f35fc1ed56ef43014396f4336ab509.png
b50fb00b98ab8afbd86313a51b5a87552e882aac31c9087eaaa5a0aed8ef2fe1,0,data/benign_original/benign/b50fb00b98ab8afbd86313a51b5a87552e882aac31c9087eaaa5a0aed8ef2fe1.png
ef858261dc19fc4907b7758d5c4d8db66579a27b1477c7dad343eb6f8ea7abb0,0,data/benign_original/benign/ef858261dc19fc4907b7758d5c4d8db66579a27b1477c7dad343eb6f8ea7abb0.png
c7a62289406b0be5edbc9548c20bdd2ff66421de68c8a9e5093e6a20009ce53d,0,data/benign_original/benign/c7a62289406b0be5edbc9548c20bdd2ff66421de68c8a9e5093e6a20009ce53d.png
a8614ba7b98ad576032d8610ff9b74bb402e1498c41f9f330e7a0df326852de3,0,data/benign_original/benign/a8614ba7b98ad576032d8610ff9b74bb402e1498c41f9f330e7a0df326852de3.png
ba43a43ef28ac663b5afa60cd135a6ac822605bb556a39dc09108a9f491f3ced,0,data/benign_original/benign/ba43a43ef28ac663b5afa60cd135a6ac822605bb556a39dc09108a9f491f3ced.png
b52f2b9de19d12b0e727e13e3dde93009e487bfb2dd97fd23952c7080949d97e,0,data/benign_original/benign/b52f2b9de19d12b0e727e13e3dde93009e487bfb2dd97fd23952c7080949d97e.png
c1fb08303317b4a20458fb8cc71d25e2339ed773e1026cdfbd828cec6fd23ce7,0,data/benign_original/benign/c1fb08303317b4a20458fb8cc71d25e2339ed773e1026cdfbd828cec6fd23ce7.png
b0f62abd2525fb9c2aec9739702b743e62dcbce6170821fc1bde13128ad920c3,0,data/benign_original/benign/b0f62abd2525fb9c2aec9739702b743e62dcbce6170821fc1bde13128ad920c3.png
ccca1aa46fe4a35dd6775c24d1dfa076f4d0c0475d948976e7d90096194f7a6b,0,data/benign_original/benign/ccca1aa46fe4a35dd6775c24d1dfa076f4d0c0475d948976e7d90096194f7a6b.png
fffcdace754e1601e07472f41fd6a7c6371f3354e530435ac0e6d633485a2973,0,data/benign_original/benign/fffcdace754e1601e07472f41fd6a7c6371f3354e530435ac0e6d633485a2973.png
1f49ba3bc8f2f78a2d683c02b34023b61b3bf3464fc15b629dd30b184e49306b,0,data/benign_original/benign/1f49ba3bc8f2f78a2d683c02b34023b61b3bf3464fc15b629dd30b184e49306b.png
b89a617646199ae886279aa1d0ff836c0aa611c2e5f53c82ce9d7b1c3ee0b451,0,data/benign_original/benign/b89a617646199ae886279aa1d0ff836c0aa611c2e5f53c82ce9d7b1c3ee0b451.png
b4a29291afd4e8845a55a9fea243f601fb0199ca32ffb852000c2a03c4865233,0,data/benign_original/benign/b4a29291afd4e8845a55a9fea243f601fb0199ca32ffb852000c2a03c4865233.png
b61a3bd19338f75abef883834c0a332c862d9dee1381ac53b0d1dd9b6accab4a,0,data/benign_original/benign/b61a3bd19338f75abef883834c0a332c862d9dee1381ac53b0d1dd9b6accab4a.png
1d2d450742e4ed4fb8486fd7e3892828dd97bbf63f0e23b0975725bdc18ce766,0,data/benign_original/benign/1d2d450742e4ed4fb8486fd7e3892828dd97bbf63f0e23b0975725bdc18ce766.png
0757acc2fa68b90fbd889e673bfe5f619b8f8f92a1fa28888fac9a3dba5f3708,0,data/benign_original/benign/0757acc2fa68b90fbd889e673bfe5f619b8f8f92a1fa28888fac9a3dba5f3708.png
bbf7fd726d63b469fc4304ab10071f847f5518dfe4350bbeaf19889c56a39cc0,0,data/benign_original/benign/bbf7fd726d63b469fc4304ab10071f847f5518dfe4350bbeaf19889c56a39cc0.png
fcaac33922f1063b05f59f9ba25334b0bd6c26fa07673096f79c3a52eaa6bac4,0,data/benign_original/benign/fcaac33922f1063b05f59f9ba25334b0bd6c26fa07673096f79c3a52eaa6bac4.png
bca7d347608575ff61a5f59b316adad23d11bc9725a9e4ebbff85e7d132f25a9,0,data/benign_original/benign/bca7d347608575ff61a5f59b316adad23d11bc9725a9e4ebbff85e7d132f25a9.png
e4d84e15e1858f5b75f1c77eda1037aaa9c29e35975a5ad16334a1ebd427824c,0,data/benign_original/benign/e4d84e15e1858f5b75f1c77eda1037aaa9c29e35975a5ad16334a1ebd427824c.png
f764c30a196f15927595120419390706b58acb148b91def9ec3d30155dc16dbb,1,data/malware_images/images/njrat/f764c30a196f15927595120419390706b58acb148b91def9ec3d30155dc16dbb.png
f3e8ce1df045f0cc96bd06af8ae57c745d462146e4cc0e1dba5841aae605d352,0,data/benign_original/benign/f3e8ce1df045f0cc96bd06af8ae57c745d462146e4cc0e1dba5841aae605d352.png
2c8b6b0497ac12ab7641342e07eca16b661b31e81444798799d4b186306a9a77,0,data/benign_original/benign/2c8b6b0497ac12ab7641342e07eca16b661b31e81444798799d4b186306a9a77.png
d1690b602cb317f7f1e1e13e3fc5819ad8b5b38a92d812078afb1b408ccc4b69,0,data/benign_original/benign/d1690b602cb317f7f1e1e13e3fc5819ad8b5b38a92d812078afb1b408ccc4b69.png
c5b07dcb83d583f8d5dffe63b8fc53d0531f2acd3a5fb9eeaf561ac457fac8aa,0,data/benign_original/benign/c5b07dcb83d583f8d5dffe63b8fc53d0531f2acd3a5fb9eeaf561ac457fac8aa.png
cf3abfdd28fd67fd4afde024f45d3f5f6f65e155e5c24eb7efc178a2dd79482a,0,data/benign_original/benign/cf3abfdd28fd67fd4afde024f45d3f5f6f65e155e5c24eb7efc178a2dd79482a.png
e35c82ce9caa98bf2c40096d77e466e360625fb0579e3b9c44283bb8a88938f5,0,data/benign_original/benign/e35c82ce9caa98bf2c40096d77e466e360625fb0579e3b9c44283bb8a88938f5.png
27cadc3bf6cace7b8d661f8d818a3e05fb063b4b5da8f1e91ceccdfe84b2aad0,0,data/benign_original/benign/27cadc3bf6cace7b8d661f8d818a3e05fb063b4b5da8f1e91ceccdfe84b2aad0.png
ea23036eef8fccf8c8ff7eed830741d8d702203b720f1b61e882f5a066521869,0,data/benign_original/benign/ea23036eef8fccf8c8ff7eed830741d8d702203b720f1b61e882f5a066521869.png
b07719834e2229634191084e6acba7e278918a019d6039c8adf00144af27269b,0,data/benign_original/benign/b07719834e2229634191084e6acba7e278918a019d6039c8adf00144af27269b.png
d019535b29b93b66a6a7c37b3f49d18991a81f1d8cd6333e28104ebc2ebc7381,0,data/benign_original/benign/d019535b29b93b66a6a7c37b3f49d18991a81f1d8cd6333e28104ebc2ebc7381.png
ee78c4ce715d66674979e048e940de727523c169c05df658a3a6d65ead318162,0,data/benign_original/benign/ee78c4ce715d66674979e048e940de727523c169c05df658a3a6d65ead318162.png
d82b2f999540ea4c81fe02b8bdb60d326686de305718b76b4ea353278a366b33,0,data/benign_original/benign/d82b2f999540ea4c81fe02b8bdb60d326686de305718b76b4ea353278a366b33.png
73f3b5c2bbc0fec8069b83e0306d3ae8b98816bec8bb778ae28281da6bcdc490,1,data/malware_images/images/Gozi/73f3b5c2bbc0fec8069b83e0306d3ae8b98816bec8bb778ae28281da6bcdc490.png
b51bdb26c1a6560e7ec83ae3f2a20d1fbd8ce61f28b85d04220cad72a3d01c17,0,data/benign_original/benign/b51bdb26c1a6560e7ec83ae3f2a20d1fbd8ce61f28b85d04220cad72a3d01c17.png
e0d3ba153eaa3cda7ea75f809791da08036ab67d3e0abcc9ab5bc649b39a0cff,0,data/benign_original/benign/e0d3ba153eaa3cda7ea75f809791da08036ab67d3e0abcc9ab5bc649b39a0cff.png
202bec0f63167ed57fcb55db48c9830a5323d72c662d9a58b691d16ce4db8c1e,0,data/benign_original/benign/202bec0f63167ed57fcb55db48c9830a5323d72c662d9a58b691d16ce4db8c1e.png
e206f38644d023162296dfe0dd29e87bb4d5599d52954d5f7c75387989c94757,0,data/benign_original/benign/e206f38644d023162296dfe0dd29e87bb4d5599d52954d5f7c75387989c94757.png
52c90aa57a38c5864085da2b2df44d4279a46c81d9b2e00bc7f9d4eaabcd2cbb,0,data/benign_original/benign/52c90aa57a38c5864085da2b2df44d4279a46c81d9b2e00bc7f9d4eaabcd2cbb.png
d544297ee475f4338afbc5e4e5b63bdd4d8c04999649b2c16ac7b4dce10e3db9,0,data/benign_original/benign/d544297ee475f4338afbc5e4e5b63bdd4d8c04999649b2c16ac7b4dce10e3db9.png
7178f62c1be4286a852d1ed31c987bac471a5bd295fc6f7ef592c97234458515,1,data/malware_images/images/GuLoader/7178f62c1be4286a852d1ed31c987bac471a5bd295fc6f7ef592c97234458515.png
c98091ed44cd76e438ce2e7a9c71b57d37ff45903d365162040af94fa143b9f5,1,data/malware_images/images/GuLoader/c98091ed44cd76e438ce2e7a9c71b57d37ff45903d365162040af94fa143b9f5.png
b4418e20a3ad2c68c7c83be55c316212656bde791c6307417f98783959ad3638,0,data/benign_original/benign/b4418e20a3ad2c68c7c83be55c316212656bde791c6307417f98783959ad3638.png
e9f638eff4f1d5ac623c1864de05e429d47f01bdfbcf26ea804d4e404d7bce5f,0,data/benign_original/benign/e9f638eff4f1d5ac623c1864de05e429d47f01bdfbcf26ea804d4e404d7bce5f.png
c182117ee6c4a27ef8cd7399a5f2ef21757d0fbbf2532204ebf093435eedff77,0,data/benign_original/benign/c182117ee6c4a27ef8cd7399a5f2ef21757d0fbbf2532204ebf093435eedff77.png
efcf856a4f69b6a67c1dd6007e650f0fc350b939ab9ddbaf7bc34257e76686ef,0,data/benign_original/benign/efcf856a4f69b6a67c1dd6007e650f0fc350b939ab9ddbaf7bc34257e76686ef.png
bc88f575ecdd166d830484629cb200f48c7db828dd328f0a9879f87a741a48db,0,data/benign_original/benign/bc88f575ecdd166d830484629cb200f48c7db828dd328f0a9879f87a741a48db.png
e22209fa6f374c267757ea8e6647209c7f831c8639d4a279d55223d35b06f507,0,data/benign_original/benign/e22209fa6f374c267757ea8e6647209c7f831c8639d4a279d55223d35b06f507.png
d450598224c200a67dc641f7b658157b10dfbf2b51b45ad6ceb4836b8181395b,0,data/benign_original/benign/d450598224c200a67dc641f7b658157b10dfbf2b51b45ad6ceb4836b8181395b.png
fd85a1efb14fbbffd314f8e03c82d767e09b332dd26dfab208f7054b20d55dcf,0,data/benign_original/benign/fd85a1efb14fbbffd314f8e03c82d767e09b332dd26dfab208f7054b20d55dcf.png
f19b25cae84d382bf54327ea24815967fe81fe4da2ff237122b182d4f6b17438,0,data/benign_original/benign/f19b25cae84d382bf54327ea24815967fe81fe4da2ff237122b182d4f6b17438.png
f80f9ca1be321460a439e8b99531e224a92494209d9b634a928cebd3a18b0ebc,0,data/benign_original/benign/f80f9ca1be321460a439e8b99531e224a92494209d9b634a928cebd3a18b0ebc.png
dfbb3611a285960b082e5404016f521c34bed75977d05e8e728fe84219a90679,0,data/benign_original/benign/dfbb3611a285960b082e5404016f521c34bed75977d05e8e728fe84219a90679.png
c51f3cd40c6ef0542c8f87802e47e0092d4eb03e93aaad7a691f01cc0b11bb4e,0,data/benign_original/benign/c51f3cd40c6ef0542c8f87802e47e0092d4eb03e93aaad7a691f01cc0b11bb4e.png
f5c395acf4a238f5a2c820b7bc8b9de96fe14c00c3c25145ac367326b0fd6563,0,data/benign_original/benign/f5c395acf4a238f5a2c820b7bc8b9de96fe14c00c3c25145ac367326b0fd6563.png
ebbd1d6418399e3ff4136fed0ceb9d05d8aba934e352d233d279d1f42957574d,0,data/benign_original/benign/ebbd1d6418399e3ff4136fed0ceb9d05d8aba934e352d233d279d1f42957574d.png
c94ac2f3b2dcd85da4c0f23fb6bf17b7d8107e9d7e06901af19f0b2412221d4a,0,data/benign_original/benign/c94ac2f3b2dcd85da4c0f23fb6bf17b7d8107e9d7e06901af19f0b2412221d4a.png
ef094fdb0ff891dc935f2c7292bdbcf0425b2d9dc3fe390145ab6d768d1fbed4,0,data/benign_original/benign/ef094fdb0ff891dc935f2c7292bdbcf0425b2d9dc3fe390145ab6d768d1fbed4.png
a5a1f315fb88754bb4b99c6552e353c3a7606c791264f6b1f3b20fa2b94376e7,0,data/benign_original/benign/a5a1f315fb88754bb4b99c6552e353c3a7606c791264f6b1f3b20fa2b94376e7.png
f7778c91700d5bcb01e3b02a7a6eb89c5dd69ac270fbd89c6c9e90a3c5bca3b9,0,data/benign_original/benign/f7778c91700d5bcb01e3b02a7a6eb89c5dd69ac270fbd89c6c9e90a3c5bca3b9.png
b237baebe2c0f58aab30c03a41fcdda2479b17bb20d8f7ce35b6d0e38a6c7d5d,0,data/benign_original/benign/b237baebe2c0f58aab30c03a41fcdda2479b17bb20d8f7ce35b6d0e38a6c7d5d.png
cb8162db749e408e9af6fdf59b8a75d6548abbc11ed83c9b5d107a166d4c5d1b,0,data/benign_original/benign/cb8162db749e408e9af6fdf59b8a75d6548abbc11ed83c9b5d107a166d4c5d1b.png
71042d1c33cb49ff3cfe79416497b82b9f58a7e3179da4a1e5ce0e9a55342935,1,data/malware_images/images/GuLoader/71042d1c33cb49ff3cfe79416497b82b9f58a7e3179da4a1e5ce0e9a55342935.png
e58259826e56a6aa9135a479f63761e829a1b52e2bb1abd06d6a47b84a427f5b,0,data/benign_original/benign/e58259826e56a6aa9135a479f63761e829a1b52e2bb1abd06d6a47b84a427f5b.png
fe93caedf82d1a8f5d78b1ce7ed01987228937fe3d1c6d79ad7a23787bde809c,0,data/benign_original/benign/fe93caedf82d1a8f5d78b1ce7ed01987228937fe3d1c6d79ad7a23787bde809c.png
e8438319c0678811ee18f84065e0174717337b4b032930a5c95f91f6e074a9c7,0,data/benign_original/benign/e8438319c0678811ee18f84065e0174717337b4b032930a5c95f91f6e074a9c7.png
f3024ace3fd3e36e4e02d2f993b7cfef1585aadcced548eff5764b8787da934d,0,data/benign_original/benign/f3024ace3fd3e36e4e02d2f993b7cfef1585aadcced548eff5764b8787da934d.png
c74f6fa76944f237d76aaf40d8fdbfe835bdd5a43c1c09f9ba4cd28af8827fbb,0,data/benign_original/benign/c74f6fa76944f237d76aaf40d8fdbfe835bdd5a43c1c09f9ba4cd28af8827fbb.png
f96c3803a5fcd291a9ebac8b857aaad1cf6fe51c78c084b0b2e3e2f57e16ad11,0,data/benign_original/benign/f96c3803a5fcd291a9ebac8b857aaad1cf6fe51c78c084b0b2e3e2f57e16ad11.png
b46e827da11d413f6d90060118f2eac18f8bdf321d3a9c75993f21fdd582b042,0,data/benign_original/benign/b46e827da11d413f6d90060118f2eac18f8bdf321d3a9c75993f21fdd582b042.png
67aee1184638666b5776af596e05043b12df0d719b21bf4bfeb8cda16796bfab,0,data/benign_original/benign/67aee1184638666b5776af596e05043b12df0d719b21bf4bfeb8cda16796bfab.png
4df54b01e012216c2c376c7f4a2bee56c0dfead5bd9324e69d774274151c9a1c,0,data/benign_original/benign/4df54b01e012216c2c376c7f4a2bee56c0dfead5bd9324e69d774274151c9a1c.png
beff41df9e3a3d49f540720bf5eb587a1e407ff14bb411801246ff6264542ab7,0,data/benign_original/benign/beff41df9e3a3d49f540720bf5eb587a1e407ff14bb411801246ff6264542ab7.png
081529ae6785cf10838b4e9417c42935f10793f8acab6277b5c4821b390585e3,0,data/benign_original/benign/081529ae6785cf10838b4e9417c42935f10793f8acab6277b5c4821b390585e3.png
bc58fe33d6b771742c69b2f6c75c9443d77d5749b98039cb32b1365ad086b291,0,data/benign_original/benign/bc58fe33d6b771742c69b2f6c75c9443d77d5749b98039cb32b1365ad086b291.png
cb74dee42632148ae96441e6f4098047c6bb17e4825d6445f566c9b3d432de5a,0,data/benign_original/benign/cb74dee42632148ae96441e6f4098047c6bb17e4825d6445f566c9b3d432de5a.png
5a9792cc16acc2af55d75009a960737c348995b8dd82874fa8a73736e9e0d548,0,data/benign_original/benign/5a9792cc16acc2af55d75009a960737c348995b8dd82874fa8a73736e9e0d548.png
ff582fbb7645659c8344a04532b9423861142c5f6353f4b9867b0f07ee561af1,0,data/benign_original/benign/ff582fbb7645659c8344a04532b9423861142c5f6353f4b9867b0f07ee561af1.png
b5bf007047adde6bae50210fcf318bfaa7a6f4791b5fb4f5e7f275ce8ceec25d,0,data/benign_original/benign/b5bf007047adde6bae50210fcf318bfaa7a6f4791b5fb4f5e7f275ce8ceec25d.png
c04cc4d24394269d0830478af1fd512482512e85b374c23672f784c8140843d9,0,data/benign_original/benign/c04cc4d24394269d0830478af1fd512482512e85b374c23672f784c8140843d9.png
f38bfb86b3bc62d6a6877f416b44a6444ee081563af121103232f6785bb7e192,0,data/benign_original/benign/f38bfb86b3bc62d6a6877f416b44a6444ee081563af121103232f6785bb7e192.png
fabb7efb7154eb355cc5dcf92cbd11c83e5e9f7da781f051bc30857de695f2b7,0,data/benign_original/benign/fabb7efb7154eb355cc5dcf92cbd11c83e5e9f7da781f051bc30857de695f2b7.png
5edc3922ccbd249917e6e2a45acc2c8a453e61ca2bea5ab4e0ea09fb4496f53e,0,data/benign_original/benign/5edc3922ccbd249917e6e2a45acc2c8a453e61ca2bea5ab4e0ea09fb4496f53e.png
7568cee52e04e89241a680b5bac1f9266115402f86e73b50cf4feac3e1ff8700,0,data/benign_original/benign/7568cee52e04e89241a680b5bac1f9266115402f86e73b50cf4feac3e1ff8700.png
f209964d148e7504c437e3025b90df1f1be8948e24e8460ceea79634db1b66d3,0,data/benign_original/benign/f209964d148e7504c437e3025b90df1f1be8948e24e8460ceea79634db1b66d3.png
c8ac07f3a3543f0051dbb44b6f18c8eaf29b819b1e7afc2769a25ff74b8c2c73,0,data/benign_original/benign/c8ac07f3a3543f0051dbb44b6f18c8eaf29b819b1e7afc2769a25ff74b8c2c73.png
eb65cec81d5e457e257ff53f7b85dcd665c3e774f2ac1920bed642e05230b000,0,data/benign_original/benign/eb65cec81d5e457e257ff53f7b85dcd665c3e774f2ac1920bed642e05230b000.png
dd569c93e31d22f52f167bc9ae0aa66cb459048dd2cda8dd9ec2f764a836a786,0,data/benign_original/benign/dd569c93e31d22f52f167bc9ae0aa66cb459048dd2cda8dd9ec2f764a836a786.png
f364a3188c3c96c9920bae66115647e6ab41677803043f1187e059996bdb739e,0,data/benign_original/benign/f364a3188c3c96c9920bae66115647e6ab41677803043f1187e059996bdb739e.png
cd20c11f9e9e7597292484404dfc8758e78852fbb90dd74437da5befa6da3b32,0,data/benign_original/benign/cd20c11f9e9e7597292484404dfc8758e78852fbb90dd74437da5befa6da3b32.png
f7175170680860595a16c66e71b74d820ede13e3c2781f68404fb2c9e5688e76,0,data/benign_original/benign/f7175170680860595a16c66e71b74d820ede13e3c2781f68404fb2c9e5688e76.png
12e0fdc89be7ca25ba7bb8756481a3bd68dac422f5bd08b368b4ed62ff7e54e3,1,data/malware_images/images/Gozi/12e0fdc89be7ca25ba7bb8756481a3bd68dac422f5bd08b368b4ed62ff7e54e3.png
f216d28446625eeba7efcf4661ff2174e73ab3e365df47bf6361f9c4de65d243,0,data/benign_original/benign/f216d28446625eeba7efcf4661ff2174e73ab3e365df47bf6361f9c4de65d243.png
c28ad9151e7597a5bd1514d68a69b028d6172c188165933f4b1a7576e2b46c05,0,data/benign_original/benign/c28ad9151e7597a5bd1514d68a69b028d6172c188165933f4b1a7576e2b46c05.png
e74165410ab5680cc995d997072b17f3baaf81a999cf8af59b3a241b2389bd77,0,data/benign_original/benign/e74165410ab5680cc995d997072b17f3baaf81a999cf8af59b3a241b2389bd77.png
d892cf9eb8b03e451a9b9ed99dcf1b478a01f57fb467d8314cb4c5e8667826a5,0,data/benign_original/benign/d892cf9eb8b03e451a9b9ed99dcf1b478a01f57fb467d8314cb4c5e8667826a5.png
c4581a0ccb36662b17303fcded5843dedcdc1d7bb8802c008ae608e456723c69,0,data/benign_original/benign/c4581a0ccb36662b17303fcded5843dedcdc1d7bb8802c008ae608e456723c69.png
bcce8a27b2e1e586064b62eb86bb476f095e53cd8cd6712d0d700ab14d92e240,0,data/benign_original/benign/bcce8a27b2e1e586064b62eb86bb476f095e53cd8cd6712d0d700ab14d92e240.png
df0b95c3573ce1e50776e0abf4175e4552168bf6ef593431dbce5ef57e2dcbe0,0,data/benign_original/benign/df0b95c3573ce1e50776e0abf4175e4552168bf6ef593431dbce5ef57e2dcbe0.png
dccc1e7a55bb1d918c8aa7f63c28c4fa11b1f1edff31f455eb1b9447d340fbbc,0,data/benign_original/benign/dccc1e7a55bb1d918c8aa7f63c28c4fa11b1f1edff31f455eb1b9447d340fbbc.png
ee747eaf77aa607e7f68336685ba6a308fd80fbd3b444c647c722f927bd42003,0,data/benign_original/benign/ee747eaf77aa607e7f68336685ba6a308fd80fbd3b444c647c722f927bd42003.png
ef2d7787de06531050ae547813fde47d9bb992724477f991e64214432f293d3e,0,data/benign_original/benign/ef2d7787de06531050ae547813fde47d9bb992724477f991e64214432f293d3e.png
1da4540d3a496622085f4127e1e0f2f226f1f797488d46a6b9591ece9bb6065c,1,data/malware_images/images/Trickbot/1da4540d3a496622085f4127e1e0f2f226f1f797488d46a6b9591ece9bb6065c.png
dfbd6148377c7df482fa436ab2af0ae05a4351e108f71e957ea0ede06ad1e4a2,0,data/benign_original/benign/dfbd6148377c7df482fa436ab2af0ae05a4351e108f71e957ea0ede06ad1e4a2.png
2b8f77719ff7528fc7147d381d98f0171390b94b85f84f9b4483e9322f140726,0,data/benign_original/benign/2b8f77719ff7528fc7147d381d98f0171390b94b85f84f9b4483e9322f140726.png
b70f172b3ad0f07e7915f27a097a6b8c755c37766fc197e224492e9a43f9455b,0,data/benign_original/benign/b70f172b3ad0f07e7915f27a097a6b8c755c37766fc197e224492e9a43f9455b.png
ca88710954106cb4c4f9210d6096b1234eeb7df657132430165a83887e278b56,0,data/benign_original/benign/ca88710954106cb4c4f9210d6096b1234eeb7df657132430165a83887e278b56.png
dfa26f7e8071ef91f7e2fc3e86aa57e9a38b0a99c48b8d4ab3e6a46955736efa,0,data/benign_original/benign/dfa26f7e8071ef91f7e2fc3e86aa57e9a38b0a99c48b8d4ab3e6a46955736efa.png
f2070acb191a2410e6ec69ebc0512063de18431371b1ffc674ea6cc92b3276fe,0,data/benign_original/benign/f2070acb191a2410e6ec69ebc0512063de18431371b1ffc674ea6cc92b3276fe.png
d9f3259ed6dd002da5c299ed2d2541bcb9525d7725a23b7ef338ac8dc3622125,0,data/benign_original/benign/d9f3259ed6dd002da5c299ed2d2541bcb9525d7725a23b7ef338ac8dc3622125.png
b282b41544510e59a40e875239a18b038243be344b1439e19d821eb7622e9230,1,data/malware_images/images/GuLoader/b282b41544510e59a40e875239a18b038243be344b1439e19d821eb7622e9230.png
852b7a4831b702ec280c32fdcfd3d1cbfe3ab24884207d811933191d5162bf99,0,data/benign_original/benign/852b7a4831b702ec280c32fdcfd3d1cbfe3ab24884207d811933191d5162bf99.png
efd067033bf40dd7320190ef8d79e37b9c8daaa64008f655117cf5ce21890df7,0,data/benign_original/benign/efd067033bf40dd7320190ef8d79e37b9c8daaa64008f655117cf5ce21890df7.png
7efacea841e47881128005d46fb5935088cd2f771124aff1d822be9f21a0954b,0,data/benign_original/benign/7efacea841e47881128005d46fb5935088cd2f771124aff1d822be9f21a0954b.png
b82cbc33210f85b74aea1192c14250a14fb4db2a93beabe1228ec753147e6b48,0,data/benign_original/benign/b82cbc33210f85b74aea1192c14250a14fb4db2a93beabe1228ec753147e6b48.png
b2d6e7e991dc9ef154b29f4966f04fd8ed4ebb2c1d1242ea1d5f3e90f8ae5143,0,data/benign_original/benign/b2d6e7e991dc9ef154b29f4966f04fd8ed4ebb2c1d1242ea1d5f3e90f8ae5143.png
f3d2e90cf39bc468f910118b7debc98e7bfe0bf6bd1cdacaf3c514454920dad1,1,data/malware_images/images/njrat/f3d2e90cf39bc468f910118b7debc98e7bfe0bf6bd1cdacaf3c514454920dad1.png
1b8342c0048e13b323224c48caa9aec2952f3a93ed732c85f160916475910675,0,data/benign_original/benign/1b8342c0048e13b323224c48caa9aec2952f3a93ed732c85f160916475910675.png
e70dbe710eaee1ccb4647c51c427a4a4c1787179de3d84276dab96c4809bf61b,0,data/benign_original/benign/e70dbe710eaee1ccb4647c51c427a4a4c1787179de3d84276dab96c4809bf61b.png
59cd1d0af53ea03abee50526e77074de7dab2ec4e3bae4293c0bfcd89b1898a9,0,data/benign_original/benign/59cd1d0af53ea03abee50526e77074de7dab2ec4e3bae4293c0bfcd89b1898a9.png
deb69c7d03ca72788466d6629a4a2bf2624a7d313e96708ac95bbcbda74f661a,0,data/benign_original/benign/deb69c7d03ca72788466d6629a4a2bf2624a7d313e96708ac95bbcbda74f661a.png
81790225736bd1083d92514067bda860558518495f85e1fc39cd6bd39d116ca3,0,data/benign_original/benign/81790225736bd1083d92514067bda860558518495f85e1fc39cd6bd39d116ca3.png
ee4305375127c3043dd2dcce6184f48474d1fddf25fe53e8328895b24cf380d1,0,data/benign_original/benign/ee4305375127c3043dd2dcce6184f48474d1fddf25fe53e8328895b24cf380d1.png
d9a8ca26dd191eab865dc724d242e7ac818d16c921f4c17485f2ced1f3fa9816,0,data/benign_original/benign/d9a8ca26dd191eab865dc724d242e7ac818d16c921f4c17485f2ced1f3fa9816.png
dbab1cb85b403ce92f870fa0fcbce592ad9736231b7d60f80b93d6323746c014,0,data/benign_original/benign/dbab1cb85b403ce92f870fa0fcbce592ad9736231b7d60f80b93d6323746c014.png
8e001cccb07369febbe5ebc9189e5f941120d00fe2f2349868b2f3cd62f385c5,0,data/benign_original/benign/8e001cccb07369febbe5ebc9189e5f941120d00fe2f2349868b2f3cd62f385c5.png
af6171e340d750ea7ca409e63be04068cc9f448a9ea580dc76f1afd82c4ad326,0,data/benign_original/benign/af6171e340d750ea7ca409e63be04068cc9f448a9ea580dc76f1afd82c4ad326.png
7ab4a27812e54a0a4ab0a952707f4e185eefe67c5466e9c47d578056e5dfcdda,0,data/benign_original/benign/7ab4a27812e54a0a4ab0a952707f4e185eefe67c5466e9c47d578056e5dfcdda.png
fa72b6895baf61bd876f11c2fb88255cc07d4a8cba0925b88b1b61a3f56c2492,0,data/benign_original/benign/fa72b6895baf61bd876f11c2fb88255cc07d4a8cba0925b88b1b61a3f56c2492.png
f7363f83429965809e3c1c51e16e328b6556de7b7885d704629ca9b0c115197f,0,data/benign_original/benign/f7363f83429965809e3c1c51e16e328b6556de7b7885d704629ca9b0c115197f.png
f4494459446ae76c5257e9361d8d87763de3e3d65963d8c0f0a7b5d540d966bb,0,data/benign_original/benign/f4494459446ae76c5257e9361d8d87763de3e3d65963d8c0f0a7b5d540d966bb.png
e2802a4a7220255b319aeb7ddf7f5f6856c782748ed7412623a962dd91ac3917,0,data/benign_original/benign/e2802a4a7220255b319aeb7ddf7f5f6856c782748ed7412623a962dd91ac3917.png
e8524774c663b83d8920ceb48a61666e71f098fc0983edb8a32c263d273a1eca,0,data/benign_original/benign/e8524774c663b83d8920ceb48a61666e71f098fc0983edb8a32c263d273a1eca.png
b323ba47ccb7902d6021cc8259cf016e971bddc1831a436824d6bda52bde0c22,0,data/benign_original/benign/b323ba47ccb7902d6021cc8259cf016e971bddc1831a436824d6bda52bde0c22.png
8e644e08d4a20f09d97cf9113848b59e549fb0f3a885137c89a530ba69f904cd,1,data/malware_images/images/Trickbot/8e644e08d4a20f09d97cf9113848b59e549fb0f3a885137c89a530ba69f904cd.png
380616b38e867f0d99ef4666f8d551e97ce56e83be29fcd4567e68b95d707d01,0,data/benign_original/benign/380616b38e867f0d99ef4666f8d551e97ce56e83be29fcd4567e68b95d707d01.png
f66c874cf37161abfccfd586c64f7c2c7022bc41df3aabaf10696c05d2762434,0,data/benign_original/benign/f66c874cf37161abfccfd586c64f7c2c7022bc41df3aabaf10696c05d2762434.png
f77a64848cb6bc4ae6e362bd4bb87c4094ce0e7a923edcda83056854347a111f,0,data/benign_original/benign/f77a64848cb6bc4ae6e362bd4bb87c4094ce0e7a923edcda83056854347a111f.png
d3d27fdc7bd8f72298874b8472c79d480a6d0d304a0ef99d11c6b6c015c3e999,0,data/benign_original/benign/d3d27fdc7bd8f72298874b8472c79d480a6d0d304a0ef99d11c6b6c015c3e999.png
dca96c551af6f54bbb82a09861a8d7f5494a75573b646903b8d3984287aefc1e,0,data/benign_original/benign/dca96c551af6f54bbb82a09861a8d7f5494a75573b646903b8d3984287aefc1e.png
caef603d0522e04fa2cf752388d7174cd9c15fa8377d71cdc624b0db0f850f5e,0,data/benign_original/benign/caef603d0522e04fa2cf752388d7174cd9c15fa8377d71cdc624b0db0f850f5e.png
f70403d2633e7157fb153486bb722cfd93c671d44587ce5ea7ce1c9d56b27133,0,data/benign_original/benign/f70403d2633e7157fb153486bb722cfd93c671d44587ce5ea7ce1c9d56b27133.png
f8b5e5c6a2cc8373a62e0ef018e0f92920a8c11eba00daea4a6d1961e40d3661,0,data/benign_original/benign/f8b5e5c6a2cc8373a62e0ef018e0f92920a8c11eba00daea4a6d1961e40d3661.png
d1c5da2230908b2e6023f86aed3fc87acc95dd937a2669e766577aa5056064b6,0,data/benign_original/benign/d1c5da2230908b2e6023f86aed3fc87acc95dd937a2669e766577aa5056064b6.png
bab3ab8ea579591bdef301abf78a048ed0da5a1dd4ab8fcae70f40a82f77b6e4,0,data/benign_original/benign/bab3ab8ea579591bdef301abf78a048ed0da5a1dd4ab8fcae70f40a82f77b6e4.png
dc3e11dbe8f78eb17cdb06e7b210b0759ae667003c2911aabe4ec606d19e0ceb,0,data/benign_original/benign/dc3e11dbe8f78eb17cdb06e7b210b0759ae667003c2911aabe4ec606d19e0ceb.png
203d5a3aceab4c5290cfb3bbba53882d746ccc1e7937737f928fe89fab34b666,0,data/benign_original/benign/203d5a3aceab4c5290cfb3bbba53882d746ccc1e7937737f928fe89fab34b666.png
17e88c51e6086df7eb89a14584d0e21120442f30764e61080549bd281286f42b,0,data/benign_original/benign/17e88c51e6086df7eb89a14584d0e21120442f30764e61080549bd281286f42b.png
d55ad9ea7952222befaef0e2fad22e3f3c6aa29d33ad7ceda0723f6cb0375700,0,data/benign_original/benign/d55ad9ea7952222befaef0e2fad22e3f3c6aa29d33ad7ceda0723f6cb0375700.png
e468c12ecba5060e15310145475ff4525045d73398319f355961e9b4112f2399,0,data/benign_original/benign/e468c12ecba5060e15310145475ff4525045d73398319f355961e9b4112f2399.png
e5101e99aed6eb9f5b70da67d3cebf783e8ef9edeee68e924eae0bb8fea60c17,0,data/benign_original/benign/e5101e99aed6eb9f5b70da67d3cebf783e8ef9edeee68e924eae0bb8fea60c17.png
cd98f7e275a2dc8730432accd4a2140d39e99b833e857f0aa7d66a3446592d2d,0,data/benign_original/benign/cd98f7e275a2dc8730432accd4a2140d39e99b833e857f0aa7d66a3446592d2d.png
bf9452da8575d6ab61856b43078d42955f4f2287bc6cb9464c8f2a0f0c051f2a,0,data/benign_original/benign/bf9452da8575d6ab61856b43078d42955f4f2287bc6cb9464c8f2a0f0c051f2a.png
0f6e5ae663c6836af0408607f8814f3f14180e5e76f9202cd33e06928c2ebc99,0,data/benign_original/benign/0f6e5ae663c6836af0408607f8814f3f14180e5e76f9202cd33e06928c2ebc99.png
dd50a50cd5681c948370d818686fff4f532d3dda746176b15ddaf5954401ad66,0,data/benign_original/benign/dd50a50cd5681c948370d818686fff4f532d3dda746176b15ddaf5954401ad66.png
e1e3ee8ca7f613428207654809120332bb6df2d6114ec2a1da2f7c9e98293dce,0,data/benign_original/benign/e1e3ee8ca7f613428207654809120332bb6df2d6114ec2a1da2f7c9e98293dce.png
d37633bac02639f3e344ec66abf1d83fdea9226231cd509ccd2fb8e122dca961,0,data/benign_original/benign/d37633bac02639f3e344ec66abf1d83fdea9226231cd509ccd2fb8e122dca961.png
c70196defc74002c22658c8b601f8d7b3ba4fc3ed5ef1f6ee79cf34a932b6538,0,data/benign_original/benign/c70196defc74002c22658c8b601f8d7b3ba4fc3ed5ef1f6ee79cf34a932b6538.png
f29afb0833ca821906b8eb5e3184a2724361d22e2f1d92cca2e167b27a5f0662,0,data/benign_original/benign/f29afb0833ca821906b8eb5e3184a2724361d22e2f1d92cca2e167b27a5f0662.png
e342c9128240a637fb9efcae7574e5d3da846914fcbb34983e1cd800249a2c5a,0,data/benign_original/benign/e342c9128240a637fb9efcae7574e5d3da846914fcbb34983e1cd800249a2c5a.png
ed020bf2149a04c93e6b793aceb08f49171a50eec3cd75c617fda96a16c0dd84,0,data/benign_original/benign/ed020bf2149a04c93e6b793aceb08f49171a50eec3cd75c617fda96a16c0dd84.png
e4fede9a4f0b2db4cf39ac4d87645949a00db902f6f4512675e8aee575a4aca2,0,data/benign_original/benign/e4fede9a4f0b2db4cf39ac4d87645949a00db902f6f4512675e8aee575a4aca2.png
0a2027ea20fd995fd41fbe1a6e6a361dbdc09a83741f1d9e928eddf50030c6b3,0,data/benign_original/benign/0a2027ea20fd995fd41fbe1a6e6a361dbdc09a83741f1d9e928eddf50030c6b3.png
c234aede5c2a856df282d92df34db9cf82229a49ad8060cf50e1af8b47fd0ae3,0,data/benign_original/benign/c234aede5c2a856df282d92df34db9cf82229a49ad8060cf50e1af8b47fd0ae3.png
d74d1cd46905e662bf0a0dca8fc88ddd22936573a73e39c8e26dabd294177e9b,0,data/benign_original/benign/d74d1cd46905e662bf0a0dca8fc88ddd22936573a73e39c8e26dabd294177e9b.png
b2753e0ae6991dbc17d0527d325b06bc33028bf35b56705ced3b122957bc811b,0,data/benign_original/benign/b2753e0ae6991dbc17d0527d325b06bc33028bf35b56705ced3b122957bc811b.png
ff2832f8c13c9bbc1e9c0ffe4ad4de66b66265d4a4999b80dc02bb75dee6f1e1,0,data/benign_original/benign/ff2832f8c13c9bbc1e9c0ffe4ad4de66b66265d4a4999b80dc02bb75dee6f1e1.png
ec04e7aa5155ceaa5665960a722baf3d85fb13cebcdfd21347e08052e6974a59,0,data/benign_original/benign/ec04e7aa5155ceaa5665960a722baf3d85fb13cebcdfd21347e08052e6974a59.png
b6bbea4ce8db1a047888159ad6d989f3c1bc9486ed98bb56423b3c0485690959,0,data/benign_original/benign/b6bbea4ce8db1a047888159ad6d989f3c1bc9486ed98bb56423b3c0485690959.png
c2153dde3b47011e3f99b6d485fa3052cfdd6cf87325a162664b6014fc5416ed,0,data/benign_original/benign/c2153dde3b47011e3f99b6d485fa3052cfdd6cf87325a162664b6014fc5416ed.png
27f1277673d83f49d757265db319753cb6c2b497df3b9f4007ff81bd56cc930b,0,data/benign_original/benign/27f1277673d83f49d757265db319753cb6c2b497df3b9f4007ff81bd56cc930b.png
2f20c89c8c297168e6604f04528812eac2bc8034ddbbd0cd880b0927b17eebbc,1,data/malware_images/images/Gozi/2f20c89c8c297168e6604f04528812eac2bc8034ddbbd0cd880b0927b17eebbc.png
24b17f66f36166c392dbe1df8d4c4f06f8b8560cdc5f1c360e502a053b5b8aa2,0,data/benign_original/benign/24b17f66f36166c392dbe1df8d4c4f06f8b8560cdc5f1c360e502a053b5b8aa2.png
d828b0a2713c4d51550073439dda910dac1b923a648c8c6493360cb41b770555,0,data/benign_original/benign/d828b0a2713c4d51550073439dda910dac1b923a648c8c6493360cb41b770555.png
e4f239a82db383e571446b8f7fe3561342a3a3887d1b187ce389301d0457bba1,0,data/benign_original/benign/e4f239a82db383e571446b8f7fe3561342a3a3887d1b187ce389301d0457bba1.png
c1e0c9413170c9792489f4e3146986ab55920f483aee0e0e0da60831b8a0f7ad,0,data/benign_original/benign/c1e0c9413170c9792489f4e3146986ab55920f483aee0e0e0da60831b8a0f7ad.png
ea871ce351aaf4c03bf5151fff5937c18009cf694cdec6878efa9d1f6ea198e2,0,data/benign_original/benign/ea871ce351aaf4c03bf5151fff5937c18009cf694cdec6878efa9d1f6ea198e2.png
e8d9da20ba2ff3955fed04c1719209b92aabee7105143156dfe6dd6a0c83c26d,0,data/benign_original/benign/e8d9da20ba2ff3955fed04c1719209b92aabee7105143156dfe6dd6a0c83c26d.png
d47addeb5966d07b9033f804347f8125b06db36a1231e245aea19e3de82976f0,0,data/benign_original/benign/d47addeb5966d07b9033f804347f8125b06db36a1231e245aea19e3de82976f0.png
fbb8557f73ab9a207bd67643fdcf9ae34527325d227c53707cebdf0d1c8c4658,0,data/benign_original/benign/fbb8557f73ab9a207bd67643fdcf9ae34527325d227c53707cebdf0d1c8c4658.png
c6e5fb33fbefc224bff0158726e68e16285bbc4b51f62361e320d9c8e85f6dff,0,data/benign_original/benign/c6e5fb33fbefc224bff0158726e68e16285bbc4b51f62361e320d9c8e85f6dff.png
cc49d4bd776f7d04da372b1a31b2b5f9a123036d1a84dc671e4fddbefc163fc6,0,data/benign_original/benign/cc49d4bd776f7d04da372b1a31b2b5f9a123036d1a84dc671e4fddbefc163fc6.png
f4706bccffa5466c02b27239932abd82afb65a24fb04d14697644f8f9ddd5e6f,0,data/benign_original/benign/f4706bccffa5466c02b27239932abd82afb65a24fb04d14697644f8f9ddd5e6f.png
89441cca04cfaebcacaa194a59d78e1fee62fc3c608704401a2dd1035d71d8de,0,data/benign_original/benign/89441cca04cfaebcacaa194a59d78e1fee62fc3c608704401a2dd1035d71d8de.png
ba8f214c82e335b1b003114bf92450b47e1e07d8e23a165564405a2338c755e1,0,data/benign_original/benign/ba8f214c82e335b1b003114bf92450b47e1e07d8e23a165564405a2338c755e1.png
ddd82ce9d18112f53402fead757f13842cb574d61ea5a9159aede6f8e8adb67b,0,data/benign_original/benign/ddd82ce9d18112f53402fead757f13842cb574d61ea5a9159aede6f8e8adb67b.png
d9f1b6f7b2d4024a214c109e5337cb1809798fc50b993e9232bb2133f1fb9645,0,data/benign_original/benign/d9f1b6f7b2d4024a214c109e5337cb1809798fc50b993e9232bb2133f1fb9645.png
ef48054901be980cbecf8762d4aade6eaa39115df7f6fdccec75680503dd6aeb,0,data/benign_original/benign/ef48054901be980cbecf8762d4aade6eaa39115df7f6fdccec75680503dd6aeb.png
fd8db0dee177a9709b0a8ee664292a81857404653f28e5ad37662d8d0342f06a,0,data/benign_original/benign/fd8db0dee177a9709b0a8ee664292a81857404653f28e5ad37662d8d0342f06a.png
e626246cbe2fa606571c011faa9284c265b619fe81b3628cfa6c93fd1ede48bc,0,data/benign_original/benign/e626246cbe2fa606571c011faa9284c265b619fe81b3628cfa6c93fd1ede48bc.png
f9dd288c9895973f8db1856d172779041c6dee173ad1ef53b1727fc85cb6b75f,0,data/benign_original/benign/f9dd288c9895973f8db1856d172779041c6dee173ad1ef53b1727fc85cb6b75f.png
e9263ef09f0fc97256b5a6e9c2a4d97f898b34e711d23d843dcce357b4c5cced,0,data/benign_original/benign/e9263ef09f0fc97256b5a6e9c2a4d97f898b34e711d23d843dcce357b4c5cced.png
b203bbc69028f7f3df1d81df40105ad7d68b70471879d1f9599dfb1ff1948200,0,data/benign_original/benign/b203bbc69028f7f3df1d81df40105ad7d68b70471879d1f9599dfb1ff1948200.png
f42b720ac82a270c648d5d15b44220a66666ca4577ca94e4820b0cdf615d65c1,0,data/benign_original/benign/f42b720ac82a270c648d5d15b44220a66666ca4577ca94e4820b0cdf615d65c1.png
c395e0cfb211c50e1ae7ac776fa8bd92c36654daae97f912ac2736947ab08187,0,data/benign_original/benign/c395e0cfb211c50e1ae7ac776fa8bd92c36654daae97f912ac2736947ab08187.png
e9a2a8b2c41e44b4e0d01bb67a7794de2de40b5424b5b3d4014bc5e6b950c918,0,data/benign_original/benign/e9a2a8b2c41e44b4e0d01bb67a7794de2de40b5424b5b3d4014bc5e6b950c918.png
df697417314e4261cc8c01d9454d142032fa0fd350eade1424e76d369131d8aa,0,data/benign_original/benign/df697417314e4261cc8c01d9454d142032fa0fd350eade1424e76d369131d8aa.png
b12f546989ee80b0f657f8a784a6523cd959239f06b4eb13f02ddde3e039f517,0,data/benign_original/benign/b12f546989ee80b0f657f8a784a6523cd959239f06b4eb13f02ddde3e039f517.png
fc52fd1ac1801f371123d3eb0f8afaa3348c5a86e72c43beefb2a0ff3cfa1ac9,0,data/benign_original/benign/fc52fd1ac1801f371123d3eb0f8afaa3348c5a86e72c43beefb2a0ff3cfa1ac9.png
b244a5c3b211a477a04581e31e698f3d93c9a404170659fb84665459b097e013,0,data/benign_original/benign/b244a5c3b211a477a04581e31e698f3d93c9a404170659fb84665459b097e013.png
f2d78cfad7333c123dc20bf4c3d5511393616ef5198f76b0e0dd9b8c80650a1a,0,data/benign_original/benign/f2d78cfad7333c123dc20bf4c3d5511393616ef5198f76b0e0dd9b8c80650a1a.png
e9fd3e49f8def0b1d8f0af5aa7e4f97d8ebc42399758fe501e918eb9d86bed00,0,data/benign_original/benign/e9fd3e49f8def0b1d8f0af5aa7e4f97d8ebc42399758fe501e918eb9d86bed00.png
d1f87ca4642c674e50a7614694e226a6c8cd40e08b2955982839fff01e083283,0,data/benign_original/benign/d1f87ca4642c674e50a7614694e226a6c8cd40e08b2955982839fff01e083283.png
c8b7e2c14192425864b7ddf8481fae5719b9f257abdfecc8d2f55f4a809d31d1,1,data/malware_images/images/Trickbot/c8b7e2c14192425864b7ddf8481fae5719b9f257abdfecc8d2f55f4a809d31d1.png
d5f0067fe25254ac3e62cc86069264e8b9d8c7f617712211cc27dbecf4f92450,0,data/benign_original/benign/d5f0067fe25254ac3e62cc86069264e8b9d8c7f617712211cc27dbecf4f92450.png
d1474e0bb1f069c0d7e02a06c5b822bf30cc205174654f58baabd60eae613fa3,0,data/benign_original/benign/d1474e0bb1f069c0d7e02a06c5b822bf30cc205174654f58baabd60eae613fa3.png
6632659e1aab935f27ecd264776c8d5f3134e58aa916930d30d3aec2dbc3a374,1,data/malware_images/images/Gozi/6632659e1aab935f27ecd264776c8d5f3134e58aa916930d30d3aec2dbc3a374.png
d4a00e34e3dfe3bc27cb863503c257b2228bb34747547dec5870541ac49288f9,0,data/benign_original/benign/d4a00e34e3dfe3bc27cb863503c257b2228bb34747547dec5870541ac49288f9.png
da0c5bd773abe0a42e3e8856dcbeb612c887006973b9abdcbb0a44c98aae5425,0,data/benign_original/benign/da0c5bd773abe0a42e3e8856dcbeb612c887006973b9abdcbb0a44c98aae5425.png
dde9695454f7591298a8bbb85e19a34acaeec06d8acc08f0063af8b0152171e4,0,data/benign_original/benign/dde9695454f7591298a8bbb85e19a34acaeec06d8acc08f0063af8b0152171e4.png
b9b6671664875e33d44b31407249029c7bcedbf8083038504c6498841183c9e3,0,data/benign_original/benign/b9b6671664875e33d44b31407249029c7bcedbf8083038504c6498841183c9e3.png
dd714cf6f5ca23fd527acfc46376103e910c3f64754584170f0051b1f2019421,0,data/benign_original/benign/dd714cf6f5ca23fd527acfc46376103e910c3f64754584170f0051b1f2019421.png
bce54367987e99e4111e00a5f9e36f9f8a54e4caa3fa2230694dd088b0119393,0,data/benign_original/benign/bce54367987e99e4111e00a5f9e36f9f8a54e4caa3fa2230694dd088b0119393.png
6bf6ce66b3cf86b96f4764a7908154290ca9f14915508da83d1676f14f54d097,0,data/benign_original/benign/6bf6ce66b3cf86b96f4764a7908154290ca9f14915508da83d1676f14f54d097.png
b39ac37cd75155359f6a4909074f1e66c09581ab158109c37e5496244e74f28f,0,data/benign_original/benign/b39ac37cd75155359f6a4909074f1e66c09581ab158109c37e5496244e74f28f.png
bc4bee8ba6d1987b9d362bae399846e1194ac9eea83579a70b2737284f20b5e2,0,data/benign_original/benign/bc4bee8ba6d1987b9d362bae399846e1194ac9eea83579a70b2737284f20b5e2.png
c3f733e1bdbdcfa37b8b308366b955bbf6144a8591f33384770b0e2609cd73f0,0,data/benign_original/benign/c3f733e1bdbdcfa37b8b308366b955bbf6144a8591f33384770b0e2609cd73f0.png
c5f27089a3c3f65c69c3bdc1a2c19b046322c7cf2cba0a8f37af799ffce24d04,0,data/benign_original/benign/c5f27089a3c3f65c69c3bdc1a2c19b046322c7cf2cba0a8f37af799ffce24d04.png
fbb804793281363b32901b41037023b7b44c00487cfcb6ca455fb521b097734f,0,data/benign_original/benign/fbb804793281363b32901b41037023b7b44c00487cfcb6ca455fb521b097734f.png
c46992815ec208b0c4107f208566dfb5720cd846e923864c22a61fc8b3e2340d,0,data/benign_original/benign/c46992815ec208b0c4107f208566dfb5720cd846e923864c22a61fc8b3e2340d.png
f1166f637c52b385c23e6a013add93be05df199a47173d6406678b2d4239654a,0,data/benign_original/benign/f1166f637c52b385c23e6a013add93be05df199a47173d6406678b2d4239654a.png
ddd32c2b59b66e1acaef3206dd82df78df4cfa2e3f29983a15271036139c4faf,0,data/benign_original/benign/ddd32c2b59b66e1acaef3206dd82df78df4cfa2e3f29983a15271036139c4faf.png
cfa1b5cf8910144a89ca964e272080d36024f30ebe5bc740e204fd1a83593a34,0,data/benign_original/benign/cfa1b5cf8910144a89ca964e272080d36024f30ebe5bc740e204fd1a83593a34.png
d20e37fabcd8eeff41206a1a9b14bad5ccadfea42f14e8ca953c5466d66bd5a3,0,data/benign_original/benign/d20e37fabcd8eeff41206a1a9b14bad5ccadfea42f14e8ca953c5466d66bd5a3.png
d15888eb2eebdd4f509d18d9537287b3f5867d99b0395d60fe12d9ff6224bcb8,0,data/benign_original/benign/d15888eb2eebdd4f509d18d9537287b3f5867d99b0395d60fe12d9ff6224bcb8.png
da2a5860bb0b7a9606929b0124a8f594869feeb926f581807fcce7133c2f6be3,0,data/benign_original/benign/da2a5860bb0b7a9606929b0124a8f594869feeb926f581807fcce7133c2f6be3.png
d6fbfabb3346413867515c97cceeccaa0cc92e5d70d1ff31be5183e3db713ade,0,data/benign_original/benign/d6fbfabb3346413867515c97cceeccaa0cc92e5d70d1ff31be5183e3db713ade.png
b69e1959c3eeeafc7fb80fd8032e925d443d335d4687776e901072ca583de2ac,0,data/benign_original/benign/b69e1959c3eeeafc7fb80fd8032e925d443d335d4687776e901072ca583de2ac.png
c69deccddb64d8b1bdf5583008e19c251c53d0e908666f3e29483acbc46fa3d6,0,data/benign_original/benign/c69deccddb64d8b1bdf5583008e19c251c53d0e908666f3e29483acbc46fa3d6.png
f314eb6c9a34fb9cad2c492d12ddce382c05757f48e8b4681154f10fe55c1dbb,0,data/benign_original/benign/f314eb6c9a34fb9cad2c492d12ddce382c05757f48e8b4681154f10fe55c1dbb.png
bc52d3c54efade1994017b44e4624c22a4fcec84cd92f79a592b043e42261105,0,data/benign_original/benign/bc52d3c54efade1994017b44e4624c22a4fcec84cd92f79a592b043e42261105.png
dd7d3ae1fa17762f95a455333db335f8d28c6d96a07857a95af5f0354964f384,0,data/benign_original/benign/dd7d3ae1fa17762f95a455333db335f8d28c6d96a07857a95af5f0354964f384.png
343883df0625d9ab21c3de31c2c5fbcc24c6d0c151d2dcacd2ba1f04e6a40ad6,0,data/benign_original/benign/343883df0625d9ab21c3de31c2c5fbcc24c6d0c151d2dcacd2ba1f04e6a40ad6.png
bf37b95b0415387698a66a4a476ca08d5951846b6eb0f2451b39ce7f2443500f,0,data/benign_original/benign/bf37b95b0415387698a66a4a476ca08d5951846b6eb0f2451b39ce7f2443500f.png
b8662d664ffd4e9c0fc4ff0ae83cacf995444d8f0f3c94d1f1d0a71f10242487,0,data/benign_original/benign/b8662d664ffd4e9c0fc4ff0ae83cacf995444d8f0f3c94d1f1d0a71f10242487.png
bf1f32a3aaa946bb295b182c14482721dfb431e1c4e5622b6f4207f3b5c3d9e0,0,data/benign_original/benign/bf1f32a3aaa946bb295b182c14482721dfb431e1c4e5622b6f4207f3b5c3d9e0.png
c8072a848eac7da8b2cfd2566d5cdc41501c95a641c1c4b2e3d67371c982cf22,0,data/benign_original/benign/c8072a848eac7da8b2cfd2566d5cdc41501c95a641c1c4b2e3d67371c982cf22.png
b5ef9e5a90e740cce009c8c3a93dd2715e0d67d2fea2b108edd164009952205a,0,data/benign_original/benign/b5ef9e5a90e740cce009c8c3a93dd2715e0d67d2fea2b108edd164009952205a.png
d8e226cb1179e7a09e69b3f680b18a59e9ce8889c29d607128886f69d5358724,0,data/benign_original/benign/d8e226cb1179e7a09e69b3f680b18a59e9ce8889c29d607128886f69d5358724.png
eaf05240dd4bd1aad906928fc35cc2fb11a92d0ab3e48f6a5243d9d628675c6c,0,data/benign_original/benign/eaf05240dd4bd1aad906928fc35cc2fb11a92d0ab3e48f6a5243d9d628675c6c.png
ec91a08be74440e9ff6d88bc2d2e2d4e6917c0696582420c5701b918ed2b1561,0,data/benign_original/benign/ec91a08be74440e9ff6d88bc2d2e2d4e6917c0696582420c5701b918ed2b1561.png
edc559f5e663667b41163eece311e268760c9e1e575d95b7d3ecaaf999c306f0,0,data/benign_original/benign/edc559f5e663667b41163eece311e268760c9e1e575d95b7d3ecaaf999c306f0.png
39ec40864c475ee1634b2aedf37e0e7d2a9e27cbd1e3a6c9e357537c49165961,0,data/benign_original/benign/39ec40864c475ee1634b2aedf37e0e7d2a9e27cbd1e3a6c9e357537c49165961.png
fca2bc26f3def740ec168f5009501494f9add71d352612b72bf48fc0f35816ad,0,data/benign_original/benign/fca2bc26f3def740ec168f5009501494f9add71d352612b72bf48fc0f35816ad.png
e0aa5701128039d46c4268f42dd27eed56791bd8776d9de1cb519e60c672366f,0,data/benign_original/benign/e0aa5701128039d46c4268f42dd27eed56791bd8776d9de1cb519e60c672366f.png
2c00b19c64d9f3822f3f03c28af9f29880338f2a20dd6c47c50f5a087ea47db1,0,data/benign_original/benign/2c00b19c64d9f3822f3f03c28af9f29880338f2a20dd6c47c50f5a087ea47db1.png
efaa8199a1c5d15db78f163a539e07f1daddd1fdd5a42b77f2fc101552b2949b,0,data/benign_original/benign/efaa8199a1c5d15db78f163a539e07f1daddd1fdd5a42b77f2fc101552b2949b.png
c5eca2a9912c645c437d8aff8bcffccb378524720602dfa96d5aa4beecf3feb4,0,data/benign_original/benign/c5eca2a9912c645c437d8aff8bcffccb378524720602dfa96d5aa4beecf3feb4.png
c9d28800e740a1569aec8fe27df10ef186d883f94cec15a5c228826b45a24f9d,0,data/benign_original/benign/c9d28800e740a1569aec8fe27df10ef186d883f94cec15a5c228826b45a24f9d.png
e77a9a14bc8b213b0cb2b80dcf47bef9d542a746e624e373b749b20d5b21b33f,0,data/benign_original/benign/e77a9a14bc8b213b0cb2b80dcf47bef9d542a746e624e373b749b20d5b21b33f.png
f644e78de132b9e3c7f0be2e721001334e2d34b7987f7969824daf67d8d064b4,0,data/benign_original/benign/f644e78de132b9e3c7f0be2e721001334e2d34b7987f7969824daf67d8d064b4.png
43c316b30f9495c5347fae19a2c2fc8be3ccaf8510cde1b81cdb47b1a31971dc,0,data/benign_original/benign/43c316b30f9495c5347fae19a2c2fc8be3ccaf8510cde1b81cdb47b1a31971dc.png
15142fea9a9985923ffd9ecea4e4739ddd9a6cbff8d9ecdc9b277f833554d990,0,data/benign_original/benign/15142fea9a9985923ffd9ecea4e4739ddd9a6cbff8d9ecdc9b277f833554d990.png
b2b51dfefad1c3708dd0c7e5b9f3daa7af2c6855f28e0846a270963f06c9f20d,0,data/benign_original/benign/b2b51dfefad1c3708dd0c7e5b9f3daa7af2c6855f28e0846a270963f06c9f20d.png
fb038a3f6029aacb251d4c79fad083865ef2a01efbbd94572ada383dcf6e2f57,0,data/benign_original/benign/fb038a3f6029aacb251d4c79fad083865ef2a01efbbd94572ada383dcf6e2f57.png
e2e9f818b40c42272c5cc1c40dac2e506fd5717d4fb81df4287a76b1c3aadc52,0,data/benign_original/benign/e2e9f818b40c42272c5cc1c40dac2e506fd5717d4fb81df4287a76b1c3aadc52.png
ebc05f316aeb0901bb2bff8b836035ab6bdd989e25f9af8ce47122237ace06de,0,data/benign_original/benign/ebc05f316aeb0901bb2bff8b836035ab6bdd989e25f9af8ce47122237ace06de.png
df3ca5e1bf3b64643ecff4b7081fda16bf744df224b53355d9a0dde728ee184f,0,data/benign_original/benign/df3ca5e1bf3b64643ecff4b7081fda16bf744df224b53355d9a0dde728ee184f.png
ead3b647d6c0d5cbad9284310d8ca68682ff08cef279410c4a33bb7cae1bb2b4,0,data/benign_original/benign/ead3b647d6c0d5cbad9284310d8ca68682ff08cef279410c4a33bb7cae1bb2b4.png
b1e9416478ca21ecd260f05d859938212a2d83d540ccb02a6317567c847c39b4,0,data/benign_original/benign/b1e9416478ca21ecd260f05d859938212a2d83d540ccb02a6317567c847c39b4.png
bd4c3201fef1c43d477a9b76811323ad37ce1057504333d1ddf325276cf2a737,0,data/benign_original/benign/bd4c3201fef1c43d477a9b76811323ad37ce1057504333d1ddf325276cf2a737.png
dee32890579aae52c4a3e4bd474a3d3b3d4a358d763db479c2125153a240311a,0,data/benign_original/benign/dee32890579aae52c4a3e4bd474a3d3b3d4a358d763db479c2125153a240311a.png
b93c1b38b33a60ffc61b216835ea445dc36e726ff775258de6a4c6408001fddf,0,data/benign_original/benign/b93c1b38b33a60ffc61b216835ea445dc36e726ff775258de6a4c6408001fddf.png
f670286e7079c050fab2742ed43991f3f4474018496d74abfbd38fb2478a8e9e,0,data/benign_original/benign/f670286e7079c050fab2742ed43991f3f4474018496d74abfbd38fb2478a8e9e.png
e284d77f8fb87071f88653311e728ec1250b5a32aea2480db144c82a1e8ea880,0,data/benign_original/benign/e284d77f8fb87071f88653311e728ec1250b5a32aea2480db144c82a1e8ea880.png
282bfca7e0d52f4d3f0bbd443a56e52b0b7a5444a489ff51478e5cbc91aa2c94,0,data/benign_original/benign/282bfca7e0d52f4d3f0bbd443a56e52b0b7a5444a489ff51478e5cbc91aa2c94.png
ea4f45374990b1008af4042df643d576bf5e4039b5378d6f6db9a9e19902c309,0,data/benign_original/benign/ea4f45374990b1008af4042df643d576bf5e4039b5378d6f6db9a9e19902c309.png
c5dfdfc4ae585a83963f0a06fa9652d61cfc87ac72e2cd9de24627fa72a30b02,0,data/benign_original/benign/c5dfdfc4ae585a83963f0a06fa9652d61cfc87ac72e2cd9de24627fa72a30b02.png
ed951cfa6045da2ade1900e01b00ece04428f9b621dd50780f4b76ca5fb235d0,0,data/benign_original/benign/ed951cfa6045da2ade1900e01b00ece04428f9b621dd50780f4b76ca5fb235d0.png
dc2379ab09228678a8eb40678b5bb50908debe85dc74494acd6127207cbc6d72,0,data/benign_original/benign/dc2379ab09228678a8eb40678b5bb50908debe85dc74494acd6127207cbc6d72.png
f1c9a33c9d0f9003de1e885fc761f55b33004c5d44c6f087886d75ed3e0bfa94,0,data/benign_original/benign/f1c9a33c9d0f9003de1e885fc761f55b33004c5d44c6f087886d75ed3e0bfa94.png
e30574cf3b5fc9bd267a42f736523775a2a21a2bb50a5c5fe5c1cc6c11cf119d,0,data/benign_original/benign/e30574cf3b5fc9bd267a42f736523775a2a21a2bb50a5c5fe5c1cc6c11cf119d.png
b7f1e448857a90d7ee719e7ca927dce40e9ee6c7d909bbcee2b6b9ae3465a529,0,data/benign_original/benign/b7f1e448857a90d7ee719e7ca927dce40e9ee6c7d909bbcee2b6b9ae3465a529.png
69dfcca57024e28b1b7678eed75697df0567ea71f0ac97abc01691b9d5a67ecb,0,data/benign_original/benign/69dfcca57024e28b1b7678eed75697df0567ea71f0ac97abc01691b9d5a67ecb.png
ccb974c24ddfa7446278ca55fc8b236d0605d2caaf273db8390d1813fc70cd5b,0,data/benign_original/benign/ccb974c24ddfa7446278ca55fc8b236d0605d2caaf273db8390d1813fc70cd5b.png
fefaa7fbfff836755852a5e38a14d471f460acf193bab0d4c1568d232307a8b2,0,data/benign_original/benign/fefaa7fbfff836755852a5e38a14d471f460acf193bab0d4c1568d232307a8b2.png
be17558862e901bd1c2961ad4df84ce6701890b67e17504e5ff6e7ccf7cf0021,0,data/benign_original/benign/be17558862e901bd1c2961ad4df84ce6701890b67e17504e5ff6e7ccf7cf0021.png
e28e294eae30688dd3a87a8e81d15715402f2e60cbd800a6dbe80142ca2c0bf4,0,data/benign_original/benign/e28e294eae30688dd3a87a8e81d15715402f2e60cbd800a6dbe80142ca2c0bf4.png
feeab67cc62f36ddd08ed0de72441aa8ef15cf52cb3bf604fc1c2b583e6a0406,0,data/benign_original/benign/feeab67cc62f36ddd08ed0de72441aa8ef15cf52cb3bf604fc1c2b583e6a0406.png
b9a43374c780b58f56575b4af88eac241089b32df2a8d9458d12ac2f1a68b9e2,0,data/benign_original/benign/b9a43374c780b58f56575b4af88eac241089b32df2a8d9458d12ac2f1a68b9e2.png
d3f0647370325a735317aef757ba32efb6393f3bdd076cb3f5d64b1c331da743,0,data/benign_original/benign/d3f0647370325a735317aef757ba32efb6393f3bdd076cb3f5d64b1c331da743.png
d52cdf2db6c6683d30654716b1c99b2688a10d55e457299cb6d51460fdc3ce75,0,data/benign_original/benign/d52cdf2db6c6683d30654716b1c99b2688a10d55e457299cb6d51460fdc3ce75.png
e820b379d198a7f120b7452b99c1263204f6c1847b9c7811bc686980a50c9ff8,0,data/benign_original/benign/e820b379d198a7f120b7452b99c1263204f6c1847b9c7811bc686980a50c9ff8.png
44f4f177451fb372e7bdb38a81c93bf82de9e8e1f64622fa09e591afb48f3b1a,1,data/malware_images/images/njrat/44f4f177451fb372e7bdb38a81c93bf82de9e8e1f64622fa09e591afb48f3b1a.png
f25647cabd7f0e1961840c0350fed37e41310ac918e70770f9e0caaf0cff6118,0,data/benign_original/benign/f25647cabd7f0e1961840c0350fed37e41310ac918e70770f9e0caaf0cff6118.png
c67a1ed6d4b108a65cfb5862072d8dc6f85ba1bcaf786f6d5a52f3de0d39526b,0,data/benign_original/benign/c67a1ed6d4b108a65cfb5862072d8dc6f85ba1bcaf786f6d5a52f3de0d39526b.png
f6e08ce986d530a633717a046d130b07f02ed1ed6fec6d7e0c981dcb1b961491,0,data/benign_original/benign/f6e08ce986d530a633717a046d130b07f02ed1ed6fec6d7e0c981dcb1b961491.png
c67727c5fb909ebb2ab29a0c7430e68f5f11182a641fba8a850766ac370c3d6e,0,data/benign_original/benign/c67727c5fb909ebb2ab29a0c7430e68f5f11182a641fba8a850766ac370c3d6e.png
c4c5ed8d141a012a2191091a335cb1ee4caf05590004d90a82cad8bea4ce6e76,0,data/benign_original/benign/c4c5ed8d141a012a2191091a335cb1ee4caf05590004d90a82cad8bea4ce6e76.png
e13b6309e3d6fce175f8d0c6414fe424fa4058000c280dc08246948b81fab048,0,data/benign_original/benign/e13b6309e3d6fce175f8d0c6414fe424fa4058000c280dc08246948b81fab048.png
fff78e29d1cf4fd3034386677cd4a5d0f1a2d151a8397890d812a371fbf55be1,0,data/benign_original/benign/fff78e29d1cf4fd3034386677cd4a5d0f1a2d151a8397890d812a371fbf55be1.png
17653f0b95df006bc5833a71a7cedaf0210ab2dd9c913104576b4823c8f7cdfd,1,data/malware_images/images/GuLoader/17653f0b95df006bc5833a71a7cedaf0210ab2dd9c913104576b4823c8f7cdfd.png
c11e952be4c5a25c88089383a36a29c046559ba79bd3c6c8acd93a0a1fc676b0,0,data/benign_original/benign/c11e952be4c5a25c88089383a36a29c046559ba79bd3c6c8acd93a0a1fc676b0.png
cac3e298f1b8544b83409bcc801d239330249cedc9c246c6d0e57f40e480294b,0,data/benign_original/benign/cac3e298f1b8544b83409bcc801d239330249cedc9c246c6d0e57f40e480294b.png
d0f2a3653fb9f5d1eefd9e1eea97cecfbea254e00c89c39c48483747a18e295f,0,data/benign_original/benign/d0f2a3653fb9f5d1eefd9e1eea97cecfbea254e00c89c39c48483747a18e295f.png
58b5e00312deee5474cf42f0c86664254ae7123055219c342a80ab5754e48bf6,0,data/benign_original/benign/58b5e00312deee5474cf42f0c86664254ae7123055219c342a80ab5754e48bf6.png
cd445fe394788eb1973b13b8acdd87fabcfbde7156b35ba17424f0c5fb875c73,0,data/benign_original/benign/cd445fe394788eb1973b13b8acdd87fabcfbde7156b35ba17424f0c5fb875c73.png
bdcb940b3f2b6143a09200628e1d14fd54124c75abc1931baf2f8235fe2dcd77,0,data/benign_original/benign/bdcb940b3f2b6143a09200628e1d14fd54124c75abc1931baf2f8235fe2dcd77.png
bfe689c68b0d786c674cc6a42f9a7b83de7c5d48c007856896affade6623f44f,0,data/benign_original/benign/bfe689c68b0d786c674cc6a42f9a7b83de7c5d48c007856896affade6623f44f.png
e284a8d07da93d01dc6a43e143a9278dc5e547bcce3ded0db9bba89d0ac7a7df,0,data/benign_original/benign/e284a8d07da93d01dc6a43e143a9278dc5e547bcce3ded0db9bba89d0ac7a7df.png
c4ff7f68bbdae61e0a2c8762f5553fd99882852e25ed6fec949fcf5216ed2aaf,0,data/benign_original/benign/c4ff7f68bbdae61e0a2c8762f5553fd99882852e25ed6fec949fcf5216ed2aaf.png
3d5020c35ad6a63105574ae4aa216b3490bc3ff3df3423bb72d2e11bf0e0f218,0,data/benign_original/benign/3d5020c35ad6a63105574ae4aa216b3490bc3ff3df3423bb72d2e11bf0e0f218.png
d063b4a407958a68015712e0c68c0359b0885194b10fabd2ddf355a16a7bfbe5,0,data/benign_original/benign/d063b4a407958a68015712e0c68c0359b0885194b10fabd2ddf355a16a7bfbe5.png
eb2eb8c7274228c607beedf9dbd00844a02d9bade53a3e95a1ce1e99543d1ad2,0,data/benign_original/benign/eb2eb8c7274228c607beedf9dbd00844a02d9bade53a3e95a1ce1e99543d1ad2.png
6ee4dca852ae3b8f2fa3dba67bf58ea089d1ad5af0946dad3350339877cb7f29,0,data/benign_original/benign/6ee4dca852ae3b8f2fa3dba67bf58ea089d1ad5af0946dad3350339877cb7f29.png
c7923e655c7859b5bb043952c8ea9de7d4b8cd2fc9bc5c4ddec5ebf938e10919,0,data/benign_original/benign/c7923e655c7859b5bb043952c8ea9de7d4b8cd2fc9bc5c4ddec5ebf938e10919.png
f9ea0ad3aa90bbb81656995a933a100f6a5b6ce1e17a13f81a9eac5d10564ec4,0,data/benign_original/benign/f9ea0ad3aa90bbb81656995a933a100f6a5b6ce1e17a13f81a9eac5d10564ec4.png
e5ee3728165285ba087cfddfb39daf6945b5c9b0c7f06dd86229dadb7e8f98e3,0,data/benign_original/benign/e5ee3728165285ba087cfddfb39daf6945b5c9b0c7f06dd86229dadb7e8f98e3.png
f330b4e37048bca3e58e12fbd148b698761e3d91b0f7d3d984cea608fda5937c,0,data/benign_original/benign/f330b4e37048bca3e58e12fbd148b698761e3d91b0f7d3d984cea608fda5937c.png
cbf771461a05f2ace6027a3239205ca8dc4af91d66c6382334978f28f2e2cace,0,data/benign_original/benign/cbf771461a05f2ace6027a3239205ca8dc4af91d66c6382334978f28f2e2cace.png
f78da2f1c5030ba2c428aa63d25837b5109b0a055986a3e0e2174527a5c9e1a3,0,data/benign_original/benign/f78da2f1c5030ba2c428aa63d25837b5109b0a055986a3e0e2174527a5c9e1a3.png
eb5a0c340a3adde1c26bd04f8525af271f0946fe2b66a00931ba7d2413c40545,0,data/benign_original/benign/eb5a0c340a3adde1c26bd04f8525af271f0946fe2b66a00931ba7d2413c40545.png
ef5eb7acbaf4c70a839d38b36bb31409a507884f10f7edea09ba1e8d3d00f255,0,data/benign_original/benign/ef5eb7acbaf4c70a839d38b36bb31409a507884f10f7edea09ba1e8d3d00f255.png
e88e10d7f2102302a361bfd4b92b3678ba53a4c9dd1aeb042744ba17a27a4f2a,0,data/benign_original/benign/e88e10d7f2102302a361bfd4b92b3678ba53a4c9dd1aeb042744ba17a27a4f2a.png
f99431202b37446135b44ed9bd62a7718027a2622707c31054f947efd40f6a8e,0,data/benign_original/benign/f99431202b37446135b44ed9bd62a7718027a2622707c31054f947efd40f6a8e.png
fb70c93a69e7d848c11f0befa3aa50225caff99d5b944a910ada51534e7d6e15,0,data/benign_original/benign/fb70c93a69e7d848c11f0befa3aa50225caff99d5b944a910ada51534e7d6e15.png
f5715108d4d68be1b3b318e7a1853a9e6928e45a0042e341878a2690236ced01,0,data/benign_original/benign/f5715108d4d68be1b3b318e7a1853a9e6928e45a0042e341878a2690236ced01.png
0bf9cfc88d56b52982655b56d577f69d2ee4b136908684015001c52c64f0a84b,0,data/benign_original/benign/0bf9cfc88d56b52982655b56d577f69d2ee4b136908684015001c52c64f0a84b.png
e141c1e5843b35ce2cb21870b2c8d4ee6e251e81a040999ef91088d504e6517a,0,data/benign_original/benign/e141c1e5843b35ce2cb21870b2c8d4ee6e251e81a040999ef91088d504e6517a.png
e0416b595c9c2119a14f970e33d57f68dc3af7523892b665e01651f0680fe5bb,0,data/benign_original/benign/e0416b595c9c2119a14f970e33d57f68dc3af7523892b665e01651f0680fe5bb.png
e8fcec97ae41d77ca1b11835777dfe882d5e0b180eb4fbe66a2af4887013beb4,0,data/benign_original/benign/e8fcec97ae41d77ca1b11835777dfe882d5e0b180eb4fbe66a2af4887013beb4.png
d84a890fa11f328445438bbf8772b9e91ac524a0648b883dae5b32c1847675f8,0,data/benign_original/benign/d84a890fa11f328445438bbf8772b9e91ac524a0648b883dae5b32c1847675f8.png
3a001b8c4d0e52362bba32d326158c4fbdbf48cefd49e5b1ac23d77bca98093f,0,data/benign_original/benign/3a001b8c4d0e52362bba32d326158c4fbdbf48cefd49e5b1ac23d77bca98093f.png
e1b6ec76f7c248f793d3cabcf1c479977a9212003af52a1af7f0b1d927f2e5f4,0,data/benign_original/benign/e1b6ec76f7c248f793d3cabcf1c479977a9212003af52a1af7f0b1d927f2e5f4.png
8baaee3f0699d15a860e283880baebca72912df873c5b00fdf4d55c84ad06de7,0,data/benign_original/benign/8baaee3f0699d15a860e283880baebca72912df873c5b00fdf4d55c84ad06de7.png
ef1714412811eefd77ce77e49efeca53fd2a45b6c436bb44b4876ab623c32f04,0,data/benign_original/benign/ef1714412811eefd77ce77e49efeca53fd2a45b6c436bb44b4876ab623c32f04.png
1e83c1a2f6f2b7080c7fefccff1fde4bb14aa8a57e851817c92a6f1c946ca17a,0,data/benign_original/benign/1e83c1a2f6f2b7080c7fefccff1fde4bb14aa8a57e851817c92a6f1c946ca17a.png
ee89bd669577c3476652c878a99b8b1fef2db6b26bf6387b2fec93f9703b804a,0,data/benign_original/benign/ee89bd669577c3476652c878a99b8b1fef2db6b26bf6387b2fec93f9703b804a.png
b97a8bde95d99b71af4f13bdfca7191a5cf2bc18cd3266497ec42d0fcf60f836,0,data/benign_original/benign/b97a8bde95d99b71af4f13bdfca7191a5cf2bc18cd3266497ec42d0fcf60f836.png
1fe78298f8fa9d9da3fab32c57975101ea3ff5dcebeedc2cde5bea6c8df9a7ef,0,data/benign_original/benign/1fe78298f8fa9d9da3fab32c57975101ea3ff5dcebeedc2cde5bea6c8df9a7ef.png
2c3880a31c60777c238f868677808d0a3a8c5e67f5e6256416cf26243f6a0569,0,data/benign_original/benign/2c3880a31c60777c238f868677808d0a3a8c5e67f5e6256416cf26243f6a0569.png
bfcd4a20f2c51d550ac8c4b06601423f4ca2c40ed99f9b613a6e3853258a586a,0,data/benign_original/benign/bfcd4a20f2c51d550ac8c4b06601423f4ca2c40ed99f9b613a6e3853258a586a.png
20601ed7e2bfc85362f090f0f5b72366f213c191e93b0c756acd98fef626e5e0,0,data/benign_original/benign/20601ed7e2bfc85362f090f0f5b72366f213c191e93b0c756acd98fef626e5e0.png
b62e62c7374ce1398b985af3122ff10a092750f65191fdc3aa6151de130183a3,0,data/benign_original/benign/b62e62c7374ce1398b985af3122ff10a092750f65191fdc3aa6151de130183a3.png
f7f50929b0bc364dea487e2bc1fc4384f146bb94d867b03519affc795d634c46,0,data/benign_original/benign/f7f50929b0bc364dea487e2bc1fc4384f146bb94d867b03519affc795d634c46.png
b57ee35c2e377cfa51ffccc0cec02fbf430194923233f07fe2ae90e31dacfdcb,0,data/benign_original/benign/b57ee35c2e377cfa51ffccc0cec02fbf430194923233f07fe2ae90e31dacfdcb.png
ec4213bc7fec67692772fe55a647b593c24ed76ca99bd898eca3006002349199,0,data/benign_original/benign/ec4213bc7fec67692772fe55a647b593c24ed76ca99bd898eca3006002349199.png
ecae729d031800c367080de7983f97791b5f549aabffe3ef5cc0826bc9fd4639,0,data/benign_original/benign/ecae729d031800c367080de7983f97791b5f549aabffe3ef5cc0826bc9fd4639.png
cd28e759b070e9c088ceef1444d1669cbd2b061133ef1c8ab6b05193dbfbec7a,0,data/benign_original/benign/cd28e759b070e9c088ceef1444d1669cbd2b061133ef1c8ab6b05193dbfbec7a.png
ea1892c929e08d2e9e9c95f665ad5af6d15283647cbcf3e6da49a45cbcb885d9,0,data/benign_original/benign/ea1892c929e08d2e9e9c95f665ad5af6d15283647cbcf3e6da49a45cbcb885d9.png
f68171983bb17a212e31e194a6e8ebe3b4673f73d7292f59bbdc57358c615a23,0,data/benign_original/benign/f68171983bb17a212e31e194a6e8ebe3b4673f73d7292f59bbdc57358c615a23.png
bd7a99c9546cb96972a0791127f98fd790de0408b693e73be5f3930fffeb8132,0,data/benign_original/benign/bd7a99c9546cb96972a0791127f98fd790de0408b693e73be5f3930fffeb8132.png
d1c425e24d4c83685ca1587f2f2b1cced11b73e1387738a84b39ecb6f621ece2,0,data/benign_original/benign/d1c425e24d4c83685ca1587f2f2b1cced11b73e1387738a84b39ecb6f621ece2.png
e090d81ae0c0cec36804753c8232ad3717736b912fb858e0eae8c81ddbde8b51,0,data/benign_original/benign/e090d81ae0c0cec36804753c8232ad3717736b912fb858e0eae8c81ddbde8b51.png
b1e4c523233d8acb6f01f6724507c9d1c025ba8cdca984b40b7c0bd98448ef8b,0,data/benign_original/benign/b1e4c523233d8acb6f01f6724507c9d1c025ba8cdca984b40b7c0bd98448ef8b.png
d8f4f352ac69e110bb035a112d3b3c2a620850b4119cf7808b8ee47e16e08788,0,data/benign_original/benign/d8f4f352ac69e110bb035a112d3b3c2a620850b4119cf7808b8ee47e16e08788.png
662ee3641d0c2c8ed7c3e779b764311a57cba18742c53fc3fff98f64623f4ae3,0,data/benign_original/benign/662ee3641d0c2c8ed7c3e779b764311a57cba18742c53fc3fff98f64623f4ae3.png
6adde9b136b943e8919605dc9b302fe5a7de4a037237da9959fac80743719c61,0,data/benign_original/benign/6adde9b136b943e8919605dc9b302fe5a7de4a037237da9959fac80743719c61.png
f0ecb001b6c5b2593fa6987596fc0c0ba0200f1b8bbf0afa439357a1db23ad5b,0,data/benign_original/benign/f0ecb001b6c5b2593fa6987596fc0c0ba0200f1b8bbf0afa439357a1db23ad5b.png
cb668a968dd96387f4b338db80c46c49a7a861ae74a61151e5badee0b4b3fa7c,0,data/benign_original/benign/cb668a968dd96387f4b338db80c46c49a7a861ae74a61151e5badee0b4b3fa7c.png
c2101791618cabed8516f953f28fa676380f25c6b729827c1d077ca123e2b64f,0,data/benign_original/benign/c2101791618cabed8516f953f28fa676380f25c6b729827c1d077ca123e2b64f.png
f31ccd8e6091851dab72fab782428d8ebbadbb41015dc0a11a33e1dac8f62a8f,0,data/benign_original/benign/f31ccd8e6091851dab72fab782428d8ebbadbb41015dc0a11a33e1dac8f62a8f.png
f1d406e272d353a82e0eaae250127d930b2ff85c7f0ae0b5ed6f422d259a6baa,0,data/benign_original/benign/f1d406e272d353a82e0eaae250127d930b2ff85c7f0ae0b5ed6f422d259a6baa.png
d26b7cee885938b9e39be73089dd0c41bcddce096cd1733fd7126b1a4e05e2cd,0,data/benign_original/benign/d26b7cee885938b9e39be73089dd0c41bcddce096cd1733fd7126b1a4e05e2cd.png
dc440461d5fffd071825050b95bb137831ff385995af55549b703b64e10d4f19,0,data/benign_original/benign/dc440461d5fffd071825050b95bb137831ff385995af55549b703b64e10d4f19.png
4963a6954c4cedc517c349d72647fb30dca5f8ecb9d27034ecafa9a39e262701,0,data/benign_original/benign/4963a6954c4cedc517c349d72647fb30dca5f8ecb9d27034ecafa9a39e262701.png
b47371bac8c12a88dc8dcf1ce32b6e1fc016ae8f1a48035879150a509e56c8e0,0,data/benign_original/benign/b47371bac8c12a88dc8dcf1ce32b6e1fc016ae8f1a48035879150a509e56c8e0.png
f8c7ee3e4171cc008ef1f9c478f3f18ffa45226462e172bdb3948aa0116b757e,0,data/benign_original/benign/f8c7ee3e4171cc008ef1f9c478f3f18ffa45226462e172bdb3948aa0116b757e.png
cb1362efa3352ffcca7df24e104e932db5e9a2ea229ad8b2b82c3f988acb215e,0,data/benign_original/benign/cb1362efa3352ffcca7df24e104e932db5e9a2ea229ad8b2b82c3f988acb215e.png
b3c3bec3bd3fa5c644a52a6b701dc56b814935c24b431b3379faa7c9b0f837b4,0,data/benign_original/benign/b3c3bec3bd3fa5c644a52a6b701dc56b814935c24b431b3379faa7c9b0f837b4.png
e47dcf74d50403b376c562e4121e359e5886e42fcc60b3fa8ba53e6826854c49,0,data/benign_original/benign/e47dcf74d50403b376c562e4121e359e5886e42fcc60b3fa8ba53e6826854c49.png
d4c3cb917604f2a8ce4d02682f78e7eb319bede237e7208188e69e7e61bb77f5,0,data/benign_original/benign/d4c3cb917604f2a8ce4d02682f78e7eb319bede237e7208188e69e7e61bb77f5.png
b106a33091dcd306b1bdb22503958bcbdd0f85d24eebcee2482ae90e72394409,0,data/benign_original/benign/b106a33091dcd306b1bdb22503958bcbdd0f85d24eebcee2482ae90e72394409.png
08108ba453bc6222f93d236b3f29265aebd8b286b2f7d29de588db6a23dce550,0,data/benign_original/benign/08108ba453bc6222f93d236b3f29265aebd8b286b2f7d29de588db6a23dce550.png
def048ea2b88099b8733f61320192cb708cedf1c5fdf9f6d9d79d51c25480d39,0,data/benign_original/benign/def048ea2b88099b8733f61320192cb708cedf1c5fdf9f6d9d79d51c25480d39.png
b81d4d353680adb59b00e5a70b4bf46b3aa33123a9018f64f0bde1fbf1caf421,0,data/benign_original/benign/b81d4d353680adb59b00e5a70b4bf46b3aa33123a9018f64f0bde1fbf1caf421.png
d93e655002b2b31aa6d27838ccc45a495a7a4e878db4de311a8f095d1c729e1b,0,data/benign_original/benign/d93e655002b2b31aa6d27838ccc45a495a7a4e878db4de311a8f095d1c729e1b.png
6e600fd9843414cf441a05bd50149beca5cd592dc6f62cda94047bd345778371,0,data/benign_original/benign/6e600fd9843414cf441a05bd50149beca5cd592dc6f62cda94047bd345778371.png
96e1776c94c1177014f4c46d151e179607a130b217dac3a03a38e5d257f5ccca,0,data/benign_original/benign/96e1776c94c1177014f4c46d151e179607a130b217dac3a03a38e5d257f5ccca.png
bd61c877b1532d8a4303903bc85cfa1caee8fd737d741755b0a247736a8e11d1,0,data/benign_original/benign/bd61c877b1532d8a4303903bc85cfa1caee8fd737d741755b0a247736a8e11d1.png
d004e7f5a2683c2f991d18c6330dafba18acb0248c3274cdf1fe8296e69895ec,0,data/benign_original/benign/d004e7f5a2683c2f991d18c6330dafba18acb0248c3274cdf1fe8296e69895ec.png
b06b2d8c944bff73bd5a4aad1cad6a4d724633e7bd6c6b9e236e35a99b1d35f2,0,data/benign_original/benign/b06b2d8c944bff73bd5a4aad1cad6a4d724633e7bd6c6b9e236e35a99b1d35f2.png
cc3850e29d2bdfe70983640466adc0a79cfabd1a6b4fa4d9282c12c926374646,0,data/benign_original/benign/cc3850e29d2bdfe70983640466adc0a79cfabd1a6b4fa4d9282c12c926374646.png
eac89dda11cfd487ba5b4239e464b59e6c1c36be189f0ffb53409a465cfb4ab4,0,data/benign_original/benign/eac89dda11cfd487ba5b4239e464b59e6c1c36be189f0ffb53409a465cfb4ab4.png
10587da0677bce0b2dc71caaa56276dc6b950e875544520251a8aac3074862f5,0,data/benign_original/benign/10587da0677bce0b2dc71caaa56276dc6b950e875544520251a8aac3074862f5.png
c659ec9f6dbac8ffbac71414a2277582ff798889b3d04d52c938119edc9453c5,0,data/benign_original/benign/c659ec9f6dbac8ffbac71414a2277582ff798889b3d04d52c938119edc9453c5.png
ec7c6962bdf490cf57ca5b44d0a416b7fe4a8f9e7d7b93ca7a5c54d9296c4625,0,data/benign_original/benign/ec7c6962bdf490cf57ca5b44d0a416b7fe4a8f9e7d7b93ca7a5c54d9296c4625.png
f2a050679332c41e9b2cf23c16e3530e6914316a2d8144e52c37f58053a59669,0,data/benign_original/benign/f2a050679332c41e9b2cf23c16e3530e6914316a2d8144e52c37f58053a59669.png
b00017986f14f92b56b5a33f1ca7809ad7ac2c526cd39a1bd53abf46635e28ac,0,data/benign_original/benign/b00017986f14f92b56b5a33f1ca7809ad7ac2c526cd39a1bd53abf46635e28ac.png
ff52242b0861930e580ad6f9c680a1bbf29cdef2cb7dc1374ccc5a50361ea20d,0,data/benign_original/benign/ff52242b0861930e580ad6f9c680a1bbf29cdef2cb7dc1374ccc5a50361ea20d.png
c7cd74ce80dd72ad084ac4716e11153b704e30d7896d844144a39cff6e75bec4,0,data/benign_original/benign/c7cd74ce80dd72ad084ac4716e11153b704e30d7896d844144a39cff6e75bec4.png
f152525fc4c97b8cd9e90757c2f6994773b5c403e739f7208d86aeaef2424ceb,0,data/benign_original/benign/f152525fc4c97b8cd9e90757c2f6994773b5c403e739f7208d86aeaef2424ceb.png
e0c7a56bde14256b5a63d415fce44e2ba5400237d335c1fb48df4242289cbbf6,0,data/benign_original/benign/e0c7a56bde14256b5a63d415fce44e2ba5400237d335c1fb48df4242289cbbf6.png
eb964b1306e00a58d387c1394a2e48f614b16fbb4ea73e55f444c4bc7ad757ce,0,data/benign_original/benign/eb964b1306e00a58d387c1394a2e48f614b16fbb4ea73e55f444c4bc7ad757ce.png
cd327c510c630f47d64c6e7bde422574480f57f6c455d41a2b0c7072e43779f7,1,data/malware_images/images/Trickbot/cd327c510c630f47d64c6e7bde422574480f57f6c455d41a2b0c7072e43779f7.png
ddde64f0f55751763c1bcd53de9cdffc0d725d45a8476464a2a0422661813004,0,data/benign_original/benign/ddde64f0f55751763c1bcd53de9cdffc0d725d45a8476464a2a0422661813004.png
a62b3eee50f4a13c51ead571ac9707f74f38b5ba2b68eaead7f08f933bc97a2a,1,data/malware_images/images/Trickbot/a62b3eee50f4a13c51ead571ac9707f74f38b5ba2b68eaead7f08f933bc97a2a.png
ba1777de96a0040a4817fae253a3dddd0d3d2f154985ac8d883e7503a9aa1bd5,0,data/benign_original/benign/ba1777de96a0040a4817fae253a3dddd0d3d2f154985ac8d883e7503a9aa1bd5.png
d505b31200204d0854d67244dfddab81552937571e321d3f5520c5be8fcbc283,0,data/benign_original/benign/d505b31200204d0854d67244dfddab81552937571e321d3f5520c5be8fcbc283.png
eba49954042506dfcb35a1e6ef882635193672f1a695876abe4d7f4f82eb3b3d,0,data/benign_original/benign/eba49954042506dfcb35a1e6ef882635193672f1a695876abe4d7f4f82eb3b3d.png
d1e8ead2356ab555136b9ce71bd33feb403bac1166486e5e7527f79de97c87f4,0,data/benign_original/benign/d1e8ead2356ab555136b9ce71bd33feb403bac1166486e5e7527f79de97c87f4.png
bfe5ccea5326a7fd4fb331ac469987a9c4f2266ff5573ebf85b23d0e749c55be,0,data/benign_original/benign/bfe5ccea5326a7fd4fb331ac469987a9c4f2266ff5573ebf85b23d0e749c55be.png
cc5f914b7b5ae8ca66465364081797df9043c1fd43b20624c3ee45a7ca0e92c0,0,data/benign_original/benign/cc5f914b7b5ae8ca66465364081797df9043c1fd43b20624c3ee45a7ca0e92c0.png
ee01b01fbb047bbeabc6fd119ca91797f00bc7b59d8dab2c7f5a60e6b056972d,0,data/benign_original/benign/ee01b01fbb047bbeabc6fd119ca91797f00bc7b59d8dab2c7f5a60e6b056972d.png
1d720ca43b54420dc297a0c40a4541017feb6bdc10765197867818d1810d21bf,0,data/benign_original/benign/1d720ca43b54420dc297a0c40a4541017feb6bdc10765197867818d1810d21bf.png
0524d1cc0e49105631e29f5e13f5dd2d1eb580899297b29cf67aa9644da62e20,0,data/benign_original/benign/0524d1cc0e49105631e29f5e13f5dd2d1eb580899297b29cf67aa9644da62e20.png
f6d45dfe2df55a795c38882a4b7505efcf2ba8af52e065973c5522cecd5099da,1,data/malware_images/images/GuLoader/f6d45dfe2df55a795c38882a4b7505efcf2ba8af52e065973c5522cecd5099da.png
ebe139e495de76299dc357356c3b558382bb5ee5a355655389f1fc4297f35d26,0,data/benign_original/benign/ebe139e495de76299dc357356c3b558382bb5ee5a355655389f1fc4297f35d26.png
eee3532d5338d41ce8e847612f96fe21321663da856c2de2a45cfdafbb27ba71,0,data/benign_original/benign/eee3532d5338d41ce8e847612f96fe21321663da856c2de2a45cfdafbb27ba71.png
f0a9af89b81cc667bdd486880cb5d6436636ae44289a425bd4772dc235702408,0,data/benign_original/benign/f0a9af89b81cc667bdd486880cb5d6436636ae44289a425bd4772dc235702408.png
bb9d6b447c528f2f9ab9d6e09be188162f7f50305e548c933e60d7c457679b3d,0,data/benign_original/benign/bb9d6b447c528f2f9ab9d6e09be188162f7f50305e548c933e60d7c457679b3d.png
c76f0f5ab7dc235735d4d86565d3d83282a27b8ec3be24b293b75b7082969254,0,data/benign_original/benign/c76f0f5ab7dc235735d4d86565d3d83282a27b8ec3be24b293b75b7082969254.png
9c915242926dc9670f91177af0cd7ca492622a184de5af14a43d140800d775f0,0,data/benign_original/benign/9c915242926dc9670f91177af0cd7ca492622a184de5af14a43d140800d775f0.png
b26a6c7e6d63e4311acdb6bd3969e8f90c8a93bb7d56e4268e924aa5e1e81c2d,0,data/benign_original/benign/b26a6c7e6d63e4311acdb6bd3969e8f90c8a93bb7d56e4268e924aa5e1e81c2d.png
e03a0a40a7a7404df0aac54460c3b8409d149a4f4ce930de81e74b2c3d4f32c4,0,data/benign_original/benign/e03a0a40a7a7404df0aac54460c3b8409d149a4f4ce930de81e74b2c3d4f32c4.png
c906bbbcdc39baeff580b76874f39a8c433dfabd37fae1dd1b0b46f18f4c0ef2,0,data/benign_original/benign/c906bbbcdc39baeff580b76874f39a8c433dfabd37fae1dd1b0b46f18f4c0ef2.png
f0a6f156d13150de6ebb094233e5ff78581fbdb77bd0ff8d083698c42bc8e13b,0,data/benign_original/benign/f0a6f156d13150de6ebb094233e5ff78581fbdb77bd0ff8d083698c42bc8e13b.png
b676c1145f17a9c3d74cc66ad2708550698f1e6a789e37b1715e32cf0127bfdc,0,data/benign_original/benign/b676c1145f17a9c3d74cc66ad2708550698f1e6a789e37b1715e32cf0127bfdc.png
aaed92eae42978fe6c9c263ed879ec818b7cf3b0bf78085f69e68c21fb6dc914,0,data/benign_original/benign/aaed92eae42978fe6c9c263ed879ec818b7cf3b0bf78085f69e68c21fb6dc914.png
cceeb68ce4ff863df3b1abfe5bbd3a3f78e9f800630a987cdf1fe2677715dae0,0,data/benign_original/benign/cceeb68ce4ff863df3b1abfe5bbd3a3f78e9f800630a987cdf1fe2677715dae0.png
1c2fba06cc7e47dceb2a2670f6fcfbec90a24d053b9bb3715698202afdb03b97,0,data/benign_original/benign/1c2fba06cc7e47dceb2a2670f6fcfbec90a24d053b9bb3715698202afdb03b97.png
bac1c4d0c0bd3a13fc76db79ecbb7d38a41574f384c8f23b44797e54734b8fe9,0,data/benign_original/benign/bac1c4d0c0bd3a13fc76db79ecbb7d38a41574f384c8f23b44797e54734b8fe9.png
c686e599f226aa4000acebabfdb688484b3c011491281cbbb5c2313353fda681,0,data/benign_original/benign/c686e599f226aa4000acebabfdb688484b3c011491281cbbb5c2313353fda681.png
b60720984116506b99fd5c3b633d3804c375c75ed6e302844dae1f66c4400fb6,0,data/benign_original/benign/b60720984116506b99fd5c3b633d3804c375c75ed6e302844dae1f66c4400fb6.png
e01326fcc248043e134dc162a6d8c669e37d6237ab6a24b15622d01739a59eff,0,data/benign_original/benign/e01326fcc248043e134dc162a6d8c669e37d6237ab6a24b15622d01739a59eff.png
cf89d8db9bf4ad3771dc1935d5cc9a7991b3dda0fcb686a955b3b5d6f8fde4d4,0,data/benign_original/benign/cf89d8db9bf4ad3771dc1935d5cc9a7991b3dda0fcb686a955b3b5d6f8fde4d4.png
be81e1d446bee336c7a7cedf43b178a6324445bf30544c867e1f9d5b4d30e66f,0,data/benign_original/benign/be81e1d446bee336c7a7cedf43b178a6324445bf30544c867e1f9d5b4d30e66f.png
8b2a8e5204ffb2fcf0b469a256a1d3b72618a66ad03ddd256210622bac56bae7,1,data/malware_images/images/Trickbot/8b2a8e5204ffb2fcf0b469a256a1d3b72618a66ad03ddd256210622bac56bae7.png
dff8638ed4ca05d7a4f5455201860e770ae3009b99c4411b94de2acca80b7414,0,data/benign_original/benign/dff8638ed4ca05d7a4f5455201860e770ae3009b99c4411b94de2acca80b7414.png
b1b29718d2ffcfd6364f634ddb5fb9ca82e689b5bac086bde095a53f79c135eb,0,data/benign_original/benign/b1b29718d2ffcfd6364f634ddb5fb9ca82e689b5bac086bde095a53f79c135eb.png
e85d7915e4f01421e3e5377cb91cf3ac810589ecd67d5ebe4b0d960f961cab7f,0,data/benign_original/benign/e85d7915e4f01421e3e5377cb91cf3ac810589ecd67d5ebe4b0d960f961cab7f.png
cb30761837630f8e0080dca07852b2c90f0f50825450bf40b42f95ddab52576f,0,data/benign_original/benign/cb30761837630f8e0080dca07852b2c90f0f50825450bf40b42f95ddab52576f.png
f94b86456401b35bde0f5187ced6364277d30814d2566b95c8f8edca5bc016fb,0,data/benign_original/benign/f94b86456401b35bde0f5187ced6364277d30814d2566b95c8f8edca5bc016fb.png
f5f635c0cf8252b81c8283ae7063e5bdbc7d608ee8798ec6064707b489339d5d,0,data/benign_original/benign/f5f635c0cf8252b81c8283ae7063e5bdbc7d608ee8798ec6064707b489339d5d.png
7b5fb3577e72b0b475c14e6be21d12ba40187709f11834f9de0bd5ba696b8e5e,1,data/malware_images/images/njrat/7b5fb3577e72b0b475c14e6be21d12ba40187709f11834f9de0bd5ba696b8e5e.png
d829da0e6033fe2db3d52935ac8edb452ea5dbec7e41eb4ade76d3f1af7fa5ba,0,data/benign_original/benign/d829da0e6033fe2db3d52935ac8edb452ea5dbec7e41eb4ade76d3f1af7fa5ba.png
f06822516db831760b0387e50f4afd75ac6dde1b54c52729dc4920ab3ad76937,0,data/benign_original/benign/f06822516db831760b0387e50f4afd75ac6dde1b54c52729dc4920ab3ad76937.png
e9a4cf5bf4c4075b025fe49fe4c457ac3e2fefd8a493d302adeabd053e49968e,0,data/benign_original/benign/e9a4cf5bf4c4075b025fe49fe4c457ac3e2fefd8a493d302adeabd053e49968e.png
c0d3678c8daab044fcf5f99e09034ee5faade2e62b764d6538ff9c5a56957c5f,0,data/benign_original/benign/c0d3678c8daab044fcf5f99e09034ee5faade2e62b764d6538ff9c5a56957c5f.png
c314ee49ce2e32b5e7578ccf7199601c693ee3eb4ed7639f2b738e9c224dc542,0,data/benign_original/benign/c314ee49ce2e32b5e7578ccf7199601c693ee3eb4ed7639f2b738e9c224dc542.png
cf06cf8c0bf2be6e8bfacab7d82ace909216ba729df1315c03b4f04777534450,0,data/benign_original/benign/cf06cf8c0bf2be6e8bfacab7d82ace909216ba729df1315c03b4f04777534450.png
f3574186ac9b2bbd0b6b50d193308cbda645324e4e4ab4aa3fe29110bbe1f599,1,data/malware_images/images/Gozi/f3574186ac9b2bbd0b6b50d193308cbda645324e4e4ab4aa3fe29110bbe1f599.png
cb07646b1b0553141779e66364204e6e79aebff33afa2ee66ebd90d4ccc47988,0,data/benign_original/benign/cb07646b1b0553141779e66364204e6e79aebff33afa2ee66ebd90d4ccc47988.png
cf650ecbc83b5375e81836942ab6fc4e2a208f94f2a34d0308cefef7d9f4273f,0,data/benign_original/benign/cf650ecbc83b5375e81836942ab6fc4e2a208f94f2a34d0308cefef7d9f4273f.png
bf4a40fe159caeaa4c6a3ed82b587cdbccc08ae12919615fe215536fab741643,0,data/benign_original/benign/bf4a40fe159caeaa4c6a3ed82b587cdbccc08ae12919615fe215536fab741643.png
f333d983ee9f242e25b85f3da72a852ff836e18c87edbd83e3a7c632d933f55e,0,data/benign_original/benign/f333d983ee9f242e25b85f3da72a852ff836e18c87edbd83e3a7c632d933f55e.png
ea6f51b1797e97055464e6817506fddd00cbcbd273befb1d54ce352ce1ad2ff7,0,data/benign_original/benign/ea6f51b1797e97055464e6817506fddd00cbcbd273befb1d54ce352ce1ad2ff7.png
e623ef730f170ce312e057c2f940953198f0f13cff9a3c97326676cd6eb8aa0b,0,data/benign_original/benign/e623ef730f170ce312e057c2f940953198f0f13cff9a3c97326676cd6eb8aa0b.png
0cd8a200141ae429a4247efb0433010c660918dba5fb190584c0e012d6e992e5,0,data/benign_original/benign/0cd8a200141ae429a4247efb0433010c660918dba5fb190584c0e012d6e992e5.png
99451d12e65bc4c5e49d441d9dce0c5be8596f787c238c3dce07ff0da6618459,1,data/malware_images/images/njrat/99451d12e65bc4c5e49d441d9dce0c5be8596f787c238c3dce07ff0da6618459.png
913e581a9eecf6189403d9fdaf2e9ce94667e702e9cef6930c5a2c2b9bb6f334,1,data/malware_images/images/njrat/913e581a9eecf6189403d9fdaf2e9ce94667e702e9cef6930c5a2c2b9bb6f334.png
d26401166d8740e50deca7664742a1fe87e946912db95251f14f86debef2ffcc,0,data/benign_original/benign/d26401166d8740e50deca7664742a1fe87e946912db95251f14f86debef2ffcc.png
e12b057304ac1a417a55aefe015ab67179370dcc3f9acfb3fc2c375c75b5680b,0,data/benign_original/benign/e12b057304ac1a417a55aefe015ab67179370dcc3f9acfb3fc2c375c75b5680b.png
d90935df3596e3d8218bc5790ef0b80d6622c72d3e62250848f3f28da2b15c33,0,data/benign_original/benign/d90935df3596e3d8218bc5790ef0b80d6622c72d3e62250848f3f28da2b15c33.png
df236c2266dae72d6788196050343aa39c29ef6d6659792cdd459f4d8286820f,1,data/malware_images/images/Gozi/df236c2266dae72d6788196050343aa39c29ef6d6659792cdd459f4d8286820f.png
dd3ea5d7db53e71b0afb8f418015bba39ecb1c8da767c8daf054926498d28819,0,data/benign_original/benign/dd3ea5d7db53e71b0afb8f418015bba39ecb1c8da767c8daf054926498d28819.png
b2b5d645ff78c84b0ad9cec18518b983b8dbd7ebe505aa31e98de460595e8229,0,data/benign_original/benign/b2b5d645ff78c84b0ad9cec18518b983b8dbd7ebe505aa31e98de460595e8229.png
caf68c696e8f34db1c88306da8d20fc141add8d163f64874eac3f0dea87a5514,0,data/benign_original/benign/caf68c696e8f34db1c88306da8d20fc141add8d163f64874eac3f0dea87a5514.png
fa2f4d02ef1b75730925548e3c943ae3c939526fe2e367ebd74e9f5b83427e71,0,data/benign_original/benign/fa2f4d02ef1b75730925548e3c943ae3c939526fe2e367ebd74e9f5b83427e71.png
5677d8babce093f8b67ae7bda6ec28b1f9196a8398c7fe482ed7eba03272ea26,0,data/benign_original/benign/5677d8babce093f8b67ae7bda6ec28b1f9196a8398c7fe482ed7eba03272ea26.png
d3d8a8e35cb6cd2bac3bac85c2c3a7557aa82e6cec20b4945d147b7527342d99,0,data/benign_original/benign/d3d8a8e35cb6cd2bac3bac85c2c3a7557aa82e6cec20b4945d147b7527342d99.png
cdae0ee68759fd3d91c70ebfe7463f620b586116d17aeb130e953b93028f031d,0,data/benign_original/benign/cdae0ee68759fd3d91c70ebfe7463f620b586116d17aeb130e953b93028f031d.png
da43431b49eb93e44bcf9b80822e7b48fd33a365d8c524e024e6cd359bc4a837,0,data/benign_original/benign/da43431b49eb93e44bcf9b80822e7b48fd33a365d8c524e024e6cd359bc4a837.png
fe80676d41579d0927e94ac40849ad8ffa947b12cc75cd9b5b81aa607d560afa,0,data/benign_original/benign/fe80676d41579d0927e94ac40849ad8ffa947b12cc75cd9b5b81aa607d560afa.png
e125e29617db5f1528a3e355b6f17b7fe7aba93e7a9b94de13edfe4dc32e6bdf,0,data/benign_original/benign/e125e29617db5f1528a3e355b6f17b7fe7aba93e7a9b94de13edfe4dc32e6bdf.png
ca6e50a4d7a07d9f79499d83db567964a92e72e3ce5cb3f706e9f387a25d9f68,0,data/benign_original/benign/ca6e50a4d7a07d9f79499d83db567964a92e72e3ce5cb3f706e9f387a25d9f68.png
d28d1519e5adddb5e338d92d0ffeb3a60ac707600bc374a752c35ea2ca9c6fcf,0,data/benign_original/benign/d28d1519e5adddb5e338d92d0ffeb3a60ac707600bc374a752c35ea2ca9c6fcf.png
c7d38a53220fe59dc149cab51b94c5ceecd08761a5a65e4a82ea6a7826bc2281,0,data/benign_original/benign/c7d38a53220fe59dc149cab51b94c5ceecd08761a5a65e4a82ea6a7826bc2281.png
bf1a88497d76965670d7e133bdacdc2819bc40175f671413b2760bc3779ff27f,0,data/benign_original/benign/bf1a88497d76965670d7e133bdacdc2819bc40175f671413b2760bc3779ff27f.png
9292535bb8c3fe6006e25781381caff773cfcf64a0ed1ebf58674d3dd8aceaf1,0,data/benign_original/benign/9292535bb8c3fe6006e25781381caff773cfcf64a0ed1ebf58674d3dd8aceaf1.png
bdd41d65a67e87653abaa454166fc37b38ca219ec76f73dd27012ec7f4add8df,0,data/benign_original/benign/bdd41d65a67e87653abaa454166fc37b38ca219ec76f73dd27012ec7f4add8df.png
c68f1a3cb46476afab74822169f5d2c12230f391637e68ff3bd06bb2473eb900,0,data/benign_original/benign/c68f1a3cb46476afab74822169f5d2c12230f391637e68ff3bd06bb2473eb900.png
4a495b476cc33e6be712a77184626725ec10e3f31b89d3c53010bd620bcd0cbb,0,data/benign_original/benign/4a495b476cc33e6be712a77184626725ec10e3f31b89d3c53010bd620bcd0cbb.png
ce365d04be99efe6734d9364b2ee4507a207809c54d25541787bc2667b508b94,0,data/benign_original/benign/ce365d04be99efe6734d9364b2ee4507a207809c54d25541787bc2667b508b94.png
d6c8958745499fa86145a3c686dbe8c27d3aa0c2d453a85892703ce4e98c2d1a,0,data/benign_original/benign/d6c8958745499fa86145a3c686dbe8c27d3aa0c2d453a85892703ce4e98c2d1a.png
f710bd6043d64fd9baf691e9e862df3445f9aae92fa4e1c3448cedc306bb172b,0,data/benign_original/benign/f710bd6043d64fd9baf691e9e862df3445f9aae92fa4e1c3448cedc306bb172b.png
bdeff15f8ed3e8866b8a032bf4d1176fc671112a70eb0cf11e2f96f54d2a2008,0,data/benign_original/benign/bdeff15f8ed3e8866b8a032bf4d1176fc671112a70eb0cf11e2f96f54d2a2008.png
c8263221d49196fb9780081254507dca26f103fa47370e31cb3741bcf87b4872,0,data/benign_original/benign/c8263221d49196fb9780081254507dca26f103fa47370e31cb3741bcf87b4872.png
e5374d9fd9c04c8df0c1ab0a9cde8d88189840a4957af6b40390e432b3f06afb,0,data/benign_original/benign/e5374d9fd9c04c8df0c1ab0a9cde8d88189840a4957af6b40390e432b3f06afb.png
c4e9439c7d5cbf5170aee1e94bd431f73516f381e1400b10a6571f878081c262,0,data/benign_original/benign/c4e9439c7d5cbf5170aee1e94bd431f73516f381e1400b10a6571f878081c262.png
d11f3fc16340d58a46c2a94335660a7cd54346794e917da27abcdbb0923d5eff,0,data/benign_original/benign/d11f3fc16340d58a46c2a94335660a7cd54346794e917da27abcdbb0923d5eff.png
c9541af1d88cd6d38f1e6eba2fd7eacce3c1181166e50b523ed7cedb92fea045,0,data/benign_original/benign/c9541af1d88cd6d38f1e6eba2fd7eacce3c1181166e50b523ed7cedb92fea045.png
29ae907901b116a8d656672706e9f3f9467c84c914c47a65176c6a2e9a428ffe,0,data/benign_original/benign/29ae907901b116a8d656672706e9f3f9467c84c914c47a65176c6a2e9a428ffe.png
57f0985356efd5f14027a771c3b013cf60d0dcfff02568803500cc190ebc2561,0,data/benign_original/benign/57f0985356efd5f14027a771c3b013cf60d0dcfff02568803500cc190ebc2561.png
b67ddffd73af5faaf4c1ba590ba966c260880fe154e07cfce3c4e5cb5b0e86ab,0,data/benign_original/benign/b67ddffd73af5faaf4c1ba590ba966c260880fe154e07cfce3c4e5cb5b0e86ab.png
c9b54a3aa30a3973951c4cc308b0a707901e85e4fcbc4316144644f9e077f8d4,0,data/benign_original/benign/c9b54a3aa30a3973951c4cc308b0a707901e85e4fcbc4316144644f9e077f8d4.png
d2218d3ee75279b19eb493d6c90adcbcb43be1f30cf121a5a201b43be4cae07e,0,data/benign_original/benign/d2218d3ee75279b19eb493d6c90adcbcb43be1f30cf121a5a201b43be4cae07e.png
f5daf1d69f14be51fb9fe3127fa7e57dadb158e7da45a0a32d5807f993ad9efe,0,data/benign_original/benign/f5daf1d69f14be51fb9fe3127fa7e57dadb158e7da45a0a32d5807f993ad9efe.png
1101cc2453f8ea90708f4d1642edebd0ae403f87e088affb1c2abac4fac5f419,0,data/benign_original/benign/1101cc2453f8ea90708f4d1642edebd0ae403f87e088affb1c2abac4fac5f419.png
cddfc53fe03f5cbf404f25303edfe3cdcbe10cacc8cf3bd5f67d2ad3366a2aea,0,data/benign_original/benign/cddfc53fe03f5cbf404f25303edfe3cdcbe10cacc8cf3bd5f67d2ad3366a2aea.png
f5aa3b88ed88bda3c7dc361e836cbf9f848b941f78e0a51d449e76dceff72744,0,data/benign_original/benign/f5aa3b88ed88bda3c7dc361e836cbf9f848b941f78e0a51d449e76dceff72744.png
38515483413002d884d7354be2a724117ca9e6b0baecfc9d47292a194996f72b,0,data/benign_original/benign/38515483413002d884d7354be2a724117ca9e6b0baecfc9d47292a194996f72b.png
e3553c3194caffc613b44bb33857670f5fd624b0bfa6ffd0fdad4d7a4eda1f04,0,data/benign_original/benign/e3553c3194caffc613b44bb33857670f5fd624b0bfa6ffd0fdad4d7a4eda1f04.png
c83de41a9f25c4ea8f73f8c12116d3345c4bfde3f7aaf7ba6e8014cc1b9bfeb4,0,data/benign_original/benign/c83de41a9f25c4ea8f73f8c12116d3345c4bfde3f7aaf7ba6e8014cc1b9bfeb4.png
b18160dac316f8e90763e5022df8d9f2bf56db3aeac09ef8e2ff8227a60201d2,0,data/benign_original/benign/b18160dac316f8e90763e5022df8d9f2bf56db3aeac09ef8e2ff8227a60201d2.png
d043b50ca15ca801aaa825f39073d4a54d186e12ce36abb6f72651c726133192,0,data/benign_original/benign/d043b50ca15ca801aaa825f39073d4a54d186e12ce36abb6f72651c726133192.png
eb0a060c18225e71305962b0ad8127cbf130c5c6e971c66dcdae380cde2e5e8d,0,data/benign_original/benign/eb0a060c18225e71305962b0ad8127cbf130c5c6e971c66dcdae380cde2e5e8d.png
6894a24537cb8d6ce78d1cbbbee91c33d41f12e031f397b78eeff3617803f98e,0,data/benign_original/benign/6894a24537cb8d6ce78d1cbbbee91c33d41f12e031f397b78eeff3617803f98e.png
e76114569489774faa0622454561e7653ac357ee9e36fc696e5a9f9d91ad7d59,0,data/benign_original/benign/e76114569489774faa0622454561e7653ac357ee9e36fc696e5a9f9d91ad7d59.png
b110a83bc54545babb8f51347b1ac698623ae7b231cfaee7f332716bd26caf92,0,data/benign_original/benign/b110a83bc54545babb8f51347b1ac698623ae7b231cfaee7f332716bd26caf92.png
e24ced5b4516567856104b0053f0bf0b4de9eb82a516f44355361310441a8a51,0,data/benign_original/benign/e24ced5b4516567856104b0053f0bf0b4de9eb82a516f44355361310441a8a51.png
692acd7aa54a1c159f7e09625bba47dfc6ce2ff6aeab9140550dc5a3b744a49d,0,data/benign_original/benign/692acd7aa54a1c159f7e09625bba47dfc6ce2ff6aeab9140550dc5a3b744a49d.png
ef12c1f39f55c6e53902f0fe92f5107dd2e2a495e8ed9bd85ea08479fad64487,0,data/benign_original/benign/ef12c1f39f55c6e53902f0fe92f5107dd2e2a495e8ed9bd85ea08479fad64487.png
c17ee639d931c87d797b6700b036eba2ba0dcdb6913a31b4470d5798894c3974,0,data/benign_original/benign/c17ee639d931c87d797b6700b036eba2ba0dcdb6913a31b4470d5798894c3974.png
d9113cb6652a2dabf333a77b4e0de2e43855c0a05e0ba0e0858358312ddc85d1,0,data/benign_original/benign/d9113cb6652a2dabf333a77b4e0de2e43855c0a05e0ba0e0858358312ddc85d1.png
8d042a417c37d48336b24ca108669734e259c3298072ee95032ca4ff94928b85,0,data/benign_original/benign/8d042a417c37d48336b24ca108669734e259c3298072ee95032ca4ff94928b85.png
d3e3a0df97b139586068e1f85a1fa056b4060f61b60f463d2681f59cd886cdf8,0,data/benign_original/benign/d3e3a0df97b139586068e1f85a1fa056b4060f61b60f463d2681f59cd886cdf8.png
e8cf92992112fb50fe0c66073f92981a09e02ca79bf6611e532090163ae6647c,0,data/benign_original/benign/e8cf92992112fb50fe0c66073f92981a09e02ca79bf6611e532090163ae6647c.png
dbc2054771c531fd35f8782bd31936fba0e9cb6ee5b073ecc58a0ded8de9da0c,0,data/benign_original/benign/dbc2054771c531fd35f8782bd31936fba0e9cb6ee5b073ecc58a0ded8de9da0c.png
88e0b47230be821a1794097aa74dd569c2ae2b3c71ce3e1165deb6e8de0447b0,0,data/benign_original/benign/88e0b47230be821a1794097aa74dd569c2ae2b3c71ce3e1165deb6e8de0447b0.png
b1f2b66c61dadc3b97815c69f3e4ada1417b186c258135157c5d47b83013dea5,0,data/benign_original/benign/b1f2b66c61dadc3b97815c69f3e4ada1417b186c258135157c5d47b83013dea5.png
b6e97dbf4ec13dec0324ab2d66b8c771d4da6539087d84bf009b9a80b0f78799,0,data/benign_original/benign/b6e97dbf4ec13dec0324ab2d66b8c771d4da6539087d84bf009b9a80b0f78799.png
b869826409b92e8b77f8f4439927f91b07891710d24e2372cf5d1569d4dd141c,0,data/benign_original/benign/b869826409b92e8b77f8f4439927f91b07891710d24e2372cf5d1569d4dd141c.png
f1241f815d809d63b4ad09b124d9fe3e70eeb2999df44becbc419f1928e2161e,0,data/benign_original/benign/f1241f815d809d63b4ad09b124d9fe3e70eeb2999df44becbc419f1928e2161e.png
b4853f76dfe066a5b2aeb3166bac4d6ff1548e9119205f65ac6cab6d165f9850,0,data/benign_original/benign/b4853f76dfe066a5b2aeb3166bac4d6ff1548e9119205f65ac6cab6d165f9850.png
e2bdc537ce0e9d39b418b08cbc9180084566206904c2ecd61ca105516cbb31ac,0,data/benign_original/benign/e2bdc537ce0e9d39b418b08cbc9180084566206904c2ecd61ca105516cbb31ac.png
f41874d6cc46cc74fb90dc4e83009e9715a18de6d73ea63f0be644c72b3f4169,0,data/benign_original/benign/f41874d6cc46cc74fb90dc4e83009e9715a18de6d73ea63f0be644c72b3f4169.png
b1d74187c013579db196f6a09286a5113b97704cc4273e423d9a9b2c8a8c4fc5,0,data/benign_original/benign/b1d74187c013579db196f6a09286a5113b97704cc4273e423d9a9b2c8a8c4fc5.png
7dc9d4200ada4d75e50d7c4ed86eef952334e4bb69da0464122682e7aff8d971,1,data/malware_images/images/GuLoader/7dc9d4200ada4d75e50d7c4ed86eef952334e4bb69da0464122682e7aff8d971.png
bfd9083f54e897e4f40c996dc576522b88a03902d942b9df7ec70eb29dc1eec3,0,data/benign_original/benign/bfd9083f54e897e4f40c996dc576522b88a03902d942b9df7ec70eb29dc1eec3.png
f657063e0fa7d75ece31ff7c443d31d9cfd6a94cb5a9e8258574a92288b7759c,0,data/benign_original/benign/f657063e0fa7d75ece31ff7c443d31d9cfd6a94cb5a9e8258574a92288b7759c.png
bb13a981b2537e60e86ffcc1e55706a1e5b3814b03194ef859a1816e7a3c667a,0,data/benign_original/benign/bb13a981b2537e60e86ffcc1e55706a1e5b3814b03194ef859a1816e7a3c667a.png
94cd27fe356c1a9171bddbe6f00bd5f8c69cabddbff4c92d29781b0cc443187a,1,data/malware_images/images/Gozi/94cd27fe356c1a9171bddbe6f00bd5f8c69cabddbff4c92d29781b0cc443187a.png
dd820a98337363e22b3d1aee781a2993025122b5ab8779dcba75ddaa1a8da7b8,0,data/benign_original/benign/dd820a98337363e22b3d1aee781a2993025122b5ab8779dcba75ddaa1a8da7b8.png
fdbad29d846785daeac792e56c7165685ecaf6f784931c86fb2ce8b085f3ba67,0,data/benign_original/benign/fdbad29d846785daeac792e56c7165685ecaf6f784931c86fb2ce8b085f3ba67.png
b1731a440cacf5770ddea30c8e1ad977c4a679e509953d799d9aa8c4d2638ada,0,data/benign_original/benign/b1731a440cacf5770ddea30c8e1ad977c4a679e509953d799d9aa8c4d2638ada.png
530001e38045813d7276694c428b64b4dc5a15b77f2b3cc757f64b8d34bcf815,1,data/malware_images/images/IcedID/530001e38045813d7276694c428b64b4dc5a15b77f2b3cc757f64b8d34bcf815.png
c11ef41c1b9af6e3bbc9a5f0db0808c0dc78b39ce2e543234f7cce9b5fe90e87,0,data/benign_original/benign/c11ef41c1b9af6e3bbc9a5f0db0808c0dc78b39ce2e543234f7cce9b5fe90e87.png
fa96416e309aa5add52adf84c9eb6b6f13878b43586421f87f5edd4b072b7d34,0,data/benign_original/benign/fa96416e309aa5add52adf84c9eb6b6f13878b43586421f87f5edd4b072b7d34.png
af25a3b5ce111244d6cc204a8f587e97767f47283d9f425ad1c109d13405c2ed,0,data/benign_original/benign/af25a3b5ce111244d6cc204a8f587e97767f47283d9f425ad1c109d13405c2ed.png
0b832ebbd0d324e28292d883ad532fd64a344c82360cf7fa052b4028559b4427,0,data/benign_original/benign/0b832ebbd0d324e28292d883ad532fd64a344c82360cf7fa052b4028559b4427.png
b13cd1341057c9d41e54da288ff4e491970a2fcf24ce0395b0ddb19f709b73f9,0,data/benign_original/benign/b13cd1341057c9d41e54da288ff4e491970a2fcf24ce0395b0ddb19f709b73f9.png
9698fe5597f8c7ede90202b7f4498544103c640724b8d2a94beceddb3e926837,0,data/benign_original/benign/9698fe5597f8c7ede90202b7f4498544103c640724b8d2a94beceddb3e926837.png
0039b78d69f0c4d19035fdc8a5b3508c9a1f69cbb0a7011f2427febadb905aba,1,data/malware_images/images/njrat/0039b78d69f0c4d19035fdc8a5b3508c9a1f69cbb0a7011f2427febadb905aba.png
26fa2a7473445e296ebb56322d8ea2f5653eb9050b058032b9dc5cd33a690d13,0,data/benign_original/benign/26fa2a7473445e296ebb56322d8ea2f5653eb9050b058032b9dc5cd33a690d13.png
cdeb53be947511c1288435c895adb15e1899e32bdd3be9a562ba0ffa97230619,0,data/benign_original/benign/cdeb53be947511c1288435c895adb15e1899e32bdd3be9a562ba0ffa97230619.png
c1544bcf07df78a174951269325a2ba2e9ad415bbf7e86d10e2ee182d1483130,0,data/benign_original/benign/c1544bcf07df78a174951269325a2ba2e9ad415bbf7e86d10e2ee182d1483130.png
f1e1998fb1f176bd72eabf5d5893e1549485e59de3b8fc52845a089e42864463,0,data/benign_original/benign/f1e1998fb1f176bd72eabf5d5893e1549485e59de3b8fc52845a089e42864463.png
d551c41dba1da3de59b4fc7fd53f0c2f7269d28196124624c7b07a27c213df30,0,data/benign_original/benign/d551c41dba1da3de59b4fc7fd53f0c2f7269d28196124624c7b07a27c213df30.png
bf2fefaff7fd4775ea1e07328cc3142721943948f16d261fb82cbd978b7f99e2,0,data/benign_original/benign/bf2fefaff7fd4775ea1e07328cc3142721943948f16d261fb82cbd978b7f99e2.png
e9817ab05123e1596b395569b95f6efe303dbba35a1f1232160c7b8bc18be616,0,data/benign_original/benign/e9817ab05123e1596b395569b95f6efe303dbba35a1f1232160c7b8bc18be616.png
e34ef07be1e6de192e007fa59413c9f07657d9d24ebb59b2049d3447ccc73110,0,data/benign_original/benign/e34ef07be1e6de192e007fa59413c9f07657d9d24ebb59b2049d3447ccc73110.png
e118a394bf4b43c72b4503259d4324a22599b3cc4284f66cdee6b11e87311655,0,data/benign_original/benign/e118a394bf4b43c72b4503259d4324a22599b3cc4284f66cdee6b11e87311655.png
f5e01bc8c2221b285fd0a3d701714415a5acdbfcaeb1c7f25fa746d932efecdc,0,data/benign_original/benign/f5e01bc8c2221b285fd0a3d701714415a5acdbfcaeb1c7f25fa746d932efecdc.png
f62393b8733671406db45c3d7480e911371fdec7576c3f10643d29c270da5cce,0,data/benign_original/benign/f62393b8733671406db45c3d7480e911371fdec7576c3f10643d29c270da5cce.png
960592d2147caf51496a0531951fce5a67cb750a2719617d7bee5a869b0a0360,0,data/benign_original/benign/960592d2147caf51496a0531951fce5a67cb750a2719617d7bee5a869b0a0360.png
b1ff01c02e7896b640781671308ce7f89720327435077e02cdbc2be777005663,0,data/benign_original/benign/b1ff01c02e7896b640781671308ce7f89720327435077e02cdbc2be777005663.png
e7275f198c1138425c2c7f5e2a5ffb4837dcecc6f742685e6e7817b3a2bde13c,0,data/benign_original/benign/e7275f198c1138425c2c7f5e2a5ffb4837dcecc6f742685e6e7817b3a2bde13c.png
f25f26f3859a23d8448a8b1ddbbcb3708f48c93e4fd18e477c12a7ed27f89ad9,0,data/benign_original/benign/f25f26f3859a23d8448a8b1ddbbcb3708f48c93e4fd18e477c12a7ed27f89ad9.png
e29c486f6da209788db0b0a51211567ed62aae6007d5d38649f93fb3e343ccd6,0,data/benign_original/benign/e29c486f6da209788db0b0a51211567ed62aae6007d5d38649f93fb3e343ccd6.png
fab41a942f623590402e4150a29d0f6f918ee096dba1e8b320ade3ec286c7475,0,data/benign_original/benign/fab41a942f623590402e4150a29d0f6f918ee096dba1e8b320ade3ec286c7475.png
b68aa8ccb15033689a2dee77c844b587759e9580863060241f8bbac263de018e,0,data/benign_original/benign/b68aa8ccb15033689a2dee77c844b587759e9580863060241f8bbac263de018e.png
05df14a8f30fb552f41a93aa1d59848320fb5a433f538c10f1f1ad08517e3cb6,1,data/malware_images/images/njrat/05df14a8f30fb552f41a93aa1d59848320fb5a433f538c10f1f1ad08517e3cb6.png
b5ac0c9ba8223ccf677a78f9049cc8b4669c78dfe4f93e70f6054372e2c8acce,0,data/benign_original/benign/b5ac0c9ba8223ccf677a78f9049cc8b4669c78dfe4f93e70f6054372e2c8acce.png
f4af81848636522933f2b77b52ae694383a022b7039acf046f7516777d4226ca,0,data/benign_original/benign/f4af81848636522933f2b77b52ae694383a022b7039acf046f7516777d4226ca.png
dbab6a72dd57ae2b056c370fc0fdaeff0045e09d834c76b58c3883b9c8438101,0,data/benign_original/benign/dbab6a72dd57ae2b056c370fc0fdaeff0045e09d834c76b58c3883b9c8438101.png
b0fb46ac5f2f4cc2c34f6724933a16b9d125d2ddc9650928a8bc444d9f87fc0f,0,data/benign_original/benign/b0fb46ac5f2f4cc2c34f6724933a16b9d125d2ddc9650928a8bc444d9f87fc0f.png
ba93a54f1e100a889a239970d5cec1765b067478ebefadbfe0a2c4fcb8092be9,0,data/benign_original/benign/ba93a54f1e100a889a239970d5cec1765b067478ebefadbfe0a2c4fcb8092be9.png
e23e77b8201f234540e6be172851328e48d0aa76e3b149449b090d5f6824a649,0,data/benign_original/benign/e23e77b8201f234540e6be172851328e48d0aa76e3b149449b090d5f6824a649.png
f7c9834f3c656a09c333e98a1fa2465669458b91af76beacd93cd375f69db0d2,0,data/benign_original/benign/f7c9834f3c656a09c333e98a1fa2465669458b91af76beacd93cd375f69db0d2.png
ec2e524181cb7ba7e70e20fd5843bb39531ad32e50575a53f1534d66b93369f2,0,data/benign_original/benign/ec2e524181cb7ba7e70e20fd5843bb39531ad32e50575a53f1534d66b93369f2.png
66b6907c2cda9eeaa86ec5ee546cc892c4fa90feffda0723d9c6f1c5029fc775,0,data/benign_original/benign/66b6907c2cda9eeaa86ec5ee546cc892c4fa90feffda0723d9c6f1c5029fc775.png
bb2e015b6989879b977213ef2642e86ab19d0048a452fbf81e8215249d0c1a80,0,data/benign_original/benign/bb2e015b6989879b977213ef2642e86ab19d0048a452fbf81e8215249d0c1a80.png
f3888cf05eecb4c22ef99d7aa7c5f8c4f61f055ff2807d57a6cc3738713a4ed9,0,data/benign_original/benign/f3888cf05eecb4c22ef99d7aa7c5f8c4f61f055ff2807d57a6cc3738713a4ed9.png
fcd72c9e219dbffebd3c3efc5dc5f56ecad0e7f350ff82e3a340a17a6919f524,0,data/benign_original/benign/fcd72c9e219dbffebd3c3efc5dc5f56ecad0e7f350ff82e3a340a17a6919f524.png
7fb5e6cb10d8867756ec0225a162c192887e30751ba127e1dd2ea985c6c4c2bf,0,data/benign_original/benign/7fb5e6cb10d8867756ec0225a162c192887e30751ba127e1dd2ea985c6c4c2bf.png
b065c21f34f90cea54d094629693abbcf622c7ad03809114cfef91349c8809a7,0,data/benign_original/benign/b065c21f34f90cea54d094629693abbcf622c7ad03809114cfef91349c8809a7.png
9eaf987f2790faff354c8e405d7c09946924056707d1fe81bd3ce5a2c3f0133b,0,data/benign_original/benign/9eaf987f2790faff354c8e405d7c09946924056707d1fe81bd3ce5a2c3f0133b.png
88b8f46392f8c0e0ebaa0947f2321a98d6e65d0d4e2784d6e7e1286bb625b892,0,data/benign_original/benign/88b8f46392f8c0e0ebaa0947f2321a98d6e65d0d4e2784d6e7e1286bb625b892.png
05c73c13c3635fab5c7daa5bcae4ea3a21ec0bd620291762cd13c03cd786b438,0,data/benign_original/benign/05c73c13c3635fab5c7daa5bcae4ea3a21ec0bd620291762cd13c03cd786b438.png
ab3beb52eefa353ced0055f7027b39262372197864b6d1b5bcc1dc3d14a3a1ce,0,data/benign_original/benign/ab3beb52eefa353ced0055f7027b39262372197864b6d1b5bcc1dc3d14a3a1ce.png
ed383bc5365e2d9ff18c0867d4e2f8682ced6e45b0875b55cfcfb7bc87e6b301,0,data/benign_original/benign/ed383bc5365e2d9ff18c0867d4e2f8682ced6e45b0875b55cfcfb7bc87e6b301.png
d69eb47c62248213811055a733229ca5533f7e80b9e8dac4c965ea4359f84360,0,data/benign_original/benign/d69eb47c62248213811055a733229ca5533f7e80b9e8dac4c965ea4359f84360.png
e3b8a607e8a798c7ad5e50318facdee8b4637d2db76f3dcc73c64b3df53da5ed,0,data/benign_original/benign/e3b8a607e8a798c7ad5e50318facdee8b4637d2db76f3dcc73c64b3df53da5ed.png
d1a914afd30e14ef97a300cacea5f4c447071a15ad719dca67f1967d31fd62d6,0,data/benign_original/benign/d1a914afd30e14ef97a300cacea5f4c447071a15ad719dca67f1967d31fd62d6.png
1a265ec58f8ed23ec5f82579b7ee6ab29d5c0d1ff2199996e29184dc06727dd7,1,data/malware_images/images/Trickbot/1a265ec58f8ed23ec5f82579b7ee6ab29d5c0d1ff2199996e29184dc06727dd7.png
ddfde35c242f64025479313e6f615a196f3993cd4ff944a74c381791406cb398,0,data/benign_original/benign/ddfde35c242f64025479313e6f615a196f3993cd4ff944a74c381791406cb398.png
c16b6e6f85ab7ea83518c67f7e1c10be0ef3218ee590bcee939e01b0c437e1bd,0,data/benign_original/benign/c16b6e6f85ab7ea83518c67f7e1c10be0ef3218ee590bcee939e01b0c437e1bd.png
c4fa2fc0850e71e760e0770e0e8f0579a3a8007dc12e2aebc59351bc15e5728c,0,data/benign_original/benign/c4fa2fc0850e71e760e0770e0e8f0579a3a8007dc12e2aebc59351bc15e5728c.png
d14e7ea25ea4209cbd43812de9fa1f81961d18f291e3fd7add8cdadcf1ae8abf,0,data/benign_original/benign/d14e7ea25ea4209cbd43812de9fa1f81961d18f291e3fd7add8cdadcf1ae8abf.png
b7177a1e9ff1e77f9383a3831aa772cde7b6f3a19884e04a7f8a35ff798c9947,0,data/benign_original/benign/b7177a1e9ff1e77f9383a3831aa772cde7b6f3a19884e04a7f8a35ff798c9947.png
d4d5302f860a69564736c2f55dbdfa6fad9ac4b702faecf3cc7d39c9f6dcd456,0,data/benign_original/benign/d4d5302f860a69564736c2f55dbdfa6fad9ac4b702faecf3cc7d39c9f6dcd456.png
b164268848ef328681f7a3aeb6765cc674262c025aea070fe218145282d1edc0,0,data/benign_original/benign/b164268848ef328681f7a3aeb6765cc674262c025aea070fe218145282d1edc0.png
d59efe8d047fbfb94dcfbc41e45a706729567bfccba4b408fe95833ebf925459,0,data/benign_original/benign/d59efe8d047fbfb94dcfbc41e45a706729567bfccba4b408fe95833ebf925459.png
b39a515b9e48fc6589703d45e14dcea2273a02d7fa6f2e1d17985c0228d32564,0,data/benign_original/benign/b39a515b9e48fc6589703d45e14dcea2273a02d7fa6f2e1d17985c0228d32564.png
e33de9b27bfa7fe027c29284ee39d13bf2a475ef3dc634f6c3efee1fe30ccc5b,0,data/benign_original/benign/e33de9b27bfa7fe027c29284ee39d13bf2a475ef3dc634f6c3efee1fe30ccc5b.png
eb8076990be750348a9bb2b6147c3ddccca42883ae5290f8dbce3fc074fde513,0,data/benign_original/benign/eb8076990be750348a9bb2b6147c3ddccca42883ae5290f8dbce3fc074fde513.png
7f61824ebc70fa72968793c86c3d77f55bb50c1f41913b88b42c8622ebdb61e7,1,data/malware_images/images/Gozi/7f61824ebc70fa72968793c86c3d77f55bb50c1f41913b88b42c8622ebdb61e7.png
f48b5de3caba03a9f465b40c1dee3a6287b38f410ffbfab3e9a2d8b7906db133,0,data/benign_original/benign/f48b5de3caba03a9f465b40c1dee3a6287b38f410ffbfab3e9a2d8b7906db133.png
fad18c064434d6dc9ba450d147c6eff94b302591ea79a9f806b17e12f316757e,0,data/benign_original/benign/fad18c064434d6dc9ba450d147c6eff94b302591ea79a9f806b17e12f316757e.png
cc8687345e7ac20c2dcd21321634c191a035d145f442d0a403584fd77e72b1a1,0,data/benign_original/benign/cc8687345e7ac20c2dcd21321634c191a035d145f442d0a403584fd77e72b1a1.png
f294e5f02831265cb041838f56e6654e1feacd53d6c28dad32ed3107f51f31a3,0,data/benign_original/benign/f294e5f02831265cb041838f56e6654e1feacd53d6c28dad32ed3107f51f31a3.png
b4e7447b3732199920a940f3a7c0768ab7040d68290e45c4178d2e0e4365c972,0,data/benign_original/benign/b4e7447b3732199920a940f3a7c0768ab7040d68290e45c4178d2e0e4365c972.png
ded0ef262818ca2030ff46ce4f3c1edbc7491ab57d6d5cc2cdbb86a6be708e64,0,data/benign_original/benign/ded0ef262818ca2030ff46ce4f3c1edbc7491ab57d6d5cc2cdbb86a6be708e64.png
ecfcef11c42fa4ad5cf2d4d7f553c8f0017e5eb7a4a9b032b4d0505c98ef4ef4,0,data/benign_original/benign/ecfcef11c42fa4ad5cf2d4d7f553c8f0017e5eb7a4a9b032b4d0505c98ef4ef4.png
da7b6ff14562945c79a24f612aa354756274a92f50835c0053a02683a2ef4d74,0,data/benign_original/benign/da7b6ff14562945c79a24f612aa354756274a92f50835c0053a02683a2ef4d74.png
b9481d2049fea73e51f5bc6c67aa9f3cb82d8e2e1a44785364cc19eed1f9638f,0,data/benign_original/benign/b9481d2049fea73e51f5bc6c67aa9f3cb82d8e2e1a44785364cc19eed1f9638f.png
efaea49ef810c8bfaca178e0e58f393be3b5d8bc4e72c157a533b05824063ded,0,data/benign_original/benign/efaea49ef810c8bfaca178e0e58f393be3b5d8bc4e72c157a533b05824063ded.png
e39f1255e7dbf58adfc119d9fa6b2b59acbe4180bb0bd235545fc075e14bfe93,0,data/benign_original/benign/e39f1255e7dbf58adfc119d9fa6b2b59acbe4180bb0bd235545fc075e14bfe93.png
d0ae89aa0fe67119276c00abb31e73386f430f865a2046453544c36c1bb1b333,0,data/benign_original/benign/d0ae89aa0fe67119276c00abb31e73386f430f865a2046453544c36c1bb1b333.png
eca0296fbe57705bccdffe00ee622f1f91cdb5ee199bef158c22e2963fdfc439,0,data/benign_original/benign/eca0296fbe57705bccdffe00ee622f1f91cdb5ee199bef158c22e2963fdfc439.png
f418a5e8413adaa5b480e2e117f70b005de25ed9f63d7ed3098cdf84af14bcc4,0,data/benign_original/benign/f418a5e8413adaa5b480e2e117f70b005de25ed9f63d7ed3098cdf84af14bcc4.png
f8b29d56375db2665c596014831a0daa7804df5ed2ead414c644f565c6b488d2,0,data/benign_original/benign/f8b29d56375db2665c596014831a0daa7804df5ed2ead414c644f565c6b488d2.png
a1257d4a3359dc50732aba398d1ffbc492de590bf8297aed50561355253efb83,1,data/malware_images/images/njrat/a1257d4a3359dc50732aba398d1ffbc492de590bf8297aed50561355253efb83.png
b471ac10e955513c6eaab1df7dd9334bf0a95348100e79cc7971ea8266061983,0,data/benign_original/benign/b471ac10e955513c6eaab1df7dd9334bf0a95348100e79cc7971ea8266061983.png
5b3bb26ce3cc45e3f9317075e2018d429ca2d0203bd6c41eda16da34bc0b8ccd,0,data/benign_original/benign/5b3bb26ce3cc45e3f9317075e2018d429ca2d0203bd6c41eda16da34bc0b8ccd.png
eb0ded63a40ef4d8b2e2a78bca52a8a8f74b8a2394867bb8547223b15af380aa,0,data/benign_original/benign/eb0ded63a40ef4d8b2e2a78bca52a8a8f74b8a2394867bb8547223b15af380aa.png
d7def8858824734ac6207714a17160820fe199cad63f5f70795937a3e7ee5b6e,0,data/benign_original/benign/d7def8858824734ac6207714a17160820fe199cad63f5f70795937a3e7ee5b6e.png
c7ff025596a90243cb7c803d1d831e7b5aaa271d340e58388547dd6eaa3c918b,0,data/benign_original/benign/c7ff025596a90243cb7c803d1d831e7b5aaa271d340e58388547dd6eaa3c918b.png
b4e29050d3dbe88b47276563170f0cdce84ed9482e355d6ab53f6bbaf18c3fc4,0,data/benign_original/benign/b4e29050d3dbe88b47276563170f0cdce84ed9482e355d6ab53f6bbaf18c3fc4.png
bdb6ae1627c59edd8ac5c78aa530e427127301be02467fcb781ee884673c71b7,0,data/benign_original/benign/bdb6ae1627c59edd8ac5c78aa530e427127301be02467fcb781ee884673c71b7.png
87392f52fd2d2a3966bf580fe2cb754ae951242ca57b618f9268216b77ade9da,0,data/benign_original/benign/87392f52fd2d2a3966bf580fe2cb754ae951242ca57b618f9268216b77ade9da.png
fbfa2afdad6e1a3e773be29a882f2ea0b8d70afea82b880d064a2f1465f0fe91,0,data/benign_original/benign/fbfa2afdad6e1a3e773be29a882f2ea0b8d70afea82b880d064a2f1465f0fe91.png
d4423f9d1e1e64922eb25626b4f25599598ddadadfe9a2e97c70106395518495,0,data/benign_original/benign/d4423f9d1e1e64922eb25626b4f25599598ddadadfe9a2e97c70106395518495.png
e8f45557fae3186744af854f3dae0f7266cba1eec3dc9afd7aae3c71860bada3,0,data/benign_original/benign/e8f45557fae3186744af854f3dae0f7266cba1eec3dc9afd7aae3c71860bada3.png
f23da60109de4fe017cc9a31b9c7ff9678be76f8aa9507b25743f9d98c75c7af,0,data/benign_original/benign/f23da60109de4fe017cc9a31b9c7ff9678be76f8aa9507b25743f9d98c75c7af.png
c32c4a1c304bb14644f34c554bfd0f0d7947e74c72b49ff5420f6645c6ce444f,0,data/benign_original/benign/c32c4a1c304bb14644f34c554bfd0f0d7947e74c72b49ff5420f6645c6ce444f.png
6b9bdfdedb8dbda0f5c6bace22ea29010eceb6d4f8b3dbeea4949f43f6740cd8,0,data/benign_original/benign/6b9bdfdedb8dbda0f5c6bace22ea29010eceb6d4f8b3dbeea4949f43f6740cd8.png
dfc65c47a057cf76751ff8542ebe9930f107557dc842c56f32c1194071cbfad0,0,data/benign_original/benign/dfc65c47a057cf76751ff8542ebe9930f107557dc842c56f32c1194071cbfad0.png
ff9ef3f71807789ab7387c00020b61f7c7ffdcbd7f55d5274bd9d5800b98cad6,0,data/benign_original/benign/ff9ef3f71807789ab7387c00020b61f7c7ffdcbd7f55d5274bd9d5800b98cad6.png
de85028eb2b50368a55d856d97e5400171b4575d86dd12c05f076196fe22c495,0,data/benign_original/benign/de85028eb2b50368a55d856d97e5400171b4575d86dd12c05f076196fe22c495.png
c3b44329f9a310aaec790630391b03f9fe46028863819c9d4e8339390a66ef10,0,data/benign_original/benign/c3b44329f9a310aaec790630391b03f9fe46028863819c9d4e8339390a66ef10.png
be11717501bf1245ad89527c1a092b3d5fe79fdb89858ad85958e8e34b073f41,0,data/benign_original/benign/be11717501bf1245ad89527c1a092b3d5fe79fdb89858ad85958e8e34b073f41.png
fb3f310cd5b86089027e63f53896ef8251016234e6504d1c04667b1cb95069de,0,data/benign_original/benign/fb3f310cd5b86089027e63f53896ef8251016234e6504d1c04667b1cb95069de.png
d2e3aa8b2390bdc58a8360949da6901287f4ab7583cedcda65f02a2dd01a879c,0,data/benign_original/benign/d2e3aa8b2390bdc58a8360949da6901287f4ab7583cedcda65f02a2dd01a879c.png
b726ca7d7100e02c672eed094fccad7481ec1439d6d19f911c84e44449e01af9,0,data/benign_original/benign/b726ca7d7100e02c672eed094fccad7481ec1439d6d19f911c84e44449e01af9.png
f2be6759b3bd3ee1e0790d49cc21c6e144b4a6b1bac335e64cb26f2c379cd066,0,data/benign_original/benign/f2be6759b3bd3ee1e0790d49cc21c6e144b4a6b1bac335e64cb26f2c379cd066.png
c00228933470ff819105e30cdf8c8ac6b3ff65bbcc216ec594fcba5ba05a7c2b,0,data/benign_original/benign/c00228933470ff819105e30cdf8c8ac6b3ff65bbcc216ec594fcba5ba05a7c2b.png
bcf3012a44b448402166bbab661a9fbca7f9e3c11ad17b3f96a54bbbb82bb235,0,data/benign_original/benign/bcf3012a44b448402166bbab661a9fbca7f9e3c11ad17b3f96a54bbbb82bb235.png
b56d975956393ae6d3db1efacbe683d580cb8d1af318f95acf675ae7b0a4eb55,0,data/benign_original/benign/b56d975956393ae6d3db1efacbe683d580cb8d1af318f95acf675ae7b0a4eb55.png
8fe31269d1acd87ef39cde0b6f82a8a5088bb526eb3e43e1adfde86392901490,0,data/benign_original/benign/8fe31269d1acd87ef39cde0b6f82a8a5088bb526eb3e43e1adfde86392901490.png
23f4a2ccdce499c524cf43793fda8e773d809514b5471c02fa5e68f0cda7a10b,0,data/benign_original/benign/23f4a2ccdce499c524cf43793fda8e773d809514b5471c02fa5e68f0cda7a10b.png
3cefaa966d5e204fe6601160e7ba4d27910437bd1e83b8e0e9f2c4c3de210227,0,data/benign_original/benign/3cefaa966d5e204fe6601160e7ba4d27910437bd1e83b8e0e9f2c4c3de210227.png
d053f4ef1bff072e476589e4c60968e663fc3901d5ae08f93c6bae5eafbee665,0,data/benign_original/benign/d053f4ef1bff072e476589e4c60968e663fc3901d5ae08f93c6bae5eafbee665.png
e51721dc0647f4838b1abc592bd95fd8cb924716e8a64f83d4b947821fa1fa42,0,data/benign_original/benign/e51721dc0647f4838b1abc592bd95fd8cb924716e8a64f83d4b947821fa1fa42.png
3ed0c2f392e66a7f7c5baedf84b632ba2ac5bfa1c524ea1a084da34bc00f98e5,1,data/malware_images/images/Trickbot/3ed0c2f392e66a7f7c5baedf84b632ba2ac5bfa1c524ea1a084da34bc00f98e5.png
c90abefba70ecf2809ec7bdbddc7b5739e992c253d58761b4b2756e19d9664ae,0,data/benign_original/benign/c90abefba70ecf2809ec7bdbddc7b5739e992c253d58761b4b2756e19d9664ae.png
ff15f14174a5543f028fa49cca745582fe4cacf3bbe490749cf43444690ab359,0,data/benign_original/benign/ff15f14174a5543f028fa49cca745582fe4cacf3bbe490749cf43444690ab359.png
d55d46790959a1e0f57c7011b845c65142295085b60f626e9507c6691886dd47,0,data/benign_original/benign/d55d46790959a1e0f57c7011b845c65142295085b60f626e9507c6691886dd47.png
d4da5b6d61589120fc5c481e47581451b84c9566177866e03909cd9e42af7cc3,0,data/benign_original/benign/d4da5b6d61589120fc5c481e47581451b84c9566177866e03909cd9e42af7cc3.png
f7020e4585ab614dd1f1b13743e0587b83a53955e508af6eb21506f78c28b44e,0,data/benign_original/benign/f7020e4585ab614dd1f1b13743e0587b83a53955e508af6eb21506f78c28b44e.png
ee8be298b84a51cb8120728a1d914f2fd1c778da42ff65f5337a47e8f3e91d60,0,data/benign_original/benign/ee8be298b84a51cb8120728a1d914f2fd1c778da42ff65f5337a47e8f3e91d60.png
89928b2405dcbcf9a3b2a2350eac872e4188c474527cd4ef61704ab2f17c2b27,0,data/benign_original/benign/89928b2405dcbcf9a3b2a2350eac872e4188c474527cd4ef61704ab2f17c2b27.png
da458a831cb0a78bcabb0023fb0af5936652f238261995d4689a82a24bd332c4,0,data/benign_original/benign/da458a831cb0a78bcabb0023fb0af5936652f238261995d4689a82a24bd332c4.png
f7df2fc6c007aa22af62210420d1f16df04f3cfd9ada02d29952af3d3783556e,0,data/benign_original/benign/f7df2fc6c007aa22af62210420d1f16df04f3cfd9ada02d29952af3d3783556e.png
bf504b9300e7d60f855194da9912c77b9a6808ebdf4b330c54559a3e4fce9f94,0,data/benign_original/benign/bf504b9300e7d60f855194da9912c77b9a6808ebdf4b330c54559a3e4fce9f94.png
8bc53c486cba7fca5ffe4dd43976cbaac6bfb24acc95d23da5ad5bc0e0689a3e,0,data/benign_original/benign/8bc53c486cba7fca5ffe4dd43976cbaac6bfb24acc95d23da5ad5bc0e0689a3e.png
dcb6994a58ba6320cc89b09261e4f13102a04e7cd62a8a0a0e42bbe69af9a722,0,data/benign_original/benign/dcb6994a58ba6320cc89b09261e4f13102a04e7cd62a8a0a0e42bbe69af9a722.png
e417eff0bde0c5a37150323fe7d43e552aaef9df3e986e9ee31510c728666dc1,0,data/benign_original/benign/e417eff0bde0c5a37150323fe7d43e552aaef9df3e986e9ee31510c728666dc1.png
c372369ede10c6ee658e1a941b884f62baf937d2b5fb0dc3b67b6f2d52ec9b45,0,data/benign_original/benign/c372369ede10c6ee658e1a941b884f62baf937d2b5fb0dc3b67b6f2d52ec9b45.png
f48e23f96e58423e45b96325ab5e0bc7ff2687c50f1bcc35db489e9e671807a6,0,data/benign_original/benign/f48e23f96e58423e45b96325ab5e0bc7ff2687c50f1bcc35db489e9e671807a6.png
f2ddf7aab4e600ce608184ed5de52123ba25769f32fe5538ea56d19887b431d4,0,data/benign_original/benign/f2ddf7aab4e600ce608184ed5de52123ba25769f32fe5538ea56d19887b431d4.png
5ec680a6624e98eec1caac49d9787d08f0878c7ec757ad5c0387c2b2e8003067,0,data/benign_original/benign/5ec680a6624e98eec1caac49d9787d08f0878c7ec757ad5c0387c2b2e8003067.png
eae35afebe893dfb83e4e94fc8628f9591f01eee1598798ff30c2374636726b1,0,data/benign_original/benign/eae35afebe893dfb83e4e94fc8628f9591f01eee1598798ff30c2374636726b1.png
eda3e7fd5703c82ade90054a0856380a9c90b650572b298c5037c54f18f5155e,0,data/benign_original/benign/eda3e7fd5703c82ade90054a0856380a9c90b650572b298c5037c54f18f5155e.png
da84fc4ae3b71092863034cc9588ed94b83d863447ff4c9385bcb52d3e61af2a,0,data/benign_original/benign/da84fc4ae3b71092863034cc9588ed94b83d863447ff4c9385bcb52d3e61af2a.png
b85e964144a64d78fc54b4e6bae83ba6e1c7179f0a820f361c27f58842b6940a,1,data/malware_images/images/njrat/b85e964144a64d78fc54b4e6bae83ba6e1c7179f0a820f361c27f58842b6940a.png
95f37f835ee41eda40d5ee7d29847f853e34a7fc3829579ed4c996803b2cb4f6,0,data/benign_original/benign/95f37f835ee41eda40d5ee7d29847f853e34a7fc3829579ed4c996803b2cb4f6.png
b872a7a909e26e6fa6db3f504eda74e08388e238c05f5113f3b3c28d31485dde,0,data/benign_original/benign/b872a7a909e26e6fa6db3f504eda74e08388e238c05f5113f3b3c28d31485dde.png
626a065b493acc0636e75406f146741896ec430ae30cb7cc2ebaf70cb6640afd,0,data/benign_original/benign/626a065b493acc0636e75406f146741896ec430ae30cb7cc2ebaf70cb6640afd.png
cd4c462bcc5e389a5330362e4d2da52ac545631290fa9c40a954688c042f3c48,0,data/benign_original/benign/cd4c462bcc5e389a5330362e4d2da52ac545631290fa9c40a954688c042f3c48.png
d38c1deb913e3d64b971cd9404906275875969d46e7f077b39464ca62b5f4457,0,data/benign_original/benign/d38c1deb913e3d64b971cd9404906275875969d46e7f077b39464ca62b5f4457.png
c2b807b25cff9dcaf393d03b193799819614e6ccaf64507745124c9697c1676b,0,data/benign_original/benign/c2b807b25cff9dcaf393d03b193799819614e6ccaf64507745124c9697c1676b.png
ed1a2c3972a57e2718fe699155b49e7435d61f55cec22a4f56bbbbb81fa8a8c7,0,data/benign_original/benign/ed1a2c3972a57e2718fe699155b49e7435d61f55cec22a4f56bbbbb81fa8a8c7.png
ec774b1725b817296e6ab84c4664d3c409e6c638f70033af187bc558e1fe21c8,0,data/benign_original/benign/ec774b1725b817296e6ab84c4664d3c409e6c638f70033af187bc558e1fe21c8.png
1a46ce9adbf312445eae9074b3458e477f2a71d026700d58ea6e57017d017e6e,0,data/benign_original/benign/1a46ce9adbf312445eae9074b3458e477f2a71d026700d58ea6e57017d017e6e.png
f9dc6f8241cf013d741d3abfdfaddfd7d92047210564f89f709867445bc4f945,0,data/benign_original/benign/f9dc6f8241cf013d741d3abfdfaddfd7d92047210564f89f709867445bc4f945.png
d5e66a38cac93c9c6499e3e1d3ad4c6c4ceef8aa6296dbdd4b12ff902e748a02,0,data/benign_original/benign/d5e66a38cac93c9c6499e3e1d3ad4c6c4ceef8aa6296dbdd4b12ff902e748a02.png
b0561973ced0aa00a7126b3d9f45359a730ed176770105228e79f7b969a4f855,0,data/benign_original/benign/b0561973ced0aa00a7126b3d9f45359a730ed176770105228e79f7b969a4f855.png
d66204760ddc829ad1f6642c46befc66d00f3d6f2b4e05c9d26e3a039c399155,0,data/benign_original/benign/d66204760ddc829ad1f6642c46befc66d00f3d6f2b4e05c9d26e3a039c399155.png
d8d3520ef47ae827db7a1a9aeb96c4dcc34633b218f5e41ee7899e22e6a94265,0,data/benign_original/benign/d8d3520ef47ae827db7a1a9aeb96c4dcc34633b218f5e41ee7899e22e6a94265.png
bc81bcc2425d129d84a478eb842b09552681a23acd1075339b60b4156eb7cd2e,0,data/benign_original/benign/bc81bcc2425d129d84a478eb842b09552681a23acd1075339b60b4156eb7cd2e.png
fc3ea3c4c622f21a81eaff120ce630f168627746643888060b9b289ea3cc8e90,0,data/benign_original/benign/fc3ea3c4c622f21a81eaff120ce630f168627746643888060b9b289ea3cc8e90.png
f18e4b87190e3b332c7760957a311f37746fdc388532d24451ef7e6e4ae3c835,0,data/benign_original/benign/f18e4b87190e3b332c7760957a311f37746fdc388532d24451ef7e6e4ae3c835.png
e5e89ef3a4baaf96967a03034f591952f5597881fffdb8703c71bb1d5264b789,0,data/benign_original/benign/e5e89ef3a4baaf96967a03034f591952f5597881fffdb8703c71bb1d5264b789.png
b850cf2778c017e0528c67af683f5cd0753925890992531d0b7e3d66c417de99,0,data/benign_original/benign/b850cf2778c017e0528c67af683f5cd0753925890992531d0b7e3d66c417de99.png
bea3bb1a8652a051d8f836bdbadc7d586c3683b161a914ad464a926a541feeb0,0,data/benign_original/benign/bea3bb1a8652a051d8f836bdbadc7d586c3683b161a914ad464a926a541feeb0.png
eb72e1689851154dbba45fa416b9a8eb3e77ac954eec6c5836a5fba7cbc32809,0,data/benign_original/benign/eb72e1689851154dbba45fa416b9a8eb3e77ac954eec6c5836a5fba7cbc32809.png
ff9bce88fbe7a5a0ae37aa39cadf019d3f5c057f336017ea171cd26d6519d343,0,data/benign_original/benign/ff9bce88fbe7a5a0ae37aa39cadf019d3f5c057f336017ea171cd26d6519d343.png
ea8349e434a96a8e1170d19473039935161a794e94779fa23510df52e3a8112c,0,data/benign_original/benign/ea8349e434a96a8e1170d19473039935161a794e94779fa23510df52e3a8112c.png
b59d6dc73b0965f69c89a0493147eeb5bc2f4b8351d775b536d88a5ebb0a1a15,0,data/benign_original/benign/b59d6dc73b0965f69c89a0493147eeb5bc2f4b8351d775b536d88a5ebb0a1a15.png
d889a3ba4e158b25bbae2b258d14b47fbfd728deb8126031e22dca5f7ea17faa,0,data/benign_original/benign/d889a3ba4e158b25bbae2b258d14b47fbfd728deb8126031e22dca5f7ea17faa.png
e528cece2f9a562af7b5b274545ae1977f924331564bd0a2649f5a06f7843994,0,data/benign_original/benign/e528cece2f9a562af7b5b274545ae1977f924331564bd0a2649f5a06f7843994.png
c9307fca402fae76443ecf405c9fd27ec89f59ea51f39a2417443bc3154147a6,0,data/benign_original/benign/c9307fca402fae76443ecf405c9fd27ec89f59ea51f39a2417443bc3154147a6.png
e5dc5291c92617c1b42d182c0dada35e8ad931997710be688f6b7f836c4c3562,1,data/malware_images/images/Heodo/e5dc5291c92617c1b42d182c0dada35e8ad931997710be688f6b7f836c4c3562.png
afdec0bd08978adbfd01cbb403b8b1bc161f6021e92512887978284c276864a4,0,data/benign_original/benign/afdec0bd08978adbfd01cbb403b8b1bc161f6021e92512887978284c276864a4.png
d822ec4e09fdf5446e62c09cf5819146f09a4670f77aaa81e4133b912592f1f9,0,data/benign_original/benign/d822ec4e09fdf5446e62c09cf5819146f09a4670f77aaa81e4133b912592f1f9.png
c600a6aabd362926a5c5d2f74c9960e527b97c1ea7eb446e61525dda9bf2c2c9,0,data/benign_original/benign/c600a6aabd362926a5c5d2f74c9960e527b97c1ea7eb446e61525dda9bf2c2c9.png
e8b3a4d88c28481ad74164d9a118c8c6a2a528852a448706c83a6895cea6389a,0,data/benign_original/benign/e8b3a4d88c28481ad74164d9a118c8c6a2a528852a448706c83a6895cea6389a.png
d736b4ed7574ada5dd609bb2370cb8d52a9ef1aa20afb3734438c2141fda8ee1,0,data/benign_original/benign/d736b4ed7574ada5dd609bb2370cb8d52a9ef1aa20afb3734438c2141fda8ee1.png
d819e3cadcafcc79b4e3e2204d99e11022dcbb6280c6302000770bff4ee1d7a6,0,data/benign_original/benign/d819e3cadcafcc79b4e3e2204d99e11022dcbb6280c6302000770bff4ee1d7a6.png
48a9a72aa60171651952026dbc5cfd00a1c1c203077d3886235ae9bca511a103,0,data/benign_original/benign/48a9a72aa60171651952026dbc5cfd00a1c1c203077d3886235ae9bca511a103.png
b9ff1530b1fcca85017cf781a1575f3fa1771b640f5f42a6451c71ea8e876acf,0,data/benign_original/benign/b9ff1530b1fcca85017cf781a1575f3fa1771b640f5f42a6451c71ea8e876acf.png
b839c8be2603a67cda5cb1c7f9caaff7e6484631193f33f0d0a53d4d439150ff,0,data/benign_original/benign/b839c8be2603a67cda5cb1c7f9caaff7e6484631193f33f0d0a53d4d439150ff.png
b49ae31d5c487bd069a16e2c634055cd9da325aebaba70a541499431a319b2cd,0,data/benign_original/benign/b49ae31d5c487bd069a16e2c634055cd9da325aebaba70a541499431a319b2cd.png
c2ccb84c672a9d8966e82a28005a4269886ee304972ac3590c0b8a9c1622a3d8,0,data/benign_original/benign/c2ccb84c672a9d8966e82a28005a4269886ee304972ac3590c0b8a9c1622a3d8.png
ea1d4ea25eafeee7b87545159ea750a013ba2eff1b76501350ab5531c1a3cb05,0,data/benign_original/benign/ea1d4ea25eafeee7b87545159ea750a013ba2eff1b76501350ab5531c1a3cb05.png
b5a13826ff000f0fb787ae382820c8dccdeb5f6bb6a47c05da1fcecfe7f3d8a7,0,data/benign_original/benign/b5a13826ff000f0fb787ae382820c8dccdeb5f6bb6a47c05da1fcecfe7f3d8a7.png
ec65f25f724a7e0154c3ad2fcfcf860c2c7c66f829adf4cb528e834df2f8fa69,0,data/benign_original/benign/ec65f25f724a7e0154c3ad2fcfcf860c2c7c66f829adf4cb528e834df2f8fa69.png
f8c3316672028460f43b83fd6f8df7ed879672fa4f8f9b63873256cb00ef29ef,0,data/benign_original/benign/f8c3316672028460f43b83fd6f8df7ed879672fa4f8f9b63873256cb00ef29ef.png
b138e0d1a693e9d6798afd6ec3578efbff5d86f12aec0c946d307173df8fb4cc,0,data/benign_original/benign/b138e0d1a693e9d6798afd6ec3578efbff5d86f12aec0c946d307173df8fb4cc.png
d34c982874a8f85e9b5be4d4c895d401ee96f426331764f733637308ce238702,0,data/benign_original/benign/d34c982874a8f85e9b5be4d4c895d401ee96f426331764f733637308ce238702.png
d8cb004d4e8894ab4ca769c3cec9a37b7fab336dcda1e6e9a15975dc64cef370,0,data/benign_original/benign/d8cb004d4e8894ab4ca769c3cec9a37b7fab336dcda1e6e9a15975dc64cef370.png
6bb70e81edc34e15d9798b317300d7758042db033a91efd7a40efa5e45a3cfa5,0,data/benign_original/benign/6bb70e81edc34e15d9798b317300d7758042db033a91efd7a40efa5e45a3cfa5.png
614201c936c7227d1b884972a1b5080203e26ba1c302e344944cd4e1701df128,0,data/benign_original/benign/614201c936c7227d1b884972a1b5080203e26ba1c302e344944cd4e1701df128.png
916f3f27fda90e04851198c4273b286e52b1dc9b30948361303bc667e66a09c7,0,data/benign_original/benign/916f3f27fda90e04851198c4273b286e52b1dc9b30948361303bc667e66a09c7.png
d6a1a862f98a8d1c3f7adb5997d66acb7477ada0409cb87c7df733786905aec6,0,data/benign_original/benign/d6a1a862f98a8d1c3f7adb5997d66acb7477ada0409cb87c7df733786905aec6.png
cbac6013170047b80dfb05bd9598cf8c5d4cfb86d137abd229c340c4eb2d3e9b,0,data/benign_original/benign/cbac6013170047b80dfb05bd9598cf8c5d4cfb86d137abd229c340c4eb2d3e9b.png
bfb0f2c5a48629d76379ccdce6b0874ddef9f88521ada027878b2a15b0788c23,0,data/benign_original/benign/bfb0f2c5a48629d76379ccdce6b0874ddef9f88521ada027878b2a15b0788c23.png
cbab585e48746b4e40b876475bab062ee78ba45baba8c40d152f5316b60add11,0,data/benign_original/benign/cbab585e48746b4e40b876475bab062ee78ba45baba8c40d152f5316b60add11.png
ebbb0179140380de55639c1706656b046444aec56623aa22134d450dab64149c,0,data/benign_original/benign/ebbb0179140380de55639c1706656b046444aec56623aa22134d450dab64149c.png
d34c0f14da319687141edb4f11e6b1ef9e10db3de66e255067a468acb896ccfa,0,data/benign_original/benign/d34c0f14da319687141edb4f11e6b1ef9e10db3de66e255067a468acb896ccfa.png
d8721399d4aecd67057526336a01c2f892a0d8d28af601c46fb8bd0f778eb182,0,data/benign_original/benign/d8721399d4aecd67057526336a01c2f892a0d8d28af601c46fb8bd0f778eb182.png
ec423c62cfa7a4802cd24c6f11d3a562b72cf21775493a6e05afae3d943e71b3,0,data/benign_original/benign/ec423c62cfa7a4802cd24c6f11d3a562b72cf21775493a6e05afae3d943e71b3.png
fa100c225e6f847dd18a57069b50505945f6c04b0774ce42f5dbf0d225b4eca5,0,data/benign_original/benign/fa100c225e6f847dd18a57069b50505945f6c04b0774ce42f5dbf0d225b4eca5.png
f3a6b18bc0b15221985311a8f55581e856de63201ce33aedc1a34b6e55a06d49,0,data/benign_original/benign/f3a6b18bc0b15221985311a8f55581e856de63201ce33aedc1a34b6e55a06d49.png
bb891c00946707603e00cfe20ab3c6175d51d6c568f04e61e3161dd392895926,0,data/benign_original/benign/bb891c00946707603e00cfe20ab3c6175d51d6c568f04e61e3161dd392895926.png
f623cf6a86e3edef377ba6895b4fc15cbc3945c379f57b46de7ebd07c813dd3d,0,data/benign_original/benign/f623cf6a86e3edef377ba6895b4fc15cbc3945c379f57b46de7ebd07c813dd3d.png
b5dc0feb738a91ce3cfa982647fe2779787335c6c2c598d5b49818565d7c3e84,0,data/benign_original/benign/b5dc0feb738a91ce3cfa982647fe2779787335c6c2c598d5b49818565d7c3e84.png
4320e2bf2bc6115ae79a52777bdd9aef62db691a756640f9c7fa6e8372e46193,1,data/malware_images/images/GuLoader/4320e2bf2bc6115ae79a52777bdd9aef62db691a756640f9c7fa6e8372e46193.png
e8cf1f519186cd1cdd09adf606695d013945fc0f5c1c98d7f1b331aec791e6ea,0,data/benign_original/benign/e8cf1f519186cd1cdd09adf606695d013945fc0f5c1c98d7f1b331aec791e6ea.png
3d8b868359f623a9441e336d32c360352bf819114052599d3c85ab69e60d1de9,0,data/benign_original/benign/3d8b868359f623a9441e336d32c360352bf819114052599d3c85ab69e60d1de9.png
fa113cacb64eb682c9009efe4ddb034d2e3f71c3d34d5c2b61890f40c3f1a5a4,0,data/benign_original/benign/fa113cacb64eb682c9009efe4ddb034d2e3f71c3d34d5c2b61890f40c3f1a5a4.png
1629630cf717f6abe87bd15813ff693441ea6ea32785c08eb88fe82c9e05f45f,0,data/benign_original/benign/1629630cf717f6abe87bd15813ff693441ea6ea32785c08eb88fe82c9e05f45f.png
d1de610bb36b19360e889c873db077f25f7ca1a56e7255f72cea7e56491992f1,0,data/benign_original/benign/d1de610bb36b19360e889c873db077f25f7ca1a56e7255f72cea7e56491992f1.png
fb3a8c76a2a4e5c69a64258089c9fac4d2e4863a5ec4ac868468615ff2489a74,0,data/benign_original/benign/fb3a8c76a2a4e5c69a64258089c9fac4d2e4863a5ec4ac868468615ff2489a74.png
d76d08c04dfa434de033ca220456b5b87e6b3f0108667bd61304142c54addbe4,0,data/benign_original/benign/d76d08c04dfa434de033ca220456b5b87e6b3f0108667bd61304142c54addbe4.png
e093a9c1784db78983e42144488007700306b6825eeb88a81eddc396b12a68ab,0,data/benign_original/benign/e093a9c1784db78983e42144488007700306b6825eeb88a81eddc396b12a68ab.png
d6c74e8c3a63cf1c7b3b1a97ac68005d052a012e3b96d21f6583336aec7598ce,0,data/benign_original/benign/d6c74e8c3a63cf1c7b3b1a97ac68005d052a012e3b96d21f6583336aec7598ce.png
cc898d465db6b8dff4d92aa1da5c792314fd41a0b33301baad57f3e1206bcfc4,0,data/benign_original/benign/cc898d465db6b8dff4d92aa1da5c792314fd41a0b33301baad57f3e1206bcfc4.png
bdc5e7b7f5eea86613fbbfa1cb704cd13f86d6ebe9a8324f5405a1096772c717,0,data/benign_original/benign/bdc5e7b7f5eea86613fbbfa1cb704cd13f86d6ebe9a8324f5405a1096772c717.png
bbd38f1a9269dc148f4db68e0fc49b3780c4a73c607f1b193b7a46b75680a19b,0,data/benign_original/benign/bbd38f1a9269dc148f4db68e0fc49b3780c4a73c607f1b193b7a46b75680a19b.png
729d140140c3af5b46031f1a7652b159b08721afa80776f17afe73633800afc1,0,data/benign_original/benign/729d140140c3af5b46031f1a7652b159b08721afa80776f17afe73633800afc1.png
5b231372f1e52b49526215deebcfc997b9dd74d77cc35d9cf78590480e51b1a0,0,data/benign_original/benign/5b231372f1e52b49526215deebcfc997b9dd74d77cc35d9cf78590480e51b1a0.png
da3931be349e48efdbb478f8e296bb29adb86be1b5af0dd4e9ee5a2c66f0a6d4,0,data/benign_original/benign/da3931be349e48efdbb478f8e296bb29adb86be1b5af0dd4e9ee5a2c66f0a6d4.png
f9597fce74b53aba3ad8ea08904f5114a8abfe5d0c5ef45851f59992d2b213bb,0,data/benign_original/benign/f9597fce74b53aba3ad8ea08904f5114a8abfe5d0c5ef45851f59992d2b213bb.png
c65e1ec43caa6deb0dcd41c70bff53f0e1d4fd00274e09327f842847d9dd13c8,0,data/benign_original/benign/c65e1ec43caa6deb0dcd41c70bff53f0e1d4fd00274e09327f842847d9dd13c8.png
b94cad8c4347aaec40be13d3deafe19078a23ce60950f69e4eec32c378a31829,0,data/benign_original/benign/b94cad8c4347aaec40be13d3deafe19078a23ce60950f69e4eec32c378a31829.png
de915f126ba7b0604200261f319a40dc6aa4819595931e721aaa24fbc06befc0,0,data/benign_original/benign/de915f126ba7b0604200261f319a40dc6aa4819595931e721aaa24fbc06befc0.png
b722f93029754710c48d9d1982224acc291c01d30e61fa8cc002e1615fc9d84a,0,data/benign_original/benign/b722f93029754710c48d9d1982224acc291c01d30e61fa8cc002e1615fc9d84a.png
fb7aaec5041bbe82059d9ade519db9168ca7ec55f1d6bd12e526300a5a8fa06d,0,data/benign_original/benign/fb7aaec5041bbe82059d9ade519db9168ca7ec55f1d6bd12e526300a5a8fa06d.png
b062783497e8ed5cdb3c31216607504a779a81da4dd95a66a649292ec9fca10b,0,data/benign_original/benign/b062783497e8ed5cdb3c31216607504a779a81da4dd95a66a649292ec9fca10b.png
ab745988b1c09e048c02f649764c00b276a2a6379e6e15506a1a6b2f6f963f53,0,data/benign_original/benign/ab745988b1c09e048c02f649764c00b276a2a6379e6e15506a1a6b2f6f963f53.png
cbad1d3c186c2880eac36a1a8377ec38d506112ba2f4f0877656759838b90e64,0,data/benign_original/benign/cbad1d3c186c2880eac36a1a8377ec38d506112ba2f4f0877656759838b90e64.png
33f55852b0a95c7bf413530a46afeec5bbc1fe394e5666848d6c58a2b031385c,0,data/benign_original/benign/33f55852b0a95c7bf413530a46afeec5bbc1fe394e5666848d6c58a2b031385c.png
e16402c8bbb7c797a3f504aef86d466623940ccb8912e16f3e883b0f0698743d,0,data/benign_original/benign/e16402c8bbb7c797a3f504aef86d466623940ccb8912e16f3e883b0f0698743d.png
c2eb10ad9ddfdb1b96beb3d5021068f17985f8a88f24c82d581afc9d79f07477,0,data/benign_original/benign/c2eb10ad9ddfdb1b96beb3d5021068f17985f8a88f24c82d581afc9d79f07477.png
fd5733c3c7b62b99a38d87e5290704f8b5cabe4f3255d78851276e1e779c0060,0,data/benign_original/benign/fd5733c3c7b62b99a38d87e5290704f8b5cabe4f3255d78851276e1e779c0060.png
d8e9c006edcf959f414ae7e3ff2e11af0885bc84cedc8249fdc1c5e71cdca8ba,0,data/benign_original/benign/d8e9c006edcf959f414ae7e3ff2e11af0885bc84cedc8249fdc1c5e71cdca8ba.png
b83918509162fd65f397ddbc96fa4a20a3b0ec87ee4d43f45cbaa3e17bf4a770,0,data/benign_original/benign/b83918509162fd65f397ddbc96fa4a20a3b0ec87ee4d43f45cbaa3e17bf4a770.png
d1c11d0fd58fac8dc730348546a787b8f6a1bd0824692c2b6e244c0736f5a413,0,data/benign_original/benign/d1c11d0fd58fac8dc730348546a787b8f6a1bd0824692c2b6e244c0736f5a413.png
fb1a05851b65e442983342cb1df3fb022112576aaf5d51774baf5dea3acc111e,0,data/benign_original/benign/fb1a05851b65e442983342cb1df3fb022112576aaf5d51774baf5dea3acc111e.png
d02632126acc31940d5927c082161f3fd5a39fc4c7713e617fec2f0f86d65e61,0,data/benign_original/benign/d02632126acc31940d5927c082161f3fd5a39fc4c7713e617fec2f0f86d65e61.png
e81a3d6788c704acdab7aa4ad05bc7e98f63b823ac2f46dab54553be3bc2a3a5,0,data/benign_original/benign/e81a3d6788c704acdab7aa4ad05bc7e98f63b823ac2f46dab54553be3bc2a3a5.png
d9e8004ac2f0d7fcd7e3636a713175736fdeb30700d5aafff1d1a0b226d05504,0,data/benign_original/benign/d9e8004ac2f0d7fcd7e3636a713175736fdeb30700d5aafff1d1a0b226d05504.png
2959c295d8505b6e8bdbc2fc82d998ddf32d3613c1a50cc3dfb2f43b2f440717,0,data/benign_original/benign/2959c295d8505b6e8bdbc2fc82d998ddf32d3613c1a50cc3dfb2f43b2f440717.png
ed8c1b104dedaa275bc6b761137cd641320f836ede3281ea54a5703e3a9ccec0,0,data/benign_original/benign/ed8c1b104dedaa275bc6b761137cd641320f836ede3281ea54a5703e3a9ccec0.png
fae844af66657019ace9de3a1d0dc313aa4dfbe95a1d9608e64c1a23dd9d0360,0,data/benign_original/benign/fae844af66657019ace9de3a1d0dc313aa4dfbe95a1d9608e64c1a23dd9d0360.png
df7ddbea32acecc7fd6743002d211506ab75cb1685b4d2b708ea160c610a6f0d,0,data/benign_original/benign/df7ddbea32acecc7fd6743002d211506ab75cb1685b4d2b708ea160c610a6f0d.png
e668b3c0562897a384e18d870401f41cc5339cecf34696bec275caccf9345930,0,data/benign_original/benign/e668b3c0562897a384e18d870401f41cc5339cecf34696bec275caccf9345930.png
634d81d9020c188a9b3092ba5db2d70c988b0388acbe94ef954985b0cdfcc5a2,0,data/benign_original/benign/634d81d9020c188a9b3092ba5db2d70c988b0388acbe94ef954985b0cdfcc5a2.png
b8a331c43a9381cda29c49385ab73363d7642aec63d880cd949b7d095bdb4910,0,data/benign_original/benign/b8a331c43a9381cda29c49385ab73363d7642aec63d880cd949b7d095bdb4910.png
e71d517e6b7039437e3fc449d8ad12eeeca0d5c8ed1c500555344fd90ddc3207,0,data/benign_original/benign/e71d517e6b7039437e3fc449d8ad12eeeca0d5c8ed1c500555344fd90ddc3207.png
d910d1619c9aa5c966604f95bbd1b30d40f59eb25bc69444762c9c15f1a344e4,0,data/benign_original/benign/d910d1619c9aa5c966604f95bbd1b30d40f59eb25bc69444762c9c15f1a344e4.png
f8ac91d71c4174a35e07fc42229a97924bbb0e480cfdd0b11f3fbb4921e15056,0,data/benign_original/benign/f8ac91d71c4174a35e07fc42229a97924bbb0e480cfdd0b11f3fbb4921e15056.png
e342267ef70f1692ea25abb3bf64c56201b022132a7c7767fb2e386fe441d34f,0,data/benign_original/benign/e342267ef70f1692ea25abb3bf64c56201b022132a7c7767fb2e386fe441d34f.png
08bf892562a748f1582b00283d8f15ec6f9a2f252c7ba95c2b55fbc60abfbd49,0,data/benign_original/benign/08bf892562a748f1582b00283d8f15ec6f9a2f252c7ba95c2b55fbc60abfbd49.png
c831855bd407480c89610f657a3caadc2a5e87f2f73df0ec37c950c0748bf7ea,0,data/benign_original/benign/c831855bd407480c89610f657a3caadc2a5e87f2f73df0ec37c950c0748bf7ea.png
d726801464f49c0a19fb51be4703251f8b19a3bc3d35d410442d379d6eafd273,0,data/benign_original/benign/d726801464f49c0a19fb51be4703251f8b19a3bc3d35d410442d379d6eafd273.png
8d2e797d19c2988c3a18a7d4fd765c03cf1634df5738be1260586195bf232046,0,data/benign_original/benign/8d2e797d19c2988c3a18a7d4fd765c03cf1634df5738be1260586195bf232046.png
ee9fc624647511f1673bf6d06151f72629e8745eb39d9e7966cbc5b1f38bfb7e,0,data/benign_original/benign/ee9fc624647511f1673bf6d06151f72629e8745eb39d9e7966cbc5b1f38bfb7e.png
d2e5e19d72b348597fbc87a4581cb36a07d763746d312654f0270f3e5bdb93a6,0,data/benign_original/benign/d2e5e19d72b348597fbc87a4581cb36a07d763746d312654f0270f3e5bdb93a6.png
fb1645cb764f4f4811f11804cfe363e6ec5349bc8b2f7665a233ce6f1c228a7a,0,data/benign_original/benign/fb1645cb764f4f4811f11804cfe363e6ec5349bc8b2f7665a233ce6f1c228a7a.png
e3c66f68737611dfd051f1d6eeb371fde89b129925a85695b9f90cde3e04bd96,0,data/benign_original/benign/e3c66f68737611dfd051f1d6eeb371fde89b129925a85695b9f90cde3e04bd96.png
f56b00f15db123ee491f4de1f1c7abc98b166bb874bbd9f58c0a3ba17e087bb8,0,data/benign_original/benign/f56b00f15db123ee491f4de1f1c7abc98b166bb874bbd9f58c0a3ba17e087bb8.png
b245099bb7860814519f630da1e3b50f47a6742a6d886927ba7bfbf5a2cb3803,0,data/benign_original/benign/b245099bb7860814519f630da1e3b50f47a6742a6d886927ba7bfbf5a2cb3803.png
aaeb837ddabe9ecda3d1d936512a88944264a29217beec9dce096af1e6dc2afb,0,data/benign_original/benign/aaeb837ddabe9ecda3d1d936512a88944264a29217beec9dce096af1e6dc2afb.png
dc19f55c7cf7d867e448b69b8c770e62636b19cd62265b2ae9da7fe002d062d9,0,data/benign_original/benign/dc19f55c7cf7d867e448b69b8c770e62636b19cd62265b2ae9da7fe002d062d9.png
ee6cd323020c53035480cb32df32a8bedc4b9293e1abcee1e95b73c8d484d1b7,0,data/benign_original/benign/ee6cd323020c53035480cb32df32a8bedc4b9293e1abcee1e95b73c8d484d1b7.png
b97f89957de59d3a218ed617e6acb9136e3279f9dec3f864ec32d9b29b77ec6e,1,data/malware_images/images/GuLoader/b97f89957de59d3a218ed617e6acb9136e3279f9dec3f864ec32d9b29b77ec6e.png
fc72c8ee37a9bcb2a691c1875f65c69525ed030475244d09ba27dafa327659ae,0,data/benign_original/benign/fc72c8ee37a9bcb2a691c1875f65c69525ed030475244d09ba27dafa327659ae.png
e1f55cfc0e18b41da9bb5e653a8d8efea5c55b23c8ba69732fa523835680371b,0,data/benign_original/benign/e1f55cfc0e18b41da9bb5e653a8d8efea5c55b23c8ba69732fa523835680371b.png
f2ea52ce71e59ca1dd0ff3341dc3c1bde40bf4a42e74141ad65d4ee294d0007a,0,data/benign_original/benign/f2ea52ce71e59ca1dd0ff3341dc3c1bde40bf4a42e74141ad65d4ee294d0007a.png
d2ee332f32f881ec50352b9242da57f372e858f3262e03ec543ac9a1908ff440,0,data/benign_original/benign/d2ee332f32f881ec50352b9242da57f372e858f3262e03ec543ac9a1908ff440.png
c78e8b760abf4be088ebaefdd7abf9148d05b59860ae1faf59210999002ff401,0,data/benign_original/benign/c78e8b760abf4be088ebaefdd7abf9148d05b59860ae1faf59210999002ff401.png
9578342358ff79b911163d709a9dc19cad65102a33405db7f97d6f26322866bd,0,data/benign_original/benign/9578342358ff79b911163d709a9dc19cad65102a33405db7f97d6f26322866bd.png
bd81cf5c9b127519dbeb284e699e9d7545ee1130e655fd6a4e66b959e9d9aaac,0,data/benign_original/benign/bd81cf5c9b127519dbeb284e699e9d7545ee1130e655fd6a4e66b959e9d9aaac.png
f49e2ecf7cb4c16c61dd8686d4c4ea83f916f285f505ea63854ceb6635f2628d,0,data/benign_original/benign/f49e2ecf7cb4c16c61dd8686d4c4ea83f916f285f505ea63854ceb6635f2628d.png
c0689c2bbed77cd0595e7af9ec42a0d49d8d5af1cdab736f16dd24bb95df123b,0,data/benign_original/benign/c0689c2bbed77cd0595e7af9ec42a0d49d8d5af1cdab736f16dd24bb95df123b.png
e9bc3322525acfe84afd7cfc27f07f6d18bd0a07ccff726d8fd5a4800c188f75,0,data/benign_original/benign/e9bc3322525acfe84afd7cfc27f07f6d18bd0a07ccff726d8fd5a4800c188f75.png
fc240d60f454aa2aa5855bd54d20b90f17ffaa2c01ae7f20f24de7cb714996e0,0,data/benign_original/benign/fc240d60f454aa2aa5855bd54d20b90f17ffaa2c01ae7f20f24de7cb714996e0.png
f53e67cff6c407962d0caf3fbc40afbd7d4403a13c29e84f3704b2869aa4732f,0,data/benign_original/benign/f53e67cff6c407962d0caf3fbc40afbd7d4403a13c29e84f3704b2869aa4732f.png
d0f6c390bb689717a38e5217ea689a8c286f821b99c43afa6eb3945e81d42a17,0,data/benign_original/benign/d0f6c390bb689717a38e5217ea689a8c286f821b99c43afa6eb3945e81d42a17.png
ef8f3f906ad03fd8e4591cf71d89d7dd849f38a026484ee5973ace2d3144ed54,0,data/benign_original/benign/ef8f3f906ad03fd8e4591cf71d89d7dd849f38a026484ee5973ace2d3144ed54.png
b5e5bbe70a6831a245d4b99ecbd56f6b3e399dcbe15bec0d496872cb0c064688,0,data/benign_original/benign/b5e5bbe70a6831a245d4b99ecbd56f6b3e399dcbe15bec0d496872cb0c064688.png
b17ba3bc63190e004167d1ea7dc12af57b0cd29bf0ca13edeb4340f6a2c3cc62,0,data/benign_original/benign/b17ba3bc63190e004167d1ea7dc12af57b0cd29bf0ca13edeb4340f6a2c3cc62.png
c8aacb7314fe061b16c0d1961f4071e144be9aa44e7e00cd89b9b6581aad6430,0,data/benign_original/benign/c8aacb7314fe061b16c0d1961f4071e144be9aa44e7e00cd89b9b6581aad6430.png
ccba49c63f4723b830f22f357b247b596409839c39c15f2f58e2bb1acdb474ac,0,data/benign_original/benign/ccba49c63f4723b830f22f357b247b596409839c39c15f2f58e2bb1acdb474ac.png
7e663ff86c78f5eded5cec27ba0d023c6792c9666eb4dcb3cdf1ceb10db20cfe,0,data/benign_original/benign/7e663ff86c78f5eded5cec27ba0d023c6792c9666eb4dcb3cdf1ceb10db20cfe.png
c4bf774cce635357b356e2d8d9adb6018ed59f39f9cc8ae7c68079dd780f9a5b,0,data/benign_original/benign/c4bf774cce635357b356e2d8d9adb6018ed59f39f9cc8ae7c68079dd780f9a5b.png
b6e6001b8ec51d551fdd62c8d26782bdcd899d5a364a0abd7afe789274c81f6c,0,data/benign_original/benign/b6e6001b8ec51d551fdd62c8d26782bdcd899d5a364a0abd7afe789274c81f6c.png
b417202e9230c6a8e491e58e80b944280918a79c64c354d07d4fcdfcebb0b5b9,0,data/benign_original/benign/b417202e9230c6a8e491e58e80b944280918a79c64c354d07d4fcdfcebb0b5b9.png
37457b69993f4c61d40dc390ae81bd01fc645523aeffbef1c70892f47a5466b2,1,data/malware_images/images/Trickbot/37457b69993f4c61d40dc390ae81bd01fc645523aeffbef1c70892f47a5466b2.png
86217ca15da106db4f141ecd5ec26dca0cec0ab8d6ca1e03ad154487684e6241,0,data/benign_original/benign/86217ca15da106db4f141ecd5ec26dca0cec0ab8d6ca1e03ad154487684e6241.png
dfa0ca92d71cf0abbc46faa2f4759516f6c73e70d6e2761fed26d43d594d89b2,0,data/benign_original/benign/dfa0ca92d71cf0abbc46faa2f4759516f6c73e70d6e2761fed26d43d594d89b2.png
d1d69e94e752e2739b5f96dd62788d816af73ba51f165af8a398a476ea962fa0,0,data/benign_original/benign/d1d69e94e752e2739b5f96dd62788d816af73ba51f165af8a398a476ea962fa0.png
d463c9449de9ce0049aaf4731dd662c80a4b952299235b17d8c736c1a1c35662,0,data/benign_original/benign/d463c9449de9ce0049aaf4731dd662c80a4b952299235b17d8c736c1a1c35662.png
bce26dac22dd44e0cec4ba430e5c647f7496ed586cc22ab9ae0b99f24565fedd,0,data/benign_original/benign/bce26dac22dd44e0cec4ba430e5c647f7496ed586cc22ab9ae0b99f24565fedd.png
ccc4652a6e18e62d27538e71e7b079f8d56e94abf02091de99232e70af7dd833,0,data/benign_original/benign/ccc4652a6e18e62d27538e71e7b079f8d56e94abf02091de99232e70af7dd833.png
f7474d6c4f33deba50680bd2abb92e4ae5cd0d6d0d38ab4238e585ff8c3204b3,0,data/benign_original/benign/f7474d6c4f33deba50680bd2abb92e4ae5cd0d6d0d38ab4238e585ff8c3204b3.png
f2bee173c6b909ca4969007ac192c7b3c896a9a67b2fadd532ae36caa63ff0da,0,data/benign_original/benign/f2bee173c6b909ca4969007ac192c7b3c896a9a67b2fadd532ae36caa63ff0da.png
8a60949ae63dd0d80a49485a7a2ce1a29505ed76eee018ef12d28ac70bece07d,1,data/malware_images/images/IcedID/8a60949ae63dd0d80a49485a7a2ce1a29505ed76eee018ef12d28ac70bece07d.png
7f98f833fab3cbae22783a129d68a437556210f0e824cfec857999af7268989b,0,data/benign_original/benign/7f98f833fab3cbae22783a129d68a437556210f0e824cfec857999af7268989b.png
ba64f2a03e26387478f15329a91ccd5f96cfe95774aca64e4896fef13119863f,0,data/benign_original/benign/ba64f2a03e26387478f15329a91ccd5f96cfe95774aca64e4896fef13119863f.png
f7fa9649a5ecae08469471f804e820d70f637119dbc32a0fcbf13af72f7e5ded,0,data/benign_original/benign/f7fa9649a5ecae08469471f804e820d70f637119dbc32a0fcbf13af72f7e5ded.png
e2f618decab922e93bbe532b8d460901a2dc81098a3890efed5300c5afa1a47c,0,data/benign_original/benign/e2f618decab922e93bbe532b8d460901a2dc81098a3890efed5300c5afa1a47c.png
dc14743f0c58595e84d80cf3579f6d162d378312c6b017380a1e43c870f9f9fd,0,data/benign_original/benign/dc14743f0c58595e84d80cf3579f6d162d378312c6b017380a1e43c870f9f9fd.png
c1b87a0856f66646b477457184a8bf2a21c18271c140a6156074e877ee13ef26,0,data/benign_original/benign/c1b87a0856f66646b477457184a8bf2a21c18271c140a6156074e877ee13ef26.png
cdc7ffd23c1fc0c494e24e0ba41c869dacfc86b86a525d54143b185dc9215cf1,0,data/benign_original/benign/cdc7ffd23c1fc0c494e24e0ba41c869dacfc86b86a525d54143b185dc9215cf1.png
e43b636c82a8b81a403346a7467dd0e52fdd070f523cca769d7468c2a471acec,0,data/benign_original/benign/e43b636c82a8b81a403346a7467dd0e52fdd070f523cca769d7468c2a471acec.png
c4eed0d3fc09d98c6834b5affe72f8ac9da55442007844a338f637b4485dc8be,0,data/benign_original/benign/c4eed0d3fc09d98c6834b5affe72f8ac9da55442007844a338f637b4485dc8be.png
feb3383b37f8ce3ccf0129fbfb2206b7ded27b69aa033eec3bb3862baa1c11ce,0,data/benign_original/benign/feb3383b37f8ce3ccf0129fbfb2206b7ded27b69aa033eec3bb3862baa1c11ce.png
647df4453044059c24cfcc2e37824159f29474bdc0b5755ae1a832d019aba289,0,data/benign_original/benign/647df4453044059c24cfcc2e37824159f29474bdc0b5755ae1a832d019aba289.png
c3dc71edc05a9e1778bbea6757b65c1f9b2f491615cb68ba686eedafb3afc0f5,0,data/benign_original/benign/c3dc71edc05a9e1778bbea6757b65c1f9b2f491615cb68ba686eedafb3afc0f5.png
e1cc7a194fd4f14cfe6b15bd16e08af2eee89d2741a4b6973aad41c2033f6fb5,0,data/benign_original/benign/e1cc7a194fd4f14cfe6b15bd16e08af2eee89d2741a4b6973aad41c2033f6fb5.png
e912bd8aa72fdcf9c6c705e449e25291bd9aa9a44317ac0e58c18a353b20f82e,0,data/benign_original/benign/e912bd8aa72fdcf9c6c705e449e25291bd9aa9a44317ac0e58c18a353b20f82e.png
0d23b6f46e848a65911518e6658488070a7462cd605cfc3737a6bb1ef71cceac,0,data/benign_original/benign/0d23b6f46e848a65911518e6658488070a7462cd605cfc3737a6bb1ef71cceac.png
dac890ae1cf77c3be90a5b9aa1b91632977f30abc3702256107729252f3fba23,0,data/benign_original/benign/dac890ae1cf77c3be90a5b9aa1b91632977f30abc3702256107729252f3fba23.png
ffa0d0d7f325d0674baf6923a5028de63676ab83b8130df938032cc41d791331,0,data/benign_original/benign/ffa0d0d7f325d0674baf6923a5028de63676ab83b8130df938032cc41d791331.png
c18aea75c96d33512a2c8e34322674dcca4094e93f5dbd9ba26305ea5848fada,0,data/benign_original/benign/c18aea75c96d33512a2c8e34322674dcca4094e93f5dbd9ba26305ea5848fada.png
f9e2c8e6e1caa57af40baf000a1d09ae77fbbdd1a4d38b5653189012ba6276d7,0,data/benign_original/benign/f9e2c8e6e1caa57af40baf000a1d09ae77fbbdd1a4d38b5653189012ba6276d7.png
ab9c143dc118ee29f52cf9ae5f2277751ca29b5e7d9da96b33584ef56b450ce7,0,data/benign_original/benign/ab9c143dc118ee29f52cf9ae5f2277751ca29b5e7d9da96b33584ef56b450ce7.png
af95bd7a1e0df002124526268041d24e61778cab857f88d4016445092fedf870,0,data/benign_original/benign/af95bd7a1e0df002124526268041d24e61778cab857f88d4016445092fedf870.png
b51cc1e2c39af1871d765ccd83684dd090691af625df294cffdc6ab8a840a14a,0,data/benign_original/benign/b51cc1e2c39af1871d765ccd83684dd090691af625df294cffdc6ab8a840a14a.png
9c0d41e2b35105dbd7244b592690fd10e94dc2e4678533fa44343632164f9d4b,1,data/malware_images/images/Gozi/9c0d41e2b35105dbd7244b592690fd10e94dc2e4678533fa44343632164f9d4b.png
d1f207a8c55f6f20b64ab42a668ba8230f56fdab4ebec982029e90a30e87e5e8,0,data/benign_original/benign/d1f207a8c55f6f20b64ab42a668ba8230f56fdab4ebec982029e90a30e87e5e8.png
c071e2ff53693de613633e6417cb1eaf09b96c0d26126dc87f6b86368bcfb20d,0,data/benign_original/benign/c071e2ff53693de613633e6417cb1eaf09b96c0d26126dc87f6b86368bcfb20d.png
e83f8faeef9f2ef01fea86ce1f116ad75af96c68d55dc223222a43c727892c3f,0,data/benign_original/benign/e83f8faeef9f2ef01fea86ce1f116ad75af96c68d55dc223222a43c727892c3f.png
f84ae082d0c06d4256daed4d2b7f9b7a6d5c79d59c0be667fb1dc2df5ff0721f,0,data/benign_original/benign/f84ae082d0c06d4256daed4d2b7f9b7a6d5c79d59c0be667fb1dc2df5ff0721f.png
182b76c6236027029d3afd9482e5c0e4bb89116dd214c11897c56517fc25a87b,0,data/benign_original/benign/182b76c6236027029d3afd9482e5c0e4bb89116dd214c11897c56517fc25a87b.png
af4263e2df162d5434f068dccbc27db89a001e92bcf471517dc284cf77f79b4c,0,data/benign_original/benign/af4263e2df162d5434f068dccbc27db89a001e92bcf471517dc284cf77f79b4c.png
6330fe8bea5a24a599204547337cdccaa7b6dc82569b1b28d638f9fb2a5d1718,1,data/malware_images/images/GuLoader/6330fe8bea5a24a599204547337cdccaa7b6dc82569b1b28d638f9fb2a5d1718.png
d187f6ace01edd39c327b01a9169ab17f14fdd8db1872ddce34efa8312ffcd1e,0,data/benign_original/benign/d187f6ace01edd39c327b01a9169ab17f14fdd8db1872ddce34efa8312ffcd1e.png
c1c9dd8fe18e39bedbbd923a675b16a0bc16199afcf3c72cf475e5d03ba95b0d,0,data/benign_original/benign/c1c9dd8fe18e39bedbbd923a675b16a0bc16199afcf3c72cf475e5d03ba95b0d.png
c81a21127232561a3f751fd19bd5d95069043106ab56567e0ce0136c3398af91,0,data/benign_original/benign/c81a21127232561a3f751fd19bd5d95069043106ab56567e0ce0136c3398af91.png
c24238981ba45afdb41cb59e8d1a5aa19b4a617cd3d72caa789f819fbffb3835,0,data/benign_original/benign/c24238981ba45afdb41cb59e8d1a5aa19b4a617cd3d72caa789f819fbffb3835.png
eb0e82bd0a6a5995c2da2b781d279931abcdb224588cb40df1526a6dafa65e88,0,data/benign_original/benign/eb0e82bd0a6a5995c2da2b781d279931abcdb224588cb40df1526a6dafa65e88.png
207c13ebba8fff7feb175a9ea7cd130b3030569ed39de10032673a69f0a6b990,1,data/malware_images/images/njrat/207c13ebba8fff7feb175a9ea7cd130b3030569ed39de10032673a69f0a6b990.png
b1d301c344713fb456504264d97a3a3afa4d818dc8971e727602eca85b32c7c2,0,data/benign_original/benign/b1d301c344713fb456504264d97a3a3afa4d818dc8971e727602eca85b32c7c2.png
c9bec37593e059cd90e1c55e098e8499a96db0f205e958b9a4e3ef390424214a,0,data/benign_original/benign/c9bec37593e059cd90e1c55e098e8499a96db0f205e958b9a4e3ef390424214a.png
c9ea31b213b8c0bf21cba3d988fce9091db961814085ff0c9c8e76fd0e78470a,0,data/benign_original/benign/c9ea31b213b8c0bf21cba3d988fce9091db961814085ff0c9c8e76fd0e78470a.png
bd6a202d9730d8604bbecf64a1a39b671ac4b7e1ecf0542d948f00bdb87ecc90,0,data/benign_original/benign/bd6a202d9730d8604bbecf64a1a39b671ac4b7e1ecf0542d948f00bdb87ecc90.png
b673fe4b24630367c6445dcf06e1eaf26363727c690078737e37aa88cc112ebb,0,data/benign_original/benign/b673fe4b24630367c6445dcf06e1eaf26363727c690078737e37aa88cc112ebb.png
ea6f5952125ecc5f03585510afc527b81f4c68e0c96a614154a7c1b3fd14f1c7,0,data/benign_original/benign/ea6f5952125ecc5f03585510afc527b81f4c68e0c96a614154a7c1b3fd14f1c7.png
ce86f33ca03be394e1ccbe590ec2f9ec73b447510038f1c00ebc98fdeef0c1a9,0,data/benign_original/benign/ce86f33ca03be394e1ccbe590ec2f9ec73b447510038f1c00ebc98fdeef0c1a9.png
d373f9f5ce949febc9dfd626f4f6197c3be70ac71a4655bc7f202d3b9b4157aa,0,data/benign_original/benign/d373f9f5ce949febc9dfd626f4f6197c3be70ac71a4655bc7f202d3b9b4157aa.png
c7e5cfb3fe786a53d49a32fad46718999eb022289b07efd9f17666fb1c2b1f25,0,data/benign_original/benign/c7e5cfb3fe786a53d49a32fad46718999eb022289b07efd9f17666fb1c2b1f25.png
e92090cfa0b8229a5b573aa580e1e592663fa4a55dcdb42071ac8ad34cd3a8f9,0,data/benign_original/benign/e92090cfa0b8229a5b573aa580e1e592663fa4a55dcdb42071ac8ad34cd3a8f9.png
c6a8bf6d01ad0c08b4654771bc4574b8a2932eb4010379e9f13ebb09d06d3aea,0,data/benign_original/benign/c6a8bf6d01ad0c08b4654771bc4574b8a2932eb4010379e9f13ebb09d06d3aea.png
bf9092aa743231022c943028927d4150236a5b897a6d09dc12b75c9159c538ac,0,data/benign_original/benign/bf9092aa743231022c943028927d4150236a5b897a6d09dc12b75c9159c538ac.png
63bf3aba485b7e8d6314220ab1fd9c03a7991bc8ab4232e7a1f295518f4e4056,0,data/benign_original/benign/63bf3aba485b7e8d6314220ab1fd9c03a7991bc8ab4232e7a1f295518f4e4056.png
b5ca75a51423e02e8d3733d544d79a22e315e258dd6777be2917ec8fb4c240a8,0,data/benign_original/benign/b5ca75a51423e02e8d3733d544d79a22e315e258dd6777be2917ec8fb4c240a8.png
c85e0f6941bff12c23f31e7d8bbc290c7c739de0860889b8649e7a178b5862a3,0,data/benign_original/benign/c85e0f6941bff12c23f31e7d8bbc290c7c739de0860889b8649e7a178b5862a3.png
27a5b15d9746ae517f7aa494deea50b0d6c7b3cb28e793ff1fff1c0286966443,1,data/malware_images/images/IcedID/27a5b15d9746ae517f7aa494deea50b0d6c7b3cb28e793ff1fff1c0286966443.png
b50a45627e404b02d86ed5333efe6e6496c687e1112c59e154f3443e989c67c4,0,data/benign_original/benign/b50a45627e404b02d86ed5333efe6e6496c687e1112c59e154f3443e989c67c4.png
f376e222241bec66cd07405a340f6df82e7c1672dfcdd353f2e3ac93d15376bb,0,data/benign_original/benign/f376e222241bec66cd07405a340f6df82e7c1672dfcdd353f2e3ac93d15376bb.png
d410fcb90a74115f865460be1028372b62fb283e9e1db5eabdc84a530e13c218,0,data/benign_original/benign/d410fcb90a74115f865460be1028372b62fb283e9e1db5eabdc84a530e13c218.png
f0e0d8b65a8cf88355a7c2fd401cee5ff4bcb7965a888f4361ad14a054517fd7,0,data/benign_original/benign/f0e0d8b65a8cf88355a7c2fd401cee5ff4bcb7965a888f4361ad14a054517fd7.png
c686d23f54fa38f33c4581081713fabc33a187f0761395fe743d89b62f2098a5,0,data/benign_original/benign/c686d23f54fa38f33c4581081713fabc33a187f0761395fe743d89b62f2098a5.png
9cc5d7b11f2ed5d8ad2c47467622107064414f3edf63497608d8da03ef7cb294,0,data/benign_original/benign/9cc5d7b11f2ed5d8ad2c47467622107064414f3edf63497608d8da03ef7cb294.png
bb9e42432283f07c8d7b9c2b5f9a72fb8178e5c5bad48a541be9ccee91ad8660,0,data/benign_original/benign/bb9e42432283f07c8d7b9c2b5f9a72fb8178e5c5bad48a541be9ccee91ad8660.png
e82d2242c6dc3a63873537bdace52b84b64e8d2bbe0695091d3687c1b64e0ffe,0,data/benign_original/benign/e82d2242c6dc3a63873537bdace52b84b64e8d2bbe0695091d3687c1b64e0ffe.png
b2cfb2add0f43a73571a4883be3ff2d4e16830be930f6619167861299ca62fcc,0,data/benign_original/benign/b2cfb2add0f43a73571a4883be3ff2d4e16830be930f6619167861299ca62fcc.png
be011da2f1ff875d0782e474cfbc5605be8ad67187121001d8916115fa7c7290,0,data/benign_original/benign/be011da2f1ff875d0782e474cfbc5605be8ad67187121001d8916115fa7c7290.png
e740717a43bae46720509dabd54675d9ee02acb037749fd433d73a264360234a,0,data/benign_original/benign/e740717a43bae46720509dabd54675d9ee02acb037749fd433d73a264360234a.png
654512ba13cb405d6b839c46b229c1a6d506fbe3749861d8973f484edf9ef791,1,data/malware_images/images/GuLoader/654512ba13cb405d6b839c46b229c1a6d506fbe3749861d8973f484edf9ef791.png
e922573d47477ceeb20c2d379089d39364f0c0272f5ce18a50755391718e05b5,0,data/benign_original/benign/e922573d47477ceeb20c2d379089d39364f0c0272f5ce18a50755391718e05b5.png
20e3dc90a3e83b6202e2a7f4603b60e5e859639cb68693426c400b13aaeabd78,0,data/benign_original/benign/20e3dc90a3e83b6202e2a7f4603b60e5e859639cb68693426c400b13aaeabd78.png
d9677ec0d8a956bee45c9a7ba5c478b32d240b9fb0ba6279bf85f6772fc64abc,0,data/benign_original/benign/d9677ec0d8a956bee45c9a7ba5c478b32d240b9fb0ba6279bf85f6772fc64abc.png
e6bf57af0b3a2eb10e08858330e8843d32a4a553a9423d77058d56ffd0189cfa,0,data/benign_original/benign/e6bf57af0b3a2eb10e08858330e8843d32a4a553a9423d77058d56ffd0189cfa.png
eb9a1f39d52d24479b8ce1c74e79b732041d9a227c5cb31822afc42c78b0a5d2,0,data/benign_original/benign/eb9a1f39d52d24479b8ce1c74e79b732041d9a227c5cb31822afc42c78b0a5d2.png
0727bb0cfd046e9c9b57c0e23b6fe1664a369cfdd2aaf7efa78a22e5dfb3f4f2,0,data/benign_original/benign/0727bb0cfd046e9c9b57c0e23b6fe1664a369cfdd2aaf7efa78a22e5dfb3f4f2.png
c1c5a893f7eda8d1117078dc8fbdb74abb46e362cb517a3dfd61d88d20e311c1,0,data/benign_original/benign/c1c5a893f7eda8d1117078dc8fbdb74abb46e362cb517a3dfd61d88d20e311c1.png
b02c21fde598d808237c4543f54d3664724969d858ca1c692cb4bfc827c3c862,0,data/benign_original/benign/b02c21fde598d808237c4543f54d3664724969d858ca1c692cb4bfc827c3c862.png
448ef2796ee9f2d7b8d19ebff14a709b3ee0dfac37319577a7518190547e47c6,0,data/benign_original/benign/448ef2796ee9f2d7b8d19ebff14a709b3ee0dfac37319577a7518190547e47c6.png
c691aca875e93170fe2fefea018214d940d65d13ca63084c0815fed8355e51aa,0,data/benign_original/benign/c691aca875e93170fe2fefea018214d940d65d13ca63084c0815fed8355e51aa.png
58ca3057238728279442ee5298e640cc97026073403acea93a206c37e5e02e7b,0,data/benign_original/benign/58ca3057238728279442ee5298e640cc97026073403acea93a206c37e5e02e7b.png
f94f9646f70c0d2a7305e0278bd57ec5a1b7c4e06076ad3803b0ade7277c64d4,0,data/benign_original/benign/f94f9646f70c0d2a7305e0278bd57ec5a1b7c4e06076ad3803b0ade7277c64d4.png
fcd788c69aa90870fa632519fb496c7713d246555c6c1daa5cf56e1bde36a362,0,data/benign_original/benign/fcd788c69aa90870fa632519fb496c7713d246555c6c1daa5cf56e1bde36a362.png
f1a3370893c7b1123dbc013155b39108571cc2aca7f07d48b92c98398f9c94b1,0,data/benign_original/benign/f1a3370893c7b1123dbc013155b39108571cc2aca7f07d48b92c98398f9c94b1.png
9d6772cfe10849206b8402585e7e09e50158d26afee7ae010b6a8e5f6cb2853c,1,data/malware_images/images/Heodo/9d6772cfe10849206b8402585e7e09e50158d26afee7ae010b6a8e5f6cb2853c.png
b1b52cc7a0a822c60c8ea20a829441ce4d710d8b8e0093a44441e051910cfdbf,0,data/benign_original/benign/b1b52cc7a0a822c60c8ea20a829441ce4d710d8b8e0093a44441e051910cfdbf.png
de785cfdedba7ec5f1d788aef70a2d608d4a3ae9a2074596249cee20bcafddec,0,data/benign_original/benign/de785cfdedba7ec5f1d788aef70a2d608d4a3ae9a2074596249cee20bcafddec.png
b207aca2dccd778651d3e721569a0162632a11cda184d5b377b1fcf6a9246c74,0,data/benign_original/benign/b207aca2dccd778651d3e721569a0162632a11cda184d5b377b1fcf6a9246c74.png
c6929b7dd7ead3bddb12f3fb953602464c426425a354ce7ab0b77cc53f696a36,0,data/benign_original/benign/c6929b7dd7ead3bddb12f3fb953602464c426425a354ce7ab0b77cc53f696a36.png
dbff7e42e15b2b6286468a6e639cb1302bcdef6c223e96adee384b5a5a5e27ad,0,data/benign_original/benign/dbff7e42e15b2b6286468a6e639cb1302bcdef6c223e96adee384b5a5a5e27ad.png
f5cad84947ed80047edb5ccb213286921635ce6bebb57f5e4c0f6d2a62fe2e2f,0,data/benign_original/benign/f5cad84947ed80047edb5ccb213286921635ce6bebb57f5e4c0f6d2a62fe2e2f.png
d22ec969adad9006f7b00d5b2fdc9ca36f02dede505f703f506a2d29dea6207e,0,data/benign_original/benign/d22ec969adad9006f7b00d5b2fdc9ca36f02dede505f703f506a2d29dea6207e.png
c523d0ee1aa16a6383b0017ecc7a5567f37dfd71fc317f3428b054ec67465b8c,0,data/benign_original/benign/c523d0ee1aa16a6383b0017ecc7a5567f37dfd71fc317f3428b054ec67465b8c.png
f1c8d67acfc46203466f7664954d0d96f14224db6c82610c3e477bf1c5a27e6b,0,data/benign_original/benign/f1c8d67acfc46203466f7664954d0d96f14224db6c82610c3e477bf1c5a27e6b.png
f9e87d788b4ea2116d2e051570d9bb7ec693ffa944aa759adbd8b9bb3c89788c,0,data/benign_original/benign/f9e87d788b4ea2116d2e051570d9bb7ec693ffa944aa759adbd8b9bb3c89788c.png
e222a202883ce6142c8a5c145e7f5f1873345505ca221d39173da1d38ac675e6,0,data/benign_original/benign/e222a202883ce6142c8a5c145e7f5f1873345505ca221d39173da1d38ac675e6.png
e83f9ef3f14369c2c515cca5c532d52a4bb52441f9d92e2ea09d5037542724c3,0,data/benign_original/benign/e83f9ef3f14369c2c515cca5c532d52a4bb52441f9d92e2ea09d5037542724c3.png
be4a31df3806fd862a0bb59b583fd65ea510c8ef7c1ae03faf2ace8737a8b9cc,0,data/benign_original/benign/be4a31df3806fd862a0bb59b583fd65ea510c8ef7c1ae03faf2ace8737a8b9cc.png
4f6b4aee23bbfae817a548ef9d8697c721107bec33b303b22ebea36fd65c663a,0,data/benign_original/benign/4f6b4aee23bbfae817a548ef9d8697c721107bec33b303b22ebea36fd65c663a.png
ee07a23d40e2911fb20030183415a252fb81b117fc68bdf16659ba013d13005d,0,data/benign_original/benign/ee07a23d40e2911fb20030183415a252fb81b117fc68bdf16659ba013d13005d.png
9c9ab16f3a94bde179d66cb45b1f50af58ec4b849ce103dafea33f5aef4d888c,0,data/benign_original/benign/9c9ab16f3a94bde179d66cb45b1f50af58ec4b849ce103dafea33f5aef4d888c.png
daddd8bcac74cec5f0d73569569f3f523ec642b183251434fe2342bb25128c22,0,data/benign_original/benign/daddd8bcac74cec5f0d73569569f3f523ec642b183251434fe2342bb25128c22.png
cc68086a386ca81efea58ec440b68e23d62a6c9016babcc233d1bcd5514467fb,0,data/benign_original/benign/cc68086a386ca81efea58ec440b68e23d62a6c9016babcc233d1bcd5514467fb.png
f87d06e320ad23479c3db2c9da594c2fbe491d98b95e4e2fe6593e137f5c1fd9,0,data/benign_original/benign/f87d06e320ad23479c3db2c9da594c2fbe491d98b95e4e2fe6593e137f5c1fd9.png
eefb13b0e46b0e7cf4e49d18dc03aeddb33e1eee9b81ba9e6cb9e4a46ac3bf12,0,data/benign_original/benign/eefb13b0e46b0e7cf4e49d18dc03aeddb33e1eee9b81ba9e6cb9e4a46ac3bf12.png
c2208b6febf227475632cc011744fae99546113cd0ef702a6628ccd3df9193cc,0,data/benign_original/benign/c2208b6febf227475632cc011744fae99546113cd0ef702a6628ccd3df9193cc.png
fecd838f5626b1b0c7cbf135d3c5b6f2b3746078b7c5b11aa9304fb912e903c3,0,data/benign_original/benign/fecd838f5626b1b0c7cbf135d3c5b6f2b3746078b7c5b11aa9304fb912e903c3.png
e77ad3ebf9f137e97f63438cd4de018de20e8c5b9217ec71a3c825da625fdfce,0,data/benign_original/benign/e77ad3ebf9f137e97f63438cd4de018de20e8c5b9217ec71a3c825da625fdfce.png
dbe32d04cbebda8e02202198f473fdac2530f8331c6051ee59c3570995c95f92,0,data/benign_original/benign/dbe32d04cbebda8e02202198f473fdac2530f8331c6051ee59c3570995c95f92.png
cb7b6ac768a5692655cb527df464278207807319e8b81671510e3b2964a621a2,0,data/benign_original/benign/cb7b6ac768a5692655cb527df464278207807319e8b81671510e3b2964a621a2.png
1296acd35b7b7c0754e887430518b65c3a9efb89f111961a852806a07055d344,0,data/benign_original/benign/1296acd35b7b7c0754e887430518b65c3a9efb89f111961a852806a07055d344.png
8b344d2450dbd004a07433db12eb89aea0a24209d1e4829f881e1ee09db7f76b,0,data/benign_original/benign/8b344d2450dbd004a07433db12eb89aea0a24209d1e4829f881e1ee09db7f76b.png
b23f8f93093fb571df0ca2b1401456aed3098d8bd1e8128c529c10dbf54b4af6,0,data/benign_original/benign/b23f8f93093fb571df0ca2b1401456aed3098d8bd1e8128c529c10dbf54b4af6.png
b25443bc5f371bbd0013cf3966ce4c5e9b209028f535da79041a3ec7adbdc8be,0,data/benign_original/benign/b25443bc5f371bbd0013cf3966ce4c5e9b209028f535da79041a3ec7adbdc8be.png
ff8fbef9d2a77fd13b7499318cbd9ebd6b6fb3f03edbefcfc57521b0d9e3ca64,0,data/benign_original/benign/ff8fbef9d2a77fd13b7499318cbd9ebd6b6fb3f03edbefcfc57521b0d9e3ca64.png
448f6390c213c83f2f8d874047eeb80131a522a0751020a21a2e413cdb8b3675,0,data/benign_original/benign/448f6390c213c83f2f8d874047eeb80131a522a0751020a21a2e413cdb8b3675.png
e5b21741f461044b756e1317f1651b9e5c1917af8ae7d664f6acf48284a34b56,0,data/benign_original/benign/e5b21741f461044b756e1317f1651b9e5c1917af8ae7d664f6acf48284a34b56.png
7f8ce0eabde719c8e568ac741f48f0d9d931b3da8172b26e53af451ffcea1e10,1,data/malware_images/images/njrat/7f8ce0eabde719c8e568ac741f48f0d9d931b3da8172b26e53af451ffcea1e10.png
d731f6f7bc08738cfcef59a48db416d343c2043e2cbc14716d902dfd182fedf5,0,data/benign_original/benign/d731f6f7bc08738cfcef59a48db416d343c2043e2cbc14716d902dfd182fedf5.png
226050e34938404ff5dbc7d402fdfa8c5386dc312060b29bf2c25beb466c5f49,1,data/malware_images/images/njrat/226050e34938404ff5dbc7d402fdfa8c5386dc312060b29bf2c25beb466c5f49.png
d88bc18c0a5158a9ab764e80fae23f7792dc4ba823b2401767352b5d08f6ead4,0,data/benign_original/benign/d88bc18c0a5158a9ab764e80fae23f7792dc4ba823b2401767352b5d08f6ead4.png
f5511b10a3ba531b7f56151734bd6f90d16d858d3a433b0d6f7abf4d651a1edc,0,data/benign_original/benign/f5511b10a3ba531b7f56151734bd6f90d16d858d3a433b0d6f7abf4d651a1edc.png
8e9dd45d81352c2fe6f6b6ab124ae81d2b6485dba434bd59cfe8ce44f7628b24,0,data/benign_original/benign/8e9dd45d81352c2fe6f6b6ab124ae81d2b6485dba434bd59cfe8ce44f7628b24.png
6259ecedb1761b7412454f7dbc6ac1571701e276c49213e8a9b8fe70e03c546d,1,data/malware_images/images/njrat/6259ecedb1761b7412454f7dbc6ac1571701e276c49213e8a9b8fe70e03c546d.png
b30385ee1b58957acd257f334d034285c7121304331bbe11207306dd3a94b77c,0,data/benign_original/benign/b30385ee1b58957acd257f334d034285c7121304331bbe11207306dd3a94b77c.png
e628df6ff85d3128f98107eeab89603b1d0109a109ef99f747fd1206c7d11360,0,data/benign_original/benign/e628df6ff85d3128f98107eeab89603b1d0109a109ef99f747fd1206c7d11360.png
b4a8c04b951aac60a687087038d015e8ca595aa4484b7178b1592f7431fba901,0,data/benign_original/benign/b4a8c04b951aac60a687087038d015e8ca595aa4484b7178b1592f7431fba901.png
e0b66601cc28ecb171c3d4b7ac690c667f47da6b6183bff80604c84c00d265ab,0,data/benign_original/benign/e0b66601cc28ecb171c3d4b7ac690c667f47da6b6183bff80604c84c00d265ab.png
d85aa7b2fc2ef8cc602e41d954aed055e05b6831b18f1b2a59437126c0496744,0,data/benign_original/benign/d85aa7b2fc2ef8cc602e41d954aed055e05b6831b18f1b2a59437126c0496744.png
b97f41e2e13ee67344c156bf7ab90e8390cc6bf98e483e6c520d2e16ee30231e,0,data/benign_original/benign/b97f41e2e13ee67344c156bf7ab90e8390cc6bf98e483e6c520d2e16ee30231e.png
d9e0aa17442669974e9d30dbd63073f9990ac4f83580afbd4bdbe92b5c4fb1d2,0,data/benign_original/benign/d9e0aa17442669974e9d30dbd63073f9990ac4f83580afbd4bdbe92b5c4fb1d2.png
fa1dfbb1990936db862a4fcac7e160641532d435f40f20c8959707c6cc675953,0,data/benign_original/benign/fa1dfbb1990936db862a4fcac7e160641532d435f40f20c8959707c6cc675953.png
ff7f36ec905613abbbb6acd8e3f869f9bbb9a501b174f6149a33cf0ac85854ec,0,data/benign_original/benign/ff7f36ec905613abbbb6acd8e3f869f9bbb9a501b174f6149a33cf0ac85854ec.png
cf326042e0a81998dda00779732ecb7a3b5190c0cfe13d841064eac4ddc37d54,0,data/benign_original/benign/cf326042e0a81998dda00779732ecb7a3b5190c0cfe13d841064eac4ddc37d54.png
e144b90914f613fdd8bb676c3f1f2caf22b8c341b7734f2539398c25746861b3,0,data/benign_original/benign/e144b90914f613fdd8bb676c3f1f2caf22b8c341b7734f2539398c25746861b3.png
ebff1bc3859f032792303303ee132f6386faa0e9fca549b52771c065dcaaa169,0,data/benign_original/benign/ebff1bc3859f032792303303ee132f6386faa0e9fca549b52771c065dcaaa169.png
bbedcacfaea7d85b076740400b6931102f01a93305329944960ba1e2e386c05f,0,data/benign_original/benign/bbedcacfaea7d85b076740400b6931102f01a93305329944960ba1e2e386c05f.png
c0dc1db1544f66555b76b35504adcdc0df296063bfe250a5dc322d2356f1bff1,1,data/malware_images/images/Heodo/c0dc1db1544f66555b76b35504adcdc0df296063bfe250a5dc322d2356f1bff1.png
d575c9d1543ca726ce14dbdffd103e93ea527cd46bb28316da1f4122dbc55d56,0,data/benign_original/benign/d575c9d1543ca726ce14dbdffd103e93ea527cd46bb28316da1f4122dbc55d56.png
f067928fcc757ede895684946323b43b937b503a473fe103f5b63c5da123a388,0,data/benign_original/benign/f067928fcc757ede895684946323b43b937b503a473fe103f5b63c5da123a388.png
c4eb2f7a62d5f6532c480577b5a44cc7dbcc43d5c3180e7f91c4e76b46bb1b65,0,data/benign_original/benign/c4eb2f7a62d5f6532c480577b5a44cc7dbcc43d5c3180e7f91c4e76b46bb1b65.png
b75d8cec1488c9df04b44471c5d7ddbf9fccd4f9532b1ba824eacf2e4ac54d15,0,data/benign_original/benign/b75d8cec1488c9df04b44471c5d7ddbf9fccd4f9532b1ba824eacf2e4ac54d15.png
c3c0fa732d01b8d6bac84c0c7bfa14a52d4805138757a1fc99931134abc5d41d,0,data/benign_original/benign/c3c0fa732d01b8d6bac84c0c7bfa14a52d4805138757a1fc99931134abc5d41d.png
d7510254d61b3e17e93c63a2e40786bd4eedc9a6e598e673f9ffa31004801928,0,data/benign_original/benign/d7510254d61b3e17e93c63a2e40786bd4eedc9a6e598e673f9ffa31004801928.png
b79bb798f54b52d0c3e49b50ea539e39c1d0011085f050b47b74c8a0214562c8,0,data/benign_original/benign/b79bb798f54b52d0c3e49b50ea539e39c1d0011085f050b47b74c8a0214562c8.png
e42ac69f519e242ee671bc75009e1c103c9618ef1a1fb4efe3875e46a97b0041,0,data/benign_original/benign/e42ac69f519e242ee671bc75009e1c103c9618ef1a1fb4efe3875e46a97b0041.png
49207e2aea4def649b70cad208d52e728bbd648eb590367c3e10a624c8534bcf,1,data/malware_images/images/Gozi/49207e2aea4def649b70cad208d52e728bbd648eb590367c3e10a624c8534bcf.png
f73f36ff20122b6457e9df5cf98e26df13b08f66c7b4a8b42990cb1722ea0763,0,data/benign_original/benign/f73f36ff20122b6457e9df5cf98e26df13b08f66c7b4a8b42990cb1722ea0763.png
af61a14d14d0d9f45bd25245b9f3f181ba21ee6daf0a752b239cb195683f4e89,0,data/benign_original/benign/af61a14d14d0d9f45bd25245b9f3f181ba21ee6daf0a752b239cb195683f4e89.png
df8081bba0cc5af481a62e0906afe9772c0c0b6cde705260f6ef1a5b1bebad1c,0,data/benign_original/benign/df8081bba0cc5af481a62e0906afe9772c0c0b6cde705260f6ef1a5b1bebad1c.png
d9066eeb042293372001502958abe0ab382d4fc605b9a6ee61792eccff5c6c66,0,data/benign_original/benign/d9066eeb042293372001502958abe0ab382d4fc605b9a6ee61792eccff5c6c66.png
fdb94cfe79f802c24a9e758699a241cc17df084e10638a210822aad25ccb8f50,0,data/benign_original/benign/fdb94cfe79f802c24a9e758699a241cc17df084e10638a210822aad25ccb8f50.png
ea89f3c80e01db1648a66913c856ca28c3e65dad261e11d3ab706bbe97df0561,0,data/benign_original/benign/ea89f3c80e01db1648a66913c856ca28c3e65dad261e11d3ab706bbe97df0561.png
e24fb57dcf71f39738571c227c14efbbf5b0bff26be0865d77faadc5c6b7bd83,0,data/benign_original/benign/e24fb57dcf71f39738571c227c14efbbf5b0bff26be0865d77faadc5c6b7bd83.png
23e307174ac5c0ecf419b1a727ad499e1d939a8d2142d1245b7a61e70242ec6e,0,data/benign_original/benign/23e307174ac5c0ecf419b1a727ad499e1d939a8d2142d1245b7a61e70242ec6e.png
ea34357041fdfa7f47c065bd91bcaceac1a7dad60a434b15ce9d53fe5c79398f,0,data/benign_original/benign/ea34357041fdfa7f47c065bd91bcaceac1a7dad60a434b15ce9d53fe5c79398f.png
bbf9c6eefc94013dafd2fd64b4db431fc1f1f1e36d3a657c7813b0704177eb40,0,data/benign_original/benign/bbf9c6eefc94013dafd2fd64b4db431fc1f1f1e36d3a657c7813b0704177eb40.png
dd3ae6beda5923321ce93324f57f2f269d9e45d1689ba944a9f5d5bab44403b8,0,data/benign_original/benign/dd3ae6beda5923321ce93324f57f2f269d9e45d1689ba944a9f5d5bab44403b8.png
808004d8cffa5ce5c2f28f029f8dac627b87b73b8de99e7cdd734094fa2bc584,0,data/benign_original/benign/808004d8cffa5ce5c2f28f029f8dac627b87b73b8de99e7cdd734094fa2bc584.png
9f3849e18bbc5116b6430849f460172540fee98344953178908ad14783d1c9c2,0,data/benign_original/benign/9f3849e18bbc5116b6430849f460172540fee98344953178908ad14783d1c9c2.png
c40c747e69d806f151a755e87fb089c1111ae7ea3e28fdc698151cf8093a6326,0,data/benign_original/benign/c40c747e69d806f151a755e87fb089c1111ae7ea3e28fdc698151cf8093a6326.png
647ff3ef69a5e98dd602f79dc236659994d7b32f96c1828122ea907df388f360,0,data/benign_original/benign/647ff3ef69a5e98dd602f79dc236659994d7b32f96c1828122ea907df388f360.png
e7647532a382d3aa6a07fd45844d90fa29cd1d3905fdc893e7ac5d0063d09276,0,data/benign_original/benign/e7647532a382d3aa6a07fd45844d90fa29cd1d3905fdc893e7ac5d0063d09276.png
3b120c2b06afd93fc3c84a98c497afff4d93e64168ad809498f86568600b38f3,0,data/benign_original/benign/3b120c2b06afd93fc3c84a98c497afff4d93e64168ad809498f86568600b38f3.png
b70cff46e9308979f64c23267f0b1f6a2ec8a85b992f9f3fa8a8780ea2262225,0,data/benign_original/benign/b70cff46e9308979f64c23267f0b1f6a2ec8a85b992f9f3fa8a8780ea2262225.png
d2ada925cc2e903b176ca03851fdcb44250ad69918063e14426c7b7ffe63c3e5,0,data/benign_original/benign/d2ada925cc2e903b176ca03851fdcb44250ad69918063e14426c7b7ffe63c3e5.png
fb43a1bff50248a624dc13b38de511287c2080e662e9eb2454337377e309a2d3,0,data/benign_original/benign/fb43a1bff50248a624dc13b38de511287c2080e662e9eb2454337377e309a2d3.png
33aaf68843e2936dfd3665e5cdb76a3d5372fff42fe66f4f2b35886066a0380e,0,data/benign_original/benign/33aaf68843e2936dfd3665e5cdb76a3d5372fff42fe66f4f2b35886066a0380e.png
8a298f73c613e85d9e956f2f183d90efa98d780bc564e62c34209d2fe3d33310,0,data/benign_original/benign/8a298f73c613e85d9e956f2f183d90efa98d780bc564e62c34209d2fe3d33310.png
e9abefa05a08ac3fd5c69921040f1746a48d93b624e6c44566d0a620f3fffa12,0,data/benign_original/benign/e9abefa05a08ac3fd5c69921040f1746a48d93b624e6c44566d0a620f3fffa12.png
2c1049909ea2288527d4ed08001c8056f4bf9c38336a6a2955c33e8de95e9973,0,data/benign_original/benign/2c1049909ea2288527d4ed08001c8056f4bf9c38336a6a2955c33e8de95e9973.png
fa5e60aab341d0f15237790f75a925dad44ec8ffc8a903fd9f3d0cd5a27c4de2,0,data/benign_original/benign/fa5e60aab341d0f15237790f75a925dad44ec8ffc8a903fd9f3d0cd5a27c4de2.png
fd73acb018af2a07a72fc191c6fb05ee961cda3071473fa2e2002918e361a189,0,data/benign_original/benign/fd73acb018af2a07a72fc191c6fb05ee961cda3071473fa2e2002918e361a189.png
e7ea1c0f2bbbf6efdc94c266b60dd8e606e0d7daaebd07fd05cf687161369777,0,data/benign_original/benign/e7ea1c0f2bbbf6efdc94c266b60dd8e606e0d7daaebd07fd05cf687161369777.png
d36071884086b10b302c2acd43c33d15fe73369b927ba9002d32db9409567241,0,data/benign_original/benign/d36071884086b10b302c2acd43c33d15fe73369b927ba9002d32db9409567241.png
e234e4cd10344156899fccacbe751fb224d50f7e67222e5e6609fa5a3fbc5883,0,data/benign_original/benign/e234e4cd10344156899fccacbe751fb224d50f7e67222e5e6609fa5a3fbc5883.png
f7cbd8830e0e2c912f1cbe2cca80f7f04b22b921012e2a8a37f89d84e2142d5a,0,data/benign_original/benign/f7cbd8830e0e2c912f1cbe2cca80f7f04b22b921012e2a8a37f89d84e2142d5a.png
f231100cbc6d4fb822ceb7ce2f83ce7938de136f8444b6d2e429889c534b8a20,0,data/benign_original/benign/f231100cbc6d4fb822ceb7ce2f83ce7938de136f8444b6d2e429889c534b8a20.png
f626af66e12035b9b7b041b075cb9daa213669635412eb8650a193ef6bf6a30b,0,data/benign_original/benign/f626af66e12035b9b7b041b075cb9daa213669635412eb8650a193ef6bf6a30b.png
c2eca31d28ebff5b2070b4a1fb7ebdecebd4a1d9c8b49398776cba229cd19272,0,data/benign_original/benign/c2eca31d28ebff5b2070b4a1fb7ebdecebd4a1d9c8b49398776cba229cd19272.png
b777d9fedae1427ef70b1cc64c6f4c099cdd6584d6aa09234614296b2e5532ae,0,data/benign_original/benign/b777d9fedae1427ef70b1cc64c6f4c099cdd6584d6aa09234614296b2e5532ae.png
d8696bb1bb00378f313b4233025339061344148b54dd1a531c39302456e5f0c7,0,data/benign_original/benign/d8696bb1bb00378f313b4233025339061344148b54dd1a531c39302456e5f0c7.png
c9c8b8b65418d4a48f5c524d24974350c445fabeba24b432445a2e858107ec14,0,data/benign_original/benign/c9c8b8b65418d4a48f5c524d24974350c445fabeba24b432445a2e858107ec14.png
ba576980f8a3a8fd4c81c5f845fff71d61c1d1ef23f6a2a30e049b76e15a710e,0,data/benign_original/benign/ba576980f8a3a8fd4c81c5f845fff71d61c1d1ef23f6a2a30e049b76e15a710e.png
b281215d9bd719ca3cdb8d1c3a21d6faa8eb24d3c5c18710e8292f6a738bc357,0,data/benign_original/benign/b281215d9bd719ca3cdb8d1c3a21d6faa8eb24d3c5c18710e8292f6a738bc357.png
7f8aa55beae4aee0da0f32b8d67b3d600103fedd99c6e114625f82de8d14d5c7,0,data/benign_original/benign/7f8aa55beae4aee0da0f32b8d67b3d600103fedd99c6e114625f82de8d14d5c7.png
e09d60967b1158c9c7d7bce52110e66e203369e9b48ed7b4e45edeaab1d5f34c,0,data/benign_original/benign/e09d60967b1158c9c7d7bce52110e66e203369e9b48ed7b4e45edeaab1d5f34c.png
07028b82ed457f66a17b116a6c66593ea5c74b8db4e6d1c1ea7a366a2570b87e,0,data/benign_original/benign/07028b82ed457f66a17b116a6c66593ea5c74b8db4e6d1c1ea7a366a2570b87e.png
f83bd4056e8b0f8389e2f422d1503613e9a2409abdf00ed47769f6279c10046c,0,data/benign_original/benign/f83bd4056e8b0f8389e2f422d1503613e9a2409abdf00ed47769f6279c10046c.png
b6c9dc68462b1287311486b1b8b661e2b378e47831ba3e80f8828c5cdd09dc70,0,data/benign_original/benign/b6c9dc68462b1287311486b1b8b661e2b378e47831ba3e80f8828c5cdd09dc70.png
d3905f2fa731881e2bf1b5cb3faf8b52fea4a4167045216d7044fa6893355d6e,0,data/benign_original/benign/d3905f2fa731881e2bf1b5cb3faf8b52fea4a4167045216d7044fa6893355d6e.png
b8f322652153ca2ef212394bc7e13f10025515a956b902d0e06529aa8cfc9320,0,data/benign_original/benign/b8f322652153ca2ef212394bc7e13f10025515a956b902d0e06529aa8cfc9320.png
e6a079f8639a603f9c432d81b75ff142fb718ff8674b3c31887dd57f5923dd8b,0,data/benign_original/benign/e6a079f8639a603f9c432d81b75ff142fb718ff8674b3c31887dd57f5923dd8b.png
dac1c429b13c314f3a0734906ec76cfcfd0f057a636e118897ba2a7878f72fea,0,data/benign_original/benign/dac1c429b13c314f3a0734906ec76cfcfd0f057a636e118897ba2a7878f72fea.png
b76457c961506bd02a66218f62091500bc9c8ebaa5803ec4741af3e8b632e4ef,0,data/benign_original/benign/b76457c961506bd02a66218f62091500bc9c8ebaa5803ec4741af3e8b632e4ef.png
bd6b7c71b161a8510734b391b9db3330dc0ead0467f82310c85e09f4a4de84c4,1,data/malware_images/images/Trickbot/bd6b7c71b161a8510734b391b9db3330dc0ead0467f82310c85e09f4a4de84c4.png
feea5f06ecc409cd9af699c6fec37799ac6ae7d56cc2f58b406491981809f200,0,data/benign_original/benign/feea5f06ecc409cd9af699c6fec37799ac6ae7d56cc2f58b406491981809f200.png
df8c08ea6b08bb92ce45bce89a4e9139ba17e3f9b1097e1dc02bef97e985995c,0,data/benign_original/benign/df8c08ea6b08bb92ce45bce89a4e9139ba17e3f9b1097e1dc02bef97e985995c.png
f014622b0544cc48298f8450dfb83a4eea9365a19f684dddd86b192f70d66235,0,data/benign_original/benign/f014622b0544cc48298f8450dfb83a4eea9365a19f684dddd86b192f70d66235.png
64354378404d42f492613b144a6d0b3418261f27a380a8a4387424fe0e3ffbc1,0,data/benign_original/benign/64354378404d42f492613b144a6d0b3418261f27a380a8a4387424fe0e3ffbc1.png
c683e8e543bdd678dfdea0b325a3de04a419eeb053e2f32702d8b472aaf54c6d,0,data/benign_original/benign/c683e8e543bdd678dfdea0b325a3de04a419eeb053e2f32702d8b472aaf54c6d.png
d42e7e91eafce25550f08a63240e23fbe3ddd278b852e36e4eab05bc42f5ec7d,0,data/benign_original/benign/d42e7e91eafce25550f08a63240e23fbe3ddd278b852e36e4eab05bc42f5ec7d.png
1d09828ae5db07bbb421259cdeda0ee597cc1b5c5377ef7b05ee307814ecb9fc,1,data/malware_images/images/Trickbot/1d09828ae5db07bbb421259cdeda0ee597cc1b5c5377ef7b05ee307814ecb9fc.png
f08b274b88cca456e57c5fc26bc349f123a9123dac73aae49385e6e47c6daabf,0,data/benign_original/benign/f08b274b88cca456e57c5fc26bc349f123a9123dac73aae49385e6e47c6daabf.png
fe200fabe0691fa038e44e7c32f93ae4d13dc5cce578b811521f99dea7bfe754,0,data/benign_original/benign/fe200fabe0691fa038e44e7c32f93ae4d13dc5cce578b811521f99dea7bfe754.png
d1e69fdfe46062abfde1fa02a24d530d21c63278720516a9d2d1ccff94aac94d,0,data/benign_original/benign/d1e69fdfe46062abfde1fa02a24d530d21c63278720516a9d2d1ccff94aac94d.png
f557e3508b69b15abfec57509e18f7f51431a77d0c39df8e9a6b7aefd70c99c0,0,data/benign_original/benign/f557e3508b69b15abfec57509e18f7f51431a77d0c39df8e9a6b7aefd70c99c0.png
dd59a058165faf19dc74667cb8312dd5d74979ba58588bbe443ab4b4b2fd2b4a,0,data/benign_original/benign/dd59a058165faf19dc74667cb8312dd5d74979ba58588bbe443ab4b4b2fd2b4a.png
c384b238d1729db4a92d9cd7eca91a9319f487411997685b9db41f96633f0e62,0,data/benign_original/benign/c384b238d1729db4a92d9cd7eca91a9319f487411997685b9db41f96633f0e62.png
e0803d0ed79ad71585ad1c873a1818f02859f06d7881f3db507c199e000675e9,0,data/benign_original/benign/e0803d0ed79ad71585ad1c873a1818f02859f06d7881f3db507c199e000675e9.png
dc42b8fc1af85390d9027f2a96d78462357916919ae12e3d2d695f58404fd492,0,data/benign_original/benign/dc42b8fc1af85390d9027f2a96d78462357916919ae12e3d2d695f58404fd492.png
e419885306c56a106745fd5fe34b85df9db0f1322fb8df5acba47ff861941781,0,data/benign_original/benign/e419885306c56a106745fd5fe34b85df9db0f1322fb8df5acba47ff861941781.png
bb22c782d39cb9876fa572fb749b4dd41cc29435fe5bf405fea3c57bfb0636ab,0,data/benign_original/benign/bb22c782d39cb9876fa572fb749b4dd41cc29435fe5bf405fea3c57bfb0636ab.png
e494e76b63acc873cc275b2183ea4cf170b8b355bef6a65b230a25e9ca143d17,0,data/benign_original/benign/e494e76b63acc873cc275b2183ea4cf170b8b355bef6a65b230a25e9ca143d17.png
d0ab8a9f97343b3671c7d076a92260289bacfee6370cd4b1600c25affa832f1e,0,data/benign_original/benign/d0ab8a9f97343b3671c7d076a92260289bacfee6370cd4b1600c25affa832f1e.png
dc846eccbdb149a7b83e1cefa8e67d615cd84d6f4680fafcfabe5209c71ef92f,1,data/malware_images/images/njrat/dc846eccbdb149a7b83e1cefa8e67d615cd84d6f4680fafcfabe5209c71ef92f.png
cd29ad02fafb67c91282770890b46575050c955bd327286ec5c863f09a2114e9,0,data/benign_original/benign/cd29ad02fafb67c91282770890b46575050c955bd327286ec5c863f09a2114e9.png
e5e202ff7a6f9b672098c6726c016c40bc9028a81a2fd51cade0fda75168d187,0,data/benign_original/benign/e5e202ff7a6f9b672098c6726c016c40bc9028a81a2fd51cade0fda75168d187.png
c2bcebf0af71b2b9e315661a09573caed9f956d0c6282df7dd56ca06f066fa83,0,data/benign_original/benign/c2bcebf0af71b2b9e315661a09573caed9f956d0c6282df7dd56ca06f066fa83.png
cdde3bdc39054d66476bd5dabcd9c4557dc7237dc335682c2d42043d354ac800,0,data/benign_original/benign/cdde3bdc39054d66476bd5dabcd9c4557dc7237dc335682c2d42043d354ac800.png
c80244555d43a2847c45b1f8d8fb0437ce454c622712c00faf414dda959d627d,0,data/benign_original/benign/c80244555d43a2847c45b1f8d8fb0437ce454c622712c00faf414dda959d627d.png
bd612f120493d5b295283032cb7ec45e82c12647dedc9c12651c2ec6e3791038,0,data/benign_original/benign/bd612f120493d5b295283032cb7ec45e82c12647dedc9c12651c2ec6e3791038.png
c2ec519a8ee7801a6b887234b7a2c29abb468423daaaba1159ad8dcf04705a46,0,data/benign_original/benign/c2ec519a8ee7801a6b887234b7a2c29abb468423daaaba1159ad8dcf04705a46.png
f6f4951f98185ba8ddcdaa43f13b8106b9b667bb7f5ee027dc51b4bca4556adc,0,data/benign_original/benign/f6f4951f98185ba8ddcdaa43f13b8106b9b667bb7f5ee027dc51b4bca4556adc.png
eb7b1c815931f369b4ffff6645697852a2c47b02ebf82fee73c464a2c4ba2399,0,data/benign_original/benign/eb7b1c815931f369b4ffff6645697852a2c47b02ebf82fee73c464a2c4ba2399.png
cd320525d5dce5ea90a5075634ef9db636b42d6fc22ec5dc9fa7b933d44f2d10,0,data/benign_original/benign/cd320525d5dce5ea90a5075634ef9db636b42d6fc22ec5dc9fa7b933d44f2d10.png
cb03b4a4fda03f7ca1ad6dae82489dc3e7d417463b733e52e59c9351cf6eb876,0,data/benign_original/benign/cb03b4a4fda03f7ca1ad6dae82489dc3e7d417463b733e52e59c9351cf6eb876.png
d42431c78f5fe69a4a3e558ff72252575b971691a87aee54cbddba931adfd9a7,0,data/benign_original/benign/d42431c78f5fe69a4a3e558ff72252575b971691a87aee54cbddba931adfd9a7.png
e097793285f0d46c9b77756e3a926886a446151b076705a9f96447259d964659,0,data/benign_original/benign/e097793285f0d46c9b77756e3a926886a446151b076705a9f96447259d964659.png
bc1667252625ee09b6b5c20a6dede17031a055f06d94dd12c66bed50084dd3dd,0,data/benign_original/benign/bc1667252625ee09b6b5c20a6dede17031a055f06d94dd12c66bed50084dd3dd.png
de23111fac0a7ff4382fdddd62e6de66099bb790b0b7e729d652c693caa597e9,0,data/benign_original/benign/de23111fac0a7ff4382fdddd62e6de66099bb790b0b7e729d652c693caa597e9.png
f38a1ca40a80371db19d75428d8c212c32ed4065d383f64de5f2e02f469c7ab6,0,data/benign_original/benign/f38a1ca40a80371db19d75428d8c212c32ed4065d383f64de5f2e02f469c7ab6.png
2db10930c59a7e3cc26be1e8bae834a875221072f9571ccd1d8e3fd6b9a1b52e,0,data/benign_original/benign/2db10930c59a7e3cc26be1e8bae834a875221072f9571ccd1d8e3fd6b9a1b52e.png
b715d04728e9c4c6d6013e88aa200808bd247231e75398660f06a7bcdceb87a0,0,data/benign_original/benign/b715d04728e9c4c6d6013e88aa200808bd247231e75398660f06a7bcdceb87a0.png
b295373a490bc40d100f666e120ab5c71fbdb9eb2efc2e484c96a7b0920fd09d,0,data/benign_original/benign/b295373a490bc40d100f666e120ab5c71fbdb9eb2efc2e484c96a7b0920fd09d.png
d6d811768d315ac1fafcb356b040f522375192510a93ef94a5cfb22001a6de61,0,data/benign_original/benign/d6d811768d315ac1fafcb356b040f522375192510a93ef94a5cfb22001a6de61.png
f6ad4833f32f5e39fd7fae53b8e4dcac80b36eae342c3dd05beabd6d728fe990,0,data/benign_original/benign/f6ad4833f32f5e39fd7fae53b8e4dcac80b36eae342c3dd05beabd6d728fe990.png
ed78b24ecc41d960f7a5a9f32549d72a6a7d6ba98ddf433c7869d125da227159,0,data/benign_original/benign/ed78b24ecc41d960f7a5a9f32549d72a6a7d6ba98ddf433c7869d125da227159.png
e5b7730daa39dc02a1618c39f249f2ffe5df128a06efbb712fb8e3b7ae840211,0,data/benign_original/benign/e5b7730daa39dc02a1618c39f249f2ffe5df128a06efbb712fb8e3b7ae840211.png
c107a53891a8900072e69ada0f13b25979fa0e613faa2ab4d12c08cd887248d0,0,data/benign_original/benign/c107a53891a8900072e69ada0f13b25979fa0e613faa2ab4d12c08cd887248d0.png
b82f096607a52b76f69a2db03392e008dd60a7dce74665b0e09f5593ba7ca7ca,0,data/benign_original/benign/b82f096607a52b76f69a2db03392e008dd60a7dce74665b0e09f5593ba7ca7ca.png
fa73d80ced1779fe6fd50f76f75ae5c755c9d13c1bc85f2d3f98d903ba4c3d14,0,data/benign_original/benign/fa73d80ced1779fe6fd50f76f75ae5c755c9d13c1bc85f2d3f98d903ba4c3d14.png
c66ffecf95a3925512ce848dc3226a48d2a4da5a478e56b2c047a9030c2a778c,0,data/benign_original/benign/c66ffecf95a3925512ce848dc3226a48d2a4da5a478e56b2c047a9030c2a778c.png
b66ada0f0566ef1175bc9ebebac29898323c9113db7124bffcad03f60f640add,0,data/benign_original/benign/b66ada0f0566ef1175bc9ebebac29898323c9113db7124bffcad03f60f640add.png
d394cb076269203088f097f49f0d28ef51caeaa0cc477244fda0b811871bdc15,0,data/benign_original/benign/d394cb076269203088f097f49f0d28ef51caeaa0cc477244fda0b811871bdc15.png
d4d7f7f679dc9daac1104a53e7a1eaf2aa76ccc790fcb20feb11dde95abc64fc,0,data/benign_original/benign/d4d7f7f679dc9daac1104a53e7a1eaf2aa76ccc790fcb20feb11dde95abc64fc.png
f0cd82b9b3e883c62c2fff7804a77c879f8150f02f514b595c4c2c9f8aa3acab,0,data/benign_original/benign/f0cd82b9b3e883c62c2fff7804a77c879f8150f02f514b595c4c2c9f8aa3acab.png
ec0f198a9fca96299bd4811c9359bc887785ced2bce08e8241834b0d93c32d2d,0,data/benign_original/benign/ec0f198a9fca96299bd4811c9359bc887785ced2bce08e8241834b0d93c32d2d.png
dde82359f9434920c421b1b178095c07584948733603a92273257875620c4815,0,data/benign_original/benign/dde82359f9434920c421b1b178095c07584948733603a92273257875620c4815.png
b713069fb6177c3b7be361008a60d5bbdee27f90795984031e1731809355ced2,0,data/benign_original/benign/b713069fb6177c3b7be361008a60d5bbdee27f90795984031e1731809355ced2.png
fb6e17dc6795bf5cd30797c35e880389dd3b08c0dd4c3c0d191810723a7347c8,0,data/benign_original/benign/fb6e17dc6795bf5cd30797c35e880389dd3b08c0dd4c3c0d191810723a7347c8.png
e5dfe859d950ab9e797f9d740e1b050a372535d0a4b1d407b1409dfe6f84f28b,0,data/benign_original/benign/e5dfe859d950ab9e797f9d740e1b050a372535d0a4b1d407b1409dfe6f84f28b.png
d847114041d4d0645ea66a5274f7d3a74d9765c880e1785de8c56d85de745679,0,data/benign_original/benign/d847114041d4d0645ea66a5274f7d3a74d9765c880e1785de8c56d85de745679.png
dba4553ad86653aff849697c5f8da2fdd92a1a000c42db152c49e2d495517556,0,data/benign_original/benign/dba4553ad86653aff849697c5f8da2fdd92a1a000c42db152c49e2d495517556.png
bae76e7f65730fed5b8bad8050e347293cac8d9dd6ccdbfbf6d183d2bc333369,0,data/benign_original/benign/bae76e7f65730fed5b8bad8050e347293cac8d9dd6ccdbfbf6d183d2bc333369.png
e1f8906168e793c18116630ae601656162626b159e0dc42900b6cc5c01aa3fbb,0,data/benign_original/benign/e1f8906168e793c18116630ae601656162626b159e0dc42900b6cc5c01aa3fbb.png
bcf3a14e8712a90837fc5c0d8c8a24696af2bd7f74e9767597ec81ededfb23db,0,data/benign_original/benign/bcf3a14e8712a90837fc5c0d8c8a24696af2bd7f74e9767597ec81ededfb23db.png
0fbe33fb688bc8b21db405ffc08f696f5eea215264952fb41027be527da384e7,0,data/benign_original/benign/0fbe33fb688bc8b21db405ffc08f696f5eea215264952fb41027be527da384e7.png
b00227663669d89fc6f1f76cd03a30a09ffe174b3c314a65580822eef94fd281,0,data/benign_original/benign/b00227663669d89fc6f1f76cd03a30a09ffe174b3c314a65580822eef94fd281.png
b13aecd25a8f1a681033437ba831e13c01098c1cdfe721d24c9e2e80fe98c918,1,data/malware_images/images/Heodo/b13aecd25a8f1a681033437ba831e13c01098c1cdfe721d24c9e2e80fe98c918.png
e5b6086d48f13a63dbca742abef243e00b6bfa359c03581f5daeea9d3a691ae7,0,data/benign_original/benign/e5b6086d48f13a63dbca742abef243e00b6bfa359c03581f5daeea9d3a691ae7.png
8aaf7e97960e9bc08487682382b2dc6b3b290b0d120855353b893e453cdc4326,0,data/benign_original/benign/8aaf7e97960e9bc08487682382b2dc6b3b290b0d120855353b893e453cdc4326.png
a8d558789475077bba174dd3b42e5d120d203162bdadb62d69706d096215b036,1,data/malware_images/images/Trickbot/a8d558789475077bba174dd3b42e5d120d203162bdadb62d69706d096215b036.png
d52946d61a17a9bd3db49187f2ca3c044fa549cfd67f03419204e2787c6272f1,0,data/benign_original/benign/d52946d61a17a9bd3db49187f2ca3c044fa549cfd67f03419204e2787c6272f1.png
b52fbb99308493a27aac725cf70721041cdee61caca19792b949cc0867a27964,0,data/benign_original/benign/b52fbb99308493a27aac725cf70721041cdee61caca19792b949cc0867a27964.png
d60917d2562a28908122bfd2170ef35d2568abc097eccbd6a137998d7043b880,0,data/benign_original/benign/d60917d2562a28908122bfd2170ef35d2568abc097eccbd6a137998d7043b880.png
e04d6e71187d48e516364df5e1d57005cf6d3bf581510ef944ae7f7480693a58,1,data/malware_images/images/njrat/e04d6e71187d48e516364df5e1d57005cf6d3bf581510ef944ae7f7480693a58.png
bd184dee9c1c541ef70e6b2599628439f0b0e48a76926f90e30a28bc9f917e35,0,data/benign_original/benign/bd184dee9c1c541ef70e6b2599628439f0b0e48a76926f90e30a28bc9f917e35.png
c9be7cda15b09ba6f6485886cb9f92deaedd9f7f14089f35285cc48588322400,0,data/benign_original/benign/c9be7cda15b09ba6f6485886cb9f92deaedd9f7f14089f35285cc48588322400.png
b8a91bec1fbb34606ed5326aad78af0d07c7915be86cfd595cc4c222504e98b1,0,data/benign_original/benign/b8a91bec1fbb34606ed5326aad78af0d07c7915be86cfd595cc4c222504e98b1.png
e049faa6233096de5bebec0065eecc515fdb1765742cb7d73cd15061a7354de4,0,data/benign_original/benign/e049faa6233096de5bebec0065eecc515fdb1765742cb7d73cd15061a7354de4.png
b4de5fc0d8b04b9c40e0797facd5a112627ef7e8edee1fb3eb7ea7aba8495f79,0,data/benign_original/benign/b4de5fc0d8b04b9c40e0797facd5a112627ef7e8edee1fb3eb7ea7aba8495f79.png
cdba07f02a64cbe23942eafc41638ef6643761edfd5e65f3acfeec6ed16ee22e,0,data/benign_original/benign/cdba07f02a64cbe23942eafc41638ef6643761edfd5e65f3acfeec6ed16ee22e.png
5052ed5ba5435693affdae0f4fa7c388ab993b4f9c7a153c8e80800e7aabd512,0,data/benign_original/benign/5052ed5ba5435693affdae0f4fa7c388ab993b4f9c7a153c8e80800e7aabd512.png
fc1166d69a9ddcb8772cb952a65a1872cc879911fefd1f7a97ef1dd10c534c30,0,data/benign_original/benign/fc1166d69a9ddcb8772cb952a65a1872cc879911fefd1f7a97ef1dd10c534c30.png
df4a6dd9e85e2599d3b6b3c47f0ca609ca8461a02c0e72aed5d8627e077386e8,0,data/benign_original/benign/df4a6dd9e85e2599d3b6b3c47f0ca609ca8461a02c0e72aed5d8627e077386e8.png
bef7690e612fab0674adb59360e4e8464da1a5a1075778158a58e87a552f28bb,0,data/benign_original/benign/bef7690e612fab0674adb59360e4e8464da1a5a1075778158a58e87a552f28bb.png
e3c15f94383f31061dcdc2feff9a5dfabefc0ee022593fd3b01b528de7ace4aa,0,data/benign_original/benign/e3c15f94383f31061dcdc2feff9a5dfabefc0ee022593fd3b01b528de7ace4aa.png
ed5fa416a8660d08987dba723ba7d3900c73d9b52633bcf44db0c27baa7aba69,0,data/benign_original/benign/ed5fa416a8660d08987dba723ba7d3900c73d9b52633bcf44db0c27baa7aba69.png
1b70d20bcc49d12388a3bf1565885fc4ebdd4f301a295224b47b4009af96026e,0,data/benign_original/benign/1b70d20bcc49d12388a3bf1565885fc4ebdd4f301a295224b47b4009af96026e.png
e938015386d71d4db95e7fbd9f1516a565917cf87ac3dd2cc1da58dbd01ae665,0,data/benign_original/benign/e938015386d71d4db95e7fbd9f1516a565917cf87ac3dd2cc1da58dbd01ae665.png
b586722f68eba4114f3d43e8e9953845ca7d00797bde91d71d703d2d3947642f,0,data/benign_original/benign/b586722f68eba4114f3d43e8e9953845ca7d00797bde91d71d703d2d3947642f.png
f44f5ab3498c21b098c8d2d823f29c990113b9ef98d429e0c0eed152d5761bfb,0,data/benign_original/benign/f44f5ab3498c21b098c8d2d823f29c990113b9ef98d429e0c0eed152d5761bfb.png
e6b10dda443ee164b37becc1ee21b3877c1a01c5399843bbc9d09bcdcde9bebb,0,data/benign_original/benign/e6b10dda443ee164b37becc1ee21b3877c1a01c5399843bbc9d09bcdcde9bebb.png
f25891889858a05c2443f15a7a35c625a8458e86f2e9f01b1ed116cd3ffd798a,0,data/benign_original/benign/f25891889858a05c2443f15a7a35c625a8458e86f2e9f01b1ed116cd3ffd798a.png
f6da06dc8e092551dd79f35da971d696d4a463e804f3d4ad5ea1847ad101f3fe,0,data/benign_original/benign/f6da06dc8e092551dd79f35da971d696d4a463e804f3d4ad5ea1847ad101f3fe.png
c0d6224f566f3b7081c16131cdbd03103ce63130d7729db13b34d96733279120,0,data/benign_original/benign/c0d6224f566f3b7081c16131cdbd03103ce63130d7729db13b34d96733279120.png
f6b18a7891f83ce2347f7521c4756acf9d12e35b61522b408203280698cc686c,0,data/benign_original/benign/f6b18a7891f83ce2347f7521c4756acf9d12e35b61522b408203280698cc686c.png
9a38991461288014473dd1d6de00238a69d14ff36bc5a555ac4d88479da1e0af,0,data/benign_original/benign/9a38991461288014473dd1d6de00238a69d14ff36bc5a555ac4d88479da1e0af.png
b596ad2fa8cf15a52b4a18838803e30888c578f04c06a9b115c43f2b515963db,0,data/benign_original/benign/b596ad2fa8cf15a52b4a18838803e30888c578f04c06a9b115c43f2b515963db.png
c3b748f254d8aafaf20bcd179ad9230cde4e89509028d9e010581ea0d8fe9ff3,0,data/benign_original/benign/c3b748f254d8aafaf20bcd179ad9230cde4e89509028d9e010581ea0d8fe9ff3.png
d85f47a8065ec3f70525d3c87efbf67e4b2455a8a9b4f0098c2feb11afe98bb7,0,data/benign_original/benign/d85f47a8065ec3f70525d3c87efbf67e4b2455a8a9b4f0098c2feb11afe98bb7.png
ca9c81025c48dce6f1ca33edba16fc74a90a464197d33e5ad63d7210fd99436e,0,data/benign_original/benign/ca9c81025c48dce6f1ca33edba16fc74a90a464197d33e5ad63d7210fd99436e.png
d69861a1d87fbc1f741e7c4b36f04573c66126ab7a820d057bc51a6534719acb,0,data/benign_original/benign/d69861a1d87fbc1f741e7c4b36f04573c66126ab7a820d057bc51a6534719acb.png
5791dc7e037378836acc67a148a3b2b7def8825594bc53cc5f2524b270fabc15,0,data/benign_original/benign/5791dc7e037378836acc67a148a3b2b7def8825594bc53cc5f2524b270fabc15.png
9765f6a4ef2630731553c298e3bf079a7fd28d04413d0ed7dbaa697e81592252,0,data/benign_original/benign/9765f6a4ef2630731553c298e3bf079a7fd28d04413d0ed7dbaa697e81592252.png
f1510141fe552081af1fb705f04188ede855c237fa989ef65b4e4e2a8ea91ca3,0,data/benign_original/benign/f1510141fe552081af1fb705f04188ede855c237fa989ef65b4e4e2a8ea91ca3.png
d9400c2413fdf6fdf7103bab452c6b87b279f325059b718fa41e58caf3bab131,0,data/benign_original/benign/d9400c2413fdf6fdf7103bab452c6b87b279f325059b718fa41e58caf3bab131.png
b812b1c5b0a7834fe3699d769f7cdb365adee7bcdde784836a7229a4d819799b,0,data/benign_original/benign/b812b1c5b0a7834fe3699d769f7cdb365adee7bcdde784836a7229a4d819799b.png
f493a90ed9c7d0428561ed212d54d123c579002d2db2cbd612015fc24d0ea1db,0,data/benign_original/benign/f493a90ed9c7d0428561ed212d54d123c579002d2db2cbd612015fc24d0ea1db.png
0c9baed0badb2431a9b173609d3990ccbba7cba4455ba0e8ebe6267d8b4ae3ef,0,data/benign_original/benign/0c9baed0badb2431a9b173609d3990ccbba7cba4455ba0e8ebe6267d8b4ae3ef.png
75618935566046844c2d4270687f88dcfe5b50cd9d670adb7bfb0db1b1070beb,0,data/benign_original/benign/75618935566046844c2d4270687f88dcfe5b50cd9d670adb7bfb0db1b1070beb.png
68123a5b98ab9c77fc37486fe340c4294babfeb9a7b41b79a5a0ec53f63658aa,1,data/malware_images/images/njrat/68123a5b98ab9c77fc37486fe340c4294babfeb9a7b41b79a5a0ec53f63658aa.png
bc417e9f1c8357e0dc71c7564d0b0da5851ec85e4c800a7f4ad2fcd825865b95,0,data/benign_original/benign/bc417e9f1c8357e0dc71c7564d0b0da5851ec85e4c800a7f4ad2fcd825865b95.png
b17cb970d6a76b1be5d66fdd6bbb5336c348b596fab734c27060e77e5bbc4ac9,1,data/malware_images/images/njrat/b17cb970d6a76b1be5d66fdd6bbb5336c348b596fab734c27060e77e5bbc4ac9.png
e0e94961fc4187c3c9ffb0909e06203f31682cd3c3fb2dd0855013d601279192,0,data/benign_original/benign/e0e94961fc4187c3c9ffb0909e06203f31682cd3c3fb2dd0855013d601279192.png
f4163cbc464a82fce47442447351265a287561c8d64ecc2f2f97f5e73bcb4347,0,data/benign_original/benign/f4163cbc464a82fce47442447351265a287561c8d64ecc2f2f97f5e73bcb4347.png
d12128f39d3936bbae4a5655c4c5a4f2da30e80cce34426f99799bf2ecbff8ba,0,data/benign_original/benign/d12128f39d3936bbae4a5655c4c5a4f2da30e80cce34426f99799bf2ecbff8ba.png
e33d944cb07adf2a5455b54497efdebfb217b77ba50aa5a613d9aa3879514ec4,0,data/benign_original/benign/e33d944cb07adf2a5455b54497efdebfb217b77ba50aa5a613d9aa3879514ec4.png
f5d5bc4807c4e80de2d7ec952a8dec3b1d6cb7bd327415bf5d412a1cb91bc4b7,0,data/benign_original/benign/f5d5bc4807c4e80de2d7ec952a8dec3b1d6cb7bd327415bf5d412a1cb91bc4b7.png
c06491ab8477f4dc67e5951d85308d610ccd05eeaedf977bde2c8ecc6130ead5,0,data/benign_original/benign/c06491ab8477f4dc67e5951d85308d610ccd05eeaedf977bde2c8ecc6130ead5.png
fa3c62629444a0f207de3af5e1237ccc7ccac78e8aa98887eceb423bf07fe724,0,data/benign_original/benign/fa3c62629444a0f207de3af5e1237ccc7ccac78e8aa98887eceb423bf07fe724.png
b027da96876ad81302d728506e388c19985ba46cd23566a2dd1818f9ecfd6458,0,data/benign_original/benign/b027da96876ad81302d728506e388c19985ba46cd23566a2dd1818f9ecfd6458.png
5a1ff407effbbc412ca3d232c64770166cba6fc86bedf7f7f852114c4cdc8b07,0,data/benign_original/benign/5a1ff407effbbc412ca3d232c64770166cba6fc86bedf7f7f852114c4cdc8b07.png
bb69a362cf9e0c9f90482b9ec138c2015c166838e2f3b105e3c14c14ec5b8ed6,0,data/benign_original/benign/bb69a362cf9e0c9f90482b9ec138c2015c166838e2f3b105e3c14c14ec5b8ed6.png
d9f2efc4864b6eb69c4509ed80744c29209c5730eb1aa833f5aa422b50af0587,0,data/benign_original/benign/d9f2efc4864b6eb69c4509ed80744c29209c5730eb1aa833f5aa422b50af0587.png
87da8b45e2fecaddcdcaca35ea2f6583352344aba7f297c11b0434f39a476056,0,data/benign_original/benign/87da8b45e2fecaddcdcaca35ea2f6583352344aba7f297c11b0434f39a476056.png
c2b4237ffd1a0efe97fde1a25f18c3d75b9d17195061a1060798ef69b7d372f5,0,data/benign_original/benign/c2b4237ffd1a0efe97fde1a25f18c3d75b9d17195061a1060798ef69b7d372f5.png
c2b9bbe5c3c2c0c33e7a828b3472c79921e255e3196ce3784efd007cfd7adab9,0,data/benign_original/benign/c2b9bbe5c3c2c0c33e7a828b3472c79921e255e3196ce3784efd007cfd7adab9.png
e48f506c34ba6846f44c65df9248374edc59da580c6a747a7476422211dbeffd,0,data/benign_original/benign/e48f506c34ba6846f44c65df9248374edc59da580c6a747a7476422211dbeffd.png
f61ff9a9408c1549291991ee268c7a16d8a26c8988388c1f4ee41930c7a0e490,0,data/benign_original/benign/f61ff9a9408c1549291991ee268c7a16d8a26c8988388c1f4ee41930c7a0e490.png
dad069d159b3ec8279aa07119cb3f05421d6ee8e99d2876cdcf250645b764068,0,data/benign_original/benign/dad069d159b3ec8279aa07119cb3f05421d6ee8e99d2876cdcf250645b764068.png
c4617cd94408d13e68d3dd75920911a56a1b1bae0fb19c035b156ec4a3cdefd5,0,data/benign_original/benign/c4617cd94408d13e68d3dd75920911a56a1b1bae0fb19c035b156ec4a3cdefd5.png
f008661af1e7d0f0feb9160d024610538a83c2fcdcbd442ccd8ad0573325b900,0,data/benign_original/benign/f008661af1e7d0f0feb9160d024610538a83c2fcdcbd442ccd8ad0573325b900.png
1427a1fbdc06e9942fccb80431261c4d145a53978f4c466a1ad6373b828a863a,0,data/benign_original/benign/1427a1fbdc06e9942fccb80431261c4d145a53978f4c466a1ad6373b828a863a.png
fa176e6ed9edded8e0003a2be3a632963800826ef9afca76a90e5b844a17e871,0,data/benign_original/benign/fa176e6ed9edded8e0003a2be3a632963800826ef9afca76a90e5b844a17e871.png
b772266d1493844fb2713a1316281f13784552ee3bebd39daaa95b909591e145,0,data/benign_original/benign/b772266d1493844fb2713a1316281f13784552ee3bebd39daaa95b909591e145.png
c825919a132fd9a704c82e7ed74a226182f58f505f27d08729a4ddfd5086003a,0,data/benign_original/benign/c825919a132fd9a704c82e7ed74a226182f58f505f27d08729a4ddfd5086003a.png
b863e60a104b7bb75a4ea0fd3a493cfe72c84ae8bf0cc4844554cf8afea0f77a,0,data/benign_original/benign/b863e60a104b7bb75a4ea0fd3a493cfe72c84ae8bf0cc4844554cf8afea0f77a.png
da267d4bb5026c5b75992eb0cbed9f1631072fa2c3072f6af63a03a080ccf40f,0,data/benign_original/benign/da267d4bb5026c5b75992eb0cbed9f1631072fa2c3072f6af63a03a080ccf40f.png
b9a08d40ae4f6215a5cfcd3ee36c589e67f59ed7970cf54245ac5a8753d03480,0,data/benign_original/benign/b9a08d40ae4f6215a5cfcd3ee36c589e67f59ed7970cf54245ac5a8753d03480.png
b5b08608fd83bd1a776d14c15a5b90545c2bc72a41d92ad6bef9022391d930f0,0,data/benign_original/benign/b5b08608fd83bd1a776d14c15a5b90545c2bc72a41d92ad6bef9022391d930f0.png
97b3a8f65ae3a3b6d8702923f3be4167626d0fdd249895adcaccc68ad370b735,0,data/benign_original/benign/97b3a8f65ae3a3b6d8702923f3be4167626d0fdd249895adcaccc68ad370b735.png
f31bee2cfe8c9755fef5af173476a900f724205e4db994b95c0c77d0c2e08d0a,0,data/benign_original/benign/f31bee2cfe8c9755fef5af173476a900f724205e4db994b95c0c77d0c2e08d0a.png
d613ee4c6d401bf4adc1a5e21542faaae2072745817e3da8a40dd200aea5c9c0,0,data/benign_original/benign/d613ee4c6d401bf4adc1a5e21542faaae2072745817e3da8a40dd200aea5c9c0.png
c3cafa58ff4b4400b297ce24fdbe394f9881d7f3f18d436d18c47f234a8d2c27,0,data/benign_original/benign/c3cafa58ff4b4400b297ce24fdbe394f9881d7f3f18d436d18c47f234a8d2c27.png
ecf9e6567852f1a45dd6068ed197aa22cfac0121fdc0c3a2e9367dd6cc85fcae,0,data/benign_original/benign/ecf9e6567852f1a45dd6068ed197aa22cfac0121fdc0c3a2e9367dd6cc85fcae.png
60b19233a71bb337521d787cbb5af4253c76de3c9f8dda52dc435feed3a27c62,0,data/benign_original/benign/60b19233a71bb337521d787cbb5af4253c76de3c9f8dda52dc435feed3a27c62.png
4ea6fb35bfa0deace0e149557d73a99ee858029e33bbbcaf5cdf5aefb21ffb80,0,data/benign_original/benign/4ea6fb35bfa0deace0e149557d73a99ee858029e33bbbcaf5cdf5aefb21ffb80.png
c5ab43a4cc4cbdef9a5451d45d3eecc144c5a802d6cc3e0383c342f284031597,0,data/benign_original/benign/c5ab43a4cc4cbdef9a5451d45d3eecc144c5a802d6cc3e0383c342f284031597.png
f31bc3a08f12d5cbc9c56ee497a2a8786fd7b3de0eb8336b427a54d749270d79,0,data/benign_original/benign/f31bc3a08f12d5cbc9c56ee497a2a8786fd7b3de0eb8336b427a54d749270d79.png
ec8eeaeaeffa5ffc6ab73d738b2baf2dc8bdf8435f781c1947efd3adeccae799,0,data/benign_original/benign/ec8eeaeaeffa5ffc6ab73d738b2baf2dc8bdf8435f781c1947efd3adeccae799.png
ee3b47f1268386081bedcb06e3f6eaaa8e9b6093c4ce11c41ea5bd84a7e430b1,0,data/benign_original/benign/ee3b47f1268386081bedcb06e3f6eaaa8e9b6093c4ce11c41ea5bd84a7e430b1.png
d61b30a1229479227788ba58efc2648a5faa02f522ae1d24cc9c9dc052a28945,0,data/benign_original/benign/d61b30a1229479227788ba58efc2648a5faa02f522ae1d24cc9c9dc052a28945.png
a9691e506636f78293fac9fcdd9bfa1efb3c94b45452d0351ed8db489d65cee8,1,data/malware_images/images/IcedID/a9691e506636f78293fac9fcdd9bfa1efb3c94b45452d0351ed8db489d65cee8.png
f14eebcdaa39480a09594b767692e5f6b8f81812a5e2ad32d3e281c9c3941767,0,data/benign_original/benign/f14eebcdaa39480a09594b767692e5f6b8f81812a5e2ad32d3e281c9c3941767.png
dbd4f5f4ad2a5cf05be06224a9e45dee79aae5c6c77b9ed9c7f9bcde6b9c2267,0,data/benign_original/benign/dbd4f5f4ad2a5cf05be06224a9e45dee79aae5c6c77b9ed9c7f9bcde6b9c2267.png
ae301ae526ffaa5f1db25268221ace5d9444df50b30171f367f67f64e3fd4fa2,0,data/benign_original/benign/ae301ae526ffaa5f1db25268221ace5d9444df50b30171f367f67f64e3fd4fa2.png
c123c13d0efc97093913dc71c1f4c412d6c5bd8a56456d48ab95139e48b50ae8,0,data/benign_original/benign/c123c13d0efc97093913dc71c1f4c412d6c5bd8a56456d48ab95139e48b50ae8.png
963330d951ab6331bb17ef0f6530b1443f5ba27578509543ad7d5fb48c49f21b,0,data/benign_original/benign/963330d951ab6331bb17ef0f6530b1443f5ba27578509543ad7d5fb48c49f21b.png
c315b972b14a1f7384698b9072af0965bff0c538228bfe21896f6d4865ff5d1d,0,data/benign_original/benign/c315b972b14a1f7384698b9072af0965bff0c538228bfe21896f6d4865ff5d1d.png
bbdb5be22e7bdf536f1dc337529f16b2a23074a70cf77ecdf34f9d6b37f1c5df,0,data/benign_original/benign/bbdb5be22e7bdf536f1dc337529f16b2a23074a70cf77ecdf34f9d6b37f1c5df.png
d171b96ab5574515025675b58951f3dd77c4b44221dea5832ff878235830a9bc,0,data/benign_original/benign/d171b96ab5574515025675b58951f3dd77c4b44221dea5832ff878235830a9bc.png
e9875f1f3279e3bd42b36c071974d9108802919070fcb4a29218858895feb4d6,1,data/malware_images/images/Gozi/e9875f1f3279e3bd42b36c071974d9108802919070fcb4a29218858895feb4d6.png
fcc391697b348cbfaa4cd0cd426c4d549600a511d01acb15f6ef65828b34ed4f,0,data/benign_original/benign/fcc391697b348cbfaa4cd0cd426c4d549600a511d01acb15f6ef65828b34ed4f.png
bb7ad61c283b51b4b0334f39cb4ada7be8f12bbf2bc648cc841b9c20f2f58d04,0,data/benign_original/benign/bb7ad61c283b51b4b0334f39cb4ada7be8f12bbf2bc648cc841b9c20f2f58d04.png
b005d4c20316032976b9f078a45283adae7df5a30b979925e0c288e8ac8b98d8,0,data/benign_original/benign/b005d4c20316032976b9f078a45283adae7df5a30b979925e0c288e8ac8b98d8.png
fdc26128ef4e622395135af3ad3c7b3061fbdbc5eff3c3857abd06dff0b4db88,0,data/benign_original/benign/fdc26128ef4e622395135af3ad3c7b3061fbdbc5eff3c3857abd06dff0b4db88.png
46dd2eaaefa964086da4a459b539d15d16b965164d4a180cffcb9f975d5084c2,1,data/malware_images/images/IcedID/46dd2eaaefa964086da4a459b539d15d16b965164d4a180cffcb9f975d5084c2.png
ef675c5312c58e324afef68147577e1b10b95f53d699d4199f0ff52d243726c7,0,data/benign_original/benign/ef675c5312c58e324afef68147577e1b10b95f53d699d4199f0ff52d243726c7.png
c5b60d9c1acd28692132e4f2d0ee5ac8b4c1e991528fc61d3eb089c6599ab824,0,data/benign_original/benign/c5b60d9c1acd28692132e4f2d0ee5ac8b4c1e991528fc61d3eb089c6599ab824.png
7c21cbd810ced68cb67605ca5d450b479c4e9c75c6c17b893308a3086bc17b0b,0,data/benign_original/benign/7c21cbd810ced68cb67605ca5d450b479c4e9c75c6c17b893308a3086bc17b0b.png
7485ff522f4662ae5c91a5248e82370d9f24bb6e548fe279ce9e9e824c6c4d41,0,data/benign_original/benign/7485ff522f4662ae5c91a5248e82370d9f24bb6e548fe279ce9e9e824c6c4d41.png
b7355326729246b593c8d1052f4773a06c191a4521f9551e18cc9790b129d492,0,data/benign_original/benign/b7355326729246b593c8d1052f4773a06c191a4521f9551e18cc9790b129d492.png
d1a55061bcb42f69b7cf35e2985d48e30c7a90f0bc668e90390f465b36bd0161,0,data/benign_original/benign/d1a55061bcb42f69b7cf35e2985d48e30c7a90f0bc668e90390f465b36bd0161.png
ccb48666501e2ce9ffde8cefb7b85ce8f4d1ad0ac2bef9ae393464ef5529d2ee,0,data/benign_original/benign/ccb48666501e2ce9ffde8cefb7b85ce8f4d1ad0ac2bef9ae393464ef5529d2ee.png
52fd1baa60c9e16af74b9e71800d763eea08fd6f84a2b609f6abc4838bccf20e,0,data/benign_original/benign/52fd1baa60c9e16af74b9e71800d763eea08fd6f84a2b609f6abc4838bccf20e.png
ee98cc027bbce339e7dfe0b7757be233e38fb8bc95226f3992b376858f3cff80,0,data/benign_original/benign/ee98cc027bbce339e7dfe0b7757be233e38fb8bc95226f3992b376858f3cff80.png
eb275988fef523c0dbf80e38efa2f7e35179ce19f3a93194487c1c059779ec01,0,data/benign_original/benign/eb275988fef523c0dbf80e38efa2f7e35179ce19f3a93194487c1c059779ec01.png
f4451d30d2f1155f48128b6b889b0e038d6bacff54f5282c69c2d56aa594ed94,0,data/benign_original/benign/f4451d30d2f1155f48128b6b889b0e038d6bacff54f5282c69c2d56aa594ed94.png
4ca6e16beb57278e60e3edcbcecda1442aa344c424421e4b078f1213e6b99376,0,data/benign_original/benign/4ca6e16beb57278e60e3edcbcecda1442aa344c424421e4b078f1213e6b99376.png
d3ad7f3f40d286ba12e266439032b7b09f95a1ed17afc6bd4d8f84b4508efb9f,0,data/benign_original/benign/d3ad7f3f40d286ba12e266439032b7b09f95a1ed17afc6bd4d8f84b4508efb9f.png
ed7d7d09bf1f76e31f2094b8aac4b5325e9d7c06efaafa469083e7a59377d387,0,data/benign_original/benign/ed7d7d09bf1f76e31f2094b8aac4b5325e9d7c06efaafa469083e7a59377d387.png
d5b7e39b158ca6d64d10713b69d7baea9ba9c686a9442c9d7217f6914c6a955d,0,data/benign_original/benign/d5b7e39b158ca6d64d10713b69d7baea9ba9c686a9442c9d7217f6914c6a955d.png
6771a75df81f13fbae25d95cab75541a4f132ef7eaab1e501338e75681de3ec3,0,data/benign_original/benign/6771a75df81f13fbae25d95cab75541a4f132ef7eaab1e501338e75681de3ec3.png
d929cb4aba6446c52dd3754287aa058743d219290fad93906756c550d55d5335,0,data/benign_original/benign/d929cb4aba6446c52dd3754287aa058743d219290fad93906756c550d55d5335.png
f941b0c61f2a87cc964cdcfec4d042b790d5ce36c0264895601a2e380d278039,0,data/benign_original/benign/f941b0c61f2a87cc964cdcfec4d042b790d5ce36c0264895601a2e380d278039.png
9e4570851f44cadcd300201d37c67c82bf8d62c435cfbfc073c01c8aa06f8b44,0,data/benign_original/benign/9e4570851f44cadcd300201d37c67c82bf8d62c435cfbfc073c01c8aa06f8b44.png
fffadeda975e01bb25fddcc63670cb1b73082db4addc58e782f0b4aa2af976e4,0,data/benign_original/benign/fffadeda975e01bb25fddcc63670cb1b73082db4addc58e782f0b4aa2af976e4.png
dadd58ab9c587c6edc1d435907d65c2daa46dc581c43e1ada6cc69f63cf3ad0d,0,data/benign_original/benign/dadd58ab9c587c6edc1d435907d65c2daa46dc581c43e1ada6cc69f63cf3ad0d.png
1a6955d26907b3c83f10ede259494ff2d68ab210e1090cb6806e05d1dca36869,0,data/benign_original/benign/1a6955d26907b3c83f10ede259494ff2d68ab210e1090cb6806e05d1dca36869.png
f0870922e3c60d50b386944f4dde819cf1c71ec8dceb71fdb906e51482b3edb8,0,data/benign_original/benign/f0870922e3c60d50b386944f4dde819cf1c71ec8dceb71fdb906e51482b3edb8.png
f4b91e39fbcff6a581d5247bedcd71cc7f39393c3d62b817b3a6222b7522ddbe,0,data/benign_original/benign/f4b91e39fbcff6a581d5247bedcd71cc7f39393c3d62b817b3a6222b7522ddbe.png
c787118694be0f10781fade2f42f45fc5207264deb7b2fb204d63492c3c7ea32,0,data/benign_original/benign/c787118694be0f10781fade2f42f45fc5207264deb7b2fb204d63492c3c7ea32.png
bfad5aef4c63a669e3c140655cdfdf395b6c979b400a447bd5dcb65ed8826c3d,0,data/benign_original/benign/bfad5aef4c63a669e3c140655cdfdf395b6c979b400a447bd5dcb65ed8826c3d.png
c9953c28cf75d51bf9d3e44e195d6b7bfc6728a370c2028871eb661621336e32,0,data/benign_original/benign/c9953c28cf75d51bf9d3e44e195d6b7bfc6728a370c2028871eb661621336e32.png
f8284814c443347ca6859630e0735d6fa77fcf28f0c9eb5bfb36824f82e426cf,0,data/benign_original/benign/f8284814c443347ca6859630e0735d6fa77fcf28f0c9eb5bfb36824f82e426cf.png
b90cf16027296344c84b993ea8984c77be8ff62fa695b6d2f2c04d33790732b0,0,data/benign_original/benign/b90cf16027296344c84b993ea8984c77be8ff62fa695b6d2f2c04d33790732b0.png
e5e3cb6a380377f25bdf6f165a48ce8fa12588e94d078826fae8c6f1ea4d6c03,0,data/benign_original/benign/e5e3cb6a380377f25bdf6f165a48ce8fa12588e94d078826fae8c6f1ea4d6c03.png
bcbf823b9860265c9363307d7b7f6015aee0cf1116fcc95c43c948ce73d07455,1,data/malware_images/images/Trickbot/bcbf823b9860265c9363307d7b7f6015aee0cf1116fcc95c43c948ce73d07455.png
c516bbf423dc057c77b0eab95533422b5e3a807b43c6636a0f05d09f5451e5cc,0,data/benign_original/benign/c516bbf423dc057c77b0eab95533422b5e3a807b43c6636a0f05d09f5451e5cc.png
bbc39382a9165b20c157d54f85edb1d56403988aef80171c69844d86cafb173f,0,data/benign_original/benign/bbc39382a9165b20c157d54f85edb1d56403988aef80171c69844d86cafb173f.png
ef3955653cb3c648db242d5a60f3ba9c3dcc0f76b527692fa1c0a08cc9206ac2,0,data/benign_original/benign/ef3955653cb3c648db242d5a60f3ba9c3dcc0f76b527692fa1c0a08cc9206ac2.png
eb4320ce6a41f83e2480e14a0708b1bc9c7c9f3e05f4a0585096da97a6e790b0,0,data/benign_original/benign/eb4320ce6a41f83e2480e14a0708b1bc9c7c9f3e05f4a0585096da97a6e790b0.png
2f319ab076f8694f6966beb2a353d98688438d4dbb44f5b669cf562409437b47,0,data/benign_original/benign/2f319ab076f8694f6966beb2a353d98688438d4dbb44f5b669cf562409437b47.png
bae6cc8416d88489e4df47936f7b1909981b7fffdb7e68aed01e074f7bf4a50b,0,data/benign_original/benign/bae6cc8416d88489e4df47936f7b1909981b7fffdb7e68aed01e074f7bf4a50b.png
959d1fb46a3bb295e6e5d78525feedd5cde0c6c9d8c3a76dea01477d97f0e829,0,data/benign_original/benign/959d1fb46a3bb295e6e5d78525feedd5cde0c6c9d8c3a76dea01477d97f0e829.png
eed591845a4e40b7fd9f65d362ea01844f1fbafdd43e10183c80f100704fab9f,0,data/benign_original/benign/eed591845a4e40b7fd9f65d362ea01844f1fbafdd43e10183c80f100704fab9f.png
c574febfa1e4c08d45ae811c0beec730217f5d787352ec10450235e4546e252e,0,data/benign_original/benign/c574febfa1e4c08d45ae811c0beec730217f5d787352ec10450235e4546e252e.png
c22d1f2734e5ae7c30022381f5535fe176e2648d41b5b8f52dc0508635bde32e,0,data/benign_original/benign/c22d1f2734e5ae7c30022381f5535fe176e2648d41b5b8f52dc0508635bde32e.png
afc899999170db0e2ddb99d449d36d06524dab794ea359d38bd799263e778803,0,data/benign_original/benign/afc899999170db0e2ddb99d449d36d06524dab794ea359d38bd799263e778803.png
e30dea1734622f40e82e8bfc7f496414d7da410484561efb72caa6bb6d2d5fcb,0,data/benign_original/benign/e30dea1734622f40e82e8bfc7f496414d7da410484561efb72caa6bb6d2d5fcb.png
c31219a2f67f5c5440349541d089f21f605d437869a1ccf8915ff2c395df1121,0,data/benign_original/benign/c31219a2f67f5c5440349541d089f21f605d437869a1ccf8915ff2c395df1121.png
d807e82fbd39007ff2f9d9df080118e34876164896d75510b6d80a54d28bff55,0,data/benign_original/benign/d807e82fbd39007ff2f9d9df080118e34876164896d75510b6d80a54d28bff55.png
ee9325de9533fe09be00f57b6148453422ca6486d7d133cde03a34e65068718e,0,data/benign_original/benign/ee9325de9533fe09be00f57b6148453422ca6486d7d133cde03a34e65068718e.png
d3ac9992c1d96d9ca0385782171fbdbbcece0aa09ea4221bccdd800dac633826,0,data/benign_original/benign/d3ac9992c1d96d9ca0385782171fbdbbcece0aa09ea4221bccdd800dac633826.png
b9bb65057797618690d1f3660ae711ae19b990af58dd07c65f2803f5e087b7d5,0,data/benign_original/benign/b9bb65057797618690d1f3660ae711ae19b990af58dd07c65f2803f5e087b7d5.png
be1f32400617e4191bb5345351123c56865437aa36f0a084de192870ee8597b2,0,data/benign_original/benign/be1f32400617e4191bb5345351123c56865437aa36f0a084de192870ee8597b2.png
ff803e5cf73960209998882111157e9dce5515f496e3f057d40c64dbdb69b0c6,0,data/benign_original/benign/ff803e5cf73960209998882111157e9dce5515f496e3f057d40c64dbdb69b0c6.png
ef628209dc9490fd388cfc24a09af3c3cb9f9e9bb0439d7b0097ce96ca90e845,0,data/benign_original/benign/ef628209dc9490fd388cfc24a09af3c3cb9f9e9bb0439d7b0097ce96ca90e845.png
f151d3d87ecefb57d5fe306eda25cd0b9b53a04ce53445ac4dfaf5c67ace90db,0,data/benign_original/benign/f151d3d87ecefb57d5fe306eda25cd0b9b53a04ce53445ac4dfaf5c67ace90db.png
8e5c8ac9bacfbf9516847f8f6421f408c323065ff4c61d9c0afc22beb7b9833e,0,data/benign_original/benign/8e5c8ac9bacfbf9516847f8f6421f408c323065ff4c61d9c0afc22beb7b9833e.png
c1528235d60b0d145d76c3e01e99928af37188e4054c0b3d30b91f290f46fe29,0,data/benign_original/benign/c1528235d60b0d145d76c3e01e99928af37188e4054c0b3d30b91f290f46fe29.png
d916c378edeae771e1cddcea678927b8777245f2716c42fb89f80bafd143ca10,0,data/benign_original/benign/d916c378edeae771e1cddcea678927b8777245f2716c42fb89f80bafd143ca10.png
c0f9b03cf874c54d4f6455c482fe6e5a0169e9f39f370ba247f3b4091d89cca7,0,data/benign_original/benign/c0f9b03cf874c54d4f6455c482fe6e5a0169e9f39f370ba247f3b4091d89cca7.png
f4a070302be61e306e3b6cb7703aac6780526f80ea6623deca715ad9e4eecec2,0,data/benign_original/benign/f4a070302be61e306e3b6cb7703aac6780526f80ea6623deca715ad9e4eecec2.png
f340f8a85e1400cd2e427fe459608d4ccbb696d215111a343d218913b587f13f,0,data/benign_original/benign/f340f8a85e1400cd2e427fe459608d4ccbb696d215111a343d218913b587f13f.png
d4d22a42f8307b64ffeeaa26275000213a940c1792231db0911678d7bbb2cfb9,1,data/malware_images/images/GuLoader/d4d22a42f8307b64ffeeaa26275000213a940c1792231db0911678d7bbb2cfb9.png
f3918f4318e4562d8c016d3a0a91780471f06e65f305135eb8e8554ae9d07504,0,data/benign_original/benign/f3918f4318e4562d8c016d3a0a91780471f06e65f305135eb8e8554ae9d07504.png
d226cb553a102ded53f8d1e8d367b45bad7dd74c8e6d2a4f9a8c925ef86eb530,0,data/benign_original/benign/d226cb553a102ded53f8d1e8d367b45bad7dd74c8e6d2a4f9a8c925ef86eb530.png
bc82d5847279cc27a0b1ff10cacf6a391f43dea85ccab00daf6a93d9ac9012a3,0,data/benign_original/benign/bc82d5847279cc27a0b1ff10cacf6a391f43dea85ccab00daf6a93d9ac9012a3.png
b3327cd3a71a4cc2a246aa5bd36c23c738d88f1724d0ea2f4f550623c9daf55e,0,data/benign_original/benign/b3327cd3a71a4cc2a246aa5bd36c23c738d88f1724d0ea2f4f550623c9daf55e.png
db398b13ddead910fe85ec163f4d181eff03b13d946a5f022e2948921cfaa193,0,data/benign_original/benign/db398b13ddead910fe85ec163f4d181eff03b13d946a5f022e2948921cfaa193.png
e4ab4da365b32bae055291ea8f70d4b044d6a0cf9c6a71f48ee17e989a670a98,0,data/benign_original/benign/e4ab4da365b32bae055291ea8f70d4b044d6a0cf9c6a71f48ee17e989a670a98.png
507c6c4d62972523e5a15802a1852ce24facb2b6ebe14eac10edea3c975e5b1a,1,data/malware_images/images/Gozi/507c6c4d62972523e5a15802a1852ce24facb2b6ebe14eac10edea3c975e5b1a.png
ca77d1c6a7470b887e2681fcac6d88e8af0cc2e11281c069635e568e2fef05ce,0,data/benign_original/benign/ca77d1c6a7470b887e2681fcac6d88e8af0cc2e11281c069635e568e2fef05ce.png
be87b2f36ccbcf2dc47d256597503d93c4d27c31b235eb6d262cdb8207668b89,0,data/benign_original/benign/be87b2f36ccbcf2dc47d256597503d93c4d27c31b235eb6d262cdb8207668b89.png
0db49b91804cdc30b301e0cb42ac19b1db4d13467bbd66444abfcdac2da4f6b6,0,data/benign_original/benign/0db49b91804cdc30b301e0cb42ac19b1db4d13467bbd66444abfcdac2da4f6b6.png
bca985c770aa1e0a1b09ef4d55cb6125612b2a35a050ce62921081fbeded887b,0,data/benign_original/benign/bca985c770aa1e0a1b09ef4d55cb6125612b2a35a050ce62921081fbeded887b.png
cd49621a6b09f8883349321eec5a1c6737e7df84d4482480b3fc28b82d6b941b,0,data/benign_original/benign/cd49621a6b09f8883349321eec5a1c6737e7df84d4482480b3fc28b82d6b941b.png
c685b0a5c17cf8eb8c0b460103fa6881a0233b28f3af40e7ed3c4c88ac6bdc56,0,data/benign_original/benign/c685b0a5c17cf8eb8c0b460103fa6881a0233b28f3af40e7ed3c4c88ac6bdc56.png
545bc37874b09c18f4fcef578eb3f9f3d47673255bbc32bc41986fc4e71f896f,1,data/malware_images/images/GuLoader/545bc37874b09c18f4fcef578eb3f9f3d47673255bbc32bc41986fc4e71f896f.png
e5046136486bb33b183b0f45023f9645cb6cdfd58604e6ef8a1f1563585a194d,0,data/benign_original/benign/e5046136486bb33b183b0f45023f9645cb6cdfd58604e6ef8a1f1563585a194d.png
1b39fa0c926641bb79642bfafbed1906a61714716f773e3d158e00a61aff2ec1,0,data/benign_original/benign/1b39fa0c926641bb79642bfafbed1906a61714716f773e3d158e00a61aff2ec1.png
be4198151f283a5bcc9e5a9e619572d0cb90031b4ea427a21d7f20d384d7efd4,0,data/benign_original/benign/be4198151f283a5bcc9e5a9e619572d0cb90031b4ea427a21d7f20d384d7efd4.png
ef8fa9767e325f95aa5b48df941a9f3bd53993c58a042992aefd427965c44569,0,data/benign_original/benign/ef8fa9767e325f95aa5b48df941a9f3bd53993c58a042992aefd427965c44569.png
b155c334003bb83fc68294df24427386b31020eb1c1f0bae92187067a9ce8587,0,data/benign_original/benign/b155c334003bb83fc68294df24427386b31020eb1c1f0bae92187067a9ce8587.png
7d19c673e530f7eb3483205bf53e0f8efa2ca2d86c47692bcd35ecae9d1662dc,0,data/benign_original/benign/7d19c673e530f7eb3483205bf53e0f8efa2ca2d86c47692bcd35ecae9d1662dc.png
bf57aeb29051fa72b1e60b0030a2781ad57644495babbd218e324d4cdd1c93ac,0,data/benign_original/benign/bf57aeb29051fa72b1e60b0030a2781ad57644495babbd218e324d4cdd1c93ac.png
2338514a304a341b2ee7c1de696bf01e9179805da2c4edbdecf040adecfe8ab3,0,data/benign_original/benign/2338514a304a341b2ee7c1de696bf01e9179805da2c4edbdecf040adecfe8ab3.png
c2d87a5cc868aa96f697ae2a7321d8048efabc55cd790b99bd0349590e862d9d,0,data/benign_original/benign/c2d87a5cc868aa96f697ae2a7321d8048efabc55cd790b99bd0349590e862d9d.png
d5d78b0373c0768628e88affca10718ac767e6f2347e4ce3b5a15a4223703b4a,0,data/benign_original/benign/d5d78b0373c0768628e88affca10718ac767e6f2347e4ce3b5a15a4223703b4a.png
e8f7eba70a8182fa9680679447a26c534e1408df9e498444b13963baf50054d2,0,data/benign_original/benign/e8f7eba70a8182fa9680679447a26c534e1408df9e498444b13963baf50054d2.png
ecb6c3e5b9461b22edb4d26b572c74326127aa81b0d7b1f86a389a2bc92b8493,0,data/benign_original/benign/ecb6c3e5b9461b22edb4d26b572c74326127aa81b0d7b1f86a389a2bc92b8493.png
b4be4ca9053d83301bdd01e6e2568af791aa819798f29fc8cf85eab4037edb4e,0,data/benign_original/benign/b4be4ca9053d83301bdd01e6e2568af791aa819798f29fc8cf85eab4037edb4e.png
bcb47067eb896552d00c91fed1ac20a57239cf0905a8b56cfb478f432f340bcc,0,data/benign_original/benign/bcb47067eb896552d00c91fed1ac20a57239cf0905a8b56cfb478f432f340bcc.png
b5bcd214ffb057a52e6f999139687d1ed25665e1829ebc8be29f049380260d17,0,data/benign_original/benign/b5bcd214ffb057a52e6f999139687d1ed25665e1829ebc8be29f049380260d17.png
f6ceca7d596b109ba9bcf58a884fbec492321ed0f200dba88e56ebcef289e89c,0,data/benign_original/benign/f6ceca7d596b109ba9bcf58a884fbec492321ed0f200dba88e56ebcef289e89c.png
0d768f8ff68c01cb5b8dd4946bacab3d34faa39fd940852652d9fe903e06f905,0,data/benign_original/benign/0d768f8ff68c01cb5b8dd4946bacab3d34faa39fd940852652d9fe903e06f905.png
d7651e697f7ab9eaee9941126863cbdf7b0ac0ed755c274ffe5782ca4469ce78,0,data/benign_original/benign/d7651e697f7ab9eaee9941126863cbdf7b0ac0ed755c274ffe5782ca4469ce78.png
cd418e2f13651b835c99fb886689e88ed6a939c92c16abfdab63827f963b4034,0,data/benign_original/benign/cd418e2f13651b835c99fb886689e88ed6a939c92c16abfdab63827f963b4034.png
8126f308c6848cce16f4e27bb2f0743c3b074247364d5daf3a08553bc1d157a9,0,data/benign_original/benign/8126f308c6848cce16f4e27bb2f0743c3b074247364d5daf3a08553bc1d157a9.png
e55ead633fa931878050a602cf04de7e81aa0f8dc33f2cec0794afae18b9f593,0,data/benign_original/benign/e55ead633fa931878050a602cf04de7e81aa0f8dc33f2cec0794afae18b9f593.png
c0748bd07966c149da368b79185be69f8e8195eab00dd70772a633ce1f64bd3b,0,data/benign_original/benign/c0748bd07966c149da368b79185be69f8e8195eab00dd70772a633ce1f64bd3b.png
af55a19fce9e979b2140217704833da5a6c89cf821cb59c48518c287e6096969,0,data/benign_original/benign/af55a19fce9e979b2140217704833da5a6c89cf821cb59c48518c287e6096969.png
f2a88287b1d5dee32088d78b863697116307651c7764b63d7840df2a53841dbd,0,data/benign_original/benign/f2a88287b1d5dee32088d78b863697116307651c7764b63d7840df2a53841dbd.png
c197eb31b53bcadb7392f9f5bcae33ad24cf9f661aadda3e11d3e10b1e42d6c2,0,data/benign_original/benign/c197eb31b53bcadb7392f9f5bcae33ad24cf9f661aadda3e11d3e10b1e42d6c2.png
fd7d0de65de8c837b3f27277dfb88e1db87d3da321fb530117dca26476aba808,0,data/benign_original/benign/fd7d0de65de8c837b3f27277dfb88e1db87d3da321fb530117dca26476aba808.png
d1dde3fee5026a461a167391ece3bf74e9ad224d4c315249b5f0744c03665cc3,0,data/benign_original/benign/d1dde3fee5026a461a167391ece3bf74e9ad224d4c315249b5f0744c03665cc3.png
a1290e4f7bedc8c7c0c2519bd005caf7fe0210dd374490016e51ed2381731af1,0,data/benign_original/benign/a1290e4f7bedc8c7c0c2519bd005caf7fe0210dd374490016e51ed2381731af1.png
f7415f9f7637e281c2a1016ff6d03bac0d76d5b65f402e0b57b93ba9ac3e65a1,0,data/benign_original/benign/f7415f9f7637e281c2a1016ff6d03bac0d76d5b65f402e0b57b93ba9ac3e65a1.png
dc771d89c8373fe492081ac033096966dd32c233918e2c908a28b89158dec533,0,data/benign_original/benign/dc771d89c8373fe492081ac033096966dd32c233918e2c908a28b89158dec533.png
b9c4da6b48670a330ff0644243e15937c97b231cea6a65935177be7da0a0884c,0,data/benign_original/benign/b9c4da6b48670a330ff0644243e15937c97b231cea6a65935177be7da0a0884c.png
ce68feee14de6382c69fec1285240dec121e66976c9d5fabff065dc6a170d228,0,data/benign_original/benign/ce68feee14de6382c69fec1285240dec121e66976c9d5fabff065dc6a170d228.png
e089676c1e36b12d3b85a5d3ea928097726c63724bb3eb8edc18354435c68490,0,data/benign_original/benign/e089676c1e36b12d3b85a5d3ea928097726c63724bb3eb8edc18354435c68490.png
9368943831a6e1c8934f9d979c8af44f509a698345a1b20263bc0da7ab311ad3,0,data/benign_original/benign/9368943831a6e1c8934f9d979c8af44f509a698345a1b20263bc0da7ab311ad3.png
65293714661fb07c84040ccf481e8472ed6665e881e33dab299b6392cabc9dd2,0,data/benign_original/benign/65293714661fb07c84040ccf481e8472ed6665e881e33dab299b6392cabc9dd2.png
e68d0aff6f9b17d0c48a18f79e0f405f420242ac9c0c4579c8cced7ef699aa46,0,data/benign_original/benign/e68d0aff6f9b17d0c48a18f79e0f405f420242ac9c0c4579c8cced7ef699aa46.png
ffc5b0457eeaa1337fb6f7bccc4c38389df6c1eff45180d9b9b381e5edfcc755,0,data/benign_original/benign/ffc5b0457eeaa1337fb6f7bccc4c38389df6c1eff45180d9b9b381e5edfcc755.png
ded5bb4b061eab5285086deaef456e35718acf9f1197d91eee637c853f0dc8b5,0,data/benign_original/benign/ded5bb4b061eab5285086deaef456e35718acf9f1197d91eee637c853f0dc8b5.png
70985dabcf2497a00eb7fe4c21452bbcf7aa56db01895d130a8dac728b712668,0,data/benign_original/benign/70985dabcf2497a00eb7fe4c21452bbcf7aa56db01895d130a8dac728b712668.png
6f32f8ac6b79b7686cf837194943a424ebf61f67e9fece3aacb2f7ea4f45d6aa,0,data/benign_original/benign/6f32f8ac6b79b7686cf837194943a424ebf61f67e9fece3aacb2f7ea4f45d6aa.png
ca4713be461f1485d70c479225bbbc71e895e3a4e17cb738e41180bdd9a85a28,0,data/benign_original/benign/ca4713be461f1485d70c479225bbbc71e895e3a4e17cb738e41180bdd9a85a28.png
89c39173fe238b4c277193cc24e9d720e663949702dda59c2fe05fd71d25e93d,0,data/benign_original/benign/89c39173fe238b4c277193cc24e9d720e663949702dda59c2fe05fd71d25e93d.png
cbc0add21b825fc81fb3aa04c61869afbaa03bf3e0bc67df5aa24ed349cf0cb9,0,data/benign_original/benign/cbc0add21b825fc81fb3aa04c61869afbaa03bf3e0bc67df5aa24ed349cf0cb9.png
22ddabf71254d873f6aef02b12e5c4923bbafe67a9c7e2f394fcf863813230be,0,data/benign_original/benign/22ddabf71254d873f6aef02b12e5c4923bbafe67a9c7e2f394fcf863813230be.png
e6b2407939d39c4186cae5001211ca6dc04897beb5f448e5d9e83dd4fbe2de73,0,data/benign_original/benign/e6b2407939d39c4186cae5001211ca6dc04897beb5f448e5d9e83dd4fbe2de73.png
d1f2e4e3c46fe34e228a1e571fae0ae48e96cc6f82728344a68ab65832b665dc,0,data/benign_original/benign/d1f2e4e3c46fe34e228a1e571fae0ae48e96cc6f82728344a68ab65832b665dc.png
da01c7b96826e47875fa9aebfd1311d0cf285a441d6c03f91437ed96319c8883,0,data/benign_original/benign/da01c7b96826e47875fa9aebfd1311d0cf285a441d6c03f91437ed96319c8883.png
f540e9dceb09d2827c39b3d5ccc34536f4d7910400ee64c288e8df7cee2f18fd,0,data/benign_original/benign/f540e9dceb09d2827c39b3d5ccc34536f4d7910400ee64c288e8df7cee2f18fd.png
e5900c548205fb8a84b2799ea7920120990058f40f8ae0676253694832307f2d,0,data/benign_original/benign/e5900c548205fb8a84b2799ea7920120990058f40f8ae0676253694832307f2d.png
ef0761852b8a50680aa5641ba443ab4cec402c291a1fc88d2f5636c03d965cc2,0,data/benign_original/benign/ef0761852b8a50680aa5641ba443ab4cec402c291a1fc88d2f5636c03d965cc2.png
e4b533a94e02c574780e4b333fcf0889f65ed00d39e32c0fbbda2116f185873f,0,data/benign_original/benign/e4b533a94e02c574780e4b333fcf0889f65ed00d39e32c0fbbda2116f185873f.png
ffe997d33a2766fd7a812bc90bf5ad7674311f67cb7fa02d0c5b1ce9b59c70cb,0,data/benign_original/benign/ffe997d33a2766fd7a812bc90bf5ad7674311f67cb7fa02d0c5b1ce9b59c70cb.png
04aa05d63e3639f90995afc0e635dad45e57afc858a88ac10ede7c984043c781,0,data/benign_original/benign/04aa05d63e3639f90995afc0e635dad45e57afc858a88ac10ede7c984043c781.png
d4f1fb1cced126f6e85be9365c07a1901af1f42ec3d18270a412e1da80803d57,0,data/benign_original/benign/d4f1fb1cced126f6e85be9365c07a1901af1f42ec3d18270a412e1da80803d57.png
eb88efc16414d72a9aab7b35ba4c92f3e48b38960d03076c0f5639599b94aed7,0,data/benign_original/benign/eb88efc16414d72a9aab7b35ba4c92f3e48b38960d03076c0f5639599b94aed7.png
e72460e5c465b83dd469ec964a4b1707e16caa80be4d51977573dcfdb3841f65,0,data/benign_original/benign/e72460e5c465b83dd469ec964a4b1707e16caa80be4d51977573dcfdb3841f65.png
b263ad1c75435acf3d4fb5159f840063533f18aed361236fd6fa2b0ceaee2a0d,0,data/benign_original/benign/b263ad1c75435acf3d4fb5159f840063533f18aed361236fd6fa2b0ceaee2a0d.png
e3e7f4f6150ef0f35d295802aadd1d456c488b500e6fd26a35019b419d325351,0,data/benign_original/benign/e3e7f4f6150ef0f35d295802aadd1d456c488b500e6fd26a35019b419d325351.png
dce13b97ce3ceea40dabec86d53d3ee578382d3eaefc0e39093ae60c50954155,0,data/benign_original/benign/dce13b97ce3ceea40dabec86d53d3ee578382d3eaefc0e39093ae60c50954155.png
f626aee9a2a8b38c74e23ed248484057ba62be7854c80f9c1010ff162c27947c,0,data/benign_original/benign/f626aee9a2a8b38c74e23ed248484057ba62be7854c80f9c1010ff162c27947c.png
b699544c7a774fb1bf667c23a1875bb83489bca639838545a5db6f24e8dbb4ab,0,data/benign_original/benign/b699544c7a774fb1bf667c23a1875bb83489bca639838545a5db6f24e8dbb4ab.png
fbbeb02f658a7c85e6ec11f6c0ce2bebfd460e747a50e3452e43e6ddc77724e3,0,data/benign_original/benign/fbbeb02f658a7c85e6ec11f6c0ce2bebfd460e747a50e3452e43e6ddc77724e3.png
ebb96f004f982d3aa4d5e92342637148d66d7133e6b8096e72e8f34560c73aa5,0,data/benign_original/benign/ebb96f004f982d3aa4d5e92342637148d66d7133e6b8096e72e8f34560c73aa5.png
afa4a982680e2b96a16d1228274168b7da24fb23469fe0d3b3458d51f9ef32c1,0,data/benign_original/benign/afa4a982680e2b96a16d1228274168b7da24fb23469fe0d3b3458d51f9ef32c1.png
d31fe9eab4cd3ea11e2023ce56c52eaee2ae1db97a83a8ed48ffa56db204572d,0,data/benign_original/benign/d31fe9eab4cd3ea11e2023ce56c52eaee2ae1db97a83a8ed48ffa56db204572d.png
d5962ae980df2652900f9d5ec089eaccde992c63889b13b250aa898c4c367fcc,0,data/benign_original/benign/d5962ae980df2652900f9d5ec089eaccde992c63889b13b250aa898c4c367fcc.png
e142dbd7bad4ee6aba8c3cf4975a17c2c5710990a4c97746a11e3f964d13df53,0,data/benign_original/benign/e142dbd7bad4ee6aba8c3cf4975a17c2c5710990a4c97746a11e3f964d13df53.png
63f0221e6bc2cc48d63f079c46bc438e2c21f5267ce3ae11915d4e8150a640f1,0,data/benign_original/benign/63f0221e6bc2cc48d63f079c46bc438e2c21f5267ce3ae11915d4e8150a640f1.png
51eff422517b23d1263be0e5616260d3d8056bc9430a75f1d36a98b0358ec398,0,data/benign_original/benign/51eff422517b23d1263be0e5616260d3d8056bc9430a75f1d36a98b0358ec398.png
e47a1e22435ef23a4d65f1ae0987ec87a9985c043dc8af76bc5539f98f5ce8bf,0,data/benign_original/benign/e47a1e22435ef23a4d65f1ae0987ec87a9985c043dc8af76bc5539f98f5ce8bf.png
d552ddbf9e076ac53c3bee3dcc4a7e8a14f481e01ef5ddcbf55a43e82e091181,0,data/benign_original/benign/d552ddbf9e076ac53c3bee3dcc4a7e8a14f481e01ef5ddcbf55a43e82e091181.png
b5c00d7756a5e5a4f8bbaee77c55d7ba919f2feafb7c71bb9d571615bfc9ed2e,0,data/benign_original/benign/b5c00d7756a5e5a4f8bbaee77c55d7ba919f2feafb7c71bb9d571615bfc9ed2e.png
c153afeba32d1285fef19ee6f92ffa8ebc8055fd0008e4d36dc6faaabb8b4ece,0,data/benign_original/benign/c153afeba32d1285fef19ee6f92ffa8ebc8055fd0008e4d36dc6faaabb8b4ece.png
f981764cb5682abb3b87133b894fb30b9222d5f58f48d872660795090e878324,0,data/benign_original/benign/f981764cb5682abb3b87133b894fb30b9222d5f58f48d872660795090e878324.png
d836d3fb996003a3394ae268296207db003fc1fda2a02d5180f3ae1876f1de47,0,data/benign_original/benign/d836d3fb996003a3394ae268296207db003fc1fda2a02d5180f3ae1876f1de47.png
f2069a52880ec885ee7f0511186100eb7fada0411a2b4948fafea7735b878a18,0,data/benign_original/benign/f2069a52880ec885ee7f0511186100eb7fada0411a2b4948fafea7735b878a18.png
f6199b7d040b24a8082b1f6c53557d70f412217638ac3e608836a58d8e5c9c9c,0,data/benign_original/benign/f6199b7d040b24a8082b1f6c53557d70f412217638ac3e608836a58d8e5c9c9c.png
d752be52e51756f597a1e346255bf400a31063c70c9c7c724c06b2d620d5212a,0,data/benign_original/benign/d752be52e51756f597a1e346255bf400a31063c70c9c7c724c06b2d620d5212a.png
d93ce42cd625510b2355de086bcd19e2c11307ccade7bad62b09c7f340a866ba,0,data/benign_original/benign/d93ce42cd625510b2355de086bcd19e2c11307ccade7bad62b09c7f340a866ba.png
e68f1fb3f329d481173c4b7c2216e069ec74c4fec6aca90f542add59a3851ef9,0,data/benign_original/benign/e68f1fb3f329d481173c4b7c2216e069ec74c4fec6aca90f542add59a3851ef9.png
e6251513c18d5405224239a4fd010e168ca9216fb6128ca9cf84501f9aa4baea,0,data/benign_original/benign/e6251513c18d5405224239a4fd010e168ca9216fb6128ca9cf84501f9aa4baea.png
7a8cc5e06b39affec26b3f1bcaae3fae4a3c35aac0d2b5d0ae0509e9d1f06090,0,data/benign_original/benign/7a8cc5e06b39affec26b3f1bcaae3fae4a3c35aac0d2b5d0ae0509e9d1f06090.png
d9a2f8bf0afb427103fe0178b34ffc4729adfaccf3af152ccd2e909d42a86314,0,data/benign_original/benign/d9a2f8bf0afb427103fe0178b34ffc4729adfaccf3af152ccd2e909d42a86314.png
daf503d6fa39136d0bec5c757eb9168ffe35f402a518a2cc53f995ee082ebce2,0,data/benign_original/benign/daf503d6fa39136d0bec5c757eb9168ffe35f402a518a2cc53f995ee082ebce2.png
1b62269bcbd95334003b4dd59476753e382ba164a1443f27edb4df0f55317753,0,data/benign_original/benign/1b62269bcbd95334003b4dd59476753e382ba164a1443f27edb4df0f55317753.png
c0e852fdfcce85d9c16af29403f5b61e9404b645f6d2f65d96fb456e347b7d9d,0,data/benign_original/benign/c0e852fdfcce85d9c16af29403f5b61e9404b645f6d2f65d96fb456e347b7d9d.png
d85f1827ab417d728627a132a97322770d56b2ae856dad1fee526663559c54f9,0,data/benign_original/benign/d85f1827ab417d728627a132a97322770d56b2ae856dad1fee526663559c54f9.png
e4ba285bf131ac9d0cca78b9802ab1bb709006c8282199e508956f6597f1dd5f,0,data/benign_original/benign/e4ba285bf131ac9d0cca78b9802ab1bb709006c8282199e508956f6597f1dd5f.png
3a44fa455ada6aede5098355efc22825ac336a3faa18d7695054fcf3a7bbffc0,0,data/benign_original/benign/3a44fa455ada6aede5098355efc22825ac336a3faa18d7695054fcf3a7bbffc0.png
e90d90d8b56c7a65273c4f03d206e23ef5f3808019781574aff369c66ef13642,0,data/benign_original/benign/e90d90d8b56c7a65273c4f03d206e23ef5f3808019781574aff369c66ef13642.png
b2f658985506ffcfaaa845e881d9deed5c5afad786753be060d8da6e1ec7e44d,0,data/benign_original/benign/b2f658985506ffcfaaa845e881d9deed5c5afad786753be060d8da6e1ec7e44d.png
b5ed620d5406454bd1a3616fc4613cc8242ba27ccfa82ecca25ef8e7275cb419,0,data/benign_original/benign/b5ed620d5406454bd1a3616fc4613cc8242ba27ccfa82ecca25ef8e7275cb419.png
b82c7fe4ca5017c54be92d69bde36ab1052607a50b257b75290d24eae59f7788,0,data/benign_original/benign/b82c7fe4ca5017c54be92d69bde36ab1052607a50b257b75290d24eae59f7788.png
ebd1803e8f06475e395b571e6712957b8264941ac806baf8344f0b771b7a40ba,0,data/benign_original/benign/ebd1803e8f06475e395b571e6712957b8264941ac806baf8344f0b771b7a40ba.png
e56309703662af770ce5eee64e29875b2d97f47db96f5c6ef88ad56923075c0d,0,data/benign_original/benign/e56309703662af770ce5eee64e29875b2d97f47db96f5c6ef88ad56923075c0d.png
ef1db1a18430b20b25edd7001b56a706b970b94faafbe3dade6428377acd57b5,0,data/benign_original/benign/ef1db1a18430b20b25edd7001b56a706b970b94faafbe3dade6428377acd57b5.png
ee7a9b65dc410a0c659999c8e6c8dd420c6804669cc95a724a7b890e69b3bc80,0,data/benign_original/benign/ee7a9b65dc410a0c659999c8e6c8dd420c6804669cc95a724a7b890e69b3bc80.png
c3bcf3ce5dae92c113cacd511cc612ebce75e4e1a32026281fe53ebd34d4ebb2,0,data/benign_original/benign/c3bcf3ce5dae92c113cacd511cc612ebce75e4e1a32026281fe53ebd34d4ebb2.png
ba438d1233c2f6a32926c2751b3d6dd1a3326185590f53bfb0fc9df37bd8d98d,0,data/benign_original/benign/ba438d1233c2f6a32926c2751b3d6dd1a3326185590f53bfb0fc9df37bd8d98d.png
bb9f775dc3b13eccd5b1b4c6c71c8cd7f98246f9c65806f5b4749eb87c38da87,0,data/benign_original/benign/bb9f775dc3b13eccd5b1b4c6c71c8cd7f98246f9c65806f5b4749eb87c38da87.png
eaeac983eea7ae77e98482bbeaeb676bec5ebec645ef2f535c95f147dca4ac35,0,data/benign_original/benign/eaeac983eea7ae77e98482bbeaeb676bec5ebec645ef2f535c95f147dca4ac35.png
dd4d2e361672cc6c765076f53836723f60f8d762679131cf4fae8b94d30a669b,0,data/benign_original/benign/dd4d2e361672cc6c765076f53836723f60f8d762679131cf4fae8b94d30a669b.png
4ec1e44407cc7874b875e2850962e0583a97486b29578cdd4bcc21d7e1d76004,0,data/benign_original/benign/4ec1e44407cc7874b875e2850962e0583a97486b29578cdd4bcc21d7e1d76004.png
705e14735da74b107357a676c15b07c0f0c86888b8f98ba86e1029ff4e4858df,1,data/malware_images/images/IcedID/705e14735da74b107357a676c15b07c0f0c86888b8f98ba86e1029ff4e4858df.png
75b2e7fc7a83b5d8c0a0613063bb85e95f0140b30351bba50a20b8c0df12292f,1,data/malware_images/images/Trickbot/75b2e7fc7a83b5d8c0a0613063bb85e95f0140b30351bba50a20b8c0df12292f.png
d3697c96312030c91ece7fed64d046d74c22b29920d44e4873d459707403472d,0,data/benign_original/benign/d3697c96312030c91ece7fed64d046d74c22b29920d44e4873d459707403472d.png
8bc26373fc7a9bbdd4bcab1227d76970d25c070589dd24415c3c3a8fb02f6f8e,0,data/benign_original/benign/8bc26373fc7a9bbdd4bcab1227d76970d25c070589dd24415c3c3a8fb02f6f8e.png
ba2cc57c273df148e459c5128016aa22ac2be7b28c263160fe7883fb2435cc25,0,data/benign_original/benign/ba2cc57c273df148e459c5128016aa22ac2be7b28c263160fe7883fb2435cc25.png
c83df1e3e21b36046c453cc3cf9a0cbe3539558ce8bc8dd0b7ebabf5b7634d5c,0,data/benign_original/benign/c83df1e3e21b36046c453cc3cf9a0cbe3539558ce8bc8dd0b7ebabf5b7634d5c.png
eedb396d3a498949c4c41992f805486ff1b38d7392d32cc1adc5007f5c9692cb,0,data/benign_original/benign/eedb396d3a498949c4c41992f805486ff1b38d7392d32cc1adc5007f5c9692cb.png
f6c2ccebf39abce414d52901c195e9ba55f34f3e923ff47ec2f52792695e3198,0,data/benign_original/benign/f6c2ccebf39abce414d52901c195e9ba55f34f3e923ff47ec2f52792695e3198.png
af620b31cee826e885f8027898c75ea886b659bd099d0b2ff8e19227c294b0cb,0,data/benign_original/benign/af620b31cee826e885f8027898c75ea886b659bd099d0b2ff8e19227c294b0cb.png
2152d9e1faaf4bbc9ae4cdddf7ebc2a17ae892eb86d2a1270b5faf15207c7bf5,1,data/malware_images/images/Gozi/2152d9e1faaf4bbc9ae4cdddf7ebc2a17ae892eb86d2a1270b5faf15207c7bf5.png
d76f35dd028617533d4e2a9ef21b0866f0d623f9e14943d9850a8e0bad1863fd,0,data/benign_original/benign/d76f35dd028617533d4e2a9ef21b0866f0d623f9e14943d9850a8e0bad1863fd.png
ef1533a9b3fa29711591306070cc7bc92cdd7dd709a920389cc4ee818e95b130,0,data/benign_original/benign/ef1533a9b3fa29711591306070cc7bc92cdd7dd709a920389cc4ee818e95b130.png
ee68f7088a1168aa36b9ae977e4eace74503e6b5d53abc8c1c65088b45d9745d,0,data/benign_original/benign/ee68f7088a1168aa36b9ae977e4eace74503e6b5d53abc8c1c65088b45d9745d.png
fba5f860ed6420175bf4383552c23d2e1a77ee7479ed03711d17dca3ec081434,0,data/benign_original/benign/fba5f860ed6420175bf4383552c23d2e1a77ee7479ed03711d17dca3ec081434.png
e5779eb32900fd6ee776aeef6419d9f46258926febe63cc9308292bd2fd52ade,0,data/benign_original/benign/e5779eb32900fd6ee776aeef6419d9f46258926febe63cc9308292bd2fd52ade.png
b2bbbbc3ccae8f3e12cc57f872a8ed322b7c98942175459d4ff723e4ec1f51d0,0,data/benign_original/benign/b2bbbbc3ccae8f3e12cc57f872a8ed322b7c98942175459d4ff723e4ec1f51d0.png
c9ea2ab2a9b4d92dbf432fec8630f151a26c26ad3159b6ad6b8151c6870d4dcc,0,data/benign_original/benign/c9ea2ab2a9b4d92dbf432fec8630f151a26c26ad3159b6ad6b8151c6870d4dcc.png
ed36e4398c8bcccc7c7f34f0134620b30f8989c2c99c6244175b2a7d769e4a9f,0,data/benign_original/benign/ed36e4398c8bcccc7c7f34f0134620b30f8989c2c99c6244175b2a7d769e4a9f.png
b0b129612a3067d799a6ef75b4f7596eb699e1c351aee4229748f3b75ec17f09,0,data/benign_original/benign/b0b129612a3067d799a6ef75b4f7596eb699e1c351aee4229748f3b75ec17f09.png
dda6a3038aa210e2582529ee6bff2a0497a4f0098990ca875bdf201794c0949b,0,data/benign_original/benign/dda6a3038aa210e2582529ee6bff2a0497a4f0098990ca875bdf201794c0949b.png
b03ef76f1c276ddeff6befa1680474c98574ed1702505d4e5c8890df7226cac9,0,data/benign_original/benign/b03ef76f1c276ddeff6befa1680474c98574ed1702505d4e5c8890df7226cac9.png
360d3e508dbc2311e3090f9b19f2f0ac0a958f7d69d0424c291453b798d29260,0,data/benign_original/benign/360d3e508dbc2311e3090f9b19f2f0ac0a958f7d69d0424c291453b798d29260.png
1c639fbba837b57f28691e7f210a034dd1b55380a13649a64e47be55bb8308a0,0,data/benign_original/benign/1c639fbba837b57f28691e7f210a034dd1b55380a13649a64e47be55bb8308a0.png
d164cb20e5b60531061dd9b25f22fd3d0cdbb1e6e36fc5a120056b0546b5917e,0,data/benign_original/benign/d164cb20e5b60531061dd9b25f22fd3d0cdbb1e6e36fc5a120056b0546b5917e.png
b9c7f06ec4fdbb6430a760300031b374778b542c97a28b39b305791d87aefdd4,0,data/benign_original/benign/b9c7f06ec4fdbb6430a760300031b374778b542c97a28b39b305791d87aefdd4.png
be6992601a40a80e3cc35859132bf81afda880da575b20d3e44bf69d338cd2c4,0,data/benign_original/benign/be6992601a40a80e3cc35859132bf81afda880da575b20d3e44bf69d338cd2c4.png
ff5f1b30f739e7a6f0debcc3d8069efef1beedab53f722274d5abf7f104977eb,0,data/benign_original/benign/ff5f1b30f739e7a6f0debcc3d8069efef1beedab53f722274d5abf7f104977eb.png
2edf7c8fd59cd5fcd19fa528f60cbd6ddb9a8076ae0280b11d8ea8eaf7d39958,0,data/benign_original/benign/2edf7c8fd59cd5fcd19fa528f60cbd6ddb9a8076ae0280b11d8ea8eaf7d39958.png
c8815316c65e6449e742a792a415a5e59dd42d62a3ede7a980a20a9c72db89a2,0,data/benign_original/benign/c8815316c65e6449e742a792a415a5e59dd42d62a3ede7a980a20a9c72db89a2.png
e6bb1df36e94ec47510b3149a328fa7868d32d7bf216a8befcb7fe2220a36f00,0,data/benign_original/benign/e6bb1df36e94ec47510b3149a328fa7868d32d7bf216a8befcb7fe2220a36f00.png
fd92300ad5d0f74d3d8c6986a20e621ad33aab5a273ad4d21e45ac8477e04cc8,0,data/benign_original/benign/fd92300ad5d0f74d3d8c6986a20e621ad33aab5a273ad4d21e45ac8477e04cc8.png
ce548eb231b99c47387e1340eba0333d93a703bdf668edbfbb266ccf8d8fa049,0,data/benign_original/benign/ce548eb231b99c47387e1340eba0333d93a703bdf668edbfbb266ccf8d8fa049.png
d3badeb4e8f773e5e72af4281edeb5dc15395ce559040d296ab58fa0af800cdd,0,data/benign_original/benign/d3badeb4e8f773e5e72af4281edeb5dc15395ce559040d296ab58fa0af800cdd.png
eaebf7883ed3f4047407dcadc6d977e252478447d83c49398a8b5f522083f58f,0,data/benign_original/benign/eaebf7883ed3f4047407dcadc6d977e252478447d83c49398a8b5f522083f58f.png
cf6810e4e76689d99cc20633672d7ea5b8093ef079ac53db70f780bb0d61fd0a,0,data/benign_original/benign/cf6810e4e76689d99cc20633672d7ea5b8093ef079ac53db70f780bb0d61fd0a.png
bc13f7186d69f0c4a499b972b5efce5d687b3a3b91467a9152b35e84e9a5622e,0,data/benign_original/benign/bc13f7186d69f0c4a499b972b5efce5d687b3a3b91467a9152b35e84e9a5622e.png
f679aa6fe6ed32847a71f95bf054bc0f6b703e94f651dad4067a9362fac14ed2,0,data/benign_original/benign/f679aa6fe6ed32847a71f95bf054bc0f6b703e94f651dad4067a9362fac14ed2.png
6db1b1277444baa2da6d6c31b7824fc567fd6a79ff010d885384438db09046cf,0,data/benign_original/benign/6db1b1277444baa2da6d6c31b7824fc567fd6a79ff010d885384438db09046cf.png
d4612b06b9733eadab0a267e820091980713b008bb55c62e203b3095fe9e99a2,0,data/benign_original/benign/d4612b06b9733eadab0a267e820091980713b008bb55c62e203b3095fe9e99a2.png
cdc737cc20e00311308dd1b4a7b25dc0d252381e3e9bf8d38ddf74fad9b4a774,0,data/benign_original/benign/cdc737cc20e00311308dd1b4a7b25dc0d252381e3e9bf8d38ddf74fad9b4a774.png
ebed5c8a34910e0ca2691de8ec79a92fff9e8dd0ba961380139977cf12dfe100,0,data/benign_original/benign/ebed5c8a34910e0ca2691de8ec79a92fff9e8dd0ba961380139977cf12dfe100.png
463046a6d4263478667cb43d534df3cf65b4e3b26a71ccfa7c3d64d29e2c6d8a,0,data/benign_original/benign/463046a6d4263478667cb43d534df3cf65b4e3b26a71ccfa7c3d64d29e2c6d8a.png
be5b4ddf5750ba6f716f0b0424d69b591cc27a7fecdb350f48f31dffdebba72c,0,data/benign_original/benign/be5b4ddf5750ba6f716f0b0424d69b591cc27a7fecdb350f48f31dffdebba72c.png
becfdcd6b16523573cb52df87aa7d993f1b345ba903d0618c3b36535c3800197,0,data/benign_original/benign/becfdcd6b16523573cb52df87aa7d993f1b345ba903d0618c3b36535c3800197.png
50e2677453fb89b7ba30c1e93a8bde682d4cd2ea37cfc3a8652b5adfead9e573,0,data/benign_original/benign/50e2677453fb89b7ba30c1e93a8bde682d4cd2ea37cfc3a8652b5adfead9e573.png
cac92c32a3518d982a09a399e16f46823f21491afd99846185279f672a762810,0,data/benign_original/benign/cac92c32a3518d982a09a399e16f46823f21491afd99846185279f672a762810.png
d63d6773fc2a37abc72f6f081f63d3393f533e0e3008912e2e9a60217a76ca81,0,data/benign_original/benign/d63d6773fc2a37abc72f6f081f63d3393f533e0e3008912e2e9a60217a76ca81.png
f81b87079f9628c1186b5afb8816e452b606af58cef3e1591af49e2979767de0,0,data/benign_original/benign/f81b87079f9628c1186b5afb8816e452b606af58cef3e1591af49e2979767de0.png
f40e260779e7b7c619302c5316643e1629205b501d5d356550f82cf0bc3b3c6b,0,data/benign_original/benign/f40e260779e7b7c619302c5316643e1629205b501d5d356550f82cf0bc3b3c6b.png
e18a04ac56f30c345c2c6d38efd747e861112f41f192e72409c6e8188ae1e168,0,data/benign_original/benign/e18a04ac56f30c345c2c6d38efd747e861112f41f192e72409c6e8188ae1e168.png
f3e391b5f1c1f9637cabf2b812b6f5d65e4776c89d779f506f6b643cc563176d,0,data/benign_original/benign/f3e391b5f1c1f9637cabf2b812b6f5d65e4776c89d779f506f6b643cc563176d.png
fbecdf10df2d211041e9f2830fb7bb749b172e9c119c6ef8b8a54c856b145c4b,0,data/benign_original/benign/fbecdf10df2d211041e9f2830fb7bb749b172e9c119c6ef8b8a54c856b145c4b.png
b48fee47b5394215c64e4b09867923cfedc3b90096f2bad0286058ef7a9965d5,0,data/benign_original/benign/b48fee47b5394215c64e4b09867923cfedc3b90096f2bad0286058ef7a9965d5.png
b5b4bdb18fcfc119e99ed2e79d9856ecbb49d2ad25a2760df3e14156b3d6bdb0,0,data/benign_original/benign/b5b4bdb18fcfc119e99ed2e79d9856ecbb49d2ad25a2760df3e14156b3d6bdb0.png
b1555d404278c4cdefc49d1ff443049c7fc5ee0cde03411660a696ff56d98359,0,data/benign_original/benign/b1555d404278c4cdefc49d1ff443049c7fc5ee0cde03411660a696ff56d98359.png
92fe8e8d5ebd4aab0c03651a8f0010078ac689eb32abdcef5902ad976e443757,0,data/benign_original/benign/92fe8e8d5ebd4aab0c03651a8f0010078ac689eb32abdcef5902ad976e443757.png
e3616c18151f94c45c894b31d9dd8847a35d8122c60a46bddd355b14f8e64908,0,data/benign_original/benign/e3616c18151f94c45c894b31d9dd8847a35d8122c60a46bddd355b14f8e64908.png
d5cb195a8246863344ce7358e142b184d5b5652bb6334570aa2b13b811feb351,0,data/benign_original/benign/d5cb195a8246863344ce7358e142b184d5b5652bb6334570aa2b13b811feb351.png
dbb58d4c6c435f88df000ea1c9ab3f42496c0aad6b7df66b5b46a84f58558ecd,0,data/benign_original/benign/dbb58d4c6c435f88df000ea1c9ab3f42496c0aad6b7df66b5b46a84f58558ecd.png
cf8f8d4ffb0ad717ab876bafb52c70d11e68b145306ade8ddd72329259ea3c15,0,data/benign_original/benign/cf8f8d4ffb0ad717ab876bafb52c70d11e68b145306ade8ddd72329259ea3c15.png
71208368bf39b9756efdecee82884fe94715a233ca62c0bb2854da7156919af7,0,data/benign_original/benign/71208368bf39b9756efdecee82884fe94715a233ca62c0bb2854da7156919af7.png
c7919be431ce2fa1906ff9eeb19e4cb19a30a4680107ef8737ce894654b21a5a,0,data/benign_original/benign/c7919be431ce2fa1906ff9eeb19e4cb19a30a4680107ef8737ce894654b21a5a.png
d4f670e7491d7fcd809ef92ae790fb370f62d3c6ad159977b910f68224faa89c,0,data/benign_original/benign/d4f670e7491d7fcd809ef92ae790fb370f62d3c6ad159977b910f68224faa89c.png
c5f69a258fc609d42e6d50903e9b4449027f4d332faa8daec04bdc3cb9286d4b,0,data/benign_original/benign/c5f69a258fc609d42e6d50903e9b4449027f4d332faa8daec04bdc3cb9286d4b.png
afefbced2b6b777bcaf43bccf71e6b7d062d676e595b5f9f254f4e261323159b,0,data/benign_original/benign/afefbced2b6b777bcaf43bccf71e6b7d062d676e595b5f9f254f4e261323159b.png
b35d2129ddc6ff5099099981f026274fb9309f8a4968afb439c6b0c4fd6333b9,0,data/benign_original/benign/b35d2129ddc6ff5099099981f026274fb9309f8a4968afb439c6b0c4fd6333b9.png
b2c173f84cd0c89dd31acc8dcb9d846fb3be30259095519aa5cc4884dda42d70,0,data/benign_original/benign/b2c173f84cd0c89dd31acc8dcb9d846fb3be30259095519aa5cc4884dda42d70.png
b671679adcb94f1075df36ec558fe66b077e77778f8064531c114b300d65ca1c,0,data/benign_original/benign/b671679adcb94f1075df36ec558fe66b077e77778f8064531c114b300d65ca1c.png
dd6721ab9ecc58db1d73d23cb6e3f380af97f2db3837a90c000d3ac615ff0c57,0,data/benign_original/benign/dd6721ab9ecc58db1d73d23cb6e3f380af97f2db3837a90c000d3ac615ff0c57.png
9e9b20ed84f2bdd7c40fab4d7ff13b2e2c5f1aabf54008a8f0a383aaaeab8d84,0,data/benign_original/benign/9e9b20ed84f2bdd7c40fab4d7ff13b2e2c5f1aabf54008a8f0a383aaaeab8d84.png
b20263ae420f6904ed513f8b9ab08404cf37c8e8e8b456118ad04481d0729270,0,data/benign_original/benign/b20263ae420f6904ed513f8b9ab08404cf37c8e8e8b456118ad04481d0729270.png
f3c2e067fe2f4a821029b9685ab6cbef58d89d9c4e7e1fc464b710e756b4c5cd,1,data/malware_images/images/Gozi/f3c2e067fe2f4a821029b9685ab6cbef58d89d9c4e7e1fc464b710e756b4c5cd.png
c89968589db81d5f6d3f17d45515015881710bf1f1eb302ec0bb36387f196941,0,data/benign_original/benign/c89968589db81d5f6d3f17d45515015881710bf1f1eb302ec0bb36387f196941.png
e884ebb7cd008c09f0712462889a098224ce94a5eafc2b5624ee7f2affd5d3d4,0,data/benign_original/benign/e884ebb7cd008c09f0712462889a098224ce94a5eafc2b5624ee7f2affd5d3d4.png
b86327495846fe08b5d767f7d4a0f4bde8aeccae0baa299a29a58e36a1c6097c,0,data/benign_original/benign/b86327495846fe08b5d767f7d4a0f4bde8aeccae0baa299a29a58e36a1c6097c.png
bbf23d57bee1cf498f101d2a6dc52116a28d31ab9231c6858f5f1f9824bd5cac,0,data/benign_original/benign/bbf23d57bee1cf498f101d2a6dc52116a28d31ab9231c6858f5f1f9824bd5cac.png
d39f1de499ffd7d8e12adea0979aa70fb291c8bd9061019aa0045a247a4b948b,0,data/benign_original/benign/d39f1de499ffd7d8e12adea0979aa70fb291c8bd9061019aa0045a247a4b948b.png
d9b3874aa63f62699d5ae1ade9959b45860d55233e93a1064d83b63307ea7435,0,data/benign_original/benign/d9b3874aa63f62699d5ae1ade9959b45860d55233e93a1064d83b63307ea7435.png
c87e404f87473e9b57ada5fd261dca75fa2485256c6c45fcd12c80b0cd836f85,0,data/benign_original/benign/c87e404f87473e9b57ada5fd261dca75fa2485256c6c45fcd12c80b0cd836f85.png
822274ca6ca55e83e10c5c9f246a84c7cfb96851d38d78a2270e735fbd048c5e,0,data/benign_original/benign/822274ca6ca55e83e10c5c9f246a84c7cfb96851d38d78a2270e735fbd048c5e.png
debf036f8c3fe547b5d6bc56b3633477e3f72e7ba1f4a3c5c966191980b3d400,0,data/benign_original/benign/debf036f8c3fe547b5d6bc56b3633477e3f72e7ba1f4a3c5c966191980b3d400.png
a95efda438fdee4b4866287c2cfe9d89772a46c5d9d22377c8c63e43b2c93295,1,data/malware_images/images/IcedID/a95efda438fdee4b4866287c2cfe9d89772a46c5d9d22377c8c63e43b2c93295.png
f4a88f9d9f71f94fb808af142579730a90c4d16dcd56055264c4c5e0697a09ea,0,data/benign_original/benign/f4a88f9d9f71f94fb808af142579730a90c4d16dcd56055264c4c5e0697a09ea.png
d071cad2f74d185d1e20f0b051df91d38404ae1253b7eeef17a894cbf8a0bfb4,0,data/benign_original/benign/d071cad2f74d185d1e20f0b051df91d38404ae1253b7eeef17a894cbf8a0bfb4.png
c7bece8dcd0dd98d240f3b627045e3a464a3b27314a61cbcb79a5ac4ed538ba0,0,data/benign_original/benign/c7bece8dcd0dd98d240f3b627045e3a464a3b27314a61cbcb79a5ac4ed538ba0.png
e1d4a20284b1f9cd08c510d707184a4924051d340dfebe75bd73236b0c43e307,0,data/benign_original/benign/e1d4a20284b1f9cd08c510d707184a4924051d340dfebe75bd73236b0c43e307.png
cc277e996e3f0c1447986e16fbf0f5b0d951344fd5edd2581edbfe5e537f0546,0,data/benign_original/benign/cc277e996e3f0c1447986e16fbf0f5b0d951344fd5edd2581edbfe5e537f0546.png
b3df70770623cd714096a8652b3bd2f381e9b7bb26f387933bc2e65f61b4f7cb,1,data/malware_images/images/njrat/b3df70770623cd714096a8652b3bd2f381e9b7bb26f387933bc2e65f61b4f7cb.png
d27635d0812baa5172fea2a1b4caec83a7d972a72a8171bf67ec0de5ff422ba5,0,data/benign_original/benign/d27635d0812baa5172fea2a1b4caec83a7d972a72a8171bf67ec0de5ff422ba5.png
e64fbac3491b4693e79a3f7b0db1d788f93608d3fc82133edf25a868c80d2153,0,data/benign_original/benign/e64fbac3491b4693e79a3f7b0db1d788f93608d3fc82133edf25a868c80d2153.png
aad745af64c86195150c14cd83c41c09dd88bd10f41b4aff65768b7390f637aa,0,data/benign_original/benign/aad745af64c86195150c14cd83c41c09dd88bd10f41b4aff65768b7390f637aa.png
fcb2ffe644fb0902b83eeddc22fea43d24111d369455a663c0a9ed17f7ad9353,0,data/benign_original/benign/fcb2ffe644fb0902b83eeddc22fea43d24111d369455a663c0a9ed17f7ad9353.png
ba38afcb6bdaeb913178b81bd1e2801a362b4a82f443b12d0126e0cd5a2375c0,0,data/benign_original/benign/ba38afcb6bdaeb913178b81bd1e2801a362b4a82f443b12d0126e0cd5a2375c0.png
b9149f1142660b4259bc3248e73cb5e1a51b15a50b6b47e4bb3ba789e1f5c2e9,0,data/benign_original/benign/b9149f1142660b4259bc3248e73cb5e1a51b15a50b6b47e4bb3ba789e1f5c2e9.png
00a013d75beff21e85eff53e026e68d562501c91ed117d8404d0ae14f6f962ca,0,data/benign_original/benign/00a013d75beff21e85eff53e026e68d562501c91ed117d8404d0ae14f6f962ca.png
ef84b222d17a0fa5574fdb960447e30d85722cc92e23d1e8afc2c3aa1e9b0d22,0,data/benign_original/benign/ef84b222d17a0fa5574fdb960447e30d85722cc92e23d1e8afc2c3aa1e9b0d22.png
c7201fe69cc2bbc607c9b845474b2ff6657efc96b957bb521c3342860abc76ea,0,data/benign_original/benign/c7201fe69cc2bbc607c9b845474b2ff6657efc96b957bb521c3342860abc76ea.png
c5a5005a443022ce4e5d293306d1e443a82f3e8b9b99d427b923a401b71e7f55,0,data/benign_original/benign/c5a5005a443022ce4e5d293306d1e443a82f3e8b9b99d427b923a401b71e7f55.png
f6c9b619743e2433ab0fa80dc64d3faa4f8b205703bfdf6bc75f20c536582df0,0,data/benign_original/benign/f6c9b619743e2433ab0fa80dc64d3faa4f8b205703bfdf6bc75f20c536582df0.png
e851ce9bf48b77212a50f2aa0908313ee855880783ea570fd4d2f7fb25244d3c,1,data/malware_images/images/Trickbot/e851ce9bf48b77212a50f2aa0908313ee855880783ea570fd4d2f7fb25244d3c.png
8b658db99f95a84d2dade78aeccec5be93b25392ffc80f78b457c3523827e7d2,0,data/benign_original/benign/8b658db99f95a84d2dade78aeccec5be93b25392ffc80f78b457c3523827e7d2.png
ed1ce394f4800c57a8367df75abf4763f87861efc3b0402048e0b1b353030b1b,0,data/benign_original/benign/ed1ce394f4800c57a8367df75abf4763f87861efc3b0402048e0b1b353030b1b.png
4b4b883c0dc34f9d796e32532c3197090d09a4ac5094989a870e0370a8bd76d0,0,data/benign_original/benign/4b4b883c0dc34f9d796e32532c3197090d09a4ac5094989a870e0370a8bd76d0.png
d691e5cea8635d0735ad118515000641e4d57709c1eb647a451768cf43807376,0,data/benign_original/benign/d691e5cea8635d0735ad118515000641e4d57709c1eb647a451768cf43807376.png
d4d86e560a22d833fcdf0ba165d3bd3f6059e69830f4d2f9748af08905b2d4c8,0,data/benign_original/benign/d4d86e560a22d833fcdf0ba165d3bd3f6059e69830f4d2f9748af08905b2d4c8.png
bb1b77addf64c351e3f646bd7c5591c466e9f6dd810bf3352fd047cacd54994a,0,data/benign_original/benign/bb1b77addf64c351e3f646bd7c5591c466e9f6dd810bf3352fd047cacd54994a.png
bf3fb84664f4097f1a8a9bc71a51dcf8cf1a905d4080a4d290da1730866e856f,0,data/benign_original/benign/bf3fb84664f4097f1a8a9bc71a51dcf8cf1a905d4080a4d290da1730866e856f.png
f152030c888d6856fc3deba70bf57dc6a1a00ee1f13fe90e324d91c740629150,0,data/benign_original/benign/f152030c888d6856fc3deba70bf57dc6a1a00ee1f13fe90e324d91c740629150.png
d9bd7d0d3df404f6743fa741fe163c1d708f6b2f74e584034e67caa649fa6f30,0,data/benign_original/benign/d9bd7d0d3df404f6743fa741fe163c1d708f6b2f74e584034e67caa649fa6f30.png
b30e34d288493fb4c65f73f2d247ce34697ec96ce7c3260ffe9598b4f697cee8,0,data/benign_original/benign/b30e34d288493fb4c65f73f2d247ce34697ec96ce7c3260ffe9598b4f697cee8.png
eedc7851c3afb829cb2176cc1f5aa8ae87159f75c26176de4cfb8911e3a0d96d,0,data/benign_original/benign/eedc7851c3afb829cb2176cc1f5aa8ae87159f75c26176de4cfb8911e3a0d96d.png
f7c753093017811aa2f3c0ea0ed727c7845ac09212ffb0b9592659bdc7d78af3,0,data/benign_original/benign/f7c753093017811aa2f3c0ea0ed727c7845ac09212ffb0b9592659bdc7d78af3.png
9a7c41627b07636a2f1a3bd48809f2dc10b4ef0e5276386fbfc96dc3ca9204f0,1,data/malware_images/images/njrat/9a7c41627b07636a2f1a3bd48809f2dc10b4ef0e5276386fbfc96dc3ca9204f0.png
c018ff57df67d621dbd641ab6e9961337f0e9b0c7be00ead83898ab3fdcd8675,0,data/benign_original/benign/c018ff57df67d621dbd641ab6e9961337f0e9b0c7be00ead83898ab3fdcd8675.png
534c62e83426371cf47f8896702e216df5951be50da73a0fdbd26d2f7333105a,0,data/benign_original/benign/534c62e83426371cf47f8896702e216df5951be50da73a0fdbd26d2f7333105a.png
e39c540cf83923085bdc0db6269ce9b330cca25d4b1e335582df86fa73240b00,0,data/benign_original/benign/e39c540cf83923085bdc0db6269ce9b330cca25d4b1e335582df86fa73240b00.png
fb5e6c0aff2863070e4f6f95cafd5d406c1ad0eb5d716d5e99068288dba5b48a,0,data/benign_original/benign/fb5e6c0aff2863070e4f6f95cafd5d406c1ad0eb5d716d5e99068288dba5b48a.png
fc9532659d9c49c1672d177eda2fdc8f8826c95ed8f731d369a4556d040ad6fb,0,data/benign_original/benign/fc9532659d9c49c1672d177eda2fdc8f8826c95ed8f731d369a4556d040ad6fb.png
e6bb6a1726068b29075acdb4b82bb29ea0ade12a8fcce565fd65dbb753502f5f,0,data/benign_original/benign/e6bb6a1726068b29075acdb4b82bb29ea0ade12a8fcce565fd65dbb753502f5f.png
b5c1444604cc5e12ab9850226517858b96866b2ef021ee61a2558234b1ceffe3,0,data/benign_original/benign/b5c1444604cc5e12ab9850226517858b96866b2ef021ee61a2558234b1ceffe3.png
203abd8483ce4c39aad342bad6f863f2c0abdadd84470c2962cb9cc41c5478d9,0,data/benign_original/benign/203abd8483ce4c39aad342bad6f863f2c0abdadd84470c2962cb9cc41c5478d9.png
f6fc3dc44f2d9cc0b666953dd6788932929277cc35b714ae8d3981e5d88b1c81,0,data/benign_original/benign/f6fc3dc44f2d9cc0b666953dd6788932929277cc35b714ae8d3981e5d88b1c81.png
db775655fd923e29509402556f86002dd9aea062cdcdba7073e1057a67b5ce50,0,data/benign_original/benign/db775655fd923e29509402556f86002dd9aea062cdcdba7073e1057a67b5ce50.png
f81d400f42447e5c3177343ee066801593d13f5b63dddc1440d2939447d7c583,0,data/benign_original/benign/f81d400f42447e5c3177343ee066801593d13f5b63dddc1440d2939447d7c583.png
49faf4c5558260bd21805db8edb29d3a1a5395a9ce5f93edd73d1eb87f360317,0,data/benign_original/benign/49faf4c5558260bd21805db8edb29d3a1a5395a9ce5f93edd73d1eb87f360317.png
a0899e167143ab97b167b6ae1bb270d9ba4b4e268b4a1eeb876a8b56345f23f5,0,data/benign_original/benign/a0899e167143ab97b167b6ae1bb270d9ba4b4e268b4a1eeb876a8b56345f23f5.png
ff807afadd3f2a510a453ddec34f82d05102e36e43c5c8979a26295144c66c5a,0,data/benign_original/benign/ff807afadd3f2a510a453ddec34f82d05102e36e43c5c8979a26295144c66c5a.png
be31f8bc3ebd66fd9e55bb9d1f43cb7350dcb2c57d931bb361f8aad43940e796,0,data/benign_original/benign/be31f8bc3ebd66fd9e55bb9d1f43cb7350dcb2c57d931bb361f8aad43940e796.png
b025cc20bc8fc1c19234bb8665749d5f22a7ab3201d8831604770ff7704499d6,0,data/benign_original/benign/b025cc20bc8fc1c19234bb8665749d5f22a7ab3201d8831604770ff7704499d6.png
c2532ce55eda7ab9b58a23acb3664d07d4251f46d323b1c0171c7b326ee59385,0,data/benign_original/benign/c2532ce55eda7ab9b58a23acb3664d07d4251f46d323b1c0171c7b326ee59385.png
959b72ba4753cdc0f1ed6bd648efd583458d8c6b0b635c395ffdf726264963d0,0,data/benign_original/benign/959b72ba4753cdc0f1ed6bd648efd583458d8c6b0b635c395ffdf726264963d0.png
c95170baa0f71e6bed043b964001a8142ae26e97a20188ab4ba1944e4cb687c8,0,data/benign_original/benign/c95170baa0f71e6bed043b964001a8142ae26e97a20188ab4ba1944e4cb687c8.png
d95c34fa5d06c3127b2123f419b0f6467d8f007a47a106c81d38b62aa7c20142,0,data/benign_original/benign/d95c34fa5d06c3127b2123f419b0f6467d8f007a47a106c81d38b62aa7c20142.png
ca2c2ecaa04b28356cd15ef271bc67285ffb29e2c79b9a22f8e01732cc4e9fbd,0,data/benign_original/benign/ca2c2ecaa04b28356cd15ef271bc67285ffb29e2c79b9a22f8e01732cc4e9fbd.png
0e69c9e8e2447ea2c355e3daa30c1697427fe40748a0daabf2d996ab254e89cf,0,data/benign_original/benign/0e69c9e8e2447ea2c355e3daa30c1697427fe40748a0daabf2d996ab254e89cf.png
ca34c7a613fc3273ea3df02ba5d31f973492e4be4e878ed833223d1f22a103c8,1,data/malware_images/images/Trickbot/ca34c7a613fc3273ea3df02ba5d31f973492e4be4e878ed833223d1f22a103c8.png
d87117a9009c10cbe1b03bb9f54cc18642a996a1bf05accb2c924a3e9d59422a,0,data/benign_original/benign/d87117a9009c10cbe1b03bb9f54cc18642a996a1bf05accb2c924a3e9d59422a.png
c60ebcad6dcbc20fd27872ee4ae92b83950420867ab7a4769bac9d1a4f25e067,0,data/benign_original/benign/c60ebcad6dcbc20fd27872ee4ae92b83950420867ab7a4769bac9d1a4f25e067.png
fbf09d10a75e7cc54b7493f5d51bfaf5011d4d4bbb74462dde538af31f4cb0de,0,data/benign_original/benign/fbf09d10a75e7cc54b7493f5d51bfaf5011d4d4bbb74462dde538af31f4cb0de.png
b6a95ae1e4d594f86d2c8d0a44c00e4a8c78932b870b606b5f1c92f8563ed07c,0,data/benign_original/benign/b6a95ae1e4d594f86d2c8d0a44c00e4a8c78932b870b606b5f1c92f8563ed07c.png
e6a34c1f068f89d6515cb460eed3b4dbb53522c5579e6c75741482f0d40d9f99,0,data/benign_original/benign/e6a34c1f068f89d6515cb460eed3b4dbb53522c5579e6c75741482f0d40d9f99.png
ba980dff8786cbc89ad8b69219d1682e9d9b756284ff165a0316d53d0dc0e2a3,0,data/benign_original/benign/ba980dff8786cbc89ad8b69219d1682e9d9b756284ff165a0316d53d0dc0e2a3.png
b8ca89d876f361e5147c0ab1ac6e1d64e99696c270223a27db8fa68384c5e1cc,0,data/benign_original/benign/b8ca89d876f361e5147c0ab1ac6e1d64e99696c270223a27db8fa68384c5e1cc.png
dd8bada1cafc9f377775e35940694b6681af491694984f22c11c9e8b4d6bf41e,0,data/benign_original/benign/dd8bada1cafc9f377775e35940694b6681af491694984f22c11c9e8b4d6bf41e.png
c6e8b83010239dda497390789493c0e0c401776813aa65948d2f3b2a3b0ed216,0,data/benign_original/benign/c6e8b83010239dda497390789493c0e0c401776813aa65948d2f3b2a3b0ed216.png
54e26855769ea12c6fc9d4d3ea5c8e8a09cc4ea3a11865adba124f6d77d48de5,0,data/benign_original/benign/54e26855769ea12c6fc9d4d3ea5c8e8a09cc4ea3a11865adba124f6d77d48de5.png
d4493087abe2a048f24d87ae232ac2ce90329662348555eec33e223df6921a60,0,data/benign_original/benign/d4493087abe2a048f24d87ae232ac2ce90329662348555eec33e223df6921a60.png
d0a215ef9500a07e01e59c8238baf18c4bf96aea3ea9088e3deea12a70fb6579,0,data/benign_original/benign/d0a215ef9500a07e01e59c8238baf18c4bf96aea3ea9088e3deea12a70fb6579.png
e9ac8f9d945fc714e5d2369ee75544fdbd3c73f15542ddc4786f4707a278b0ea,0,data/benign_original/benign/e9ac8f9d945fc714e5d2369ee75544fdbd3c73f15542ddc4786f4707a278b0ea.png
dd3dc55eb2d0667d600f00aee4493bd55cebdd878fc5f90aa37dc17753f910d9,0,data/benign_original/benign/dd3dc55eb2d0667d600f00aee4493bd55cebdd878fc5f90aa37dc17753f910d9.png
d70b11285e12264eee494c3124044d523f5555d4086da2de1dabb83b5fbb63e9,0,data/benign_original/benign/d70b11285e12264eee494c3124044d523f5555d4086da2de1dabb83b5fbb63e9.png
cd31e41dbb658f329312485662aba9c1d280b0a0c0646ff12763a66412ff9fdc,0,data/benign_original/benign/cd31e41dbb658f329312485662aba9c1d280b0a0c0646ff12763a66412ff9fdc.png
d5753ababac2d6f6a99ab0b7038cf1ce11deec2d2f2fbe720bf43af78486d509,0,data/benign_original/benign/d5753ababac2d6f6a99ab0b7038cf1ce11deec2d2f2fbe720bf43af78486d509.png
c8d99c457a73c6a7a62f01956b02a4f5dc692e4157be1fe59b64b28a3143ba22,0,data/benign_original/benign/c8d99c457a73c6a7a62f01956b02a4f5dc692e4157be1fe59b64b28a3143ba22.png
bcc32febaeb808e57310e87a09b3413b7186e4784258a2ac0480ef3deca7f6fc,0,data/benign_original/benign/bcc32febaeb808e57310e87a09b3413b7186e4784258a2ac0480ef3deca7f6fc.png
1aa177b92c99b9458b270907d65d5687af48385fbbf42c3aef9b69d61d284721,0,data/benign_original/benign/1aa177b92c99b9458b270907d65d5687af48385fbbf42c3aef9b69d61d284721.png
b1858d6fd7a1bac2487285ff57619b2b3ac2843e68c6602b4e2c9b3ca531bc5a,0,data/benign_original/benign/b1858d6fd7a1bac2487285ff57619b2b3ac2843e68c6602b4e2c9b3ca531bc5a.png
b427ab70f06e214ed9022f0b57f89a65339531df21a45336bef8aba8e873dde6,0,data/benign_original/benign/b427ab70f06e214ed9022f0b57f89a65339531df21a45336bef8aba8e873dde6.png
6faf6bc7caf49873d2c96592db1eb6fd65a19b1deae414640c1f5de4bdad136b,0,data/benign_original/benign/6faf6bc7caf49873d2c96592db1eb6fd65a19b1deae414640c1f5de4bdad136b.png
d8fc57918ec936f4dffcdaf037f14fa866a7bef3d018879c5e43ca1693803791,0,data/benign_original/benign/d8fc57918ec936f4dffcdaf037f14fa866a7bef3d018879c5e43ca1693803791.png
b6e8d1e9d04845ba6630b2ce68d16b6e6230e3b0b3abfc915839267b891190e9,0,data/benign_original/benign/b6e8d1e9d04845ba6630b2ce68d16b6e6230e3b0b3abfc915839267b891190e9.png
65c7672903a95032843cea3a9b0f1dca81a491e54f9808e848b8186272180310,0,data/benign_original/benign/65c7672903a95032843cea3a9b0f1dca81a491e54f9808e848b8186272180310.png
ea0ba81d228a54e521d3533b18362b2d62d9a8aa2cae65089dbeb4c354e134d7,0,data/benign_original/benign/ea0ba81d228a54e521d3533b18362b2d62d9a8aa2cae65089dbeb4c354e134d7.png
473c2cc6269e37f68166dc39aa4fd228f02a8f08d644ce4b37bf0efb08899c54,0,data/benign_original/benign/473c2cc6269e37f68166dc39aa4fd228f02a8f08d644ce4b37bf0efb08899c54.png
6189f20726884a79b8bfca2b0d7a2c5fb514a5a751452400b561533c8d544b78,1,data/malware_images/images/Gozi/6189f20726884a79b8bfca2b0d7a2c5fb514a5a751452400b561533c8d544b78.png
ebf33a5442f183224db6d6f3bb7422a28a76bc85be1545a4fea2c061238f04f6,0,data/benign_original/benign/ebf33a5442f183224db6d6f3bb7422a28a76bc85be1545a4fea2c061238f04f6.png
cf8d3df3c5374afce1094666b34665dca65743be7cb2e6199131037a344c3d02,0,data/benign_original/benign/cf8d3df3c5374afce1094666b34665dca65743be7cb2e6199131037a344c3d02.png
0bcce725c9b0f263e6d59c0bd8027f548a1b891a39664e91a8b5fced3a78954b,0,data/benign_original/benign/0bcce725c9b0f263e6d59c0bd8027f548a1b891a39664e91a8b5fced3a78954b.png
de7860e2edacaf977c3fb587abf4d3c62e22d483d171c81b0889498772e27ca3,0,data/benign_original/benign/de7860e2edacaf977c3fb587abf4d3c62e22d483d171c81b0889498772e27ca3.png
b7786c23a595a39dc97d4b30f703c39c41403e59f160d8b7051195212e836b3c,0,data/benign_original/benign/b7786c23a595a39dc97d4b30f703c39c41403e59f160d8b7051195212e836b3c.png
d594893212cb1a199203a90dc6e50431d23cfc31643525df2349950662500501,0,data/benign_original/benign/d594893212cb1a199203a90dc6e50431d23cfc31643525df2349950662500501.png
cb3c74d6fcc091f4eb7c67ee5eb5f76c1c973dea8b1c6b851fcca62c2a9d8aa8,0,data/benign_original/benign/cb3c74d6fcc091f4eb7c67ee5eb5f76c1c973dea8b1c6b851fcca62c2a9d8aa8.png
b5b88142ea10ac15612b675e56bc83d60108e9c02d118795c6f0e49e774e4f2d,0,data/benign_original/benign/b5b88142ea10ac15612b675e56bc83d60108e9c02d118795c6f0e49e774e4f2d.png
b9d5b3d8bdd0e3f5fe92c306dd5ca0fddd8f95fb4ef746e30b089ec33748dbdb,0,data/benign_original/benign/b9d5b3d8bdd0e3f5fe92c306dd5ca0fddd8f95fb4ef746e30b089ec33748dbdb.png
8ae7d639819eec269bfa71ebb97af5aca69ea050b546d3330ed1f17965c2d3eb,0,data/benign_original/benign/8ae7d639819eec269bfa71ebb97af5aca69ea050b546d3330ed1f17965c2d3eb.png
e1528fcf3ef96d60b9deaf7620ea894d9305b5c212285e763196db1686318872,0,data/benign_original/benign/e1528fcf3ef96d60b9deaf7620ea894d9305b5c212285e763196db1686318872.png
baceeaa0c2dcad8c8bc837f73b283cc333e71445e8e23fc109c5a257f858203e,0,data/benign_original/benign/baceeaa0c2dcad8c8bc837f73b283cc333e71445e8e23fc109c5a257f858203e.png
ef5834020f5bb1a9c921eed246b0c131c6c15785dbca737ac7213b941d8a8427,0,data/benign_original/benign/ef5834020f5bb1a9c921eed246b0c131c6c15785dbca737ac7213b941d8a8427.png
fc483754462d2219e186a2c174e1ced3a5f30b648f04a3b0a7d1421e63569af2,0,data/benign_original/benign/fc483754462d2219e186a2c174e1ced3a5f30b648f04a3b0a7d1421e63569af2.png
d76b5861d8ef9ee1122856e3f9c36325d38a421c81fc50754182267d12f5313d,0,data/benign_original/benign/d76b5861d8ef9ee1122856e3f9c36325d38a421c81fc50754182267d12f5313d.png
ff96a57774c11e17c4831bb607fc2c313f78c6f32e102c7812b67e5510f780ce,0,data/benign_original/benign/ff96a57774c11e17c4831bb607fc2c313f78c6f32e102c7812b67e5510f780ce.png
c28aaa24e26ad5c1b94360cbee8e7ddd404ab3e82d58a73b363437e0fdcfdcea,0,data/benign_original/benign/c28aaa24e26ad5c1b94360cbee8e7ddd404ab3e82d58a73b363437e0fdcfdcea.png
b5b8ca0f0ac1bd2dda660df398cff60526f3a24a50774490fad9c5c4f939288f,0,data/benign_original/benign/b5b8ca0f0ac1bd2dda660df398cff60526f3a24a50774490fad9c5c4f939288f.png
fe649e6c49f8db4b16da81ee0bdc374dd0b15be31c6f8cec1764f8077fd1056b,0,data/benign_original/benign/fe649e6c49f8db4b16da81ee0bdc374dd0b15be31c6f8cec1764f8077fd1056b.png
2a1d8692f445791dc9dc9700e11f2ce68fce9ac5ad2abd56aa0f41f1047b38f1,0,data/benign_original/benign/2a1d8692f445791dc9dc9700e11f2ce68fce9ac5ad2abd56aa0f41f1047b38f1.png
f8ba8cbb97200646defef4f2affe24d7f37281d981f0cda5dbfb82910456f413,0,data/benign_original/benign/f8ba8cbb97200646defef4f2affe24d7f37281d981f0cda5dbfb82910456f413.png
d3265f1cab1188ebac29c78e0f114ff3a0b2701c8a2f5442bd4080afe92519b0,0,data/benign_original/benign/d3265f1cab1188ebac29c78e0f114ff3a0b2701c8a2f5442bd4080afe92519b0.png
c1c50b50af0bda0e08c1b48af753b018ed0366f7b227dd89e29bd6f4af84077e,0,data/benign_original/benign/c1c50b50af0bda0e08c1b48af753b018ed0366f7b227dd89e29bd6f4af84077e.png
31a079b5bdd155cb58860afa1e068f8564d7a4a9492aab347e35a724db1849e9,0,data/benign_original/benign/31a079b5bdd155cb58860afa1e068f8564d7a4a9492aab347e35a724db1849e9.png
fd45e13648533ce0ef52c6ad6593baf0c1ed847f296654a97d91d7964c4a4c1b,0,data/benign_original/benign/fd45e13648533ce0ef52c6ad6593baf0c1ed847f296654a97d91d7964c4a4c1b.png
c7ffb571cf9c59e68f04760186f3d9cccf56f57c87fcc7a3f61b194773ea5d92,0,data/benign_original/benign/c7ffb571cf9c59e68f04760186f3d9cccf56f57c87fcc7a3f61b194773ea5d92.png
fc2c70e9cc607bcf02225192835eeaa6dc8d228d57253f53797f4ac969fa6d64,0,data/benign_original/benign/fc2c70e9cc607bcf02225192835eeaa6dc8d228d57253f53797f4ac969fa6d64.png
f5bf2c73051f9b80a32343a76144ddcaba4d3136ed866ec3a95c9317507ce813,0,data/benign_original/benign/f5bf2c73051f9b80a32343a76144ddcaba4d3136ed866ec3a95c9317507ce813.png
eec15efdf7caa058cb7f721a1c4e5d3f1c97039c4b6bfe2b32f789e10756106f,0,data/benign_original/benign/eec15efdf7caa058cb7f721a1c4e5d3f1c97039c4b6bfe2b32f789e10756106f.png
322faaaa59d1a8290462dcb75abd05deb645689b4516040a9f0e848e57b92577,0,data/benign_original/benign/322faaaa59d1a8290462dcb75abd05deb645689b4516040a9f0e848e57b92577.png
d2f27322e45afc364da580643d09a026b2b55fd59f12f9bb05a85dc788524a5d,0,data/benign_original/benign/d2f27322e45afc364da580643d09a026b2b55fd59f12f9bb05a85dc788524a5d.png
a798261d8a0e7fd19bf949395223fe37889563b0dcb55f3a64b7f1e2e08ae5bd,0,data/benign_original/benign/a798261d8a0e7fd19bf949395223fe37889563b0dcb55f3a64b7f1e2e08ae5bd.png
53bd916199723025efd5ec37ae18aab1d1e519ea93e135b38e2b70cc4abf1bf6,0,data/benign_original/benign/53bd916199723025efd5ec37ae18aab1d1e519ea93e135b38e2b70cc4abf1bf6.png
ea83bfea84fc6083667fe4fc92eb96426695da4a6c885d8808c5401e9067080c,0,data/benign_original/benign/ea83bfea84fc6083667fe4fc92eb96426695da4a6c885d8808c5401e9067080c.png
c1ed75bf013efc6c451ef4ed9dc22c5c7592fb1e3f772215f608c41fa81205c7,0,data/benign_original/benign/c1ed75bf013efc6c451ef4ed9dc22c5c7592fb1e3f772215f608c41fa81205c7.png
f6a2df8a804bb2ef30d8ae4e790a39a93fc734f49184187d33b08b0e2566146d,0,data/benign_original/benign/f6a2df8a804bb2ef30d8ae4e790a39a93fc734f49184187d33b08b0e2566146d.png
e6507e81a329c1350bc7f72cabb00727e7b80d76a57770715f0feb2ed94f7fe3,0,data/benign_original/benign/e6507e81a329c1350bc7f72cabb00727e7b80d76a57770715f0feb2ed94f7fe3.png
cc371a7e3271016d4f56113531a8c14900e944efcafc7e9a17396c90ed4b5334,0,data/benign_original/benign/cc371a7e3271016d4f56113531a8c14900e944efcafc7e9a17396c90ed4b5334.png
ba50fac33254e2ed71aff54fb5964033c0246a5122600742f875eab48dbc73c2,0,data/benign_original/benign/ba50fac33254e2ed71aff54fb5964033c0246a5122600742f875eab48dbc73c2.png
bad6097f663eef50b93cfe546a69cc7a3eab752bf17d33faa14ec36a1f5003f3,0,data/benign_original/benign/bad6097f663eef50b93cfe546a69cc7a3eab752bf17d33faa14ec36a1f5003f3.png
f274970aada464bb0be73857902ee6edcb61af85d0c3ada6a7ef998d63abfd92,0,data/benign_original/benign/f274970aada464bb0be73857902ee6edcb61af85d0c3ada6a7ef998d63abfd92.png
b7e72313cf894432c5cd5ea1cdc463113d5b850b1bcf8bf6f89545c1acc751b1,0,data/benign_original/benign/b7e72313cf894432c5cd5ea1cdc463113d5b850b1bcf8bf6f89545c1acc751b1.png
baa9b3a2c53a3b276c960c29fb8eddfcca01d527d572d7fd57515c2b90663d4b,0,data/benign_original/benign/baa9b3a2c53a3b276c960c29fb8eddfcca01d527d572d7fd57515c2b90663d4b.png
7e03028c09a679065ae1dce991de93a1e0cc0affa4f4b4074bc552fb3da1a97d,1,data/malware_images/images/Gozi/7e03028c09a679065ae1dce991de93a1e0cc0affa4f4b4074bc552fb3da1a97d.png
b0fde28a7eda359b67d0dcce9a74401774af21a69b60c53ecdca702f27e08a25,0,data/benign_original/benign/b0fde28a7eda359b67d0dcce9a74401774af21a69b60c53ecdca702f27e08a25.png
ffe235acf42be0bd7ee4e43e089e4422847904f074d7885fba5fb1df84e56b24,0,data/benign_original/benign/ffe235acf42be0bd7ee4e43e089e4422847904f074d7885fba5fb1df84e56b24.png
d75dc7c8ecdba971e494ff5dba5cd0cb570422d54409934e8fee69fcce8a3f80,0,data/benign_original/benign/d75dc7c8ecdba971e494ff5dba5cd0cb570422d54409934e8fee69fcce8a3f80.png
fe6d3e74a7fd4a3f6b17a39dd3506b81df622cd73e932b81f443f0f9704248a6,0,data/benign_original/benign/fe6d3e74a7fd4a3f6b17a39dd3506b81df622cd73e932b81f443f0f9704248a6.png
ec6c7b6c6e11211492d1353878592c95cdc34691cc3ec369f293b11949f0f943,0,data/benign_original/benign/ec6c7b6c6e11211492d1353878592c95cdc34691cc3ec369f293b11949f0f943.png
cdbec8a3cd83e81e894012f020f742edce0f846f2f3fc28739c6835a701ef851,0,data/benign_original/benign/cdbec8a3cd83e81e894012f020f742edce0f846f2f3fc28739c6835a701ef851.png
82712982d5c88201bbccd4f788b59ae9e8164aa39d5415df9c609577b5e15a5b,0,data/benign_original/benign/82712982d5c88201bbccd4f788b59ae9e8164aa39d5415df9c609577b5e15a5b.png
e62245910dc54d1ab92043ca3f3c93b20f42126e4e42145a2f031ca1f3edd605,0,data/benign_original/benign/e62245910dc54d1ab92043ca3f3c93b20f42126e4e42145a2f031ca1f3edd605.png
c9fd4ab26d7a8804338d12239b2df22db470ec574a79e53f150d9f8bc8c64041,0,data/benign_original/benign/c9fd4ab26d7a8804338d12239b2df22db470ec574a79e53f150d9f8bc8c64041.png
f073c031c787956ad68f2b5c8f512212071e3fff4610910cff8d2a2b81d3b50d,0,data/benign_original/benign/f073c031c787956ad68f2b5c8f512212071e3fff4610910cff8d2a2b81d3b50d.png
c94302bdbff3aed0eb17c92bd5ecd64a543b611d39bcdb4ae52f30d3a930e654,0,data/benign_original/benign/c94302bdbff3aed0eb17c92bd5ecd64a543b611d39bcdb4ae52f30d3a930e654.png
b88ef64ce86116488aeb82ea0e0d89776d00b174014e9a3c78a130eab894b56a,0,data/benign_original/benign/b88ef64ce86116488aeb82ea0e0d89776d00b174014e9a3c78a130eab894b56a.png
f8617288a48499584637ec6245f7262fabf528bb41ff9cb898ca5fd455b4f9ad,0,data/benign_original/benign/f8617288a48499584637ec6245f7262fabf528bb41ff9cb898ca5fd455b4f9ad.png
f989de398e969df49c108ef53f5e152eb35f7a7d0e19974aa9f24a995e5c9e11,0,data/benign_original/benign/f989de398e969df49c108ef53f5e152eb35f7a7d0e19974aa9f24a995e5c9e11.png
cea2ee041ad30131e502905fbe97c3ab7362a7da6b84a4fb06013204fc1f704c,0,data/benign_original/benign/cea2ee041ad30131e502905fbe97c3ab7362a7da6b84a4fb06013204fc1f704c.png
d29afeeae20255a92ef405e32dcb9c67f748b07aab0946d1e0949838ecddc654,0,data/benign_original/benign/d29afeeae20255a92ef405e32dcb9c67f748b07aab0946d1e0949838ecddc654.png
e64044d454298ea6ff03f47e702960a5054a654393e74f04462cbe522daa3a5b,0,data/benign_original/benign/e64044d454298ea6ff03f47e702960a5054a654393e74f04462cbe522daa3a5b.png
af999654416a4644478a3b9db7f8e16ea968c1be784fd8336bd1e9813fbb978c,0,data/benign_original/benign/af999654416a4644478a3b9db7f8e16ea968c1be784fd8336bd1e9813fbb978c.png
cb0cd98b49ca9466e75e487be1e6f7c1105633d7700f69b71ad0e40d393d8381,0,data/benign_original/benign/cb0cd98b49ca9466e75e487be1e6f7c1105633d7700f69b71ad0e40d393d8381.png
bb9d12feb5023f3f68d5b30dd52ff9320631cbe639675875c89353d0831f06d3,0,data/benign_original/benign/bb9d12feb5023f3f68d5b30dd52ff9320631cbe639675875c89353d0831f06d3.png
d9443a9570059400c38e6852e7c51041e0b822d86c0df052af5fde42f1021c41,0,data/benign_original/benign/d9443a9570059400c38e6852e7c51041e0b822d86c0df052af5fde42f1021c41.png
e6c5beeeaa953d66de06134c11bb7be8f65776bfc7ac6f4d2f2cb2c4479d927e,0,data/benign_original/benign/e6c5beeeaa953d66de06134c11bb7be8f65776bfc7ac6f4d2f2cb2c4479d927e.png
dc39733c603b0a7aa1f5eb46fef56301f7edca137681fdd41ad4df292f18d87c,0,data/benign_original/benign/dc39733c603b0a7aa1f5eb46fef56301f7edca137681fdd41ad4df292f18d87c.png
ce50ffd69ea9b51d728013ff9e02922fa350eded4c658c6a21eb35a8343edab0,0,data/benign_original/benign/ce50ffd69ea9b51d728013ff9e02922fa350eded4c658c6a21eb35a8343edab0.png
e5c76cb027d464a88ad1963391c9aac1c49dd8ae6f5ee633b4b4f858068ffa08,0,data/benign_original/benign/e5c76cb027d464a88ad1963391c9aac1c49dd8ae6f5ee633b4b4f858068ffa08.png
d247d69ee676ac65df7cf5e5c31ec131cdd3e7a6ed0418d0ecfeb851a531d738,0,data/benign_original/benign/d247d69ee676ac65df7cf5e5c31ec131cdd3e7a6ed0418d0ecfeb851a531d738.png
18dc7ad4fd5ffd0ec8b8f12884b41f3ace4e2ba95f704175ebf0a0eead74ba36,1,data/malware_images/images/GuLoader/18dc7ad4fd5ffd0ec8b8f12884b41f3ace4e2ba95f704175ebf0a0eead74ba36.png
e814b79f175ecde855c7ae003cd8bc5ed88edea4ab4089d055ed7b63da7bbec9,0,data/benign_original/benign/e814b79f175ecde855c7ae003cd8bc5ed88edea4ab4089d055ed7b63da7bbec9.png
f552cf0125a247eec95b18e477ba95e287d7acdc782eed98d5f592764ba740df,0,data/benign_original/benign/f552cf0125a247eec95b18e477ba95e287d7acdc782eed98d5f592764ba740df.png
b9b3ca89682a6fa65a7f1e3017ca6e0c1d3a1f4ff8d959efbae6d2d7bb2e36a1,0,data/benign_original/benign/b9b3ca89682a6fa65a7f1e3017ca6e0c1d3a1f4ff8d959efbae6d2d7bb2e36a1.png
c097a33ffc261e1c653df3576cc987433cb6856fb7fd7170b85174fe648efe7e,0,data/benign_original/benign/c097a33ffc261e1c653df3576cc987433cb6856fb7fd7170b85174fe648efe7e.png
c2220efe684125ea735204d31936f0b2aba9aa2c4050e15f08dc439b2dd6f86f,0,data/benign_original/benign/c2220efe684125ea735204d31936f0b2aba9aa2c4050e15f08dc439b2dd6f86f.png
5d62d79f6555d7a7edaf3b175312b326df779f9ae8c893e2182e4159f44c9d34,0,data/benign_original/benign/5d62d79f6555d7a7edaf3b175312b326df779f9ae8c893e2182e4159f44c9d34.png
b7ec5507845be11c70bf0ad5a2bb4ee111a805312aada23c151b79abb1a1f247,0,data/benign_original/benign/b7ec5507845be11c70bf0ad5a2bb4ee111a805312aada23c151b79abb1a1f247.png
a144073e9b6a387310903fed5f9f59dc04901000959110f0ced9cc910a691d92,0,data/benign_original/benign/a144073e9b6a387310903fed5f9f59dc04901000959110f0ced9cc910a691d92.png
cb3fbd5496266b6cd0a3e7f4b54e8a033688c07f457d1d3c82700d7b12836b84,0,data/benign_original/benign/cb3fbd5496266b6cd0a3e7f4b54e8a033688c07f457d1d3c82700d7b12836b84.png
5ddb5815973d58798ba373011bf5a5903bfd9b270c4b648032aa7d19153a8f56,0,data/benign_original/benign/5ddb5815973d58798ba373011bf5a5903bfd9b270c4b648032aa7d19153a8f56.png
cf36a9db83255969dfb2b576c26af517898492f0277ca73c6749863f378a572e,0,data/benign_original/benign/cf36a9db83255969dfb2b576c26af517898492f0277ca73c6749863f378a572e.png
b603a04d1122496ce1381dc54e8fea53c62bb503b96d7fb9a8e4e4877b1bbb9e,0,data/benign_original/benign/b603a04d1122496ce1381dc54e8fea53c62bb503b96d7fb9a8e4e4877b1bbb9e.png
d2048b411cbcbc72cc28dc75c7f52d7935817b6d4adfb01835dfabf344f7decf,0,data/benign_original/benign/d2048b411cbcbc72cc28dc75c7f52d7935817b6d4adfb01835dfabf344f7decf.png
b6e3fd83413580cc2ec54846a7014e31a6d429dd30198906cd5f6fd70d962b07,0,data/benign_original/benign/b6e3fd83413580cc2ec54846a7014e31a6d429dd30198906cd5f6fd70d962b07.png
d53c84fd100dbb384eca63dbd868e315de0803208521612eb7ae12a78803e079,0,data/benign_original/benign/d53c84fd100dbb384eca63dbd868e315de0803208521612eb7ae12a78803e079.png
f170716fd59ae4f7df22e9d22d6ab74f2ee310b4f1549e2f35986bb95fb44b15,0,data/benign_original/benign/f170716fd59ae4f7df22e9d22d6ab74f2ee310b4f1549e2f35986bb95fb44b15.png
2a1c7574a5c42eb8c9348d9dba505ce49f2c88231d7ea6edd3715a39a5decd94,0,data/benign_original/benign/2a1c7574a5c42eb8c9348d9dba505ce49f2c88231d7ea6edd3715a39a5decd94.png
eb19e41a24a77d3c3b30904700847e182ce88251bfa11a21ff9dd56b9b618acc,0,data/benign_original/benign/eb19e41a24a77d3c3b30904700847e182ce88251bfa11a21ff9dd56b9b618acc.png
5de432ee52d916877fb5961e7e133540dd675bbfaae484646cd203c07cadfd17,1,data/malware_images/images/njrat/5de432ee52d916877fb5961e7e133540dd675bbfaae484646cd203c07cadfd17.png
e34a21fd5feb0a9fa4a76e11381e922407bc2190cba1636143ca69da6b781038,0,data/benign_original/benign/e34a21fd5feb0a9fa4a76e11381e922407bc2190cba1636143ca69da6b781038.png
b99b655abc4ec45851cc2acdb7a348e739687200a4fe3be9c35d6738dd61112f,0,data/benign_original/benign/b99b655abc4ec45851cc2acdb7a348e739687200a4fe3be9c35d6738dd61112f.png
be2145de3c0bdac0ff8be9799eb5c3983a06d58c9b29160d172711b2eec66ba2,0,data/benign_original/benign/be2145de3c0bdac0ff8be9799eb5c3983a06d58c9b29160d172711b2eec66ba2.png
eabcb784616f8e5ce28eec4922ec8d1a52625c2d855d184191165ca67f999c22,0,data/benign_original/benign/eabcb784616f8e5ce28eec4922ec8d1a52625c2d855d184191165ca67f999c22.png
d7ab47157bff1b2347e7ae945517b4fc256425939ba7b6288ff85a51931568a7,0,data/benign_original/benign/d7ab47157bff1b2347e7ae945517b4fc256425939ba7b6288ff85a51931568a7.png
dc2ff96968ea65fdde07f1df504d17e32a26901d88119a0c3df79b088098884a,0,data/benign_original/benign/dc2ff96968ea65fdde07f1df504d17e32a26901d88119a0c3df79b088098884a.png
cd92479e8ea37ef38e8f16f62d148e72d83cc99e37973ccf77db415344fbd2c7,0,data/benign_original/benign/cd92479e8ea37ef38e8f16f62d148e72d83cc99e37973ccf77db415344fbd2c7.png
d1397c6a1fc1dd1563d866dd6c5da2bf5305cc2b5b9ab9e72e832b5112beb62c,0,data/benign_original/benign/d1397c6a1fc1dd1563d866dd6c5da2bf5305cc2b5b9ab9e72e832b5112beb62c.png
fc2b141800f468c344548a4344d963c06be5b8998368d616c6de2a8c4912a118,0,data/benign_original/benign/fc2b141800f468c344548a4344d963c06be5b8998368d616c6de2a8c4912a118.png
ec468c59badbc97f94850b55df367109af0f8ffd996384251940171539af076b,0,data/benign_original/benign/ec468c59badbc97f94850b55df367109af0f8ffd996384251940171539af076b.png
dbb89cf1eb51965dbd1bffe98411bce8b8bcbe80cc6db937d87238129108c10b,0,data/benign_original/benign/dbb89cf1eb51965dbd1bffe98411bce8b8bcbe80cc6db937d87238129108c10b.png
d63e3e64001167088ec8ff58ca3a36b2d6bd91e913cdad6e76211f977166b806,0,data/benign_original/benign/d63e3e64001167088ec8ff58ca3a36b2d6bd91e913cdad6e76211f977166b806.png
fc05fd5034021e7a641d1a7a1fb46340e5df828ec038dee48dc154881a207a3b,0,data/benign_original/benign/fc05fd5034021e7a641d1a7a1fb46340e5df828ec038dee48dc154881a207a3b.png
d9629da2be7f6f306cbcb2879262f05245869c3b41d652f274ce5430c71a0255,0,data/benign_original/benign/d9629da2be7f6f306cbcb2879262f05245869c3b41d652f274ce5430c71a0255.png
5a63c01f80e137c588117dec2a9ae121d27b8a57ec40ab77e7e5a94a75be2db2,0,data/benign_original/benign/5a63c01f80e137c588117dec2a9ae121d27b8a57ec40ab77e7e5a94a75be2db2.png
c94c022aaad74f54b575bab6e92c2f822f9a74e722fca0eadb755fc27a60930d,0,data/benign_original/benign/c94c022aaad74f54b575bab6e92c2f822f9a74e722fca0eadb755fc27a60930d.png
da475b74d15eddd457ee26155c59401e961ed498528a6339c75cc8904d0967b8,0,data/benign_original/benign/da475b74d15eddd457ee26155c59401e961ed498528a6339c75cc8904d0967b8.png
499010e852571b6bbfe8e7a6b9f396283efffac99fd844d2ca390e61aee2ce8f,0,data/benign_original/benign/499010e852571b6bbfe8e7a6b9f396283efffac99fd844d2ca390e61aee2ce8f.png
aa9a979d94922890659da40a4ba266144d2075c8c3aeeb7b4e0dcb9c3f6f4248,0,data/benign_original/benign/aa9a979d94922890659da40a4ba266144d2075c8c3aeeb7b4e0dcb9c3f6f4248.png
c154e23bd89f7e23cc49d475c4192659fa7c366a5b16b0fef265824900b9c600,0,data/benign_original/benign/c154e23bd89f7e23cc49d475c4192659fa7c366a5b16b0fef265824900b9c600.png
dc119c0bf1c1747f0a69bfea6b12fe16bbd4508db35f99a8ee535f2325d69497,0,data/benign_original/benign/dc119c0bf1c1747f0a69bfea6b12fe16bbd4508db35f99a8ee535f2325d69497.png
d7a4714f092248f6b2c031c0da4d7d85e5d12450b590619cc16cdd22f75cd04d,0,data/benign_original/benign/d7a4714f092248f6b2c031c0da4d7d85e5d12450b590619cc16cdd22f75cd04d.png
bf11319eb6be15633e47ab8f247d1acc9a9ecdf37181fc0ddfe9388ab82ac90a,0,data/benign_original/benign/bf11319eb6be15633e47ab8f247d1acc9a9ecdf37181fc0ddfe9388ab82ac90a.png
341f33c1103bf6340261fe146a5bded870d67a30e6a55ad9ef503fad17f33e60,1,data/malware_images/images/GuLoader/341f33c1103bf6340261fe146a5bded870d67a30e6a55ad9ef503fad17f33e60.png
f27a6b0793daab854c276dd6796575e48dc8aa852b2079aa27559b09d94adbb7,0,data/benign_original/benign/f27a6b0793daab854c276dd6796575e48dc8aa852b2079aa27559b09d94adbb7.png
b820a7e5740cf242ac6fa742144bab04ff7440f54997a3104e0e181238d9cd47,0,data/benign_original/benign/b820a7e5740cf242ac6fa742144bab04ff7440f54997a3104e0e181238d9cd47.png
ddbd06f1b4ead097c752db1c364ce30c983ac73585c3183809a57f912d38f7ee,0,data/benign_original/benign/ddbd06f1b4ead097c752db1c364ce30c983ac73585c3183809a57f912d38f7ee.png
aef07a66bf0542b0c4641a595b9c72adb6623c9f7f4a35ee5238068e090c178e,0,data/benign_original/benign/aef07a66bf0542b0c4641a595b9c72adb6623c9f7f4a35ee5238068e090c178e.png
68d7f06712dc622880acf9c37f9d08e3c72d48c0016ca1f69f1f386df5f234cf,0,data/benign_original/benign/68d7f06712dc622880acf9c37f9d08e3c72d48c0016ca1f69f1f386df5f234cf.png
699587c3762e20354daba4ee9f20d7fcaa257f6a1007d0f9fe8a89c8797f910c,0,data/benign_original/benign/699587c3762e20354daba4ee9f20d7fcaa257f6a1007d0f9fe8a89c8797f910c.png
c511cc1e659ab770b9d991e4fb2c927c91b3bbc11fc0bcd110126c8e39c4fc2c,0,data/benign_original/benign/c511cc1e659ab770b9d991e4fb2c927c91b3bbc11fc0bcd110126c8e39c4fc2c.png
827c8b3a6a54056b200d288c60b29c59e4f67dd9144e96ac79ebc79ece4f4997,0,data/benign_original/benign/827c8b3a6a54056b200d288c60b29c59e4f67dd9144e96ac79ebc79ece4f4997.png
b21781c59aca299e700249ca90c3c329f05e4e60469b430025c3dbd7412331a3,0,data/benign_original/benign/b21781c59aca299e700249ca90c3c329f05e4e60469b430025c3dbd7412331a3.png
eea739a45043bc303e88318324e89e3421113bbecc38c1e005216eb8e0b8f7b3,1,data/malware_images/images/IcedID/eea739a45043bc303e88318324e89e3421113bbecc38c1e005216eb8e0b8f7b3.png
e7963645e0d1db08e300614d4c5fa7194bd8173e9ab7a5558859e6b232ed3241,0,data/benign_original/benign/e7963645e0d1db08e300614d4c5fa7194bd8173e9ab7a5558859e6b232ed3241.png
d4bea884d73668ad3d107012911a42a3cdb7d4b9480e08cf9afb9853f4e49f89,0,data/benign_original/benign/d4bea884d73668ad3d107012911a42a3cdb7d4b9480e08cf9afb9853f4e49f89.png
e7a008768533dcf5c84734a42508205c9359666c335a83e8aeb4c4a111a005a3,0,data/benign_original/benign/e7a008768533dcf5c84734a42508205c9359666c335a83e8aeb4c4a111a005a3.png
d61f734fa581a57c75d40af37a8092300c4dfe0f4bfef229e2251ca51ace20c2,0,data/benign_original/benign/d61f734fa581a57c75d40af37a8092300c4dfe0f4bfef229e2251ca51ace20c2.png
be1e5a82d29437306a1bacb40bd2b658aa21a52adb85a6025144cba9e71714f3,0,data/benign_original/benign/be1e5a82d29437306a1bacb40bd2b658aa21a52adb85a6025144cba9e71714f3.png
cb1792e83d3d0c05b4c81bfb4d56a3cc080c84ffa6bc648b201f69dc8743704c,0,data/benign_original/benign/cb1792e83d3d0c05b4c81bfb4d56a3cc080c84ffa6bc648b201f69dc8743704c.png
b60c603b12cdd9d10b2c2b95806ee3152daf0509a3677fb0497d6719b8c2b858,0,data/benign_original/benign/b60c603b12cdd9d10b2c2b95806ee3152daf0509a3677fb0497d6719b8c2b858.png
cb44a88f740f91ecaa69a9941db71130a91e4c75afe6c2fac69b308b9108094d,0,data/benign_original/benign/cb44a88f740f91ecaa69a9941db71130a91e4c75afe6c2fac69b308b9108094d.png
60fed726920afd8b17819574c96a58ae57b0d581aa39a7b760bb0642e6b21b3e,0,data/benign_original/benign/60fed726920afd8b17819574c96a58ae57b0d581aa39a7b760bb0642e6b21b3e.png
bde3157983df5b0d3cf5e66574b9c1b0a58dc8b762e6e2e3eb146aa21f10d663,0,data/benign_original/benign/bde3157983df5b0d3cf5e66574b9c1b0a58dc8b762e6e2e3eb146aa21f10d663.png
e96693794daa05a75a83c11df2e7b42f2de61567c6ad0b69e353b50f6c88119f,0,data/benign_original/benign/e96693794daa05a75a83c11df2e7b42f2de61567c6ad0b69e353b50f6c88119f.png
80d3d281ab93307f50f069426f8ddd133456a2d5b7ea8aa84e2fc63ffa96d630,0,data/benign_original/benign/80d3d281ab93307f50f069426f8ddd133456a2d5b7ea8aa84e2fc63ffa96d630.png
fc27a281fa9e46e5d15557ba0e3abc64a5601869e19339f4138cb4c2929624d0,0,data/benign_original/benign/fc27a281fa9e46e5d15557ba0e3abc64a5601869e19339f4138cb4c2929624d0.png
d6082b9467fee2c2142a6f09ecf14008f554f4bd17ad50ccbcee7453b8c0a9eb,0,data/benign_original/benign/d6082b9467fee2c2142a6f09ecf14008f554f4bd17ad50ccbcee7453b8c0a9eb.png
f8bfadc869da5c87fde870c0282bb9a7d104e27583fbea9a6f5b7e34ffea8a55,0,data/benign_original/benign/f8bfadc869da5c87fde870c0282bb9a7d104e27583fbea9a6f5b7e34ffea8a55.png
d1417dc4cb1d8f652911b6607eb8500a4ea77408a235b17df2651fdd81c9cdc8,0,data/benign_original/benign/d1417dc4cb1d8f652911b6607eb8500a4ea77408a235b17df2651fdd81c9cdc8.png
fdfeb03723a977b97469e03d729f2dd19bfeac3811d75cbf426345327e1c7c80,0,data/benign_original/benign/fdfeb03723a977b97469e03d729f2dd19bfeac3811d75cbf426345327e1c7c80.png
daca46e67407fdd45866f258cfac8cd9e7b687928b001fadefa97733625fc720,0,data/benign_original/benign/daca46e67407fdd45866f258cfac8cd9e7b687928b001fadefa97733625fc720.png
afcb04718e8c810e1d51d0be035255ade999e869c9d96d7eb8649d2c05e03f13,0,data/benign_original/benign/afcb04718e8c810e1d51d0be035255ade999e869c9d96d7eb8649d2c05e03f13.png
b3a40e1d85f1e1608acf07414a8dea2730c0de0d824bc6165856b8fe00e8ed3d,1,data/malware_images/images/njrat/b3a40e1d85f1e1608acf07414a8dea2730c0de0d824bc6165856b8fe00e8ed3d.png
aefb6da3a1e528fff64473d82c37d4c83ddc91a0ffb18f3cd18a2531cafe8027,0,data/benign_original/benign/aefb6da3a1e528fff64473d82c37d4c83ddc91a0ffb18f3cd18a2531cafe8027.png
f2b939f848b1b3371c0255a0493daabbc6c1776a34d895058d6a27072ea8ba1d,0,data/benign_original/benign/f2b939f848b1b3371c0255a0493daabbc6c1776a34d895058d6a27072ea8ba1d.png
e06904e7b2cd5be19bd05b7ec99b8912e18e830a8fa586442c54598bbd4b8dc5,0,data/benign_original/benign/e06904e7b2cd5be19bd05b7ec99b8912e18e830a8fa586442c54598bbd4b8dc5.png
c43488ad85ed37e4e1ac0049b7680b226784b6f34a6f8873765e995f1b08b999,0,data/benign_original/benign/c43488ad85ed37e4e1ac0049b7680b226784b6f34a6f8873765e995f1b08b999.png
fb4a42437b50cb9bc645fbb87a3288e04136a61d109935814e81a2b4122fdcf4,0,data/benign_original/benign/fb4a42437b50cb9bc645fbb87a3288e04136a61d109935814e81a2b4122fdcf4.png
5a0f4fa2c578675590ac317e392f78abfc19577a7f8c964e708a1ad436e58a37,0,data/benign_original/benign/5a0f4fa2c578675590ac317e392f78abfc19577a7f8c964e708a1ad436e58a37.png
bbf3d61b4190215028065d55e13e26cddae04143ba6b71f236001f1e78825314,0,data/benign_original/benign/bbf3d61b4190215028065d55e13e26cddae04143ba6b71f236001f1e78825314.png
c7e67ac0f24c5b2ad057a6508e972371491a32a82a87bb68373463d60efaafa5,0,data/benign_original/benign/c7e67ac0f24c5b2ad057a6508e972371491a32a82a87bb68373463d60efaafa5.png
b694aa94d3fe0a392abe9d910a4163dc3bbf663fe295da855806e2c67521459a,0,data/benign_original/benign/b694aa94d3fe0a392abe9d910a4163dc3bbf663fe295da855806e2c67521459a.png
eebead1ef100b9dd432dab8d26f9735093a3b8c70018d0311c069ef38307fc8c,0,data/benign_original/benign/eebead1ef100b9dd432dab8d26f9735093a3b8c70018d0311c069ef38307fc8c.png
6b9131d94ed31f838b1820ee67f068c4741b69d5c655587c89c9477986bd270f,0,data/benign_original/benign/6b9131d94ed31f838b1820ee67f068c4741b69d5c655587c89c9477986bd270f.png
37df607966b7219faf58bb94e931b455b27e86c52c54878307c9a4c564067cf4,0,data/benign_original/benign/37df607966b7219faf58bb94e931b455b27e86c52c54878307c9a4c564067cf4.png
c033d696a56947fdc365320b1c7e1d8bc7e444591743db556f3aadf987b84f43,0,data/benign_original/benign/c033d696a56947fdc365320b1c7e1d8bc7e444591743db556f3aadf987b84f43.png
c8ad8f098bd877be27ed332654f43e94795fff88908c8cf43f1af495b9140443,0,data/benign_original/benign/c8ad8f098bd877be27ed332654f43e94795fff88908c8cf43f1af495b9140443.png
b465a44c1332a7cbceed9fcfc363088a28a5373c41f57da4b803130199e4bd93,0,data/benign_original/benign/b465a44c1332a7cbceed9fcfc363088a28a5373c41f57da4b803130199e4bd93.png
130772de7225215190670dda5913676f664878bf7067fa1b159dcf7521605332,0,data/benign_original/benign/130772de7225215190670dda5913676f664878bf7067fa1b159dcf7521605332.png
1d30e649ff621b9ac65995d6311075306695cac6df6b864db8cda13cc2403007,1,data/malware_images/images/Trickbot/1d30e649ff621b9ac65995d6311075306695cac6df6b864db8cda13cc2403007.png
e4eb22d33c8ecab6c7cb3f50f55b826872a1666cbe898bde0971f135dfe9b8e7,0,data/benign_original/benign/e4eb22d33c8ecab6c7cb3f50f55b826872a1666cbe898bde0971f135dfe9b8e7.png
155375bf02e4cf36dbe0db6eec3e39f35958fb13283d09a20b758539f490a780,0,data/benign_original/benign/155375bf02e4cf36dbe0db6eec3e39f35958fb13283d09a20b758539f490a780.png
d19e66c354d55fb79e9af59ab3e06277bb0f2b08c0e765906b1f353080ab36ae,0,data/benign_original/benign/d19e66c354d55fb79e9af59ab3e06277bb0f2b08c0e765906b1f353080ab36ae.png
fab35c8c92b253caa3361c9b234dcb6da72805122015b26194f561c4a32302de,0,data/benign_original/benign/fab35c8c92b253caa3361c9b234dcb6da72805122015b26194f561c4a32302de.png
be4e345e6b82e8092455aa56c64030709c290a0c3fa5b95eca2203da9708df66,0,data/benign_original/benign/be4e345e6b82e8092455aa56c64030709c290a0c3fa5b95eca2203da9708df66.png
da0edd23bc2e80a9fdae3d96013e314bded7aa5f84741ff9487a912cd2cdf840,0,data/benign_original/benign/da0edd23bc2e80a9fdae3d96013e314bded7aa5f84741ff9487a912cd2cdf840.png
b2bb1e96714dc43eb24302dd2738882b061057e1e8f1e0222f04eaa1b945cec2,0,data/benign_original/benign/b2bb1e96714dc43eb24302dd2738882b061057e1e8f1e0222f04eaa1b945cec2.png
5d2496409bc45e1e74efbc0c0802af37b26f077beb91ae8ed55ffb0cfe4bdc79,0,data/benign_original/benign/5d2496409bc45e1e74efbc0c0802af37b26f077beb91ae8ed55ffb0cfe4bdc79.png
aaa78177b4da93fbc0c41d864470b4b9408ba36476dd07b6365f35f71ed63c36,1,data/malware_images/images/Gozi/aaa78177b4da93fbc0c41d864470b4b9408ba36476dd07b6365f35f71ed63c36.png
fcecb2ff1888460d579a283841041e76db0eef0a5141e7adce9d940d257a1cbe,0,data/benign_original/benign/fcecb2ff1888460d579a283841041e76db0eef0a5141e7adce9d940d257a1cbe.png
e0d0e5d63034c15621ef79b1070982438a7a3880b5e67b6385667f058fa816f1,0,data/benign_original/benign/e0d0e5d63034c15621ef79b1070982438a7a3880b5e67b6385667f058fa816f1.png
dac89632b34333c9b1eaca9bdcbc8fb5010067cb43d07eff9f5d94f7f58ff77a,0,data/benign_original/benign/dac89632b34333c9b1eaca9bdcbc8fb5010067cb43d07eff9f5d94f7f58ff77a.png
bb6003e6f7b67de9386bcee8196fa2c888953677f6a115eff50d46aa774deaeb,0,data/benign_original/benign/bb6003e6f7b67de9386bcee8196fa2c888953677f6a115eff50d46aa774deaeb.png
cc95a1b42a633da1d8b21bf6bc6ccd45616b344a8e03399c9e5081930cc99d24,0,data/benign_original/benign/cc95a1b42a633da1d8b21bf6bc6ccd45616b344a8e03399c9e5081930cc99d24.png
f0f888052abdf85727e515f23d8378f66f11774ebb35800e68e3e6b661ad2734,0,data/benign_original/benign/f0f888052abdf85727e515f23d8378f66f11774ebb35800e68e3e6b661ad2734.png
857e2db65d56ec90bf7ffd3c51df4e9c577ca6576e399065f3220a5195e1f9bb,0,data/benign_original/benign/857e2db65d56ec90bf7ffd3c51df4e9c577ca6576e399065f3220a5195e1f9bb.png
e60878f2f9a9c3cd70720b8a8b3fe98dfd37dc2c5da9a79dd043a09a8f5fc423,0,data/benign_original/benign/e60878f2f9a9c3cd70720b8a8b3fe98dfd37dc2c5da9a79dd043a09a8f5fc423.png
e491ca9c0659508faa3accf9cf8f082d2df71cb202f8f05c6bb94cf4d1bf4fd3,0,data/benign_original/benign/e491ca9c0659508faa3accf9cf8f082d2df71cb202f8f05c6bb94cf4d1bf4fd3.png
efc2daedfb1236617045ceaff36d775ba00b584370ac93991281bb253c0efea4,0,data/benign_original/benign/efc2daedfb1236617045ceaff36d775ba00b584370ac93991281bb253c0efea4.png
bed1288ca78623b0e4e60b3ec935744784c3e4aa95b793e7ebf4c37164969920,0,data/benign_original/benign/bed1288ca78623b0e4e60b3ec935744784c3e4aa95b793e7ebf4c37164969920.png
dd2ef4abff7486618fef65f76d853093a13ca595c5095250e51a3e68cc996643,0,data/benign_original/benign/dd2ef4abff7486618fef65f76d853093a13ca595c5095250e51a3e68cc996643.png
dc9f0d6a551c27768929a26ee3846e0e4b532ef6f64be4ebb89b4ec34da89ab8,0,data/benign_original/benign/dc9f0d6a551c27768929a26ee3846e0e4b532ef6f64be4ebb89b4ec34da89ab8.png
4a36f7ca6692cc55714e1c22ddae1a9ab19227db467c064922b9bdb78859ab02,0,data/benign_original/benign/4a36f7ca6692cc55714e1c22ddae1a9ab19227db467c064922b9bdb78859ab02.png
b0d413a7c5b7ac583a486e2b259cb95140657f706ec983d0b51f40e7e8ceb3ad,0,data/benign_original/benign/b0d413a7c5b7ac583a486e2b259cb95140657f706ec983d0b51f40e7e8ceb3ad.png
0945da9d00b2629379df481a2be0d9d420c05a727ec2dcbc16255acfd76a8cb3,0,data/benign_original/benign/0945da9d00b2629379df481a2be0d9d420c05a727ec2dcbc16255acfd76a8cb3.png
c93731f31342f7edcbe57b51c671fa2ab0da04271fb7b92f649aed21b4030315,0,data/benign_original/benign/c93731f31342f7edcbe57b51c671fa2ab0da04271fb7b92f649aed21b4030315.png
ed95b1141f32e8d2180b47426a1cbe89085764e744938e9bca98c5be411a52a6,0,data/benign_original/benign/ed95b1141f32e8d2180b47426a1cbe89085764e744938e9bca98c5be411a52a6.png
b381a6ce8cca09568ce125c080ec083b07240c4107045b445f241bbb4d486d86,1,data/malware_images/images/Trickbot/b381a6ce8cca09568ce125c080ec083b07240c4107045b445f241bbb4d486d86.png
f7486845d5e2072e7af9f8c52718fc5e236224aeaa045e2ebf9c46f049ed3495,0,data/benign_original/benign/f7486845d5e2072e7af9f8c52718fc5e236224aeaa045e2ebf9c46f049ed3495.png
ece2987dd2da035b8046f1f44bd0d65dd4394f83b24a115eba28773a9cc19731,0,data/benign_original/benign/ece2987dd2da035b8046f1f44bd0d65dd4394f83b24a115eba28773a9cc19731.png
c0cdef7fd09ad7b204ece26ff79a89804009d117cec67d12cabeb386666ceeb9,0,data/benign_original/benign/c0cdef7fd09ad7b204ece26ff79a89804009d117cec67d12cabeb386666ceeb9.png
5c259042369ecb8a6c5298ee941df43260c2d1a43c1b6607b2f753b8f3426f1e,0,data/benign_original/benign/5c259042369ecb8a6c5298ee941df43260c2d1a43c1b6607b2f753b8f3426f1e.png
e003d6e7e00b59586ff2899f303a1a15db579a67c42a70761b94474af9c82024,0,data/benign_original/benign/e003d6e7e00b59586ff2899f303a1a15db579a67c42a70761b94474af9c82024.png
f179f5ec2950440f90f8069d8a6bd5c7b96226c015e31a34060d782e8a7dc941,0,data/benign_original/benign/f179f5ec2950440f90f8069d8a6bd5c7b96226c015e31a34060d782e8a7dc941.png
bbe49e5a78839ff45e810d4d0e99457d0421f9dd03b08f00a8cdbe750a21a07f,0,data/benign_original/benign/bbe49e5a78839ff45e810d4d0e99457d0421f9dd03b08f00a8cdbe750a21a07f.png
d3954c4683289c93bc4c88ed5685ad8b57c891c1a82830f6a1f44c8830233f5c,0,data/benign_original/benign/d3954c4683289c93bc4c88ed5685ad8b57c891c1a82830f6a1f44c8830233f5c.png
b71421256251bb62744e878f6b10dfa5658ed969216a1cc39e70c6495ae18b8a,0,data/benign_original/benign/b71421256251bb62744e878f6b10dfa5658ed969216a1cc39e70c6495ae18b8a.png
d6b2f29a8b52b51271002cea3fb21bc0de7f69954138955dc1131d2d83ef7633,0,data/benign_original/benign/d6b2f29a8b52b51271002cea3fb21bc0de7f69954138955dc1131d2d83ef7633.png
d920cad3d0a82699b8160f554c405354343c42471f7b59b2c368fed84fed524c,0,data/benign_original/benign/d920cad3d0a82699b8160f554c405354343c42471f7b59b2c368fed84fed524c.png
b53c744e61cf16681557740621e17cd4c113248fb7d29f6d68f37247a87c2df0,0,data/benign_original/benign/b53c744e61cf16681557740621e17cd4c113248fb7d29f6d68f37247a87c2df0.png
fc3fa751b0be0bcc97011c73f9600395cf21d03295b00896592b525ed4fb2bad,0,data/benign_original/benign/fc3fa751b0be0bcc97011c73f9600395cf21d03295b00896592b525ed4fb2bad.png
8116f086d5b222ea6d3ac385bbc8f3a88c19f920435e1ba274a1f46702ab10a2,1,data/malware_images/images/Gozi/8116f086d5b222ea6d3ac385bbc8f3a88c19f920435e1ba274a1f46702ab10a2.png
97d105caaeaeaf2aa4b297d9aeb3981f212c52a2098ccf2de51ee9f7a1af7893,1,data/malware_images/images/Heodo/97d105caaeaeaf2aa4b297d9aeb3981f212c52a2098ccf2de51ee9f7a1af7893.png
fcd11c4e7d72e9aee59571aed48da864a1c5aad4eb6a562c511bb4f83845209d,0,data/benign_original/benign/fcd11c4e7d72e9aee59571aed48da864a1c5aad4eb6a562c511bb4f83845209d.png
b22c45f1f911c94b22f1e91ba976e49dc71a228643ca6c2f08f8baf7a981a21b,0,data/benign_original/benign/b22c45f1f911c94b22f1e91ba976e49dc71a228643ca6c2f08f8baf7a981a21b.png
b05ad9417028b9777f69422caa01ae9fd22c7bfe542bc6e7de2649e28a4ea643,0,data/benign_original/benign/b05ad9417028b9777f69422caa01ae9fd22c7bfe542bc6e7de2649e28a4ea643.png
f3b557bcc69fab91d7cd1703675c2585e8133a234fc6d582799b0f3d63409bd0,0,data/benign_original/benign/f3b557bcc69fab91d7cd1703675c2585e8133a234fc6d582799b0f3d63409bd0.png
f7bc0e7b1a3f57977fec35320a0662fc081ef25084cc2c5eee4462a488efda97,0,data/benign_original/benign/f7bc0e7b1a3f57977fec35320a0662fc081ef25084cc2c5eee4462a488efda97.png
b99c919d524cae68baac1ad74cf7cb28aed79897a8cb04b76134dd7df9307de1,0,data/benign_original/benign/b99c919d524cae68baac1ad74cf7cb28aed79897a8cb04b76134dd7df9307de1.png
d3319879d98fd483b0d575da45509dd740a297ed152030401736a022d69533a1,0,data/benign_original/benign/d3319879d98fd483b0d575da45509dd740a297ed152030401736a022d69533a1.png
d3063cd5fe97f722c832952f027aa558f827dc53d641be599d467405671fa8d2,0,data/benign_original/benign/d3063cd5fe97f722c832952f027aa558f827dc53d641be599d467405671fa8d2.png
d085a7af252c7c755c2420fa57cfdb0a8a5a8bbb86083824ad39658d3fc169c2,0,data/benign_original/benign/d085a7af252c7c755c2420fa57cfdb0a8a5a8bbb86083824ad39658d3fc169c2.png
ea30877289c8db9202af8a789a8f0189d5c126f3356a2e1c2181255502349dbd,0,data/benign_original/benign/ea30877289c8db9202af8a789a8f0189d5c126f3356a2e1c2181255502349dbd.png
ecdbb5748940a881b751a0bbb3b03fc2793ea6dad8d4b0b73290cb04cd374e50,0,data/benign_original/benign/ecdbb5748940a881b751a0bbb3b03fc2793ea6dad8d4b0b73290cb04cd374e50.png
f21e9efc9e29a8e4a037f909e670d73138b7b8a767425d73d38a53fb789fd646,0,data/benign_original/benign/f21e9efc9e29a8e4a037f909e670d73138b7b8a767425d73d38a53fb789fd646.png
fc10c877e2bcfab35758446a72a8db704d8e8455470d65a6de5492c10c8d6786,0,data/benign_original/benign/fc10c877e2bcfab35758446a72a8db704d8e8455470d65a6de5492c10c8d6786.png
f5126cffd49e514ef3d77b715a58c355d5d8183108bdb365bd23373698b585af,0,data/benign_original/benign/f5126cffd49e514ef3d77b715a58c355d5d8183108bdb365bd23373698b585af.png
b6a28f12663e7530acaad346bf77762d891fe17847130a237c5983fba80b3f68,0,data/benign_original/benign/b6a28f12663e7530acaad346bf77762d891fe17847130a237c5983fba80b3f68.png
dedbcf292a33b8295491583aec35f78d4f1550d4f62c056a7f7be29331c5585d,1,data/malware_images/images/Heodo/dedbcf292a33b8295491583aec35f78d4f1550d4f62c056a7f7be29331c5585d.png
d21b157cecad2d0c658fc060b7bc912012a598c66fd63a1b24516c7f05ca8b58,0,data/benign_original/benign/d21b157cecad2d0c658fc060b7bc912012a598c66fd63a1b24516c7f05ca8b58.png
b457fdc0e5b994ce8eeea4249c30804cc3c41b65fb59e521fd88c7b247d39cf2,0,data/benign_original/benign/b457fdc0e5b994ce8eeea4249c30804cc3c41b65fb59e521fd88c7b247d39cf2.png
c9896d16c35ba2a453d24e7643d7b34e5c2353f63ea6eb7a527a542ebcf4e49a,0,data/benign_original/benign/c9896d16c35ba2a453d24e7643d7b34e5c2353f63ea6eb7a527a542ebcf4e49a.png
120278154abac09fdcbb30fa6444dc13224373bf8d42d2c3fa40ecdf5c308757,0,data/benign_original/benign/120278154abac09fdcbb30fa6444dc13224373bf8d42d2c3fa40ecdf5c308757.png
bc308fad8ccfc66a31cd2c022adaca1e64cd1c7b2e70af345079d40dff59e73b,0,data/benign_original/benign/bc308fad8ccfc66a31cd2c022adaca1e64cd1c7b2e70af345079d40dff59e73b.png
d5bb69ad32f400962e3e9b60d31ec72997e6ce9ccb86d8bdb99ca5e95c4b7b70,0,data/benign_original/benign/d5bb69ad32f400962e3e9b60d31ec72997e6ce9ccb86d8bdb99ca5e95c4b7b70.png
c00e27cc199e042f18788ccdc5153bd4eb7cd761b82e74a1be896800d28e0967,0,data/benign_original/benign/c00e27cc199e042f18788ccdc5153bd4eb7cd761b82e74a1be896800d28e0967.png
8c4e8ce35d87b95b71843c0998da344746ce0194aa9a3aefad595eb59708d75f,1,data/malware_images/images/GuLoader/8c4e8ce35d87b95b71843c0998da344746ce0194aa9a3aefad595eb59708d75f.png
c7329ce3412bd26fc2f5e6e553a3e0723488ab9f5e8f05effc8fef557803471d,0,data/benign_original/benign/c7329ce3412bd26fc2f5e6e553a3e0723488ab9f5e8f05effc8fef557803471d.png
b1c180f97aa9887f261ffacbf635a85077e5c95e78bd4339087f5a150daa1e3e,0,data/benign_original/benign/b1c180f97aa9887f261ffacbf635a85077e5c95e78bd4339087f5a150daa1e3e.png
e1b7d6bb1eaa44f556d431dd44942bce83cc2f4c30ea6959bb4de9acde215dcd,0,data/benign_original/benign/e1b7d6bb1eaa44f556d431dd44942bce83cc2f4c30ea6959bb4de9acde215dcd.png
f8d2b22e9ec1413dd77f81e53597d97200834dc902175ab17607636d4cdd9e26,0,data/benign_original/benign/f8d2b22e9ec1413dd77f81e53597d97200834dc902175ab17607636d4cdd9e26.png
b39194e5aa728e33c1d73d1844364b3ab4cd20946891368beaab4658b134bb7f,0,data/benign_original/benign/b39194e5aa728e33c1d73d1844364b3ab4cd20946891368beaab4658b134bb7f.png
d0d8b38e4c9d4ea4a426e17a9ff5bcb0511ea47602c8ec8fa454ff28a43db3fd,0,data/benign_original/benign/d0d8b38e4c9d4ea4a426e17a9ff5bcb0511ea47602c8ec8fa454ff28a43db3fd.png
e625db5c3b1ad15b6cd8ecbee426f0d8b1fba55789b9140633a6e564679cb96a,0,data/benign_original/benign/e625db5c3b1ad15b6cd8ecbee426f0d8b1fba55789b9140633a6e564679cb96a.png
c30f9ef383269efa1ee0716749887294da5f98d799599bca36d80bfa221bc5f2,0,data/benign_original/benign/c30f9ef383269efa1ee0716749887294da5f98d799599bca36d80bfa221bc5f2.png
d32c35318107f4e8152a73db8ec3c8bd7cf9f6a4ddb487c9d553c2c0923d22ac,0,data/benign_original/benign/d32c35318107f4e8152a73db8ec3c8bd7cf9f6a4ddb487c9d553c2c0923d22ac.png
f3a8503c47fb1cbd0e2f3f67bea6bda2d22d73a8a40f09202442b211f19406e5,0,data/benign_original/benign/f3a8503c47fb1cbd0e2f3f67bea6bda2d22d73a8a40f09202442b211f19406e5.png
bfeba445593933b918e60df71178444ef497693afb9b1f2c759d8d1f59eda7f7,0,data/benign_original/benign/bfeba445593933b918e60df71178444ef497693afb9b1f2c759d8d1f59eda7f7.png
d9120afad6e81bc45d2d927b72c2c027f17b55f6da00a391b9f4ff9f39a57ef3,0,data/benign_original/benign/d9120afad6e81bc45d2d927b72c2c027f17b55f6da00a391b9f4ff9f39a57ef3.png
dc3aeeea03f17e9f0fc21275ee892ec00f1a28cfeb53ed001488e0486c465cee,0,data/benign_original/benign/dc3aeeea03f17e9f0fc21275ee892ec00f1a28cfeb53ed001488e0486c465cee.png
c7cfe003ea157cbe5790f2e84e674e45da00a925ff4c9152f7cc307a88004870,0,data/benign_original/benign/c7cfe003ea157cbe5790f2e84e674e45da00a925ff4c9152f7cc307a88004870.png
dbdb90a5bca9dc471c6ddb350b6b416c93f056fd0bbfd876cf687f64f507755e,0,data/benign_original/benign/dbdb90a5bca9dc471c6ddb350b6b416c93f056fd0bbfd876cf687f64f507755e.png
feb6e3f037c3124988c35c5ec09898d8d9ecd3beaca973cf6c0dadf5d6e308dd,0,data/benign_original/benign/feb6e3f037c3124988c35c5ec09898d8d9ecd3beaca973cf6c0dadf5d6e308dd.png
af4448398f14a777602738ea0495ed53c7476107521f0f0ec609a84c80d56a0d,0,data/benign_original/benign/af4448398f14a777602738ea0495ed53c7476107521f0f0ec609a84c80d56a0d.png
3e8677115982f20da5251aad6a5ad0c5c9426f7bb5425888f68e1d73c6128797,1,data/malware_images/images/njrat/3e8677115982f20da5251aad6a5ad0c5c9426f7bb5425888f68e1d73c6128797.png
8ae204ca4318ae2ba358a276374bce408563ef1a83e47cf862869cf3c8a16f8e,0,data/benign_original/benign/8ae204ca4318ae2ba358a276374bce408563ef1a83e47cf862869cf3c8a16f8e.png
f5c3fa2b4ef254d36db3541e8e9a24f6649289daa589932549246629d2751e9d,0,data/benign_original/benign/f5c3fa2b4ef254d36db3541e8e9a24f6649289daa589932549246629d2751e9d.png
c7c2d8458115b0b76272f1f492f525e8e56c4264656c958b1058175cad4a1475,0,data/benign_original/benign/c7c2d8458115b0b76272f1f492f525e8e56c4264656c958b1058175cad4a1475.png
bd36c1b4ea43c6b7e9f2193393c3dc7de90aef516691ab61ed0a61cc8f7265c9,0,data/benign_original/benign/bd36c1b4ea43c6b7e9f2193393c3dc7de90aef516691ab61ed0a61cc8f7265c9.png
bce82ed5352e0dc81f6fb5405b5a93e2749009d55ea5cdd010b2c8daacb2bd31,0,data/benign_original/benign/bce82ed5352e0dc81f6fb5405b5a93e2749009d55ea5cdd010b2c8daacb2bd31.png
f24a5d888d4a9a274d2d923cdb4a1b30dc95608f7b592eb77f1be02ada2b8c3a,0,data/benign_original/benign/f24a5d888d4a9a274d2d923cdb4a1b30dc95608f7b592eb77f1be02ada2b8c3a.png
e44f84507036e41d2808a3fb82ebd0288e9a75f441549f6701db772fc179487e,0,data/benign_original/benign/e44f84507036e41d2808a3fb82ebd0288e9a75f441549f6701db772fc179487e.png
856c9490f1798ed054943aa9aa8f0c28268b9c3ba2bd0e8d1d140d483aaf7be8,0,data/benign_original/benign/856c9490f1798ed054943aa9aa8f0c28268b9c3ba2bd0e8d1d140d483aaf7be8.png
d2a0769ac0b3e494cd1c8982bece7617ca0016b6a9938acc843d78ff2d60c81f,0,data/benign_original/benign/d2a0769ac0b3e494cd1c8982bece7617ca0016b6a9938acc843d78ff2d60c81f.png
c3b1d2208f6cb80761924ab468a25d999dde7f912adb462e194d1d2a2bbf1171,0,data/benign_original/benign/c3b1d2208f6cb80761924ab468a25d999dde7f912adb462e194d1d2a2bbf1171.png
c06c490f730415a1dcadc178420a9db424eb9912f0ab862c93c51b5b755be2a8,0,data/benign_original/benign/c06c490f730415a1dcadc178420a9db424eb9912f0ab862c93c51b5b755be2a8.png
bfa194b4c7474ff5e800095be893562f5e82947e3b173693e7655ca0bd783b7b,0,data/benign_original/benign/bfa194b4c7474ff5e800095be893562f5e82947e3b173693e7655ca0bd783b7b.png
b51fbd5359342b46cafa23f454bb8f3a592d363cb651dd8784341555049c03cd,0,data/benign_original/benign/b51fbd5359342b46cafa23f454bb8f3a592d363cb651dd8784341555049c03cd.png
b592e5e6aee9dc9537644ab67892454bfd06e2b04ad068a2d1bc30b3d4b475f7,0,data/benign_original/benign/b592e5e6aee9dc9537644ab67892454bfd06e2b04ad068a2d1bc30b3d4b475f7.png
f5c6747f77f3d3bdba1c9acdbd49450267ff831b07046eb5e862780f09a40766,0,data/benign_original/benign/f5c6747f77f3d3bdba1c9acdbd49450267ff831b07046eb5e862780f09a40766.png
e4a6ae021076460bf6286c053a97d0c352216ec3018f22550abf7197cc19da19,0,data/benign_original/benign/e4a6ae021076460bf6286c053a97d0c352216ec3018f22550abf7197cc19da19.png
d87042311a540ae5a9f6a7d5f4c17906f2a50044cf669fc9e15a101e6cb9e7b3,0,data/benign_original/benign/d87042311a540ae5a9f6a7d5f4c17906f2a50044cf669fc9e15a101e6cb9e7b3.png
d3a8550fd9d8a3d1993fb1a0d1f6ecb0603685d319517766623c44fc1e65a398,0,data/benign_original/benign/d3a8550fd9d8a3d1993fb1a0d1f6ecb0603685d319517766623c44fc1e65a398.png
1c309be2afef0bcdba3f3df8a7649127b898987ddac6fb6c69b25fd617f421d9,0,data/benign_original/benign/1c309be2afef0bcdba3f3df8a7649127b898987ddac6fb6c69b25fd617f421d9.png
f047b619217d9fbb69b692974a89db92b9cd05149ead28039806a5a6a70da71b,0,data/benign_original/benign/f047b619217d9fbb69b692974a89db92b9cd05149ead28039806a5a6a70da71b.png
d2ebccbcd2b3d44454d5b7acee1bc4cbe3d9e63d81753729e5d529fb041a309f,0,data/benign_original/benign/d2ebccbcd2b3d44454d5b7acee1bc4cbe3d9e63d81753729e5d529fb041a309f.png
30ba14b339372a7cfb0cfbaacf9a0668ad7f4ba607bb5c49ddbae7a3b22b834b,0,data/benign_original/benign/30ba14b339372a7cfb0cfbaacf9a0668ad7f4ba607bb5c49ddbae7a3b22b834b.png
c28845cc73038d0b9b4a8b32d2796253945c74351d4a76ba47e877cbcc8a3d6e,0,data/benign_original/benign/c28845cc73038d0b9b4a8b32d2796253945c74351d4a76ba47e877cbcc8a3d6e.png
eb98d342aed8d658f9c04a680c2a11ed1763a21fc956504ceccdedc53df5d9bc,0,data/benign_original/benign/eb98d342aed8d658f9c04a680c2a11ed1763a21fc956504ceccdedc53df5d9bc.png
b3c2857866def79caf83452173db75adc9a5b430f71641b2c9e56caa3deb8e73,0,data/benign_original/benign/b3c2857866def79caf83452173db75adc9a5b430f71641b2c9e56caa3deb8e73.png
dd1f98472a3e5ad1eeca81ed4d70ce84760c8447b7be5f63a81a07653f0ef130,0,data/benign_original/benign/dd1f98472a3e5ad1eeca81ed4d70ce84760c8447b7be5f63a81a07653f0ef130.png
cc65ec96499533b44342de5013fe6d701924d3533ec056862c42ac3f594170fc,0,data/benign_original/benign/cc65ec96499533b44342de5013fe6d701924d3533ec056862c42ac3f594170fc.png
f09a3b2d04c4ae6c1217ed073421c912eb7e0fb006441291948470e6329a4fd2,0,data/benign_original/benign/f09a3b2d04c4ae6c1217ed073421c912eb7e0fb006441291948470e6329a4fd2.png
cb4493087dc266458f866bb8763d4682fe5245087cd707dbec4d8ac7f138b062,0,data/benign_original/benign/cb4493087dc266458f866bb8763d4682fe5245087cd707dbec4d8ac7f138b062.png
77e5a7191c67661016b9724de27702246421684e21fe203db08c3484ab36c30d,0,data/benign_original/benign/77e5a7191c67661016b9724de27702246421684e21fe203db08c3484ab36c30d.png
ea36d498570c2d2c7b0e8c783a42ff4d94692d9d486ab719862fbaad310ec9b0,0,data/benign_original/benign/ea36d498570c2d2c7b0e8c783a42ff4d94692d9d486ab719862fbaad310ec9b0.png
fe505de25da4b46d05f2943bc172a380ca0e748e79e9d9ee54b003b1c5572704,0,data/benign_original/benign/fe505de25da4b46d05f2943bc172a380ca0e748e79e9d9ee54b003b1c5572704.png
fbbceac6fef747d3f34f4c9103a6adf0e37f092121c29b7a6c365471311a1d72,0,data/benign_original/benign/fbbceac6fef747d3f34f4c9103a6adf0e37f092121c29b7a6c365471311a1d72.png
f93fa626adea22d7d218e60462bd543bf3c0b78ca94c27d14565436a4e0e1878,0,data/benign_original/benign/f93fa626adea22d7d218e60462bd543bf3c0b78ca94c27d14565436a4e0e1878.png
f8f06b02d7791191801efe22a293680e72938aedc72742ec28ec0dad312031d5,0,data/benign_original/benign/f8f06b02d7791191801efe22a293680e72938aedc72742ec28ec0dad312031d5.png
7ea89be1bba6a7c2b08d70fa8e4cf036cb086ed162bcd22255e2bc0f926b22b2,0,data/benign_original/benign/7ea89be1bba6a7c2b08d70fa8e4cf036cb086ed162bcd22255e2bc0f926b22b2.png
bfadcaa6ad58bf7b8b32f7a87b417d4f5524af79df156b63a3be6f94884b6427,0,data/benign_original/benign/bfadcaa6ad58bf7b8b32f7a87b417d4f5524af79df156b63a3be6f94884b6427.png
fe18c2fa73e56222f8e3b25b8f555d41d025359283c97dedb133e757a6504bf3,0,data/benign_original/benign/fe18c2fa73e56222f8e3b25b8f555d41d025359283c97dedb133e757a6504bf3.png
e05bf9d3c5fb71cd64e5d543f30f63e6f5474542ba6f657a8333b600affd920a,0,data/benign_original/benign/e05bf9d3c5fb71cd64e5d543f30f63e6f5474542ba6f657a8333b600affd920a.png
d8ce41db1c44b789fc56787beb83f8e84ae5931ba6c08974e9a4b5e6e54f2168,0,data/benign_original/benign/d8ce41db1c44b789fc56787beb83f8e84ae5931ba6c08974e9a4b5e6e54f2168.png
db43bcbe88f003977a952ff950a798703564f8fda59b1831ae7767742d68cb26,0,data/benign_original/benign/db43bcbe88f003977a952ff950a798703564f8fda59b1831ae7767742d68cb26.png
ec0abf70a3dac3a77a0b14a66d9fafa0e8f117c1fed3a38d7a8d6d05d8422b98,0,data/benign_original/benign/ec0abf70a3dac3a77a0b14a66d9fafa0e8f117c1fed3a38d7a8d6d05d8422b98.png
fc41096389f8c8bf93abbdfbf8bc5ea7cfc52d70e527f11ff5ffa25ba5d423d2,0,data/benign_original/benign/fc41096389f8c8bf93abbdfbf8bc5ea7cfc52d70e527f11ff5ffa25ba5d423d2.png
cc46cfef260d8012bdc1e59dbfc64c82e067d11adb0b6d6d2dc89b705b49b9fe,0,data/benign_original/benign/cc46cfef260d8012bdc1e59dbfc64c82e067d11adb0b6d6d2dc89b705b49b9fe.png
8eff332ab33fde8c4e9145d620f7d9beabbd7075e46e45bc87167a2c66e604c7,0,data/benign_original/benign/8eff332ab33fde8c4e9145d620f7d9beabbd7075e46e45bc87167a2c66e604c7.png
d87b0327ba2b98557d06df81cad2ef2f7b41dbc542d861ab82434f1ab2d81200,0,data/benign_original/benign/d87b0327ba2b98557d06df81cad2ef2f7b41dbc542d861ab82434f1ab2d81200.png
f37428e6435ea5e9e696ef0f6190c1af26674a275948258473e8d5cc6cab8160,0,data/benign_original/benign/f37428e6435ea5e9e696ef0f6190c1af26674a275948258473e8d5cc6cab8160.png
2e7b459f7c57f287f59f382f5d37d29b4c7889c82ea012bf3837b0b732de3c49,0,data/benign_original/benign/2e7b459f7c57f287f59f382f5d37d29b4c7889c82ea012bf3837b0b732de3c49.png
b173678f9132d9209d57ad506836cb62e09f57ef923cc165d6510a9199722464,0,data/benign_original/benign/b173678f9132d9209d57ad506836cb62e09f57ef923cc165d6510a9199722464.png
b67a3b021819d8f8425fde8f3843fcb225378ddc1ce761bab8d29251342201d5,0,data/benign_original/benign/b67a3b021819d8f8425fde8f3843fcb225378ddc1ce761bab8d29251342201d5.png
f8bb6e94cb60527c38ce528f031525e0845f30ff38a20645fef10d1363cd8565,0,data/benign_original/benign/f8bb6e94cb60527c38ce528f031525e0845f30ff38a20645fef10d1363cd8565.png
fedb54eef0fb7a61514fd4273f5f13535de1082f55bfb5f7b05a1016f495dcdb,0,data/benign_original/benign/fedb54eef0fb7a61514fd4273f5f13535de1082f55bfb5f7b05a1016f495dcdb.png
b2fd4bf6eae1ea15861ffb82fb6124f589e5845067e3035d5937242186011c05,0,data/benign_original/benign/b2fd4bf6eae1ea15861ffb82fb6124f589e5845067e3035d5937242186011c05.png
04720bfdcf20864606b17eabea2b9ead471c1fbd71bf8ce8246edb7247b5d148,0,data/benign_original/benign/04720bfdcf20864606b17eabea2b9ead471c1fbd71bf8ce8246edb7247b5d148.png
b5fdef5af0e514f4a94f04d51b98be437f064f5176062baf27d38abc24cbdad4,0,data/benign_original/benign/b5fdef5af0e514f4a94f04d51b98be437f064f5176062baf27d38abc24cbdad4.png
bac5a898d37bef1c9bd4875cf054f479bb33dcd8eb764bb6aedd32acd3afe744,0,data/benign_original/benign/bac5a898d37bef1c9bd4875cf054f479bb33dcd8eb764bb6aedd32acd3afe744.png
cd4afafef1b24fff477906bc683e65cc2edd774366037a5d631fd3a70a502514,0,data/benign_original/benign/cd4afafef1b24fff477906bc683e65cc2edd774366037a5d631fd3a70a502514.png
ecc549b1ddc4ea21e3206730b5dcacbaf5daa73cd6ed73a258901a86c1fc6365,0,data/benign_original/benign/ecc549b1ddc4ea21e3206730b5dcacbaf5daa73cd6ed73a258901a86c1fc6365.png
d591c1fa5490022d011d0babc427cfc0576c56c153d48b3c8d55e25296a16660,0,data/benign_original/benign/d591c1fa5490022d011d0babc427cfc0576c56c153d48b3c8d55e25296a16660.png
be41889f77d7b92fa180b30fab33786b1eb051620a3239cc0841efa3e0c9167c,0,data/benign_original/benign/be41889f77d7b92fa180b30fab33786b1eb051620a3239cc0841efa3e0c9167c.png
f2c9e0d65b6adc008f65a031066e3ab2c0be3b112d6e8e618de398d6bd69a0c5,0,data/benign_original/benign/f2c9e0d65b6adc008f65a031066e3ab2c0be3b112d6e8e618de398d6bd69a0c5.png
e3cd5d47b069b17d5383177d573c5ffb133d03b124f4ef70e603de93aa262500,0,data/benign_original/benign/e3cd5d47b069b17d5383177d573c5ffb133d03b124f4ef70e603de93aa262500.png
d1a61c5706f8aa4c703587548dfd70982d8e2c6c76689a2582745e1af198c055,0,data/benign_original/benign/d1a61c5706f8aa4c703587548dfd70982d8e2c6c76689a2582745e1af198c055.png
dac3da9af600027eda096fffedb10da43e1f1582688b9fcb99b9f184cb865753,0,data/benign_original/benign/dac3da9af600027eda096fffedb10da43e1f1582688b9fcb99b9f184cb865753.png
b207f025c13b2bf433eb5e2f82bd8f6c0c6853c8317fed4ca308d185f4ccd345,0,data/benign_original/benign/b207f025c13b2bf433eb5e2f82bd8f6c0c6853c8317fed4ca308d185f4ccd345.png
cf1ed8cad43cd845d3ef986f41959b1496a27ebac06e6539c4111b236dce8d13,0,data/benign_original/benign/cf1ed8cad43cd845d3ef986f41959b1496a27ebac06e6539c4111b236dce8d13.png
608c9793c4e7a8ccd7ac8899133de7ff7c6e78528fe1e4dc03e19999b435c101,0,data/benign_original/benign/608c9793c4e7a8ccd7ac8899133de7ff7c6e78528fe1e4dc03e19999b435c101.png
cda51e3de5e0bd7e53519d4b92ae6375b64da2649710f2a38d0676d3b22ec736,0,data/benign_original/benign/cda51e3de5e0bd7e53519d4b92ae6375b64da2649710f2a38d0676d3b22ec736.png
bf108490b438fbb46db2f4e3b9d7e9d39b418d694dfbf4ddea456430d3d065c1,0,data/benign_original/benign/bf108490b438fbb46db2f4e3b9d7e9d39b418d694dfbf4ddea456430d3d065c1.png
c59d8ce209076b913d77b06cc6999b3c72856b8e5fe424ea1cf3baaa898860c4,0,data/benign_original/benign/c59d8ce209076b913d77b06cc6999b3c72856b8e5fe424ea1cf3baaa898860c4.png
c94ae23e37aa37ca8327efef1f7c2a07789c083aaf343afcd0bde77d9453b013,0,data/benign_original/benign/c94ae23e37aa37ca8327efef1f7c2a07789c083aaf343afcd0bde77d9453b013.png
be4e044bd1f3f2c6b575fd0faf510e3fef4d9585d5b6454ff8271c2051e9ceb2,1,data/malware_images/images/Gozi/be4e044bd1f3f2c6b575fd0faf510e3fef4d9585d5b6454ff8271c2051e9ceb2.png
b7c4669c33b7fdf88c6b97059391b1f687074b18ffffcf8100e6bc728b26efa7,0,data/benign_original/benign/b7c4669c33b7fdf88c6b97059391b1f687074b18ffffcf8100e6bc728b26efa7.png
0cbb62444aced953e07c6023cf61dd7ddc81cd759f6161f997e4e8723b0e79ca,0,data/benign_original/benign/0cbb62444aced953e07c6023cf61dd7ddc81cd759f6161f997e4e8723b0e79ca.png
ede942c3b965e79a666ae4c9857582185c30f1c69ad65107040213c9eee2a299,0,data/benign_original/benign/ede942c3b965e79a666ae4c9857582185c30f1c69ad65107040213c9eee2a299.png
f02c20eb8352ec9c9198c3d9c939a78b50b93baef0fe506f8e4b477cef491f5a,0,data/benign_original/benign/f02c20eb8352ec9c9198c3d9c939a78b50b93baef0fe506f8e4b477cef491f5a.png
fde42a167e928b4743c36d0296980a6041ead6a0d242431d1ea1ba07011f618f,0,data/benign_original/benign/fde42a167e928b4743c36d0296980a6041ead6a0d242431d1ea1ba07011f618f.png
fb19bd02f50bbe12f39d4230bff7dad0f094c6c40d225b5d6ec84b7265f96f51,0,data/benign_original/benign/fb19bd02f50bbe12f39d4230bff7dad0f094c6c40d225b5d6ec84b7265f96f51.png
b32bd1bc845c60b45f47f051d31a05ce176de41ceb88496a58cd2040dc294ef7,0,data/benign_original/benign/b32bd1bc845c60b45f47f051d31a05ce176de41ceb88496a58cd2040dc294ef7.png
44f4cc87b43e3add1d1b9b75f1e4e3b5b0db549349c0f554ff28eaa0312c96ab,0,data/benign_original/benign/44f4cc87b43e3add1d1b9b75f1e4e3b5b0db549349c0f554ff28eaa0312c96ab.png
5485486a63e9585fe62998dfb93f92310c0a4c26976c8dee2f7d29db4ac1886b,0,data/benign_original/benign/5485486a63e9585fe62998dfb93f92310c0a4c26976c8dee2f7d29db4ac1886b.png
b1b8f9e883035ac9c49524e23050843d6c338ac07d4f3ebfae3bdcc9b0ae218a,0,data/benign_original/benign/b1b8f9e883035ac9c49524e23050843d6c338ac07d4f3ebfae3bdcc9b0ae218a.png
4ef9eb58224457492f674fb550761cd13b7e6031186b801577194a05719d4f43,0,data/benign_original/benign/4ef9eb58224457492f674fb550761cd13b7e6031186b801577194a05719d4f43.png
830f015015eeeb8c097e682ad2775e4f4bce945f944b9e0079299ca3a90a11eb,0,data/benign_original/benign/830f015015eeeb8c097e682ad2775e4f4bce945f944b9e0079299ca3a90a11eb.png
a808480ac885bd1a45beb93d030b97fbeec2b773f168a76924eb8c211425895b,1,data/malware_images/images/Gozi/a808480ac885bd1a45beb93d030b97fbeec2b773f168a76924eb8c211425895b.png
1c344888c75ef573d259b23a96f8e1869094ebab109ede37cb6a9d0cdc8d186e,0,data/benign_original/benign/1c344888c75ef573d259b23a96f8e1869094ebab109ede37cb6a9d0cdc8d186e.png
eb9d039740b6e1aa9b691a7c4afbd14288137b2d599e3bda6ada9c292c1bb23f,0,data/benign_original/benign/eb9d039740b6e1aa9b691a7c4afbd14288137b2d599e3bda6ada9c292c1bb23f.png
cb31ee45964ea2819dd6309564c81891d6767d7fbe0540b4ea34335090c194c6,0,data/benign_original/benign/cb31ee45964ea2819dd6309564c81891d6767d7fbe0540b4ea34335090c194c6.png
f8d81888c62a45b2d32076a12635f79e37dd649d2a5acba90742d3735776f46a,0,data/benign_original/benign/f8d81888c62a45b2d32076a12635f79e37dd649d2a5acba90742d3735776f46a.png
ed7c553ef847d0e6b42969d56d84ecda77d4770131f70661fd430c34d2bccb94,0,data/benign_original/benign/ed7c553ef847d0e6b42969d56d84ecda77d4770131f70661fd430c34d2bccb94.png
84a4ff952516cb2f3a40378d530710e00af9161a736a8f3877e2f66bdde32bee,0,data/benign_original/benign/84a4ff952516cb2f3a40378d530710e00af9161a736a8f3877e2f66bdde32bee.png
cb25a5a07c875285f2c78b20f0ab804416af833d290a3cf17f1fec67f51a4e51,0,data/benign_original/benign/cb25a5a07c875285f2c78b20f0ab804416af833d290a3cf17f1fec67f51a4e51.png
bfedab2783cdd3baf61bc5f2983f952aea7eaf06302fcec41c6babe469ef798d,0,data/benign_original/benign/bfedab2783cdd3baf61bc5f2983f952aea7eaf06302fcec41c6babe469ef798d.png
66cb052375cd7d242269f56305c4396747f29a5ae36c1a7435db1c1cfd3b706f,0,data/benign_original/benign/66cb052375cd7d242269f56305c4396747f29a5ae36c1a7435db1c1cfd3b706f.png
4e3b3bf5ee097fdbf0b595a37261eb70683a3c59e15e6aa616e313a7134a48ea,0,data/benign_original/benign/4e3b3bf5ee097fdbf0b595a37261eb70683a3c59e15e6aa616e313a7134a48ea.png
8d8491cb71fb375f6509a6521c09f685368530ba2eed68abc8cab2f45828a65e,0,data/benign_original/benign/8d8491cb71fb375f6509a6521c09f685368530ba2eed68abc8cab2f45828a65e.png
e6bd8b8ea19e4e218853b3b5caf68078965e70cde58f2425933d6494263518b3,0,data/benign_original/benign/e6bd8b8ea19e4e218853b3b5caf68078965e70cde58f2425933d6494263518b3.png
311129b9debdb192020e2038697de1f23bc8572d02dfbfeb742b3f603df950da,0,data/benign_original/benign/311129b9debdb192020e2038697de1f23bc8572d02dfbfeb742b3f603df950da.png
2adbc2a2227756286fb140ca5877a00cee7fedc0d4ae3af098d9b2530c3648f8,0,data/benign_original/benign/2adbc2a2227756286fb140ca5877a00cee7fedc0d4ae3af098d9b2530c3648f8.png
b48cf12ff1155761b5c1a44b8c71e0f272d480f325e02df0532e6886d97f37c4,0,data/benign_original/benign/b48cf12ff1155761b5c1a44b8c71e0f272d480f325e02df0532e6886d97f37c4.png
8d3e20eec3066ae31bfec63dfc5def83ec3fb788456c18fd6f7cbec9d7689cd3,0,data/benign_original/benign/8d3e20eec3066ae31bfec63dfc5def83ec3fb788456c18fd6f7cbec9d7689cd3.png
e49b1d862fc8afa0065dd2ec6bc8c8a0d0922bc4c7243645a11abdbe47ceb631,0,data/benign_original/benign/e49b1d862fc8afa0065dd2ec6bc8c8a0d0922bc4c7243645a11abdbe47ceb631.png
cc86ea469431f5685f961ef3b97ca97580a6d917128599484f7c3e250bc4ff42,0,data/benign_original/benign/cc86ea469431f5685f961ef3b97ca97580a6d917128599484f7c3e250bc4ff42.png
f2d0471233555243e9c6b5fa6ef71ee2547f85c95a4cf3a6de494c7edfd8cdfd,0,data/benign_original/benign/f2d0471233555243e9c6b5fa6ef71ee2547f85c95a4cf3a6de494c7edfd8cdfd.png
1d2b8e3bbfcd7546b402c2f379e40d850fd4eceaf20c45fdbfcba0b859e0a7fb,0,data/benign_original/benign/1d2b8e3bbfcd7546b402c2f379e40d850fd4eceaf20c45fdbfcba0b859e0a7fb.png
c4815ead0abe44972ae918cab9b21289b29cf5d3471fe102c27e1a86601a729c,0,data/benign_original/benign/c4815ead0abe44972ae918cab9b21289b29cf5d3471fe102c27e1a86601a729c.png
c9ff173c19d77bb7c5683d65608d876b7577faba3be3bdfb08880344d189ef6f,0,data/benign_original/benign/c9ff173c19d77bb7c5683d65608d876b7577faba3be3bdfb08880344d189ef6f.png
dbab3ed4438da9ca434fe3407ad34188cb8a4ab51ed394787c971d508df57a52,0,data/benign_original/benign/dbab3ed4438da9ca434fe3407ad34188cb8a4ab51ed394787c971d508df57a52.png
f2c8f9494ed12c1c7e000c3b2213857fd8cbba59447e85a2e346e080647e4695,0,data/benign_original/benign/f2c8f9494ed12c1c7e000c3b2213857fd8cbba59447e85a2e346e080647e4695.png
bba0e222bfe1776ba4018c8ada3407b9865596cbda084bd93444da4ee37dc08e,0,data/benign_original/benign/bba0e222bfe1776ba4018c8ada3407b9865596cbda084bd93444da4ee37dc08e.png
fa98c952dc568cbea659ad8505ed2ee177ee6ad22dcec6b879994299d2cff278,0,data/benign_original/benign/fa98c952dc568cbea659ad8505ed2ee177ee6ad22dcec6b879994299d2cff278.png
d4dc0252b814418cbd829017307f8b9eadcfee673d33072eb66b9479fa017580,0,data/benign_original/benign/d4dc0252b814418cbd829017307f8b9eadcfee673d33072eb66b9479fa017580.png
cd7cfc6887988852189f367f1f19b59b663172ba62ab8d2a3fc3146e0e4fee0e,0,data/benign_original/benign/cd7cfc6887988852189f367f1f19b59b663172ba62ab8d2a3fc3146e0e4fee0e.png
424451b348b3596f08e28772ee3afb3f16676687f6192746f132394c25112814,0,data/benign_original/benign/424451b348b3596f08e28772ee3afb3f16676687f6192746f132394c25112814.png
db15b17902188788b2da99929b289d7355594a87cdd1e1a42cdfe843a87e9908,0,data/benign_original/benign/db15b17902188788b2da99929b289d7355594a87cdd1e1a42cdfe843a87e9908.png
8e9353fc3c070861eb933c7c33f2d08d7c015496e81b90d48d9ea6d6700ed1ed,0,data/benign_original/benign/8e9353fc3c070861eb933c7c33f2d08d7c015496e81b90d48d9ea6d6700ed1ed.png
1c34fdf2e2c4214d8dc6bc9bf4ced6aa7567ffc4c8b6eccf0867becdd64dce2e,1,data/malware_images/images/njrat/1c34fdf2e2c4214d8dc6bc9bf4ced6aa7567ffc4c8b6eccf0867becdd64dce2e.png
f11d6445ea563c2a1b775aace0efdd43b41c689edb3f9ed781306ac137ed4e88,0,data/benign_original/benign/f11d6445ea563c2a1b775aace0efdd43b41c689edb3f9ed781306ac137ed4e88.png
b1984e46bebbd05b17e89a0dd8a411c62316687267d67d3cc3e0f242c326f6aa,0,data/benign_original/benign/b1984e46bebbd05b17e89a0dd8a411c62316687267d67d3cc3e0f242c326f6aa.png
d7731a1df856d0a19344fd0b80dadd4e4be6b6136236fba6543bb66c1f015e81,0,data/benign_original/benign/d7731a1df856d0a19344fd0b80dadd4e4be6b6136236fba6543bb66c1f015e81.png
f55e4feea037e2b747d9d722e256bb46839f0bf3f5791e5fdb38e8c57c53646a,0,data/benign_original/benign/f55e4feea037e2b747d9d722e256bb46839f0bf3f5791e5fdb38e8c57c53646a.png
693ebb1b8182bd2a68f127b74e7a0dde279d97dfd30a5a5796a87ddcc9356d2a,1,data/malware_images/images/Trickbot/693ebb1b8182bd2a68f127b74e7a0dde279d97dfd30a5a5796a87ddcc9356d2a.png
e4f1280a5a21e8365fda67f10867df642dd410c95f634158227bcc2f392aee24,0,data/benign_original/benign/e4f1280a5a21e8365fda67f10867df642dd410c95f634158227bcc2f392aee24.png
e6e24bb42db2e1da8b6a5147bc6234da90f8602f6dc7e5697bde289753f5bf16,0,data/benign_original/benign/e6e24bb42db2e1da8b6a5147bc6234da90f8602f6dc7e5697bde289753f5bf16.png
c837822583edab940d40369ab63cf160d883862aee787538d29f73a7fcfc04ac,0,data/benign_original/benign/c837822583edab940d40369ab63cf160d883862aee787538d29f73a7fcfc04ac.png
fc5d35783a30822a1d418ee8f08130c450f4465c1dd68ce09241ab77e33c1931,0,data/benign_original/benign/fc5d35783a30822a1d418ee8f08130c450f4465c1dd68ce09241ab77e33c1931.png
e0bfbf4fa5674ca7c543f8b63432ea0044ddcdbdc62caaa39daa4d7e008f77d7,0,data/benign_original/benign/e0bfbf4fa5674ca7c543f8b63432ea0044ddcdbdc62caaa39daa4d7e008f77d7.png
b6f77f06518d35345fb61172b6a13159125ed60c469d28b1a2e07970e9ddf81d,0,data/benign_original/benign/b6f77f06518d35345fb61172b6a13159125ed60c469d28b1a2e07970e9ddf81d.png
cab5577a83571f7bc46dd0bea6a12f7e872f81157a901e8f1a167e159088c33e,0,data/benign_original/benign/cab5577a83571f7bc46dd0bea6a12f7e872f81157a901e8f1a167e159088c33e.png
b227e1bda24bfb829680d22df0e026123ff89fcc41d436742090ef60c5685570,0,data/benign_original/benign/b227e1bda24bfb829680d22df0e026123ff89fcc41d436742090ef60c5685570.png
d34bb73b3755d7fb4d29054815e36fc3a5727dac5d035eb176d1b4f0bd59486a,0,data/benign_original/benign/d34bb73b3755d7fb4d29054815e36fc3a5727dac5d035eb176d1b4f0bd59486a.png
b4407bbc911b08a167535fafcc897efe8a2cfb37b5e42dbff15ceed180dc5226,0,data/benign_original/benign/b4407bbc911b08a167535fafcc897efe8a2cfb37b5e42dbff15ceed180dc5226.png
b364fc78ac147d24a7db60c47a225a4cb4fae486d08cecae16451374bfd99786,0,data/benign_original/benign/b364fc78ac147d24a7db60c47a225a4cb4fae486d08cecae16451374bfd99786.png
ddf9918a205bd5c45f3bd6ef62ccbcbe0bba77e2df3b301613aa910ff34b331e,0,data/benign_original/benign/ddf9918a205bd5c45f3bd6ef62ccbcbe0bba77e2df3b301613aa910ff34b331e.png
bb628386d31f0706c925d7fdd09d99495de77790e39ad046ea696a5f27c217c3,0,data/benign_original/benign/bb628386d31f0706c925d7fdd09d99495de77790e39ad046ea696a5f27c217c3.png
e0ba6bdc6b9eb845ae73224d93b6993edb402168a48f65f4d1e3563b32deeb54,0,data/benign_original/benign/e0ba6bdc6b9eb845ae73224d93b6993edb402168a48f65f4d1e3563b32deeb54.png
c922d66e00527d66c8ecbbf8447fa2b819604a7127f8232c1ce1f18feca0168f,0,data/benign_original/benign/c922d66e00527d66c8ecbbf8447fa2b819604a7127f8232c1ce1f18feca0168f.png
807e34c2bbd237b351177fbf96ac4790a071c58321d2c680fb2c3d0343da6b03,0,data/benign_original/benign/807e34c2bbd237b351177fbf96ac4790a071c58321d2c680fb2c3d0343da6b03.png
ccfc0796348df325e56d1a2f5c3b2f98a16a9d15352cba95f3d1d345817d84e2,0,data/benign_original/benign/ccfc0796348df325e56d1a2f5c3b2f98a16a9d15352cba95f3d1d345817d84e2.png
fb18a61d4b7d2bcea5823cc0ffe0df485f6680bbc22c6a8c534120d96297e678,0,data/benign_original/benign/fb18a61d4b7d2bcea5823cc0ffe0df485f6680bbc22c6a8c534120d96297e678.png
d9ed0891495c9113ca424645e3114c96803b2fe792b7948692c71f93bd839977,0,data/benign_original/benign/d9ed0891495c9113ca424645e3114c96803b2fe792b7948692c71f93bd839977.png
e392467d9e043f6eadc2aa92e4a9def06e4c924964bc80dd9ed784962cd0b8b7,0,data/benign_original/benign/e392467d9e043f6eadc2aa92e4a9def06e4c924964bc80dd9ed784962cd0b8b7.png
2e961cb636044aa2a356f3a45906d03d56744c9ad33e3a00e9d0a08e150ea39f,0,data/benign_original/benign/2e961cb636044aa2a356f3a45906d03d56744c9ad33e3a00e9d0a08e150ea39f.png
b119b94108a257c26dfe868ace9edfac5be9c48ce1df2bfee2f1341318e8a7c8,0,data/benign_original/benign/b119b94108a257c26dfe868ace9edfac5be9c48ce1df2bfee2f1341318e8a7c8.png
d60378c5c744947bd95aa55c3728f70d091cf65805dd6d0ae194cef395b9e1e5,0,data/benign_original/benign/d60378c5c744947bd95aa55c3728f70d091cf65805dd6d0ae194cef395b9e1e5.png
ec6b379e5a519d52cfee6231073da14e2d5c8e196b9d1f20f342d4f9b215b2b0,0,data/benign_original/benign/ec6b379e5a519d52cfee6231073da14e2d5c8e196b9d1f20f342d4f9b215b2b0.png
c8a1fd23b831c97ecaaf88bd6bd7fc0f25cf17456c36ca08a9f2467414ddc610,0,data/benign_original/benign/c8a1fd23b831c97ecaaf88bd6bd7fc0f25cf17456c36ca08a9f2467414ddc610.png
b6a15a9ee41b219fab20783f638a13c6d83b9bb9c4915d83e09695e665448a32,0,data/benign_original/benign/b6a15a9ee41b219fab20783f638a13c6d83b9bb9c4915d83e09695e665448a32.png
f5aaaeae38b708a7a5d1fe4954992fdb127c098053e99493315ee8c3c16a61dc,0,data/benign_original/benign/f5aaaeae38b708a7a5d1fe4954992fdb127c098053e99493315ee8c3c16a61dc.png
ed6131702df41a1c2c4ab1027614bc028c61d54c3261d7090d43838a79bd9266,0,data/benign_original/benign/ed6131702df41a1c2c4ab1027614bc028c61d54c3261d7090d43838a79bd9266.png
f38960c4ef2e7b5df22c66616f65a285f7989774a9bcef2e081474fade16892d,0,data/benign_original/benign/f38960c4ef2e7b5df22c66616f65a285f7989774a9bcef2e081474fade16892d.png
c1e92d7ebecd706c7bb6c2785461e380263fd5dd89f88270f4b7e6a8f72c8659,0,data/benign_original/benign/c1e92d7ebecd706c7bb6c2785461e380263fd5dd89f88270f4b7e6a8f72c8659.png
dbc03550bb3cdad83ceb90a68e548e511d3cbba57e60ac4993ca45178625886e,0,data/benign_original/benign/dbc03550bb3cdad83ceb90a68e548e511d3cbba57e60ac4993ca45178625886e.png
8b61913b854c29c0fcb366458b693a9ee8edbacd4cea05898f4f5ef5cfe4b793,0,data/benign_original/benign/8b61913b854c29c0fcb366458b693a9ee8edbacd4cea05898f4f5ef5cfe4b793.png
f93c3fbdba101604685b739b1dee219ecb69c71bb399638f1035abd93b288068,0,data/benign_original/benign/f93c3fbdba101604685b739b1dee219ecb69c71bb399638f1035abd93b288068.png
b7914c8d50d7770ac4bd89508b1db997e000b23da32f5076f0646eb38d834087,0,data/benign_original/benign/b7914c8d50d7770ac4bd89508b1db997e000b23da32f5076f0646eb38d834087.png
7320783c6e2941f13cbf3cdc75e649f6d8c1054175aa264693a404cec20f4590,0,data/benign_original/benign/7320783c6e2941f13cbf3cdc75e649f6d8c1054175aa264693a404cec20f4590.png
e6187f341c4baf540a1a9e5c286df15e365ede84c5b3ea29bf1a879acecf3f67,1,data/malware_images/images/Trickbot/e6187f341c4baf540a1a9e5c286df15e365ede84c5b3ea29bf1a879acecf3f67.png
a22f5cc6371cf993cac40f066a86d758227265c9454b5c06de175b17e17f9b1c,0,data/benign_original/benign/a22f5cc6371cf993cac40f066a86d758227265c9454b5c06de175b17e17f9b1c.png
535d9ea8428481430462dacdbbe737d35a97ac4ee6ac42f077cf4ab596d4bc84,1,data/malware_images/images/njrat/535d9ea8428481430462dacdbbe737d35a97ac4ee6ac42f077cf4ab596d4bc84.png
fd5e94eef1b4654ffb32d722b445e1bf6ce087b21d3799bce32fbdbe49806574,0,data/benign_original/benign/fd5e94eef1b4654ffb32d722b445e1bf6ce087b21d3799bce32fbdbe49806574.png
cf0f39dcd356bc0e4564bc5eaddc88120ff9e90d3ce20eeeaeae0024fd994228,0,data/benign_original/benign/cf0f39dcd356bc0e4564bc5eaddc88120ff9e90d3ce20eeeaeae0024fd994228.png
bd36cf4628db5137e17b92a09ce16f877a5af06d6fd260e595f71112ad5a6d02,0,data/benign_original/benign/bd36cf4628db5137e17b92a09ce16f877a5af06d6fd260e595f71112ad5a6d02.png
b35fb6f1af6441f5897f8a40e73289749af4ef591881337d2bc5ba9acd76592f,0,data/benign_original/benign/b35fb6f1af6441f5897f8a40e73289749af4ef591881337d2bc5ba9acd76592f.png
b42a33d9aeea2bdcf101f8ad791e724fcb5a56352686c3b3160424e36b80e84e,0,data/benign_original/benign/b42a33d9aeea2bdcf101f8ad791e724fcb5a56352686c3b3160424e36b80e84e.png
ef9c94ec09a7fb945f3f79774c3e8f44a08dec0c3fe706c964e9f7df617245f6,0,data/benign_original/benign/ef9c94ec09a7fb945f3f79774c3e8f44a08dec0c3fe706c964e9f7df617245f6.png
dc10ceb16db0b7e17532432b65bc083dad365b06be20d4f3801ae0ef38369b6c,0,data/benign_original/benign/dc10ceb16db0b7e17532432b65bc083dad365b06be20d4f3801ae0ef38369b6c.png
ed0855b522f09b5a9ddbb85de62042c25e07d10044086da8620c845de41e473c,0,data/benign_original/benign/ed0855b522f09b5a9ddbb85de62042c25e07d10044086da8620c845de41e473c.png
f9ed0155b6015f11ff8036c67adecc85fc6ae1256420cc0564a15f452d124cc9,0,data/benign_original/benign/f9ed0155b6015f11ff8036c67adecc85fc6ae1256420cc0564a15f452d124cc9.png
eca63fc5c873ce8b36c507e2b9a88caaea9617c84669886b15f6bc38bd0024c6,0,data/benign_original/benign/eca63fc5c873ce8b36c507e2b9a88caaea9617c84669886b15f6bc38bd0024c6.png
ed0170d3de86da33e02bfa1605eec8ff6010583481b1c530843867c1939d2185,0,data/benign_original/benign/ed0170d3de86da33e02bfa1605eec8ff6010583481b1c530843867c1939d2185.png
cc4738dc334ba5393d3ca703a6e76b407617e55423047ecfbad638e1f6b36399,0,data/benign_original/benign/cc4738dc334ba5393d3ca703a6e76b407617e55423047ecfbad638e1f6b36399.png
fc373b3933db2efe15c884dbf0ec4fbb89fdebcdb7a93eb463ad3a97f673a909,0,data/benign_original/benign/fc373b3933db2efe15c884dbf0ec4fbb89fdebcdb7a93eb463ad3a97f673a909.png
eb4c01207fb5882cbb29d285c8be55134b91d347d4221d522638d383e046c06a,0,data/benign_original/benign/eb4c01207fb5882cbb29d285c8be55134b91d347d4221d522638d383e046c06a.png
f16e5795fac7a97fc1ffb5d049c011ee5f0dcdc4c6393664b6a9d94f949fdf0f,0,data/benign_original/benign/f16e5795fac7a97fc1ffb5d049c011ee5f0dcdc4c6393664b6a9d94f949fdf0f.png
d0b55519c39ad283edef2c139fd8b6fb6a61f125883ae83b58d405c859696059,0,data/benign_original/benign/d0b55519c39ad283edef2c139fd8b6fb6a61f125883ae83b58d405c859696059.png
0758b74302db6964914e3117fb52f6b0cd4dd84d2b6c1df1aeabd2d4343acf88,0,data/benign_original/benign/0758b74302db6964914e3117fb52f6b0cd4dd84d2b6c1df1aeabd2d4343acf88.png
9218587cc2ec79cf6201a94fb7402e511dd03cb3cc860dc83c0454cf55d04d24,0,data/benign_original/benign/9218587cc2ec79cf6201a94fb7402e511dd03cb3cc860dc83c0454cf55d04d24.png
d970667ddea3d1d632dfab6d24c9e472b2a3a0f4644dd2a14083cf3483fb21fa,0,data/benign_original/benign/d970667ddea3d1d632dfab6d24c9e472b2a3a0f4644dd2a14083cf3483fb21fa.png
e15feeecf4a295395aad0b4dc84f3c23368552e7fad63243a9c617be09393144,0,data/benign_original/benign/e15feeecf4a295395aad0b4dc84f3c23368552e7fad63243a9c617be09393144.png
016584e586de67b725ac1e3974fcca320bf81c8c489ebb17d9909735d517e7ae,0,data/benign_original/benign/016584e586de67b725ac1e3974fcca320bf81c8c489ebb17d9909735d517e7ae.png
ee4d1bd00f41a411f4eaf80c49b6aac81a0d6e70bccb2eeb429c661149ac23a8,0,data/benign_original/benign/ee4d1bd00f41a411f4eaf80c49b6aac81a0d6e70bccb2eeb429c661149ac23a8.png
55b8b84b624767c78a3ba733e577c4bdcd41fe9efa691725376a74077314e436,1,data/malware_images/images/njrat/55b8b84b624767c78a3ba733e577c4bdcd41fe9efa691725376a74077314e436.png
efa1edfa3c78e79c26c4256bac4ec72a01973fc8d04fef708dfcf5dd8fe1d808,0,data/benign_original/benign/efa1edfa3c78e79c26c4256bac4ec72a01973fc8d04fef708dfcf5dd8fe1d808.png
cf29aac4fc3bc4da19f2d8789fb8082c97e74b36698b88c60427007fc109c372,0,data/benign_original/benign/cf29aac4fc3bc4da19f2d8789fb8082c97e74b36698b88c60427007fc109c372.png
f1c4743cf938c1cf5cc472fa6315930781edf005e4714c3bc78f543b71456657,0,data/benign_original/benign/f1c4743cf938c1cf5cc472fa6315930781edf005e4714c3bc78f543b71456657.png
da5238def728413ecf85c27cc7f5d4a8b625dd527088e3378b0f4eca29f37b67,0,data/benign_original/benign/da5238def728413ecf85c27cc7f5d4a8b625dd527088e3378b0f4eca29f37b67.png
cfaf6c143c04a4f7e177e467ae2d0e94c212aa66a22b8b344ef82d79125f6eae,0,data/benign_original/benign/cfaf6c143c04a4f7e177e467ae2d0e94c212aa66a22b8b344ef82d79125f6eae.png
e9a9d281c1a708aaae366f82fd6a1742f65da2918cc4fa5eaaaada0be24277d9,0,data/benign_original/benign/e9a9d281c1a708aaae366f82fd6a1742f65da2918cc4fa5eaaaada0be24277d9.png
e29835e30a82311d856dc8ac8ba70b5f10f9cd6465a76a0f6423ed1b36dad744,0,data/benign_original/benign/e29835e30a82311d856dc8ac8ba70b5f10f9cd6465a76a0f6423ed1b36dad744.png
ef475a9781a4d5d449b86388c645059131561d71b4fa3b7e53b00eb13f8c88b5,0,data/benign_original/benign/ef475a9781a4d5d449b86388c645059131561d71b4fa3b7e53b00eb13f8c88b5.png
c0c18d7edea1ed88a6f83d18af477f4128fb7c1f7399ef79100213ac913443df,0,data/benign_original/benign/c0c18d7edea1ed88a6f83d18af477f4128fb7c1f7399ef79100213ac913443df.png
b5b0b458e530c100248bafe9243812ffb15119d045a8cde354c8cc6689682450,0,data/benign_original/benign/b5b0b458e530c100248bafe9243812ffb15119d045a8cde354c8cc6689682450.png
809bb93af12ab0735cb76578c0cf7014cc84fadfcbf2a0daad5a73a239d94441,0,data/benign_original/benign/809bb93af12ab0735cb76578c0cf7014cc84fadfcbf2a0daad5a73a239d94441.png
b522238e2200f8bffc40de7b122e203804c448ea9b81ffe2b094eaacefbbe075,0,data/benign_original/benign/b522238e2200f8bffc40de7b122e203804c448ea9b81ffe2b094eaacefbbe075.png
b7e5de96f2019e9dff5584d52e70128394341001335e0901327efdd798b37875,1,data/malware_images/images/Trickbot/b7e5de96f2019e9dff5584d52e70128394341001335e0901327efdd798b37875.png
3bc5906d625e95dfb4744c2baa1e1a5d1b3f73ee663cc149f02ef7eaf23986c0,0,data/benign_original/benign/3bc5906d625e95dfb4744c2baa1e1a5d1b3f73ee663cc149f02ef7eaf23986c0.png
c5f725dc7d81233208b3113884d5056552a319d068f0aa5c2e1a189f2c07afd7,0,data/benign_original/benign/c5f725dc7d81233208b3113884d5056552a319d068f0aa5c2e1a189f2c07afd7.png
d14ffe6cab2ddf73e52f23ad79510727d6a727a392f8740835d3424f79beb8d8,0,data/benign_original/benign/d14ffe6cab2ddf73e52f23ad79510727d6a727a392f8740835d3424f79beb8d8.png
ddb1de29b7d323edc53553e28194e92bd9e5b1a8841585bb5038ba771b60294e,0,data/benign_original/benign/ddb1de29b7d323edc53553e28194e92bd9e5b1a8841585bb5038ba771b60294e.png
be2bcdc9c0ff4a2865c8e5296f6a3c87c22411ff268e5eff30fdcf5f8b2561e2,0,data/benign_original/benign/be2bcdc9c0ff4a2865c8e5296f6a3c87c22411ff268e5eff30fdcf5f8b2561e2.png
bb70ac207ca785621f5524530b2ffe81386a55d98a0f49323ff0f2ced61ab749,0,data/benign_original/benign/bb70ac207ca785621f5524530b2ffe81386a55d98a0f49323ff0f2ced61ab749.png
afe00cc7b4fa4a6ce03b077f0702ed5f57bac6212edbbda7ec2764c6ebb1b8c9,0,data/benign_original/benign/afe00cc7b4fa4a6ce03b077f0702ed5f57bac6212edbbda7ec2764c6ebb1b8c9.png
ce730c5c11594a5c007e8ab5f96ff382777dc6a20396d0eb9a02c4e5489937a8,0,data/benign_original/benign/ce730c5c11594a5c007e8ab5f96ff382777dc6a20396d0eb9a02c4e5489937a8.png
c333ab6bd97f538cef83db77ee9625adb7d4f5a0a8f3b6d53c7f7fca55624736,0,data/benign_original/benign/c333ab6bd97f538cef83db77ee9625adb7d4f5a0a8f3b6d53c7f7fca55624736.png
cedbc98845d1956a212b4ef66e7a9516b599ef3a81ff2ca8c3ce15fe7e7f87fd,1,data/malware_images/images/Trickbot/cedbc98845d1956a212b4ef66e7a9516b599ef3a81ff2ca8c3ce15fe7e7f87fd.png
d43b10891b29de37eae10a2b05797a93c03f4f14039eff4598d3a28836b3274a,0,data/benign_original/benign/d43b10891b29de37eae10a2b05797a93c03f4f14039eff4598d3a28836b3274a.png
da9f83de4f0cb042d32c1bfabfe4f10dcd3bb7c22d7a3b248a03d15023086927,0,data/benign_original/benign/da9f83de4f0cb042d32c1bfabfe4f10dcd3bb7c22d7a3b248a03d15023086927.png
d63015093c48c418d4dc1fb5de42853d38120958547ec83b72950b7a555d23b0,0,data/benign_original/benign/d63015093c48c418d4dc1fb5de42853d38120958547ec83b72950b7a555d23b0.png
cc8737a47cfb3242dfd257915196201aecd10664351ad8a00a330f76598eff6f,0,data/benign_original/benign/cc8737a47cfb3242dfd257915196201aecd10664351ad8a00a330f76598eff6f.png
eac814cee400a078e2d549ba6e3d7bd09d1bc9805a1c6c9ec0610a0e558472a1,0,data/benign_original/benign/eac814cee400a078e2d549ba6e3d7bd09d1bc9805a1c6c9ec0610a0e558472a1.png
e3e678cf023f3c928bb90e0adf945f92b4ea4762343a8c243fbc114277b92a09,0,data/benign_original/benign/e3e678cf023f3c928bb90e0adf945f92b4ea4762343a8c243fbc114277b92a09.png
fe3ba55bb061659177c14fb1466414c3c5cc3db0ee3341b90b95e0e1e215d137,0,data/benign_original/benign/fe3ba55bb061659177c14fb1466414c3c5cc3db0ee3341b90b95e0e1e215d137.png
8544976ce1fab7c02eb16f9ad67090cf12eaf25929660fc27ceb0536d49fb37f,0,data/benign_original/benign/8544976ce1fab7c02eb16f9ad67090cf12eaf25929660fc27ceb0536d49fb37f.png
dd4fdd315ffe4381559e8c14017da5f3c88c68094b380d153f73b99f04d6c274,0,data/benign_original/benign/dd4fdd315ffe4381559e8c14017da5f3c88c68094b380d153f73b99f04d6c274.png
faeef94db490bd62941dcfcc0623475a4acd0c55bfe43105de01f78b5de65840,0,data/benign_original/benign/faeef94db490bd62941dcfcc0623475a4acd0c55bfe43105de01f78b5de65840.png
eb9449aaba20df597243899daf5b8e181f1ecd72041e5737f4f0db7fae6b77a7,0,data/benign_original/benign/eb9449aaba20df597243899daf5b8e181f1ecd72041e5737f4f0db7fae6b77a7.png
e8e20aca11b44767ad93be3957db8812f5747787b71094ab21d4818a812bef9e,0,data/benign_original/benign/e8e20aca11b44767ad93be3957db8812f5747787b71094ab21d4818a812bef9e.png
e20d3876825a38fc13ee286a0b2c9c01d897d4d0e5671970b858665097d2c875,0,data/benign_original/benign/e20d3876825a38fc13ee286a0b2c9c01d897d4d0e5671970b858665097d2c875.png
b58870dc7dc49ccf209d10dddfa901c6118c05a05b893fdf86aa7d63304f202f,0,data/benign_original/benign/b58870dc7dc49ccf209d10dddfa901c6118c05a05b893fdf86aa7d63304f202f.png
f962af0308fd644c338e235c944ca22d7111de3a80764cdacb4d365ec0b91373,0,data/benign_original/benign/f962af0308fd644c338e235c944ca22d7111de3a80764cdacb4d365ec0b91373.png
c17ee22de6897f89917d1b60c176028bee0a0c2d990f918b83c59669ce599a80,0,data/benign_original/benign/c17ee22de6897f89917d1b60c176028bee0a0c2d990f918b83c59669ce599a80.png
d404d3ba3c1dedffba1dc5b3257c36978ac1e5dad861a687b9b0f8c37a95cfc0,0,data/benign_original/benign/d404d3ba3c1dedffba1dc5b3257c36978ac1e5dad861a687b9b0f8c37a95cfc0.png
d7169d1df08de361fb54d37f9b377bb93e3b20e165758d84276a4c7162464f5f,0,data/benign_original/benign/d7169d1df08de361fb54d37f9b377bb93e3b20e165758d84276a4c7162464f5f.png
ffc925212a334bcaa4b9c7f497972d4fd929b9a602a7dd8fe197d3efc92b3aaf,0,data/benign_original/benign/ffc925212a334bcaa4b9c7f497972d4fd929b9a602a7dd8fe197d3efc92b3aaf.png
d96c7978f84bda8bbcc725ef133e3695f33aff6f479a775d2089f2bc66f7be77,0,data/benign_original/benign/d96c7978f84bda8bbcc725ef133e3695f33aff6f479a775d2089f2bc66f7be77.png
f669339ee468f152a235ef733c203bece06290b34151d71d777567d2ae17b5c1,0,data/benign_original/benign/f669339ee468f152a235ef733c203bece06290b34151d71d777567d2ae17b5c1.png
d3492829c58aea3bef8f10ff7a75879c5c869118e172d8642d3acf00e2215943,0,data/benign_original/benign/d3492829c58aea3bef8f10ff7a75879c5c869118e172d8642d3acf00e2215943.png
bdfc291721a8a2e2e1987b3f5505b8ac4e6391a4269e89583f8128e7d14ade85,0,data/benign_original/benign/bdfc291721a8a2e2e1987b3f5505b8ac4e6391a4269e89583f8128e7d14ade85.png
bce696dc8958f7b4d7a659aa87945f23ac011a8351fe6d9c2db44c95386cd1af,0,data/benign_original/benign/bce696dc8958f7b4d7a659aa87945f23ac011a8351fe6d9c2db44c95386cd1af.png
b19e48386039bf51b8147cfe16c4eb7091fe68637c78c2572f797f242332c05b,0,data/benign_original/benign/b19e48386039bf51b8147cfe16c4eb7091fe68637c78c2572f797f242332c05b.png
c58ffe884d088cae9121a01ca6162da89506cf9ce4de35b9668706f09539d621,0,data/benign_original/benign/c58ffe884d088cae9121a01ca6162da89506cf9ce4de35b9668706f09539d621.png
b283ffad4d61c5b6891b03de7247492b783a2813e360c7cf5a83b2b7cd1782d6,0,data/benign_original/benign/b283ffad4d61c5b6891b03de7247492b783a2813e360c7cf5a83b2b7cd1782d6.png
b59177f953ac388f1b838f96f8e94df22c7075261bba6bd49f1b64644aaf28c9,0,data/benign_original/benign/b59177f953ac388f1b838f96f8e94df22c7075261bba6bd49f1b64644aaf28c9.png
35a2d73b7a196673c4056e18c44729cf65806f55763aa6c026776f77509b3344,0,data/benign_original/benign/35a2d73b7a196673c4056e18c44729cf65806f55763aa6c026776f77509b3344.png
c4bca0ed6204c178a7bc6a8df913d6f0771787726c146ab5e844c2ec4876ce9f,0,data/benign_original/benign/c4bca0ed6204c178a7bc6a8df913d6f0771787726c146ab5e844c2ec4876ce9f.png
b4826e3700a43522af97418b56dfddf97c4a2f10c1efdac3f060cd5b8f16755f,0,data/benign_original/benign/b4826e3700a43522af97418b56dfddf97c4a2f10c1efdac3f060cd5b8f16755f.png
887a73dd182c064135d8451dc7a1c04b9dd19c89e1ec012b5dd22bac52116e6a,1,data/malware_images/images/IcedID/887a73dd182c064135d8451dc7a1c04b9dd19c89e1ec012b5dd22bac52116e6a.png
f1c48eb812cfadfaf6e319ab425cb729a6ad02c2c3b88b726839d4888d0cf6ff,1,data/malware_images/images/GuLoader/f1c48eb812cfadfaf6e319ab425cb729a6ad02c2c3b88b726839d4888d0cf6ff.png
fecc1365cc1a49cc521cb2d849a71fb10bea2cca3d45cbb7cd81e0b2aacf6620,0,data/benign_original/benign/fecc1365cc1a49cc521cb2d849a71fb10bea2cca3d45cbb7cd81e0b2aacf6620.png
b40613d1ca622a946e39455605464de028cf00097f93c4cf196365c338af88ee,0,data/benign_original/benign/b40613d1ca622a946e39455605464de028cf00097f93c4cf196365c338af88ee.png
f6aa96934bb1474197ec17206c8b3c50349a5332c92b2e0372c81593619bd3f2,0,data/benign_original/benign/f6aa96934bb1474197ec17206c8b3c50349a5332c92b2e0372c81593619bd3f2.png
f873a981001e7a8cd3545928d623088ac8c225676fde6aba2f6a90d134820cbf,0,data/benign_original/benign/f873a981001e7a8cd3545928d623088ac8c225676fde6aba2f6a90d134820cbf.png
e09ddd12a0eadec9b0cbbb16186fbe623a17798c184c6f8da00c5b4c434c4701,0,data/benign_original/benign/e09ddd12a0eadec9b0cbbb16186fbe623a17798c184c6f8da00c5b4c434c4701.png
ea4e9134029cb4f9a8e80302bdcfa24db29ed262f9eab82e1d6c7624bfbac907,0,data/benign_original/benign/ea4e9134029cb4f9a8e80302bdcfa24db29ed262f9eab82e1d6c7624bfbac907.png
f1222b19daf73f2129a4add73e5fde6584acbf29bf07b8fade19ff7cb317250f,0,data/benign_original/benign/f1222b19daf73f2129a4add73e5fde6584acbf29bf07b8fade19ff7cb317250f.png
b7baf4cbaa1c58c0592281e81e469b62ac08a214ac7157f939eaeec56e6678cb,0,data/benign_original/benign/b7baf4cbaa1c58c0592281e81e469b62ac08a214ac7157f939eaeec56e6678cb.png
bf4abbd6c8493a43e135ed4b711f0fc77b9677b72045ac61b9f771a092e2d842,0,data/benign_original/benign/bf4abbd6c8493a43e135ed4b711f0fc77b9677b72045ac61b9f771a092e2d842.png
a3249c5307d17cd6ec706ec47b14d658ac3049673ffa527ba5f76a95e50103e0,0,data/benign_original/benign/a3249c5307d17cd6ec706ec47b14d658ac3049673ffa527ba5f76a95e50103e0.png
fb27e4a9c39dc2140facd830f1a64c55e0b7081efcc7ebf2018b7c37728f9493,0,data/benign_original/benign/fb27e4a9c39dc2140facd830f1a64c55e0b7081efcc7ebf2018b7c37728f9493.png
44b6a440aa28893b3a9d20a9d3b729a3da38e27934db839b7b427331f814319d,0,data/benign_original/benign/44b6a440aa28893b3a9d20a9d3b729a3da38e27934db839b7b427331f814319d.png
fa076e3e5ecfd1c957743d9c90122d24c8f9bf1b00d8a7e452a46686f03550d4,0,data/benign_original/benign/fa076e3e5ecfd1c957743d9c90122d24c8f9bf1b00d8a7e452a46686f03550d4.png
e614bb23131efe77b8ef6cfe08a28ceec7a9adccc03d183b7a287ac6c822de1f,0,data/benign_original/benign/e614bb23131efe77b8ef6cfe08a28ceec7a9adccc03d183b7a287ac6c822de1f.png
bf7cf93dce7c33a2a90cd057709fce1c11d8695ef64acfbcaada498ae16fc955,0,data/benign_original/benign/bf7cf93dce7c33a2a90cd057709fce1c11d8695ef64acfbcaada498ae16fc955.png
d554eb7a35d078346d9a38ec6b7cd040f252d275334d03a5f97176ce209e02d2,1,data/malware_images/images/Heodo/d554eb7a35d078346d9a38ec6b7cd040f252d275334d03a5f97176ce209e02d2.png
b43bdd50b3447b34269da6cb006942a16fcca55778d2032c966ccd2c058239f1,0,data/benign_original/benign/b43bdd50b3447b34269da6cb006942a16fcca55778d2032c966ccd2c058239f1.png
45d82ff82b57f8403e6d0167f2e8c91f682f43dead77b74870a01a56a78a0652,0,data/benign_original/benign/45d82ff82b57f8403e6d0167f2e8c91f682f43dead77b74870a01a56a78a0652.png
0b11f3778d1d96107421fbc33a8867aaa27a270398456b9714967f5b66d47fa1,0,data/benign_original/benign/0b11f3778d1d96107421fbc33a8867aaa27a270398456b9714967f5b66d47fa1.png
ce7a1dccaff8dc0a08b31d7ef7e44561175147fcae2ced38e1a536d3a9c4abad,0,data/benign_original/benign/ce7a1dccaff8dc0a08b31d7ef7e44561175147fcae2ced38e1a536d3a9c4abad.png
d58b5a9e31ed72963dac5f5ddf6da5c536d88d816ab1da877c55e3b6ac8e4ae8,0,data/benign_original/benign/d58b5a9e31ed72963dac5f5ddf6da5c536d88d816ab1da877c55e3b6ac8e4ae8.png
fa7e95675dacc5c3bd90e758cac31e72234cefa245f0b5ecaca3a2021f68c00c,0,data/benign_original/benign/fa7e95675dacc5c3bd90e758cac31e72234cefa245f0b5ecaca3a2021f68c00c.png
c9624b5566927a647adc230be85c1f9562b81d9ef1cdb8d3492233210a35a643,0,data/benign_original/benign/c9624b5566927a647adc230be85c1f9562b81d9ef1cdb8d3492233210a35a643.png
d25f3b317cc7de1597ff30ca83c9cd7b15e20f4719946f3e18a9244a1c732f61,0,data/benign_original/benign/d25f3b317cc7de1597ff30ca83c9cd7b15e20f4719946f3e18a9244a1c732f61.png
f393396cb12fb0977e50fbbfd5a0ba7e28b97fe93b68a91a6fcbbfbd24cea8bc,0,data/benign_original/benign/f393396cb12fb0977e50fbbfd5a0ba7e28b97fe93b68a91a6fcbbfbd24cea8bc.png
d0188bda26aee8652466ba0cc53457fc736d00e2eefd33901a0b0ae978c8b362,0,data/benign_original/benign/d0188bda26aee8652466ba0cc53457fc736d00e2eefd33901a0b0ae978c8b362.png
d19faede1bf22f1bdeab1df0d7d912b4d486cbadcf4cfc006581f5efe0eb84c7,0,data/benign_original/benign/d19faede1bf22f1bdeab1df0d7d912b4d486cbadcf4cfc006581f5efe0eb84c7.png
dfb579b0ad9fcbad2c234dcf56f71fcf8f95dd624b00bf1ab602da0277f57b76,0,data/benign_original/benign/dfb579b0ad9fcbad2c234dcf56f71fcf8f95dd624b00bf1ab602da0277f57b76.png
e48999c95efae0d705180b3875a457990468aac8b91c569ef5fdad21362d29a4,0,data/benign_original/benign/e48999c95efae0d705180b3875a457990468aac8b91c569ef5fdad21362d29a4.png
f992f53cc0ee7931cf78e3aedd86fcd5109c25525a7cd8bfcbc28ff189987a7a,0,data/benign_original/benign/f992f53cc0ee7931cf78e3aedd86fcd5109c25525a7cd8bfcbc28ff189987a7a.png
ef0865290d3ee70c699ff85c4d196e65896156d0bdbe14a6953faf747466b70c,0,data/benign_original/benign/ef0865290d3ee70c699ff85c4d196e65896156d0bdbe14a6953faf747466b70c.png
bdc6bd27de16a8e449eb3d11c4d4b793194fcec6518297ecef5855c96df49d69,0,data/benign_original/benign/bdc6bd27de16a8e449eb3d11c4d4b793194fcec6518297ecef5855c96df49d69.png
b627693a6da414806177b593eea810cb4ae9b56ad07654d6aa54b7f3480255f8,0,data/benign_original/benign/b627693a6da414806177b593eea810cb4ae9b56ad07654d6aa54b7f3480255f8.png
c15776a93f43718f722690bc43c7d60c9f772692f53e6c908e0a1fb5d2068a03,0,data/benign_original/benign/c15776a93f43718f722690bc43c7d60c9f772692f53e6c908e0a1fb5d2068a03.png
ce99f68ce19ca7f2796a6a28b7a9ec37d69b7ad493ef4a1981d471fd7bb5bf0b,0,data/benign_original/benign/ce99f68ce19ca7f2796a6a28b7a9ec37d69b7ad493ef4a1981d471fd7bb5bf0b.png
c0fc01011ae55b7ec4df1e1b2d17f00fefa44669246fc24af61c428be51c04d4,0,data/benign_original/benign/c0fc01011ae55b7ec4df1e1b2d17f00fefa44669246fc24af61c428be51c04d4.png
dc4a4aabaa2db2cd79d01d12e35ae7402a4aa8193660141c30ee216cf27f189a,0,data/benign_original/benign/dc4a4aabaa2db2cd79d01d12e35ae7402a4aa8193660141c30ee216cf27f189a.png
387d26467015fe41d1a694b0dc9f3a4a52e7e57f4ec0cfc63d636bef1d9f4df7,0,data/benign_original/benign/387d26467015fe41d1a694b0dc9f3a4a52e7e57f4ec0cfc63d636bef1d9f4df7.png
cda3ad0b204b3206929e2ac16aa8a3e4a99b849fffc3575d509402619885dc11,0,data/benign_original/benign/cda3ad0b204b3206929e2ac16aa8a3e4a99b849fffc3575d509402619885dc11.png
2ba3a31aee05663ecfed283eec76468309b8ec67ec161b24c5edafed84dd9516,0,data/benign_original/benign/2ba3a31aee05663ecfed283eec76468309b8ec67ec161b24c5edafed84dd9516.png
e5f310d6d083735c286c76f77a03e4dcea7098fa2c8c42f7c9a18c9ab8f83502,0,data/benign_original/benign/e5f310d6d083735c286c76f77a03e4dcea7098fa2c8c42f7c9a18c9ab8f83502.png
ce79d9326f1276ff481b1c74a97447b2167ca0ebb4076c09c8984ed4af893c79,0,data/benign_original/benign/ce79d9326f1276ff481b1c74a97447b2167ca0ebb4076c09c8984ed4af893c79.png
e1c508f3931988440b17bace11699a8827f52f38b4c4218ae130d1ec09c6fcef,0,data/benign_original/benign/e1c508f3931988440b17bace11699a8827f52f38b4c4218ae130d1ec09c6fcef.png
b57eeda862705a57a306c497645edfe2d1701242420ea573a42011698551fb50,0,data/benign_original/benign/b57eeda862705a57a306c497645edfe2d1701242420ea573a42011698551fb50.png
c2137b0fda3b0fa98ea49de4e6042f65c52377cb51093d10604f368d63039e1e,0,data/benign_original/benign/c2137b0fda3b0fa98ea49de4e6042f65c52377cb51093d10604f368d63039e1e.png
91d062fc6fde3f8556d176477609cc5760f50b97cedb7d913d2e0fdde4394982,1,data/malware_images/images/njrat/91d062fc6fde3f8556d176477609cc5760f50b97cedb7d913d2e0fdde4394982.png
