sha256,label,image_path
00eea85752664955047caad7d6280bc7bf1ab91c61eb9a2542c26b747a12e963,0,data/exp2_images/benign_packed/00eea85752664955047caad7d6280bc7bf1ab91c61eb9a2542c26b747a12e963.png
0111bddac92a792c7b2ee3ab77642c33df0e01afe737b0d1fa0cbbf331d9572c,0,data/exp2_images/benign_packed/0111bddac92a792c7b2ee3ab77642c33df0e01afe737b0d1fa0cbbf331d9572c.png
0222aaf048e5bc28f88d03862f133bc444d358f06201e00dcc93422c81e5bcca,0,data/exp2_images/benign_packed/0222aaf048e5bc28f88d03862f133bc444d358f06201e00dcc93422c81e5bcca.png
03aed529543ac4ce2d9bb6b325f59686a06f1e9df112cf719a8e5222fffda801,0,data/exp2_images/benign_packed/03aed529543ac4ce2d9bb6b325f59686a06f1e9df112cf719a8e5222fffda801.png
046041aba6ba77534c36bb0c2496408d23c6a09f930c46b392f1edc70dfd66de,0,data/exp2_images/benign_packed/046041aba6ba77534c36bb0c2496408d23c6a09f930c46b392f1edc70dfd66de.png
04b6a35bc504401989b9e674c57c9e84d0cbdbbd9d8ce0ce83d7ceca0b7175ed,0,data/exp2_images/benign_packed/04b6a35bc504401989b9e674c57c9e84d0cbdbbd9d8ce0ce83d7ceca0b7175ed.png
0524d1cc0e49105631e29f5e13f5dd2d1eb580899297b29cf67aa9644da62e20,0,data/exp2_images/benign_packed/0524d1cc0e49105631e29f5e13f5dd2d1eb580899297b29cf67aa9644da62e20.png
056ef243d86778e7a84a840a8562f14ae6dcf1a00492bc82c74b2d1e3c165056,0,data/exp2_images/benign_packed/056ef243d86778e7a84a840a8562f14ae6dcf1a00492bc82c74b2d1e3c165056.png
06d3bd670c46143e9be699702988eaa75f17255ca6f0c92d78780c95344eb72d,0,data/exp2_images/benign_packed/06d3bd670c46143e9be699702988eaa75f17255ca6f0c92d78780c95344eb72d.png
0727bb0cfd046e9c9b57c0e23b6fe1664a369cfdd2aaf7efa78a22e5dfb3f4f2,0,data/exp2_images/benign_packed/0727bb0cfd046e9c9b57c0e23b6fe1664a369cfdd2aaf7efa78a22e5dfb3f4f2.png
0945da9d00b2629379df481a2be0d9d420c05a727ec2dcbc16255acfd76a8cb3,0,data/exp2_images/benign_packed/0945da9d00b2629379df481a2be0d9d420c05a727ec2dcbc16255acfd76a8cb3.png
0a464a3765ffc0c23cf47345bf1185426af8e6b5711e015ca18027afcac2f2e0,0,data/exp2_images/benign_packed/0a464a3765ffc0c23cf47345bf1185426af8e6b5711e015ca18027afcac2f2e0.png
0b11f3778d1d96107421fbc33a8867aaa27a270398456b9714967f5b66d47fa1,0,data/exp2_images/benign_packed/0b11f3778d1d96107421fbc33a8867aaa27a270398456b9714967f5b66d47fa1.png
0b832ebbd0d324e28292d883ad532fd64a344c82360cf7fa052b4028559b4427,0,data/exp2_images/benign_packed/0b832ebbd0d324e28292d883ad532fd64a344c82360cf7fa052b4028559b4427.png
0bf9cfc88d56b52982655b56d577f69d2ee4b136908684015001c52c64f0a84b,0,data/exp2_images/benign_packed/0bf9cfc88d56b52982655b56d577f69d2ee4b136908684015001c52c64f0a84b.png
0cbb62444aced953e07c6023cf61dd7ddc81cd759f6161f997e4e8723b0e79ca,0,data/exp2_images/benign_packed/0cbb62444aced953e07c6023cf61dd7ddc81cd759f6161f997e4e8723b0e79ca.png
0d8d47b0b0bf9291e01f426782ba721d5be30ea9b2547f315c7ca48c367b2aa9,0,data/exp2_images/benign_packed/0d8d47b0b0bf9291e01f426782ba721d5be30ea9b2547f315c7ca48c367b2aa9.png
0db49b91804cdc30b301e0cb42ac19b1db4d13467bbd66444abfcdac2da4f6b6,0,data/exp2_images/benign_packed/0db49b91804cdc30b301e0cb42ac19b1db4d13467bbd66444abfcdac2da4f6b6.png
0dd503759a2e0b3c2cf8568ae463ea7ad13abd9a80f387df762a7fa63edd5166,0,data/exp2_images/benign_packed/0dd503759a2e0b3c2cf8568ae463ea7ad13abd9a80f387df762a7fa63edd5166.png
0e3de1806def011049d011b07a3a012cecce53cac8ff49f52ecf6db96aa0dcdc,0,data/exp2_images/benign_packed/0e3de1806def011049d011b07a3a012cecce53cac8ff49f52ecf6db96aa0dcdc.png
10587da0677bce0b2dc71caaa56276dc6b950e875544520251a8aac3074862f5,0,data/exp2_images/benign_packed/10587da0677bce0b2dc71caaa56276dc6b950e875544520251a8aac3074862f5.png
10ddc91db7463138fee1d01c97d4b540168557dad58e2dfee8cb1393497bde3a,0,data/exp2_images/benign_packed/10ddc91db7463138fee1d01c97d4b540168557dad58e2dfee8cb1393497bde3a.png
113813a699063ebf391d436a4efe0b6f95f81e12af773fabe5511b5ca08e189c,0,data/exp2_images/benign_packed/113813a699063ebf391d436a4efe0b6f95f81e12af773fabe5511b5ca08e189c.png
130772de7225215190670dda5913676f664878bf7067fa1b159dcf7521605332,0,data/exp2_images/benign_packed/130772de7225215190670dda5913676f664878bf7067fa1b159dcf7521605332.png
15142fea9a9985923ffd9ecea4e4739ddd9a6cbff8d9ecdc9b277f833554d990,0,data/exp2_images/benign_packed/15142fea9a9985923ffd9ecea4e4739ddd9a6cbff8d9ecdc9b277f833554d990.png
1629630cf717f6abe87bd15813ff693441ea6ea32785c08eb88fe82c9e05f45f,0,data/exp2_images/benign_packed/1629630cf717f6abe87bd15813ff693441ea6ea32785c08eb88fe82c9e05f45f.png
1838738d252ac24ba52a695fc5eb847363c1d694b21be09bf93a0dcf88c3999f,0,data/exp2_images/benign_packed/1838738d252ac24ba52a695fc5eb847363c1d694b21be09bf93a0dcf88c3999f.png
18ef1715677de1aee41945784481cbcaa16c4e99753340b8844d2f9ad4c60b36,0,data/exp2_images/benign_packed/18ef1715677de1aee41945784481cbcaa16c4e99753340b8844d2f9ad4c60b36.png
1922d08919e0462f87d64693ff52b7c6f7d3d449deaee27269a738b1009f80f3,0,data/exp2_images/benign_packed/1922d08919e0462f87d64693ff52b7c6f7d3d449deaee27269a738b1009f80f3.png
19d4bf06db1d8e6eddf17deb439534bdd04f32a4d0bbd66758bfbb851687a992,0,data/exp2_images/benign_packed/19d4bf06db1d8e6eddf17deb439534bdd04f32a4d0bbd66758bfbb851687a992.png
19d574967f0d5612621810f928d27fd1218f8286c401901ec5c7fef75284f2b9,0,data/exp2_images/benign_packed/19d574967f0d5612621810f928d27fd1218f8286c401901ec5c7fef75284f2b9.png
1aa177b92c99b9458b270907d65d5687af48385fbbf42c3aef9b69d61d284721,0,data/exp2_images/benign_packed/1aa177b92c99b9458b270907d65d5687af48385fbbf42c3aef9b69d61d284721.png
1b39fa0c926641bb79642bfafbed1906a61714716f773e3d158e00a61aff2ec1,0,data/exp2_images/benign_packed/1b39fa0c926641bb79642bfafbed1906a61714716f773e3d158e00a61aff2ec1.png
1b8342c0048e13b323224c48caa9aec2952f3a93ed732c85f160916475910675,0,data/exp2_images/benign_packed/1b8342c0048e13b323224c48caa9aec2952f3a93ed732c85f160916475910675.png
1bec45c4f693420cd0ad64764af526fa44f7e9cc8e861f64b7276cc1a152b84d,0,data/exp2_images/benign_packed/1bec45c4f693420cd0ad64764af526fa44f7e9cc8e861f64b7276cc1a152b84d.png
1c87a9ed062858fc9a6c2ece4b5a3052d70059d9e32afdc5194a97ccc7664835,0,data/exp2_images/benign_packed/1c87a9ed062858fc9a6c2ece4b5a3052d70059d9e32afdc5194a97ccc7664835.png
1e83c1a2f6f2b7080c7fefccff1fde4bb14aa8a57e851817c92a6f1c946ca17a,0,data/exp2_images/benign_packed/1e83c1a2f6f2b7080c7fefccff1fde4bb14aa8a57e851817c92a6f1c946ca17a.png
1f81d3b756ec1430f476a5ae7af7b360b4acd923d4baceb91be49ab6515459fc,0,data/exp2_images/benign_packed/1f81d3b756ec1430f476a5ae7af7b360b4acd923d4baceb91be49ab6515459fc.png
1fcbe5d51360bee55f55c791a95df8c61f73e117bda89b9439d74df5cee7aa71,0,data/exp2_images/benign_packed/1fcbe5d51360bee55f55c791a95df8c61f73e117bda89b9439d74df5cee7aa71.png
202bec0f63167ed57fcb55db48c9830a5323d72c662d9a58b691d16ce4db8c1e,0,data/exp2_images/benign_packed/202bec0f63167ed57fcb55db48c9830a5323d72c662d9a58b691d16ce4db8c1e.png
203abd8483ce4c39aad342bad6f863f2c0abdadd84470c2962cb9cc41c5478d9,0,data/exp2_images/benign_packed/203abd8483ce4c39aad342bad6f863f2c0abdadd84470c2962cb9cc41c5478d9.png
203d5a3aceab4c5290cfb3bbba53882d746ccc1e7937737f928fe89fab34b666,0,data/exp2_images/benign_packed/203d5a3aceab4c5290cfb3bbba53882d746ccc1e7937737f928fe89fab34b666.png
21a5414969559912f303002b46fc33297ff47be9659162990057fbba720c25b0,0,data/exp2_images/benign_packed/21a5414969559912f303002b46fc33297ff47be9659162990057fbba720c25b0.png
226c062632c3efca237814978b0443bdeb43fe5418ad508716f671f19f56c051,0,data/exp2_images/benign_packed/226c062632c3efca237814978b0443bdeb43fe5418ad508716f671f19f56c051.png
22db23e22f47c6ecae717888a7a32f80883daad29989e599401ab022f95a3ed4,0,data/exp2_images/benign_packed/22db23e22f47c6ecae717888a7a32f80883daad29989e599401ab022f95a3ed4.png
2312612e0004201cc5231565d3ed57c7c3bb84ec439b120370fb5e27e3602e49,0,data/exp2_images/benign_packed/2312612e0004201cc5231565d3ed57c7c3bb84ec439b120370fb5e27e3602e49.png
23386407de894b70cb13e825420b7add88856cef0a2481883b79068cc4276369,0,data/exp2_images/benign_packed/23386407de894b70cb13e825420b7add88856cef0a2481883b79068cc4276369.png
23f4a2ccdce499c524cf43793fda8e773d809514b5471c02fa5e68f0cda7a10b,0,data/exp2_images/benign_packed/23f4a2ccdce499c524cf43793fda8e773d809514b5471c02fa5e68f0cda7a10b.png
262aa82cfd43744433d44228d12c28b322970afd382587ad82f6bb07b903a501,0,data/exp2_images/benign_packed/262aa82cfd43744433d44228d12c28b322970afd382587ad82f6bb07b903a501.png
27442c2dbdef8c0cb2ff118773a0c1d90ce619139c0d4bdb20e799f6ec421853,0,data/exp2_images/benign_packed/27442c2dbdef8c0cb2ff118773a0c1d90ce619139c0d4bdb20e799f6ec421853.png
27cadc3bf6cace7b8d661f8d818a3e05fb063b4b5da8f1e91ceccdfe84b2aad0,0,data/exp2_images/benign_packed/27cadc3bf6cace7b8d661f8d818a3e05fb063b4b5da8f1e91ceccdfe84b2aad0.png
27f1277673d83f49d757265db319753cb6c2b497df3b9f4007ff81bd56cc930b,0,data/exp2_images/benign_packed/27f1277673d83f49d757265db319753cb6c2b497df3b9f4007ff81bd56cc930b.png
282bfca7e0d52f4d3f0bbd443a56e52b0b7a5444a489ff51478e5cbc91aa2c94,0,data/exp2_images/benign_packed/282bfca7e0d52f4d3f0bbd443a56e52b0b7a5444a489ff51478e5cbc91aa2c94.png
2889b601d0a0bbee5951f47adc2ae627708b9004ee4aed08ce70bfef492a2f84,0,data/exp2_images/benign_packed/2889b601d0a0bbee5951f47adc2ae627708b9004ee4aed08ce70bfef492a2f84.png
2947757db8135ac19893707e98680aa279ec99eddbad267d8f20ffd9e4e2feec,0,data/exp2_images/benign_packed/2947757db8135ac19893707e98680aa279ec99eddbad267d8f20ffd9e4e2feec.png
2959c295d8505b6e8bdbc2fc82d998ddf32d3613c1a50cc3dfb2f43b2f440717,0,data/exp2_images/benign_packed/2959c295d8505b6e8bdbc2fc82d998ddf32d3613c1a50cc3dfb2f43b2f440717.png
29b946238beb2a8c557a8a883b6666f3fe7314254fe61e067037d650fad88a3d,0,data/exp2_images/benign_packed/29b946238beb2a8c557a8a883b6666f3fe7314254fe61e067037d650fad88a3d.png
2a053f32b1d48539e3e2807f86754be87ce95b08378467e66cab2bac0e67a825,0,data/exp2_images/benign_packed/2a053f32b1d48539e3e2807f86754be87ce95b08378467e66cab2bac0e67a825.png
2a1c7574a5c42eb8c9348d9dba505ce49f2c88231d7ea6edd3715a39a5decd94,0,data/exp2_images/benign_packed/2a1c7574a5c42eb8c9348d9dba505ce49f2c88231d7ea6edd3715a39a5decd94.png
2a922ebe7edb08480baa1721ce1b5185fb5af7f64ec0f128d6a7a37711784815,0,data/exp2_images/benign_packed/2a922ebe7edb08480baa1721ce1b5185fb5af7f64ec0f128d6a7a37711784815.png
2ac33b71209e3f0daa7799faf4e9fb94b4ba92b6b88220b08a3bf031fd711f67,0,data/exp2_images/benign_packed/2ac33b71209e3f0daa7799faf4e9fb94b4ba92b6b88220b08a3bf031fd711f67.png
2b70c56855937a6f0ff82113f8d934641ad9e829b976a4435c805f42b349bdd0,0,data/exp2_images/benign_packed/2b70c56855937a6f0ff82113f8d934641ad9e829b976a4435c805f42b349bdd0.png
2c0537b91ea3df61f7dd353ecf98d80201f2276c1e9c6135b031b0f4cb14e163,0,data/exp2_images/benign_packed/2c0537b91ea3df61f7dd353ecf98d80201f2276c1e9c6135b031b0f4cb14e163.png
2c3880a31c60777c238f868677808d0a3a8c5e67f5e6256416cf26243f6a0569,0,data/exp2_images/benign_packed/2c3880a31c60777c238f868677808d0a3a8c5e67f5e6256416cf26243f6a0569.png
2ce369b2ca9cb22888cedcef8ef50535c1d7b54babcb2980c382e9049a1ea515,0,data/exp2_images/benign_packed/2ce369b2ca9cb22888cedcef8ef50535c1d7b54babcb2980c382e9049a1ea515.png
2cef4453e4fc43fe3feb6331d02fa91f654b519aba6401a6ad90d36e3ed8bbb0,0,data/exp2_images/benign_packed/2cef4453e4fc43fe3feb6331d02fa91f654b519aba6401a6ad90d36e3ed8bbb0.png
2cf037fc7855f48b1f9bdb9cf17e9ecdce3362f89bbde608bc2a65cf1823e428,0,data/exp2_images/benign_packed/2cf037fc7855f48b1f9bdb9cf17e9ecdce3362f89bbde608bc2a65cf1823e428.png
2debeb3bd8ee05e342aec360134d65f6f3e637145ebc001f243e21e58d8503f2,0,data/exp2_images/benign_packed/2debeb3bd8ee05e342aec360134d65f6f3e637145ebc001f243e21e58d8503f2.png
2e7b459f7c57f287f59f382f5d37d29b4c7889c82ea012bf3837b0b732de3c49,0,data/exp2_images/benign_packed/2e7b459f7c57f287f59f382f5d37d29b4c7889c82ea012bf3837b0b732de3c49.png
2ea4e14ea0250e212e217cc3663be8b1dde72a181016d6ba9a918299266953fc,0,data/exp2_images/benign_packed/2ea4e14ea0250e212e217cc3663be8b1dde72a181016d6ba9a918299266953fc.png
2f1300d3537219771960fd7d4e6e5e95ed1fcb0f48ee488dd2e281e9405b5820,0,data/exp2_images/benign_packed/2f1300d3537219771960fd7d4e6e5e95ed1fcb0f48ee488dd2e281e9405b5820.png
2f319ab076f8694f6966beb2a353d98688438d4dbb44f5b669cf562409437b47,0,data/exp2_images/benign_packed/2f319ab076f8694f6966beb2a353d98688438d4dbb44f5b669cf562409437b47.png
3006221cb8c23a1d3c9f059445a3c9df96fda1df7bae1b808b76dd453fc8db35,0,data/exp2_images/benign_packed/3006221cb8c23a1d3c9f059445a3c9df96fda1df7bae1b808b76dd453fc8db35.png
304f34f5a9d1c1c7a3fd894dd93d8b6616a615600d475923443bca4e7587c9b8,0,data/exp2_images/benign_packed/304f34f5a9d1c1c7a3fd894dd93d8b6616a615600d475923443bca4e7587c9b8.png
3088b3479bf282bffbb9929a6acc9f61fe993f7ad51cfb2917205d2dbfa1fbc9,0,data/exp2_images/benign_packed/3088b3479bf282bffbb9929a6acc9f61fe993f7ad51cfb2917205d2dbfa1fbc9.png
30cf13377fc9fa9252c194acfbf7e9458f4625f4754da5ccb625f98de62b6782,0,data/exp2_images/benign_packed/30cf13377fc9fa9252c194acfbf7e9458f4625f4754da5ccb625f98de62b6782.png
30fa3790d2049953b8063d77689133c712e58df4cc4f9cbbbddaa96bf79941ee,0,data/exp2_images/benign_packed/30fa3790d2049953b8063d77689133c712e58df4cc4f9cbbbddaa96bf79941ee.png
311129b9debdb192020e2038697de1f23bc8572d02dfbfeb742b3f603df950da,0,data/exp2_images/benign_packed/311129b9debdb192020e2038697de1f23bc8572d02dfbfeb742b3f603df950da.png
322faaaa59d1a8290462dcb75abd05deb645689b4516040a9f0e848e57b92577,0,data/exp2_images/benign_packed/322faaaa59d1a8290462dcb75abd05deb645689b4516040a9f0e848e57b92577.png
343883df0625d9ab21c3de31c2c5fbcc24c6d0c151d2dcacd2ba1f04e6a40ad6,0,data/exp2_images/benign_packed/343883df0625d9ab21c3de31c2c5fbcc24c6d0c151d2dcacd2ba1f04e6a40ad6.png
367cea47389b6d5211595ae88454d9589aa8c996f5e765904ffede434424af22,0,data/exp2_images/benign_packed/367cea47389b6d5211595ae88454d9589aa8c996f5e765904ffede434424af22.png
3685495d051137b1c4efde22c26df0883614b6453b762fa84588da55ed2e7744,0,data/exp2_images/benign_packed/3685495d051137b1c4efde22c26df0883614b6453b762fa84588da55ed2e7744.png
3777466cacecedcab6f2e7adc82cfc5f18c0c7f41bea1c68192c4027d53c0d0e,0,data/exp2_images/benign_packed/3777466cacecedcab6f2e7adc82cfc5f18c0c7f41bea1c68192c4027d53c0d0e.png
377c0e34938c5c87ce613c5f2ea64c702baa55d2368c20ab375ecc8b605d0a76,0,data/exp2_images/benign_packed/377c0e34938c5c87ce613c5f2ea64c702baa55d2368c20ab375ecc8b605d0a76.png
37df0036b3a3d49c4d2d717ae8cff0576811b9a2726fa3b044af5934a48f48f9,0,data/exp2_images/benign_packed/37df0036b3a3d49c4d2d717ae8cff0576811b9a2726fa3b044af5934a48f48f9.png
37df607966b7219faf58bb94e931b455b27e86c52c54878307c9a4c564067cf4,0,data/exp2_images/benign_packed/37df607966b7219faf58bb94e931b455b27e86c52c54878307c9a4c564067cf4.png
380616b38e867f0d99ef4666f8d551e97ce56e83be29fcd4567e68b95d707d01,0,data/exp2_images/benign_packed/380616b38e867f0d99ef4666f8d551e97ce56e83be29fcd4567e68b95d707d01.png
388434b09d362239da7eb430f274116846047938fc98db8aee6f97703fbeb9ff,0,data/exp2_images/benign_packed/388434b09d362239da7eb430f274116846047938fc98db8aee6f97703fbeb9ff.png
392b91d6f81850708be8fe0cd10ba983a50d0ffb51ec40af56008333fc43af89,0,data/exp2_images/benign_packed/392b91d6f81850708be8fe0cd10ba983a50d0ffb51ec40af56008333fc43af89.png
3a26e84b22e7665a55f0857da23a05e3ef3ed430242b6f7635909981cdbeba94,0,data/exp2_images/benign_packed/3a26e84b22e7665a55f0857da23a05e3ef3ed430242b6f7635909981cdbeba94.png
3b120c2b06afd93fc3c84a98c497afff4d93e64168ad809498f86568600b38f3,0,data/exp2_images/benign_packed/3b120c2b06afd93fc3c84a98c497afff4d93e64168ad809498f86568600b38f3.png
3be77cde3fe49040e294b6e4b4fceb284fcfb65279fcdcad9dc087d2d4406058,0,data/exp2_images/benign_packed/3be77cde3fe49040e294b6e4b4fceb284fcfb65279fcdcad9dc087d2d4406058.png
3ca96b622f4af8cfdf1d65b9c1c2ee118bc924753ad95d3376b97c6f08153a54,0,data/exp2_images/benign_packed/3ca96b622f4af8cfdf1d65b9c1c2ee118bc924753ad95d3376b97c6f08153a54.png
3cccf40d984007ee8b64fdb0216efa50e850306531dd3f4ac7710a6dc155351b,0,data/exp2_images/benign_packed/3cccf40d984007ee8b64fdb0216efa50e850306531dd3f4ac7710a6dc155351b.png
3ce6f5e9aee5a3f921d1a21144ae5b7b557dbfc7999f282adcc2fc522fc787bb,0,data/exp2_images/benign_packed/3ce6f5e9aee5a3f921d1a21144ae5b7b557dbfc7999f282adcc2fc522fc787bb.png
3d1ac5f16b486805bfea6e9152cc60251b7e8f4a8580187afef978347e523f46,0,data/exp2_images/benign_packed/3d1ac5f16b486805bfea6e9152cc60251b7e8f4a8580187afef978347e523f46.png
3e917376199b13523dfb4fcc445583d9df0606ad0a6a02b111d8a3ee6b71e117,0,data/exp2_images/benign_packed/3e917376199b13523dfb4fcc445583d9df0606ad0a6a02b111d8a3ee6b71e117.png
3e95000db27b940bd46d62b8117ea9f3bd4ea9ee203fc54d1244deb429e6785f,0,data/exp2_images/benign_packed/3e95000db27b940bd46d62b8117ea9f3bd4ea9ee203fc54d1244deb429e6785f.png
405865f8af5ff082926927140e1915d1f77f63d3dcd703b3f0fe72102fd80abd,0,data/exp2_images/benign_packed/405865f8af5ff082926927140e1915d1f77f63d3dcd703b3f0fe72102fd80abd.png
4095c33ca52203420d14bf3402cdbae1f237a221c270fae8b302a0e06664ad6c,0,data/exp2_images/benign_packed/4095c33ca52203420d14bf3402cdbae1f237a221c270fae8b302a0e06664ad6c.png
41075ac62fe6e2e3bd10da42dc947392771078eecc4cee163cc2583ba6ff4c29,0,data/exp2_images/benign_packed/41075ac62fe6e2e3bd10da42dc947392771078eecc4cee163cc2583ba6ff4c29.png
42f9e10113f04d60ab45760862f8c371e9d1a3f5f6f3d9457ed5d1f299bc0a38,0,data/exp2_images/benign_packed/42f9e10113f04d60ab45760862f8c371e9d1a3f5f6f3d9457ed5d1f299bc0a38.png
42fd07c963c0e20be60de897497fb7783eb25f09480d9a03ea3d462182b08a74,0,data/exp2_images/benign_packed/42fd07c963c0e20be60de897497fb7783eb25f09480d9a03ea3d462182b08a74.png
432abbae25f6b91a977bc9f75c4a8edd3bffa5d152d67eb8a358122aa82770e2,0,data/exp2_images/benign_packed/432abbae25f6b91a977bc9f75c4a8edd3bffa5d152d67eb8a358122aa82770e2.png
432f3499c38a069b0eccc1f19b11d13760da2dd6fba517f215e5dd03285f9b5a,0,data/exp2_images/benign_packed/432f3499c38a069b0eccc1f19b11d13760da2dd6fba517f215e5dd03285f9b5a.png
448ef2796ee9f2d7b8d19ebff14a709b3ee0dfac37319577a7518190547e47c6,0,data/exp2_images/benign_packed/448ef2796ee9f2d7b8d19ebff14a709b3ee0dfac37319577a7518190547e47c6.png
44b6a440aa28893b3a9d20a9d3b729a3da38e27934db839b7b427331f814319d,0,data/exp2_images/benign_packed/44b6a440aa28893b3a9d20a9d3b729a3da38e27934db839b7b427331f814319d.png
45b6afcd58c1d27f3f09b68f86c68d87658445e931ee5268b57effc774d24ddb,0,data/exp2_images/benign_packed/45b6afcd58c1d27f3f09b68f86c68d87658445e931ee5268b57effc774d24ddb.png
45d30e3cdbb403cb9f398c67444e45b3f8a569b64635e8baa3e1d770d39c7de4,0,data/exp2_images/benign_packed/45d30e3cdbb403cb9f398c67444e45b3f8a569b64635e8baa3e1d770d39c7de4.png
460c2dd3e3c4d4bb61bc7350814eb3ce48adc1c35add73aac6526f877b124fa7,0,data/exp2_images/benign_packed/460c2dd3e3c4d4bb61bc7350814eb3ce48adc1c35add73aac6526f877b124fa7.png
463046a6d4263478667cb43d534df3cf65b4e3b26a71ccfa7c3d64d29e2c6d8a,0,data/exp2_images/benign_packed/463046a6d4263478667cb43d534df3cf65b4e3b26a71ccfa7c3d64d29e2c6d8a.png
464262da62722cf9540fa2bff1c93b65c83254cb5be47272593d71adc31daa79,0,data/exp2_images/benign_packed/464262da62722cf9540fa2bff1c93b65c83254cb5be47272593d71adc31daa79.png
47345897afc335e518e03bc2b4afa016dd8cbe33cb79b1a02424310b769a0e56,0,data/exp2_images/benign_packed/47345897afc335e518e03bc2b4afa016dd8cbe33cb79b1a02424310b769a0e56.png
48331be81db4474aa078c976b4635737b87f10974b11832fbdcc387bb6869fc8,0,data/exp2_images/benign_packed/48331be81db4474aa078c976b4635737b87f10974b11832fbdcc387bb6869fc8.png
499010e852571b6bbfe8e7a6b9f396283efffac99fd844d2ca390e61aee2ce8f,0,data/exp2_images/benign_packed/499010e852571b6bbfe8e7a6b9f396283efffac99fd844d2ca390e61aee2ce8f.png
4a2d3175bbb67e417e5ff643ab86c0d4ac17e748d1d70dbb85b45fc0008bcf2a,0,data/exp2_images/benign_packed/4a2d3175bbb67e417e5ff643ab86c0d4ac17e748d1d70dbb85b45fc0008bcf2a.png
4a495b476cc33e6be712a77184626725ec10e3f31b89d3c53010bd620bcd0cbb,0,data/exp2_images/benign_packed/4a495b476cc33e6be712a77184626725ec10e3f31b89d3c53010bd620bcd0cbb.png
4ab3a87ca85e4e4597f81bad03d9aa6ab3d59d04cdf39c0ca791b8d0c6d10212,0,data/exp2_images/benign_packed/4ab3a87ca85e4e4597f81bad03d9aa6ab3d59d04cdf39c0ca791b8d0c6d10212.png
4afcc48137cc78da447fbaef8588754b4edc89a1456c0f72850e5c99d000cb6d,0,data/exp2_images/benign_packed/4afcc48137cc78da447fbaef8588754b4edc89a1456c0f72850e5c99d000cb6d.png
4b86fc33172d0d3081164379dbbca8333f5f3eb6c75c7c82281332fdabb5ef8d,0,data/exp2_images/benign_packed/4b86fc33172d0d3081164379dbbca8333f5f3eb6c75c7c82281332fdabb5ef8d.png
4c6107c9c786e2de5eadd721580372f6028d66daa3d4d2ed9489106ac6d1560e,0,data/exp2_images/benign_packed/4c6107c9c786e2de5eadd721580372f6028d66daa3d4d2ed9489106ac6d1560e.png
4c77b3ecfe7ff1be8b05f7bc58d2360531c67997c3fae399f6f24132cb05065a,0,data/exp2_images/benign_packed/4c77b3ecfe7ff1be8b05f7bc58d2360531c67997c3fae399f6f24132cb05065a.png
4ca6e16beb57278e60e3edcbcecda1442aa344c424421e4b078f1213e6b99376,0,data/exp2_images/benign_packed/4ca6e16beb57278e60e3edcbcecda1442aa344c424421e4b078f1213e6b99376.png
4d9c8986794f31912c44836959dd291fb22d21f12e0103a535cff6e7325a59e7,0,data/exp2_images/benign_packed/4d9c8986794f31912c44836959dd291fb22d21f12e0103a535cff6e7325a59e7.png
4dde54cfc600dbd9a610645d197a632e064115ffaa3a1b595c3a23036e501678,0,data/exp2_images/benign_packed/4dde54cfc600dbd9a610645d197a632e064115ffaa3a1b595c3a23036e501678.png
4df54b01e012216c2c376c7f4a2bee56c0dfead5bd9324e69d774274151c9a1c,0,data/exp2_images/benign_packed/4df54b01e012216c2c376c7f4a2bee56c0dfead5bd9324e69d774274151c9a1c.png
4e3b3bf5ee097fdbf0b595a37261eb70683a3c59e15e6aa616e313a7134a48ea,0,data/exp2_images/benign_packed/4e3b3bf5ee097fdbf0b595a37261eb70683a3c59e15e6aa616e313a7134a48ea.png
4e526c15684a2c7e327d1a5e54d0fc3d227bd6fd790cc5f495111a09c0bf74de,0,data/exp2_images/benign_packed/4e526c15684a2c7e327d1a5e54d0fc3d227bd6fd790cc5f495111a09c0bf74de.png
4ebab259a1d69b80263de9b8a1aa7760cc964ed5f8a2f9acf5fafefb40bbc17b,0,data/exp2_images/benign_packed/4ebab259a1d69b80263de9b8a1aa7760cc964ed5f8a2f9acf5fafefb40bbc17b.png
4ed80b78467fcd78c5e7d7823dbaa37d5c34a0b0d0b9e27c903e3174f1458796,0,data/exp2_images/benign_packed/4ed80b78467fcd78c5e7d7823dbaa37d5c34a0b0d0b9e27c903e3174f1458796.png
4f903255b1c80afe77667604fa8f5648918f97348380277ba4cb3a48b2141850,0,data/exp2_images/benign_packed/4f903255b1c80afe77667604fa8f5648918f97348380277ba4cb3a48b2141850.png
501e1d2b16a601a2ae546186a17d8619b6ea4024fa2b5910cb60df79e7e7b203,0,data/exp2_images/benign_packed/501e1d2b16a601a2ae546186a17d8619b6ea4024fa2b5910cb60df79e7e7b203.png
5052ed5ba5435693affdae0f4fa7c388ab993b4f9c7a153c8e80800e7aabd512,0,data/exp2_images/benign_packed/5052ed5ba5435693affdae0f4fa7c388ab993b4f9c7a153c8e80800e7aabd512.png
50fd4a601f5165a93a50bdef41f255f7d4242c31c4413095e9d294f7029c1b3e,0,data/exp2_images/benign_packed/50fd4a601f5165a93a50bdef41f255f7d4242c31c4413095e9d294f7029c1b3e.png
51ee81dbc0add93b11aa0d4ad02308243c1c194b4bed94722cb18bcf8f2836cf,0,data/exp2_images/benign_packed/51ee81dbc0add93b11aa0d4ad02308243c1c194b4bed94722cb18bcf8f2836cf.png
52853793d20bfc3c53763aaeac55b30a7bddccfb9fd87d39f97dd0afb5fd2001,0,data/exp2_images/benign_packed/52853793d20bfc3c53763aaeac55b30a7bddccfb9fd87d39f97dd0afb5fd2001.png
52c90aa57a38c5864085da2b2df44d4279a46c81d9b2e00bc7f9d4eaabcd2cbb,0,data/exp2_images/benign_packed/52c90aa57a38c5864085da2b2df44d4279a46c81d9b2e00bc7f9d4eaabcd2cbb.png
52def964142be6891054d2f95256a3b05d66887964fcd66b34abfe32477e8965,0,data/exp2_images/benign_packed/52def964142be6891054d2f95256a3b05d66887964fcd66b34abfe32477e8965.png
53b9f1204f512237fc0b8969ae2c98d1ed3d904e4acc2d096a2e3d9f6577fbe7,0,data/exp2_images/benign_packed/53b9f1204f512237fc0b8969ae2c98d1ed3d904e4acc2d096a2e3d9f6577fbe7.png
53bd916199723025efd5ec37ae18aab1d1e519ea93e135b38e2b70cc4abf1bf6,0,data/exp2_images/benign_packed/53bd916199723025efd5ec37ae18aab1d1e519ea93e135b38e2b70cc4abf1bf6.png
5463e1487d69e3f0cb372cba067270bc39639bd8c8b333b81f99ae26ae3e881d,0,data/exp2_images/benign_packed/5463e1487d69e3f0cb372cba067270bc39639bd8c8b333b81f99ae26ae3e881d.png
5479b276f6cf9781f2935bd8c761ffb19ab9355520de4a7679a3372c3b90254b,0,data/exp2_images/benign_packed/5479b276f6cf9781f2935bd8c761ffb19ab9355520de4a7679a3372c3b90254b.png
551a6250ab06a2a6144691bf47bce3439a52377c3dcfc3a192a11c49ce5de8ee,0,data/exp2_images/benign_packed/551a6250ab06a2a6144691bf47bce3439a52377c3dcfc3a192a11c49ce5de8ee.png
566e2f7f8848ea5c92112bf925ecafec4fb753612bb5e988f6422012a3a8e0d1,0,data/exp2_images/benign_packed/566e2f7f8848ea5c92112bf925ecafec4fb753612bb5e988f6422012a3a8e0d1.png
5677d8babce093f8b67ae7bda6ec28b1f9196a8398c7fe482ed7eba03272ea26,0,data/exp2_images/benign_packed/5677d8babce093f8b67ae7bda6ec28b1f9196a8398c7fe482ed7eba03272ea26.png
572733582ed2076416e035a1d670d12d984c8d56a1b94d9b32e2c78b8fd1f9a7,0,data/exp2_images/benign_packed/572733582ed2076416e035a1d670d12d984c8d56a1b94d9b32e2c78b8fd1f9a7.png
57a7f3fcf95f8b8fa883c30c9098178754551852e2608ccb61ddaf6c182ad99a,0,data/exp2_images/benign_packed/57a7f3fcf95f8b8fa883c30c9098178754551852e2608ccb61ddaf6c182ad99a.png
57f0985356efd5f14027a771c3b013cf60d0dcfff02568803500cc190ebc2561,0,data/exp2_images/benign_packed/57f0985356efd5f14027a771c3b013cf60d0dcfff02568803500cc190ebc2561.png
582a76c2ba2b438ad4e1660d853f437bb817c03000f4b91273b182de47da8891,0,data/exp2_images/benign_packed/582a76c2ba2b438ad4e1660d853f437bb817c03000f4b91273b182de47da8891.png
58b5e00312deee5474cf42f0c86664254ae7123055219c342a80ab5754e48bf6,0,data/exp2_images/benign_packed/58b5e00312deee5474cf42f0c86664254ae7123055219c342a80ab5754e48bf6.png
597ff38555c0fc36b1502b5f81a4262386621b795efad580687ac8ee879dc829,0,data/exp2_images/benign_packed/597ff38555c0fc36b1502b5f81a4262386621b795efad580687ac8ee879dc829.png
59c8343fa81d51d03b88ddc9a881a23ccfe2d7a4ddc29d0f5c68b289fc3b8dfc,0,data/exp2_images/benign_packed/59c8343fa81d51d03b88ddc9a881a23ccfe2d7a4ddc29d0f5c68b289fc3b8dfc.png
59cd1d0af53ea03abee50526e77074de7dab2ec4e3bae4293c0bfcd89b1898a9,0,data/exp2_images/benign_packed/59cd1d0af53ea03abee50526e77074de7dab2ec4e3bae4293c0bfcd89b1898a9.png
5a9792cc16acc2af55d75009a960737c348995b8dd82874fa8a73736e9e0d548,0,data/exp2_images/benign_packed/5a9792cc16acc2af55d75009a960737c348995b8dd82874fa8a73736e9e0d548.png
5c0bbadd1f37ba9e578b2de24cd2634667d7a3ad7e1bddd63af69a5e251e5e87,0,data/exp2_images/benign_packed/5c0bbadd1f37ba9e578b2de24cd2634667d7a3ad7e1bddd63af69a5e251e5e87.png
5c259042369ecb8a6c5298ee941df43260c2d1a43c1b6607b2f753b8f3426f1e,0,data/exp2_images/benign_packed/5c259042369ecb8a6c5298ee941df43260c2d1a43c1b6607b2f753b8f3426f1e.png
5d2496409bc45e1e74efbc0c0802af37b26f077beb91ae8ed55ffb0cfe4bdc79,0,data/exp2_images/benign_packed/5d2496409bc45e1e74efbc0c0802af37b26f077beb91ae8ed55ffb0cfe4bdc79.png
5d2e1c132051f3b80a0e39b5d4efe255c1e339614d2861b1e017ff1574610dac,0,data/exp2_images/benign_packed/5d2e1c132051f3b80a0e39b5d4efe255c1e339614d2861b1e017ff1574610dac.png
5dcf031a4bed052dda60d8229b23a9db53b012868f1012438d40032835ac34d7,0,data/exp2_images/benign_packed/5dcf031a4bed052dda60d8229b23a9db53b012868f1012438d40032835ac34d7.png
5e3f8b7e643865d49cd9494de2b6fe96b46f9644b034e1f78857ea12a2b10a0c,0,data/exp2_images/benign_packed/5e3f8b7e643865d49cd9494de2b6fe96b46f9644b034e1f78857ea12a2b10a0c.png
5e51ab3594d8b1e451da1180faf2a0e6d597725b8e63c4928b66e1dba5d9cb86,0,data/exp2_images/benign_packed/5e51ab3594d8b1e451da1180faf2a0e6d597725b8e63c4928b66e1dba5d9cb86.png
5ec680a6624e98eec1caac49d9787d08f0878c7ec757ad5c0387c2b2e8003067,0,data/exp2_images/benign_packed/5ec680a6624e98eec1caac49d9787d08f0878c7ec757ad5c0387c2b2e8003067.png
5f435219d06e44d63e9d5b7a234afe3ef384c94fc997b9cbd2f051742d69c790,0,data/exp2_images/benign_packed/5f435219d06e44d63e9d5b7a234afe3ef384c94fc997b9cbd2f051742d69c790.png
5fe5d832e53fe8226bba7150afe1f8b70775d7de3b354b638bf49809b120a1be,0,data/exp2_images/benign_packed/5fe5d832e53fe8226bba7150afe1f8b70775d7de3b354b638bf49809b120a1be.png
5fea3241e2e2c3232f3dafa3bf72c9ba0e88df2781f2a742d4369813f99ce952,0,data/exp2_images/benign_packed/5fea3241e2e2c3232f3dafa3bf72c9ba0e88df2781f2a742d4369813f99ce952.png
60b19233a71bb337521d787cbb5af4253c76de3c9f8dda52dc435feed3a27c62,0,data/exp2_images/benign_packed/60b19233a71bb337521d787cbb5af4253c76de3c9f8dda52dc435feed3a27c62.png
626a065b493acc0636e75406f146741896ec430ae30cb7cc2ebaf70cb6640afd,0,data/exp2_images/benign_packed/626a065b493acc0636e75406f146741896ec430ae30cb7cc2ebaf70cb6640afd.png
62a476f0d8359e730646586557c35b74a07f894b2d528864c35f1721ecf943c7,0,data/exp2_images/benign_packed/62a476f0d8359e730646586557c35b74a07f894b2d528864c35f1721ecf943c7.png
62e8db45cb438205641ee57e8b486f0884ad6d4f3e8e5906f38aa157d301f718,0,data/exp2_images/benign_packed/62e8db45cb438205641ee57e8b486f0884ad6d4f3e8e5906f38aa157d301f718.png
62f1ad51806af5c9031851373f8c404e371514d3b0c8e236d6ea0cb488c4a56b,0,data/exp2_images/benign_packed/62f1ad51806af5c9031851373f8c404e371514d3b0c8e236d6ea0cb488c4a56b.png
634d81d9020c188a9b3092ba5db2d70c988b0388acbe94ef954985b0cdfcc5a2,0,data/exp2_images/benign_packed/634d81d9020c188a9b3092ba5db2d70c988b0388acbe94ef954985b0cdfcc5a2.png
63bf3aba485b7e8d6314220ab1fd9c03a7991bc8ab4232e7a1f295518f4e4056,0,data/exp2_images/benign_packed/63bf3aba485b7e8d6314220ab1fd9c03a7991bc8ab4232e7a1f295518f4e4056.png
6443dd554836f5112eda96b3cb18358aed61b5d8aa56be17456acc42d4458bc6,0,data/exp2_images/benign_packed/6443dd554836f5112eda96b3cb18358aed61b5d8aa56be17456acc42d4458bc6.png
647b982e39269e0aece005227fe7641fa2e21f54a290aee1b8b5519f05d97bc0,0,data/exp2_images/benign_packed/647b982e39269e0aece005227fe7641fa2e21f54a290aee1b8b5519f05d97bc0.png
647df4453044059c24cfcc2e37824159f29474bdc0b5755ae1a832d019aba289,0,data/exp2_images/benign_packed/647df4453044059c24cfcc2e37824159f29474bdc0b5755ae1a832d019aba289.png
647ff3ef69a5e98dd602f79dc236659994d7b32f96c1828122ea907df388f360,0,data/exp2_images/benign_packed/647ff3ef69a5e98dd602f79dc236659994d7b32f96c1828122ea907df388f360.png
65293714661fb07c84040ccf481e8472ed6665e881e33dab299b6392cabc9dd2,0,data/exp2_images/benign_packed/65293714661fb07c84040ccf481e8472ed6665e881e33dab299b6392cabc9dd2.png
65445303675931b6ccc3090176e6196f25bced4236b479c2753500878cd41ac7,0,data/exp2_images/benign_packed/65445303675931b6ccc3090176e6196f25bced4236b479c2753500878cd41ac7.png
654d8713c53d3e3fd49ec30dcb6953311862098974ded71e24d6481371c6274b,0,data/exp2_images/benign_packed/654d8713c53d3e3fd49ec30dcb6953311862098974ded71e24d6481371c6274b.png
65c7672903a95032843cea3a9b0f1dca81a491e54f9808e848b8186272180310,0,data/exp2_images/benign_packed/65c7672903a95032843cea3a9b0f1dca81a491e54f9808e848b8186272180310.png
65fcae1fb6d6ba322a5b81629813609d07ff20c4f46ba805bc2817f565c5bab5,0,data/exp2_images/benign_packed/65fcae1fb6d6ba322a5b81629813609d07ff20c4f46ba805bc2817f565c5bab5.png
66031dcf8d27466f6407c1ad670e95947914b02778831f637172244b83eaa296,0,data/exp2_images/benign_packed/66031dcf8d27466f6407c1ad670e95947914b02778831f637172244b83eaa296.png
662ee3641d0c2c8ed7c3e779b764311a57cba18742c53fc3fff98f64623f4ae3,0,data/exp2_images/benign_packed/662ee3641d0c2c8ed7c3e779b764311a57cba18742c53fc3fff98f64623f4ae3.png
669dd5e1578dae9b92617820371eefa29cd12a1101c99701138b6b6ebaf87f61,0,data/exp2_images/benign_packed/669dd5e1578dae9b92617820371eefa29cd12a1101c99701138b6b6ebaf87f61.png
6771a75df81f13fbae25d95cab75541a4f132ef7eaab1e501338e75681de3ec3,0,data/exp2_images/benign_packed/6771a75df81f13fbae25d95cab75541a4f132ef7eaab1e501338e75681de3ec3.png
6778d6756f384d4cb9e93b058f29fc6c5d8623e0b5ed81ab48cf10464cbd2609,0,data/exp2_images/benign_packed/6778d6756f384d4cb9e93b058f29fc6c5d8623e0b5ed81ab48cf10464cbd2609.png
67f3fc243c58eeae55bddc22ce025b7841a89aca2e201b999d8c0e4f07d177b8,0,data/exp2_images/benign_packed/67f3fc243c58eeae55bddc22ce025b7841a89aca2e201b999d8c0e4f07d177b8.png
67fadfeccc66c338d0575516ac5acec9788e5be437e6924478292f92dcd4a8da,0,data/exp2_images/benign_packed/67fadfeccc66c338d0575516ac5acec9788e5be437e6924478292f92dcd4a8da.png
692acd7aa54a1c159f7e09625bba47dfc6ce2ff6aeab9140550dc5a3b744a49d,0,data/exp2_images/benign_packed/692acd7aa54a1c159f7e09625bba47dfc6ce2ff6aeab9140550dc5a3b744a49d.png
69d079a283fa531c6ad1a2f353cc7e75f6a70bd5129815c31b2e5e5fdcca6ccd,0,data/exp2_images/benign_packed/69d079a283fa531c6ad1a2f353cc7e75f6a70bd5129815c31b2e5e5fdcca6ccd.png
69dfcca57024e28b1b7678eed75697df0567ea71f0ac97abc01691b9d5a67ecb,0,data/exp2_images/benign_packed/69dfcca57024e28b1b7678eed75697df0567ea71f0ac97abc01691b9d5a67ecb.png
6a60926626497bca4820e7841e257c5db09764c030e2f57b13124b83cd326329,0,data/exp2_images/benign_packed/6a60926626497bca4820e7841e257c5db09764c030e2f57b13124b83cd326329.png
6adaf93fda108331512c279e967f55379586948ebbc3dab4746e3d13d4736d97,0,data/exp2_images/benign_packed/6adaf93fda108331512c279e967f55379586948ebbc3dab4746e3d13d4736d97.png
6ae58e05e226ed3476b1c3d8463dd49c7ab0aee54164f69b491780c7b4ac59a4,0,data/exp2_images/benign_packed/6ae58e05e226ed3476b1c3d8463dd49c7ab0aee54164f69b491780c7b4ac59a4.png
6b8bac4f5ebde2f753eb93bc91b3b2619e8f0b0a74521d16f4ebebae0b2e102b,0,data/exp2_images/benign_packed/6b8bac4f5ebde2f753eb93bc91b3b2619e8f0b0a74521d16f4ebebae0b2e102b.png
6b8d1a1f785c103e2d75702c22491d1b3942878bcba7965c9f6b2ec46440726d,0,data/exp2_images/benign_packed/6b8d1a1f785c103e2d75702c22491d1b3942878bcba7965c9f6b2ec46440726d.png
6b9131d94ed31f838b1820ee67f068c4741b69d5c655587c89c9477986bd270f,0,data/exp2_images/benign_packed/6b9131d94ed31f838b1820ee67f068c4741b69d5c655587c89c9477986bd270f.png
6b9bdfdedb8dbda0f5c6bace22ea29010eceb6d4f8b3dbeea4949f43f6740cd8,0,data/exp2_images/benign_packed/6b9bdfdedb8dbda0f5c6bace22ea29010eceb6d4f8b3dbeea4949f43f6740cd8.png
6c29fa22f01232ee015ac027338ce7b69745844fae51d7cde0916acd371f3bfc,0,data/exp2_images/benign_packed/6c29fa22f01232ee015ac027338ce7b69745844fae51d7cde0916acd371f3bfc.png
6caffa7c8e508569c7855512c7b36e00df52d13779572dc939e3f39a4948eca3,0,data/exp2_images/benign_packed/6caffa7c8e508569c7855512c7b36e00df52d13779572dc939e3f39a4948eca3.png
6cc0bfebc5c343dfc1d453cba78fbfc08a09de0a00f2fe9c86c0eca9817a62df,0,data/exp2_images/benign_packed/6cc0bfebc5c343dfc1d453cba78fbfc08a09de0a00f2fe9c86c0eca9817a62df.png
6db1b1277444baa2da6d6c31b7824fc567fd6a79ff010d885384438db09046cf,0,data/exp2_images/benign_packed/6db1b1277444baa2da6d6c31b7824fc567fd6a79ff010d885384438db09046cf.png
6df774a7ed523b867cb9bcc2f56d95db134f8f668c5c7dfc6843665ce2e966b9,0,data/exp2_images/benign_packed/6df774a7ed523b867cb9bcc2f56d95db134f8f668c5c7dfc6843665ce2e966b9.png
6e600fd9843414cf441a05bd50149beca5cd592dc6f62cda94047bd345778371,0,data/exp2_images/benign_packed/6e600fd9843414cf441a05bd50149beca5cd592dc6f62cda94047bd345778371.png
6f32f8ac6b79b7686cf837194943a424ebf61f67e9fece3aacb2f7ea4f45d6aa,0,data/exp2_images/benign_packed/6f32f8ac6b79b7686cf837194943a424ebf61f67e9fece3aacb2f7ea4f45d6aa.png
6faf6bc7caf49873d2c96592db1eb6fd65a19b1deae414640c1f5de4bdad136b,0,data/exp2_images/benign_packed/6faf6bc7caf49873d2c96592db1eb6fd65a19b1deae414640c1f5de4bdad136b.png
71208368bf39b9756efdecee82884fe94715a233ca62c0bb2854da7156919af7,0,data/exp2_images/benign_packed/71208368bf39b9756efdecee82884fe94715a233ca62c0bb2854da7156919af7.png
71e8b80a35184e5061f69b61f3d86be5a03349c8bd0639c26c3152a02346c6f0,0,data/exp2_images/benign_packed/71e8b80a35184e5061f69b61f3d86be5a03349c8bd0639c26c3152a02346c6f0.png
7230968208169f32697afe22a58dd045687f5c64c5c20b0d0471e4b9aa37c783,0,data/exp2_images/benign_packed/7230968208169f32697afe22a58dd045687f5c64c5c20b0d0471e4b9aa37c783.png
734db8a127eba3f56ceacddf8d784fb4c6ff0d9524eaf0d2f75acd698ef9084c,0,data/exp2_images/benign_packed/734db8a127eba3f56ceacddf8d784fb4c6ff0d9524eaf0d2f75acd698ef9084c.png
735c3e8627ad36781f4f81fa79a265f90c3e22562a0991a7dea4d52427724baa,0,data/exp2_images/benign_packed/735c3e8627ad36781f4f81fa79a265f90c3e22562a0991a7dea4d52427724baa.png
7371ddedc26db5fb2d9080870a422d8f6236a03133dd74b5f8fc62c437cf1b51,0,data/exp2_images/benign_packed/7371ddedc26db5fb2d9080870a422d8f6236a03133dd74b5f8fc62c437cf1b51.png
7485ff522f4662ae5c91a5248e82370d9f24bb6e548fe279ce9e9e824c6c4d41,0,data/exp2_images/benign_packed/7485ff522f4662ae5c91a5248e82370d9f24bb6e548fe279ce9e9e824c6c4d41.png
755394b623e31d32f900de2f37ba04a0aa9a3c3c57dc34b8f5f4792f18c34196,0,data/exp2_images/benign_packed/755394b623e31d32f900de2f37ba04a0aa9a3c3c57dc34b8f5f4792f18c34196.png
7568cee52e04e89241a680b5bac1f9266115402f86e73b50cf4feac3e1ff8700,0,data/exp2_images/benign_packed/7568cee52e04e89241a680b5bac1f9266115402f86e73b50cf4feac3e1ff8700.png
75b7971116bc93808372209737c5f272cde2b5409722dd7a13c5b780f98743ef,0,data/exp2_images/benign_packed/75b7971116bc93808372209737c5f272cde2b5409722dd7a13c5b780f98743ef.png
75d348a3330bc527b2b2ff8a0789f711bd51461126f8df0c0aa1647e9d976809,0,data/exp2_images/benign_packed/75d348a3330bc527b2b2ff8a0789f711bd51461126f8df0c0aa1647e9d976809.png
76098cc2969c4a090fba5c863bb3bb52b5ce88bee46da9d46aab0252affa0744,0,data/exp2_images/benign_packed/76098cc2969c4a090fba5c863bb3bb52b5ce88bee46da9d46aab0252affa0744.png
7658b34b60b7762b6f7e3800ba71eb37a7ea1abe59bdf5ff645c7dbe954b0138,0,data/exp2_images/benign_packed/7658b34b60b7762b6f7e3800ba71eb37a7ea1abe59bdf5ff645c7dbe954b0138.png
7690b3f141152e6bebf78096aeb63413b8bf76f7c9bb09f70e1759705de79b34,0,data/exp2_images/benign_packed/7690b3f141152e6bebf78096aeb63413b8bf76f7c9bb09f70e1759705de79b34.png
776120defe19d7d4b09479b31c04185fa2772e379473e10331788d96dd8cb8fe,0,data/exp2_images/benign_packed/776120defe19d7d4b09479b31c04185fa2772e379473e10331788d96dd8cb8fe.png
77d279f76a05c12c3f36cc20e3dfab509050c8b525224954b421f08722b764af,0,data/exp2_images/benign_packed/77d279f76a05c12c3f36cc20e3dfab509050c8b525224954b421f08722b764af.png
77e5a7191c67661016b9724de27702246421684e21fe203db08c3484ab36c30d,0,data/exp2_images/benign_packed/77e5a7191c67661016b9724de27702246421684e21fe203db08c3484ab36c30d.png
782594ad768b6b36da400e33b9251dbf88b3eb7c3037292259409643191527b0,0,data/exp2_images/benign_packed/782594ad768b6b36da400e33b9251dbf88b3eb7c3037292259409643191527b0.png
78bdea8d1723fdce0295004b6d4de388ac42da4238f8af627c9db7e62865885e,0,data/exp2_images/benign_packed/78bdea8d1723fdce0295004b6d4de388ac42da4238f8af627c9db7e62865885e.png
79d27b57b5e2128fb96b229198fff3be95816d4495d26d512ec27cfd7406d0b5,0,data/exp2_images/benign_packed/79d27b57b5e2128fb96b229198fff3be95816d4495d26d512ec27cfd7406d0b5.png
7cb7866c3e824b4c7c63b32d5d558b211c9dff1f1aa01f048393eb154020c7e6,0,data/exp2_images/benign_packed/7cb7866c3e824b4c7c63b32d5d558b211c9dff1f1aa01f048393eb154020c7e6.png
7e663ff86c78f5eded5cec27ba0d023c6792c9666eb4dcb3cdf1ceb10db20cfe,0,data/exp2_images/benign_packed/7e663ff86c78f5eded5cec27ba0d023c6792c9666eb4dcb3cdf1ceb10db20cfe.png
7efacea841e47881128005d46fb5935088cd2f771124aff1d822be9f21a0954b,0,data/exp2_images/benign_packed/7efacea841e47881128005d46fb5935088cd2f771124aff1d822be9f21a0954b.png
7f68708a415404b0247e00e2a51cf6d9e28f61fc9accb93b46d3c9bdc05ad370,0,data/exp2_images/benign_packed/7f68708a415404b0247e00e2a51cf6d9e28f61fc9accb93b46d3c9bdc05ad370.png
7f8aa55beae4aee0da0f32b8d67b3d600103fedd99c6e114625f82de8d14d5c7,0,data/exp2_images/benign_packed/7f8aa55beae4aee0da0f32b8d67b3d600103fedd99c6e114625f82de8d14d5c7.png
7fb5e6cb10d8867756ec0225a162c192887e30751ba127e1dd2ea985c6c4c2bf,0,data/exp2_images/benign_packed/7fb5e6cb10d8867756ec0225a162c192887e30751ba127e1dd2ea985c6c4c2bf.png
7fd2d6334786adf1849a096e5709201f708cf981273fa2179b293871be4f3408,0,data/exp2_images/benign_packed/7fd2d6334786adf1849a096e5709201f708cf981273fa2179b293871be4f3408.png
809bb93af12ab0735cb76578c0cf7014cc84fadfcbf2a0daad5a73a239d94441,0,data/exp2_images/benign_packed/809bb93af12ab0735cb76578c0cf7014cc84fadfcbf2a0daad5a73a239d94441.png
81441f0059576d587462d7ceb3e067692501bf79ebe904686bb6d562a2d93e55,0,data/exp2_images/benign_packed/81441f0059576d587462d7ceb3e067692501bf79ebe904686bb6d562a2d93e55.png
81b6faa1158f04f1c6ea4eb5f7cd446f51076a30f9ab03d31872453689a200ee,0,data/exp2_images/benign_packed/81b6faa1158f04f1c6ea4eb5f7cd446f51076a30f9ab03d31872453689a200ee.png
827c8b3a6a54056b200d288c60b29c59e4f67dd9144e96ac79ebc79ece4f4997,0,data/exp2_images/benign_packed/827c8b3a6a54056b200d288c60b29c59e4f67dd9144e96ac79ebc79ece4f4997.png
82de969474a42b8180214095219fa488c130e7599e00a472b05f4534a469df86,0,data/exp2_images/benign_packed/82de969474a42b8180214095219fa488c130e7599e00a472b05f4534a469df86.png
857e2db65d56ec90bf7ffd3c51df4e9c577ca6576e399065f3220a5195e1f9bb,0,data/exp2_images/benign_packed/857e2db65d56ec90bf7ffd3c51df4e9c577ca6576e399065f3220a5195e1f9bb.png
85da776d71387fc7d0db12a3709c4cf8cca0e937cad33398b9d47448154eb92f,0,data/exp2_images/benign_packed/85da776d71387fc7d0db12a3709c4cf8cca0e937cad33398b9d47448154eb92f.png
85e5b1567f105a9c82956a6e2865594c5dab7b932a4835a927190445ab44ec28,0,data/exp2_images/benign_packed/85e5b1567f105a9c82956a6e2865594c5dab7b932a4835a927190445ab44ec28.png
86c8b86a80e911bb63d7a78b828bf45a02afb5c9ab271906720feeec7c24fe7d,0,data/exp2_images/benign_packed/86c8b86a80e911bb63d7a78b828bf45a02afb5c9ab271906720feeec7c24fe7d.png
86ee28923d4e7255762442fe93f220237197a756182ce320f5f6887b5c7147c5,0,data/exp2_images/benign_packed/86ee28923d4e7255762442fe93f220237197a756182ce320f5f6887b5c7147c5.png
86f32f026eb0dd6a4d547179e5c0cb326c8c259bd791012e54a6f98455799887,0,data/exp2_images/benign_packed/86f32f026eb0dd6a4d547179e5c0cb326c8c259bd791012e54a6f98455799887.png
8796df9c55fcbe47516fa1a721a91e14b97a5a056f12803a7195cd43798acd85,0,data/exp2_images/benign_packed/8796df9c55fcbe47516fa1a721a91e14b97a5a056f12803a7195cd43798acd85.png
87da8b45e2fecaddcdcaca35ea2f6583352344aba7f297c11b0434f39a476056,0,data/exp2_images/benign_packed/87da8b45e2fecaddcdcaca35ea2f6583352344aba7f297c11b0434f39a476056.png
88e88dffa87f88714aac093405453cb6e3708b3db9335c94da6946cacfb6bab9,0,data/exp2_images/benign_packed/88e88dffa87f88714aac093405453cb6e3708b3db9335c94da6946cacfb6bab9.png
89518688079c340bf998dd98e1e1126f4d6e0f12004ec86e59ecbe03df1af648,0,data/exp2_images/benign_packed/89518688079c340bf998dd98e1e1126f4d6e0f12004ec86e59ecbe03df1af648.png
89962fd3674c89988a611bf5560ce156531b459498183dcc2a3bb718d1c10c7e,0,data/exp2_images/benign_packed/89962fd3674c89988a611bf5560ce156531b459498183dcc2a3bb718d1c10c7e.png
89c39173fe238b4c277193cc24e9d720e663949702dda59c2fe05fd71d25e93d,0,data/exp2_images/benign_packed/89c39173fe238b4c277193cc24e9d720e663949702dda59c2fe05fd71d25e93d.png
89f26c9d4789ff1a94a8d4ab06c4405d70f0e08491b6b433229a7f6dadcaf68d,0,data/exp2_images/benign_packed/89f26c9d4789ff1a94a8d4ab06c4405d70f0e08491b6b433229a7f6dadcaf68d.png
89f4d2249c33ef790f3ff03130161fddc3d4059bb7ae41e662014bd43f0f2106,0,data/exp2_images/benign_packed/89f4d2249c33ef790f3ff03130161fddc3d4059bb7ae41e662014bd43f0f2106.png
8a298f73c613e85d9e956f2f183d90efa98d780bc564e62c34209d2fe3d33310,0,data/exp2_images/benign_packed/8a298f73c613e85d9e956f2f183d90efa98d780bc564e62c34209d2fe3d33310.png
8b2bd52e65fa66c795b1b91b06a3c178d94351b5cd63a98ff6eea6f8b3405f26,0,data/exp2_images/benign_packed/8b2bd52e65fa66c795b1b91b06a3c178d94351b5cd63a98ff6eea6f8b3405f26.png
8b42292720589ce90e3d4b6d2eed1dab9f8f46827bf424975901902ccb6441ad,0,data/exp2_images/benign_packed/8b42292720589ce90e3d4b6d2eed1dab9f8f46827bf424975901902ccb6441ad.png
8bb2a85b33080e3258f043f62f486cfdfb430fa95ff4169b020c44bd34979fde,0,data/exp2_images/benign_packed/8bb2a85b33080e3258f043f62f486cfdfb430fa95ff4169b020c44bd34979fde.png
8d8491cb71fb375f6509a6521c09f685368530ba2eed68abc8cab2f45828a65e,0,data/exp2_images/benign_packed/8d8491cb71fb375f6509a6521c09f685368530ba2eed68abc8cab2f45828a65e.png
8df19e7ee7dd8367772a17b914ba76d7ace0819f9064e7759f630bf26101d4dc,0,data/exp2_images/benign_packed/8df19e7ee7dd8367772a17b914ba76d7ace0819f9064e7759f630bf26101d4dc.png
8e001cccb07369febbe5ebc9189e5f941120d00fe2f2349868b2f3cd62f385c5,0,data/exp2_images/benign_packed/8e001cccb07369febbe5ebc9189e5f941120d00fe2f2349868b2f3cd62f385c5.png
8e104cc58e62de0eab837ac09b01d30e85f79045cc1803fa2ef4eafbdbd41e8d,0,data/exp2_images/benign_packed/8e104cc58e62de0eab837ac09b01d30e85f79045cc1803fa2ef4eafbdbd41e8d.png
8e5c8ac9bacfbf9516847f8f6421f408c323065ff4c61d9c0afc22beb7b9833e,0,data/exp2_images/benign_packed/8e5c8ac9bacfbf9516847f8f6421f408c323065ff4c61d9c0afc22beb7b9833e.png
8f655a501b446240b5e7e8e8e89ffaa25308d9c82c6830336883e5968e3331f2,0,data/exp2_images/benign_packed/8f655a501b446240b5e7e8e8e89ffaa25308d9c82c6830336883e5968e3331f2.png
916f3f27fda90e04851198c4273b286e52b1dc9b30948361303bc667e66a09c7,0,data/exp2_images/benign_packed/916f3f27fda90e04851198c4273b286e52b1dc9b30948361303bc667e66a09c7.png
9368943831a6e1c8934f9d979c8af44f509a698345a1b20263bc0da7ab311ad3,0,data/exp2_images/benign_packed/9368943831a6e1c8934f9d979c8af44f509a698345a1b20263bc0da7ab311ad3.png
9421892fa51285985906aba241abfab89c72210c31ece8f5150219d0518d88fc,0,data/exp2_images/benign_packed/9421892fa51285985906aba241abfab89c72210c31ece8f5150219d0518d88fc.png
9578342358ff79b911163d709a9dc19cad65102a33405db7f97d6f26322866bd,0,data/exp2_images/benign_packed/9578342358ff79b911163d709a9dc19cad65102a33405db7f97d6f26322866bd.png
959cf7ad86d1d9a697ff2161ea26f4825ab4d369b4651d3a3ad0e81e8416a2eb,0,data/exp2_images/benign_packed/959cf7ad86d1d9a697ff2161ea26f4825ab4d369b4651d3a3ad0e81e8416a2eb.png
95f37f835ee41eda40d5ee7d29847f853e34a7fc3829579ed4c996803b2cb4f6,0,data/exp2_images/benign_packed/95f37f835ee41eda40d5ee7d29847f853e34a7fc3829579ed4c996803b2cb4f6.png
9698fe5597f8c7ede90202b7f4498544103c640724b8d2a94beceddb3e926837,0,data/exp2_images/benign_packed/9698fe5597f8c7ede90202b7f4498544103c640724b8d2a94beceddb3e926837.png
96b5ccf8044c42dce6772da871ab5f9f01ccab554e1a3b8832c6397c1bfe9e7d,0,data/exp2_images/benign_packed/96b5ccf8044c42dce6772da871ab5f9f01ccab554e1a3b8832c6397c1bfe9e7d.png
9776d6321771a3d00c6e5f1eefaef41103936569963a61b6b321d1ee1ae06263,0,data/exp2_images/benign_packed/9776d6321771a3d00c6e5f1eefaef41103936569963a61b6b321d1ee1ae06263.png
978eb50ce360bb734766d3aad201a544999e188947b905cece76cedc2da7c72d,0,data/exp2_images/benign_packed/978eb50ce360bb734766d3aad201a544999e188947b905cece76cedc2da7c72d.png
9a20da8a4585f795cc8199501e1517be39248f9812685d73f1658881342306fb,0,data/exp2_images/benign_packed/9a20da8a4585f795cc8199501e1517be39248f9812685d73f1658881342306fb.png
9be9fc05b07871d06030a535b277e451345c1398e537fdad2a0c9cf6487795f2,0,data/exp2_images/benign_packed/9be9fc05b07871d06030a535b277e451345c1398e537fdad2a0c9cf6487795f2.png
9c4078d401f7ebc70caa2050740e2562e1c7a2c98d3ff17e9fe590685ac647a6,0,data/exp2_images/benign_packed/9c4078d401f7ebc70caa2050740e2562e1c7a2c98d3ff17e9fe590685ac647a6.png
9c915242926dc9670f91177af0cd7ca492622a184de5af14a43d140800d775f0,0,data/exp2_images/benign_packed/9c915242926dc9670f91177af0cd7ca492622a184de5af14a43d140800d775f0.png
9cc5d7b11f2ed5d8ad2c47467622107064414f3edf63497608d8da03ef7cb294,0,data/exp2_images/benign_packed/9cc5d7b11f2ed5d8ad2c47467622107064414f3edf63497608d8da03ef7cb294.png
9dac5b7c967e812cb313acd20e30d864a503116228945e2082b145b9544fb836,0,data/exp2_images/benign_packed/9dac5b7c967e812cb313acd20e30d864a503116228945e2082b145b9544fb836.png
9dbe301e6b832184a624e97ee08735397aeb656e4fcb98c2388a57deb2f33e76,0,data/exp2_images/benign_packed/9dbe301e6b832184a624e97ee08735397aeb656e4fcb98c2388a57deb2f33e76.png
9dc7460f60edad5e337b9f9cf93c72292092096c326a8341c155ea7d4d477f1f,0,data/exp2_images/benign_packed/9dc7460f60edad5e337b9f9cf93c72292092096c326a8341c155ea7d4d477f1f.png
9eaf987f2790faff354c8e405d7c09946924056707d1fe81bd3ce5a2c3f0133b,0,data/exp2_images/benign_packed/9eaf987f2790faff354c8e405d7c09946924056707d1fe81bd3ce5a2c3f0133b.png
a0899e167143ab97b167b6ae1bb270d9ba4b4e268b4a1eeb876a8b56345f23f5,0,data/exp2_images/benign_packed/a0899e167143ab97b167b6ae1bb270d9ba4b4e268b4a1eeb876a8b56345f23f5.png
a144073e9b6a387310903fed5f9f59dc04901000959110f0ced9cc910a691d92,0,data/exp2_images/benign_packed/a144073e9b6a387310903fed5f9f59dc04901000959110f0ced9cc910a691d92.png
a1c81cab06d7568368fef4d06a92601096ff3ae7a32529fef04211f707da8a39,0,data/exp2_images/benign_packed/a1c81cab06d7568368fef4d06a92601096ff3ae7a32529fef04211f707da8a39.png
a25def518b93fb698d87ab0372568986b630c5907c27e27959fd3b6570f59ff4,0,data/exp2_images/benign_packed/a25def518b93fb698d87ab0372568986b630c5907c27e27959fd3b6570f59ff4.png
a2c736e2a3b63fe0ddb28654994df83085bb735bfbd70da0aaa5458ed4b854e2,0,data/exp2_images/benign_packed/a2c736e2a3b63fe0ddb28654994df83085bb735bfbd70da0aaa5458ed4b854e2.png
a57ca61e8dbb5f6b081b3975f44aca8df1d13cbcaa33c6651700b4d457ec13a1,0,data/exp2_images/benign_packed/a57ca61e8dbb5f6b081b3975f44aca8df1d13cbcaa33c6651700b4d457ec13a1.png
a5a1f315fb88754bb4b99c6552e353c3a7606c791264f6b1f3b20fa2b94376e7,0,data/exp2_images/benign_packed/a5a1f315fb88754bb4b99c6552e353c3a7606c791264f6b1f3b20fa2b94376e7.png
a5b6deb455845311db511677ae3674dfc4a7d506d5a84fb0dc6c229230028e15,0,data/exp2_images/benign_packed/a5b6deb455845311db511677ae3674dfc4a7d506d5a84fb0dc6c229230028e15.png
a5d76d29280af398aeb406063676620060a5d0cb28b2d33d917f41a5c06e4d84,0,data/exp2_images/benign_packed/a5d76d29280af398aeb406063676620060a5d0cb28b2d33d917f41a5c06e4d84.png
a6376200168b30c542e04f44d9c68c2bf21deee11d23d1b3bd3577de19d72dbf,0,data/exp2_images/benign_packed/a6376200168b30c542e04f44d9c68c2bf21deee11d23d1b3bd3577de19d72dbf.png
a71a16c4b2d56acc3f8e2a2c576a0b9f1fc848e02110ba70e82c3708898a3328,0,data/exp2_images/benign_packed/a71a16c4b2d56acc3f8e2a2c576a0b9f1fc848e02110ba70e82c3708898a3328.png
a77e4d0b1eb2e5e2bc38702ee24d13fefeca2176a45768b849d57c5b549a7bc4,0,data/exp2_images/benign_packed/a77e4d0b1eb2e5e2bc38702ee24d13fefeca2176a45768b849d57c5b549a7bc4.png
a8614ba7b98ad576032d8610ff9b74bb402e1498c41f9f330e7a0df326852de3,0,data/exp2_images/benign_packed/a8614ba7b98ad576032d8610ff9b74bb402e1498c41f9f330e7a0df326852de3.png
a8e7f9617d12eb7744754bc45068f3fa96527542655a51571d5e43805d75508f,0,data/exp2_images/benign_packed/a8e7f9617d12eb7744754bc45068f3fa96527542655a51571d5e43805d75508f.png
aa6e5489177798f6547b0d149182ce1ca80de12227bc7efe1a8e5ebcb8217c32,0,data/exp2_images/benign_packed/aa6e5489177798f6547b0d149182ce1ca80de12227bc7efe1a8e5ebcb8217c32.png
aab9f72bc96a87b69af2ff99c8c771fd5d8cc4ccd776f3a7f56895666a025aac,0,data/exp2_images/benign_packed/aab9f72bc96a87b69af2ff99c8c771fd5d8cc4ccd776f3a7f56895666a025aac.png
aadefa57f1e278a33686883f653bcabd53ea52f5931957cbc3e17683398fb3bd,0,data/exp2_images/benign_packed/aadefa57f1e278a33686883f653bcabd53ea52f5931957cbc3e17683398fb3bd.png
aae405b76324f8feef9dd73d4d9cd88bd5e5f5242303a785caff01a24511792f,0,data/exp2_images/benign_packed/aae405b76324f8feef9dd73d4d9cd88bd5e5f5242303a785caff01a24511792f.png
aaffeebd785f0cb44249abb39b081f0c1a80ede5aa0e499137c9c1aa3d16fd81,0,data/exp2_images/benign_packed/aaffeebd785f0cb44249abb39b081f0c1a80ede5aa0e499137c9c1aa3d16fd81.png
ac4ff37b425f41428c6c672d10b0e4b9f32f95879eeb8b5315c6999163ed8c73,0,data/exp2_images/benign_packed/ac4ff37b425f41428c6c672d10b0e4b9f32f95879eeb8b5315c6999163ed8c73.png
accaefba50b5f55d8f215f6bb06a2c69523e6eb261844645dc5569a6adbc38ce,0,data/exp2_images/benign_packed/accaefba50b5f55d8f215f6bb06a2c69523e6eb261844645dc5569a6adbc38ce.png
ad3ec8fc0bde9b463ceeec97c7a88ae8fba1d75caa4ddde6cfadf77426fbbc57,0,data/exp2_images/benign_packed/ad3ec8fc0bde9b463ceeec97c7a88ae8fba1d75caa4ddde6cfadf77426fbbc57.png
ad8fa5dc5aab8671de6c2107bf2041000f17b9673a9b1572d75cef24f65ee887,0,data/exp2_images/benign_packed/ad8fa5dc5aab8671de6c2107bf2041000f17b9673a9b1572d75cef24f65ee887.png
ae484f4c0341f050d40d3e148be8d11ce86358349ddf3100dbf7d605780a5f95,0,data/exp2_images/benign_packed/ae484f4c0341f050d40d3e148be8d11ce86358349ddf3100dbf7d605780a5f95.png
ae8b7135284c9f111b34bf7ef631350b98f35298adafd7269bd364f63bb74b2e,0,data/exp2_images/benign_packed/ae8b7135284c9f111b34bf7ef631350b98f35298adafd7269bd364f63bb74b2e.png
aef590a1d82510652497032aa76690b0348cbb136e46bad7b8132ee09af50b6e,0,data/exp2_images/benign_packed/aef590a1d82510652497032aa76690b0348cbb136e46bad7b8132ee09af50b6e.png
aef79ab258cbe315ecb181c91c4c8aaa6b500480b4c8c91c96c25ece5ae489c5,0,data/exp2_images/benign_packed/aef79ab258cbe315ecb181c91c4c8aaa6b500480b4c8c91c96c25ece5ae489c5.png
aefc51ad6b7a1111ba05a8bc58c9cc8e2d9375295fb997897358913cdf7d0957,0,data/exp2_images/benign_packed/aefc51ad6b7a1111ba05a8bc58c9cc8e2d9375295fb997897358913cdf7d0957.png
aefffe14eed0c4fde518c79ed47910d626531197631f4985040ce022bc8b2ba8,0,data/exp2_images/benign_packed/aefffe14eed0c4fde518c79ed47910d626531197631f4985040ce022bc8b2ba8.png
af00266260bf7f326fe2aa82f5eebc199c83f0be899e1f2b89c63c02dddd8a61,0,data/exp2_images/benign_packed/af00266260bf7f326fe2aa82f5eebc199c83f0be899e1f2b89c63c02dddd8a61.png
af0c562398c5a0baf537da9f6da4354c60df77004d1fd110f863e90cd150113e,0,data/exp2_images/benign_packed/af0c562398c5a0baf537da9f6da4354c60df77004d1fd110f863e90cd150113e.png
af1314349a37d7d69d2269efae8f59b170de196e762d16ad992d88f19972c161,0,data/exp2_images/benign_packed/af1314349a37d7d69d2269efae8f59b170de196e762d16ad992d88f19972c161.png
af1df28834936aef92e142c14b1439ca64d070840b2c07b87351174ec0f71d8a,0,data/exp2_images/benign_packed/af1df28834936aef92e142c14b1439ca64d070840b2c07b87351174ec0f71d8a.png
af2a99c46c5f4d2e4fc3142b6e36d9b7fffc7a877295a72b8ffe8e7a90f02ef3,0,data/exp2_images/benign_packed/af2a99c46c5f4d2e4fc3142b6e36d9b7fffc7a877295a72b8ffe8e7a90f02ef3.png
af4f6308343a0141f8f48d21b5f7e1946c2983f69841d03399628d558ae03c46,0,data/exp2_images/benign_packed/af4f6308343a0141f8f48d21b5f7e1946c2983f69841d03399628d558ae03c46.png
af51eb50fb48639c26f2fa8ef26100166645de75489c5615e0c2521560388597,0,data/exp2_images/benign_packed/af51eb50fb48639c26f2fa8ef26100166645de75489c5615e0c2521560388597.png
af620b31cee826e885f8027898c75ea886b659bd099d0b2ff8e19227c294b0cb,0,data/exp2_images/benign_packed/af620b31cee826e885f8027898c75ea886b659bd099d0b2ff8e19227c294b0cb.png
af7e164f0f61819577bfa7be1ce3d810a5c68eb143dc51c44657bea3fce92313,0,data/exp2_images/benign_packed/af7e164f0f61819577bfa7be1ce3d810a5c68eb143dc51c44657bea3fce92313.png
af96e095ff53f68222b6d1866e84645fe4aad988002c668434637c73246ed4df,0,data/exp2_images/benign_packed/af96e095ff53f68222b6d1866e84645fe4aad988002c668434637c73246ed4df.png
afabfc705398511daaf7950f56be1079beab727e806e70d99577e1491cb95268,0,data/exp2_images/benign_packed/afabfc705398511daaf7950f56be1079beab727e806e70d99577e1491cb95268.png
afbdc5d2aa5bb0ab66d44e3bb94c7370abf39ece755b1e753f46ff086cdf2488,0,data/exp2_images/benign_packed/afbdc5d2aa5bb0ab66d44e3bb94c7370abf39ece755b1e753f46ff086cdf2488.png
afc899999170db0e2ddb99d449d36d06524dab794ea359d38bd799263e778803,0,data/exp2_images/benign_packed/afc899999170db0e2ddb99d449d36d06524dab794ea359d38bd799263e778803.png
afe00cc7b4fa4a6ce03b077f0702ed5f57bac6212edbbda7ec2764c6ebb1b8c9,0,data/exp2_images/benign_packed/afe00cc7b4fa4a6ce03b077f0702ed5f57bac6212edbbda7ec2764c6ebb1b8c9.png
afece3559e7425d5cfa1f015525cde6998b13129ae13a36282271d4341b11645,0,data/exp2_images/benign_packed/afece3559e7425d5cfa1f015525cde6998b13129ae13a36282271d4341b11645.png
afefbced2b6b777bcaf43bccf71e6b7d062d676e595b5f9f254f4e261323159b,0,data/exp2_images/benign_packed/afefbced2b6b777bcaf43bccf71e6b7d062d676e595b5f9f254f4e261323159b.png
b00227663669d89fc6f1f76cd03a30a09ffe174b3c314a65580822eef94fd281,0,data/exp2_images/benign_packed/b00227663669d89fc6f1f76cd03a30a09ffe174b3c314a65580822eef94fd281.png
b027da96876ad81302d728506e388c19985ba46cd23566a2dd1818f9ecfd6458,0,data/exp2_images/benign_packed/b027da96876ad81302d728506e388c19985ba46cd23566a2dd1818f9ecfd6458.png
b03ef76f1c276ddeff6befa1680474c98574ed1702505d4e5c8890df7226cac9,0,data/exp2_images/benign_packed/b03ef76f1c276ddeff6befa1680474c98574ed1702505d4e5c8890df7226cac9.png
b0499ee87b23129f1528c5cf57728518a3a66aa1a2eb200fb0700bc6ad78546e,0,data/exp2_images/benign_packed/b0499ee87b23129f1528c5cf57728518a3a66aa1a2eb200fb0700bc6ad78546e.png
b04c201f94f0f21df51b63ca69b8d87238fe38d1f762fae59771e624818e74f0,0,data/exp2_images/benign_packed/b04c201f94f0f21df51b63ca69b8d87238fe38d1f762fae59771e624818e74f0.png
b04e2b089656eae01a0071359f9d7fb040dea804c1b9d2379431864174259c2d,0,data/exp2_images/benign_packed/b04e2b089656eae01a0071359f9d7fb040dea804c1b9d2379431864174259c2d.png
b0561973ced0aa00a7126b3d9f45359a730ed176770105228e79f7b969a4f855,0,data/exp2_images/benign_packed/b0561973ced0aa00a7126b3d9f45359a730ed176770105228e79f7b969a4f855.png
b05ad9417028b9777f69422caa01ae9fd22c7bfe542bc6e7de2649e28a4ea643,0,data/exp2_images/benign_packed/b05ad9417028b9777f69422caa01ae9fd22c7bfe542bc6e7de2649e28a4ea643.png
b065c21f34f90cea54d094629693abbcf622c7ad03809114cfef91349c8809a7,0,data/exp2_images/benign_packed/b065c21f34f90cea54d094629693abbcf622c7ad03809114cfef91349c8809a7.png
b066374604077916f6aca26484d90f2890abcc8a7ebb755ece22e1d45827bceb,0,data/exp2_images/benign_packed/b066374604077916f6aca26484d90f2890abcc8a7ebb755ece22e1d45827bceb.png
b06f64eddfcb1a0ed429419e07416f05cef6a50fd864582f710c4bfb2285fb0a,0,data/exp2_images/benign_packed/b06f64eddfcb1a0ed429419e07416f05cef6a50fd864582f710c4bfb2285fb0a.png
b06ffc976a4583888c4b2ae7b7a02bb644623980a8f8eb2bde6eb6c3b5152aca,0,data/exp2_images/benign_packed/b06ffc976a4583888c4b2ae7b7a02bb644623980a8f8eb2bde6eb6c3b5152aca.png
b0745a7f1e3282d654ac53e84a41dfee38367eafe8f84c1e8295fcf7a2038171,0,data/exp2_images/benign_packed/b0745a7f1e3282d654ac53e84a41dfee38367eafe8f84c1e8295fcf7a2038171.png
b07719834e2229634191084e6acba7e278918a019d6039c8adf00144af27269b,0,data/exp2_images/benign_packed/b07719834e2229634191084e6acba7e278918a019d6039c8adf00144af27269b.png
b07987266cee80028b2a3f69799022bd006379f4de79b086140d89d7e3747eca,0,data/exp2_images/benign_packed/b07987266cee80028b2a3f69799022bd006379f4de79b086140d89d7e3747eca.png
b081ca2d12483b0720b3643e487cb645332415a0f1bc59f918efd9cfc1135d55,0,data/exp2_images/benign_packed/b081ca2d12483b0720b3643e487cb645332415a0f1bc59f918efd9cfc1135d55.png
b091b69a79cb709ff2d2496f414a9792af855bec34554951efcc6d206aeef260,0,data/exp2_images/benign_packed/b091b69a79cb709ff2d2496f414a9792af855bec34554951efcc6d206aeef260.png
b0930d9ea3af6788fbc40d54af3ae6e099150d9e8b311bd3df5edff964aec214,0,data/exp2_images/benign_packed/b0930d9ea3af6788fbc40d54af3ae6e099150d9e8b311bd3df5edff964aec214.png
b0960e391f5f6a04b95c8d1914227a52ecffb55ce14133769d527b065adf91d8,0,data/exp2_images/benign_packed/b0960e391f5f6a04b95c8d1914227a52ecffb55ce14133769d527b065adf91d8.png
b0984c997a89495e10de014110abcf9f59f36b74bcaf914db4ff6dfdd85a54af,0,data/exp2_images/benign_packed/b0984c997a89495e10de014110abcf9f59f36b74bcaf914db4ff6dfdd85a54af.png
b0a70c59a259d6e110e6dcd10aff261f75cc391f23c18cc1b256fe1dc66613fa,0,data/exp2_images/benign_packed/b0a70c59a259d6e110e6dcd10aff261f75cc391f23c18cc1b256fe1dc66613fa.png
b0b296a76fd5b00027896169cf4665bdfc00f1ded1fa5223e9308bffaee6a76c,0,data/exp2_images/benign_packed/b0b296a76fd5b00027896169cf4665bdfc00f1ded1fa5223e9308bffaee6a76c.png
b0b33d27924fa24e9224bc9b87cde1f0e04da55d7662bcdcca249778f731b389,0,data/exp2_images/benign_packed/b0b33d27924fa24e9224bc9b87cde1f0e04da55d7662bcdcca249778f731b389.png
b0bbe8c23925d8a7025cfe3311a38219476d841e5ab7ed6b4757bc7a69382c53,0,data/exp2_images/benign_packed/b0bbe8c23925d8a7025cfe3311a38219476d841e5ab7ed6b4757bc7a69382c53.png
b0defd82a56b61cc5452d2028d5de420f45ec21d41910a799e7826396c334239,0,data/exp2_images/benign_packed/b0defd82a56b61cc5452d2028d5de420f45ec21d41910a799e7826396c334239.png
b0df051044f82c37572a58415bad8a5b0769a369be0e458832e2e5ceb7265276,0,data/exp2_images/benign_packed/b0df051044f82c37572a58415bad8a5b0769a369be0e458832e2e5ceb7265276.png
b0e4632a0f3f8b8844c369ca155e82c3d321f6882508159370cc06c7639601be,0,data/exp2_images/benign_packed/b0e4632a0f3f8b8844c369ca155e82c3d321f6882508159370cc06c7639601be.png
b0fb46ac5f2f4cc2c34f6724933a16b9d125d2ddc9650928a8bc444d9f87fc0f,0,data/exp2_images/benign_packed/b0fb46ac5f2f4cc2c34f6724933a16b9d125d2ddc9650928a8bc444d9f87fc0f.png
b0fde28a7eda359b67d0dcce9a74401774af21a69b60c53ecdca702f27e08a25,0,data/exp2_images/benign_packed/b0fde28a7eda359b67d0dcce9a74401774af21a69b60c53ecdca702f27e08a25.png
b106a33091dcd306b1bdb22503958bcbdd0f85d24eebcee2482ae90e72394409,0,data/exp2_images/benign_packed/b106a33091dcd306b1bdb22503958bcbdd0f85d24eebcee2482ae90e72394409.png
b11379e187a9a1131105dfa4589d30a1d8ceec2b2a193ffb5d86d9bd3f771a6c,0,data/exp2_images/benign_packed/b11379e187a9a1131105dfa4589d30a1d8ceec2b2a193ffb5d86d9bd3f771a6c.png
b11b15b73abbb713ac7da8a3f622f93c07c0646fddb21827a1f530847b38c21d,0,data/exp2_images/benign_packed/b11b15b73abbb713ac7da8a3f622f93c07c0646fddb21827a1f530847b38c21d.png
b12f546989ee80b0f657f8a784a6523cd959239f06b4eb13f02ddde3e039f517,0,data/exp2_images/benign_packed/b12f546989ee80b0f657f8a784a6523cd959239f06b4eb13f02ddde3e039f517.png
b1315bb94b30aebc482251302214e7331c7750be11bc80c8b3061371c7b42500,0,data/exp2_images/benign_packed/b1315bb94b30aebc482251302214e7331c7750be11bc80c8b3061371c7b42500.png
b13a7c58c6e10ff4a50e2345b6f9e8e508ca2eba209adae228562801e77be398,0,data/exp2_images/benign_packed/b13a7c58c6e10ff4a50e2345b6f9e8e508ca2eba209adae228562801e77be398.png
b155a83cd2a33da9c9b89b8f979c42a3d39edf54e0d2937d3cffc22bd8b4274d,0,data/exp2_images/benign_packed/b155a83cd2a33da9c9b89b8f979c42a3d39edf54e0d2937d3cffc22bd8b4274d.png
b1720cb314acd0335ac13f3e194a202d4f96a2708534cf059aaaa353e3d637cd,0,data/exp2_images/benign_packed/b1720cb314acd0335ac13f3e194a202d4f96a2708534cf059aaaa353e3d637cd.png
b176aea4086a2fb7b899c8459e211e7523587264c0b5c2abfc2117afbb292176,0,data/exp2_images/benign_packed/b176aea4086a2fb7b899c8459e211e7523587264c0b5c2abfc2117afbb292176.png
b18d4c1bad76cfc5a02fc5f2ea6d2bf00defb866bf963ab61f0a0de9c28bf515,0,data/exp2_images/benign_packed/b18d4c1bad76cfc5a02fc5f2ea6d2bf00defb866bf963ab61f0a0de9c28bf515.png
b1a95a04cbdca12bd84cfe3f86e8ac11f33752171347ee1435fce13e5bff5195,0,data/exp2_images/benign_packed/b1a95a04cbdca12bd84cfe3f86e8ac11f33752171347ee1435fce13e5bff5195.png
b1b2595494072a52f1fc44586debf52312eab1a245a7a16185d7b1af37b159a6,0,data/exp2_images/benign_packed/b1b2595494072a52f1fc44586debf52312eab1a245a7a16185d7b1af37b159a6.png
b1b8f9e883035ac9c49524e23050843d6c338ac07d4f3ebfae3bdcc9b0ae218a,0,data/exp2_images/benign_packed/b1b8f9e883035ac9c49524e23050843d6c338ac07d4f3ebfae3bdcc9b0ae218a.png
b1c0a0da865b09eae26d8d30e7beda3a0f42a69600a798a3e499ba3335aa6774,0,data/exp2_images/benign_packed/b1c0a0da865b09eae26d8d30e7beda3a0f42a69600a798a3e499ba3335aa6774.png
b1c180f97aa9887f261ffacbf635a85077e5c95e78bd4339087f5a150daa1e3e,0,data/exp2_images/benign_packed/b1c180f97aa9887f261ffacbf635a85077e5c95e78bd4339087f5a150daa1e3e.png
b1df4f47c8746e49b0b7db55fc5d391a1442de04863ccba497530003182b7576,0,data/exp2_images/benign_packed/b1df4f47c8746e49b0b7db55fc5d391a1442de04863ccba497530003182b7576.png
b1e9416478ca21ecd260f05d859938212a2d83d540ccb02a6317567c847c39b4,0,data/exp2_images/benign_packed/b1e9416478ca21ecd260f05d859938212a2d83d540ccb02a6317567c847c39b4.png
b1f2b66c61dadc3b97815c69f3e4ada1417b186c258135157c5d47b83013dea5,0,data/exp2_images/benign_packed/b1f2b66c61dadc3b97815c69f3e4ada1417b186c258135157c5d47b83013dea5.png
b203bbc69028f7f3df1d81df40105ad7d68b70471879d1f9599dfb1ff1948200,0,data/exp2_images/benign_packed/b203bbc69028f7f3df1d81df40105ad7d68b70471879d1f9599dfb1ff1948200.png
b207f025c13b2bf433eb5e2f82bd8f6c0c6853c8317fed4ca308d185f4ccd345,0,data/exp2_images/benign_packed/b207f025c13b2bf433eb5e2f82bd8f6c0c6853c8317fed4ca308d185f4ccd345.png
b227e1bda24bfb829680d22df0e026123ff89fcc41d436742090ef60c5685570,0,data/exp2_images/benign_packed/b227e1bda24bfb829680d22df0e026123ff89fcc41d436742090ef60c5685570.png
b23df449ce4626763f38eaf581e96134f12018b2356bdb53f6766a48ba0193ae,0,data/exp2_images/benign_packed/b23df449ce4626763f38eaf581e96134f12018b2356bdb53f6766a48ba0193ae.png
b24b0081430615ffa8993929656fb3efe2450fe6862f6b6a77280d185e6757ad,0,data/exp2_images/benign_packed/b24b0081430615ffa8993929656fb3efe2450fe6862f6b6a77280d185e6757ad.png
b2530ebd731ec5ab3eba726e7225d67e8086b4b5f428d689c5d5e2b571788996,0,data/exp2_images/benign_packed/b2530ebd731ec5ab3eba726e7225d67e8086b4b5f428d689c5d5e2b571788996.png
b25976b4e32dcc3884ac0c8aa1e8416d483ef8598d232ac788e917f8967ff131,0,data/exp2_images/benign_packed/b25976b4e32dcc3884ac0c8aa1e8416d483ef8598d232ac788e917f8967ff131.png
b2617fc499c9296d3b72afc6ae01286fd801129fa5e884abeeb34eb7b51653f0,0,data/exp2_images/benign_packed/b2617fc499c9296d3b72afc6ae01286fd801129fa5e884abeeb34eb7b51653f0.png
b263ad1c75435acf3d4fb5159f840063533f18aed361236fd6fa2b0ceaee2a0d,0,data/exp2_images/benign_packed/b263ad1c75435acf3d4fb5159f840063533f18aed361236fd6fa2b0ceaee2a0d.png
b26a6c7e6d63e4311acdb6bd3969e8f90c8a93bb7d56e4268e924aa5e1e81c2d,0,data/exp2_images/benign_packed/b26a6c7e6d63e4311acdb6bd3969e8f90c8a93bb7d56e4268e924aa5e1e81c2d.png
b272aa89944cc387630ec140ebd2e63e70cb7e3f69763527396c185823dfd78d,0,data/exp2_images/benign_packed/b272aa89944cc387630ec140ebd2e63e70cb7e3f69763527396c185823dfd78d.png
b2772db0688b3c86134a1969bae17fd6aae1c8240a1f5910c0a724522abcc581,0,data/exp2_images/benign_packed/b2772db0688b3c86134a1969bae17fd6aae1c8240a1f5910c0a724522abcc581.png
b288eb94904813686c89b62b94508469771b0675983c1fbab0d2a385492dfdc9,0,data/exp2_images/benign_packed/b288eb94904813686c89b62b94508469771b0675983c1fbab0d2a385492dfdc9.png
b2977efe0d48c3d466d77dc1632503673f50034d4489dda0f6943868290c9a6d,0,data/exp2_images/benign_packed/b2977efe0d48c3d466d77dc1632503673f50034d4489dda0f6943868290c9a6d.png
b29fd80f2f20a958961b53792e61296ad9453ef06a17e503667cdee17cea81c4,0,data/exp2_images/benign_packed/b29fd80f2f20a958961b53792e61296ad9453ef06a17e503667cdee17cea81c4.png
b2ad552e53778bb3be8f1b494fe678850e0024ab3f38c4f35a250f058f281b77,0,data/exp2_images/benign_packed/b2ad552e53778bb3be8f1b494fe678850e0024ab3f38c4f35a250f058f281b77.png
b2b796dce52fb672bfbdf9700bdb15cc98300d48537953f40c92d2a5b33baa9f,0,data/exp2_images/benign_packed/b2b796dce52fb672bfbdf9700bdb15cc98300d48537953f40c92d2a5b33baa9f.png
b2bbbbc3ccae8f3e12cc57f872a8ed322b7c98942175459d4ff723e4ec1f51d0,0,data/exp2_images/benign_packed/b2bbbbc3ccae8f3e12cc57f872a8ed322b7c98942175459d4ff723e4ec1f51d0.png
b2f658985506ffcfaaa845e881d9deed5c5afad786753be060d8da6e1ec7e44d,0,data/exp2_images/benign_packed/b2f658985506ffcfaaa845e881d9deed5c5afad786753be060d8da6e1ec7e44d.png
b2f6d661315f24e9bed72e9af4580f371dbffabd9fc6242fcfcd02c519a6f470,0,data/exp2_images/benign_packed/b2f6d661315f24e9bed72e9af4580f371dbffabd9fc6242fcfcd02c519a6f470.png
b2faf3b85b23c840b654e57d5497a0ad31acd02fb01856cad4725a1715d5f78e,0,data/exp2_images/benign_packed/b2faf3b85b23c840b654e57d5497a0ad31acd02fb01856cad4725a1715d5f78e.png
b30e34d288493fb4c65f73f2d247ce34697ec96ce7c3260ffe9598b4f697cee8,0,data/exp2_images/benign_packed/b30e34d288493fb4c65f73f2d247ce34697ec96ce7c3260ffe9598b4f697cee8.png
b31e36b2112fb3150592770941860f0e59be46c81c8f6859010243779f5607e5,0,data/exp2_images/benign_packed/b31e36b2112fb3150592770941860f0e59be46c81c8f6859010243779f5607e5.png
b325283552ea6adceb0adea1756673b739f10942bc036c9edc863e1fbd6b095e,0,data/exp2_images/benign_packed/b325283552ea6adceb0adea1756673b739f10942bc036c9edc863e1fbd6b095e.png
b32bd1bc845c60b45f47f051d31a05ce176de41ceb88496a58cd2040dc294ef7,0,data/exp2_images/benign_packed/b32bd1bc845c60b45f47f051d31a05ce176de41ceb88496a58cd2040dc294ef7.png
b32f322c7912b14c2adde1a5d996d7ff07336afb52daf27212071f2fafb06c93,0,data/exp2_images/benign_packed/b32f322c7912b14c2adde1a5d996d7ff07336afb52daf27212071f2fafb06c93.png
b3327cd3a71a4cc2a246aa5bd36c23c738d88f1724d0ea2f4f550623c9daf55e,0,data/exp2_images/benign_packed/b3327cd3a71a4cc2a246aa5bd36c23c738d88f1724d0ea2f4f550623c9daf55e.png
b33c7b794173d53a4b767603d3bf54363e9400d1e0af1d215b4bb2a4277a5ca9,0,data/exp2_images/benign_packed/b33c7b794173d53a4b767603d3bf54363e9400d1e0af1d215b4bb2a4277a5ca9.png
b359fe5f1d8d68b702c8139c68e3d661dfed5a4d4217622dcf20a1c31cd5ac09,0,data/exp2_images/benign_packed/b359fe5f1d8d68b702c8139c68e3d661dfed5a4d4217622dcf20a1c31cd5ac09.png
b364fc78ac147d24a7db60c47a225a4cb4fae486d08cecae16451374bfd99786,0,data/exp2_images/benign_packed/b364fc78ac147d24a7db60c47a225a4cb4fae486d08cecae16451374bfd99786.png
b36526430c67aa6678770f458eb4ee057606e009c34ac79e358032f6a8833ff3,0,data/exp2_images/benign_packed/b36526430c67aa6678770f458eb4ee057606e009c34ac79e358032f6a8833ff3.png
b38e9c76564bff9369a11841ff218d6b7a3f8b1e479142dd5acea0ceefe47413,0,data/exp2_images/benign_packed/b38e9c76564bff9369a11841ff218d6b7a3f8b1e479142dd5acea0ceefe47413.png
b39a515b9e48fc6589703d45e14dcea2273a02d7fa6f2e1d17985c0228d32564,0,data/exp2_images/benign_packed/b39a515b9e48fc6589703d45e14dcea2273a02d7fa6f2e1d17985c0228d32564.png
b3a5d783aee60c809a64a9558cd6a39c4fdebf43bdb3f85a6f2d0cca8dfad9d5,0,data/exp2_images/benign_packed/b3a5d783aee60c809a64a9558cd6a39c4fdebf43bdb3f85a6f2d0cca8dfad9d5.png
b3afdb8a35adbde46e85939c6e7076bbe8ac09973731faf7693f7d6a3b2b99cc,0,data/exp2_images/benign_packed/b3afdb8a35adbde46e85939c6e7076bbe8ac09973731faf7693f7d6a3b2b99cc.png
b3b356cdca34cb5023cd8f49025e23128f1e86dd0d4865d62bc42f775f1acca8,0,data/exp2_images/benign_packed/b3b356cdca34cb5023cd8f49025e23128f1e86dd0d4865d62bc42f775f1acca8.png
b3bb19b4a93ce198c0eba50fb08db61539d6c54ed0c227bded1780bd868a51f0,0,data/exp2_images/benign_packed/b3bb19b4a93ce198c0eba50fb08db61539d6c54ed0c227bded1780bd868a51f0.png
b3c116f3d0c1be8f9312c944706b8952aa50cf9a1337159633beed01cd9e579d,0,data/exp2_images/benign_packed/b3c116f3d0c1be8f9312c944706b8952aa50cf9a1337159633beed01cd9e579d.png
b3c3bec3bd3fa5c644a52a6b701dc56b814935c24b431b3379faa7c9b0f837b4,0,data/exp2_images/benign_packed/b3c3bec3bd3fa5c644a52a6b701dc56b814935c24b431b3379faa7c9b0f837b4.png
b4056528c60e0704ed7a002c63b2d1d43dbf96e44428f5057fbe0e04ba2ce393,0,data/exp2_images/benign_packed/b4056528c60e0704ed7a002c63b2d1d43dbf96e44428f5057fbe0e04ba2ce393.png
b40df61a798879babd2de44e0e74f23fda4c369c507281781582c7d10258ac0f,0,data/exp2_images/benign_packed/b40df61a798879babd2de44e0e74f23fda4c369c507281781582c7d10258ac0f.png
b417202e9230c6a8e491e58e80b944280918a79c64c354d07d4fcdfcebb0b5b9,0,data/exp2_images/benign_packed/b417202e9230c6a8e491e58e80b944280918a79c64c354d07d4fcdfcebb0b5b9.png
b42106b44b3e3580558ca514440c1cb325ed450e22603a9757d6668f79254350,0,data/exp2_images/benign_packed/b42106b44b3e3580558ca514440c1cb325ed450e22603a9757d6668f79254350.png
b4215da103161d817a98d9def4802e3551ff49b600765f2c2b6a9fc4f593c50e,0,data/exp2_images/benign_packed/b4215da103161d817a98d9def4802e3551ff49b600765f2c2b6a9fc4f593c50e.png
b423bc774541eddb79b2006bc2024e7abcc0eb2edfd2814e3e575b6aabbd4d1e,0,data/exp2_images/benign_packed/b423bc774541eddb79b2006bc2024e7abcc0eb2edfd2814e3e575b6aabbd4d1e.png
b426deb2d675c57a9f8bde805b027d0c9e2da4e4abd4945f2740aa663d58a6cf,0,data/exp2_images/benign_packed/b426deb2d675c57a9f8bde805b027d0c9e2da4e4abd4945f2740aa663d58a6cf.png
b427ab70f06e214ed9022f0b57f89a65339531df21a45336bef8aba8e873dde6,0,data/exp2_images/benign_packed/b427ab70f06e214ed9022f0b57f89a65339531df21a45336bef8aba8e873dde6.png
b43899414c348d93da342e7f0bd2a03a29495836fbe98d8f6ffe0ef0885f007a,0,data/exp2_images/benign_packed/b43899414c348d93da342e7f0bd2a03a29495836fbe98d8f6ffe0ef0885f007a.png
b43bb3e4688c42f2b84feba03b1074177b290aabddd0aa503092a0d087fd726a,0,data/exp2_images/benign_packed/b43bb3e4688c42f2b84feba03b1074177b290aabddd0aa503092a0d087fd726a.png
b457325ff2b946b5850f4458f6fe2faf6ba7574311f77ddef877bde87b02d7e5,0,data/exp2_images/benign_packed/b457325ff2b946b5850f4458f6fe2faf6ba7574311f77ddef877bde87b02d7e5.png
b465a44c1332a7cbceed9fcfc363088a28a5373c41f57da4b803130199e4bd93,0,data/exp2_images/benign_packed/b465a44c1332a7cbceed9fcfc363088a28a5373c41f57da4b803130199e4bd93.png
b471ac10e955513c6eaab1df7dd9334bf0a95348100e79cc7971ea8266061983,0,data/exp2_images/benign_packed/b471ac10e955513c6eaab1df7dd9334bf0a95348100e79cc7971ea8266061983.png
b471f272c4c7c35ab41b611d458ea91ac3111e6172af17307362a566992441c3,0,data/exp2_images/benign_packed/b471f272c4c7c35ab41b611d458ea91ac3111e6172af17307362a566992441c3.png
b47bc101395bb221498ace7b6853c4e064cdf21e9c32c7d643a5d8d7c2775090,0,data/exp2_images/benign_packed/b47bc101395bb221498ace7b6853c4e064cdf21e9c32c7d643a5d8d7c2775090.png
b4826e3700a43522af97418b56dfddf97c4a2f10c1efdac3f060cd5b8f16755f,0,data/exp2_images/benign_packed/b4826e3700a43522af97418b56dfddf97c4a2f10c1efdac3f060cd5b8f16755f.png
b485014e1dcb4be9fe508c27b8cd2c5457d56f65e2435e1f162ebd477698b6d5,0,data/exp2_images/benign_packed/b485014e1dcb4be9fe508c27b8cd2c5457d56f65e2435e1f162ebd477698b6d5.png
b48cf12ff1155761b5c1a44b8c71e0f272d480f325e02df0532e6886d97f37c4,0,data/exp2_images/benign_packed/b48cf12ff1155761b5c1a44b8c71e0f272d480f325e02df0532e6886d97f37c4.png
b497bcf8d8acaf7a9fcde5cc4afbb7ecce2b665a7a8f8847d498923bb975d885,0,data/exp2_images/benign_packed/b497bcf8d8acaf7a9fcde5cc4afbb7ecce2b665a7a8f8847d498923bb975d885.png
b49e3f79abf030d9cfe95e4302ed02e53f357dcb9083555340fdb3b40845e619,0,data/exp2_images/benign_packed/b49e3f79abf030d9cfe95e4302ed02e53f357dcb9083555340fdb3b40845e619.png
b4a045535f244c5ff4a0e323df1bb77a70ed24bd54c4468a64b021e69eef92c4,0,data/exp2_images/benign_packed/b4a045535f244c5ff4a0e323df1bb77a70ed24bd54c4468a64b021e69eef92c4.png
b4a8c04b951aac60a687087038d015e8ca595aa4484b7178b1592f7431fba901,0,data/exp2_images/benign_packed/b4a8c04b951aac60a687087038d015e8ca595aa4484b7178b1592f7431fba901.png
b4be4ca9053d83301bdd01e6e2568af791aa819798f29fc8cf85eab4037edb4e,0,data/exp2_images/benign_packed/b4be4ca9053d83301bdd01e6e2568af791aa819798f29fc8cf85eab4037edb4e.png
b4c81c63e89d819ac5f2bb232373f15c80e4a98dd3a924a905b4519535ffc496,0,data/exp2_images/benign_packed/b4c81c63e89d819ac5f2bb232373f15c80e4a98dd3a924a905b4519535ffc496.png
b4de5fc0d8b04b9c40e0797facd5a112627ef7e8edee1fb3eb7ea7aba8495f79,0,data/exp2_images/benign_packed/b4de5fc0d8b04b9c40e0797facd5a112627ef7e8edee1fb3eb7ea7aba8495f79.png
b4f5739d02c9c585bb0662e42ec8530f6290bf9c81aff22c9a4ca25dac2831b1,0,data/exp2_images/benign_packed/b4f5739d02c9c585bb0662e42ec8530f6290bf9c81aff22c9a4ca25dac2831b1.png
b50a45627e404b02d86ed5333efe6e6496c687e1112c59e154f3443e989c67c4,0,data/exp2_images/benign_packed/b50a45627e404b02d86ed5333efe6e6496c687e1112c59e154f3443e989c67c4.png
b50bd8fb6c4bfaaca7df3698f2fd18d840be405780d6da65a9e82bfaef9f54ee,0,data/exp2_images/benign_packed/b50bd8fb6c4bfaaca7df3698f2fd18d840be405780d6da65a9e82bfaef9f54ee.png
b51159eb8ecfd2274bad8d135efd27457363852a872ba0e7c9d2f125a37766f0,0,data/exp2_images/benign_packed/b51159eb8ecfd2274bad8d135efd27457363852a872ba0e7c9d2f125a37766f0.png
b51bdb26c1a6560e7ec83ae3f2a20d1fbd8ce61f28b85d04220cad72a3d01c17,0,data/exp2_images/benign_packed/b51bdb26c1a6560e7ec83ae3f2a20d1fbd8ce61f28b85d04220cad72a3d01c17.png
b51cc1e2c39af1871d765ccd83684dd090691af625df294cffdc6ab8a840a14a,0,data/exp2_images/benign_packed/b51cc1e2c39af1871d765ccd83684dd090691af625df294cffdc6ab8a840a14a.png
b52f2b9de19d12b0e727e13e3dde93009e487bfb2dd97fd23952c7080949d97e,0,data/exp2_images/benign_packed/b52f2b9de19d12b0e727e13e3dde93009e487bfb2dd97fd23952c7080949d97e.png
b53c744e61cf16681557740621e17cd4c113248fb7d29f6d68f37247a87c2df0,0,data/exp2_images/benign_packed/b53c744e61cf16681557740621e17cd4c113248fb7d29f6d68f37247a87c2df0.png
b56500540c25aade7be590db1bb2cd491bd487d2e5f8d67fc5d353bd3f030a73,0,data/exp2_images/benign_packed/b56500540c25aade7be590db1bb2cd491bd487d2e5f8d67fc5d353bd3f030a73.png
b56bc94e8539603dd2f0fea2f25efd17966315067442507db4bffafcbc2955b0,0,data/exp2_images/benign_packed/b56bc94e8539603dd2f0fea2f25efd17966315067442507db4bffafcbc2955b0.png
b5703fd17c3ae58ef1f0efb174c8d6f7421c1b6976d1d963327e57675b95a28c,0,data/exp2_images/benign_packed/b5703fd17c3ae58ef1f0efb174c8d6f7421c1b6976d1d963327e57675b95a28c.png
b57eeda862705a57a306c497645edfe2d1701242420ea573a42011698551fb50,0,data/exp2_images/benign_packed/b57eeda862705a57a306c497645edfe2d1701242420ea573a42011698551fb50.png
b58cc27cfa83efbba039c9c27e57b8418caf36bdc8f7bf0b689a1586daf19941,0,data/exp2_images/benign_packed/b58cc27cfa83efbba039c9c27e57b8418caf36bdc8f7bf0b689a1586daf19941.png
b592082b37941785db7efeaa6c293bc4f6105e4cf5688d9fb1796d5853cbd782,0,data/exp2_images/benign_packed/b592082b37941785db7efeaa6c293bc4f6105e4cf5688d9fb1796d5853cbd782.png
b59d4c950491ef3624c54055af98605df96de28260e98fded75b4e67d27f79b3,0,data/exp2_images/benign_packed/b59d4c950491ef3624c54055af98605df96de28260e98fded75b4e67d27f79b3.png
b5b4bdb18fcfc119e99ed2e79d9856ecbb49d2ad25a2760df3e14156b3d6bdb0,0,data/exp2_images/benign_packed/b5b4bdb18fcfc119e99ed2e79d9856ecbb49d2ad25a2760df3e14156b3d6bdb0.png
b5b8ca0f0ac1bd2dda660df398cff60526f3a24a50774490fad9c5c4f939288f,0,data/exp2_images/benign_packed/b5b8ca0f0ac1bd2dda660df398cff60526f3a24a50774490fad9c5c4f939288f.png
b5c1444604cc5e12ab9850226517858b96866b2ef021ee61a2558234b1ceffe3,0,data/exp2_images/benign_packed/b5c1444604cc5e12ab9850226517858b96866b2ef021ee61a2558234b1ceffe3.png
b5e354b5b86d10b98c484535b7793baa3155a52dbad075fc30c43378fc8a53df,0,data/exp2_images/benign_packed/b5e354b5b86d10b98c484535b7793baa3155a52dbad075fc30c43378fc8a53df.png
b5ed620d5406454bd1a3616fc4613cc8242ba27ccfa82ecca25ef8e7275cb419,0,data/exp2_images/benign_packed/b5ed620d5406454bd1a3616fc4613cc8242ba27ccfa82ecca25ef8e7275cb419.png
b60c603b12cdd9d10b2c2b95806ee3152daf0509a3677fb0497d6719b8c2b858,0,data/exp2_images/benign_packed/b60c603b12cdd9d10b2c2b95806ee3152daf0509a3677fb0497d6719b8c2b858.png
b614396c688b511ddfcda114032b858bc8ab435783f549576c367b595e4abb2c,0,data/exp2_images/benign_packed/b614396c688b511ddfcda114032b858bc8ab435783f549576c367b595e4abb2c.png
b624949df8b0e3a6153fdfb730a7c6f4990b6592ee0d922e1788433d276610f3,0,data/exp2_images/benign_packed/b624949df8b0e3a6153fdfb730a7c6f4990b6592ee0d922e1788433d276610f3.png
b62e5552d5fd561b8c7a0b3058af13714d93e7cc37a50eb901f65d9da89ee666,0,data/exp2_images/benign_packed/b62e5552d5fd561b8c7a0b3058af13714d93e7cc37a50eb901f65d9da89ee666.png
b62e62c7374ce1398b985af3122ff10a092750f65191fdc3aa6151de130183a3,0,data/exp2_images/benign_packed/b62e62c7374ce1398b985af3122ff10a092750f65191fdc3aa6151de130183a3.png
b653347e79b6238e8d71f904f9a9c6aceb4c7d551933bb58ba71d7d87cb37e6d,0,data/exp2_images/benign_packed/b653347e79b6238e8d71f904f9a9c6aceb4c7d551933bb58ba71d7d87cb37e6d.png
b6558c638f6e1bf77758ccdbd0634bfee9c8be8ae5a315d691c4e3de779dffc3,0,data/exp2_images/benign_packed/b6558c638f6e1bf77758ccdbd0634bfee9c8be8ae5a315d691c4e3de779dffc3.png
b663c2807fdf217fdc5cf9694b6a8ef1f07c7b9df12df5aca88342666593032a,0,data/exp2_images/benign_packed/b663c2807fdf217fdc5cf9694b6a8ef1f07c7b9df12df5aca88342666593032a.png
b66648bfb5159ba02a9f2ca4dbb4aa11563d714fcf2bbae0d49e90f928892358,0,data/exp2_images/benign_packed/b66648bfb5159ba02a9f2ca4dbb4aa11563d714fcf2bbae0d49e90f928892358.png
b6688cbbb783e71d1fd78dfa127dc8eef152246b50e32a022f5e0fe925b54966,0,data/exp2_images/benign_packed/b6688cbbb783e71d1fd78dfa127dc8eef152246b50e32a022f5e0fe925b54966.png
b66b33393b54a2388af9198b8b6f38ddb4bc8fd40141819c8f1b6a6b97683eae,0,data/exp2_images/benign_packed/b66b33393b54a2388af9198b8b6f38ddb4bc8fd40141819c8f1b6a6b97683eae.png
b67a3b021819d8f8425fde8f3843fcb225378ddc1ce761bab8d29251342201d5,0,data/exp2_images/benign_packed/b67a3b021819d8f8425fde8f3843fcb225378ddc1ce761bab8d29251342201d5.png
b67ddffd73af5faaf4c1ba590ba966c260880fe154e07cfce3c4e5cb5b0e86ab,0,data/exp2_images/benign_packed/b67ddffd73af5faaf4c1ba590ba966c260880fe154e07cfce3c4e5cb5b0e86ab.png
b68aa8ccb15033689a2dee77c844b587759e9580863060241f8bbac263de018e,0,data/exp2_images/benign_packed/b68aa8ccb15033689a2dee77c844b587759e9580863060241f8bbac263de018e.png
b68aab327b7bbeaafdbab25654ae714c685c734e672c8fc3dc83d2f23a991c37,0,data/exp2_images/benign_packed/b68aab327b7bbeaafdbab25654ae714c685c734e672c8fc3dc83d2f23a991c37.png
b694aa94d3fe0a392abe9d910a4163dc3bbf663fe295da855806e2c67521459a,0,data/exp2_images/benign_packed/b694aa94d3fe0a392abe9d910a4163dc3bbf663fe295da855806e2c67521459a.png
b699544c7a774fb1bf667c23a1875bb83489bca639838545a5db6f24e8dbb4ab,0,data/exp2_images/benign_packed/b699544c7a774fb1bf667c23a1875bb83489bca639838545a5db6f24e8dbb4ab.png
b6ad417ec29a32124ec8fc5b50e880752055279af2d662e7518b2df72e70c205,0,data/exp2_images/benign_packed/b6ad417ec29a32124ec8fc5b50e880752055279af2d662e7518b2df72e70c205.png
b6b67b2c4cc579ddb021ffc4b3aad234602fc1835c86c6a6191d90de14d010e7,0,data/exp2_images/benign_packed/b6b67b2c4cc579ddb021ffc4b3aad234602fc1835c86c6a6191d90de14d010e7.png
b6eafa072bd0dbbca07b1557946334dbe005af07b76cec8f082087fc5ea06adb,0,data/exp2_images/benign_packed/b6eafa072bd0dbbca07b1557946334dbe005af07b76cec8f082087fc5ea06adb.png
b6f30de35298bc47ce8c90a6f96e0416ea33473a84e5dd48fe87cd1b257f18f3,0,data/exp2_images/benign_packed/b6f30de35298bc47ce8c90a6f96e0416ea33473a84e5dd48fe87cd1b257f18f3.png
b70cc7573be235b7229c2cbab5d926984509eb2e644bf9d3da41863c72d625c9,0,data/exp2_images/benign_packed/b70cc7573be235b7229c2cbab5d926984509eb2e644bf9d3da41863c72d625c9.png
b7105d717abfafbc2938cfcef5dabdf0ead7e3df6108629db8b0893ddc1e8682,0,data/exp2_images/benign_packed/b7105d717abfafbc2938cfcef5dabdf0ead7e3df6108629db8b0893ddc1e8682.png
b71078212178c175224ceb61ce2b0f8eec58daac891f5795b1dde099577acef3,0,data/exp2_images/benign_packed/b71078212178c175224ceb61ce2b0f8eec58daac891f5795b1dde099577acef3.png
b713069fb6177c3b7be361008a60d5bbdee27f90795984031e1731809355ced2,0,data/exp2_images/benign_packed/b713069fb6177c3b7be361008a60d5bbdee27f90795984031e1731809355ced2.png
b71421256251bb62744e878f6b10dfa5658ed969216a1cc39e70c6495ae18b8a,0,data/exp2_images/benign_packed/b71421256251bb62744e878f6b10dfa5658ed969216a1cc39e70c6495ae18b8a.png
b71b2081906133f5e748b3f32155c73d25248e2fedc7675b876293b128c6d932,0,data/exp2_images/benign_packed/b71b2081906133f5e748b3f32155c73d25248e2fedc7675b876293b128c6d932.png
b731f8e1db521e15fe4d7a3a78e03268cbba8eb6e3a19b53421b317c51035aa4,0,data/exp2_images/benign_packed/b731f8e1db521e15fe4d7a3a78e03268cbba8eb6e3a19b53421b317c51035aa4.png
b73c6e059cde33e7ef2f6695ed2c105ab05f9bf8405dcc7e017d26aacda8d432,0,data/exp2_images/benign_packed/b73c6e059cde33e7ef2f6695ed2c105ab05f9bf8405dcc7e017d26aacda8d432.png
b73cffb1dcba190545d7b528c5bf61a150f33562b6ec126ea11aad4d075ab23c,0,data/exp2_images/benign_packed/b73cffb1dcba190545d7b528c5bf61a150f33562b6ec126ea11aad4d075ab23c.png
b73fd3990df00d4c2b9bbf9d2283f9ff2b94a22c24b6c84f6a3b741e52a231c6,0,data/exp2_images/benign_packed/b73fd3990df00d4c2b9bbf9d2283f9ff2b94a22c24b6c84f6a3b741e52a231c6.png
b74aefd6fa638be3f415165c8109121a2093597421101abc312ee7ffa1130278,0,data/exp2_images/benign_packed/b74aefd6fa638be3f415165c8109121a2093597421101abc312ee7ffa1130278.png
b772266d1493844fb2713a1316281f13784552ee3bebd39daaa95b909591e145,0,data/exp2_images/benign_packed/b772266d1493844fb2713a1316281f13784552ee3bebd39daaa95b909591e145.png
b7920053d67d9e71b9f15b4db69b6b7e63be499ea2675580393aec9c26c61c7a,0,data/exp2_images/benign_packed/b7920053d67d9e71b9f15b4db69b6b7e63be499ea2675580393aec9c26c61c7a.png
b7a2344533d6dbb8f18f6f625188a77b332f1de313c38f13db276eb5e0726ca7,0,data/exp2_images/benign_packed/b7a2344533d6dbb8f18f6f625188a77b332f1de313c38f13db276eb5e0726ca7.png
b7b9a6131f44f1e5f265b126fafcfadd43850ae39d47f2b94fac68a73a9caf5c,0,data/exp2_images/benign_packed/b7b9a6131f44f1e5f265b126fafcfadd43850ae39d47f2b94fac68a73a9caf5c.png
b7c4669c33b7fdf88c6b97059391b1f687074b18ffffcf8100e6bc728b26efa7,0,data/exp2_images/benign_packed/b7c4669c33b7fdf88c6b97059391b1f687074b18ffffcf8100e6bc728b26efa7.png
b7d9573eae58ecb5edb561eb6af699e38366cb878c01d8c25a5e68d88bf6ac31,0,data/exp2_images/benign_packed/b7d9573eae58ecb5edb561eb6af699e38366cb878c01d8c25a5e68d88bf6ac31.png
b7ec5507845be11c70bf0ad5a2bb4ee111a805312aada23c151b79abb1a1f247,0,data/exp2_images/benign_packed/b7ec5507845be11c70bf0ad5a2bb4ee111a805312aada23c151b79abb1a1f247.png
b7efa647a93bd17535b018ac037f39e1f4cb6cdea4f3a67d902964cb8011b092,0,data/exp2_images/benign_packed/b7efa647a93bd17535b018ac037f39e1f4cb6cdea4f3a67d902964cb8011b092.png
b8068cdff2d2d88bee4fcb8a8d56fea49f993971312838b97dfe7bc705d7153e,0,data/exp2_images/benign_packed/b8068cdff2d2d88bee4fcb8a8d56fea49f993971312838b97dfe7bc705d7153e.png
b812b1c5b0a7834fe3699d769f7cdb365adee7bcdde784836a7229a4d819799b,0,data/exp2_images/benign_packed/b812b1c5b0a7834fe3699d769f7cdb365adee7bcdde784836a7229a4d819799b.png
b82b01cd4c5036923965dbeda2359fc48bbb11f6a4655ba534256394716cb3db,0,data/exp2_images/benign_packed/b82b01cd4c5036923965dbeda2359fc48bbb11f6a4655ba534256394716cb3db.png
b82c7fe4ca5017c54be92d69bde36ab1052607a50b257b75290d24eae59f7788,0,data/exp2_images/benign_packed/b82c7fe4ca5017c54be92d69bde36ab1052607a50b257b75290d24eae59f7788.png
b82f096607a52b76f69a2db03392e008dd60a7dce74665b0e09f5593ba7ca7ca,0,data/exp2_images/benign_packed/b82f096607a52b76f69a2db03392e008dd60a7dce74665b0e09f5593ba7ca7ca.png
b8334e145d5bedddf80a4ee476c7dda07c9bc01ec486c75ea48ab1da6392cec4,0,data/exp2_images/benign_packed/b8334e145d5bedddf80a4ee476c7dda07c9bc01ec486c75ea48ab1da6392cec4.png
b83918509162fd65f397ddbc96fa4a20a3b0ec87ee4d43f45cbaa3e17bf4a770,0,data/exp2_images/benign_packed/b83918509162fd65f397ddbc96fa4a20a3b0ec87ee4d43f45cbaa3e17bf4a770.png
b83c6015fac82d98f1072be4585d3bdb51169bf63829d7ea459465f465dab67e,0,data/exp2_images/benign_packed/b83c6015fac82d98f1072be4585d3bdb51169bf63829d7ea459465f465dab67e.png
b85184d42b1f0e5bff8a6b86193fda191e75785fdf8fbccf9b80ac4a2771b861,0,data/exp2_images/benign_packed/b85184d42b1f0e5bff8a6b86193fda191e75785fdf8fbccf9b80ac4a2771b861.png
b85fb0b1263fa09f27e65266798b66a1c03ce6e9d57dd14a0e61180da269a49b,0,data/exp2_images/benign_packed/b85fb0b1263fa09f27e65266798b66a1c03ce6e9d57dd14a0e61180da269a49b.png
b863e60a104b7bb75a4ea0fd3a493cfe72c84ae8bf0cc4844554cf8afea0f77a,0,data/exp2_images/benign_packed/b863e60a104b7bb75a4ea0fd3a493cfe72c84ae8bf0cc4844554cf8afea0f77a.png
b864074f2f22e4a50c1a61539d886a8a47dd2c2e555f3f2f4c3d4d7d1cdc40a5,0,data/exp2_images/benign_packed/b864074f2f22e4a50c1a61539d886a8a47dd2c2e555f3f2f4c3d4d7d1cdc40a5.png
b86ac9b28e586c039f2d4a65920eec820552c207ca268ea36cf3b40c959fe961,0,data/exp2_images/benign_packed/b86ac9b28e586c039f2d4a65920eec820552c207ca268ea36cf3b40c959fe961.png
b86d8fb4e244e24f341aa23b4e185f7f0e5ca3d4f73ec1a748e2e2a1f1645f9e,0,data/exp2_images/benign_packed/b86d8fb4e244e24f341aa23b4e185f7f0e5ca3d4f73ec1a748e2e2a1f1645f9e.png
b87a5b63ce6a27c31b22feb408f23b5fbd586e9fb0b8622c87bdc5f02e59b001,0,data/exp2_images/benign_packed/b87a5b63ce6a27c31b22feb408f23b5fbd586e9fb0b8622c87bdc5f02e59b001.png
b89a617646199ae886279aa1d0ff836c0aa611c2e5f53c82ce9d7b1c3ee0b451,0,data/exp2_images/benign_packed/b89a617646199ae886279aa1d0ff836c0aa611c2e5f53c82ce9d7b1c3ee0b451.png
b8a331c43a9381cda29c49385ab73363d7642aec63d880cd949b7d095bdb4910,0,data/exp2_images/benign_packed/b8a331c43a9381cda29c49385ab73363d7642aec63d880cd949b7d095bdb4910.png
b8a91bec1fbb34606ed5326aad78af0d07c7915be86cfd595cc4c222504e98b1,0,data/exp2_images/benign_packed/b8a91bec1fbb34606ed5326aad78af0d07c7915be86cfd595cc4c222504e98b1.png
b8af7c6804ef53a3cafd34d96b3a94e11fb4b9b90aaf9644b41eb7f4123d8f29,0,data/exp2_images/benign_packed/b8af7c6804ef53a3cafd34d96b3a94e11fb4b9b90aaf9644b41eb7f4123d8f29.png
b911d8d1debedd47b9c599e62b24a27405441a12ee8b7d749e56b59ee53d4fba,0,data/exp2_images/benign_packed/b911d8d1debedd47b9c599e62b24a27405441a12ee8b7d749e56b59ee53d4fba.png
b92b2fe1fece9881e77ef707761f16b22c9e537f898839a31029686c9866c6ee,0,data/exp2_images/benign_packed/b92b2fe1fece9881e77ef707761f16b22c9e537f898839a31029686c9866c6ee.png
b93c1b38b33a60ffc61b216835ea445dc36e726ff775258de6a4c6408001fddf,0,data/exp2_images/benign_packed/b93c1b38b33a60ffc61b216835ea445dc36e726ff775258de6a4c6408001fddf.png
b9481d2049fea73e51f5bc6c67aa9f3cb82d8e2e1a44785364cc19eed1f9638f,0,data/exp2_images/benign_packed/b9481d2049fea73e51f5bc6c67aa9f3cb82d8e2e1a44785364cc19eed1f9638f.png
b955d0e5956a0cfc4154ea0c4d83f946a56193e40638a814c1c7d0c597be7c2a,0,data/exp2_images/benign_packed/b955d0e5956a0cfc4154ea0c4d83f946a56193e40638a814c1c7d0c597be7c2a.png
b97a8bde95d99b71af4f13bdfca7191a5cf2bc18cd3266497ec42d0fcf60f836,0,data/exp2_images/benign_packed/b97a8bde95d99b71af4f13bdfca7191a5cf2bc18cd3266497ec42d0fcf60f836.png
b97f41e2e13ee67344c156bf7ab90e8390cc6bf98e483e6c520d2e16ee30231e,0,data/exp2_images/benign_packed/b97f41e2e13ee67344c156bf7ab90e8390cc6bf98e483e6c520d2e16ee30231e.png
b98c52699b55bb4923b116eb1d564740c75fb322e7bdc2298c7c39b8f8304459,0,data/exp2_images/benign_packed/b98c52699b55bb4923b116eb1d564740c75fb322e7bdc2298c7c39b8f8304459.png
b99b655abc4ec45851cc2acdb7a348e739687200a4fe3be9c35d6738dd61112f,0,data/exp2_images/benign_packed/b99b655abc4ec45851cc2acdb7a348e739687200a4fe3be9c35d6738dd61112f.png
b99c919d524cae68baac1ad74cf7cb28aed79897a8cb04b76134dd7df9307de1,0,data/exp2_images/benign_packed/b99c919d524cae68baac1ad74cf7cb28aed79897a8cb04b76134dd7df9307de1.png
b99eb28a471311113f5c4109cb3c463f39cfd9bdb3b07f706204dedddb4516a1,0,data/exp2_images/benign_packed/b99eb28a471311113f5c4109cb3c463f39cfd9bdb3b07f706204dedddb4516a1.png
b9a845cc82d5f0b81eea82e9d72df62174c4d961aadec0cda3e57e541d9bb75e,0,data/exp2_images/benign_packed/b9a845cc82d5f0b81eea82e9d72df62174c4d961aadec0cda3e57e541d9bb75e.png
b9bb5bcde6fa0d3012e8e9a95d0149af9eefd1367d0fa509494e4247e6ea07c7,0,data/exp2_images/benign_packed/b9bb5bcde6fa0d3012e8e9a95d0149af9eefd1367d0fa509494e4247e6ea07c7.png
b9bd3d78628a4541f84a35d0ce935480ebc17f01ef0fa4f70e514c4a0aa0f785,0,data/exp2_images/benign_packed/b9bd3d78628a4541f84a35d0ce935480ebc17f01ef0fa4f70e514c4a0aa0f785.png
b9c4da6b48670a330ff0644243e15937c97b231cea6a65935177be7da0a0884c,0,data/exp2_images/benign_packed/b9c4da6b48670a330ff0644243e15937c97b231cea6a65935177be7da0a0884c.png
b9d5b3d8bdd0e3f5fe92c306dd5ca0fddd8f95fb4ef746e30b089ec33748dbdb,0,data/exp2_images/benign_packed/b9d5b3d8bdd0e3f5fe92c306dd5ca0fddd8f95fb4ef746e30b089ec33748dbdb.png
ba2cc57c273df148e459c5128016aa22ac2be7b28c263160fe7883fb2435cc25,0,data/exp2_images/benign_packed/ba2cc57c273df148e459c5128016aa22ac2be7b28c263160fe7883fb2435cc25.png
ba2ff43b728fe6559c2be3e63c766161aa07eee4bda3decb210b5e34534a29a4,0,data/exp2_images/benign_packed/ba2ff43b728fe6559c2be3e63c766161aa07eee4bda3decb210b5e34534a29a4.png
ba38afcb6bdaeb913178b81bd1e2801a362b4a82f443b12d0126e0cd5a2375c0,0,data/exp2_images/benign_packed/ba38afcb6bdaeb913178b81bd1e2801a362b4a82f443b12d0126e0cd5a2375c0.png
ba3c81ab7e244f110be46ce9847a461bf3dce473efa19aaf1ab0946e5f3d83a4,0,data/exp2_images/benign_packed/ba3c81ab7e244f110be46ce9847a461bf3dce473efa19aaf1ab0946e5f3d83a4.png
ba58526958ab138b0e1e70793a9aa2db4298e1558bbec658a6c751605a677459,0,data/exp2_images/benign_packed/ba58526958ab138b0e1e70793a9aa2db4298e1558bbec658a6c751605a677459.png
ba9450141945064d581a5753d2271899f5e6bdf3dfa4e0d2c57c0a481fbbacd5,0,data/exp2_images/benign_packed/ba9450141945064d581a5753d2271899f5e6bdf3dfa4e0d2c57c0a481fbbacd5.png
ba980dff8786cbc89ad8b69219d1682e9d9b756284ff165a0316d53d0dc0e2a3,0,data/exp2_images/benign_packed/ba980dff8786cbc89ad8b69219d1682e9d9b756284ff165a0316d53d0dc0e2a3.png
bab154bb72cc4702c08d26e137e4ca74628ea1078b5a388c89f7ee6f447e6bad,0,data/exp2_images/benign_packed/bab154bb72cc4702c08d26e137e4ca74628ea1078b5a388c89f7ee6f447e6bad.png
bae4c6ce281a4a3da4c10b77722ff7b136e7a5dcf27b97e1dedd60e4b345929d,0,data/exp2_images/benign_packed/bae4c6ce281a4a3da4c10b77722ff7b136e7a5dcf27b97e1dedd60e4b345929d.png
baf585dd43498e678f715ac362a859f4cad4da53ed498e72dedc8ae2814342a8,0,data/exp2_images/benign_packed/baf585dd43498e678f715ac362a859f4cad4da53ed498e72dedc8ae2814342a8.png
baf7d37faece4225f43376cfd19cc2a0cf3b0d7d8390c37ab3ebb7e39949acd6,0,data/exp2_images/benign_packed/baf7d37faece4225f43376cfd19cc2a0cf3b0d7d8390c37ab3ebb7e39949acd6.png
bb106190b384f4e69f19efbeeb4a2ede07aa16415588841c174b8adb9c4f7342,0,data/exp2_images/benign_packed/bb106190b384f4e69f19efbeeb4a2ede07aa16415588841c174b8adb9c4f7342.png
bb13185a55654d4f9e8998b3a4f6687d112d3a53313ed085f0b815fcb098b95f,0,data/exp2_images/benign_packed/bb13185a55654d4f9e8998b3a4f6687d112d3a53313ed085f0b815fcb098b95f.png
bb1b77addf64c351e3f646bd7c5591c466e9f6dd810bf3352fd047cacd54994a,0,data/exp2_images/benign_packed/bb1b77addf64c351e3f646bd7c5591c466e9f6dd810bf3352fd047cacd54994a.png
bb22c782d39cb9876fa572fb749b4dd41cc29435fe5bf405fea3c57bfb0636ab,0,data/exp2_images/benign_packed/bb22c782d39cb9876fa572fb749b4dd41cc29435fe5bf405fea3c57bfb0636ab.png
bb42f8e6709655cc6d7b31ceb96d6b4782cc2ca53f89749896c679e2e0131108,0,data/exp2_images/benign_packed/bb42f8e6709655cc6d7b31ceb96d6b4782cc2ca53f89749896c679e2e0131108.png
bb5efcfceb7f61bdf2418ff41d2d9479790959fe396d189c97db13d8a3665633,0,data/exp2_images/benign_packed/bb5efcfceb7f61bdf2418ff41d2d9479790959fe396d189c97db13d8a3665633.png
bb628386d31f0706c925d7fdd09d99495de77790e39ad046ea696a5f27c217c3,0,data/exp2_images/benign_packed/bb628386d31f0706c925d7fdd09d99495de77790e39ad046ea696a5f27c217c3.png
bb70ac207ca785621f5524530b2ffe81386a55d98a0f49323ff0f2ced61ab749,0,data/exp2_images/benign_packed/bb70ac207ca785621f5524530b2ffe81386a55d98a0f49323ff0f2ced61ab749.png
bb712f6a30b109b6defc87e0e56ebb199f1f888c0252b7aa5b9515dd16ba706d,0,data/exp2_images/benign_packed/bb712f6a30b109b6defc87e0e56ebb199f1f888c0252b7aa5b9515dd16ba706d.png
bb7db177646fc9f72f78cb73ad0d7c665df2bb340ddedea0f6b62469feeda5d9,0,data/exp2_images/benign_packed/bb7db177646fc9f72f78cb73ad0d7c665df2bb340ddedea0f6b62469feeda5d9.png
bb972818c62a4055d968557a0b1589b45c0722632b257a003d3318222e744b3d,0,data/exp2_images/benign_packed/bb972818c62a4055d968557a0b1589b45c0722632b257a003d3318222e744b3d.png
bb9d12feb5023f3f68d5b30dd52ff9320631cbe639675875c89353d0831f06d3,0,data/exp2_images/benign_packed/bb9d12feb5023f3f68d5b30dd52ff9320631cbe639675875c89353d0831f06d3.png
bb9d6b447c528f2f9ab9d6e09be188162f7f50305e548c933e60d7c457679b3d,0,data/exp2_images/benign_packed/bb9d6b447c528f2f9ab9d6e09be188162f7f50305e548c933e60d7c457679b3d.png
bb9e021568b98d6e432f84365fd7de3ff82caa7286b3ca19c975d56d6e299e2b,0,data/exp2_images/benign_packed/bb9e021568b98d6e432f84365fd7de3ff82caa7286b3ca19c975d56d6e299e2b.png
bb9e42432283f07c8d7b9c2b5f9a72fb8178e5c5bad48a541be9ccee91ad8660,0,data/exp2_images/benign_packed/bb9e42432283f07c8d7b9c2b5f9a72fb8178e5c5bad48a541be9ccee91ad8660.png
bb9fe4a327d212aabedcdc7e133e0994eddbde53612750320a53948d5f627597,0,data/exp2_images/benign_packed/bb9fe4a327d212aabedcdc7e133e0994eddbde53612750320a53948d5f627597.png
bba4310a4b3fac5385c3e37b7638d1c977468f0a59a4e5b4a53a9d8719f6106f,0,data/exp2_images/benign_packed/bba4310a4b3fac5385c3e37b7638d1c977468f0a59a4e5b4a53a9d8719f6106f.png
bba79478c1ff8498a9e6521d9e64ef82d51172416e2b6f94098c5e4726de8bee,0,data/exp2_images/benign_packed/bba79478c1ff8498a9e6521d9e64ef82d51172416e2b6f94098c5e4726de8bee.png
bbaeaa27a698c4da95a6032dc90f26563b9ae914692ee07606eca635046b7394,0,data/exp2_images/benign_packed/bbaeaa27a698c4da95a6032dc90f26563b9ae914692ee07606eca635046b7394.png
bbc39382a9165b20c157d54f85edb1d56403988aef80171c69844d86cafb173f,0,data/exp2_images/benign_packed/bbc39382a9165b20c157d54f85edb1d56403988aef80171c69844d86cafb173f.png
bbca17d6bf50588b5f42d7030e6dfd1933cb8f265120f94c4ef6db04e56def3d,0,data/exp2_images/benign_packed/bbca17d6bf50588b5f42d7030e6dfd1933cb8f265120f94c4ef6db04e56def3d.png
bbd65084b2892219ed35da87c029e68e429a1603b5fc294c99db58c211521958,0,data/exp2_images/benign_packed/bbd65084b2892219ed35da87c029e68e429a1603b5fc294c99db58c211521958.png
bbdb5be22e7bdf536f1dc337529f16b2a23074a70cf77ecdf34f9d6b37f1c5df,0,data/exp2_images/benign_packed/bbdb5be22e7bdf536f1dc337529f16b2a23074a70cf77ecdf34f9d6b37f1c5df.png
bbf3d61b4190215028065d55e13e26cddae04143ba6b71f236001f1e78825314,0,data/exp2_images/benign_packed/bbf3d61b4190215028065d55e13e26cddae04143ba6b71f236001f1e78825314.png
bbf9c6eefc94013dafd2fd64b4db431fc1f1f1e36d3a657c7813b0704177eb40,0,data/exp2_images/benign_packed/bbf9c6eefc94013dafd2fd64b4db431fc1f1f1e36d3a657c7813b0704177eb40.png
bc04aaa1ff624371cf0f7412bcbd47fc2535051fd1e9bd5a98e5ad7c06aac37f,0,data/exp2_images/benign_packed/bc04aaa1ff624371cf0f7412bcbd47fc2535051fd1e9bd5a98e5ad7c06aac37f.png
bc12998f0c35793ce3597802dec50a30e468e39095bf7edc3429d658a32c686d,0,data/exp2_images/benign_packed/bc12998f0c35793ce3597802dec50a30e468e39095bf7edc3429d658a32c686d.png
bc13c0433494e16240178347148deb9cec3a7737566697cf35ff10405604cda8,0,data/exp2_images/benign_packed/bc13c0433494e16240178347148deb9cec3a7737566697cf35ff10405604cda8.png
bc1667252625ee09b6b5c20a6dede17031a055f06d94dd12c66bed50084dd3dd,0,data/exp2_images/benign_packed/bc1667252625ee09b6b5c20a6dede17031a055f06d94dd12c66bed50084dd3dd.png
bc22d1ac7a12ddb061f5cd25dd61decd10c0e4f422b5721ca6b85be2785daff7,0,data/exp2_images/benign_packed/bc22d1ac7a12ddb061f5cd25dd61decd10c0e4f422b5721ca6b85be2785daff7.png
bc2730ef4e8683a98daa3e01c7bd17a1a7ef0cf3ebc3e0d7526d516ba7b65130,0,data/exp2_images/benign_packed/bc2730ef4e8683a98daa3e01c7bd17a1a7ef0cf3ebc3e0d7526d516ba7b65130.png
bc2c7efd52c5bf47d96a29426641e3e1660d5ffc6399e7247d34b9a1baa5da1c,0,data/exp2_images/benign_packed/bc2c7efd52c5bf47d96a29426641e3e1660d5ffc6399e7247d34b9a1baa5da1c.png
bc35785a7f9fdeb6ec2e20682acd6809d42c69ad0e3fd652971bf600753ab01a,0,data/exp2_images/benign_packed/bc35785a7f9fdeb6ec2e20682acd6809d42c69ad0e3fd652971bf600753ab01a.png
bc3b3a09acedcfff41cc5de975cb313a653b805ba4d4d455cb80cd81a9c690bc,0,data/exp2_images/benign_packed/bc3b3a09acedcfff41cc5de975cb313a653b805ba4d4d455cb80cd81a9c690bc.png
bc3f6146438d7567a83db372368713244ff32629d682eab61398555c2fbf5ec1,0,data/exp2_images/benign_packed/bc3f6146438d7567a83db372368713244ff32629d682eab61398555c2fbf5ec1.png
bc577fee9736868cceb79c52b7fdd4888d1bf2d86034053cf92304aea0585311,0,data/exp2_images/benign_packed/bc577fee9736868cceb79c52b7fdd4888d1bf2d86034053cf92304aea0585311.png
bc58fe33d6b771742c69b2f6c75c9443d77d5749b98039cb32b1365ad086b291,0,data/exp2_images/benign_packed/bc58fe33d6b771742c69b2f6c75c9443d77d5749b98039cb32b1365ad086b291.png
bc5d1f96eae9bc772285fbd42b771ba0f3473560dc859c482ba704950eaed38b,0,data/exp2_images/benign_packed/bc5d1f96eae9bc772285fbd42b771ba0f3473560dc859c482ba704950eaed38b.png
bc6ed3d9fb76871d7b39b978f217b2600125791c5d4455b9442fb16f36bd174d,0,data/exp2_images/benign_packed/bc6ed3d9fb76871d7b39b978f217b2600125791c5d4455b9442fb16f36bd174d.png
bc81bcc2425d129d84a478eb842b09552681a23acd1075339b60b4156eb7cd2e,0,data/exp2_images/benign_packed/bc81bcc2425d129d84a478eb842b09552681a23acd1075339b60b4156eb7cd2e.png
bc94687bf4051b3d2ef3fceba098c5ba5036767433afc924833866bc860e38b3,0,data/exp2_images/benign_packed/bc94687bf4051b3d2ef3fceba098c5ba5036767433afc924833866bc860e38b3.png
bca0e092936d9fedebd18617b837cb33d84a9ed20c903642466f283939146751,0,data/exp2_images/benign_packed/bca0e092936d9fedebd18617b837cb33d84a9ed20c903642466f283939146751.png
bcb1c1c7d445a0367bde6a6baaecc48a160762079175108dac8ae4ae64ae57fb,0,data/exp2_images/benign_packed/bcb1c1c7d445a0367bde6a6baaecc48a160762079175108dac8ae4ae64ae57fb.png
bcb47067eb896552d00c91fed1ac20a57239cf0905a8b56cfb478f432f340bcc,0,data/exp2_images/benign_packed/bcb47067eb896552d00c91fed1ac20a57239cf0905a8b56cfb478f432f340bcc.png
bcbaa49caa84fddb1297cd400418aceff4d18d3a0bc75f12910fd0192203eb44,0,data/exp2_images/benign_packed/bcbaa49caa84fddb1297cd400418aceff4d18d3a0bc75f12910fd0192203eb44.png
bcbf641825ea305b819a4189d7680700ccd01b9622e52c1db7466caad47946e0,0,data/exp2_images/benign_packed/bcbf641825ea305b819a4189d7680700ccd01b9622e52c1db7466caad47946e0.png
bcc0cc3013ea2916fc8215a84e8b47a5ec7b733bbe414c57629e507ab89f50ba,0,data/exp2_images/benign_packed/bcc0cc3013ea2916fc8215a84e8b47a5ec7b733bbe414c57629e507ab89f50ba.png
bcd65fa7c8ccef10d5be41eed769841f44fc4e14f2773bf2b6ddb853fb5bc132,0,data/exp2_images/benign_packed/bcd65fa7c8ccef10d5be41eed769841f44fc4e14f2773bf2b6ddb853fb5bc132.png
bcd7714babe4f858e259eed0e70e17d69a85bb94e9857e207354a3cc92afc061,0,data/exp2_images/benign_packed/bcd7714babe4f858e259eed0e70e17d69a85bb94e9857e207354a3cc92afc061.png
bce54367987e99e4111e00a5f9e36f9f8a54e4caa3fa2230694dd088b0119393,0,data/exp2_images/benign_packed/bce54367987e99e4111e00a5f9e36f9f8a54e4caa3fa2230694dd088b0119393.png
bce9bc57b3b00a15cb0687a7347be81491069d1b6687d6d328ea31d13a48cde8,0,data/exp2_images/benign_packed/bce9bc57b3b00a15cb0687a7347be81491069d1b6687d6d328ea31d13a48cde8.png
bcf9e57cb3b2d58d6287826670718b8e096650717f76f044a3e3023747fdc640,0,data/exp2_images/benign_packed/bcf9e57cb3b2d58d6287826670718b8e096650717f76f044a3e3023747fdc640.png
bd026799d0d8c970bb24b71d99afffab3461ac55e4258a5909d0dcf9afa96fc6,0,data/exp2_images/benign_packed/bd026799d0d8c970bb24b71d99afffab3461ac55e4258a5909d0dcf9afa96fc6.png
bd06f8f4f80ced63947855f31b45643655ad62099ebf7f894e6e40654be70021,0,data/exp2_images/benign_packed/bd06f8f4f80ced63947855f31b45643655ad62099ebf7f894e6e40654be70021.png
bd1d2b4d6ac9ec8abda800be9b58b4c016a5aae50ffdc24379fe2f666191b095,0,data/exp2_images/benign_packed/bd1d2b4d6ac9ec8abda800be9b58b4c016a5aae50ffdc24379fe2f666191b095.png
bd275f25b96e610bc657eae9b8b166defd7e1ec2d6d86f72127eab7a56319045,0,data/exp2_images/benign_packed/bd275f25b96e610bc657eae9b8b166defd7e1ec2d6d86f72127eab7a56319045.png
bd29d2b1f930e4b660adf71606d1b9634188b7160a704a8d140cadafb46e1e56,0,data/exp2_images/benign_packed/bd29d2b1f930e4b660adf71606d1b9634188b7160a704a8d140cadafb46e1e56.png
bd516e70b28ad5a2c311a704af5ad66eb600d5a26e46e543ded6627dc8befc2e,0,data/exp2_images/benign_packed/bd516e70b28ad5a2c311a704af5ad66eb600d5a26e46e543ded6627dc8befc2e.png
bd60c15b22e211664a6af3d254dccddc5d421ff1595846d33327da5332685a7b,0,data/exp2_images/benign_packed/bd60c15b22e211664a6af3d254dccddc5d421ff1595846d33327da5332685a7b.png
bd7a99c9546cb96972a0791127f98fd790de0408b693e73be5f3930fffeb8132,0,data/exp2_images/benign_packed/bd7a99c9546cb96972a0791127f98fd790de0408b693e73be5f3930fffeb8132.png
bd81cf5c9b127519dbeb284e699e9d7545ee1130e655fd6a4e66b959e9d9aaac,0,data/exp2_images/benign_packed/bd81cf5c9b127519dbeb284e699e9d7545ee1130e655fd6a4e66b959e9d9aaac.png
bd9e07bbc62ce82dbc30c23069a17fbfa17f1c26a9c19e50fe754d494e6cd0b1,0,data/exp2_images/benign_packed/bd9e07bbc62ce82dbc30c23069a17fbfa17f1c26a9c19e50fe754d494e6cd0b1.png
bdb3ef3710cd4a0d97fa98d616a8b770c422bb2346193a3c77b6d0ccffa090a9,0,data/exp2_images/benign_packed/bdb3ef3710cd4a0d97fa98d616a8b770c422bb2346193a3c77b6d0ccffa090a9.png
bdb6ae1627c59edd8ac5c78aa530e427127301be02467fcb781ee884673c71b7,0,data/exp2_images/benign_packed/bdb6ae1627c59edd8ac5c78aa530e427127301be02467fcb781ee884673c71b7.png
bdc5e7b7f5eea86613fbbfa1cb704cd13f86d6ebe9a8324f5405a1096772c717,0,data/exp2_images/benign_packed/bdc5e7b7f5eea86613fbbfa1cb704cd13f86d6ebe9a8324f5405a1096772c717.png
bdc6bd27de16a8e449eb3d11c4d4b793194fcec6518297ecef5855c96df49d69,0,data/exp2_images/benign_packed/bdc6bd27de16a8e449eb3d11c4d4b793194fcec6518297ecef5855c96df49d69.png
bdcb940b3f2b6143a09200628e1d14fd54124c75abc1931baf2f8235fe2dcd77,0,data/exp2_images/benign_packed/bdcb940b3f2b6143a09200628e1d14fd54124c75abc1931baf2f8235fe2dcd77.png
bdcc23f4adea6cd81ed4b307526e68fc1bf5a6e688a611df79aeac821b40cffe,0,data/exp2_images/benign_packed/bdcc23f4adea6cd81ed4b307526e68fc1bf5a6e688a611df79aeac821b40cffe.png
bde3157983df5b0d3cf5e66574b9c1b0a58dc8b762e6e2e3eb146aa21f10d663,0,data/exp2_images/benign_packed/bde3157983df5b0d3cf5e66574b9c1b0a58dc8b762e6e2e3eb146aa21f10d663.png
bdeff15f8ed3e8866b8a032bf4d1176fc671112a70eb0cf11e2f96f54d2a2008,0,data/exp2_images/benign_packed/bdeff15f8ed3e8866b8a032bf4d1176fc671112a70eb0cf11e2f96f54d2a2008.png
bdfa725ec2a2c8ea5861d9b4c2f608e631a183fca7916c1e07a28b656cc8ec0c,0,data/exp2_images/benign_packed/bdfa725ec2a2c8ea5861d9b4c2f608e631a183fca7916c1e07a28b656cc8ec0c.png
be011da2f1ff875d0782e474cfbc5605be8ad67187121001d8916115fa7c7290,0,data/exp2_images/benign_packed/be011da2f1ff875d0782e474cfbc5605be8ad67187121001d8916115fa7c7290.png
be11717501bf1245ad89527c1a092b3d5fe79fdb89858ad85958e8e34b073f41,0,data/exp2_images/benign_packed/be11717501bf1245ad89527c1a092b3d5fe79fdb89858ad85958e8e34b073f41.png
be17558862e901bd1c2961ad4df84ce6701890b67e17504e5ff6e7ccf7cf0021,0,data/exp2_images/benign_packed/be17558862e901bd1c2961ad4df84ce6701890b67e17504e5ff6e7ccf7cf0021.png
be1761ddc193e8e1681ac708117a337b069bb0f0fc6c7e91e9f45173935b462f,0,data/exp2_images/benign_packed/be1761ddc193e8e1681ac708117a337b069bb0f0fc6c7e91e9f45173935b462f.png
be1e5a82d29437306a1bacb40bd2b658aa21a52adb85a6025144cba9e71714f3,0,data/exp2_images/benign_packed/be1e5a82d29437306a1bacb40bd2b658aa21a52adb85a6025144cba9e71714f3.png
be1f32400617e4191bb5345351123c56865437aa36f0a084de192870ee8597b2,0,data/exp2_images/benign_packed/be1f32400617e4191bb5345351123c56865437aa36f0a084de192870ee8597b2.png
be2897386d1fc215a86d3d1343564e262641751bd846559b0ed8f3fba77cb102,0,data/exp2_images/benign_packed/be2897386d1fc215a86d3d1343564e262641751bd846559b0ed8f3fba77cb102.png
be3901252d36d7ca9a0b65301f21631e31636c94f9578dc29f7529389a3b43c2,0,data/exp2_images/benign_packed/be3901252d36d7ca9a0b65301f21631e31636c94f9578dc29f7529389a3b43c2.png
be41889f77d7b92fa180b30fab33786b1eb051620a3239cc0841efa3e0c9167c,0,data/exp2_images/benign_packed/be41889f77d7b92fa180b30fab33786b1eb051620a3239cc0841efa3e0c9167c.png
be4193f4872526c416773ee1b1806370ca31dce84cb44637dab318c28258bb3a,0,data/exp2_images/benign_packed/be4193f4872526c416773ee1b1806370ca31dce84cb44637dab318c28258bb3a.png
be45bf94be32e9cf2cdc32d3f5b749cc2f5427b29004ea1ad9a11ae8b21bc842,0,data/exp2_images/benign_packed/be45bf94be32e9cf2cdc32d3f5b749cc2f5427b29004ea1ad9a11ae8b21bc842.png
be539de0e647c38cc33a33f89ee479295f464a269e97ecde66e21d771ba3f1ac,0,data/exp2_images/benign_packed/be539de0e647c38cc33a33f89ee479295f464a269e97ecde66e21d771ba3f1ac.png
be55c65c0008b2e9f623ca7f3c57788367658d9defde6d16821fa6d55a4aa853,0,data/exp2_images/benign_packed/be55c65c0008b2e9f623ca7f3c57788367658d9defde6d16821fa6d55a4aa853.png
be5b4ddf5750ba6f716f0b0424d69b591cc27a7fecdb350f48f31dffdebba72c,0,data/exp2_images/benign_packed/be5b4ddf5750ba6f716f0b0424d69b591cc27a7fecdb350f48f31dffdebba72c.png
be6014049363443093c9d9cf9bf66336c820e38406b307c29120f3cceffa5f94,0,data/exp2_images/benign_packed/be6014049363443093c9d9cf9bf66336c820e38406b307c29120f3cceffa5f94.png
be698793a51821501c5aa0b066d4fc02e943231adafb48f2edbeeb66d462cb01,0,data/exp2_images/benign_packed/be698793a51821501c5aa0b066d4fc02e943231adafb48f2edbeeb66d462cb01.png
be6992601a40a80e3cc35859132bf81afda880da575b20d3e44bf69d338cd2c4,0,data/exp2_images/benign_packed/be6992601a40a80e3cc35859132bf81afda880da575b20d3e44bf69d338cd2c4.png
be7e8f0b8cfcb76d945d0aa08fa88c271fe1a43dafd84075e32a6259fd85a171,0,data/exp2_images/benign_packed/be7e8f0b8cfcb76d945d0aa08fa88c271fe1a43dafd84075e32a6259fd85a171.png
be847e6a37f8736c3970080a0602c7e9d9fba88a1fd072e74bd2283385015873,0,data/exp2_images/benign_packed/be847e6a37f8736c3970080a0602c7e9d9fba88a1fd072e74bd2283385015873.png
bea016b2af9724c3f8e123a79e3b44abf59ee0669e7ef20cc3a9b4320e67ff7f,0,data/exp2_images/benign_packed/bea016b2af9724c3f8e123a79e3b44abf59ee0669e7ef20cc3a9b4320e67ff7f.png
bea3bb1a8652a051d8f836bdbadc7d586c3683b161a914ad464a926a541feeb0,0,data/exp2_images/benign_packed/bea3bb1a8652a051d8f836bdbadc7d586c3683b161a914ad464a926a541feeb0.png
beb80fe078d9edb3058f160ab2c28156501cd4dc940daca6c4481e999810bd4a,0,data/exp2_images/benign_packed/beb80fe078d9edb3058f160ab2c28156501cd4dc940daca6c4481e999810bd4a.png
bec512150b97ff91ca31871134364d9d849c66a321190c88211e3cc24812555c,0,data/exp2_images/benign_packed/bec512150b97ff91ca31871134364d9d849c66a321190c88211e3cc24812555c.png
becaa3d2a8efddd537e6ecba0d4d58f671ec2127780fda5a5eb59e32368cf048,0,data/exp2_images/benign_packed/becaa3d2a8efddd537e6ecba0d4d58f671ec2127780fda5a5eb59e32368cf048.png
becfdcd6b16523573cb52df87aa7d993f1b345ba903d0618c3b36535c3800197,0,data/exp2_images/benign_packed/becfdcd6b16523573cb52df87aa7d993f1b345ba903d0618c3b36535c3800197.png
beee6288c9217178484cc753116182211ed88f18da88805d58af96a60d59f66d,0,data/exp2_images/benign_packed/beee6288c9217178484cc753116182211ed88f18da88805d58af96a60d59f66d.png
bf0e887d0057745b2bd3225f74d50545a38c94b7e7f3fd96d7ad24ee1146f2de,0,data/exp2_images/benign_packed/bf0e887d0057745b2bd3225f74d50545a38c94b7e7f3fd96d7ad24ee1146f2de.png
bf108490b438fbb46db2f4e3b9d7e9d39b418d694dfbf4ddea456430d3d065c1,0,data/exp2_images/benign_packed/bf108490b438fbb46db2f4e3b9d7e9d39b418d694dfbf4ddea456430d3d065c1.png
bf1506afe2ef3008f32f1754092c8ba99896373ed0ceca6149e4f617bad2ad57,0,data/exp2_images/benign_packed/bf1506afe2ef3008f32f1754092c8ba99896373ed0ceca6149e4f617bad2ad57.png
bf1a88497d76965670d7e133bdacdc2819bc40175f671413b2760bc3779ff27f,0,data/exp2_images/benign_packed/bf1a88497d76965670d7e133bdacdc2819bc40175f671413b2760bc3779ff27f.png
bf1e740edc32e220ec48d027ea44fbe604a83064307a3585e8b9507ae49e2ba7,0,data/exp2_images/benign_packed/bf1e740edc32e220ec48d027ea44fbe604a83064307a3585e8b9507ae49e2ba7.png
bf1f32a3aaa946bb295b182c14482721dfb431e1c4e5622b6f4207f3b5c3d9e0,0,data/exp2_images/benign_packed/bf1f32a3aaa946bb295b182c14482721dfb431e1c4e5622b6f4207f3b5c3d9e0.png
bf2421c959d96b924a732ef4670978814c578ca552fc34051b954ca701d296c3,0,data/exp2_images/benign_packed/bf2421c959d96b924a732ef4670978814c578ca552fc34051b954ca701d296c3.png
bf2fce0c30f89406d8bcec5931fef2a6627e49660619973e49120f1dce1752ae,0,data/exp2_images/benign_packed/bf2fce0c30f89406d8bcec5931fef2a6627e49660619973e49120f1dce1752ae.png
bf2fefaff7fd4775ea1e07328cc3142721943948f16d261fb82cbd978b7f99e2,0,data/exp2_images/benign_packed/bf2fefaff7fd4775ea1e07328cc3142721943948f16d261fb82cbd978b7f99e2.png
bf3fb84664f4097f1a8a9bc71a51dcf8cf1a905d4080a4d290da1730866e856f,0,data/exp2_images/benign_packed/bf3fb84664f4097f1a8a9bc71a51dcf8cf1a905d4080a4d290da1730866e856f.png
bf463b7ee2235f351309b5fd790f514acf2b55a4a1f90222f7479024cc28fc34,0,data/exp2_images/benign_packed/bf463b7ee2235f351309b5fd790f514acf2b55a4a1f90222f7479024cc28fc34.png
bf4fd6dd1f51a128e14f274235fdb1a09c281ac09d5577e43d27283abe8c20ba,0,data/exp2_images/benign_packed/bf4fd6dd1f51a128e14f274235fdb1a09c281ac09d5577e43d27283abe8c20ba.png
bf59b232d96ddffc5e4a31b8d0ad9773e2b61fd81f728f675d606b23ad3b0142,0,data/exp2_images/benign_packed/bf59b232d96ddffc5e4a31b8d0ad9773e2b61fd81f728f675d606b23ad3b0142.png
bf76516a5390fd2a0576ed01aaec3a8433c0287a3bfb5d3d42e2b5e935f9f6ad,0,data/exp2_images/benign_packed/bf76516a5390fd2a0576ed01aaec3a8433c0287a3bfb5d3d42e2b5e935f9f6ad.png
bf86a5eacefd565c673b90cfbd1b476f96c24d1bb913a5f755c58358b34583da,0,data/exp2_images/benign_packed/bf86a5eacefd565c673b90cfbd1b476f96c24d1bb913a5f755c58358b34583da.png
bf9452da8575d6ab61856b43078d42955f4f2287bc6cb9464c8f2a0f0c051f2a,0,data/exp2_images/benign_packed/bf9452da8575d6ab61856b43078d42955f4f2287bc6cb9464c8f2a0f0c051f2a.png
bf9d77c004e132eb1f60f60909f25452ef24ef788409c94c2cb564aea4bbc139,0,data/exp2_images/benign_packed/bf9d77c004e132eb1f60f60909f25452ef24ef788409c94c2cb564aea4bbc139.png
bfa194b4c7474ff5e800095be893562f5e82947e3b173693e7655ca0bd783b7b,0,data/exp2_images/benign_packed/bfa194b4c7474ff5e800095be893562f5e82947e3b173693e7655ca0bd783b7b.png
bfad5aef4c63a669e3c140655cdfdf395b6c979b400a447bd5dcb65ed8826c3d,0,data/exp2_images/benign_packed/bfad5aef4c63a669e3c140655cdfdf395b6c979b400a447bd5dcb65ed8826c3d.png
bfb519827a549a0027924fca2a2b4122a75c3bbcb3fb0cf9be20f31e67ac4ab8,0,data/exp2_images/benign_packed/bfb519827a549a0027924fca2a2b4122a75c3bbcb3fb0cf9be20f31e67ac4ab8.png
bfd212e78b058423da320592dd78766e41462ffa410010cce99d6c31f7c25bde,0,data/exp2_images/benign_packed/bfd212e78b058423da320592dd78766e41462ffa410010cce99d6c31f7c25bde.png
bfd9083f54e897e4f40c996dc576522b88a03902d942b9df7ec70eb29dc1eec3,0,data/exp2_images/benign_packed/bfd9083f54e897e4f40c996dc576522b88a03902d942b9df7ec70eb29dc1eec3.png
bfdc25d136d5461d6e56d42f96adf6ef19a2f93928c828cefb353f7ebe8e1628,0,data/exp2_images/benign_packed/bfdc25d136d5461d6e56d42f96adf6ef19a2f93928c828cefb353f7ebe8e1628.png
bfe689c68b0d786c674cc6a42f9a7b83de7c5d48c007856896affade6623f44f,0,data/exp2_images/benign_packed/bfe689c68b0d786c674cc6a42f9a7b83de7c5d48c007856896affade6623f44f.png
bfedab2783cdd3baf61bc5f2983f952aea7eaf06302fcec41c6babe469ef798d,0,data/exp2_images/benign_packed/bfedab2783cdd3baf61bc5f2983f952aea7eaf06302fcec41c6babe469ef798d.png
c00228933470ff819105e30cdf8c8ac6b3ff65bbcc216ec594fcba5ba05a7c2b,0,data/exp2_images/benign_packed/c00228933470ff819105e30cdf8c8ac6b3ff65bbcc216ec594fcba5ba05a7c2b.png
c002a109ecc7664e4d619670875388c5362eb7ffe130975af9eeb520d8616d42,0,data/exp2_images/benign_packed/c002a109ecc7664e4d619670875388c5362eb7ffe130975af9eeb520d8616d42.png
c00dac701d44c86719d96eebfd8159b7ddfd7a6b090d834fd310e91d0bd674f3,0,data/exp2_images/benign_packed/c00dac701d44c86719d96eebfd8159b7ddfd7a6b090d834fd310e91d0bd674f3.png
c016a668492cd5eb015b408aa94b4700e13dbb7ec3ea239c61c4abf11d3cd717,0,data/exp2_images/benign_packed/c016a668492cd5eb015b408aa94b4700e13dbb7ec3ea239c61c4abf11d3cd717.png
c0238c9b46456ea503e13ff4910a2f31276edff088f6324282a8a606a51d3638,0,data/exp2_images/benign_packed/c0238c9b46456ea503e13ff4910a2f31276edff088f6324282a8a606a51d3638.png
c02663f1a04c41218229e52b82664e576b84a9b2cd98da544f364b895d8ade3d,0,data/exp2_images/benign_packed/c02663f1a04c41218229e52b82664e576b84a9b2cd98da544f364b895d8ade3d.png
c033d696a56947fdc365320b1c7e1d8bc7e444591743db556f3aadf987b84f43,0,data/exp2_images/benign_packed/c033d696a56947fdc365320b1c7e1d8bc7e444591743db556f3aadf987b84f43.png
c03552350323144eb3b6c1418fd1f3b04e71d078b0bc60bdbe81ab863995b1d1,0,data/exp2_images/benign_packed/c03552350323144eb3b6c1418fd1f3b04e71d078b0bc60bdbe81ab863995b1d1.png
c05787cbf3aa4527baae96a425ceac910090ef48809990a450c33f3cda0e4767,0,data/exp2_images/benign_packed/c05787cbf3aa4527baae96a425ceac910090ef48809990a450c33f3cda0e4767.png
c05e6d81f0a9b23ee134afd6953625f74345abb510b95282b4c35a85c4a70b14,0,data/exp2_images/benign_packed/c05e6d81f0a9b23ee134afd6953625f74345abb510b95282b4c35a85c4a70b14.png
c0689c2bbed77cd0595e7af9ec42a0d49d8d5af1cdab736f16dd24bb95df123b,0,data/exp2_images/benign_packed/c0689c2bbed77cd0595e7af9ec42a0d49d8d5af1cdab736f16dd24bb95df123b.png
c07621091415f35aad91521e0c7dbc6862fb6e8b449f50cda4bfb1a2ba7b9178,0,data/exp2_images/benign_packed/c07621091415f35aad91521e0c7dbc6862fb6e8b449f50cda4bfb1a2ba7b9178.png
c0876725c259e6fdd948d6380292d06076dab8f58aef82c2a51089924e33f04e,0,data/exp2_images/benign_packed/c0876725c259e6fdd948d6380292d06076dab8f58aef82c2a51089924e33f04e.png
c097a33ffc261e1c653df3576cc987433cb6856fb7fd7170b85174fe648efe7e,0,data/exp2_images/benign_packed/c097a33ffc261e1c653df3576cc987433cb6856fb7fd7170b85174fe648efe7e.png
c0a536e09fc0dba21eb22d65ed2c3976f0e7fc12bf269305ec0c8424f3f5df2a,0,data/exp2_images/benign_packed/c0a536e09fc0dba21eb22d65ed2c3976f0e7fc12bf269305ec0c8424f3f5df2a.png
c0b68e55a31c2b8cb68be24ef5acbdafb15723230830dc8e251b199190218b13,0,data/exp2_images/benign_packed/c0b68e55a31c2b8cb68be24ef5acbdafb15723230830dc8e251b199190218b13.png
c0c18d7edea1ed88a6f83d18af477f4128fb7c1f7399ef79100213ac913443df,0,data/exp2_images/benign_packed/c0c18d7edea1ed88a6f83d18af477f4128fb7c1f7399ef79100213ac913443df.png
c0ce9b88e6e60e6b9406f2b04d8771d7b2bcbfbcc1c572bdefc4ca4c1d9cb8f3,0,data/exp2_images/benign_packed/c0ce9b88e6e60e6b9406f2b04d8771d7b2bcbfbcc1c572bdefc4ca4c1d9cb8f3.png
c10a01e7fa4f2ab44767c48b5b05cc285c7ffb242f5355d2e276e41ce26f0db8,0,data/exp2_images/benign_packed/c10a01e7fa4f2ab44767c48b5b05cc285c7ffb242f5355d2e276e41ce26f0db8.png
c12f0ab0338eb5031d3d04beaf7208ac848f7e037d21ff963d2af90221cbe935,0,data/exp2_images/benign_packed/c12f0ab0338eb5031d3d04beaf7208ac848f7e037d21ff963d2af90221cbe935.png
c143b5cf5dea20b131fbc12c19a83adf8bd040e0178d0fede4835c86b5d1813a,0,data/exp2_images/benign_packed/c143b5cf5dea20b131fbc12c19a83adf8bd040e0178d0fede4835c86b5d1813a.png
c145de8c64aae63bb029938693681dac16f58e3a9d9b56baeadadf2578b05842,0,data/exp2_images/benign_packed/c145de8c64aae63bb029938693681dac16f58e3a9d9b56baeadadf2578b05842.png
c153afeba32d1285fef19ee6f92ffa8ebc8055fd0008e4d36dc6faaabb8b4ece,0,data/exp2_images/benign_packed/c153afeba32d1285fef19ee6f92ffa8ebc8055fd0008e4d36dc6faaabb8b4ece.png
c15776a93f43718f722690bc43c7d60c9f772692f53e6c908e0a1fb5d2068a03,0,data/exp2_images/benign_packed/c15776a93f43718f722690bc43c7d60c9f772692f53e6c908e0a1fb5d2068a03.png
c166496095542a51d8dfc8cbeb83c85db71a683695e0dd7e6341f32cdceb20c6,0,data/exp2_images/benign_packed/c166496095542a51d8dfc8cbeb83c85db71a683695e0dd7e6341f32cdceb20c6.png
c169c14fe8865b8358406c7923862a308cf5ffd771b8d2279cd471e75d27cde8,0,data/exp2_images/benign_packed/c169c14fe8865b8358406c7923862a308cf5ffd771b8d2279cd471e75d27cde8.png
c16c69b9d0b1b9265b707b626548b0b12c2a219c2c27f064b8ff7edbfd330672,0,data/exp2_images/benign_packed/c16c69b9d0b1b9265b707b626548b0b12c2a219c2c27f064b8ff7edbfd330672.png
c17ee0215ab8bc0a48675a9f5e7e8c2b53cd1d6a2425a261ccb2eb3091cf7592,0,data/exp2_images/benign_packed/c17ee0215ab8bc0a48675a9f5e7e8c2b53cd1d6a2425a261ccb2eb3091cf7592.png
c183e44e60759720013c1bff8400a6f0c98a8fc84343c18d6ed3d5c1a4369a48,0,data/exp2_images/benign_packed/c183e44e60759720013c1bff8400a6f0c98a8fc84343c18d6ed3d5c1a4369a48.png
c194c06ce57874dbdcf0eba18af91c816827f77db19a42a9fc1e0bec81eb27c8,0,data/exp2_images/benign_packed/c194c06ce57874dbdcf0eba18af91c816827f77db19a42a9fc1e0bec81eb27c8.png
c19ef5e0fc2de4207800c3e7642cb18a2bf65ec8b7bc1833922c2bd4bc8bfa8e,0,data/exp2_images/benign_packed/c19ef5e0fc2de4207800c3e7642cb18a2bf65ec8b7bc1833922c2bd4bc8bfa8e.png
c1a18bc5ef90c9004067c97c6e2b98221fa61b99f03286d0ebb690d5b708ea36,0,data/exp2_images/benign_packed/c1a18bc5ef90c9004067c97c6e2b98221fa61b99f03286d0ebb690d5b708ea36.png
c1a2adb6c1ba460a4ab47cd023f68f5d7c0ed529089a345f1bcd35cafe6629aa,0,data/exp2_images/benign_packed/c1a2adb6c1ba460a4ab47cd023f68f5d7c0ed529089a345f1bcd35cafe6629aa.png
c1a3c003814cb64bb89c0ac1fb3f5a00149d647de142c8c55818ce268bbdd235,0,data/exp2_images/benign_packed/c1a3c003814cb64bb89c0ac1fb3f5a00149d647de142c8c55818ce268bbdd235.png
c1aa1ff51efc262c25409044368405f359c5b54315ceefa292e95d03b38613d9,0,data/exp2_images/benign_packed/c1aa1ff51efc262c25409044368405f359c5b54315ceefa292e95d03b38613d9.png
c1b110de45b4ca214ceef11b8d347e0400a182442e09baa662ada6c1cd93e1b7,0,data/exp2_images/benign_packed/c1b110de45b4ca214ceef11b8d347e0400a182442e09baa662ada6c1cd93e1b7.png
c1b83327c254b4821392efa1c770029b841fdd2b741545cbf1f9dac0f273473c,0,data/exp2_images/benign_packed/c1b83327c254b4821392efa1c770029b841fdd2b741545cbf1f9dac0f273473c.png
c1b87a0856f66646b477457184a8bf2a21c18271c140a6156074e877ee13ef26,0,data/exp2_images/benign_packed/c1b87a0856f66646b477457184a8bf2a21c18271c140a6156074e877ee13ef26.png
c1bf44e4469a2ce4554c53f278f10beda239dab84c161d2efe66f979530ea6ac,0,data/exp2_images/benign_packed/c1bf44e4469a2ce4554c53f278f10beda239dab84c161d2efe66f979530ea6ac.png
c1c4d31205daebb7d85e58c651412793cecce8fc0d3dec4739b330ffa822b551,0,data/exp2_images/benign_packed/c1c4d31205daebb7d85e58c651412793cecce8fc0d3dec4739b330ffa822b551.png
c1e0c9413170c9792489f4e3146986ab55920f483aee0e0e0da60831b8a0f7ad,0,data/exp2_images/benign_packed/c1e0c9413170c9792489f4e3146986ab55920f483aee0e0e0da60831b8a0f7ad.png
c1e37f085c8ba73db205a3476f3f6a16a0a913a932aa88090754155823293f45,0,data/exp2_images/benign_packed/c1e37f085c8ba73db205a3476f3f6a16a0a913a932aa88090754155823293f45.png
c1e92d7ebecd706c7bb6c2785461e380263fd5dd89f88270f4b7e6a8f72c8659,0,data/exp2_images/benign_packed/c1e92d7ebecd706c7bb6c2785461e380263fd5dd89f88270f4b7e6a8f72c8659.png
c1ebc67ea5e6f6e1b7513181063f95fb1a59fd21ff0bfe1aaf5950a7db427204,0,data/exp2_images/benign_packed/c1ebc67ea5e6f6e1b7513181063f95fb1a59fd21ff0bfe1aaf5950a7db427204.png
c1efdef50004886b9e39476c92732e0b1f4d2f9e7115f1cf52504d381c06aca9,0,data/exp2_images/benign_packed/c1efdef50004886b9e39476c92732e0b1f4d2f9e7115f1cf52504d381c06aca9.png
c2017488f50cef69a54e655e1c176ca774caee7c83b45cb272b73ae1825a5726,0,data/exp2_images/benign_packed/c2017488f50cef69a54e655e1c176ca774caee7c83b45cb272b73ae1825a5726.png
c2118daf998c3dfc9dc59e8196289c328dd5826fdf88604f4d93eab2d58fdef8,0,data/exp2_images/benign_packed/c2118daf998c3dfc9dc59e8196289c328dd5826fdf88604f4d93eab2d58fdef8.png
c22a588cc78091edad89bcc8f76263ebdc5f23103bbd412fe4c8e1cc47afbd3f,0,data/exp2_images/benign_packed/c22a588cc78091edad89bcc8f76263ebdc5f23103bbd412fe4c8e1cc47afbd3f.png
c23b046b849e52a4229261d5ef52b0cedf3a85a2f84d32c6f571bf20ac9fa707,0,data/exp2_images/benign_packed/c23b046b849e52a4229261d5ef52b0cedf3a85a2f84d32c6f571bf20ac9fa707.png
c241660c7950a15f58238179810df6908a77461ffa7ed10a3581be2442188758,0,data/exp2_images/benign_packed/c241660c7950a15f58238179810df6908a77461ffa7ed10a3581be2442188758.png
c26454ae6cb15db18e5670a533734b74cee4ac57972b945b21cf6399acb564e0,0,data/exp2_images/benign_packed/c26454ae6cb15db18e5670a533734b74cee4ac57972b945b21cf6399acb564e0.png
c282d72161e90e718df21f53c63fe68ae6d00180620db630cecd45c06f505b45,0,data/exp2_images/benign_packed/c282d72161e90e718df21f53c63fe68ae6d00180620db630cecd45c06f505b45.png
c289ee0602ee6e34810715fad637eedf71f5cedae707cefa4b7c454dd2b37cba,0,data/exp2_images/benign_packed/c289ee0602ee6e34810715fad637eedf71f5cedae707cefa4b7c454dd2b37cba.png
c28aaa24e26ad5c1b94360cbee8e7ddd404ab3e82d58a73b363437e0fdcfdcea,0,data/exp2_images/benign_packed/c28aaa24e26ad5c1b94360cbee8e7ddd404ab3e82d58a73b363437e0fdcfdcea.png
c28ad9151e7597a5bd1514d68a69b028d6172c188165933f4b1a7576e2b46c05,0,data/exp2_images/benign_packed/c28ad9151e7597a5bd1514d68a69b028d6172c188165933f4b1a7576e2b46c05.png
c28b46774bfe23e6992d0f855b77a3bfa698785f1f365cecd5ebf188edefd209,0,data/exp2_images/benign_packed/c28b46774bfe23e6992d0f855b77a3bfa698785f1f365cecd5ebf188edefd209.png
c29c43350986c22f91c19447d561ea0b170de943d9f8b2a23ad23217d26d8f33,0,data/exp2_images/benign_packed/c29c43350986c22f91c19447d561ea0b170de943d9f8b2a23ad23217d26d8f33.png
c2a113d9284ccd781346d5b4635537343ac74d897b5ef255bf15da4402ffaf83,0,data/exp2_images/benign_packed/c2a113d9284ccd781346d5b4635537343ac74d897b5ef255bf15da4402ffaf83.png
c2ab35d0c8c7927cdcf332f81e53e0a32b68c44d9d9c340a033adb209b7e3d73,0,data/exp2_images/benign_packed/c2ab35d0c8c7927cdcf332f81e53e0a32b68c44d9d9c340a033adb209b7e3d73.png
c2ad19887db0f553d143e357611e48d6313ca52d745eb0ed8a43391d7b2ed5eb,0,data/exp2_images/benign_packed/c2ad19887db0f553d143e357611e48d6313ca52d745eb0ed8a43391d7b2ed5eb.png
c2afb060320b016f4ea2ed26b9545e7a92aa920ab6d5f432b785b60a9bb46452,0,data/exp2_images/benign_packed/c2afb060320b016f4ea2ed26b9545e7a92aa920ab6d5f432b785b60a9bb46452.png
c2ccb84c672a9d8966e82a28005a4269886ee304972ac3590c0b8a9c1622a3d8,0,data/exp2_images/benign_packed/c2ccb84c672a9d8966e82a28005a4269886ee304972ac3590c0b8a9c1622a3d8.png
c2d1e219d08f79d3ded03b3bf38291be834f46838966606d7c107c5b12d23923,0,data/exp2_images/benign_packed/c2d1e219d08f79d3ded03b3bf38291be834f46838966606d7c107c5b12d23923.png
c2d2f2d749503a78dc73cb44378085872bd1f9f063569731d520ea835c0d417e,0,data/exp2_images/benign_packed/c2d2f2d749503a78dc73cb44378085872bd1f9f063569731d520ea835c0d417e.png
c2d5791e5f6b16c76741ccc3d4c2526dd2064102b07b4bc62877c99f4cb75d8e,0,data/exp2_images/benign_packed/c2d5791e5f6b16c76741ccc3d4c2526dd2064102b07b4bc62877c99f4cb75d8e.png
c2d785f582a6c9a6a073aeffdfe2d66fccd20fa026a73cc7308cdf9751ddc923,0,data/exp2_images/benign_packed/c2d785f582a6c9a6a073aeffdfe2d66fccd20fa026a73cc7308cdf9751ddc923.png
c2d87a5cc868aa96f697ae2a7321d8048efabc55cd790b99bd0349590e862d9d,0,data/exp2_images/benign_packed/c2d87a5cc868aa96f697ae2a7321d8048efabc55cd790b99bd0349590e862d9d.png
c2f27043050f2cc12d6767c047595e3d93537239bd55e2e8d94c5831ddcdb305,0,data/exp2_images/benign_packed/c2f27043050f2cc12d6767c047595e3d93537239bd55e2e8d94c5831ddcdb305.png
c300664a3a8ad5c31439265ff90f60e9fd8a2b3f94a47b61785c2df886778d8d,0,data/exp2_images/benign_packed/c300664a3a8ad5c31439265ff90f60e9fd8a2b3f94a47b61785c2df886778d8d.png
c30f9ef383269efa1ee0716749887294da5f98d799599bca36d80bfa221bc5f2,0,data/exp2_images/benign_packed/c30f9ef383269efa1ee0716749887294da5f98d799599bca36d80bfa221bc5f2.png
c31219a2f67f5c5440349541d089f21f605d437869a1ccf8915ff2c395df1121,0,data/exp2_images/benign_packed/c31219a2f67f5c5440349541d089f21f605d437869a1ccf8915ff2c395df1121.png
c31eaf4180f40bb71c97a92381dd22b900b164739a6510ac20bdf859e56e2a78,0,data/exp2_images/benign_packed/c31eaf4180f40bb71c97a92381dd22b900b164739a6510ac20bdf859e56e2a78.png
c333ab6bd97f538cef83db77ee9625adb7d4f5a0a8f3b6d53c7f7fca55624736,0,data/exp2_images/benign_packed/c333ab6bd97f538cef83db77ee9625adb7d4f5a0a8f3b6d53c7f7fca55624736.png
c341174f86d7fb665403d8581d8f3cc74bd98ed529bb957075c1882c4a9c6244,0,data/exp2_images/benign_packed/c341174f86d7fb665403d8581d8f3cc74bd98ed529bb957075c1882c4a9c6244.png
c34cc55cb45a4721c16e724df45e21f772506e463d7ef79fd67d4db412973b7c,0,data/exp2_images/benign_packed/c34cc55cb45a4721c16e724df45e21f772506e463d7ef79fd67d4db412973b7c.png
c350e6fb28718f362fbf1af5388a69f907f53de1cfac72f0dc03280bfcbd6f89,0,data/exp2_images/benign_packed/c350e6fb28718f362fbf1af5388a69f907f53de1cfac72f0dc03280bfcbd6f89.png
c35b6d88d330764b0074658a0b4b0e021eb47007a9470e9e122d25326a619b74,0,data/exp2_images/benign_packed/c35b6d88d330764b0074658a0b4b0e021eb47007a9470e9e122d25326a619b74.png
c36f5c0ac5d91a8417866dd4d8c670c2192ba83364693e7438282fb8678c3d1e,0,data/exp2_images/benign_packed/c36f5c0ac5d91a8417866dd4d8c670c2192ba83364693e7438282fb8678c3d1e.png
c37179d94face9c5ca15d72ed711595ece49b1fee0fda9e5b0dc3fdaa3f68b17,0,data/exp2_images/benign_packed/c37179d94face9c5ca15d72ed711595ece49b1fee0fda9e5b0dc3fdaa3f68b17.png
c372369ede10c6ee658e1a941b884f62baf937d2b5fb0dc3b67b6f2d52ec9b45,0,data/exp2_images/benign_packed/c372369ede10c6ee658e1a941b884f62baf937d2b5fb0dc3b67b6f2d52ec9b45.png
c379dab72112b0bf2fb53461970b4ecb36b0c6269f97320eb3c06885806e9cb7,0,data/exp2_images/benign_packed/c379dab72112b0bf2fb53461970b4ecb36b0c6269f97320eb3c06885806e9cb7.png
c38aa3a15f6993775bd91e8411e3350bdf15b8a20ed49bd4267ebde55e25d67f,0,data/exp2_images/benign_packed/c38aa3a15f6993775bd91e8411e3350bdf15b8a20ed49bd4267ebde55e25d67f.png
c39152edd5c0dea90481410bf638076526671495e4c45381b3a2d2e8a9213a2a,0,data/exp2_images/benign_packed/c39152edd5c0dea90481410bf638076526671495e4c45381b3a2d2e8a9213a2a.png
c3c20e4281e2a54756593246ecca10c1e9be2093af140abec0c0f2a54b8b6fc9,0,data/exp2_images/benign_packed/c3c20e4281e2a54756593246ecca10c1e9be2093af140abec0c0f2a54b8b6fc9.png
c3e47de6723d353e2b2a37eab42c6a7c1353e36521044aa0a7738d0e27bec8ab,0,data/exp2_images/benign_packed/c3e47de6723d353e2b2a37eab42c6a7c1353e36521044aa0a7738d0e27bec8ab.png
c3e5159ab4582f5bf0468dc1a72a3f66ae350ef2957e1e348ce3548e0f68b28b,0,data/exp2_images/benign_packed/c3e5159ab4582f5bf0468dc1a72a3f66ae350ef2957e1e348ce3548e0f68b28b.png
c3e6c378a2d1a523c3fdc6512a881372c69e483a2f88925e881928649e4fc4a7,0,data/exp2_images/benign_packed/c3e6c378a2d1a523c3fdc6512a881372c69e483a2f88925e881928649e4fc4a7.png
c3f733e1bdbdcfa37b8b308366b955bbf6144a8591f33384770b0e2609cd73f0,0,data/exp2_images/benign_packed/c3f733e1bdbdcfa37b8b308366b955bbf6144a8591f33384770b0e2609cd73f0.png
c403aa97ab1ff9d446a533d65bb2ee68436d93457ef05de1eab7e5cd06c6e9d8,0,data/exp2_images/benign_packed/c403aa97ab1ff9d446a533d65bb2ee68436d93457ef05de1eab7e5cd06c6e9d8.png
c4068c8e7bac68c535990bdd023d9825c9680b9dde61595a7fee5fa3791c8800,0,data/exp2_images/benign_packed/c4068c8e7bac68c535990bdd023d9825c9680b9dde61595a7fee5fa3791c8800.png
c40b3dac5cfa01c05bd8810ccbcc2ff9d30642f009787037c6479f38c040c39b,0,data/exp2_images/benign_packed/c40b3dac5cfa01c05bd8810ccbcc2ff9d30642f009787037c6479f38c040c39b.png
c40f00822749fafa92327a637f20e209ce94100b29e921f5bbbd1546427b47a3,0,data/exp2_images/benign_packed/c40f00822749fafa92327a637f20e209ce94100b29e921f5bbbd1546427b47a3.png
c43488ad85ed37e4e1ac0049b7680b226784b6f34a6f8873765e995f1b08b999,0,data/exp2_images/benign_packed/c43488ad85ed37e4e1ac0049b7680b226784b6f34a6f8873765e995f1b08b999.png
c43cc2ffc9543054c2b6515a8378db1e085c2db4e9a932deb06e2af1febaf4d8,0,data/exp2_images/benign_packed/c43cc2ffc9543054c2b6515a8378db1e085c2db4e9a932deb06e2af1febaf4d8.png
c43f4af00d6bd8d245248522eda74521180c12e1d4a41db93f0261a26446a305,0,data/exp2_images/benign_packed/c43f4af00d6bd8d245248522eda74521180c12e1d4a41db93f0261a26446a305.png
c453180b92d94d6a214ea0bd994ed6f1e445257168ca14d4f87d226000c0aad4,0,data/exp2_images/benign_packed/c453180b92d94d6a214ea0bd994ed6f1e445257168ca14d4f87d226000c0aad4.png
c457ba36891aa3a5563c7bee0f7abe8eebf0ed61d8f7bc3ec1e04ae079afdc52,0,data/exp2_images/benign_packed/c457ba36891aa3a5563c7bee0f7abe8eebf0ed61d8f7bc3ec1e04ae079afdc52.png
c4617cd94408d13e68d3dd75920911a56a1b1bae0fb19c035b156ec4a3cdefd5,0,data/exp2_images/benign_packed/c4617cd94408d13e68d3dd75920911a56a1b1bae0fb19c035b156ec4a3cdefd5.png
c46992815ec208b0c4107f208566dfb5720cd846e923864c22a61fc8b3e2340d,0,data/exp2_images/benign_packed/c46992815ec208b0c4107f208566dfb5720cd846e923864c22a61fc8b3e2340d.png
c48e413f67204c5cb95fe511601460695666070586efc2370b1a72ec96ee139c,0,data/exp2_images/benign_packed/c48e413f67204c5cb95fe511601460695666070586efc2370b1a72ec96ee139c.png
c48fa31c611caab4757ffb1a0b2a7e24acb285453828bbdc18774121eaf3ae4b,0,data/exp2_images/benign_packed/c48fa31c611caab4757ffb1a0b2a7e24acb285453828bbdc18774121eaf3ae4b.png
c4ae88c9eb48d63b23560f2e5babbdbf129e3787127688d5383415bbc7347b59,0,data/exp2_images/benign_packed/c4ae88c9eb48d63b23560f2e5babbdbf129e3787127688d5383415bbc7347b59.png
c4b7bb0cb923feccfa3e54e8ebeb055399f4c043062863a61d246cdd4f45b56f,0,data/exp2_images/benign_packed/c4b7bb0cb923feccfa3e54e8ebeb055399f4c043062863a61d246cdd4f45b56f.png
c4c04a57dbc9c1c943924019f8c60cc6b8120ab822a7f885889c79194eaa1ad3,0,data/exp2_images/benign_packed/c4c04a57dbc9c1c943924019f8c60cc6b8120ab822a7f885889c79194eaa1ad3.png
c4c5ed8d141a012a2191091a335cb1ee4caf05590004d90a82cad8bea4ce6e76,0,data/exp2_images/benign_packed/c4c5ed8d141a012a2191091a335cb1ee4caf05590004d90a82cad8bea4ce6e76.png
c4cfdabd06fbd7e6e96f404589437239bcc10068db3a6efe317083dd140d1b64,0,data/exp2_images/benign_packed/c4cfdabd06fbd7e6e96f404589437239bcc10068db3a6efe317083dd140d1b64.png
c4d4339df314a27ff75a38967b7569d9962337b8d4cd4b0db3aba5ff72b2bfbb,0,data/exp2_images/benign_packed/c4d4339df314a27ff75a38967b7569d9962337b8d4cd4b0db3aba5ff72b2bfbb.png
c4ea0e0f9d226ebff668b860a1fa06e82476d1b8eff9521c241ad6eb229b1147,0,data/exp2_images/benign_packed/c4ea0e0f9d226ebff668b860a1fa06e82476d1b8eff9521c241ad6eb229b1147.png
c4eb2f7a62d5f6532c480577b5a44cc7dbcc43d5c3180e7f91c4e76b46bb1b65,0,data/exp2_images/benign_packed/c4eb2f7a62d5f6532c480577b5a44cc7dbcc43d5c3180e7f91c4e76b46bb1b65.png
c4ed8f65c5a0dbf325482a69ab9f8cbd8c97d6120b87ce90ac4cba54ac7d377a,0,data/exp2_images/benign_packed/c4ed8f65c5a0dbf325482a69ab9f8cbd8c97d6120b87ce90ac4cba54ac7d377a.png
c5031acc248d5f254e188f92ddf4c85cc6449cd92c0d13fd8502757050878f0e,0,data/exp2_images/benign_packed/c5031acc248d5f254e188f92ddf4c85cc6449cd92c0d13fd8502757050878f0e.png
c511cc1e659ab770b9d991e4fb2c927c91b3bbc11fc0bcd110126c8e39c4fc2c,0,data/exp2_images/benign_packed/c511cc1e659ab770b9d991e4fb2c927c91b3bbc11fc0bcd110126c8e39c4fc2c.png
c516bbf423dc057c77b0eab95533422b5e3a807b43c6636a0f05d09f5451e5cc,0,data/exp2_images/benign_packed/c516bbf423dc057c77b0eab95533422b5e3a807b43c6636a0f05d09f5451e5cc.png
c5225c5ec6de33ef82cd4708a202ba704296c2c9fc64fd21d6f56a361a540984,0,data/exp2_images/benign_packed/c5225c5ec6de33ef82cd4708a202ba704296c2c9fc64fd21d6f56a361a540984.png
c5291bd0807627c31f80021ad79ed019b30c885df9d955a3b31c33d6a0089ff9,0,data/exp2_images/benign_packed/c5291bd0807627c31f80021ad79ed019b30c885df9d955a3b31c33d6a0089ff9.png
c54b6b43f652e5b95cd1f8583dc38892de49ff94630c75188f8022292ee0acca,0,data/exp2_images/benign_packed/c54b6b43f652e5b95cd1f8583dc38892de49ff94630c75188f8022292ee0acca.png
c54fd3f9fa97ab4dc36cce4295b0dcca68633ec71b862d765c67c8d60edf2b49,0,data/exp2_images/benign_packed/c54fd3f9fa97ab4dc36cce4295b0dcca68633ec71b862d765c67c8d60edf2b49.png
c54fdd83d88404a62eb945b862e13979481526d2af7a97abc92c50ecd06d4f70,0,data/exp2_images/benign_packed/c54fdd83d88404a62eb945b862e13979481526d2af7a97abc92c50ecd06d4f70.png
c55779c0dd821db2ffed37c47abadbb57769f7abcfdc87103779104128487944,0,data/exp2_images/benign_packed/c55779c0dd821db2ffed37c47abadbb57769f7abcfdc87103779104128487944.png
c5723243eb737b88fb1ce0a6a1cadead326dbb98cc4c7cc9a31fa477de78e445,0,data/exp2_images/benign_packed/c5723243eb737b88fb1ce0a6a1cadead326dbb98cc4c7cc9a31fa477de78e445.png
c58ffe884d088cae9121a01ca6162da89506cf9ce4de35b9668706f09539d621,0,data/exp2_images/benign_packed/c58ffe884d088cae9121a01ca6162da89506cf9ce4de35b9668706f09539d621.png
c596de2ab8394fb62538fef0b4657317f4ead50a6d798c5d066e25e334576c27,0,data/exp2_images/benign_packed/c596de2ab8394fb62538fef0b4657317f4ead50a6d798c5d066e25e334576c27.png
c59d8ce209076b913d77b06cc6999b3c72856b8e5fe424ea1cf3baaa898860c4,0,data/exp2_images/benign_packed/c59d8ce209076b913d77b06cc6999b3c72856b8e5fe424ea1cf3baaa898860c4.png
c5a5005a443022ce4e5d293306d1e443a82f3e8b9b99d427b923a401b71e7f55,0,data/exp2_images/benign_packed/c5a5005a443022ce4e5d293306d1e443a82f3e8b9b99d427b923a401b71e7f55.png
c5a8e909214e4bbbe21591ea8d176dbcb520646b9eeb4cb0f4105f54d448a2a4,0,data/exp2_images/benign_packed/c5a8e909214e4bbbe21591ea8d176dbcb520646b9eeb4cb0f4105f54d448a2a4.png
c5a9d45ff1d1e205b085a50d0af0241877ff7cc497d00eb30620027084557b56,0,data/exp2_images/benign_packed/c5a9d45ff1d1e205b085a50d0af0241877ff7cc497d00eb30620027084557b56.png
c5b2c1f2a59bdbacf105006f84e978a15eace46ee74368ffe9b73479bb018785,0,data/exp2_images/benign_packed/c5b2c1f2a59bdbacf105006f84e978a15eace46ee74368ffe9b73479bb018785.png
c5babf38646f2074681e4a53d9289f96b73dfc89bae73b2bf147748b7a6ed445,0,data/exp2_images/benign_packed/c5babf38646f2074681e4a53d9289f96b73dfc89bae73b2bf147748b7a6ed445.png
c5cef09b69a727daef45b437d14a9e4cc05dc82901fb5843e2ad82bac1af384f,0,data/exp2_images/benign_packed/c5cef09b69a727daef45b437d14a9e4cc05dc82901fb5843e2ad82bac1af384f.png
c5d696b634635faddf8cef5151199e6a6ab726c780897cc6a43e99be80630202,0,data/exp2_images/benign_packed/c5d696b634635faddf8cef5151199e6a6ab726c780897cc6a43e99be80630202.png
c5f0ff0b9d187056fe3421392242a5d72298e10d52662ee8eff67e6310bac4a5,0,data/exp2_images/benign_packed/c5f0ff0b9d187056fe3421392242a5d72298e10d52662ee8eff67e6310bac4a5.png
c5f27089a3c3f65c69c3bdc1a2c19b046322c7cf2cba0a8f37af799ffce24d04,0,data/exp2_images/benign_packed/c5f27089a3c3f65c69c3bdc1a2c19b046322c7cf2cba0a8f37af799ffce24d04.png
c5f69a258fc609d42e6d50903e9b4449027f4d332faa8daec04bdc3cb9286d4b,0,data/exp2_images/benign_packed/c5f69a258fc609d42e6d50903e9b4449027f4d332faa8daec04bdc3cb9286d4b.png
c5fa570bede6399cb09681634777b30d24b0cf916aab382f31aa5d37ac6daa9e,0,data/exp2_images/benign_packed/c5fa570bede6399cb09681634777b30d24b0cf916aab382f31aa5d37ac6daa9e.png
c60253e5f23916f5a4110997ab4c8cc3870215e6b1439362f8810687eb822806,0,data/exp2_images/benign_packed/c60253e5f23916f5a4110997ab4c8cc3870215e6b1439362f8810687eb822806.png
c60298530e8a13cca637cbb83e5267c6379c60b1e70718fc4d070c52f53ad9d8,0,data/exp2_images/benign_packed/c60298530e8a13cca637cbb83e5267c6379c60b1e70718fc4d070c52f53ad9d8.png
c617025de51763299fcfeb65a3ca54a455121588d790e67c4c6b9e49904783b6,0,data/exp2_images/benign_packed/c617025de51763299fcfeb65a3ca54a455121588d790e67c4c6b9e49904783b6.png
c61d8618c1273e3269f4df3dffd10b60e21472c518805e909927f89bf2935a07,0,data/exp2_images/benign_packed/c61d8618c1273e3269f4df3dffd10b60e21472c518805e909927f89bf2935a07.png
c64cad28af29589bf13a905f22d8a982284c49b10d466a4681b00108673358cd,0,data/exp2_images/benign_packed/c64cad28af29589bf13a905f22d8a982284c49b10d466a4681b00108673358cd.png
c659ec9f6dbac8ffbac71414a2277582ff798889b3d04d52c938119edc9453c5,0,data/exp2_images/benign_packed/c659ec9f6dbac8ffbac71414a2277582ff798889b3d04d52c938119edc9453c5.png
c65fa9d5edca935aeb362286320cae4ed6d2db989c3de1ac548db6f60857ea35,0,data/exp2_images/benign_packed/c65fa9d5edca935aeb362286320cae4ed6d2db989c3de1ac548db6f60857ea35.png
c6671e11812401a0bbb342e2de2667c1396f4733c3f0a28ab71e0b109f3d6bd7,0,data/exp2_images/benign_packed/c6671e11812401a0bbb342e2de2667c1396f4733c3f0a28ab71e0b109f3d6bd7.png
c67cf58289f9fe7b9372d490b1f4cb88b9cef8a1152eb888daf4406d822485e4,0,data/exp2_images/benign_packed/c67cf58289f9fe7b9372d490b1f4cb88b9cef8a1152eb888daf4406d822485e4.png
c6813238af62153305a5614b708e90b2a6b96c554f5b27fa9d024845f2ca95bc,0,data/exp2_images/benign_packed/c6813238af62153305a5614b708e90b2a6b96c554f5b27fa9d024845f2ca95bc.png
c68301117a5747213bf9fcfe3280ff8ef166f2db103749303a912cad095f7512,0,data/exp2_images/benign_packed/c68301117a5747213bf9fcfe3280ff8ef166f2db103749303a912cad095f7512.png
c685b0a5c17cf8eb8c0b460103fa6881a0233b28f3af40e7ed3c4c88ac6bdc56,0,data/exp2_images/benign_packed/c685b0a5c17cf8eb8c0b460103fa6881a0233b28f3af40e7ed3c4c88ac6bdc56.png
c686e599f226aa4000acebabfdb688484b3c011491281cbbb5c2313353fda681,0,data/exp2_images/benign_packed/c686e599f226aa4000acebabfdb688484b3c011491281cbbb5c2313353fda681.png
c69dd32446247fb8a33ef75f58a3ee009ac6ce9af01658b9759abfdb980b82c8,0,data/exp2_images/benign_packed/c69dd32446247fb8a33ef75f58a3ee009ac6ce9af01658b9759abfdb980b82c8.png
c69f43746f62629792a71674c2cd312b7c6b445b57c8623dcb01d938c7247727,0,data/exp2_images/benign_packed/c69f43746f62629792a71674c2cd312b7c6b445b57c8623dcb01d938c7247727.png
c6b12dea5737c13462eb9597d69bdd139d5700ec7d9677dcc0a7d492e25db7be,0,data/exp2_images/benign_packed/c6b12dea5737c13462eb9597d69bdd139d5700ec7d9677dcc0a7d492e25db7be.png
c6d17efae2d5c6fbd3786b099ecdbba355c63ea165e26e6850d6ffd853e409ed,0,data/exp2_images/benign_packed/c6d17efae2d5c6fbd3786b099ecdbba355c63ea165e26e6850d6ffd853e409ed.png
c6d98704e18686481839a4abb67b8e40abf0e05f4046c97b2cf59f82ab708cb6,0,data/exp2_images/benign_packed/c6d98704e18686481839a4abb67b8e40abf0e05f4046c97b2cf59f82ab708cb6.png
c6e8472ffc639ccd9c07e7f6954da9ae94779cb9a81acb11ed3588cdca1182b0,0,data/exp2_images/benign_packed/c6e8472ffc639ccd9c07e7f6954da9ae94779cb9a81acb11ed3588cdca1182b0.png
c6eb65f86f2b69d4d58636b9c21efdaf46628654670e07982c52ab0d1ebc2232,0,data/exp2_images/benign_packed/c6eb65f86f2b69d4d58636b9c21efdaf46628654670e07982c52ab0d1ebc2232.png
c6ef550403b7d729c9df4c5d95774cfaf6bdb63912841cdc0c1765c86630fcef,0,data/exp2_images/benign_packed/c6ef550403b7d729c9df4c5d95774cfaf6bdb63912841cdc0c1765c86630fcef.png
c714b53cfaa3e772994ebcfc8156305654caa0a7e2b5b8a318a85dbbb3987039,0,data/exp2_images/benign_packed/c714b53cfaa3e772994ebcfc8156305654caa0a7e2b5b8a318a85dbbb3987039.png
c73050be7928a462dcb53ae3595fd4dd912e3da1ddfbcf69010d6acb85f943e7,0,data/exp2_images/benign_packed/c73050be7928a462dcb53ae3595fd4dd912e3da1ddfbcf69010d6acb85f943e7.png
c73273710aed2a5347f522fee76aa799d7868e7afd95013caa1b23cfff474f42,0,data/exp2_images/benign_packed/c73273710aed2a5347f522fee76aa799d7868e7afd95013caa1b23cfff474f42.png
c74f6fa76944f237d76aaf40d8fdbfe835bdd5a43c1c09f9ba4cd28af8827fbb,0,data/exp2_images/benign_packed/c74f6fa76944f237d76aaf40d8fdbfe835bdd5a43c1c09f9ba4cd28af8827fbb.png
c754ccd1add042a35c71296816d61e922329e287bc608ffcdb1e2915c38e849e,0,data/exp2_images/benign_packed/c754ccd1add042a35c71296816d61e922329e287bc608ffcdb1e2915c38e849e.png
c7593baffc5f6cfcb71805d9497619ad43fd31b985ed6b5496e95440756a7138,0,data/exp2_images/benign_packed/c7593baffc5f6cfcb71805d9497619ad43fd31b985ed6b5496e95440756a7138.png
c76da1fe63e23c0508fea86cd19bc9347b50b06d900e83559e290af30086a305,0,data/exp2_images/benign_packed/c76da1fe63e23c0508fea86cd19bc9347b50b06d900e83559e290af30086a305.png
c76f0f5ab7dc235735d4d86565d3d83282a27b8ec3be24b293b75b7082969254,0,data/exp2_images/benign_packed/c76f0f5ab7dc235735d4d86565d3d83282a27b8ec3be24b293b75b7082969254.png
c77997c03b3a2f09fcd5484c2cb55a96d2082b4b3bcd0ca492077a965e2dd130,0,data/exp2_images/benign_packed/c77997c03b3a2f09fcd5484c2cb55a96d2082b4b3bcd0ca492077a965e2dd130.png
c77dbfbaacfdf407df26313a2ab470380d4beb4931a29d8077c10fba4a21e76f,0,data/exp2_images/benign_packed/c77dbfbaacfdf407df26313a2ab470380d4beb4931a29d8077c10fba4a21e76f.png
c787118694be0f10781fade2f42f45fc5207264deb7b2fb204d63492c3c7ea32,0,data/exp2_images/benign_packed/c787118694be0f10781fade2f42f45fc5207264deb7b2fb204d63492c3c7ea32.png
c7919be431ce2fa1906ff9eeb19e4cb19a30a4680107ef8737ce894654b21a5a,0,data/exp2_images/benign_packed/c7919be431ce2fa1906ff9eeb19e4cb19a30a4680107ef8737ce894654b21a5a.png
c7a4621dce77ccf65bea1df187ff84d258ccb8a20a79c3120c9c8585fa0aff7e,0,data/exp2_images/benign_packed/c7a4621dce77ccf65bea1df187ff84d258ccb8a20a79c3120c9c8585fa0aff7e.png
c7ac5f99f241b39369e98c7d11c3ed9c97eb6b77f4cebf44acecf5f99b1fc8b9,0,data/exp2_images/benign_packed/c7ac5f99f241b39369e98c7d11c3ed9c97eb6b77f4cebf44acecf5f99b1fc8b9.png
c7ad419d5084785caae0c893220de08ca4c016fc5c0d3a45250b61264c826293,0,data/exp2_images/benign_packed/c7ad419d5084785caae0c893220de08ca4c016fc5c0d3a45250b61264c826293.png
c7b38cce9e39f904080a01997029f25eed2dae5abeacae19f90edac0842d0e7b,0,data/exp2_images/benign_packed/c7b38cce9e39f904080a01997029f25eed2dae5abeacae19f90edac0842d0e7b.png
c7bece8dcd0dd98d240f3b627045e3a464a3b27314a61cbcb79a5ac4ed538ba0,0,data/exp2_images/benign_packed/c7bece8dcd0dd98d240f3b627045e3a464a3b27314a61cbcb79a5ac4ed538ba0.png
c7c03a87eac7243ccbe331554624b18803010b740e311fc8cfddb573096eacac,0,data/exp2_images/benign_packed/c7c03a87eac7243ccbe331554624b18803010b740e311fc8cfddb573096eacac.png
c7c9b7587fd62715f784203f9de513e4fdba9f66940631cca2c1bb9594335e46,0,data/exp2_images/benign_packed/c7c9b7587fd62715f784203f9de513e4fdba9f66940631cca2c1bb9594335e46.png
c7d2298f925acb155efca3f522a60eef03d54e58c529b51fad0906cf67e31072,0,data/exp2_images/benign_packed/c7d2298f925acb155efca3f522a60eef03d54e58c529b51fad0906cf67e31072.png
c7d38a53220fe59dc149cab51b94c5ceecd08761a5a65e4a82ea6a7826bc2281,0,data/exp2_images/benign_packed/c7d38a53220fe59dc149cab51b94c5ceecd08761a5a65e4a82ea6a7826bc2281.png
c7d598210597f7514f5fe41975e63ae67ac562867bd91f8551723433fc73df89,0,data/exp2_images/benign_packed/c7d598210597f7514f5fe41975e63ae67ac562867bd91f8551723433fc73df89.png
c7dd721e2a5e9c36d43b34e8ca96a727e456259a0ffb43e99d67da0ef942b728,0,data/exp2_images/benign_packed/c7dd721e2a5e9c36d43b34e8ca96a727e456259a0ffb43e99d67da0ef942b728.png
c7e0c6ac32af50d9fb77ef933b80a0ea704dc8de7b84f438f3fe9a696123363f,0,data/exp2_images/benign_packed/c7e0c6ac32af50d9fb77ef933b80a0ea704dc8de7b84f438f3fe9a696123363f.png
c7e2dd173f4c53dca7c098e56a9c451b926033fbaf984924fce2a3bbbc9821a9,0,data/exp2_images/benign_packed/c7e2dd173f4c53dca7c098e56a9c451b926033fbaf984924fce2a3bbbc9821a9.png
c7ff025596a90243cb7c803d1d831e7b5aaa271d340e58388547dd6eaa3c918b,0,data/exp2_images/benign_packed/c7ff025596a90243cb7c803d1d831e7b5aaa271d340e58388547dd6eaa3c918b.png
c7ffb571cf9c59e68f04760186f3d9cccf56f57c87fcc7a3f61b194773ea5d92,0,data/exp2_images/benign_packed/c7ffb571cf9c59e68f04760186f3d9cccf56f57c87fcc7a3f61b194773ea5d92.png
c809b747df2cc47fa8e033ff4977d929795afc7e1f87d5b2b620932805de1403,0,data/exp2_images/benign_packed/c809b747df2cc47fa8e033ff4977d929795afc7e1f87d5b2b620932805de1403.png
c8138031537a27fd364f359d48db88485c4a0d668ed2983ff5f6edf0bffcd91f,0,data/exp2_images/benign_packed/c8138031537a27fd364f359d48db88485c4a0d668ed2983ff5f6edf0bffcd91f.png
c81a21127232561a3f751fd19bd5d95069043106ab56567e0ce0136c3398af91,0,data/exp2_images/benign_packed/c81a21127232561a3f751fd19bd5d95069043106ab56567e0ce0136c3398af91.png
c82312131076ac0a8310dd8555dc85f560e3554ca9bf758026e9c7afc4690ea5,0,data/exp2_images/benign_packed/c82312131076ac0a8310dd8555dc85f560e3554ca9bf758026e9c7afc4690ea5.png
c8263221d49196fb9780081254507dca26f103fa47370e31cb3741bcf87b4872,0,data/exp2_images/benign_packed/c8263221d49196fb9780081254507dca26f103fa47370e31cb3741bcf87b4872.png
c831855bd407480c89610f657a3caadc2a5e87f2f73df0ec37c950c0748bf7ea,0,data/exp2_images/benign_packed/c831855bd407480c89610f657a3caadc2a5e87f2f73df0ec37c950c0748bf7ea.png
c8471b7844f713e84934db93fdd897577c6554ce9175367f1c38f36e4cc68f2e,0,data/exp2_images/benign_packed/c8471b7844f713e84934db93fdd897577c6554ce9175367f1c38f36e4cc68f2e.png
c84b677cf47875f172a06eb34b776dfcbbdbadc9cf47a813e8c288298b1cb347,0,data/exp2_images/benign_packed/c84b677cf47875f172a06eb34b776dfcbbdbadc9cf47a813e8c288298b1cb347.png
c868de65f85ad5d2c989e3602f9f223e25b559a00103455455ef927313d5fd15,0,data/exp2_images/benign_packed/c868de65f85ad5d2c989e3602f9f223e25b559a00103455455ef927313d5fd15.png
c86efc621cd81eb1f914d94f5e18d2405186f622878eea63ebf23938e9963b7f,0,data/exp2_images/benign_packed/c86efc621cd81eb1f914d94f5e18d2405186f622878eea63ebf23938e9963b7f.png
c8a1fd23b831c97ecaaf88bd6bd7fc0f25cf17456c36ca08a9f2467414ddc610,0,data/exp2_images/benign_packed/c8a1fd23b831c97ecaaf88bd6bd7fc0f25cf17456c36ca08a9f2467414ddc610.png
c8a24e0023541fcb967e80f4cd9c1946923941d0f685b108dfa44c12a01391db,0,data/exp2_images/benign_packed/c8a24e0023541fcb967e80f4cd9c1946923941d0f685b108dfa44c12a01391db.png
c8a4c1aafe5b0604be461f147c3e051c46f161597721b4fa7268f811178c83be,0,data/exp2_images/benign_packed/c8a4c1aafe5b0604be461f147c3e051c46f161597721b4fa7268f811178c83be.png
c8ad8f098bd877be27ed332654f43e94795fff88908c8cf43f1af495b9140443,0,data/exp2_images/benign_packed/c8ad8f098bd877be27ed332654f43e94795fff88908c8cf43f1af495b9140443.png
c8b6d9aaa554bc37cdd3be533cc7a9febba3af7a3e6cf64a34105aeba9761c5e,0,data/exp2_images/benign_packed/c8b6d9aaa554bc37cdd3be533cc7a9febba3af7a3e6cf64a34105aeba9761c5e.png
c8b8984ebd9ee3d8b990d096ff8db1a926e9f9b91361ec10b1c40746f20bf80f,0,data/exp2_images/benign_packed/c8b8984ebd9ee3d8b990d096ff8db1a926e9f9b91361ec10b1c40746f20bf80f.png
c8bd7bbcacade55c08a9fe5f4b9aa2533c6ba69fb540918b9d090a77b402e0e7,0,data/exp2_images/benign_packed/c8bd7bbcacade55c08a9fe5f4b9aa2533c6ba69fb540918b9d090a77b402e0e7.png
c8cca8099b7055c7dd2ae32c091e62e1ec5765b6d0c8f777729499fbe0f64e56,0,data/exp2_images/benign_packed/c8cca8099b7055c7dd2ae32c091e62e1ec5765b6d0c8f777729499fbe0f64e56.png
c8d986871f3401cd9eb5eb565250e4bc95ab302826a99d3b43972b45ad0ce2c0,0,data/exp2_images/benign_packed/c8d986871f3401cd9eb5eb565250e4bc95ab302826a99d3b43972b45ad0ce2c0.png
c8d99c457a73c6a7a62f01956b02a4f5dc692e4157be1fe59b64b28a3143ba22,0,data/exp2_images/benign_packed/c8d99c457a73c6a7a62f01956b02a4f5dc692e4157be1fe59b64b28a3143ba22.png
c906bbbcdc39baeff580b76874f39a8c433dfabd37fae1dd1b0b46f18f4c0ef2,0,data/exp2_images/benign_packed/c906bbbcdc39baeff580b76874f39a8c433dfabd37fae1dd1b0b46f18f4c0ef2.png
c912cf87c3e86faef0a72a2c215b5e27f1de009a21eb4ceb87d24ede8558422e,0,data/exp2_images/benign_packed/c912cf87c3e86faef0a72a2c215b5e27f1de009a21eb4ceb87d24ede8558422e.png
c913edbd99eb9b97eeda4439ffa5f2a7422863c6033cce17f5143b01475666e9,0,data/exp2_images/benign_packed/c913edbd99eb9b97eeda4439ffa5f2a7422863c6033cce17f5143b01475666e9.png
c914c29cf6e77236a9c48b2bb6ecd7fd7cf29dcd0c29d178c7cbce41e5c5c4e7,0,data/exp2_images/benign_packed/c914c29cf6e77236a9c48b2bb6ecd7fd7cf29dcd0c29d178c7cbce41e5c5c4e7.png
c91df29a77a7246f27fd6b4fc651950b1f237866623823c61728729f6bfb187d,0,data/exp2_images/benign_packed/c91df29a77a7246f27fd6b4fc651950b1f237866623823c61728729f6bfb187d.png
c922d66e00527d66c8ecbbf8447fa2b819604a7127f8232c1ce1f18feca0168f,0,data/exp2_images/benign_packed/c922d66e00527d66c8ecbbf8447fa2b819604a7127f8232c1ce1f18feca0168f.png
c923490170912a5ab7e5e5f115e27efc64726e4a3620fdd6d6ef25b8bb8e83c7,0,data/exp2_images/benign_packed/c923490170912a5ab7e5e5f115e27efc64726e4a3620fdd6d6ef25b8bb8e83c7.png
c93ef15b48b1132532e54bab858080829d92c701de44e0a6da38f037d5a9bf64,0,data/exp2_images/benign_packed/c93ef15b48b1132532e54bab858080829d92c701de44e0a6da38f037d5a9bf64.png
c94c022aaad74f54b575bab6e92c2f822f9a74e722fca0eadb755fc27a60930d,0,data/exp2_images/benign_packed/c94c022aaad74f54b575bab6e92c2f822f9a74e722fca0eadb755fc27a60930d.png
c95004e64918691981add162cfe1fdda1202cd2d0df01e1ef280aae038a47d10,0,data/exp2_images/benign_packed/c95004e64918691981add162cfe1fdda1202cd2d0df01e1ef280aae038a47d10.png
c9541af1d88cd6d38f1e6eba2fd7eacce3c1181166e50b523ed7cedb92fea045,0,data/exp2_images/benign_packed/c9541af1d88cd6d38f1e6eba2fd7eacce3c1181166e50b523ed7cedb92fea045.png
c9615489b37f29412a4a195745c77f82515693afc33b6f0704439856d081e072,0,data/exp2_images/benign_packed/c9615489b37f29412a4a195745c77f82515693afc33b6f0704439856d081e072.png
c9624b5566927a647adc230be85c1f9562b81d9ef1cdb8d3492233210a35a643,0,data/exp2_images/benign_packed/c9624b5566927a647adc230be85c1f9562b81d9ef1cdb8d3492233210a35a643.png
c975bf62a3a7052075ea96e738ec068759efadaf03dc73939e15252a8e8004ad,0,data/exp2_images/benign_packed/c975bf62a3a7052075ea96e738ec068759efadaf03dc73939e15252a8e8004ad.png
c9779f1e7c3e3ab547039f643dcb32835475709a881d2b646cdfcb26cea0d132,0,data/exp2_images/benign_packed/c9779f1e7c3e3ab547039f643dcb32835475709a881d2b646cdfcb26cea0d132.png
c979b7405afdb14f56029dabb26bf39a2a00e4d2da34c9c81e0dc3f9cf4c398e,0,data/exp2_images/benign_packed/c979b7405afdb14f56029dabb26bf39a2a00e4d2da34c9c81e0dc3f9cf4c398e.png
c9b54a3aa30a3973951c4cc308b0a707901e85e4fcbc4316144644f9e077f8d4,0,data/exp2_images/benign_packed/c9b54a3aa30a3973951c4cc308b0a707901e85e4fcbc4316144644f9e077f8d4.png
c9b6250e336f99e3c4c97662f414091a1b128cfa931cef758dfbc2ce639a04eb,0,data/exp2_images/benign_packed/c9b6250e336f99e3c4c97662f414091a1b128cfa931cef758dfbc2ce639a04eb.png
c9bec37593e059cd90e1c55e098e8499a96db0f205e958b9a4e3ef390424214a,0,data/exp2_images/benign_packed/c9bec37593e059cd90e1c55e098e8499a96db0f205e958b9a4e3ef390424214a.png
c9c5f731ebdd159af3a04315107898a563ab0c3ca8169d8ba72258b709aa5633,0,data/exp2_images/benign_packed/c9c5f731ebdd159af3a04315107898a563ab0c3ca8169d8ba72258b709aa5633.png
c9cbcec4b7cdb9c9dca4de1795e95ce4f4e74b263814b4424d70a76b17f85104,0,data/exp2_images/benign_packed/c9cbcec4b7cdb9c9dca4de1795e95ce4f4e74b263814b4424d70a76b17f85104.png
c9d28800e740a1569aec8fe27df10ef186d883f94cec15a5c228826b45a24f9d,0,data/exp2_images/benign_packed/c9d28800e740a1569aec8fe27df10ef186d883f94cec15a5c228826b45a24f9d.png
c9da9b0eb3a4e8dcc9080546bc74d922d179d186493a9af7473c42fb49ded1db,0,data/exp2_images/benign_packed/c9da9b0eb3a4e8dcc9080546bc74d922d179d186493a9af7473c42fb49ded1db.png
c9f7b2f2687740a2ca76abe62f956a3ad0f2477be8c5c7a4f31b36efb5c1abcb,0,data/exp2_images/benign_packed/c9f7b2f2687740a2ca76abe62f956a3ad0f2477be8c5c7a4f31b36efb5c1abcb.png
c9ff173c19d77bb7c5683d65608d876b7577faba3be3bdfb08880344d189ef6f,0,data/exp2_images/benign_packed/c9ff173c19d77bb7c5683d65608d876b7577faba3be3bdfb08880344d189ef6f.png
ca0198e93c3f7ee07866e9b41f2814b1e89e5febc2ef8281abdf3782b51df689,0,data/exp2_images/benign_packed/ca0198e93c3f7ee07866e9b41f2814b1e89e5febc2ef8281abdf3782b51df689.png
ca195b7ee7aee29e6417acf0e6c1736d9aac76890a622eb62ed137394fc6f2b9,0,data/exp2_images/benign_packed/ca195b7ee7aee29e6417acf0e6c1736d9aac76890a622eb62ed137394fc6f2b9.png
ca1d0340bbcfe136ce2aa9046bb2c2e41d5863596d1210c0eddb39918756d152,0,data/exp2_images/benign_packed/ca1d0340bbcfe136ce2aa9046bb2c2e41d5863596d1210c0eddb39918756d152.png
ca263b6cfc64cf0eef96bf87ec4442c155acaa27dcded8badba935d703e9697d,0,data/exp2_images/benign_packed/ca263b6cfc64cf0eef96bf87ec4442c155acaa27dcded8badba935d703e9697d.png
ca4ffc42942b2a45a6b4a2bd06f213720862102539c64d40efb7261286f011a3,0,data/exp2_images/benign_packed/ca4ffc42942b2a45a6b4a2bd06f213720862102539c64d40efb7261286f011a3.png
ca6e50a4d7a07d9f79499d83db567964a92e72e3ce5cb3f706e9f387a25d9f68,0,data/exp2_images/benign_packed/ca6e50a4d7a07d9f79499d83db567964a92e72e3ce5cb3f706e9f387a25d9f68.png
ca77d1c6a7470b887e2681fcac6d88e8af0cc2e11281c069635e568e2fef05ce,0,data/exp2_images/benign_packed/ca77d1c6a7470b887e2681fcac6d88e8af0cc2e11281c069635e568e2fef05ce.png
ca91ab3a6c6a58e2d8042be6d5a8df9b4f7e794f24fc89d6f75b7c04ad7cc7f7,0,data/exp2_images/benign_packed/ca91ab3a6c6a58e2d8042be6d5a8df9b4f7e794f24fc89d6f75b7c04ad7cc7f7.png
ca9c81025c48dce6f1ca33edba16fc74a90a464197d33e5ad63d7210fd99436e,0,data/exp2_images/benign_packed/ca9c81025c48dce6f1ca33edba16fc74a90a464197d33e5ad63d7210fd99436e.png
caa77a4e5a7127f3e46c0268f0b954735a48bc402e27d19b93864f56dffe9ccb,0,data/exp2_images/benign_packed/caa77a4e5a7127f3e46c0268f0b954735a48bc402e27d19b93864f56dffe9ccb.png
cab5577a83571f7bc46dd0bea6a12f7e872f81157a901e8f1a167e159088c33e,0,data/exp2_images/benign_packed/cab5577a83571f7bc46dd0bea6a12f7e872f81157a901e8f1a167e159088c33e.png
cab66576fb3f8f8750ee98a261688984e053fc0142b2b6d5cd310b68d40bed6e,0,data/exp2_images/benign_packed/cab66576fb3f8f8750ee98a261688984e053fc0142b2b6d5cd310b68d40bed6e.png
cac4f778c037844f8b221400f499a8a342d2813d64cfd82839bbf6f701be676a,0,data/exp2_images/benign_packed/cac4f778c037844f8b221400f499a8a342d2813d64cfd82839bbf6f701be676a.png
cac6346b7ea39f0c7b21e37951fa62cc68d0220968c11970c2fe91e03514ed0b,0,data/exp2_images/benign_packed/cac6346b7ea39f0c7b21e37951fa62cc68d0220968c11970c2fe91e03514ed0b.png
cae59bdfecb5b2bdfcab22af171281872dbe296b42359b3b8dd58275d619cb12,0,data/exp2_images/benign_packed/cae59bdfecb5b2bdfcab22af171281872dbe296b42359b3b8dd58275d619cb12.png
caf1abda88e4fa35201891fe9e81f504fde17b59debdd603216df890e70c7c9a,0,data/exp2_images/benign_packed/caf1abda88e4fa35201891fe9e81f504fde17b59debdd603216df890e70c7c9a.png
caf52b4d21a7909e18c22ba5940ccbfae60d280f2776af2c54ad94ff9318fc20,0,data/exp2_images/benign_packed/caf52b4d21a7909e18c22ba5940ccbfae60d280f2776af2c54ad94ff9318fc20.png
caf68c696e8f34db1c88306da8d20fc141add8d163f64874eac3f0dea87a5514,0,data/exp2_images/benign_packed/caf68c696e8f34db1c88306da8d20fc141add8d163f64874eac3f0dea87a5514.png
cb03b4a4fda03f7ca1ad6dae82489dc3e7d417463b733e52e59c9351cf6eb876,0,data/exp2_images/benign_packed/cb03b4a4fda03f7ca1ad6dae82489dc3e7d417463b733e52e59c9351cf6eb876.png
cb07646b1b0553141779e66364204e6e79aebff33afa2ee66ebd90d4ccc47988,0,data/exp2_images/benign_packed/cb07646b1b0553141779e66364204e6e79aebff33afa2ee66ebd90d4ccc47988.png
cb0cd98b49ca9466e75e487be1e6f7c1105633d7700f69b71ad0e40d393d8381,0,data/exp2_images/benign_packed/cb0cd98b49ca9466e75e487be1e6f7c1105633d7700f69b71ad0e40d393d8381.png
cb1454687b08797f9cd506fde40157d5688c4494772f0836054bf75f5a2bb468,0,data/exp2_images/benign_packed/cb1454687b08797f9cd506fde40157d5688c4494772f0836054bf75f5a2bb468.png
cb1c99e5dc1284a2886b06f42a0234fe281a06e81b33666ac308422ea0838902,0,data/exp2_images/benign_packed/cb1c99e5dc1284a2886b06f42a0234fe281a06e81b33666ac308422ea0838902.png
cb1e90a3f433b6b56116aec5496c96635e5d3fdb89b098598245e56e96b14ad4,0,data/exp2_images/benign_packed/cb1e90a3f433b6b56116aec5496c96635e5d3fdb89b098598245e56e96b14ad4.png
cb2ad1778120b137f598e46b101bebe7f3fb37bdef109434256386584f28bd27,0,data/exp2_images/benign_packed/cb2ad1778120b137f598e46b101bebe7f3fb37bdef109434256386584f28bd27.png
cb2f40f88e3bd2a3c8d509c34950792e5d2071b08e6d8a934d08c1bc265e761e,0,data/exp2_images/benign_packed/cb2f40f88e3bd2a3c8d509c34950792e5d2071b08e6d8a934d08c1bc265e761e.png
cb30761837630f8e0080dca07852b2c90f0f50825450bf40b42f95ddab52576f,0,data/exp2_images/benign_packed/cb30761837630f8e0080dca07852b2c90f0f50825450bf40b42f95ddab52576f.png
cb3c74d6fcc091f4eb7c67ee5eb5f76c1c973dea8b1c6b851fcca62c2a9d8aa8,0,data/exp2_images/benign_packed/cb3c74d6fcc091f4eb7c67ee5eb5f76c1c973dea8b1c6b851fcca62c2a9d8aa8.png
cb3fbd5496266b6cd0a3e7f4b54e8a033688c07f457d1d3c82700d7b12836b84,0,data/exp2_images/benign_packed/cb3fbd5496266b6cd0a3e7f4b54e8a033688c07f457d1d3c82700d7b12836b84.png
cb5181937bda34ce92120c57bbe8cf0335abeeba1131ac707f8a4050875dc0ca,0,data/exp2_images/benign_packed/cb5181937bda34ce92120c57bbe8cf0335abeeba1131ac707f8a4050875dc0ca.png
cb64a9dd9f3cd2b25045e741386178643656ede56a73a3bb85d4821a6e80803f,0,data/exp2_images/benign_packed/cb64a9dd9f3cd2b25045e741386178643656ede56a73a3bb85d4821a6e80803f.png
cb97330351a303d2329cec972ae1f01499e8a03bac0665a81b2e2d9e2a838978,0,data/exp2_images/benign_packed/cb97330351a303d2329cec972ae1f01499e8a03bac0665a81b2e2d9e2a838978.png
cbac6013170047b80dfb05bd9598cf8c5d4cfb86d137abd229c340c4eb2d3e9b,0,data/exp2_images/benign_packed/cbac6013170047b80dfb05bd9598cf8c5d4cfb86d137abd229c340c4eb2d3e9b.png
cbadebb1f6eec8b45b89789d4a7b7d3588f1f208a478c359296707f1ca77eda0,0,data/exp2_images/benign_packed/cbadebb1f6eec8b45b89789d4a7b7d3588f1f208a478c359296707f1ca77eda0.png
cbaeb417b4814df755dc85dc249142b4687e6fe341b1c0f2d8f08d440ae80808,0,data/exp2_images/benign_packed/cbaeb417b4814df755dc85dc249142b4687e6fe341b1c0f2d8f08d440ae80808.png
cbd6e98216e690e1d8dac4935d0d8de2b454716c6eb930c7e2625e3064b52a48,0,data/exp2_images/benign_packed/cbd6e98216e690e1d8dac4935d0d8de2b454716c6eb930c7e2625e3064b52a48.png
cbeec72aaed5847e72245e1b763c9578067e9b63a8bc393012d1a1b1db8fff31,0,data/exp2_images/benign_packed/cbeec72aaed5847e72245e1b763c9578067e9b63a8bc393012d1a1b1db8fff31.png
cbf78ba43de13a2d61eefeed30a155e38fc958e83abd186d2997d2f69b25c60e,0,data/exp2_images/benign_packed/cbf78ba43de13a2d61eefeed30a155e38fc958e83abd186d2997d2f69b25c60e.png
cc277e996e3f0c1447986e16fbf0f5b0d951344fd5edd2581edbfe5e537f0546,0,data/exp2_images/benign_packed/cc277e996e3f0c1447986e16fbf0f5b0d951344fd5edd2581edbfe5e537f0546.png
cc35eea69c8dee3bd4fb2d96eb05ad3d2c4ec1aac67bca14d0876cc2f790b76d,0,data/exp2_images/benign_packed/cc35eea69c8dee3bd4fb2d96eb05ad3d2c4ec1aac67bca14d0876cc2f790b76d.png
cc3850e29d2bdfe70983640466adc0a79cfabd1a6b4fa4d9282c12c926374646,0,data/exp2_images/benign_packed/cc3850e29d2bdfe70983640466adc0a79cfabd1a6b4fa4d9282c12c926374646.png
cc5d3c92e993541fc97a1854a6e6c9980334efd420e623823135f42baae695f1,0,data/exp2_images/benign_packed/cc5d3c92e993541fc97a1854a6e6c9980334efd420e623823135f42baae695f1.png
cc616458d924de5e02dc67ae16c91a0a3b5e451795352e6bf2eac2d2fa52859c,0,data/exp2_images/benign_packed/cc616458d924de5e02dc67ae16c91a0a3b5e451795352e6bf2eac2d2fa52859c.png
cc6c2fdf1c34fa82036165b111f91220bcf7e43aab79dfb284f982f0590bebb1,0,data/exp2_images/benign_packed/cc6c2fdf1c34fa82036165b111f91220bcf7e43aab79dfb284f982f0590bebb1.png
cc8737a47cfb3242dfd257915196201aecd10664351ad8a00a330f76598eff6f,0,data/exp2_images/benign_packed/cc8737a47cfb3242dfd257915196201aecd10664351ad8a00a330f76598eff6f.png
cc95a1b42a633da1d8b21bf6bc6ccd45616b344a8e03399c9e5081930cc99d24,0,data/exp2_images/benign_packed/cc95a1b42a633da1d8b21bf6bc6ccd45616b344a8e03399c9e5081930cc99d24.png
cc96ccabf93cd6be864d20768c9a153ed2f27323cbed8d9325beb0029b642f9c,0,data/exp2_images/benign_packed/cc96ccabf93cd6be864d20768c9a153ed2f27323cbed8d9325beb0029b642f9c.png
cca32e097f255b307026e12d4eee9d20777a604a923b74cc3f3cb297522eb2a6,0,data/exp2_images/benign_packed/cca32e097f255b307026e12d4eee9d20777a604a923b74cc3f3cb297522eb2a6.png
ccad260b60f9b67d377c68505afcc4f424160c26dfd47ec9c0cff589dc7dd302,0,data/exp2_images/benign_packed/ccad260b60f9b67d377c68505afcc4f424160c26dfd47ec9c0cff589dc7dd302.png
ccadedebe0c0145b66506f45a1095baa70b1dadda7ba32c1e623b3ba8c60344c,0,data/exp2_images/benign_packed/ccadedebe0c0145b66506f45a1095baa70b1dadda7ba32c1e623b3ba8c60344c.png
ccb48666501e2ce9ffde8cefb7b85ce8f4d1ad0ac2bef9ae393464ef5529d2ee,0,data/exp2_images/benign_packed/ccb48666501e2ce9ffde8cefb7b85ce8f4d1ad0ac2bef9ae393464ef5529d2ee.png
ccc799da636c295e34c039b8eb332630970aa478f72633015102758f5ae4174e,0,data/exp2_images/benign_packed/ccc799da636c295e34c039b8eb332630970aa478f72633015102758f5ae4174e.png
ccc901d9dc4de08caee3ac767f94b07c674c5f282baabade58edddb1039f52e8,0,data/exp2_images/benign_packed/ccc901d9dc4de08caee3ac767f94b07c674c5f282baabade58edddb1039f52e8.png
ccca8b15b974977c0fe467df44df99451900521173ae602d8c144172fed67187,0,data/exp2_images/benign_packed/ccca8b15b974977c0fe467df44df99451900521173ae602d8c144172fed67187.png
ccccd967eaed92d2f76cb57a4e5984ced36fd1337d0b8128b523a8c3c0c7d2ad,0,data/exp2_images/benign_packed/ccccd967eaed92d2f76cb57a4e5984ced36fd1337d0b8128b523a8c3c0c7d2ad.png
ccd29e453d3f3fec842b3e2249ae962cb1968c83d9a0bf0744c6d6aabe0f4caf,0,data/exp2_images/benign_packed/ccd29e453d3f3fec842b3e2249ae962cb1968c83d9a0bf0744c6d6aabe0f4caf.png
ccde10bc9490feb1870855253599e42fba5ee5ad7c3a4333b4a337fd072203c6,0,data/exp2_images/benign_packed/ccde10bc9490feb1870855253599e42fba5ee5ad7c3a4333b4a337fd072203c6.png
ccdf71a503591da83285ceab1f31a5c2c63043bc051d9ebde1ab4dcc05a764b8,0,data/exp2_images/benign_packed/ccdf71a503591da83285ceab1f31a5c2c63043bc051d9ebde1ab4dcc05a764b8.png
ccf6e9481c276976c2287defd37a1ad175c1b6b9feaf22a2a9d8f6a5be17a992,0,data/exp2_images/benign_packed/ccf6e9481c276976c2287defd37a1ad175c1b6b9feaf22a2a9d8f6a5be17a992.png
ccffd0661d5ad4a100b529250772b2957be0dfc262b7e47cd350c18cdf4d8c97,0,data/exp2_images/benign_packed/ccffd0661d5ad4a100b529250772b2957be0dfc262b7e47cd350c18cdf4d8c97.png
cd035ab055e6ca03d65e5566a021cfc11179a85135b18b1e9841d4a4184efce3,0,data/exp2_images/benign_packed/cd035ab055e6ca03d65e5566a021cfc11179a85135b18b1e9841d4a4184efce3.png
cd1b70e44fcdf746a40ebd8dc028b6b91e8759362cfa9d79bc02bbc50d10d896,0,data/exp2_images/benign_packed/cd1b70e44fcdf746a40ebd8dc028b6b91e8759362cfa9d79bc02bbc50d10d896.png
cd20c11f9e9e7597292484404dfc8758e78852fbb90dd74437da5befa6da3b32,0,data/exp2_images/benign_packed/cd20c11f9e9e7597292484404dfc8758e78852fbb90dd74437da5befa6da3b32.png
cd28daeda3c8731030e2077e6eccbb609e2098919b05ff310bef8dce1dce2d8d,0,data/exp2_images/benign_packed/cd28daeda3c8731030e2077e6eccbb609e2098919b05ff310bef8dce1dce2d8d.png
cd28e759b070e9c088ceef1444d1669cbd2b061133ef1c8ab6b05193dbfbec7a,0,data/exp2_images/benign_packed/cd28e759b070e9c088ceef1444d1669cbd2b061133ef1c8ab6b05193dbfbec7a.png
cd31e41dbb658f329312485662aba9c1d280b0a0c0646ff12763a66412ff9fdc,0,data/exp2_images/benign_packed/cd31e41dbb658f329312485662aba9c1d280b0a0c0646ff12763a66412ff9fdc.png
cd418e2f13651b835c99fb886689e88ed6a939c92c16abfdab63827f963b4034,0,data/exp2_images/benign_packed/cd418e2f13651b835c99fb886689e88ed6a939c92c16abfdab63827f963b4034.png
cd80e0f0caad04a145e8da97b4478c1d0374e2e7b7eb82471c0c2e67089d2965,0,data/exp2_images/benign_packed/cd80e0f0caad04a145e8da97b4478c1d0374e2e7b7eb82471c0c2e67089d2965.png
cd83ea129b429799f12197bf6cd8e218acb049ef54cfac94b729f544616bb168,0,data/exp2_images/benign_packed/cd83ea129b429799f12197bf6cd8e218acb049ef54cfac94b729f544616bb168.png
cd9b73fa3f1f3ac219de007102d1a5625eec0c86638c0d289b5933cc0ec86502,0,data/exp2_images/benign_packed/cd9b73fa3f1f3ac219de007102d1a5625eec0c86638c0d289b5933cc0ec86502.png
cda2725cbd92594eea5d1a1e860b1cfb51ef14851afc1d50c0d4354623b77e36,0,data/exp2_images/benign_packed/cda2725cbd92594eea5d1a1e860b1cfb51ef14851afc1d50c0d4354623b77e36.png
cda51e3de5e0bd7e53519d4b92ae6375b64da2649710f2a38d0676d3b22ec736,0,data/exp2_images/benign_packed/cda51e3de5e0bd7e53519d4b92ae6375b64da2649710f2a38d0676d3b22ec736.png
cdba07f02a64cbe23942eafc41638ef6643761edfd5e65f3acfeec6ed16ee22e,0,data/exp2_images/benign_packed/cdba07f02a64cbe23942eafc41638ef6643761edfd5e65f3acfeec6ed16ee22e.png
cdbec8a3cd83e81e894012f020f742edce0f846f2f3fc28739c6835a701ef851,0,data/exp2_images/benign_packed/cdbec8a3cd83e81e894012f020f742edce0f846f2f3fc28739c6835a701ef851.png
ce09928019dd63b7495c33f4e9cabd6d0f49b37afbc55b8072aa54d8fa92badc,0,data/exp2_images/benign_packed/ce09928019dd63b7495c33f4e9cabd6d0f49b37afbc55b8072aa54d8fa92badc.png
ce0d2910b111d00d10782b016b2d808a0e02cb8440b2dd52347d4968b742721d,0,data/exp2_images/benign_packed/ce0d2910b111d00d10782b016b2d808a0e02cb8440b2dd52347d4968b742721d.png
ce3592a214d3b4cda404a2c3c2c2549f8643eccb2d0fa15cff96a3ed7ad3e932,0,data/exp2_images/benign_packed/ce3592a214d3b4cda404a2c3c2c2549f8643eccb2d0fa15cff96a3ed7ad3e932.png
ce365d04be99efe6734d9364b2ee4507a207809c54d25541787bc2667b508b94,0,data/exp2_images/benign_packed/ce365d04be99efe6734d9364b2ee4507a207809c54d25541787bc2667b508b94.png
ce46130f9d68e49e1b1d34aef02576f536148fdd93ef542b2ee858f209c35c84,0,data/exp2_images/benign_packed/ce46130f9d68e49e1b1d34aef02576f536148fdd93ef542b2ee858f209c35c84.png
ce50ffd69ea9b51d728013ff9e02922fa350eded4c658c6a21eb35a8343edab0,0,data/exp2_images/benign_packed/ce50ffd69ea9b51d728013ff9e02922fa350eded4c658c6a21eb35a8343edab0.png
ce51b0ee72b3e8f412a0fb238c8a2cb7f874d7732fd93e4ec216ec2e01e8f6cd,0,data/exp2_images/benign_packed/ce51b0ee72b3e8f412a0fb238c8a2cb7f874d7732fd93e4ec216ec2e01e8f6cd.png
ce52ac3e21a15601de9e092f8d50999a9f42178ef4604d8a037074a983aef16b,0,data/exp2_images/benign_packed/ce52ac3e21a15601de9e092f8d50999a9f42178ef4604d8a037074a983aef16b.png
ce548eb231b99c47387e1340eba0333d93a703bdf668edbfbb266ccf8d8fa049,0,data/exp2_images/benign_packed/ce548eb231b99c47387e1340eba0333d93a703bdf668edbfbb266ccf8d8fa049.png
ce665ff56c836f6ba377a800e420e440a77ff680c10bbc73fbb2c2a20c9ddd3e,0,data/exp2_images/benign_packed/ce665ff56c836f6ba377a800e420e440a77ff680c10bbc73fbb2c2a20c9ddd3e.png
ce67c831e2ffc1bbd783ef607fd718814282124f28a8d75ab10bd241b026edc8,0,data/exp2_images/benign_packed/ce67c831e2ffc1bbd783ef607fd718814282124f28a8d75ab10bd241b026edc8.png
ce730c5c11594a5c007e8ab5f96ff382777dc6a20396d0eb9a02c4e5489937a8,0,data/exp2_images/benign_packed/ce730c5c11594a5c007e8ab5f96ff382777dc6a20396d0eb9a02c4e5489937a8.png
ce81c92833af5988d16e298ba07c8a30870e8b642d338099accffd4eca9de01d,0,data/exp2_images/benign_packed/ce81c92833af5988d16e298ba07c8a30870e8b642d338099accffd4eca9de01d.png
ce8dcdb68256a3b2486b2ed4e788323863a987a1fa7dbc86ded4e7636e9de3e2,0,data/exp2_images/benign_packed/ce8dcdb68256a3b2486b2ed4e788323863a987a1fa7dbc86ded4e7636e9de3e2.png
ce98728b911a57b0e60c1c5dea0017dbea311693b00a1e98d2abf5b442708bd0,0,data/exp2_images/benign_packed/ce98728b911a57b0e60c1c5dea0017dbea311693b00a1e98d2abf5b442708bd0.png
ce99f68ce19ca7f2796a6a28b7a9ec37d69b7ad493ef4a1981d471fd7bb5bf0b,0,data/exp2_images/benign_packed/ce99f68ce19ca7f2796a6a28b7a9ec37d69b7ad493ef4a1981d471fd7bb5bf0b.png
cea2ee041ad30131e502905fbe97c3ab7362a7da6b84a4fb06013204fc1f704c,0,data/exp2_images/benign_packed/cea2ee041ad30131e502905fbe97c3ab7362a7da6b84a4fb06013204fc1f704c.png
cea7f5149cc40a9bd7d1500786cb9ce21035a0a27712d3f0d330c8dd5a699a05,0,data/exp2_images/benign_packed/cea7f5149cc40a9bd7d1500786cb9ce21035a0a27712d3f0d330c8dd5a699a05.png
cec6eb50bf00db7ac6ecee3c232bc4c472d34c187af4decedd9fd172d6c4f8b1,0,data/exp2_images/benign_packed/cec6eb50bf00db7ac6ecee3c232bc4c472d34c187af4decedd9fd172d6c4f8b1.png
ced0eb1a70436c667a0a7b69c1eabd433ee9d44135cf2e54d43a6182e7b1d19c,0,data/exp2_images/benign_packed/ced0eb1a70436c667a0a7b69c1eabd433ee9d44135cf2e54d43a6182e7b1d19c.png
cee1326dabbadfe29618dd0adb1618f4fccd9f1924d8e3944edf4ae04504ea1a,0,data/exp2_images/benign_packed/cee1326dabbadfe29618dd0adb1618f4fccd9f1924d8e3944edf4ae04504ea1a.png
cf06cf8c0bf2be6e8bfacab7d82ace909216ba729df1315c03b4f04777534450,0,data/exp2_images/benign_packed/cf06cf8c0bf2be6e8bfacab7d82ace909216ba729df1315c03b4f04777534450.png
cf1104b545fb5a933541534a304739e6bca2439ff5d2ef6e3e5fc059ccb4050b,0,data/exp2_images/benign_packed/cf1104b545fb5a933541534a304739e6bca2439ff5d2ef6e3e5fc059ccb4050b.png
cf1ed8cad43cd845d3ef986f41959b1496a27ebac06e6539c4111b236dce8d13,0,data/exp2_images/benign_packed/cf1ed8cad43cd845d3ef986f41959b1496a27ebac06e6539c4111b236dce8d13.png
cf29aac4fc3bc4da19f2d8789fb8082c97e74b36698b88c60427007fc109c372,0,data/exp2_images/benign_packed/cf29aac4fc3bc4da19f2d8789fb8082c97e74b36698b88c60427007fc109c372.png
cf326042e0a81998dda00779732ecb7a3b5190c0cfe13d841064eac4ddc37d54,0,data/exp2_images/benign_packed/cf326042e0a81998dda00779732ecb7a3b5190c0cfe13d841064eac4ddc37d54.png
cf3ee82428248c146314e8effd2a92d7969c3a223155c944260dce814b57dcd7,0,data/exp2_images/benign_packed/cf3ee82428248c146314e8effd2a92d7969c3a223155c944260dce814b57dcd7.png
cf4c6c14eca09ac8345555b82585c6138f7388de63fcd626b0c19bd88b9231a8,0,data/exp2_images/benign_packed/cf4c6c14eca09ac8345555b82585c6138f7388de63fcd626b0c19bd88b9231a8.png
cf549b94cd6370ab8c67de60bedaa390f1ec3f0df1cd51156d79205bcce72906,0,data/exp2_images/benign_packed/cf549b94cd6370ab8c67de60bedaa390f1ec3f0df1cd51156d79205bcce72906.png
cf579f50e4fd8ff0ad4ca87331d033ebbba01cbfe16649e8b3ab53f556d7c10a,0,data/exp2_images/benign_packed/cf579f50e4fd8ff0ad4ca87331d033ebbba01cbfe16649e8b3ab53f556d7c10a.png
cf5e2c3a83f5d0f7e59a23b2fa5eb1993efa4ec6f33892e0789ace0da1b4aaf4,0,data/exp2_images/benign_packed/cf5e2c3a83f5d0f7e59a23b2fa5eb1993efa4ec6f33892e0789ace0da1b4aaf4.png
cf5f1bb51c3c9298b47345978d2b72c04852e66e9bd5466ae8c74ea9a4e1e14d,0,data/exp2_images/benign_packed/cf5f1bb51c3c9298b47345978d2b72c04852e66e9bd5466ae8c74ea9a4e1e14d.png
cf6810e4e76689d99cc20633672d7ea5b8093ef079ac53db70f780bb0d61fd0a,0,data/exp2_images/benign_packed/cf6810e4e76689d99cc20633672d7ea5b8093ef079ac53db70f780bb0d61fd0a.png
cf79ef74ffd6b323f0f26ffae4b7898d0d226d83de7cf4c5fd2930b9b8ea5b89,0,data/exp2_images/benign_packed/cf79ef74ffd6b323f0f26ffae4b7898d0d226d83de7cf4c5fd2930b9b8ea5b89.png
cf7ee1899c2dddb2a4fc21fe831221eecf7bf605a4cc61d709a5626d88e0d389,0,data/exp2_images/benign_packed/cf7ee1899c2dddb2a4fc21fe831221eecf7bf605a4cc61d709a5626d88e0d389.png
cf8d3df3c5374afce1094666b34665dca65743be7cb2e6199131037a344c3d02,0,data/exp2_images/benign_packed/cf8d3df3c5374afce1094666b34665dca65743be7cb2e6199131037a344c3d02.png
cf9f9d781183dbc8cbb0cc4507005ff7018f2c29e9d8f1f1418e71e8d118c442,0,data/exp2_images/benign_packed/cf9f9d781183dbc8cbb0cc4507005ff7018f2c29e9d8f1f1418e71e8d118c442.png
cfa02248d89c66425f9e458a5860e059c9e4e87524e74b63ca8e67a909af154f,0,data/exp2_images/benign_packed/cfa02248d89c66425f9e458a5860e059c9e4e87524e74b63ca8e67a909af154f.png
cfa1b5cf8910144a89ca964e272080d36024f30ebe5bc740e204fd1a83593a34,0,data/exp2_images/benign_packed/cfa1b5cf8910144a89ca964e272080d36024f30ebe5bc740e204fd1a83593a34.png
cfb62019d711be3ba641a1020b03c5c4560c12e6b4247a3dd57d241668cd9b1c,0,data/exp2_images/benign_packed/cfb62019d711be3ba641a1020b03c5c4560c12e6b4247a3dd57d241668cd9b1c.png
cfd16990bf68643d66f35812d8f54f1fb26495ca8a67cb4dba9c3bbe8f0f4946,0,data/exp2_images/benign_packed/cfd16990bf68643d66f35812d8f54f1fb26495ca8a67cb4dba9c3bbe8f0f4946.png
cfe1c0ead5bd89e0875a5d7374ed173c54e284c731d5a8ffc43c8da0b8ea64d8,0,data/exp2_images/benign_packed/cfe1c0ead5bd89e0875a5d7374ed173c54e284c731d5a8ffc43c8da0b8ea64d8.png
cff292318a93328534e1edc1a20e86f7c35e37dd690f6e06d89843b3ff81f5d2,0,data/exp2_images/benign_packed/cff292318a93328534e1edc1a20e86f7c35e37dd690f6e06d89843b3ff81f5d2.png
d004e7f5a2683c2f991d18c6330dafba18acb0248c3274cdf1fe8296e69895ec,0,data/exp2_images/benign_packed/d004e7f5a2683c2f991d18c6330dafba18acb0248c3274cdf1fe8296e69895ec.png
d005fd0cecd3a1c4bd88ebbde2c11c7e72177fe9370a3e738d2490adc0c1ec39,0,data/exp2_images/benign_packed/d005fd0cecd3a1c4bd88ebbde2c11c7e72177fe9370a3e738d2490adc0c1ec39.png
d02632126acc31940d5927c082161f3fd5a39fc4c7713e617fec2f0f86d65e61,0,data/exp2_images/benign_packed/d02632126acc31940d5927c082161f3fd5a39fc4c7713e617fec2f0f86d65e61.png
d03cae8da57bb1b0117726e67c3d71ea8144dfb23820bc30c310bfb8d6a56dfc,0,data/exp2_images/benign_packed/d03cae8da57bb1b0117726e67c3d71ea8144dfb23820bc30c310bfb8d6a56dfc.png
d041aa70e4a07035c446f38d9f23308737b21f02fa0daca17af326161a557f9c,0,data/exp2_images/benign_packed/d041aa70e4a07035c446f38d9f23308737b21f02fa0daca17af326161a557f9c.png
d043b50ca15ca801aaa825f39073d4a54d186e12ce36abb6f72651c726133192,0,data/exp2_images/benign_packed/d043b50ca15ca801aaa825f39073d4a54d186e12ce36abb6f72651c726133192.png
d05b848789a4c6e30dfe5cede30a7781289fff457e522eabe0a81b0e93eb3921,0,data/exp2_images/benign_packed/d05b848789a4c6e30dfe5cede30a7781289fff457e522eabe0a81b0e93eb3921.png
d085a7af252c7c755c2420fa57cfdb0a8a5a8bbb86083824ad39658d3fc169c2,0,data/exp2_images/benign_packed/d085a7af252c7c755c2420fa57cfdb0a8a5a8bbb86083824ad39658d3fc169c2.png
d09b28044abfb507aa6b79ddd742cb4cd4abf3cef6e0e40bb6cebca2a8cb8fc3,0,data/exp2_images/benign_packed/d09b28044abfb507aa6b79ddd742cb4cd4abf3cef6e0e40bb6cebca2a8cb8fc3.png
d0a215ef9500a07e01e59c8238baf18c4bf96aea3ea9088e3deea12a70fb6579,0,data/exp2_images/benign_packed/d0a215ef9500a07e01e59c8238baf18c4bf96aea3ea9088e3deea12a70fb6579.png
d0b224690174a7728ded5a1ea4ac5d11521a4d113db6297509bb3374a0868062,0,data/exp2_images/benign_packed/d0b224690174a7728ded5a1ea4ac5d11521a4d113db6297509bb3374a0868062.png
d0d8b38e4c9d4ea4a426e17a9ff5bcb0511ea47602c8ec8fa454ff28a43db3fd,0,data/exp2_images/benign_packed/d0d8b38e4c9d4ea4a426e17a9ff5bcb0511ea47602c8ec8fa454ff28a43db3fd.png
d0e73cedcbc7c221016cd5098c2c9d5ece599c59ce0935ae0bf2470efa344502,0,data/exp2_images/benign_packed/d0e73cedcbc7c221016cd5098c2c9d5ece599c59ce0935ae0bf2470efa344502.png
d0ec83e6bdabb256405fb8125b830fa9fd329baa9542afafba6b96936b3debb7,0,data/exp2_images/benign_packed/d0ec83e6bdabb256405fb8125b830fa9fd329baa9542afafba6b96936b3debb7.png
d0f4abf77310561f0fb9e001b776e4e9ac11fcfaf2cbc0c786b4588b6c64a8b3,0,data/exp2_images/benign_packed/d0f4abf77310561f0fb9e001b776e4e9ac11fcfaf2cbc0c786b4588b6c64a8b3.png
d0ff5f6bb94961d4c17f0709297a6b5a5fa323c9ac82f4fe27187912b4b13cf3,0,data/exp2_images/benign_packed/d0ff5f6bb94961d4c17f0709297a6b5a5fa323c9ac82f4fe27187912b4b13cf3.png
d0fffbdc0dcf0cb7e316c03a74fe4a2b96f86b4b0e9cdd2a6da66dfd6513ca51,0,data/exp2_images/benign_packed/d0fffbdc0dcf0cb7e316c03a74fe4a2b96f86b4b0e9cdd2a6da66dfd6513ca51.png
d10784534d15234cc95a6b105885c8d785fd58f995e9f5799487581c18af1e03,0,data/exp2_images/benign_packed/d10784534d15234cc95a6b105885c8d785fd58f995e9f5799487581c18af1e03.png
d10c79e16904f1630f9582b1d255b2a498051edf8836ffc10f890eede39c0b4a,0,data/exp2_images/benign_packed/d10c79e16904f1630f9582b1d255b2a498051edf8836ffc10f890eede39c0b4a.png
d125f0f7e2ec4209e1476461a3be2e05f82627e1ad11cebe3872c0e754911850,0,data/exp2_images/benign_packed/d125f0f7e2ec4209e1476461a3be2e05f82627e1ad11cebe3872c0e754911850.png
d1263b93104941bd98d740b2e8fd2eb07a10fa6ac958f0117c025a66c865ba43,0,data/exp2_images/benign_packed/d1263b93104941bd98d740b2e8fd2eb07a10fa6ac958f0117c025a66c865ba43.png
d129f9fb6d4cc4a2f8586776ee29028d06ee3c4af889a5efa7ca8de6f6f2c995,0,data/exp2_images/benign_packed/d129f9fb6d4cc4a2f8586776ee29028d06ee3c4af889a5efa7ca8de6f6f2c995.png
d12b2a5e76681dcce041603310d8af49af03d8ee4013eb9782a642cf92301be4,0,data/exp2_images/benign_packed/d12b2a5e76681dcce041603310d8af49af03d8ee4013eb9782a642cf92301be4.png
d12ee4a9459af8f4c104434cf829bb4f0bab3f3c770890556c25cbff84ae702e,0,data/exp2_images/benign_packed/d12ee4a9459af8f4c104434cf829bb4f0bab3f3c770890556c25cbff84ae702e.png
d1397c6a1fc1dd1563d866dd6c5da2bf5305cc2b5b9ab9e72e832b5112beb62c,0,data/exp2_images/benign_packed/d1397c6a1fc1dd1563d866dd6c5da2bf5305cc2b5b9ab9e72e832b5112beb62c.png
d1450c40d89d1a250fd19f530cfb3b84b0e2c9d5889bec5e85444ea8ede7d11b,0,data/exp2_images/benign_packed/d1450c40d89d1a250fd19f530cfb3b84b0e2c9d5889bec5e85444ea8ede7d11b.png
d14e7ea25ea4209cbd43812de9fa1f81961d18f291e3fd7add8cdadcf1ae8abf,0,data/exp2_images/benign_packed/d14e7ea25ea4209cbd43812de9fa1f81961d18f291e3fd7add8cdadcf1ae8abf.png
d14f79a87b3eb45c277615f60cc3cce935e2c193d3cb5d299f58b1b73d2477f1,0,data/exp2_images/benign_packed/d14f79a87b3eb45c277615f60cc3cce935e2c193d3cb5d299f58b1b73d2477f1.png
d160f179257289421d761e14586a0bb16723ded2edda2ea10825a7dac4d82136,0,data/exp2_images/benign_packed/d160f179257289421d761e14586a0bb16723ded2edda2ea10825a7dac4d82136.png
d1690b602cb317f7f1e1e13e3fc5819ad8b5b38a92d812078afb1b408ccc4b69,0,data/exp2_images/benign_packed/d1690b602cb317f7f1e1e13e3fc5819ad8b5b38a92d812078afb1b408ccc4b69.png
d176280e4ebe7f7d06b6ddda787627423a7be999dd18ce5c47e677572989df3a,0,data/exp2_images/benign_packed/d176280e4ebe7f7d06b6ddda787627423a7be999dd18ce5c47e677572989df3a.png
d187f6ace01edd39c327b01a9169ab17f14fdd8db1872ddce34efa8312ffcd1e,0,data/exp2_images/benign_packed/d187f6ace01edd39c327b01a9169ab17f14fdd8db1872ddce34efa8312ffcd1e.png
d188a9e28c86ef4f3babf113a0861786e9a37d935a4a797527a69b972b7b8b0c,0,data/exp2_images/benign_packed/d188a9e28c86ef4f3babf113a0861786e9a37d935a4a797527a69b972b7b8b0c.png
d19b440da4e9a8960a7943227b7b2c1605cc9555dec392f3e248562d77ee9dcb,0,data/exp2_images/benign_packed/d19b440da4e9a8960a7943227b7b2c1605cc9555dec392f3e248562d77ee9dcb.png
d1af17d8ba493f936d14b588fb057311f972428721521fa9ec9aa9658f44e70d,0,data/exp2_images/benign_packed/d1af17d8ba493f936d14b588fb057311f972428721521fa9ec9aa9658f44e70d.png
d1b15e90e18a2557d5b47f85d408a2159793c8e587cfedeb05513a1a5a40de38,0,data/exp2_images/benign_packed/d1b15e90e18a2557d5b47f85d408a2159793c8e587cfedeb05513a1a5a40de38.png
d1c298cd356ede0a46235ef10e9b9796c2f970125925497bc757fd39809dfd20,0,data/exp2_images/benign_packed/d1c298cd356ede0a46235ef10e9b9796c2f970125925497bc757fd39809dfd20.png
d1c425e24d4c83685ca1587f2f2b1cced11b73e1387738a84b39ecb6f621ece2,0,data/exp2_images/benign_packed/d1c425e24d4c83685ca1587f2f2b1cced11b73e1387738a84b39ecb6f621ece2.png
d1ceb9aef4c7016cc972e94261a112cea8f2978cc9fef25d444f022a90894333,0,data/exp2_images/benign_packed/d1ceb9aef4c7016cc972e94261a112cea8f2978cc9fef25d444f022a90894333.png
d1cf11b43c781667599dae20e4ab35e86b8d18bd66588185e5261802eccd9bbf,0,data/exp2_images/benign_packed/d1cf11b43c781667599dae20e4ab35e86b8d18bd66588185e5261802eccd9bbf.png
d1d69e94e752e2739b5f96dd62788d816af73ba51f165af8a398a476ea962fa0,0,data/exp2_images/benign_packed/d1d69e94e752e2739b5f96dd62788d816af73ba51f165af8a398a476ea962fa0.png
d1f207a8c55f6f20b64ab42a668ba8230f56fdab4ebec982029e90a30e87e5e8,0,data/exp2_images/benign_packed/d1f207a8c55f6f20b64ab42a668ba8230f56fdab4ebec982029e90a30e87e5e8.png
d1f87ca4642c674e50a7614694e226a6c8cd40e08b2955982839fff01e083283,0,data/exp2_images/benign_packed/d1f87ca4642c674e50a7614694e226a6c8cd40e08b2955982839fff01e083283.png
d208cc455e9bae5d4244bd3ba2bf9fb78d0d756766093afdfdbddbc56a229fb2,0,data/exp2_images/benign_packed/d208cc455e9bae5d4244bd3ba2bf9fb78d0d756766093afdfdbddbc56a229fb2.png
d21b157cecad2d0c658fc060b7bc912012a598c66fd63a1b24516c7f05ca8b58,0,data/exp2_images/benign_packed/d21b157cecad2d0c658fc060b7bc912012a598c66fd63a1b24516c7f05ca8b58.png
d22b8ffbfd96a0c6f16d481a191ed409cc3f4856919afc55d7099b84756043c8,0,data/exp2_images/benign_packed/d22b8ffbfd96a0c6f16d481a191ed409cc3f4856919afc55d7099b84756043c8.png
d25a2eea2bbd59d8e05322e81c8286c0ebd99af7dfc8b01381e09dceccb76c29,0,data/exp2_images/benign_packed/d25a2eea2bbd59d8e05322e81c8286c0ebd99af7dfc8b01381e09dceccb76c29.png
d2a0769ac0b3e494cd1c8982bece7617ca0016b6a9938acc843d78ff2d60c81f,0,data/exp2_images/benign_packed/d2a0769ac0b3e494cd1c8982bece7617ca0016b6a9938acc843d78ff2d60c81f.png
d2ada925cc2e903b176ca03851fdcb44250ad69918063e14426c7b7ffe63c3e5,0,data/exp2_images/benign_packed/d2ada925cc2e903b176ca03851fdcb44250ad69918063e14426c7b7ffe63c3e5.png
d2d1ca8fee420c4a43c41404996bae6d12a44887315b5ef146094ff9177fe0e2,0,data/exp2_images/benign_packed/d2d1ca8fee420c4a43c41404996bae6d12a44887315b5ef146094ff9177fe0e2.png
d2dc98b3d9cbfebd92d16aeb6be475b68ec30943503014e33b645e5ca7de2cfb,0,data/exp2_images/benign_packed/d2dc98b3d9cbfebd92d16aeb6be475b68ec30943503014e33b645e5ca7de2cfb.png
d2de55fd135a3a7f2a102011e056549dc2b79e78379a16d62cad5543eb4f4bfd,0,data/exp2_images/benign_packed/d2de55fd135a3a7f2a102011e056549dc2b79e78379a16d62cad5543eb4f4bfd.png
d2ebccbcd2b3d44454d5b7acee1bc4cbe3d9e63d81753729e5d529fb041a309f,0,data/exp2_images/benign_packed/d2ebccbcd2b3d44454d5b7acee1bc4cbe3d9e63d81753729e5d529fb041a309f.png
d2f27322e45afc364da580643d09a026b2b55fd59f12f9bb05a85dc788524a5d,0,data/exp2_images/benign_packed/d2f27322e45afc364da580643d09a026b2b55fd59f12f9bb05a85dc788524a5d.png
d3063cd5fe97f722c832952f027aa558f827dc53d641be599d467405671fa8d2,0,data/exp2_images/benign_packed/d3063cd5fe97f722c832952f027aa558f827dc53d641be599d467405671fa8d2.png
d31ba0c5bc964aaeddad4214e3ca55a4e73f0e673c8d68431b597a7b96e366c2,0,data/exp2_images/benign_packed/d31ba0c5bc964aaeddad4214e3ca55a4e73f0e673c8d68431b597a7b96e366c2.png
d31fe9eab4cd3ea11e2023ce56c52eaee2ae1db97a83a8ed48ffa56db204572d,0,data/exp2_images/benign_packed/d31fe9eab4cd3ea11e2023ce56c52eaee2ae1db97a83a8ed48ffa56db204572d.png
d3319879d98fd483b0d575da45509dd740a297ed152030401736a022d69533a1,0,data/exp2_images/benign_packed/d3319879d98fd483b0d575da45509dd740a297ed152030401736a022d69533a1.png
d33281f6c857aba988c049950c07dbbfb034fdc58649dc00869ef1fddbdcb074,0,data/exp2_images/benign_packed/d33281f6c857aba988c049950c07dbbfb034fdc58649dc00869ef1fddbdcb074.png
d33a211e5dd2d77924579461c9ffedc1dc724732b48f992f4a4fd9ad0fc16fcf,0,data/exp2_images/benign_packed/d33a211e5dd2d77924579461c9ffedc1dc724732b48f992f4a4fd9ad0fc16fcf.png
d33b4be881ec160c13f1d5d41a5cba350bdd9cbfd40f12e0fe22e5ffb996794a,0,data/exp2_images/benign_packed/d33b4be881ec160c13f1d5d41a5cba350bdd9cbfd40f12e0fe22e5ffb996794a.png
d344483585dfbca35c3ec890b155c0a956a22d05fbba429362b139c2f1ce2a60,0,data/exp2_images/benign_packed/d344483585dfbca35c3ec890b155c0a956a22d05fbba429362b139c2f1ce2a60.png
d3492829c58aea3bef8f10ff7a75879c5c869118e172d8642d3acf00e2215943,0,data/exp2_images/benign_packed/d3492829c58aea3bef8f10ff7a75879c5c869118e172d8642d3acf00e2215943.png
d34c0f14da319687141edb4f11e6b1ef9e10db3de66e255067a468acb896ccfa,0,data/exp2_images/benign_packed/d34c0f14da319687141edb4f11e6b1ef9e10db3de66e255067a468acb896ccfa.png
d35703f44664675c1b6296459d3d748d016b60e98749b13df9adf5e408a9ffb5,0,data/exp2_images/benign_packed/d35703f44664675c1b6296459d3d748d016b60e98749b13df9adf5e408a9ffb5.png
d3573e71ea72dd679c0bb999beec47a150495d6876787caa2afe615801e28583,0,data/exp2_images/benign_packed/d3573e71ea72dd679c0bb999beec47a150495d6876787caa2afe615801e28583.png
d36071884086b10b302c2acd43c33d15fe73369b927ba9002d32db9409567241,0,data/exp2_images/benign_packed/d36071884086b10b302c2acd43c33d15fe73369b927ba9002d32db9409567241.png
d36f469d4b407d611ef94316af31111bbbedf28189841add0045981987a2f587,0,data/exp2_images/benign_packed/d36f469d4b407d611ef94316af31111bbbedf28189841add0045981987a2f587.png
d372ee9868ff869d8610f087111fb78e4458c12266e4e7d2691afc98716a47b4,0,data/exp2_images/benign_packed/d372ee9868ff869d8610f087111fb78e4458c12266e4e7d2691afc98716a47b4.png
d373f9f5ce949febc9dfd626f4f6197c3be70ac71a4655bc7f202d3b9b4157aa,0,data/exp2_images/benign_packed/d373f9f5ce949febc9dfd626f4f6197c3be70ac71a4655bc7f202d3b9b4157aa.png
d378c2f3aa3a32908110165f727a1b142fcdc1a371169d1ebfc8fc39d91379ed,0,data/exp2_images/benign_packed/d378c2f3aa3a32908110165f727a1b142fcdc1a371169d1ebfc8fc39d91379ed.png
d38483ecb3ef2610302665d94b06cfe69aed831436337a491a998524c4c261f9,0,data/exp2_images/benign_packed/d38483ecb3ef2610302665d94b06cfe69aed831436337a491a998524c4c261f9.png
d38e1d9ac2dec8c139a6ece1b1ee6ff2ace24f529580fddac8ccbb3f1633dc84,0,data/exp2_images/benign_packed/d38e1d9ac2dec8c139a6ece1b1ee6ff2ace24f529580fddac8ccbb3f1633dc84.png
d39b532d22a5b6b1bec49a48d3262dd8aad731b72a415cd9212a3292cd96713e,0,data/exp2_images/benign_packed/d39b532d22a5b6b1bec49a48d3262dd8aad731b72a415cd9212a3292cd96713e.png
d39b946ac0b58f822c98498719e88b500d24398aeaf22a4ff5015c6a421ddcff,0,data/exp2_images/benign_packed/d39b946ac0b58f822c98498719e88b500d24398aeaf22a4ff5015c6a421ddcff.png
d39f1de499ffd7d8e12adea0979aa70fb291c8bd9061019aa0045a247a4b948b,0,data/exp2_images/benign_packed/d39f1de499ffd7d8e12adea0979aa70fb291c8bd9061019aa0045a247a4b948b.png
d3bad7995b998f2c95dbb33020a198ef5a248825321032f051619f353d46182b,0,data/exp2_images/benign_packed/d3bad7995b998f2c95dbb33020a198ef5a248825321032f051619f353d46182b.png
d3d27fdc7bd8f72298874b8472c79d480a6d0d304a0ef99d11c6b6c015c3e999,0,data/exp2_images/benign_packed/d3d27fdc7bd8f72298874b8472c79d480a6d0d304a0ef99d11c6b6c015c3e999.png
d3d5f039c87c81568cc54ca54db1af8818499bd79200a2499aa350930bdf9834,0,data/exp2_images/benign_packed/d3d5f039c87c81568cc54ca54db1af8818499bd79200a2499aa350930bdf9834.png
d3d81d73dafe8f4416dcdef8e953026952c048fea3020d196260b33e693d85e1,0,data/exp2_images/benign_packed/d3d81d73dafe8f4416dcdef8e953026952c048fea3020d196260b33e693d85e1.png
d3e3a0df97b139586068e1f85a1fa056b4060f61b60f463d2681f59cd886cdf8,0,data/exp2_images/benign_packed/d3e3a0df97b139586068e1f85a1fa056b4060f61b60f463d2681f59cd886cdf8.png
d408ea821ea05412e9ac4748b682ed7aee364e0a5fd3edcad554a01057d34979,0,data/exp2_images/benign_packed/d408ea821ea05412e9ac4748b682ed7aee364e0a5fd3edcad554a01057d34979.png
d40adb86de1c4f9aad9cdb944d46d7c632be49c6b183d051d5cae3aa187f912c,0,data/exp2_images/benign_packed/d40adb86de1c4f9aad9cdb944d46d7c632be49c6b183d051d5cae3aa187f912c.png
d410fcb90a74115f865460be1028372b62fb283e9e1db5eabdc84a530e13c218,0,data/exp2_images/benign_packed/d410fcb90a74115f865460be1028372b62fb283e9e1db5eabdc84a530e13c218.png
d42b861e31de1ca299a8985e6bbbcbab663cd58b1ea8cc2c649b365d0b8429c0,0,data/exp2_images/benign_packed/d42b861e31de1ca299a8985e6bbbcbab663cd58b1ea8cc2c649b365d0b8429c0.png
d44611189d3f2da01952291f40f7cf361e808b68716a4739b95dcdd632a26e5d,0,data/exp2_images/benign_packed/d44611189d3f2da01952291f40f7cf361e808b68716a4739b95dcdd632a26e5d.png
d450598224c200a67dc641f7b658157b10dfbf2b51b45ad6ceb4836b8181395b,0,data/exp2_images/benign_packed/d450598224c200a67dc641f7b658157b10dfbf2b51b45ad6ceb4836b8181395b.png
d45240802269cab2ab6ceb71a327113f7366ce173559b1c9456ca5d5ea63bf8f,0,data/exp2_images/benign_packed/d45240802269cab2ab6ceb71a327113f7366ce173559b1c9456ca5d5ea63bf8f.png
d455f59ba88175dc0a0b2ea70c09111e858cf0a6a89b92ab3d1b5d51de30a70f,0,data/exp2_images/benign_packed/d455f59ba88175dc0a0b2ea70c09111e858cf0a6a89b92ab3d1b5d51de30a70f.png
d45a99ed3bfd301e361279ce043070dad467a596d76e9f51e961fd1d39b5d00b,0,data/exp2_images/benign_packed/d45a99ed3bfd301e361279ce043070dad467a596d76e9f51e961fd1d39b5d00b.png
d45d1e7d7e1ea37f47a4d5ef4374e648777239b55e5621df54c5358b25fc6fbc,0,data/exp2_images/benign_packed/d45d1e7d7e1ea37f47a4d5ef4374e648777239b55e5621df54c5358b25fc6fbc.png
d4612b06b9733eadab0a267e820091980713b008bb55c62e203b3095fe9e99a2,0,data/exp2_images/benign_packed/d4612b06b9733eadab0a267e820091980713b008bb55c62e203b3095fe9e99a2.png
d480b786b725101ca5327faba48363447b8bdb28765d1e47d9da3f0d0c7fe781,0,data/exp2_images/benign_packed/d480b786b725101ca5327faba48363447b8bdb28765d1e47d9da3f0d0c7fe781.png
d48a2acf5b6967fedd9903f8fc10b625e1b98f03118e3a563ecf718547199e65,0,data/exp2_images/benign_packed/d48a2acf5b6967fedd9903f8fc10b625e1b98f03118e3a563ecf718547199e65.png
d4a00e34e3dfe3bc27cb863503c257b2228bb34747547dec5870541ac49288f9,0,data/exp2_images/benign_packed/d4a00e34e3dfe3bc27cb863503c257b2228bb34747547dec5870541ac49288f9.png
d4aaf4067bef6dc986ff43f794ea9ddeaa6061efab1c470b342132027f5dd9f5,0,data/exp2_images/benign_packed/d4aaf4067bef6dc986ff43f794ea9ddeaa6061efab1c470b342132027f5dd9f5.png
d4ce45d348c37204792d536142ea19939210303127e8978e8366bfe26709bd07,0,data/exp2_images/benign_packed/d4ce45d348c37204792d536142ea19939210303127e8978e8366bfe26709bd07.png
d4d5302f860a69564736c2f55dbdfa6fad9ac4b702faecf3cc7d39c9f6dcd456,0,data/exp2_images/benign_packed/d4d5302f860a69564736c2f55dbdfa6fad9ac4b702faecf3cc7d39c9f6dcd456.png
d4d86e560a22d833fcdf0ba165d3bd3f6059e69830f4d2f9748af08905b2d4c8,0,data/exp2_images/benign_packed/d4d86e560a22d833fcdf0ba165d3bd3f6059e69830f4d2f9748af08905b2d4c8.png
d4f298d6bab0963eaa669cb43a3e3f61834bb6ca1a8d08a059b70731c3b4476b,0,data/exp2_images/benign_packed/d4f298d6bab0963eaa669cb43a3e3f61834bb6ca1a8d08a059b70731c3b4476b.png
d50963d7b4f67e41fd7d50caf4d662b04688b66799f7aff7bcc632ede8d7f5f5,0,data/exp2_images/benign_packed/d50963d7b4f67e41fd7d50caf4d662b04688b66799f7aff7bcc632ede8d7f5f5.png
d5174bcc7c3636a4de11f7860cb340ddb96685224a9af76975e8ed8106a4d6a5,0,data/exp2_images/benign_packed/d5174bcc7c3636a4de11f7860cb340ddb96685224a9af76975e8ed8106a4d6a5.png
d52946d61a17a9bd3db49187f2ca3c044fa549cfd67f03419204e2787c6272f1,0,data/exp2_images/benign_packed/d52946d61a17a9bd3db49187f2ca3c044fa549cfd67f03419204e2787c6272f1.png
d53c84fd100dbb384eca63dbd868e315de0803208521612eb7ae12a78803e079,0,data/exp2_images/benign_packed/d53c84fd100dbb384eca63dbd868e315de0803208521612eb7ae12a78803e079.png
d543427bfa0b28c57d13389d55dadb483436e081b7eb50893a06b0af25d3542a,0,data/exp2_images/benign_packed/d543427bfa0b28c57d13389d55dadb483436e081b7eb50893a06b0af25d3542a.png
d552ddbf9e076ac53c3bee3dcc4a7e8a14f481e01ef5ddcbf55a43e82e091181,0,data/exp2_images/benign_packed/d552ddbf9e076ac53c3bee3dcc4a7e8a14f481e01ef5ddcbf55a43e82e091181.png
d5588fbc980bf8ead6ddac00a56f2caae16dffa1f2c0995be911d1fc0d397630,0,data/exp2_images/benign_packed/d5588fbc980bf8ead6ddac00a56f2caae16dffa1f2c0995be911d1fc0d397630.png
d55d46790959a1e0f57c7011b845c65142295085b60f626e9507c6691886dd47,0,data/exp2_images/benign_packed/d55d46790959a1e0f57c7011b845c65142295085b60f626e9507c6691886dd47.png
d55dcfa21e7d6b15334867f4ed63dbe0d3f13f283b416a70d11e65951fca6c17,0,data/exp2_images/benign_packed/d55dcfa21e7d6b15334867f4ed63dbe0d3f13f283b416a70d11e65951fca6c17.png
d56887a352a99247c6bf1bcf8cc9840ec4389a8fc9afeff7719d8466e936e2d0,0,data/exp2_images/benign_packed/d56887a352a99247c6bf1bcf8cc9840ec4389a8fc9afeff7719d8466e936e2d0.png
d5887c9a91d52c55e307d0d6a2b9cb776d74da0189f66a6c597d08500bd22096,0,data/exp2_images/benign_packed/d5887c9a91d52c55e307d0d6a2b9cb776d74da0189f66a6c597d08500bd22096.png
d599065c8f2f58c6a7ad477674615d44b26e350bbc65b23814fe5299b6cb3e52,0,data/exp2_images/benign_packed/d599065c8f2f58c6a7ad477674615d44b26e350bbc65b23814fe5299b6cb3e52.png
d5bb69ad32f400962e3e9b60d31ec72997e6ce9ccb86d8bdb99ca5e95c4b7b70,0,data/exp2_images/benign_packed/d5bb69ad32f400962e3e9b60d31ec72997e6ce9ccb86d8bdb99ca5e95c4b7b70.png
d5d3759c6e111cb92a6048e15f855f52a297971b0ddeeefd2fac81771cc3aee7,0,data/exp2_images/benign_packed/d5d3759c6e111cb92a6048e15f855f52a297971b0ddeeefd2fac81771cc3aee7.png
d5d78b0373c0768628e88affca10718ac767e6f2347e4ce3b5a15a4223703b4a,0,data/exp2_images/benign_packed/d5d78b0373c0768628e88affca10718ac767e6f2347e4ce3b5a15a4223703b4a.png
d5db896dfb3f9dc5ead53818c1124488dbe72b968fec8cbc076e29e3c01a0e01,0,data/exp2_images/benign_packed/d5db896dfb3f9dc5ead53818c1124488dbe72b968fec8cbc076e29e3c01a0e01.png
d5de04e6ca6b4fce6ad5c7ca2a0c99e82f269ce0c8f8a1f144e1c0490aed7593,0,data/exp2_images/benign_packed/d5de04e6ca6b4fce6ad5c7ca2a0c99e82f269ce0c8f8a1f144e1c0490aed7593.png
d5ec0837bb176abf13dcd52c658c4e84c5264f67065b9c19679b6643f7d21564,0,data/exp2_images/benign_packed/d5ec0837bb176abf13dcd52c658c4e84c5264f67065b9c19679b6643f7d21564.png
d5f5db4f8e9ed00a4fb37bc7c40a50535bc2b28d0f971b797bcfa6864011431d,0,data/exp2_images/benign_packed/d5f5db4f8e9ed00a4fb37bc7c40a50535bc2b28d0f971b797bcfa6864011431d.png
d5fd9c5ec6349c8c55cbad05095b97ee2939f24a45e40fa69b89cbc85f528215,0,data/exp2_images/benign_packed/d5fd9c5ec6349c8c55cbad05095b97ee2939f24a45e40fa69b89cbc85f528215.png
d60917d2562a28908122bfd2170ef35d2568abc097eccbd6a137998d7043b880,0,data/exp2_images/benign_packed/d60917d2562a28908122bfd2170ef35d2568abc097eccbd6a137998d7043b880.png
d61b30a1229479227788ba58efc2648a5faa02f522ae1d24cc9c9dc052a28945,0,data/exp2_images/benign_packed/d61b30a1229479227788ba58efc2648a5faa02f522ae1d24cc9c9dc052a28945.png
d61f734fa581a57c75d40af37a8092300c4dfe0f4bfef229e2251ca51ace20c2,0,data/exp2_images/benign_packed/d61f734fa581a57c75d40af37a8092300c4dfe0f4bfef229e2251ca51ace20c2.png
d6295326cd3c61f58e5bce22bdef6b04f94ed2483769e087006a3f24db6ce3f9,0,data/exp2_images/benign_packed/d6295326cd3c61f58e5bce22bdef6b04f94ed2483769e087006a3f24db6ce3f9.png
d635c44a4281addb1906c3a53e1d287503ff1dd93a087ed2b44c40cb4b224ba8,0,data/exp2_images/benign_packed/d635c44a4281addb1906c3a53e1d287503ff1dd93a087ed2b44c40cb4b224ba8.png
d63e3e64001167088ec8ff58ca3a36b2d6bd91e913cdad6e76211f977166b806,0,data/exp2_images/benign_packed/d63e3e64001167088ec8ff58ca3a36b2d6bd91e913cdad6e76211f977166b806.png
d63ec0ce6772c43d1c5171b77d30767bfdf80ec89fdddbc98d832bbe3600cc2b,0,data/exp2_images/benign_packed/d63ec0ce6772c43d1c5171b77d30767bfdf80ec89fdddbc98d832bbe3600cc2b.png
d63fc77755dea6e9461f312f6326d6cd4a1903ed485c57f87b2607d1b1c3cec1,0,data/exp2_images/benign_packed/d63fc77755dea6e9461f312f6326d6cd4a1903ed485c57f87b2607d1b1c3cec1.png
d643d4cf5857c99636950f335f95069ebeec9bf87da5876af2b374d875e66474,0,data/exp2_images/benign_packed/d643d4cf5857c99636950f335f95069ebeec9bf87da5876af2b374d875e66474.png
d645d14eb3ac4a363192fdc3d075572a394e95d27f284d0bf2bcdf6132439a12,0,data/exp2_images/benign_packed/d645d14eb3ac4a363192fdc3d075572a394e95d27f284d0bf2bcdf6132439a12.png
d6568f830f0e8d7485b4a151244a2f0b700d57abb78fbf0c1d8bcd0c1cb2179f,0,data/exp2_images/benign_packed/d6568f830f0e8d7485b4a151244a2f0b700d57abb78fbf0c1d8bcd0c1cb2179f.png
d662fdd778212973ade12dcc330b12a003b87f4c2fa04b5845b6cc90a3c4d5dd,0,data/exp2_images/benign_packed/d662fdd778212973ade12dcc330b12a003b87f4c2fa04b5845b6cc90a3c4d5dd.png
d66615329639da2fb6eb162d358c3aad836c9a1cdad182f3be01fadd58a5bdc3,0,data/exp2_images/benign_packed/d66615329639da2fb6eb162d358c3aad836c9a1cdad182f3be01fadd58a5bdc3.png
d66c619299abe02f79768e6412a62ac5b39857aa1339285de233779119fdb36b,0,data/exp2_images/benign_packed/d66c619299abe02f79768e6412a62ac5b39857aa1339285de233779119fdb36b.png
d67c03a53a564f007253b9e12205461a1ae6cb520bcce77332a385f25029d8f7,0,data/exp2_images/benign_packed/d67c03a53a564f007253b9e12205461a1ae6cb520bcce77332a385f25029d8f7.png
d6911bb4898a914473670d9cab630a0fc7525933af81e085115743a2628fefb5,0,data/exp2_images/benign_packed/d6911bb4898a914473670d9cab630a0fc7525933af81e085115743a2628fefb5.png
d6a03550fbd2313a8b1f4e71180bf27db436a86bd54660e4a6c6b6707bdf8d63,0,data/exp2_images/benign_packed/d6a03550fbd2313a8b1f4e71180bf27db436a86bd54660e4a6c6b6707bdf8d63.png
d6a911329bbbc2ff509975c000da01f66566cf038a005dc131300834ebc39209,0,data/exp2_images/benign_packed/d6a911329bbbc2ff509975c000da01f66566cf038a005dc131300834ebc39209.png
d6b9ef1d19cef2df1e512a729d0370664707be3f903ab36d952277d4e8c6b626,0,data/exp2_images/benign_packed/d6b9ef1d19cef2df1e512a729d0370664707be3f903ab36d952277d4e8c6b626.png
d6c74e8c3a63cf1c7b3b1a97ac68005d052a012e3b96d21f6583336aec7598ce,0,data/exp2_images/benign_packed/d6c74e8c3a63cf1c7b3b1a97ac68005d052a012e3b96d21f6583336aec7598ce.png
d6e7528b62458c4dc0c72a265533ddbcf42aa4871ad629826c550b2bb08f0a2b,0,data/exp2_images/benign_packed/d6e7528b62458c4dc0c72a265533ddbcf42aa4871ad629826c550b2bb08f0a2b.png
d71bff26ae9684243fbe6cea56258c8557aa31ba6622c6a835f62ba3e47714ce,0,data/exp2_images/benign_packed/d71bff26ae9684243fbe6cea56258c8557aa31ba6622c6a835f62ba3e47714ce.png
d7221d5a8b507a217aef79d85f867ffacad37cc58d67261621e557f7dc1a4c43,0,data/exp2_images/benign_packed/d7221d5a8b507a217aef79d85f867ffacad37cc58d67261621e557f7dc1a4c43.png
d726801464f49c0a19fb51be4703251f8b19a3bc3d35d410442d379d6eafd273,0,data/exp2_images/benign_packed/d726801464f49c0a19fb51be4703251f8b19a3bc3d35d410442d379d6eafd273.png
d731f6f7bc08738cfcef59a48db416d343c2043e2cbc14716d902dfd182fedf5,0,data/exp2_images/benign_packed/d731f6f7bc08738cfcef59a48db416d343c2043e2cbc14716d902dfd182fedf5.png
d736b4ed7574ada5dd609bb2370cb8d52a9ef1aa20afb3734438c2141fda8ee1,0,data/exp2_images/benign_packed/d736b4ed7574ada5dd609bb2370cb8d52a9ef1aa20afb3734438c2141fda8ee1.png
d73dd6ce20ef5e4a198f7b5179259e54adb467feee73b15bf973388e91dcbcd9,0,data/exp2_images/benign_packed/d73dd6ce20ef5e4a198f7b5179259e54adb467feee73b15bf973388e91dcbcd9.png
d73e29d3059262609b93a5ec6e7224542db5325852236ce1c9de7c4eb72d3500,0,data/exp2_images/benign_packed/d73e29d3059262609b93a5ec6e7224542db5325852236ce1c9de7c4eb72d3500.png
d74379c0d9b49d51aad8b7fe5141100900251b614d64555843f226820de8f041,0,data/exp2_images/benign_packed/d74379c0d9b49d51aad8b7fe5141100900251b614d64555843f226820de8f041.png
d74d1cd46905e662bf0a0dca8fc88ddd22936573a73e39c8e26dabd294177e9b,0,data/exp2_images/benign_packed/d74d1cd46905e662bf0a0dca8fc88ddd22936573a73e39c8e26dabd294177e9b.png
d752be52e51756f597a1e346255bf400a31063c70c9c7c724c06b2d620d5212a,0,data/exp2_images/benign_packed/d752be52e51756f597a1e346255bf400a31063c70c9c7c724c06b2d620d5212a.png
d758b307b8e754bbbb93a4034912ed373f1ed2fd0c8341f3e0fabd690a9fb5b4,0,data/exp2_images/benign_packed/d758b307b8e754bbbb93a4034912ed373f1ed2fd0c8341f3e0fabd690a9fb5b4.png
d75dc7c8ecdba971e494ff5dba5cd0cb570422d54409934e8fee69fcce8a3f80,0,data/exp2_images/benign_packed/d75dc7c8ecdba971e494ff5dba5cd0cb570422d54409934e8fee69fcce8a3f80.png
d76274f883c86ef2b9090e43935d9adc6b81b35a2a6fa39e37890f80fdfa9b76,0,data/exp2_images/benign_packed/d76274f883c86ef2b9090e43935d9adc6b81b35a2a6fa39e37890f80fdfa9b76.png
d76eb2510b4bbf54ceb93ff113fd6ee98cc04874fcea256105d0a2fd33834f4e,0,data/exp2_images/benign_packed/d76eb2510b4bbf54ceb93ff113fd6ee98cc04874fcea256105d0a2fd33834f4e.png
d771f1fca19b2dd62218473ad2e9cd0bdbd7179068c55c23a4a2fff094cb1adb,0,data/exp2_images/benign_packed/d771f1fca19b2dd62218473ad2e9cd0bdbd7179068c55c23a4a2fff094cb1adb.png
d792fa805fdeafef1cfd76b4118de73362eac7b4f12fb3cc6685499d932c97b2,0,data/exp2_images/benign_packed/d792fa805fdeafef1cfd76b4118de73362eac7b4f12fb3cc6685499d932c97b2.png
d7a939542d603b8e3d55a57cb75352a3d981e1d937f7ffcabc6cb89a8bcda47a,0,data/exp2_images/benign_packed/d7a939542d603b8e3d55a57cb75352a3d981e1d937f7ffcabc6cb89a8bcda47a.png
d7b1cf58898046c430d49cf8f778e4898280f4709340c3938d3139894166fe8d,0,data/exp2_images/benign_packed/d7b1cf58898046c430d49cf8f778e4898280f4709340c3938d3139894166fe8d.png
d7cd68e06f392e08d5dc51422b3cfa6447090495ea7c247053ff28dcadb002b3,0,data/exp2_images/benign_packed/d7cd68e06f392e08d5dc51422b3cfa6447090495ea7c247053ff28dcadb002b3.png
d7ce505904dd73ba0f3f3a473b747ad19134e66625ff588b5073202b4026ce46,0,data/exp2_images/benign_packed/d7ce505904dd73ba0f3f3a473b747ad19134e66625ff588b5073202b4026ce46.png
d7def8858824734ac6207714a17160820fe199cad63f5f70795937a3e7ee5b6e,0,data/exp2_images/benign_packed/d7def8858824734ac6207714a17160820fe199cad63f5f70795937a3e7ee5b6e.png
d7f6a14858f199d7e8a784ba992755643123e51d6eeb0f91009eda0282f38f3b,0,data/exp2_images/benign_packed/d7f6a14858f199d7e8a784ba992755643123e51d6eeb0f91009eda0282f38f3b.png
d80086610ee350980055cde63e2803c7bb4846ba8098c8d48d84ab3c44e85bb0,0,data/exp2_images/benign_packed/d80086610ee350980055cde63e2803c7bb4846ba8098c8d48d84ab3c44e85bb0.png
d802fd231698c137c79ff5f702cf5f8a7bbe0ebfd1ba8773c4359eb623bd9368,0,data/exp2_images/benign_packed/d802fd231698c137c79ff5f702cf5f8a7bbe0ebfd1ba8773c4359eb623bd9368.png
d805e7fc685c5970a786c0727e96dab9808112f063c1244f558d0419e8331c72,0,data/exp2_images/benign_packed/d805e7fc685c5970a786c0727e96dab9808112f063c1244f558d0419e8331c72.png
d80b8421665c39a5cfb05ca22b6541617b1da5818f476fc2e4d83f8e7e3a9a7d,0,data/exp2_images/benign_packed/d80b8421665c39a5cfb05ca22b6541617b1da5818f476fc2e4d83f8e7e3a9a7d.png
d8118d73150ec1239b6cf8fccaa8778f8a15e12d49897b924a1e07e8ccf87759,0,data/exp2_images/benign_packed/d8118d73150ec1239b6cf8fccaa8778f8a15e12d49897b924a1e07e8ccf87759.png
d8138c007355565baee82a670f120a091c1acd2c3208a08f35dc8a77b63e31b4,0,data/exp2_images/benign_packed/d8138c007355565baee82a670f120a091c1acd2c3208a08f35dc8a77b63e31b4.png
d822ec4e09fdf5446e62c09cf5819146f09a4670f77aaa81e4133b912592f1f9,0,data/exp2_images/benign_packed/d822ec4e09fdf5446e62c09cf5819146f09a4670f77aaa81e4133b912592f1f9.png
d828b0a2713c4d51550073439dda910dac1b923a648c8c6493360cb41b770555,0,data/exp2_images/benign_packed/d828b0a2713c4d51550073439dda910dac1b923a648c8c6493360cb41b770555.png
d83174e097343779fcf2a2e854bbde39563c82d467a57a56b9e23def318642b3,0,data/exp2_images/benign_packed/d83174e097343779fcf2a2e854bbde39563c82d467a57a56b9e23def318642b3.png
d836d3fb996003a3394ae268296207db003fc1fda2a02d5180f3ae1876f1de47,0,data/exp2_images/benign_packed/d836d3fb996003a3394ae268296207db003fc1fda2a02d5180f3ae1876f1de47.png
d83913288ebcfeccbbf524c0dd8c93b6b8c8ad87b55c1e30ca21cd3b85da54f7,0,data/exp2_images/benign_packed/d83913288ebcfeccbbf524c0dd8c93b6b8c8ad87b55c1e30ca21cd3b85da54f7.png
d8441cc60d797d988c1c5bb33a274fe30ece18b7481dbf41cff8372afc054f42,0,data/exp2_images/benign_packed/d8441cc60d797d988c1c5bb33a274fe30ece18b7481dbf41cff8372afc054f42.png
d8449378c539dcd3ee3abb5d2ae1220f84e324b0b3c37fd430b3d649e225c14f,0,data/exp2_images/benign_packed/d8449378c539dcd3ee3abb5d2ae1220f84e324b0b3c37fd430b3d649e225c14f.png
d85f1827ab417d728627a132a97322770d56b2ae856dad1fee526663559c54f9,0,data/exp2_images/benign_packed/d85f1827ab417d728627a132a97322770d56b2ae856dad1fee526663559c54f9.png
d863ebe6c951b25010518261e71deb7d18876dbb00634dd402416474f19b1c0a,0,data/exp2_images/benign_packed/d863ebe6c951b25010518261e71deb7d18876dbb00634dd402416474f19b1c0a.png
d86afeb17cbb2776a0a96398c1b546a9762f0cb3f9bb8adb49f1ce79e594c338,0,data/exp2_images/benign_packed/d86afeb17cbb2776a0a96398c1b546a9762f0cb3f9bb8adb49f1ce79e594c338.png
d86de53eed1cf005a11b41fe1b77935804aa10d93d03ba72fb971f54d1108d4e,0,data/exp2_images/benign_packed/d86de53eed1cf005a11b41fe1b77935804aa10d93d03ba72fb971f54d1108d4e.png
d87042311a540ae5a9f6a7d5f4c17906f2a50044cf669fc9e15a101e6cb9e7b3,0,data/exp2_images/benign_packed/d87042311a540ae5a9f6a7d5f4c17906f2a50044cf669fc9e15a101e6cb9e7b3.png
d8721399d4aecd67057526336a01c2f892a0d8d28af601c46fb8bd0f778eb182,0,data/exp2_images/benign_packed/d8721399d4aecd67057526336a01c2f892a0d8d28af601c46fb8bd0f778eb182.png
d878992fe48766c2d2e03fcd103b8805a702b07d20adfd94581523ff838e45b0,0,data/exp2_images/benign_packed/d878992fe48766c2d2e03fcd103b8805a702b07d20adfd94581523ff838e45b0.png
d87b0327ba2b98557d06df81cad2ef2f7b41dbc542d861ab82434f1ab2d81200,0,data/exp2_images/benign_packed/d87b0327ba2b98557d06df81cad2ef2f7b41dbc542d861ab82434f1ab2d81200.png
d883cda7d867643d3679dc201fa88f13a2935fb1bae6386693c313aa1bf50416,0,data/exp2_images/benign_packed/d883cda7d867643d3679dc201fa88f13a2935fb1bae6386693c313aa1bf50416.png
d897c55930a2186a6fdd55dd846d1004efcf4fcb175a640ed03ad93816e977d8,0,data/exp2_images/benign_packed/d897c55930a2186a6fdd55dd846d1004efcf4fcb175a640ed03ad93816e977d8.png
d899c2f061952b3b97ab9cdbca2450290b0f005909ddd243ed0f4c511d32c198,0,data/exp2_images/benign_packed/d899c2f061952b3b97ab9cdbca2450290b0f005909ddd243ed0f4c511d32c198.png
d89d5b6ee52ae16678f15bf522d286a704d69e3f8177ac7bcf572057ec5c7005,0,data/exp2_images/benign_packed/d89d5b6ee52ae16678f15bf522d286a704d69e3f8177ac7bcf572057ec5c7005.png
d8a45609e1da6fac2ac9faccc5ee27fbbf2883f396dab664b16060e7d1a2d67c,0,data/exp2_images/benign_packed/d8a45609e1da6fac2ac9faccc5ee27fbbf2883f396dab664b16060e7d1a2d67c.png
d8a6e3824ce9fddf0a9ef1deae7e3f1396a3fbc13adaadb11fcc0a86a4afddd7,0,data/exp2_images/benign_packed/d8a6e3824ce9fddf0a9ef1deae7e3f1396a3fbc13adaadb11fcc0a86a4afddd7.png
d8a8724ac84b2ee0e2e95aa99cf5244db03525d69925e26631f61ed24c6f84d9,0,data/exp2_images/benign_packed/d8a8724ac84b2ee0e2e95aa99cf5244db03525d69925e26631f61ed24c6f84d9.png
d8b8426655d22c1328e054a3f56342b44020778057b007872dd416387d2a1767,0,data/exp2_images/benign_packed/d8b8426655d22c1328e054a3f56342b44020778057b007872dd416387d2a1767.png
d8bdfee38646ab9ebb276e2cb267a9e3b1617222c45170a68236f23c4c745f3d,0,data/exp2_images/benign_packed/d8bdfee38646ab9ebb276e2cb267a9e3b1617222c45170a68236f23c4c745f3d.png
d8c4404dba5a4523b7f4d0bb809f715d1bcd171d2137df5c60affcd960d94216,0,data/exp2_images/benign_packed/d8c4404dba5a4523b7f4d0bb809f715d1bcd171d2137df5c60affcd960d94216.png
d8c52934a943e16308f61867785534a806e841930e2ad010ad5a3b7633183e0f,0,data/exp2_images/benign_packed/d8c52934a943e16308f61867785534a806e841930e2ad010ad5a3b7633183e0f.png
d8c80dea85efade9304a289464dbaade2d3a9998437fd24d517f4e1035395ee4,0,data/exp2_images/benign_packed/d8c80dea85efade9304a289464dbaade2d3a9998437fd24d517f4e1035395ee4.png
d8cdaba4939513f17757de7080109dd5b6f22776f0adbce4fd87648ce26d3e68,0,data/exp2_images/benign_packed/d8cdaba4939513f17757de7080109dd5b6f22776f0adbce4fd87648ce26d3e68.png
d8cff1c326755b4d958187e02dc71701814c9dc982aedbb85b6c5563e5747da6,0,data/exp2_images/benign_packed/d8cff1c326755b4d958187e02dc71701814c9dc982aedbb85b6c5563e5747da6.png
d8eacd7d8a253f437480f0396c5d08cb2e7c5e4847550bd4cc38d64a67bae9bd,0,data/exp2_images/benign_packed/d8eacd7d8a253f437480f0396c5d08cb2e7c5e4847550bd4cc38d64a67bae9bd.png
d9066eeb042293372001502958abe0ab382d4fc605b9a6ee61792eccff5c6c66,0,data/exp2_images/benign_packed/d9066eeb042293372001502958abe0ab382d4fc605b9a6ee61792eccff5c6c66.png
d910d1619c9aa5c966604f95bbd1b30d40f59eb25bc69444762c9c15f1a344e4,0,data/exp2_images/benign_packed/d910d1619c9aa5c966604f95bbd1b30d40f59eb25bc69444762c9c15f1a344e4.png
d9120afad6e81bc45d2d927b72c2c027f17b55f6da00a391b9f4ff9f39a57ef3,0,data/exp2_images/benign_packed/d9120afad6e81bc45d2d927b72c2c027f17b55f6da00a391b9f4ff9f39a57ef3.png
d916c378edeae771e1cddcea678927b8777245f2716c42fb89f80bafd143ca10,0,data/exp2_images/benign_packed/d916c378edeae771e1cddcea678927b8777245f2716c42fb89f80bafd143ca10.png
d929cb4aba6446c52dd3754287aa058743d219290fad93906756c550d55d5335,0,data/exp2_images/benign_packed/d929cb4aba6446c52dd3754287aa058743d219290fad93906756c550d55d5335.png
d94db82594538d6708c623b2e0d5a41f66b671f0e7eccd778769a2fad5630908,0,data/exp2_images/benign_packed/d94db82594538d6708c623b2e0d5a41f66b671f0e7eccd778769a2fad5630908.png
d9541d1d0607e597e5d00af495d39632703613cbcab5e34dce7c95fb399e9c36,0,data/exp2_images/benign_packed/d9541d1d0607e597e5d00af495d39632703613cbcab5e34dce7c95fb399e9c36.png
d958a4562bf2cab7ab46f9cd0a77455e23e3f4db1079b490c3717e3690786f54,0,data/exp2_images/benign_packed/d958a4562bf2cab7ab46f9cd0a77455e23e3f4db1079b490c3717e3690786f54.png
d95c34fa5d06c3127b2123f419b0f6467d8f007a47a106c81d38b62aa7c20142,0,data/exp2_images/benign_packed/d95c34fa5d06c3127b2123f419b0f6467d8f007a47a106c81d38b62aa7c20142.png
d95f7071dd1190d66844a778a2434b8f0bb453b975cc6a8620b448b66eb73261,0,data/exp2_images/benign_packed/d95f7071dd1190d66844a778a2434b8f0bb453b975cc6a8620b448b66eb73261.png
d9629da2be7f6f306cbcb2879262f05245869c3b41d652f274ce5430c71a0255,0,data/exp2_images/benign_packed/d9629da2be7f6f306cbcb2879262f05245869c3b41d652f274ce5430c71a0255.png
d963a0d4b381349928ae1910473367900520922015bb50856f4c61b0a9f597d9,0,data/exp2_images/benign_packed/d963a0d4b381349928ae1910473367900520922015bb50856f4c61b0a9f597d9.png
d96dc9893c00de97aa3317a9ac437b5a010ab5dd84489f8bc4b1be562c57384b,0,data/exp2_images/benign_packed/d96dc9893c00de97aa3317a9ac437b5a010ab5dd84489f8bc4b1be562c57384b.png
d96e384ae051da9bc0dd465a3ca42ef7283c875c59060530390da2a8e6e55e2d,0,data/exp2_images/benign_packed/d96e384ae051da9bc0dd465a3ca42ef7283c875c59060530390da2a8e6e55e2d.png
d970667ddea3d1d632dfab6d24c9e472b2a3a0f4644dd2a14083cf3483fb21fa,0,data/exp2_images/benign_packed/d970667ddea3d1d632dfab6d24c9e472b2a3a0f4644dd2a14083cf3483fb21fa.png
d984f346631aaaa3d8da254391b031def01f766a5ae34dfec7a6b361d131fdf1,0,data/exp2_images/benign_packed/d984f346631aaaa3d8da254391b031def01f766a5ae34dfec7a6b361d131fdf1.png
d991a56580dcdd16a0d9410f5a8f2723187b8a7e5c30af22abc50f1ead889b84,0,data/exp2_images/benign_packed/d991a56580dcdd16a0d9410f5a8f2723187b8a7e5c30af22abc50f1ead889b84.png
d9a2f8bf0afb427103fe0178b34ffc4729adfaccf3af152ccd2e909d42a86314,0,data/exp2_images/benign_packed/d9a2f8bf0afb427103fe0178b34ffc4729adfaccf3af152ccd2e909d42a86314.png
d9aa5e73cfb91878f60f16d8afe835b2c7ec8b3c71815dc81bba3447635f13ca,0,data/exp2_images/benign_packed/d9aa5e73cfb91878f60f16d8afe835b2c7ec8b3c71815dc81bba3447635f13ca.png
d9acda540d678213d5d1756a8717a78b2ac905f61127a815796f44dde0908f92,0,data/exp2_images/benign_packed/d9acda540d678213d5d1756a8717a78b2ac905f61127a815796f44dde0908f92.png
d9b579329e855a8543bbcacf556781c8405fbdd7153752315e1b87940a8b1ec6,0,data/exp2_images/benign_packed/d9b579329e855a8543bbcacf556781c8405fbdd7153752315e1b87940a8b1ec6.png
d9bd7d0d3df404f6743fa741fe163c1d708f6b2f74e584034e67caa649fa6f30,0,data/exp2_images/benign_packed/d9bd7d0d3df404f6743fa741fe163c1d708f6b2f74e584034e67caa649fa6f30.png
d9ed0891495c9113ca424645e3114c96803b2fe792b7948692c71f93bd839977,0,data/exp2_images/benign_packed/d9ed0891495c9113ca424645e3114c96803b2fe792b7948692c71f93bd839977.png
d9efcf07678ab33878d2e9f6111ff6a9516a030b34b022ab1d27f544856c6501,0,data/exp2_images/benign_packed/d9efcf07678ab33878d2e9f6111ff6a9516a030b34b022ab1d27f544856c6501.png
d9f1b6f7b2d4024a214c109e5337cb1809798fc50b993e9232bb2133f1fb9645,0,data/exp2_images/benign_packed/d9f1b6f7b2d4024a214c109e5337cb1809798fc50b993e9232bb2133f1fb9645.png
d9f2efc4864b6eb69c4509ed80744c29209c5730eb1aa833f5aa422b50af0587,0,data/exp2_images/benign_packed/d9f2efc4864b6eb69c4509ed80744c29209c5730eb1aa833f5aa422b50af0587.png
d9f86fc4a7292d8f206c4352fd6162f7db20274edcbd1b54433b1074852ae122,0,data/exp2_images/benign_packed/d9f86fc4a7292d8f206c4352fd6162f7db20274edcbd1b54433b1074852ae122.png
da0f271dc7269cc13838d7141eac5fec03093dc5f8033f3b55324809c22ab760,0,data/exp2_images/benign_packed/da0f271dc7269cc13838d7141eac5fec03093dc5f8033f3b55324809c22ab760.png
da11e51b6867e233c9dab60cf0edd93410ec6c382acf853d0b79005d3735b03a,0,data/exp2_images/benign_packed/da11e51b6867e233c9dab60cf0edd93410ec6c382acf853d0b79005d3735b03a.png
da1968f7ad7f4fdb1bc77713b54f87d3ede41ebbf19bf86f4898eb902bafc30f,0,data/exp2_images/benign_packed/da1968f7ad7f4fdb1bc77713b54f87d3ede41ebbf19bf86f4898eb902bafc30f.png
da261c5ace84b8fd9665e06d22ff1631c8c05cccd20859ebfcd85b0305523b76,0,data/exp2_images/benign_packed/da261c5ace84b8fd9665e06d22ff1631c8c05cccd20859ebfcd85b0305523b76.png
da409ee821726e2bea2e27c88f55f58d842a08b863f71b30d55464e6acf4c8ee,0,data/exp2_images/benign_packed/da409ee821726e2bea2e27c88f55f58d842a08b863f71b30d55464e6acf4c8ee.png
da4494aca54ddfab870cad9b9a24ee07e1cb3054461e35d0dfeaa5bbdeed1f30,0,data/exp2_images/benign_packed/da4494aca54ddfab870cad9b9a24ee07e1cb3054461e35d0dfeaa5bbdeed1f30.png
da458a831cb0a78bcabb0023fb0af5936652f238261995d4689a82a24bd332c4,0,data/exp2_images/benign_packed/da458a831cb0a78bcabb0023fb0af5936652f238261995d4689a82a24bd332c4.png
da475b74d15eddd457ee26155c59401e961ed498528a6339c75cc8904d0967b8,0,data/exp2_images/benign_packed/da475b74d15eddd457ee26155c59401e961ed498528a6339c75cc8904d0967b8.png
da4c65d411817dcc8f973501e96d667d4f86b95e530c45db14e24353a0ed7b04,0,data/exp2_images/benign_packed/da4c65d411817dcc8f973501e96d667d4f86b95e530c45db14e24353a0ed7b04.png
da5238def728413ecf85c27cc7f5d4a8b625dd527088e3378b0f4eca29f37b67,0,data/exp2_images/benign_packed/da5238def728413ecf85c27cc7f5d4a8b625dd527088e3378b0f4eca29f37b67.png
da6c9fa1d9f183bc0040f719e3814d8a918310e107efcfc2854ac873b7ae9d9a,0,data/exp2_images/benign_packed/da6c9fa1d9f183bc0040f719e3814d8a918310e107efcfc2854ac873b7ae9d9a.png
da7b4f82b9f7c41d30f4cbbab630ea5b5b007b1b0a6582cfc224af2fbb923597,0,data/exp2_images/benign_packed/da7b4f82b9f7c41d30f4cbbab630ea5b5b007b1b0a6582cfc224af2fbb923597.png
da7cb294fd0f748343eee1348b033702d601c400b0f156706bbd6da1571aea62,0,data/exp2_images/benign_packed/da7cb294fd0f748343eee1348b033702d601c400b0f156706bbd6da1571aea62.png
da9d68aaba023a0c81097b5030282bd482304e117fccf5b57ceaab15e06a7018,0,data/exp2_images/benign_packed/da9d68aaba023a0c81097b5030282bd482304e117fccf5b57ceaab15e06a7018.png
dab3fd85cb7664e90e3d8ad64ccb24a3b1888ee3aeef0fc9d3b03804077c80e1,0,data/exp2_images/benign_packed/dab3fd85cb7664e90e3d8ad64ccb24a3b1888ee3aeef0fc9d3b03804077c80e1.png
dac1c429b13c314f3a0734906ec76cfcfd0f057a636e118897ba2a7878f72fea,0,data/exp2_images/benign_packed/dac1c429b13c314f3a0734906ec76cfcfd0f057a636e118897ba2a7878f72fea.png
dac867476caa42ff8df8f5dfe869ffd56a18dadee17d47889afb69ed6519afbf,0,data/exp2_images/benign_packed/dac867476caa42ff8df8f5dfe869ffd56a18dadee17d47889afb69ed6519afbf.png
daca46e67407fdd45866f258cfac8cd9e7b687928b001fadefa97733625fc720,0,data/exp2_images/benign_packed/daca46e67407fdd45866f258cfac8cd9e7b687928b001fadefa97733625fc720.png
dacce8074b81d8dd1cd644f6627b1da6d79a8babfd6c8ec4456b2b409eb754c8,0,data/exp2_images/benign_packed/dacce8074b81d8dd1cd644f6627b1da6d79a8babfd6c8ec4456b2b409eb754c8.png
dae77fd05cebeedf11d2e97e3f8760da87a545d7322dc80c90ffd511630c4d2a,0,data/exp2_images/benign_packed/dae77fd05cebeedf11d2e97e3f8760da87a545d7322dc80c90ffd511630c4d2a.png
daf40d9a2ec0f85748aa446e41c11cf7188fdfa0f00d84652a38699c5e04863a,0,data/exp2_images/benign_packed/daf40d9a2ec0f85748aa446e41c11cf7188fdfa0f00d84652a38699c5e04863a.png
daff63c2c374463e0cf476b5cbadf2d58d0dade0bb0c29ddae543a69ba34fb93,0,data/exp2_images/benign_packed/daff63c2c374463e0cf476b5cbadf2d58d0dade0bb0c29ddae543a69ba34fb93.png
db0a2c6920f5403814e30c1a28229ccd12ffeffaa43dc8eb0a7a641ed6c800e4,0,data/exp2_images/benign_packed/db0a2c6920f5403814e30c1a28229ccd12ffeffaa43dc8eb0a7a641ed6c800e4.png
db192bce00f94c727a6d8c58563f3e1467a1badddd9814093333d355b1dae6b7,0,data/exp2_images/benign_packed/db192bce00f94c727a6d8c58563f3e1467a1badddd9814093333d355b1dae6b7.png
db2109e9a8f24fadd5a905c868f7eb64804237da1c23ed6597ab834cc11f63e7,0,data/exp2_images/benign_packed/db2109e9a8f24fadd5a905c868f7eb64804237da1c23ed6597ab834cc11f63e7.png
db238a1ede5b60865d78efa06dbf10cf0c9530a7d1e72b3b36969c0ca69328e2,0,data/exp2_images/benign_packed/db238a1ede5b60865d78efa06dbf10cf0c9530a7d1e72b3b36969c0ca69328e2.png
db43bcbe88f003977a952ff950a798703564f8fda59b1831ae7767742d68cb26,0,data/exp2_images/benign_packed/db43bcbe88f003977a952ff950a798703564f8fda59b1831ae7767742d68cb26.png
db473d55fc5eb39ce8d3d1451954273a8835ed6a06e2bc5a9834b263e5fb42a9,0,data/exp2_images/benign_packed/db473d55fc5eb39ce8d3d1451954273a8835ed6a06e2bc5a9834b263e5fb42a9.png
db49ae8db99868045edf1cb1e0a30fd03aa2d062b297e8bac019219365ed0e2c,0,data/exp2_images/benign_packed/db49ae8db99868045edf1cb1e0a30fd03aa2d062b297e8bac019219365ed0e2c.png
db52146d609f4045420e9d9f72f727bc654afb27c8ab5823c356c0cca9ed4b5d,0,data/exp2_images/benign_packed/db52146d609f4045420e9d9f72f727bc654afb27c8ab5823c356c0cca9ed4b5d.png
db6112e563b1e47b28cf16e666691617773b4ca4657571c6c479fe6831ddc2ff,0,data/exp2_images/benign_packed/db6112e563b1e47b28cf16e666691617773b4ca4657571c6c479fe6831ddc2ff.png
db64bb1a9c155409dd1e75be3fb3243c1b703a621e2b16327df69bfc3d342c0e,0,data/exp2_images/benign_packed/db64bb1a9c155409dd1e75be3fb3243c1b703a621e2b16327df69bfc3d342c0e.png
db6ae437c41a0269ec6333f6bdc3686d532ad7aadbde7cf9e481b4380211a410,0,data/exp2_images/benign_packed/db6ae437c41a0269ec6333f6bdc3686d532ad7aadbde7cf9e481b4380211a410.png
db7cc84cc7274a3735f96b14d50ad10d4ee38828ed828cad305c822a7fef0072,0,data/exp2_images/benign_packed/db7cc84cc7274a3735f96b14d50ad10d4ee38828ed828cad305c822a7fef0072.png
db97938928141c764433d5f068fd51e9a9fe50a77b654cdadb4888b3cfbb2a08,0,data/exp2_images/benign_packed/db97938928141c764433d5f068fd51e9a9fe50a77b654cdadb4888b3cfbb2a08.png
dbae1de725fa02b5a156fc8acc80f8778548acbcd0319a8b1d6dd1d40c089284,0,data/exp2_images/benign_packed/dbae1de725fa02b5a156fc8acc80f8778548acbcd0319a8b1d6dd1d40c089284.png
dbb58d4c6c435f88df000ea1c9ab3f42496c0aad6b7df66b5b46a84f58558ecd,0,data/exp2_images/benign_packed/dbb58d4c6c435f88df000ea1c9ab3f42496c0aad6b7df66b5b46a84f58558ecd.png
dbd4f5f4ad2a5cf05be06224a9e45dee79aae5c6c77b9ed9c7f9bcde6b9c2267,0,data/exp2_images/benign_packed/dbd4f5f4ad2a5cf05be06224a9e45dee79aae5c6c77b9ed9c7f9bcde6b9c2267.png
dbdaff5380d57abf6b7eac646ed404f5691c476c1f66317ce35df4aef59e64be,0,data/exp2_images/benign_packed/dbdaff5380d57abf6b7eac646ed404f5691c476c1f66317ce35df4aef59e64be.png
dbe32d04cbebda8e02202198f473fdac2530f8331c6051ee59c3570995c95f92,0,data/exp2_images/benign_packed/dbe32d04cbebda8e02202198f473fdac2530f8331c6051ee59c3570995c95f92.png
dbee63491f605076125b0ce79e3d450adaef64e816dadbed11246140a3ec5dac,0,data/exp2_images/benign_packed/dbee63491f605076125b0ce79e3d450adaef64e816dadbed11246140a3ec5dac.png
dbfd36247cb5ab59b187a0f53290c7cc2d6f9293f0e455df54f8bbd4a525c70b,0,data/exp2_images/benign_packed/dbfd36247cb5ab59b187a0f53290c7cc2d6f9293f0e455df54f8bbd4a525c70b.png
dc06b7bd26b10bd3fbb741024b90cd3dd80dc2d0ec8847fcb73b3d3e0ea3e06b,0,data/exp2_images/benign_packed/dc06b7bd26b10bd3fbb741024b90cd3dd80dc2d0ec8847fcb73b3d3e0ea3e06b.png
dc0bc2045a57fcfadac7b011ed955e4c3b049c049aed6edd7bcaef60686024a6,0,data/exp2_images/benign_packed/dc0bc2045a57fcfadac7b011ed955e4c3b049c049aed6edd7bcaef60686024a6.png
dc14743f0c58595e84d80cf3579f6d162d378312c6b017380a1e43c870f9f9fd,0,data/exp2_images/benign_packed/dc14743f0c58595e84d80cf3579f6d162d378312c6b017380a1e43c870f9f9fd.png
dc15e2f2c5a28ed75f9b181960c9161c30ef298a2a9e201ad68bfea78c56530e,0,data/exp2_images/benign_packed/dc15e2f2c5a28ed75f9b181960c9161c30ef298a2a9e201ad68bfea78c56530e.png
dc1738a96a34886a06b0015c5af2cf23c3589372a783b0b05d915bab009651df,0,data/exp2_images/benign_packed/dc1738a96a34886a06b0015c5af2cf23c3589372a783b0b05d915bab009651df.png
dc18cc80c68d13ef9030730688ae15fe7d9aa8d9273ae299ead5c49766e4fce1,0,data/exp2_images/benign_packed/dc18cc80c68d13ef9030730688ae15fe7d9aa8d9273ae299ead5c49766e4fce1.png
dc19f55c7cf7d867e448b69b8c770e62636b19cd62265b2ae9da7fe002d062d9,0,data/exp2_images/benign_packed/dc19f55c7cf7d867e448b69b8c770e62636b19cd62265b2ae9da7fe002d062d9.png
dc1c93a93bc83bea488e5c833d8404a75d1d84eb3733abc704d01679bd1e9ccc,0,data/exp2_images/benign_packed/dc1c93a93bc83bea488e5c833d8404a75d1d84eb3733abc704d01679bd1e9ccc.png
dc39733c603b0a7aa1f5eb46fef56301f7edca137681fdd41ad4df292f18d87c,0,data/exp2_images/benign_packed/dc39733c603b0a7aa1f5eb46fef56301f7edca137681fdd41ad4df292f18d87c.png
dc43ad125915c376c55ce954b85a778f5a45af448e0bcdb204a55dbcc4162873,0,data/exp2_images/benign_packed/dc43ad125915c376c55ce954b85a778f5a45af448e0bcdb204a55dbcc4162873.png
dc4700667c8e5f28209b5dde7b26136c25a136243583a7e71262273801a6550a,0,data/exp2_images/benign_packed/dc4700667c8e5f28209b5dde7b26136c25a136243583a7e71262273801a6550a.png
dc4c41c95ce9aea8c1ddf7c3727d0f3b14fcf868e3e80f58922d7403d687974a,0,data/exp2_images/benign_packed/dc4c41c95ce9aea8c1ddf7c3727d0f3b14fcf868e3e80f58922d7403d687974a.png
dc5465abe73543f4f8ad67985a9d73af630df1b95d0bd87123c334ad436c45e4,0,data/exp2_images/benign_packed/dc5465abe73543f4f8ad67985a9d73af630df1b95d0bd87123c334ad436c45e4.png
dc66843f5a304362179f9fe4ca1a1d0b1249934e545c303c3ee353d061dd0ffa,0,data/exp2_images/benign_packed/dc66843f5a304362179f9fe4ca1a1d0b1249934e545c303c3ee353d061dd0ffa.png
dc81ccbe500b5172e67f7e2e66ee4acb3fc99840c8e40962c9d36bb0cf32e3f2,0,data/exp2_images/benign_packed/dc81ccbe500b5172e67f7e2e66ee4acb3fc99840c8e40962c9d36bb0cf32e3f2.png
dc8237adefa2d8302508c247acfa59b4114f8e6b14106025e9c232c08f298c05,0,data/exp2_images/benign_packed/dc8237adefa2d8302508c247acfa59b4114f8e6b14106025e9c232c08f298c05.png
dca3a8f6bbe4e3be641adfd870352545e103298444f0cb68c932861327047b63,0,data/exp2_images/benign_packed/dca3a8f6bbe4e3be641adfd870352545e103298444f0cb68c932861327047b63.png
dcac5eab09d5d754d033f16bbf8354de4a4db3e2c59931efb0c3019b2b8c9228,0,data/exp2_images/benign_packed/dcac5eab09d5d754d033f16bbf8354de4a4db3e2c59931efb0c3019b2b8c9228.png
dcb8597465c6a14ab7f240c863ab1c3ea01a5f7963c8390f1511e28c9ef04d66,0,data/exp2_images/benign_packed/dcb8597465c6a14ab7f240c863ab1c3ea01a5f7963c8390f1511e28c9ef04d66.png
dcbf09e553d48f191cec47c2f92d7afd932518b577dcf6b914b5165622094013,0,data/exp2_images/benign_packed/dcbf09e553d48f191cec47c2f92d7afd932518b577dcf6b914b5165622094013.png
dccd9202b1bf28db9acd88ac5b88d28bf6a461e746a78d5c278cfac8ee542bc8,0,data/exp2_images/benign_packed/dccd9202b1bf28db9acd88ac5b88d28bf6a461e746a78d5c278cfac8ee542bc8.png
dcd8f4239f7121ab858af2c04d009c1222ac13a9d2ac92279b0c67117d724bd3,0,data/exp2_images/benign_packed/dcd8f4239f7121ab858af2c04d009c1222ac13a9d2ac92279b0c67117d724bd3.png
dce13b97ce3ceea40dabec86d53d3ee578382d3eaefc0e39093ae60c50954155,0,data/exp2_images/benign_packed/dce13b97ce3ceea40dabec86d53d3ee578382d3eaefc0e39093ae60c50954155.png
dcf3c4f6024313eeb6f775ed343265d73be1ce1d5dde2f92195dbc32310c7fc9,0,data/exp2_images/benign_packed/dcf3c4f6024313eeb6f775ed343265d73be1ce1d5dde2f92195dbc32310c7fc9.png
dcfb16db146c4d8e3ad5ac466c4245ab6252637f7806bb6a8b7c495d16f5abcb,0,data/exp2_images/benign_packed/dcfb16db146c4d8e3ad5ac466c4245ab6252637f7806bb6a8b7c495d16f5abcb.png
dd0f1e023373fcd022c22c419b893c91bacc90e3a5731c9dfedc95ebab942622,0,data/exp2_images/benign_packed/dd0f1e023373fcd022c22c419b893c91bacc90e3a5731c9dfedc95ebab942622.png
dd319dac57f8ce7a4ca31cfaf8324ad37020f7889ab6b7c1151b5566fe76aa99,0,data/exp2_images/benign_packed/dd319dac57f8ce7a4ca31cfaf8324ad37020f7889ab6b7c1151b5566fe76aa99.png
dd3ae6beda5923321ce93324f57f2f269d9e45d1689ba944a9f5d5bab44403b8,0,data/exp2_images/benign_packed/dd3ae6beda5923321ce93324f57f2f269d9e45d1689ba944a9f5d5bab44403b8.png
dd3dc55eb2d0667d600f00aee4493bd55cebdd878fc5f90aa37dc17753f910d9,0,data/exp2_images/benign_packed/dd3dc55eb2d0667d600f00aee4493bd55cebdd878fc5f90aa37dc17753f910d9.png
dd5a5090eddfa12b666eb30b19fa872d1fe41537fd451aed4dbfc7c4a93acf95,0,data/exp2_images/benign_packed/dd5a5090eddfa12b666eb30b19fa872d1fe41537fd451aed4dbfc7c4a93acf95.png
dd77bc91baf7db0287ffebdf456766273aa969b07c9294d5878cd8aee994355e,0,data/exp2_images/benign_packed/dd77bc91baf7db0287ffebdf456766273aa969b07c9294d5878cd8aee994355e.png
dd820a98337363e22b3d1aee781a2993025122b5ab8779dcba75ddaa1a8da7b8,0,data/exp2_images/benign_packed/dd820a98337363e22b3d1aee781a2993025122b5ab8779dcba75ddaa1a8da7b8.png
dd944b11bb9fc8d0a6960ad6c88e9ea36c9ef8b4401ba54cbacea00522b40f6a,0,data/exp2_images/benign_packed/dd944b11bb9fc8d0a6960ad6c88e9ea36c9ef8b4401ba54cbacea00522b40f6a.png
dda13bb3b7226d120b1cfe8b598e8749774031afb527ad7ef826a56a76391e70,0,data/exp2_images/benign_packed/dda13bb3b7226d120b1cfe8b598e8749774031afb527ad7ef826a56a76391e70.png
ddafe2b6ff85f116dabc073ad10808015134859eb1138424c18f7d47cd53d12c,0,data/exp2_images/benign_packed/ddafe2b6ff85f116dabc073ad10808015134859eb1138424c18f7d47cd53d12c.png
ddb348b0443d540a6e72477b111b50b094adcd490872c4786acbdcd093e07f8d,0,data/exp2_images/benign_packed/ddb348b0443d540a6e72477b111b50b094adcd490872c4786acbdcd093e07f8d.png
ddbafd1e20ef8effabb97d70651eb33456a4a39694a621172fdc09d140b1abfb,0,data/exp2_images/benign_packed/ddbafd1e20ef8effabb97d70651eb33456a4a39694a621172fdc09d140b1abfb.png
ddc24af2f48f072fc6a476d253b60a7619e7a8cb766e7a1c61637239381e085c,0,data/exp2_images/benign_packed/ddc24af2f48f072fc6a476d253b60a7619e7a8cb766e7a1c61637239381e085c.png
ddc55ee5bbdcf914436f861ae61e1c337a29b76fd251785a268f80edecf33398,0,data/exp2_images/benign_packed/ddc55ee5bbdcf914436f861ae61e1c337a29b76fd251785a268f80edecf33398.png
ddcaadbdd47bcba02c8d1880d456acc20732d21554977338ae507987ed04046e,0,data/exp2_images/benign_packed/ddcaadbdd47bcba02c8d1880d456acc20732d21554977338ae507987ed04046e.png
ddcb8939e81bc4fe8a453713460602b80e5ed1c72bdd7ef6689274adf30aacf9,0,data/exp2_images/benign_packed/ddcb8939e81bc4fe8a453713460602b80e5ed1c72bdd7ef6689274adf30aacf9.png
ddd82ce9d18112f53402fead757f13842cb574d61ea5a9159aede6f8e8adb67b,0,data/exp2_images/benign_packed/ddd82ce9d18112f53402fead757f13842cb574d61ea5a9159aede6f8e8adb67b.png
ddd974ef07e94e36566cbb5845d639073fb9d90ae75c72c32445193ea433929f,0,data/exp2_images/benign_packed/ddd974ef07e94e36566cbb5845d639073fb9d90ae75c72c32445193ea433929f.png
ddde64f0f55751763c1bcd53de9cdffc0d725d45a8476464a2a0422661813004,0,data/exp2_images/benign_packed/ddde64f0f55751763c1bcd53de9cdffc0d725d45a8476464a2a0422661813004.png
dde4dc698ca0a70911c4d57c749e0d00b24534da8650d87bdd2ab64c727c446e,0,data/exp2_images/benign_packed/dde4dc698ca0a70911c4d57c749e0d00b24534da8650d87bdd2ab64c727c446e.png
dde9695454f7591298a8bbb85e19a34acaeec06d8acc08f0063af8b0152171e4,0,data/exp2_images/benign_packed/dde9695454f7591298a8bbb85e19a34acaeec06d8acc08f0063af8b0152171e4.png
de18d08741d36679f6a4862aa1f6e7403cbb314b6770153585a019cd994dbc1e,0,data/exp2_images/benign_packed/de18d08741d36679f6a4862aa1f6e7403cbb314b6770153585a019cd994dbc1e.png
de23111fac0a7ff4382fdddd62e6de66099bb790b0b7e729d652c693caa597e9,0,data/exp2_images/benign_packed/de23111fac0a7ff4382fdddd62e6de66099bb790b0b7e729d652c693caa597e9.png
de2d114af3df793d3f2d107f3114b5451934768b206473b293b6b03a0c7fbec0,0,data/exp2_images/benign_packed/de2d114af3df793d3f2d107f3114b5451934768b206473b293b6b03a0c7fbec0.png
de35794da189fb4c00627c8713f075a479dcd5ad114c73cf4c55f722db03d838,0,data/exp2_images/benign_packed/de35794da189fb4c00627c8713f075a479dcd5ad114c73cf4c55f722db03d838.png
de5a477e621efa85e2dc8f722abf2ebf61c11dba9208c951ecf9d112be96f427,0,data/exp2_images/benign_packed/de5a477e621efa85e2dc8f722abf2ebf61c11dba9208c951ecf9d112be96f427.png
de781332405a6f25d3b45d442cadf6745c86060f32e16f85944b00cdae141f80,0,data/exp2_images/benign_packed/de781332405a6f25d3b45d442cadf6745c86060f32e16f85944b00cdae141f80.png
de81891d9f950638de932c24022cd03f1b783a80305be66b9d26a7802831cfc2,0,data/exp2_images/benign_packed/de81891d9f950638de932c24022cd03f1b783a80305be66b9d26a7802831cfc2.png
de85028eb2b50368a55d856d97e5400171b4575d86dd12c05f076196fe22c495,0,data/exp2_images/benign_packed/de85028eb2b50368a55d856d97e5400171b4575d86dd12c05f076196fe22c495.png
de8fec45a6b6522489a499979f56892c87c2dfe2cefa0cbd38323b5248a938cc,0,data/exp2_images/benign_packed/de8fec45a6b6522489a499979f56892c87c2dfe2cefa0cbd38323b5248a938cc.png
de9156444d23ec4a747762309cf9115f0b1179450c9bfc7290a4f80919670f24,0,data/exp2_images/benign_packed/de9156444d23ec4a747762309cf9115f0b1179450c9bfc7290a4f80919670f24.png
de9677f14f8fa5cb20cd8146d77d5dab0cd8c9b34d6e9ec6d218f844d6f95425,0,data/exp2_images/benign_packed/de9677f14f8fa5cb20cd8146d77d5dab0cd8c9b34d6e9ec6d218f844d6f95425.png
deb69c7d03ca72788466d6629a4a2bf2624a7d313e96708ac95bbcbda74f661a,0,data/exp2_images/benign_packed/deb69c7d03ca72788466d6629a4a2bf2624a7d313e96708ac95bbcbda74f661a.png
dec79b3440d741c7b8f93a4b8d5acc79dc3cdd437ecbb7bdcd9a10c970a5408b,0,data/exp2_images/benign_packed/dec79b3440d741c7b8f93a4b8d5acc79dc3cdd437ecbb7bdcd9a10c970a5408b.png
deea1fd4fbf0ebd7e4e049bd326b9445d3cd735647b52188d900795529d1f8e0,0,data/exp2_images/benign_packed/deea1fd4fbf0ebd7e4e049bd326b9445d3cd735647b52188d900795529d1f8e0.png
def0eda6871024efc76365117fa8203cc878d62112db61e53bda97023c961cbb,0,data/exp2_images/benign_packed/def0eda6871024efc76365117fa8203cc878d62112db61e53bda97023c961cbb.png
def46aa6a8f72f27bafac0c43334419486a4d1dcdb6c479a8ef7034b3e1fa4cb,0,data/exp2_images/benign_packed/def46aa6a8f72f27bafac0c43334419486a4d1dcdb6c479a8ef7034b3e1fa4cb.png
df0688a3b6c074f6df10526cd9a6a826f462d3580f44a1298954459a88c18c70,0,data/exp2_images/benign_packed/df0688a3b6c074f6df10526cd9a6a826f462d3580f44a1298954459a88c18c70.png
df351b5ae3e9cfb50d4251628c7c8131e75a8ba1ec585c5f2268b999ba608ba6,0,data/exp2_images/benign_packed/df351b5ae3e9cfb50d4251628c7c8131e75a8ba1ec585c5f2268b999ba608ba6.png
df3be72be588f2b532738f0e78ea853f79facfb8bb26d4e5882de3fe1481780a,0,data/exp2_images/benign_packed/df3be72be588f2b532738f0e78ea853f79facfb8bb26d4e5882de3fe1481780a.png
df5a53e8aacee97e6adad38d91554fd69066be86bc676ca8a57ca47a75a01fa6,0,data/exp2_images/benign_packed/df5a53e8aacee97e6adad38d91554fd69066be86bc676ca8a57ca47a75a01fa6.png
df7ddbea32acecc7fd6743002d211506ab75cb1685b4d2b708ea160c610a6f0d,0,data/exp2_images/benign_packed/df7ddbea32acecc7fd6743002d211506ab75cb1685b4d2b708ea160c610a6f0d.png
df9eb42421a85f84ff2fc98ea25c23fd7d8813df23f3afe28e96b83cc302c8a6,0,data/exp2_images/benign_packed/df9eb42421a85f84ff2fc98ea25c23fd7d8813df23f3afe28e96b83cc302c8a6.png
dfa0ca92d71cf0abbc46faa2f4759516f6c73e70d6e2761fed26d43d594d89b2,0,data/exp2_images/benign_packed/dfa0ca92d71cf0abbc46faa2f4759516f6c73e70d6e2761fed26d43d594d89b2.png
dfa26f7e8071ef91f7e2fc3e86aa57e9a38b0a99c48b8d4ab3e6a46955736efa,0,data/exp2_images/benign_packed/dfa26f7e8071ef91f7e2fc3e86aa57e9a38b0a99c48b8d4ab3e6a46955736efa.png
dfb14b44117f6da4432997a90a060e10adc1ce3e9a1618b4961a6e8eb719975b,0,data/exp2_images/benign_packed/dfb14b44117f6da4432997a90a060e10adc1ce3e9a1618b4961a6e8eb719975b.png
dfb6fa1f54bfa68dc2dfe93d7760ecf554df37fa2f809b7409eb59760ad66470,0,data/exp2_images/benign_packed/dfb6fa1f54bfa68dc2dfe93d7760ecf554df37fa2f809b7409eb59760ad66470.png
dfbb3611a285960b082e5404016f521c34bed75977d05e8e728fe84219a90679,0,data/exp2_images/benign_packed/dfbb3611a285960b082e5404016f521c34bed75977d05e8e728fe84219a90679.png
dfced46492c798edec55281c874b707af820b64e1f6d7e0e7a3ec1cae5158143,0,data/exp2_images/benign_packed/dfced46492c798edec55281c874b707af820b64e1f6d7e0e7a3ec1cae5158143.png
dfdcbc5a9cc9e9d6b0e4bc4def90758ffb9011b6c926f02b44d66d2b88dda8a1,0,data/exp2_images/benign_packed/dfdcbc5a9cc9e9d6b0e4bc4def90758ffb9011b6c926f02b44d66d2b88dda8a1.png
dff6b20ab486a312470859cbc6f97f735931fcd457a4cd474d3c1fd06f6be640,0,data/exp2_images/benign_packed/dff6b20ab486a312470859cbc6f97f735931fcd457a4cd474d3c1fd06f6be640.png
e000c6685719c2b07355c1eddbfdae7c6794aa6c0ac883d34af33dfc8bf40779,0,data/exp2_images/benign_packed/e000c6685719c2b07355c1eddbfdae7c6794aa6c0ac883d34af33dfc8bf40779.png
e003d6e7e00b59586ff2899f303a1a15db579a67c42a70761b94474af9c82024,0,data/exp2_images/benign_packed/e003d6e7e00b59586ff2899f303a1a15db579a67c42a70761b94474af9c82024.png
e00b1eb36b73203d48c5a5dfb5a451cf7804fce67ab94faf9878eb49b9497a53,0,data/exp2_images/benign_packed/e00b1eb36b73203d48c5a5dfb5a451cf7804fce67ab94faf9878eb49b9497a53.png
e02aefc7967e98c6372d68ad70405e9a78ebb899f385985ae9e263e10745f9fe,0,data/exp2_images/benign_packed/e02aefc7967e98c6372d68ad70405e9a78ebb899f385985ae9e263e10745f9fe.png
e03a0a40a7a7404df0aac54460c3b8409d149a4f4ce930de81e74b2c3d4f32c4,0,data/exp2_images/benign_packed/e03a0a40a7a7404df0aac54460c3b8409d149a4f4ce930de81e74b2c3d4f32c4.png
e049faa6233096de5bebec0065eecc515fdb1765742cb7d73cd15061a7354de4,0,data/exp2_images/benign_packed/e049faa6233096de5bebec0065eecc515fdb1765742cb7d73cd15061a7354de4.png
e04ffb426d1f0531bc0b0bc348cbc46d98a06e4edb161a65007cb6c497a34635,0,data/exp2_images/benign_packed/e04ffb426d1f0531bc0b0bc348cbc46d98a06e4edb161a65007cb6c497a34635.png
e05bf9d3c5fb71cd64e5d543f30f63e6f5474542ba6f657a8333b600affd920a,0,data/exp2_images/benign_packed/e05bf9d3c5fb71cd64e5d543f30f63e6f5474542ba6f657a8333b600affd920a.png
e05ec70635c49125192930206a04d4cc2e2d5f371a09debdbf7193437eb49338,0,data/exp2_images/benign_packed/e05ec70635c49125192930206a04d4cc2e2d5f371a09debdbf7193437eb49338.png
e06fda841b95f1f05adc7966607ef8338e0f78d186d222d860c05134c8efffd1,0,data/exp2_images/benign_packed/e06fda841b95f1f05adc7966607ef8338e0f78d186d222d860c05134c8efffd1.png
e0803d0ed79ad71585ad1c873a1818f02859f06d7881f3db507c199e000675e9,0,data/exp2_images/benign_packed/e0803d0ed79ad71585ad1c873a1818f02859f06d7881f3db507c199e000675e9.png
e089676c1e36b12d3b85a5d3ea928097726c63724bb3eb8edc18354435c68490,0,data/exp2_images/benign_packed/e089676c1e36b12d3b85a5d3ea928097726c63724bb3eb8edc18354435c68490.png
e097793285f0d46c9b77756e3a926886a446151b076705a9f96447259d964659,0,data/exp2_images/benign_packed/e097793285f0d46c9b77756e3a926886a446151b076705a9f96447259d964659.png
e09d60967b1158c9c7d7bce52110e66e203369e9b48ed7b4e45edeaab1d5f34c,0,data/exp2_images/benign_packed/e09d60967b1158c9c7d7bce52110e66e203369e9b48ed7b4e45edeaab1d5f34c.png
e09ddd12a0eadec9b0cbbb16186fbe623a17798c184c6f8da00c5b4c434c4701,0,data/exp2_images/benign_packed/e09ddd12a0eadec9b0cbbb16186fbe623a17798c184c6f8da00c5b4c434c4701.png
e0b66601cc28ecb171c3d4b7ac690c667f47da6b6183bff80604c84c00d265ab,0,data/exp2_images/benign_packed/e0b66601cc28ecb171c3d4b7ac690c667f47da6b6183bff80604c84c00d265ab.png
e0c7b22dec89bf3759a8cbb2072490b830836c6ba5961f5b19dd967769ce3b61,0,data/exp2_images/benign_packed/e0c7b22dec89bf3759a8cbb2072490b830836c6ba5961f5b19dd967769ce3b61.png
e0cb7b0b87d04c95145176c5ef5d07f98bbed29abf3b217e386b634b65e8d434,0,data/exp2_images/benign_packed/e0cb7b0b87d04c95145176c5ef5d07f98bbed29abf3b217e386b634b65e8d434.png
e0cc7542d20fd6f20513f9560c563427a4c3a10cf82b06ec959cae92d72a8375,0,data/exp2_images/benign_packed/e0cc7542d20fd6f20513f9560c563427a4c3a10cf82b06ec959cae92d72a8375.png
e0d3ba153eaa3cda7ea75f809791da08036ab67d3e0abcc9ab5bc649b39a0cff,0,data/exp2_images/benign_packed/e0d3ba153eaa3cda7ea75f809791da08036ab67d3e0abcc9ab5bc649b39a0cff.png
e0dc050159ebc3317df0bd772b8b7db08550cfa9dc57133d6dfb8299dc629f74,0,data/exp2_images/benign_packed/e0dc050159ebc3317df0bd772b8b7db08550cfa9dc57133d6dfb8299dc629f74.png
e0e94961fc4187c3c9ffb0909e06203f31682cd3c3fb2dd0855013d601279192,0,data/exp2_images/benign_packed/e0e94961fc4187c3c9ffb0909e06203f31682cd3c3fb2dd0855013d601279192.png
e10133f49597aa77d7a41265fbd6955cdf1337897af2cbed6e71d9667918a936,0,data/exp2_images/benign_packed/e10133f49597aa77d7a41265fbd6955cdf1337897af2cbed6e71d9667918a936.png
e1074998561e99b97a07690c81cd7ac1acc36b89941d71fdc44f5a569dc61704,0,data/exp2_images/benign_packed/e1074998561e99b97a07690c81cd7ac1acc36b89941d71fdc44f5a569dc61704.png
e118a394bf4b43c72b4503259d4324a22599b3cc4284f66cdee6b11e87311655,0,data/exp2_images/benign_packed/e118a394bf4b43c72b4503259d4324a22599b3cc4284f66cdee6b11e87311655.png
e125e29617db5f1528a3e355b6f17b7fe7aba93e7a9b94de13edfe4dc32e6bdf,0,data/exp2_images/benign_packed/e125e29617db5f1528a3e355b6f17b7fe7aba93e7a9b94de13edfe4dc32e6bdf.png
e135fb2c56dbcd50a0a17e5fdd698a17e8d9fdf43c54c089a9bcb67b4e69cb80,0,data/exp2_images/benign_packed/e135fb2c56dbcd50a0a17e5fdd698a17e8d9fdf43c54c089a9bcb67b4e69cb80.png
e13b6309e3d6fce175f8d0c6414fe424fa4058000c280dc08246948b81fab048,0,data/exp2_images/benign_packed/e13b6309e3d6fce175f8d0c6414fe424fa4058000c280dc08246948b81fab048.png
e142dbd7bad4ee6aba8c3cf4975a17c2c5710990a4c97746a11e3f964d13df53,0,data/exp2_images/benign_packed/e142dbd7bad4ee6aba8c3cf4975a17c2c5710990a4c97746a11e3f964d13df53.png
e15665bd4407e2fb5276c9a7396ea3732a5047de6c67c25f31cfbf9e8057770c,0,data/exp2_images/benign_packed/e15665bd4407e2fb5276c9a7396ea3732a5047de6c67c25f31cfbf9e8057770c.png
e187c7db3b7bd525bd8decb0fa7cffad1bad45146565528c1b7e6ec4982cece5,0,data/exp2_images/benign_packed/e187c7db3b7bd525bd8decb0fa7cffad1bad45146565528c1b7e6ec4982cece5.png
e18c02ba480e83489976314a0a79441108faf4d246292eba1eadd36ce4fc6acd,0,data/exp2_images/benign_packed/e18c02ba480e83489976314a0a79441108faf4d246292eba1eadd36ce4fc6acd.png
e1ca92f167958bdb38c70cd2dbc53303873db01cb6220eb7d4eda5ec46e7e831,0,data/exp2_images/benign_packed/e1ca92f167958bdb38c70cd2dbc53303873db01cb6220eb7d4eda5ec46e7e831.png
e1e27af7b07eeedf5ce71a9255f0422816a6fc5849a483c6714e1b472044fa9d,0,data/exp2_images/benign_packed/e1e27af7b07eeedf5ce71a9255f0422816a6fc5849a483c6714e1b472044fa9d.png
e1e3ee8ca7f613428207654809120332bb6df2d6114ec2a1da2f7c9e98293dce,0,data/exp2_images/benign_packed/e1e3ee8ca7f613428207654809120332bb6df2d6114ec2a1da2f7c9e98293dce.png
e1e68a416d404c0f940e6f141bc5b13eb6f0a1f9c0689c25af26f8059f341c47,0,data/exp2_images/benign_packed/e1e68a416d404c0f940e6f141bc5b13eb6f0a1f9c0689c25af26f8059f341c47.png
e206f38644d023162296dfe0dd29e87bb4d5599d52954d5f7c75387989c94757,0,data/exp2_images/benign_packed/e206f38644d023162296dfe0dd29e87bb4d5599d52954d5f7c75387989c94757.png
e20e127ac88636393396e04c2de2cb76c686efd1654b660ad080a3b443c42eb8,0,data/exp2_images/benign_packed/e20e127ac88636393396e04c2de2cb76c686efd1654b660ad080a3b443c42eb8.png
e2276d96174f1ae47432b8bafe34b3f1d45a817c40ddb0956ec8552df0d0ae55,0,data/exp2_images/benign_packed/e2276d96174f1ae47432b8bafe34b3f1d45a817c40ddb0956ec8552df0d0ae55.png
e22e70a8a6fa3587195b05931cb1b27d9b7d24cd41f72952690b5eb4e7b46f8e,0,data/exp2_images/benign_packed/e22e70a8a6fa3587195b05931cb1b27d9b7d24cd41f72952690b5eb4e7b46f8e.png
e23e77b8201f234540e6be172851328e48d0aa76e3b149449b090d5f6824a649,0,data/exp2_images/benign_packed/e23e77b8201f234540e6be172851328e48d0aa76e3b149449b090d5f6824a649.png
e24ced5b4516567856104b0053f0bf0b4de9eb82a516f44355361310441a8a51,0,data/exp2_images/benign_packed/e24ced5b4516567856104b0053f0bf0b4de9eb82a516f44355361310441a8a51.png
e26573bf8a8b859d65d3b5e258764384e269ea08fd25a5d68d6a25708798c42f,0,data/exp2_images/benign_packed/e26573bf8a8b859d65d3b5e258764384e269ea08fd25a5d68d6a25708798c42f.png
e27d3fe39da1d019c3b419229c70798cab2ef739c2ff57d0f0197e203b7dd0c1,0,data/exp2_images/benign_packed/e27d3fe39da1d019c3b419229c70798cab2ef739c2ff57d0f0197e203b7dd0c1.png
e2802a4a7220255b319aeb7ddf7f5f6856c782748ed7412623a962dd91ac3917,0,data/exp2_images/benign_packed/e2802a4a7220255b319aeb7ddf7f5f6856c782748ed7412623a962dd91ac3917.png
e2866fd0a6918aead30053c830ccfa2001e57cbc4491bbb353119b013c14eaaf,0,data/exp2_images/benign_packed/e2866fd0a6918aead30053c830ccfa2001e57cbc4491bbb353119b013c14eaaf.png
e29835e30a82311d856dc8ac8ba70b5f10f9cd6465a76a0f6423ed1b36dad744,0,data/exp2_images/benign_packed/e29835e30a82311d856dc8ac8ba70b5f10f9cd6465a76a0f6423ed1b36dad744.png
e2a5396965c7e15604888b20ac2222ef29ddbd610ce6519b4f08f4c6b915d330,0,data/exp2_images/benign_packed/e2a5396965c7e15604888b20ac2222ef29ddbd610ce6519b4f08f4c6b915d330.png
e2a70edfce66bca4214f720981784f60b243fb3e7fdcf7ef10f9ed5eca8cd506,0,data/exp2_images/benign_packed/e2a70edfce66bca4214f720981784f60b243fb3e7fdcf7ef10f9ed5eca8cd506.png
e2bb3956023da3ca0c6364e8e981aaec7474296faad9d518b6b8d94372052bdb,0,data/exp2_images/benign_packed/e2bb3956023da3ca0c6364e8e981aaec7474296faad9d518b6b8d94372052bdb.png
e2f6a65635ad33be1b212655186b32cad2c14924c8e493f26ecc07925ab263ab,0,data/exp2_images/benign_packed/e2f6a65635ad33be1b212655186b32cad2c14924c8e493f26ecc07925ab263ab.png
e2fba34c896cac6038e718d7d89723bfc6e938fd62bdd834b95855704fe92015,0,data/exp2_images/benign_packed/e2fba34c896cac6038e718d7d89723bfc6e938fd62bdd834b95855704fe92015.png
e30dea1734622f40e82e8bfc7f496414d7da410484561efb72caa6bb6d2d5fcb,0,data/exp2_images/benign_packed/e30dea1734622f40e82e8bfc7f496414d7da410484561efb72caa6bb6d2d5fcb.png
e318936f317cc62404b2837f5c90c14e9b61000c40673129d329f11093a2f5df,0,data/exp2_images/benign_packed/e318936f317cc62404b2837f5c90c14e9b61000c40673129d329f11093a2f5df.png
e31c1284a4c579cc6a5197e523cdcb9313bbe8bac7748e7e29e99e4bc693c4ce,0,data/exp2_images/benign_packed/e31c1284a4c579cc6a5197e523cdcb9313bbe8bac7748e7e29e99e4bc693c4ce.png
e33c80f6f69a29df16b4b159a2d2bc8c6c945678177ee1e19a02316989674e7a,0,data/exp2_images/benign_packed/e33c80f6f69a29df16b4b159a2d2bc8c6c945678177ee1e19a02316989674e7a.png
e33f6abb0b9bcc0ee4da757172f0197c2065d76056d4c7bedc5e63eeeff4d94c,0,data/exp2_images/benign_packed/e33f6abb0b9bcc0ee4da757172f0197c2065d76056d4c7bedc5e63eeeff4d94c.png
e342267ef70f1692ea25abb3bf64c56201b022132a7c7767fb2e386fe441d34f,0,data/exp2_images/benign_packed/e342267ef70f1692ea25abb3bf64c56201b022132a7c7767fb2e386fe441d34f.png
e34ef07be1e6de192e007fa59413c9f07657d9d24ebb59b2049d3447ccc73110,0,data/exp2_images/benign_packed/e34ef07be1e6de192e007fa59413c9f07657d9d24ebb59b2049d3447ccc73110.png
e3827378118993c34eced29d9de0ad006f356667d4e37be9776dfe59a7c3a24b,0,data/exp2_images/benign_packed/e3827378118993c34eced29d9de0ad006f356667d4e37be9776dfe59a7c3a24b.png
e38358e23a2536be5e13b2c58825e46496254a65e1d34254bc3accbd7c3c4db7,0,data/exp2_images/benign_packed/e38358e23a2536be5e13b2c58825e46496254a65e1d34254bc3accbd7c3c4db7.png
e392467d9e043f6eadc2aa92e4a9def06e4c924964bc80dd9ed784962cd0b8b7,0,data/exp2_images/benign_packed/e392467d9e043f6eadc2aa92e4a9def06e4c924964bc80dd9ed784962cd0b8b7.png
e396a1f603ab42df7c526a9f3293f4a1a3ed312489d297f474faa49b086d025a,0,data/exp2_images/benign_packed/e396a1f603ab42df7c526a9f3293f4a1a3ed312489d297f474faa49b086d025a.png
e39c540cf83923085bdc0db6269ce9b330cca25d4b1e335582df86fa73240b00,0,data/exp2_images/benign_packed/e39c540cf83923085bdc0db6269ce9b330cca25d4b1e335582df86fa73240b00.png
e3a640e2faf64df563f3f67db46f576a14ea7bba999ed592ce9faf8d09c8d715,0,data/exp2_images/benign_packed/e3a640e2faf64df563f3f67db46f576a14ea7bba999ed592ce9faf8d09c8d715.png
e3b132f786f43df0d0f9c61bbb13d939c47bc1a85a3aaa8b3f36cfad378eb7c2,0,data/exp2_images/benign_packed/e3b132f786f43df0d0f9c61bbb13d939c47bc1a85a3aaa8b3f36cfad378eb7c2.png
e3b3ca53a8cc0bf1275d0a9336f02668ee75c6e6be52927c626d65bd0392b227,0,data/exp2_images/benign_packed/e3b3ca53a8cc0bf1275d0a9336f02668ee75c6e6be52927c626d65bd0392b227.png
e3d34c7cf4f7bfd854bc14e3f0043fb58ad7196760bacd9efedf6631c88b2267,0,data/exp2_images/benign_packed/e3d34c7cf4f7bfd854bc14e3f0043fb58ad7196760bacd9efedf6631c88b2267.png
e3de1b2d81488c0a4b696a8434969a832181edd80b066f78ac4c9a81b5d86051,0,data/exp2_images/benign_packed/e3de1b2d81488c0a4b696a8434969a832181edd80b066f78ac4c9a81b5d86051.png
e3e9550f665c86af4aa2390909818a4b8f7c227ef6a47cecdae424a6ce9abed6,0,data/exp2_images/benign_packed/e3e9550f665c86af4aa2390909818a4b8f7c227ef6a47cecdae424a6ce9abed6.png
e4117525e4ae4d5a7a8ae82c2913726723b042c83eef96aa71c10a648002565a,0,data/exp2_images/benign_packed/e4117525e4ae4d5a7a8ae82c2913726723b042c83eef96aa71c10a648002565a.png
e4124996ad6b332ee5b98d3a791a9fff492c494ac0aa5cd035036ccac0a7dba5,0,data/exp2_images/benign_packed/e4124996ad6b332ee5b98d3a791a9fff492c494ac0aa5cd035036ccac0a7dba5.png
e417a2a7e4a77e96f819ef1fca0156ae01807825c0ee0817e649fe6c0d41a4be,0,data/exp2_images/benign_packed/e417a2a7e4a77e96f819ef1fca0156ae01807825c0ee0817e649fe6c0d41a4be.png
e419885306c56a106745fd5fe34b85df9db0f1322fb8df5acba47ff861941781,0,data/exp2_images/benign_packed/e419885306c56a106745fd5fe34b85df9db0f1322fb8df5acba47ff861941781.png
e42417a5b36266f96233a7220df4aa6ff0a2546987ca71ad2de12995c5fee76f,0,data/exp2_images/benign_packed/e42417a5b36266f96233a7220df4aa6ff0a2546987ca71ad2de12995c5fee76f.png
e4242043bc4b31a0779d42f5c731be64e24aee6b0f5c13113cc022c828c7d836,0,data/exp2_images/benign_packed/e4242043bc4b31a0779d42f5c731be64e24aee6b0f5c13113cc022c828c7d836.png
e42647afd2747ba0c5a5c2440b5a68a9f0139850782690e1f7f2abd01ff573f3,0,data/exp2_images/benign_packed/e42647afd2747ba0c5a5c2440b5a68a9f0139850782690e1f7f2abd01ff573f3.png
e444b4b930491a19fc838895c9a764d6a2f5d27a7347d880c075ff0480187ee2,0,data/exp2_images/benign_packed/e444b4b930491a19fc838895c9a764d6a2f5d27a7347d880c075ff0480187ee2.png
e44f84507036e41d2808a3fb82ebd0288e9a75f441549f6701db772fc179487e,0,data/exp2_images/benign_packed/e44f84507036e41d2808a3fb82ebd0288e9a75f441549f6701db772fc179487e.png
e4536ed8c35fa71c055a03c7bbc23e601c03cf62202a3d9288caabad92c77d46,0,data/exp2_images/benign_packed/e4536ed8c35fa71c055a03c7bbc23e601c03cf62202a3d9288caabad92c77d46.png
e45776071430a7a9688eb89611246b305251d4036e7a8ba9f781e2ad83707615,0,data/exp2_images/benign_packed/e45776071430a7a9688eb89611246b305251d4036e7a8ba9f781e2ad83707615.png
e47a15466c6dbfcd85fda96e6b93b0321ec0497e24c09fff897cd93fedc60489,0,data/exp2_images/benign_packed/e47a15466c6dbfcd85fda96e6b93b0321ec0497e24c09fff897cd93fedc60489.png
e47adb18253dbdf07276faef715d56fc3840b20ea2c2e6ec5690811afb7daed1,0,data/exp2_images/benign_packed/e47adb18253dbdf07276faef715d56fc3840b20ea2c2e6ec5690811afb7daed1.png
e47dcf74d50403b376c562e4121e359e5886e42fcc60b3fa8ba53e6826854c49,0,data/exp2_images/benign_packed/e47dcf74d50403b376c562e4121e359e5886e42fcc60b3fa8ba53e6826854c49.png
e4a6ae021076460bf6286c053a97d0c352216ec3018f22550abf7197cc19da19,0,data/exp2_images/benign_packed/e4a6ae021076460bf6286c053a97d0c352216ec3018f22550abf7197cc19da19.png
e4ab4da365b32bae055291ea8f70d4b044d6a0cf9c6a71f48ee17e989a670a98,0,data/exp2_images/benign_packed/e4ab4da365b32bae055291ea8f70d4b044d6a0cf9c6a71f48ee17e989a670a98.png
e4b34013521e8c90af64866e9c447365ce20f6fe7cced258df0d0a3075d5759f,0,data/exp2_images/benign_packed/e4b34013521e8c90af64866e9c447365ce20f6fe7cced258df0d0a3075d5759f.png
e4b533a94e02c574780e4b333fcf0889f65ed00d39e32c0fbbda2116f185873f,0,data/exp2_images/benign_packed/e4b533a94e02c574780e4b333fcf0889f65ed00d39e32c0fbbda2116f185873f.png
e4bfbe4817905dbf9ee384a86d3f01b1ccf4269e8ea819e6c98d6ee7d1372896,0,data/exp2_images/benign_packed/e4bfbe4817905dbf9ee384a86d3f01b1ccf4269e8ea819e6c98d6ee7d1372896.png
e4cbcac3e88ab6162350628c7d047e51b8131a79538b1228a28ff787ac0868a4,0,data/exp2_images/benign_packed/e4cbcac3e88ab6162350628c7d047e51b8131a79538b1228a28ff787ac0868a4.png
e4e3066b36827dff4999f860d451325a9b945a78ce83aab45403b4bcc10e6f34,0,data/exp2_images/benign_packed/e4e3066b36827dff4999f860d451325a9b945a78ce83aab45403b4bcc10e6f34.png
e4ebf55791f69eabe2112483ca1227806f3603408af860e7eeea22a3cf810252,0,data/exp2_images/benign_packed/e4ebf55791f69eabe2112483ca1227806f3603408af860e7eeea22a3cf810252.png
e4f1280a5a21e8365fda67f10867df642dd410c95f634158227bcc2f392aee24,0,data/exp2_images/benign_packed/e4f1280a5a21e8365fda67f10867df642dd410c95f634158227bcc2f392aee24.png
e4fede9a4f0b2db4cf39ac4d87645949a00db902f6f4512675e8aee575a4aca2,0,data/exp2_images/benign_packed/e4fede9a4f0b2db4cf39ac4d87645949a00db902f6f4512675e8aee575a4aca2.png
e500914e16a9d1c27cc78ed3ffe18d026040fde8d6dbc355f4c50ea890fcc114,0,data/exp2_images/benign_packed/e500914e16a9d1c27cc78ed3ffe18d026040fde8d6dbc355f4c50ea890fcc114.png
e5015af6432f4a98286d20a54987124f5be7aada0bf60baa727f186b12bfe013,0,data/exp2_images/benign_packed/e5015af6432f4a98286d20a54987124f5be7aada0bf60baa727f186b12bfe013.png
e5046136486bb33b183b0f45023f9645cb6cdfd58604e6ef8a1f1563585a194d,0,data/exp2_images/benign_packed/e5046136486bb33b183b0f45023f9645cb6cdfd58604e6ef8a1f1563585a194d.png
e506c184b3ffd2eced0869dd2512d3ba8639c3593436c7d66a293aa72ad454f4,0,data/exp2_images/benign_packed/e506c184b3ffd2eced0869dd2512d3ba8639c3593436c7d66a293aa72ad454f4.png
e50f2c903d6526eca2be70268972c3f24338eb091bfab0611f3bf8c763499389,0,data/exp2_images/benign_packed/e50f2c903d6526eca2be70268972c3f24338eb091bfab0611f3bf8c763499389.png
e51454931ec510214a8be81dc40f581f58ed854be88e02b48efe8550bc13cbe1,0,data/exp2_images/benign_packed/e51454931ec510214a8be81dc40f581f58ed854be88e02b48efe8550bc13cbe1.png
e516e59f7502ec90a2ec3978a5d448411b791f453a29b60edce62b71d8e9b87e,0,data/exp2_images/benign_packed/e516e59f7502ec90a2ec3978a5d448411b791f453a29b60edce62b71d8e9b87e.png
e51c8678fd602a21c249b369e833966019935132476f9434da896bef808ba3b1,0,data/exp2_images/benign_packed/e51c8678fd602a21c249b369e833966019935132476f9434da896bef808ba3b1.png
e5268417da656d440edeaf1a140e5c1b45073d3e716467765f36a6e2a1a32659,0,data/exp2_images/benign_packed/e5268417da656d440edeaf1a140e5c1b45073d3e716467765f36a6e2a1a32659.png
e528cece2f9a562af7b5b274545ae1977f924331564bd0a2649f5a06f7843994,0,data/exp2_images/benign_packed/e528cece2f9a562af7b5b274545ae1977f924331564bd0a2649f5a06f7843994.png
e52a3d0c73ef08a11c55185b1c3872162fe7427534df0e1f7ac23739696ee789,0,data/exp2_images/benign_packed/e52a3d0c73ef08a11c55185b1c3872162fe7427534df0e1f7ac23739696ee789.png
e53dc2de933a72fb55d865fb7c1c84c4fa837b55237516c05a5187874bdbf0f1,0,data/exp2_images/benign_packed/e53dc2de933a72fb55d865fb7c1c84c4fa837b55237516c05a5187874bdbf0f1.png
e543a58426dd5e787b620ce4c2ac0505a8964f2f62ea29ec8259d76ac0e0a144,0,data/exp2_images/benign_packed/e543a58426dd5e787b620ce4c2ac0505a8964f2f62ea29ec8259d76ac0e0a144.png
e54d56f3c7e14c41594e039873b26a79be6472982dac2f848ab316ba6cf0f311,0,data/exp2_images/benign_packed/e54d56f3c7e14c41594e039873b26a79be6472982dac2f848ab316ba6cf0f311.png
e58126d696b0d8209920bfa394d804ad131878a589b0ef4cf768e077e9c7d86d,0,data/exp2_images/benign_packed/e58126d696b0d8209920bfa394d804ad131878a589b0ef4cf768e077e9c7d86d.png
e586f38cb2817ea190264e0bcee65909e76207cb025a9cc9843f57a2cb221135,0,data/exp2_images/benign_packed/e586f38cb2817ea190264e0bcee65909e76207cb025a9cc9843f57a2cb221135.png
e58771a5a611292297cbb7e69be2fbdce01f5d96b02ac0e33ee9bcb1abfc3b6d,0,data/exp2_images/benign_packed/e58771a5a611292297cbb7e69be2fbdce01f5d96b02ac0e33ee9bcb1abfc3b6d.png
e59613cdd1dd879dff7e0a86ea285d013b98c12e0f22aff79713b41a8b45c0a5,0,data/exp2_images/benign_packed/e59613cdd1dd879dff7e0a86ea285d013b98c12e0f22aff79713b41a8b45c0a5.png
e5b21741f461044b756e1317f1651b9e5c1917af8ae7d664f6acf48284a34b56,0,data/exp2_images/benign_packed/e5b21741f461044b756e1317f1651b9e5c1917af8ae7d664f6acf48284a34b56.png
e5b6086d48f13a63dbca742abef243e00b6bfa359c03581f5daeea9d3a691ae7,0,data/exp2_images/benign_packed/e5b6086d48f13a63dbca742abef243e00b6bfa359c03581f5daeea9d3a691ae7.png
e5d2d1c1b78f0d99f125c1c48919114bd7b9c3c7ed7b7a1fb6e5f7f36fbcd701,0,data/exp2_images/benign_packed/e5d2d1c1b78f0d99f125c1c48919114bd7b9c3c7ed7b7a1fb6e5f7f36fbcd701.png
e5d6b96f985cb6cb4c12e91d89503027e09f7482e413ad6bcfc824e9165a4ef8,0,data/exp2_images/benign_packed/e5d6b96f985cb6cb4c12e91d89503027e09f7482e413ad6bcfc824e9165a4ef8.png
e5dfe859d950ab9e797f9d740e1b050a372535d0a4b1d407b1409dfe6f84f28b,0,data/exp2_images/benign_packed/e5dfe859d950ab9e797f9d740e1b050a372535d0a4b1d407b1409dfe6f84f28b.png
e5e89ef3a4baaf96967a03034f591952f5597881fffdb8703c71bb1d5264b789,0,data/exp2_images/benign_packed/e5e89ef3a4baaf96967a03034f591952f5597881fffdb8703c71bb1d5264b789.png
e5edbcbe152b74d29becac05065bcf3c74215384c0d8464a44b67a32a13e8ea3,0,data/exp2_images/benign_packed/e5edbcbe152b74d29becac05065bcf3c74215384c0d8464a44b67a32a13e8ea3.png
e5f53e0899351c351f9bd82fa9ee1a1dec6663ce8553036c5179d3416517aba4,0,data/exp2_images/benign_packed/e5f53e0899351c351f9bd82fa9ee1a1dec6663ce8553036c5179d3416517aba4.png
e5fe9e98390c2b125d8f6fb83e2a09f9cdfb03fb7f0092352b97e65db73810a7,0,data/exp2_images/benign_packed/e5fe9e98390c2b125d8f6fb83e2a09f9cdfb03fb7f0092352b97e65db73810a7.png
e626246cbe2fa606571c011faa9284c265b619fe81b3628cfa6c93fd1ede48bc,0,data/exp2_images/benign_packed/e626246cbe2fa606571c011faa9284c265b619fe81b3628cfa6c93fd1ede48bc.png
e64044d454298ea6ff03f47e702960a5054a654393e74f04462cbe522daa3a5b,0,data/exp2_images/benign_packed/e64044d454298ea6ff03f47e702960a5054a654393e74f04462cbe522daa3a5b.png
e65843dd08f0044bfebc429e3ced7e936dc83c2d304fe7774147b0db382e5965,0,data/exp2_images/benign_packed/e65843dd08f0044bfebc429e3ced7e936dc83c2d304fe7774147b0db382e5965.png
e68119e382b279c5e1db4ef14002d29b1d8ef971b877022e1cde819369962dad,0,data/exp2_images/benign_packed/e68119e382b279c5e1db4ef14002d29b1d8ef971b877022e1cde819369962dad.png
e689bd5de0e4a72ff9a73babab1a63bd8daf271ff4803bc80f9abbd23abbe169,0,data/exp2_images/benign_packed/e689bd5de0e4a72ff9a73babab1a63bd8daf271ff4803bc80f9abbd23abbe169.png
e68f1fb3f329d481173c4b7c2216e069ec74c4fec6aca90f542add59a3851ef9,0,data/exp2_images/benign_packed/e68f1fb3f329d481173c4b7c2216e069ec74c4fec6aca90f542add59a3851ef9.png
e692c139c334f95b63fb06c35043b9cd5a378dd48be40500f544b316012bb662,0,data/exp2_images/benign_packed/e692c139c334f95b63fb06c35043b9cd5a378dd48be40500f544b316012bb662.png
e693bc556d4e07471933b03456a509b068065698f86c34875d08bb0b4819597d,0,data/exp2_images/benign_packed/e693bc556d4e07471933b03456a509b068065698f86c34875d08bb0b4819597d.png
e69402fa0f57cd843805b98c2c0a21e0fcefd2eed7975741238c97a038148ddb,0,data/exp2_images/benign_packed/e69402fa0f57cd843805b98c2c0a21e0fcefd2eed7975741238c97a038148ddb.png
e6a079f8639a603f9c432d81b75ff142fb718ff8674b3c31887dd57f5923dd8b,0,data/exp2_images/benign_packed/e6a079f8639a603f9c432d81b75ff142fb718ff8674b3c31887dd57f5923dd8b.png
e6a0c1a33b2abe31d482fed3dd6511e6e82ef9754cc48501da551e5f6464ce5d,0,data/exp2_images/benign_packed/e6a0c1a33b2abe31d482fed3dd6511e6e82ef9754cc48501da551e5f6464ce5d.png
e6a8b1178167dc2684b67e2e694a63916899eb866977fc44042b5e311f47f3ca,0,data/exp2_images/benign_packed/e6a8b1178167dc2684b67e2e694a63916899eb866977fc44042b5e311f47f3ca.png
e6b10dda443ee164b37becc1ee21b3877c1a01c5399843bbc9d09bcdcde9bebb,0,data/exp2_images/benign_packed/e6b10dda443ee164b37becc1ee21b3877c1a01c5399843bbc9d09bcdcde9bebb.png
e6b2407939d39c4186cae5001211ca6dc04897beb5f448e5d9e83dd4fbe2de73,0,data/exp2_images/benign_packed/e6b2407939d39c4186cae5001211ca6dc04897beb5f448e5d9e83dd4fbe2de73.png
e6b681d66629fe22a1cec5136842ed1aade17e05b9309578a0f469956b7d3945,0,data/exp2_images/benign_packed/e6b681d66629fe22a1cec5136842ed1aade17e05b9309578a0f469956b7d3945.png
e6b7b0625197a07f1325cc0d6feb9d43091219bfc3acff352d2606cdf64d26ac,0,data/exp2_images/benign_packed/e6b7b0625197a07f1325cc0d6feb9d43091219bfc3acff352d2606cdf64d26ac.png
e6bb1df36e94ec47510b3149a328fa7868d32d7bf216a8befcb7fe2220a36f00,0,data/exp2_images/benign_packed/e6bb1df36e94ec47510b3149a328fa7868d32d7bf216a8befcb7fe2220a36f00.png
e6bb6a1726068b29075acdb4b82bb29ea0ade12a8fcce565fd65dbb753502f5f,0,data/exp2_images/benign_packed/e6bb6a1726068b29075acdb4b82bb29ea0ade12a8fcce565fd65dbb753502f5f.png
e6c281396a738e6e8a2e2821ba84690587799672db4fc7a16bcdaf36d8cabe38,0,data/exp2_images/benign_packed/e6c281396a738e6e8a2e2821ba84690587799672db4fc7a16bcdaf36d8cabe38.png
e6c5beeeaa953d66de06134c11bb7be8f65776bfc7ac6f4d2f2cb2c4479d927e,0,data/exp2_images/benign_packed/e6c5beeeaa953d66de06134c11bb7be8f65776bfc7ac6f4d2f2cb2c4479d927e.png
e6c6c4f14a6307937f3b06733bc278bf752f0582027528925f400aecd8055b9f,0,data/exp2_images/benign_packed/e6c6c4f14a6307937f3b06733bc278bf752f0582027528925f400aecd8055b9f.png
e6d2c7f6d0b83ab394d0b18cd084162f25f7b5edb1972cd4e072752296baf984,0,data/exp2_images/benign_packed/e6d2c7f6d0b83ab394d0b18cd084162f25f7b5edb1972cd4e072752296baf984.png
e6db5f1d1800c9f1d68480549c64381c4a6b358b446e0ac1802c0c767960c84c,0,data/exp2_images/benign_packed/e6db5f1d1800c9f1d68480549c64381c4a6b358b446e0ac1802c0c767960c84c.png
e6de819fde4e717bcbb5ac242ca87d5e4576b909eae791284550efea7b48b884,0,data/exp2_images/benign_packed/e6de819fde4e717bcbb5ac242ca87d5e4576b909eae791284550efea7b48b884.png
e6e24bb42db2e1da8b6a5147bc6234da90f8602f6dc7e5697bde289753f5bf16,0,data/exp2_images/benign_packed/e6e24bb42db2e1da8b6a5147bc6234da90f8602f6dc7e5697bde289753f5bf16.png
e6ebad2f8c1f82035f6c14922944b2a98be8da80446de8ed445a69a2520f04f2,0,data/exp2_images/benign_packed/e6ebad2f8c1f82035f6c14922944b2a98be8da80446de8ed445a69a2520f04f2.png
e7016ef0aa3c9fce35b6f299a6f0bca6d3001c1fdc43771c52f43de159ccb1c2,0,data/exp2_images/benign_packed/e7016ef0aa3c9fce35b6f299a6f0bca6d3001c1fdc43771c52f43de159ccb1c2.png
e70dbe710eaee1ccb4647c51c427a4a4c1787179de3d84276dab96c4809bf61b,0,data/exp2_images/benign_packed/e70dbe710eaee1ccb4647c51c427a4a4c1787179de3d84276dab96c4809bf61b.png
e715efeef9942173088096630aa5583386e1b1122d1e35411bca09ef3a06f92f,0,data/exp2_images/benign_packed/e715efeef9942173088096630aa5583386e1b1122d1e35411bca09ef3a06f92f.png
e72460e5c465b83dd469ec964a4b1707e16caa80be4d51977573dcfdb3841f65,0,data/exp2_images/benign_packed/e72460e5c465b83dd469ec964a4b1707e16caa80be4d51977573dcfdb3841f65.png
e7257d6e158fcfc660b6f5b04bc0d60dfb63a416ba3fefef86637963132d883e,0,data/exp2_images/benign_packed/e7257d6e158fcfc660b6f5b04bc0d60dfb63a416ba3fefef86637963132d883e.png
e72585060ffc4e5a7e78c10d1e7620d8c02802328e43c831030d07fded2aa53d,0,data/exp2_images/benign_packed/e72585060ffc4e5a7e78c10d1e7620d8c02802328e43c831030d07fded2aa53d.png
e7283b4de05c432f9dc35216b3504b35b97fd3fe4374e45574b76443a605d03b,0,data/exp2_images/benign_packed/e7283b4de05c432f9dc35216b3504b35b97fd3fe4374e45574b76443a605d03b.png
e72e680b680e16d3ece95f59c9386dbdb290e0ae0f7f0ee91ce79da9072b952e,0,data/exp2_images/benign_packed/e72e680b680e16d3ece95f59c9386dbdb290e0ae0f7f0ee91ce79da9072b952e.png
e734550a8d37ccb69a2aecd5e97c09588397db6f4383ee00a9f67848451562a0,0,data/exp2_images/benign_packed/e734550a8d37ccb69a2aecd5e97c09588397db6f4383ee00a9f67848451562a0.png
e7388ff8b7cdd6beca2d475bfc8a9c7b2e5d7eaadf56b7c332ee4038ec2e2a8d,0,data/exp2_images/benign_packed/e7388ff8b7cdd6beca2d475bfc8a9c7b2e5d7eaadf56b7c332ee4038ec2e2a8d.png
e73cf0f2ca9c429ca73d23071902744280bd57240069a27c0bce49afdf91d115,0,data/exp2_images/benign_packed/e73cf0f2ca9c429ca73d23071902744280bd57240069a27c0bce49afdf91d115.png
e74165410ab5680cc995d997072b17f3baaf81a999cf8af59b3a241b2389bd77,0,data/exp2_images/benign_packed/e74165410ab5680cc995d997072b17f3baaf81a999cf8af59b3a241b2389bd77.png
e7563fb6a81b5ed6c8fa78f8e418a42aab8048940b58dd2b27bac205d4697d27,0,data/exp2_images/benign_packed/e7563fb6a81b5ed6c8fa78f8e418a42aab8048940b58dd2b27bac205d4697d27.png
e7611e58735d0ece5913e66dc19947cea16a9b401127260018ab174e74b63ea3,0,data/exp2_images/benign_packed/e7611e58735d0ece5913e66dc19947cea16a9b401127260018ab174e74b63ea3.png
e761b4f1c8a09614d418c12c5e38cc7582579ec4659c2d008cb91f91d139ad8d,0,data/exp2_images/benign_packed/e761b4f1c8a09614d418c12c5e38cc7582579ec4659c2d008cb91f91d139ad8d.png
e78bcedb388d4d395e91b774c7f940fa23b55ccbdbe412cdb261f68a27aea5e1,0,data/exp2_images/benign_packed/e78bcedb388d4d395e91b774c7f940fa23b55ccbdbe412cdb261f68a27aea5e1.png
e792def510df32142e2e96db2bb6e7bb991a1cd9bfb8b93986c814bfd8ecdf24,0,data/exp2_images/benign_packed/e792def510df32142e2e96db2bb6e7bb991a1cd9bfb8b93986c814bfd8ecdf24.png
e79c753842abf845e89d5e6e3d2652d75743c7fd558d1bed1d02b1c1220354d2,0,data/exp2_images/benign_packed/e79c753842abf845e89d5e6e3d2652d75743c7fd558d1bed1d02b1c1220354d2.png
e7aacb46f96038fdc16cfefbd0161edc1ec09ec51d7184879ea0a966fa4ce6c7,0,data/exp2_images/benign_packed/e7aacb46f96038fdc16cfefbd0161edc1ec09ec51d7184879ea0a966fa4ce6c7.png
e7b06655a3896c12ddd32fc09f98f9c6370862aa0da95afdbf002001a3ef7a7e,0,data/exp2_images/benign_packed/e7b06655a3896c12ddd32fc09f98f9c6370862aa0da95afdbf002001a3ef7a7e.png
e7b931bf87ac8babd5f772c93b772ac3c1d8ed15243c5b09d72edfc52f746c40,0,data/exp2_images/benign_packed/e7b931bf87ac8babd5f772c93b772ac3c1d8ed15243c5b09d72edfc52f746c40.png
e7c06124ce4d270226a708b0ee83bc5b3389ad1841c1f791671029f544a9ab5b,0,data/exp2_images/benign_packed/e7c06124ce4d270226a708b0ee83bc5b3389ad1841c1f791671029f544a9ab5b.png
e7c52a18cd390832e128a45643daa120396769bfc6a1387e33c863904777f72d,0,data/exp2_images/benign_packed/e7c52a18cd390832e128a45643daa120396769bfc6a1387e33c863904777f72d.png
e7e226431c20e3b6f02d84fd1b7863495c47bb30808a6f5cfcb8e22639e077b3,0,data/exp2_images/benign_packed/e7e226431c20e3b6f02d84fd1b7863495c47bb30808a6f5cfcb8e22639e077b3.png
e7e9283089e8459b7c13fbe51e5e4748414c2b745a62c5004b226ba885046dd0,0,data/exp2_images/benign_packed/e7e9283089e8459b7c13fbe51e5e4748414c2b745a62c5004b226ba885046dd0.png
e8137fe6f935fed8d463e0cc6854a9ac8de9e483a9498084ef6b715aef51a0c7,0,data/exp2_images/benign_packed/e8137fe6f935fed8d463e0cc6854a9ac8de9e483a9498084ef6b715aef51a0c7.png
e828684b243fb1a78c381b0e3f52b82560f16489dde5437e76e9f0e0c29b8e92,0,data/exp2_images/benign_packed/e828684b243fb1a78c381b0e3f52b82560f16489dde5437e76e9f0e0c29b8e92.png
e82d2242c6dc3a63873537bdace52b84b64e8d2bbe0695091d3687c1b64e0ffe,0,data/exp2_images/benign_packed/e82d2242c6dc3a63873537bdace52b84b64e8d2bbe0695091d3687c1b64e0ffe.png
e83f9ef3f14369c2c515cca5c532d52a4bb52441f9d92e2ea09d5037542724c3,0,data/exp2_images/benign_packed/e83f9ef3f14369c2c515cca5c532d52a4bb52441f9d92e2ea09d5037542724c3.png
e848c597233c3dbea2d0836b873f05ceb296240c0d1c5438ce24fd87aada914f,0,data/exp2_images/benign_packed/e848c597233c3dbea2d0836b873f05ceb296240c0d1c5438ce24fd87aada914f.png
e8524774c663b83d8920ceb48a61666e71f098fc0983edb8a32c263d273a1eca,0,data/exp2_images/benign_packed/e8524774c663b83d8920ceb48a61666e71f098fc0983edb8a32c263d273a1eca.png
e85852b2eb1df4630498aac28227830a76f3bfb99ed15f7ecdcc9b547a34e6b4,0,data/exp2_images/benign_packed/e85852b2eb1df4630498aac28227830a76f3bfb99ed15f7ecdcc9b547a34e6b4.png
e862f329258d9675a3067e45e0a747a64be6db5857694f9d82ddaf548beab970,0,data/exp2_images/benign_packed/e862f329258d9675a3067e45e0a747a64be6db5857694f9d82ddaf548beab970.png
e86738131218d2fcf4d82034d5cd0940f9044628123323e7a334097df7913012,0,data/exp2_images/benign_packed/e86738131218d2fcf4d82034d5cd0940f9044628123323e7a334097df7913012.png
e880b781e9ec5e7467b8b2e7cdf5d723d33d80e67f6facc16c9797501881e1db,0,data/exp2_images/benign_packed/e880b781e9ec5e7467b8b2e7cdf5d723d33d80e67f6facc16c9797501881e1db.png
e887e1f0c49b52ca4cc5de13aaf9dfe48ee0af74812e4f1cc79c41673badc41a,0,data/exp2_images/benign_packed/e887e1f0c49b52ca4cc5de13aaf9dfe48ee0af74812e4f1cc79c41673badc41a.png
e8b3a4d88c28481ad74164d9a118c8c6a2a528852a448706c83a6895cea6389a,0,data/exp2_images/benign_packed/e8b3a4d88c28481ad74164d9a118c8c6a2a528852a448706c83a6895cea6389a.png
e8b49fb3fb504160fc78ac33766a3b7980b22918938fdcbcbf5ce2eb806c3a58,0,data/exp2_images/benign_packed/e8b49fb3fb504160fc78ac33766a3b7980b22918938fdcbcbf5ce2eb806c3a58.png
e8b9f506ed5c8c9b325b91e33073f71cfd6c2eb3b5fabc06a99f85fd4c0b1acd,0,data/exp2_images/benign_packed/e8b9f506ed5c8c9b325b91e33073f71cfd6c2eb3b5fabc06a99f85fd4c0b1acd.png
e8cf1f519186cd1cdd09adf606695d013945fc0f5c1c98d7f1b331aec791e6ea,0,data/exp2_images/benign_packed/e8cf1f519186cd1cdd09adf606695d013945fc0f5c1c98d7f1b331aec791e6ea.png
e8ee9a3e0225923435341d8674a79522f1a95d4f5b34b21698b4b6ce4fe60c3c,0,data/exp2_images/benign_packed/e8ee9a3e0225923435341d8674a79522f1a95d4f5b34b21698b4b6ce4fe60c3c.png
e8f7eba70a8182fa9680679447a26c534e1408df9e498444b13963baf50054d2,0,data/exp2_images/benign_packed/e8f7eba70a8182fa9680679447a26c534e1408df9e498444b13963baf50054d2.png
e8fe6d1e9997f53cc759f0c1df9383462e8e93b42ae9fb0e99850834f5c0efdb,0,data/exp2_images/benign_packed/e8fe6d1e9997f53cc759f0c1df9383462e8e93b42ae9fb0e99850834f5c0efdb.png
e905626a046fb6cb012bda7802e520764bc03e392ce37d5134f635cdceca2844,0,data/exp2_images/benign_packed/e905626a046fb6cb012bda7802e520764bc03e392ce37d5134f635cdceca2844.png
e90d90d8b56c7a65273c4f03d206e23ef5f3808019781574aff369c66ef13642,0,data/exp2_images/benign_packed/e90d90d8b56c7a65273c4f03d206e23ef5f3808019781574aff369c66ef13642.png
e91e956e596ca643639d15bad352daa5539a9a9f4465fc6566edff595a3dd5a1,0,data/exp2_images/benign_packed/e91e956e596ca643639d15bad352daa5539a9a9f4465fc6566edff595a3dd5a1.png
e922573d47477ceeb20c2d379089d39364f0c0272f5ce18a50755391718e05b5,0,data/exp2_images/benign_packed/e922573d47477ceeb20c2d379089d39364f0c0272f5ce18a50755391718e05b5.png
e926a25e7993f799daf012c48e167af901467d4170a9cc6610734fa9b4470393,0,data/exp2_images/benign_packed/e926a25e7993f799daf012c48e167af901467d4170a9cc6610734fa9b4470393.png
e929cae582e4f92f60ec607da7acb448e22742691a4992406dd893bf99f2955f,0,data/exp2_images/benign_packed/e929cae582e4f92f60ec607da7acb448e22742691a4992406dd893bf99f2955f.png
e95e529332a0b13bbd1e0cf62a7408bbadb4a9fdd37c4d697dae08f4b78784f1,0,data/exp2_images/benign_packed/e95e529332a0b13bbd1e0cf62a7408bbadb4a9fdd37c4d697dae08f4b78784f1.png
e960dc2d7d5956c01d663c03fb1b2a2bd66f22a8bddad0ebfb9ef26c8ae5cbe7,0,data/exp2_images/benign_packed/e960dc2d7d5956c01d663c03fb1b2a2bd66f22a8bddad0ebfb9ef26c8ae5cbe7.png
e9817ab05123e1596b395569b95f6efe303dbba35a1f1232160c7b8bc18be616,0,data/exp2_images/benign_packed/e9817ab05123e1596b395569b95f6efe303dbba35a1f1232160c7b8bc18be616.png
e9933e63533f7db1fa81927996cea1fb87f66e26613502852f5135bc91c6daf2,0,data/exp2_images/benign_packed/e9933e63533f7db1fa81927996cea1fb87f66e26613502852f5135bc91c6daf2.png
e9a4cf5bf4c4075b025fe49fe4c457ac3e2fefd8a493d302adeabd053e49968e,0,data/exp2_images/benign_packed/e9a4cf5bf4c4075b025fe49fe4c457ac3e2fefd8a493d302adeabd053e49968e.png
e9b1907fbefa8bc88c21112d90b99819670b26eb74d9f73957d4be86c6bea1e0,0,data/exp2_images/benign_packed/e9b1907fbefa8bc88c21112d90b99819670b26eb74d9f73957d4be86c6bea1e0.png
e9b57cd27dd150c0ee3d718f64e6210a07e78f91e4a673e259335327ab2dc908,0,data/exp2_images/benign_packed/e9b57cd27dd150c0ee3d718f64e6210a07e78f91e4a673e259335327ab2dc908.png
e9b778611252ee7a7bc853230acd8bc5b4ea983a88ab89e077dfe7d59f9ed0e7,0,data/exp2_images/benign_packed/e9b778611252ee7a7bc853230acd8bc5b4ea983a88ab89e077dfe7d59f9ed0e7.png
e9bc3322525acfe84afd7cfc27f07f6d18bd0a07ccff726d8fd5a4800c188f75,0,data/exp2_images/benign_packed/e9bc3322525acfe84afd7cfc27f07f6d18bd0a07ccff726d8fd5a4800c188f75.png
e9c61945c0c7b887ec786832af1056334968d890fc042f0c16b8d7f80a2c0c9a,0,data/exp2_images/benign_packed/e9c61945c0c7b887ec786832af1056334968d890fc042f0c16b8d7f80a2c0c9a.png
e9cdd0e28fcf8b5f137944c2b5fade2b12e97b3e5eed83438cbf1f1dd22275f9,0,data/exp2_images/benign_packed/e9cdd0e28fcf8b5f137944c2b5fade2b12e97b3e5eed83438cbf1f1dd22275f9.png
e9d057599efc7659450c55a1dda2918fae3568c050dba27b19f31921a0f361df,0,data/exp2_images/benign_packed/e9d057599efc7659450c55a1dda2918fae3568c050dba27b19f31921a0f361df.png
e9eb6b300ff31e35cbf59fc68fb9aad9e087f08eb4c6a88a247d621efdbdf9a9,0,data/exp2_images/benign_packed/e9eb6b300ff31e35cbf59fc68fb9aad9e087f08eb4c6a88a247d621efdbdf9a9.png
e9fe6bc363105a235f6dc61165214a8a2467585717b277e36a1146a25c99af6b,0,data/exp2_images/benign_packed/e9fe6bc363105a235f6dc61165214a8a2467585717b277e36a1146a25c99af6b.png
ea0c7413fc57ad741f3ee7667bf60e87068c0a55db1ad6f601d571541b0fa47d,0,data/exp2_images/benign_packed/ea0c7413fc57ad741f3ee7667bf60e87068c0a55db1ad6f601d571541b0fa47d.png
ea201c925daa612893d5a142746f70cce6b976fd261b937961dcb12b41f2c8c5,0,data/exp2_images/benign_packed/ea201c925daa612893d5a142746f70cce6b976fd261b937961dcb12b41f2c8c5.png
ea3492a8c6c7a2510f7c2cd9fe4523b83d4e8d6273f82931d9060f20415d30ae,0,data/exp2_images/benign_packed/ea3492a8c6c7a2510f7c2cd9fe4523b83d4e8d6273f82931d9060f20415d30ae.png
ea4e9134029cb4f9a8e80302bdcfa24db29ed262f9eab82e1d6c7624bfbac907,0,data/exp2_images/benign_packed/ea4e9134029cb4f9a8e80302bdcfa24db29ed262f9eab82e1d6c7624bfbac907.png
ea515342e57d7497f7b5abd7b89e771669a5b64b35954a2c3ee49bfc0ee3938f,0,data/exp2_images/benign_packed/ea515342e57d7497f7b5abd7b89e771669a5b64b35954a2c3ee49bfc0ee3938f.png
ea5db8f5b8a3a6fb0fbf3a6a3d571ac864152cfb20466d6b3e720db59d9e1064,0,data/exp2_images/benign_packed/ea5db8f5b8a3a6fb0fbf3a6a3d571ac864152cfb20466d6b3e720db59d9e1064.png
ea6f5952125ecc5f03585510afc527b81f4c68e0c96a614154a7c1b3fd14f1c7,0,data/exp2_images/benign_packed/ea6f5952125ecc5f03585510afc527b81f4c68e0c96a614154a7c1b3fd14f1c7.png
ea7486b4425a87fddd60542aaf0812a8db868f569886b894883702b362a05d2c,0,data/exp2_images/benign_packed/ea7486b4425a87fddd60542aaf0812a8db868f569886b894883702b362a05d2c.png
ea76830f1e01378f1a6b18bff71217e856cc1c89921f682cb1d817d2f02fb5b9,0,data/exp2_images/benign_packed/ea76830f1e01378f1a6b18bff71217e856cc1c89921f682cb1d817d2f02fb5b9.png
ea871ce351aaf4c03bf5151fff5937c18009cf694cdec6878efa9d1f6ea198e2,0,data/exp2_images/benign_packed/ea871ce351aaf4c03bf5151fff5937c18009cf694cdec6878efa9d1f6ea198e2.png
eaa8395acf4bbb48715a6ad00730abca3b282c4a1ed56b85cb25c69e6c181cba,0,data/exp2_images/benign_packed/eaa8395acf4bbb48715a6ad00730abca3b282c4a1ed56b85cb25c69e6c181cba.png
eac4c406f8e289851a838b239e2346b8c42b99b1edf48e867d31cda21e340241,0,data/exp2_images/benign_packed/eac4c406f8e289851a838b239e2346b8c42b99b1edf48e867d31cda21e340241.png
eac814cee400a078e2d549ba6e3d7bd09d1bc9805a1c6c9ec0610a0e558472a1,0,data/exp2_images/benign_packed/eac814cee400a078e2d549ba6e3d7bd09d1bc9805a1c6c9ec0610a0e558472a1.png
ead3b647d6c0d5cbad9284310d8ca68682ff08cef279410c4a33bb7cae1bb2b4,0,data/exp2_images/benign_packed/ead3b647d6c0d5cbad9284310d8ca68682ff08cef279410c4a33bb7cae1bb2b4.png
eade048c41669333fc0754570f9b39683b6530e8079212c8568cad362ed9aa45,0,data/exp2_images/benign_packed/eade048c41669333fc0754570f9b39683b6530e8079212c8568cad362ed9aa45.png
eae317b0a4c2a83127e97c7df9fa03a5452a56c9d269c487e72b5091a418294d,0,data/exp2_images/benign_packed/eae317b0a4c2a83127e97c7df9fa03a5452a56c9d269c487e72b5091a418294d.png
eae3b49ab47d26e22c14d17c68e413b39db28ec2652207e6d79b175f0ec35291,0,data/exp2_images/benign_packed/eae3b49ab47d26e22c14d17c68e413b39db28ec2652207e6d79b175f0ec35291.png
eae4fd5db50763115badeaa1664b086a7da5ecee8d4e4fe6ea642ae57b8f6917,0,data/exp2_images/benign_packed/eae4fd5db50763115badeaa1664b086a7da5ecee8d4e4fe6ea642ae57b8f6917.png
eaebe72673657a69d0600184a42568c3551205d71ce0928a270968b2c327e5ee,0,data/exp2_images/benign_packed/eaebe72673657a69d0600184a42568c3551205d71ce0928a270968b2c327e5ee.png
eaebf7883ed3f4047407dcadc6d977e252478447d83c49398a8b5f522083f58f,0,data/exp2_images/benign_packed/eaebf7883ed3f4047407dcadc6d977e252478447d83c49398a8b5f522083f58f.png
eb0e82bd0a6a5995c2da2b781d279931abcdb224588cb40df1526a6dafa65e88,0,data/exp2_images/benign_packed/eb0e82bd0a6a5995c2da2b781d279931abcdb224588cb40df1526a6dafa65e88.png
eb26e7c2fa06f7787971ba565276352ba69e5070fd9579d7e73f91fb03459f0a,0,data/exp2_images/benign_packed/eb26e7c2fa06f7787971ba565276352ba69e5070fd9579d7e73f91fb03459f0a.png
eb275988fef523c0dbf80e38efa2f7e35179ce19f3a93194487c1c059779ec01,0,data/exp2_images/benign_packed/eb275988fef523c0dbf80e38efa2f7e35179ce19f3a93194487c1c059779ec01.png
eb2eb8c7274228c607beedf9dbd00844a02d9bade53a3e95a1ce1e99543d1ad2,0,data/exp2_images/benign_packed/eb2eb8c7274228c607beedf9dbd00844a02d9bade53a3e95a1ce1e99543d1ad2.png
eb40c43d6593f7dadf2e66140c12e4665e968f8cda9c8e45833ba936e7f7614f,0,data/exp2_images/benign_packed/eb40c43d6593f7dadf2e66140c12e4665e968f8cda9c8e45833ba936e7f7614f.png
eb41bf23e10405efcad8bb3eb8972f431394113324717386362ac6406a5c6d75,0,data/exp2_images/benign_packed/eb41bf23e10405efcad8bb3eb8972f431394113324717386362ac6406a5c6d75.png
eb428a76b06c98b853c870cb362b7037acfabe0ae94d4c82ef4418bdefda013c,0,data/exp2_images/benign_packed/eb428a76b06c98b853c870cb362b7037acfabe0ae94d4c82ef4418bdefda013c.png
eb54947ccdd09262c18dddca7007ab763fbcfdca67733c78623a534c07d5e5b7,0,data/exp2_images/benign_packed/eb54947ccdd09262c18dddca7007ab763fbcfdca67733c78623a534c07d5e5b7.png
eb72e1689851154dbba45fa416b9a8eb3e77ac954eec6c5836a5fba7cbc32809,0,data/exp2_images/benign_packed/eb72e1689851154dbba45fa416b9a8eb3e77ac954eec6c5836a5fba7cbc32809.png
eb7b1c815931f369b4ffff6645697852a2c47b02ebf82fee73c464a2c4ba2399,0,data/exp2_images/benign_packed/eb7b1c815931f369b4ffff6645697852a2c47b02ebf82fee73c464a2c4ba2399.png
eb8052b1988605859b21193becfd3af9f4dd54d952d5155c1feabff942bdb507,0,data/exp2_images/benign_packed/eb8052b1988605859b21193becfd3af9f4dd54d952d5155c1feabff942bdb507.png
eb89af5911a60d892a685181c397d32b72c61dc2ad77dd45b8cac0fbb7602b84,0,data/exp2_images/benign_packed/eb89af5911a60d892a685181c397d32b72c61dc2ad77dd45b8cac0fbb7602b84.png
eb9449aaba20df597243899daf5b8e181f1ecd72041e5737f4f0db7fae6b77a7,0,data/exp2_images/benign_packed/eb9449aaba20df597243899daf5b8e181f1ecd72041e5737f4f0db7fae6b77a7.png
eb9720fc3610ea5f2ea6d1f40b6d326cc65e1b35e699f591629013cb03c6e82d,0,data/exp2_images/benign_packed/eb9720fc3610ea5f2ea6d1f40b6d326cc65e1b35e699f591629013cb03c6e82d.png
eb9981e9a34f6e9ce50d86b0287c100c4fa8588c9c006837e2f2841de2f9fbc9,0,data/exp2_images/benign_packed/eb9981e9a34f6e9ce50d86b0287c100c4fa8588c9c006837e2f2841de2f9fbc9.png
eb9d039740b6e1aa9b691a7c4afbd14288137b2d599e3bda6ada9c292c1bb23f,0,data/exp2_images/benign_packed/eb9d039740b6e1aa9b691a7c4afbd14288137b2d599e3bda6ada9c292c1bb23f.png
eba050fd8f266d66f550919da89ccacca44487694d6100999e04c766d4117ad7,0,data/exp2_images/benign_packed/eba050fd8f266d66f550919da89ccacca44487694d6100999e04c766d4117ad7.png
eba49954042506dfcb35a1e6ef882635193672f1a695876abe4d7f4f82eb3b3d,0,data/exp2_images/benign_packed/eba49954042506dfcb35a1e6ef882635193672f1a695876abe4d7f4f82eb3b3d.png
ebbd1d6418399e3ff4136fed0ceb9d05d8aba934e352d233d279d1f42957574d,0,data/exp2_images/benign_packed/ebbd1d6418399e3ff4136fed0ceb9d05d8aba934e352d233d279d1f42957574d.png
ebd1bbee4697959448d9b54c38f3583e284c4338490f382f82d7dc1201c82fd1,0,data/exp2_images/benign_packed/ebd1bbee4697959448d9b54c38f3583e284c4338490f382f82d7dc1201c82fd1.png
ebe139e495de76299dc357356c3b558382bb5ee5a355655389f1fc4297f35d26,0,data/exp2_images/benign_packed/ebe139e495de76299dc357356c3b558382bb5ee5a355655389f1fc4297f35d26.png
ebf33a5442f183224db6d6f3bb7422a28a76bc85be1545a4fea2c061238f04f6,0,data/exp2_images/benign_packed/ebf33a5442f183224db6d6f3bb7422a28a76bc85be1545a4fea2c061238f04f6.png
ec10bb69c57098cfc5d825861029d7f487b454ebb74171fb955758f7d1c4b7b3,0,data/exp2_images/benign_packed/ec10bb69c57098cfc5d825861029d7f487b454ebb74171fb955758f7d1c4b7b3.png
ec1b8cf87bc532f33daf88355d242769607cf57e60e11ea8e28d6377b1ffe191,0,data/exp2_images/benign_packed/ec1b8cf87bc532f33daf88355d242769607cf57e60e11ea8e28d6377b1ffe191.png
ec2f973fed4f820a728e84f444c445b851972ee0c408d3635829dedb9ce9993a,0,data/exp2_images/benign_packed/ec2f973fed4f820a728e84f444c445b851972ee0c408d3635829dedb9ce9993a.png
ec423c62cfa7a4802cd24c6f11d3a562b72cf21775493a6e05afae3d943e71b3,0,data/exp2_images/benign_packed/ec423c62cfa7a4802cd24c6f11d3a562b72cf21775493a6e05afae3d943e71b3.png
ec43b708a1a5a5f52136d996afbf1c2629ec8cafaa2f0cbe06d37c8ffd7eae2c,0,data/exp2_images/benign_packed/ec43b708a1a5a5f52136d996afbf1c2629ec8cafaa2f0cbe06d37c8ffd7eae2c.png
ec495b608cd06f4d3c5ff398bd878f2835a0369ebfdc1c8717ca4a348338e482,0,data/exp2_images/benign_packed/ec495b608cd06f4d3c5ff398bd878f2835a0369ebfdc1c8717ca4a348338e482.png
ec58d0f8df282247292cc896a626bd4f6768521114e0d2e30be0ad9d617ce06f,0,data/exp2_images/benign_packed/ec58d0f8df282247292cc896a626bd4f6768521114e0d2e30be0ad9d617ce06f.png
ec5a0e91a179ca5a498641305db91b494cb78e327fd60d16061de20ba5a9262b,0,data/exp2_images/benign_packed/ec5a0e91a179ca5a498641305db91b494cb78e327fd60d16061de20ba5a9262b.png
ec68b5163cbb5f15e2fbe37fdf5fcb0d01dffbe53a460cb2cf668f31f0127ad5,0,data/exp2_images/benign_packed/ec68b5163cbb5f15e2fbe37fdf5fcb0d01dffbe53a460cb2cf668f31f0127ad5.png
ec6c7b6c6e11211492d1353878592c95cdc34691cc3ec369f293b11949f0f943,0,data/exp2_images/benign_packed/ec6c7b6c6e11211492d1353878592c95cdc34691cc3ec369f293b11949f0f943.png
ec6e61d51d70f7bca922cb25e44ffd01d06fcb5a2a00fdbb6f5ff95698f01acf,0,data/exp2_images/benign_packed/ec6e61d51d70f7bca922cb25e44ffd01d06fcb5a2a00fdbb6f5ff95698f01acf.png
ec7604ab0abaa90a1c60d2ac8db4356238354b3952bbb5aa8784951eaddcd884,0,data/exp2_images/benign_packed/ec7604ab0abaa90a1c60d2ac8db4356238354b3952bbb5aa8784951eaddcd884.png
ec798fee9ca010ccacc39f9986a625158faa9ce32fd536d044ea1c6c62f2665c,0,data/exp2_images/benign_packed/ec798fee9ca010ccacc39f9986a625158faa9ce32fd536d044ea1c6c62f2665c.png
ec8eeaeaeffa5ffc6ab73d738b2baf2dc8bdf8435f781c1947efd3adeccae799,0,data/exp2_images/benign_packed/ec8eeaeaeffa5ffc6ab73d738b2baf2dc8bdf8435f781c1947efd3adeccae799.png
ec91a08be74440e9ff6d88bc2d2e2d4e6917c0696582420c5701b918ed2b1561,0,data/exp2_images/benign_packed/ec91a08be74440e9ff6d88bc2d2e2d4e6917c0696582420c5701b918ed2b1561.png
ec976c513fa051ddd7159c0d16d1f45bcae264d43becf36f7b1cd2a5562837f9,0,data/exp2_images/benign_packed/ec976c513fa051ddd7159c0d16d1f45bcae264d43becf36f7b1cd2a5562837f9.png
eca0296fbe57705bccdffe00ee622f1f91cdb5ee199bef158c22e2963fdfc439,0,data/exp2_images/benign_packed/eca0296fbe57705bccdffe00ee622f1f91cdb5ee199bef158c22e2963fdfc439.png
ecac9510586e6134a714944509fb78d8e0ea82f261b3f6bddd8da6456b0fc5d2,0,data/exp2_images/benign_packed/ecac9510586e6134a714944509fb78d8e0ea82f261b3f6bddd8da6456b0fc5d2.png
ecb6c3e5b9461b22edb4d26b572c74326127aa81b0d7b1f86a389a2bc92b8493,0,data/exp2_images/benign_packed/ecb6c3e5b9461b22edb4d26b572c74326127aa81b0d7b1f86a389a2bc92b8493.png
ecdbbb7acfdbfac8e5461847ddb976d30b86eb38a382d6137e9bf8c5e254905b,0,data/exp2_images/benign_packed/ecdbbb7acfdbfac8e5461847ddb976d30b86eb38a382d6137e9bf8c5e254905b.png
ecf71d13c92917057ffda38e531ac2533079aacd48e34cee5305447a0d02e49e,0,data/exp2_images/benign_packed/ecf71d13c92917057ffda38e531ac2533079aacd48e34cee5305447a0d02e49e.png
ecf9e6567852f1a45dd6068ed197aa22cfac0121fdc0c3a2e9367dd6cc85fcae,0,data/exp2_images/benign_packed/ecf9e6567852f1a45dd6068ed197aa22cfac0121fdc0c3a2e9367dd6cc85fcae.png
ecff3f8f3fd541c57377f66b06926109e068a72684ecf3a8b0ffd4d33a725320,0,data/exp2_images/benign_packed/ecff3f8f3fd541c57377f66b06926109e068a72684ecf3a8b0ffd4d33a725320.png
ed0170d3de86da33e02bfa1605eec8ff6010583481b1c530843867c1939d2185,0,data/exp2_images/benign_packed/ed0170d3de86da33e02bfa1605eec8ff6010583481b1c530843867c1939d2185.png
ed1a8b1d18358959ad0d47c66187e21bcaeb824e947935fe45f28f2f799badc7,0,data/exp2_images/benign_packed/ed1a8b1d18358959ad0d47c66187e21bcaeb824e947935fe45f28f2f799badc7.png
ed1ec3061f72a9e277a102a293591c0d9b6c5f9d34891f5ddb6cbca55f1f2596,0,data/exp2_images/benign_packed/ed1ec3061f72a9e277a102a293591c0d9b6c5f9d34891f5ddb6cbca55f1f2596.png
ed341d2bf7d18ba97d365716e7def8c09ec94d832a50e43805bcbd5c2db9bd66,0,data/exp2_images/benign_packed/ed341d2bf7d18ba97d365716e7def8c09ec94d832a50e43805bcbd5c2db9bd66.png
ed46ca8cb5d111e37d8bfd8ecd2d310a2d0267a2f8e83b2e7a38f55139a8afff,0,data/exp2_images/benign_packed/ed46ca8cb5d111e37d8bfd8ecd2d310a2d0267a2f8e83b2e7a38f55139a8afff.png
ed685c75de2518064936aba904d01df7426a54213f7a4d0cc22d963bd2878be3,0,data/exp2_images/benign_packed/ed685c75de2518064936aba904d01df7426a54213f7a4d0cc22d963bd2878be3.png
ed73a6609906e4b81851dcd9a14f619710aa890ed5567ad3cfe7acc76f943630,0,data/exp2_images/benign_packed/ed73a6609906e4b81851dcd9a14f619710aa890ed5567ad3cfe7acc76f943630.png
ed7d7d09bf1f76e31f2094b8aac4b5325e9d7c06efaafa469083e7a59377d387,0,data/exp2_images/benign_packed/ed7d7d09bf1f76e31f2094b8aac4b5325e9d7c06efaafa469083e7a59377d387.png
ed888680f04e066e383de8a8694bdf958449850a5c706c323da246e20e8e4585,0,data/exp2_images/benign_packed/ed888680f04e066e383de8a8694bdf958449850a5c706c323da246e20e8e4585.png
ed8b55c9a84e79cb449c69820bf04ec30aad3ddde2ab4cfdd9582ea8d401b81e,0,data/exp2_images/benign_packed/ed8b55c9a84e79cb449c69820bf04ec30aad3ddde2ab4cfdd9582ea8d401b81e.png
ed95b1141f32e8d2180b47426a1cbe89085764e744938e9bca98c5be411a52a6,0,data/exp2_images/benign_packed/ed95b1141f32e8d2180b47426a1cbe89085764e744938e9bca98c5be411a52a6.png
eda3e7fd5703c82ade90054a0856380a9c90b650572b298c5037c54f18f5155e,0,data/exp2_images/benign_packed/eda3e7fd5703c82ade90054a0856380a9c90b650572b298c5037c54f18f5155e.png
edcd20c4df5b62fd19e27d90f28e4548bbb33dc8e726103236c7d04106896f0d,0,data/exp2_images/benign_packed/edcd20c4df5b62fd19e27d90f28e4548bbb33dc8e726103236c7d04106896f0d.png
edd1e7ebe42fcb67a075004ce04bcc0ec3e5877a975cd87295dce19aa7c9f8ad,0,data/exp2_images/benign_packed/edd1e7ebe42fcb67a075004ce04bcc0ec3e5877a975cd87295dce19aa7c9f8ad.png
ede0be639305fef494c694e9a1ad14679f9bca298c5fb2bdb6fa9295ad23079c,0,data/exp2_images/benign_packed/ede0be639305fef494c694e9a1ad14679f9bca298c5fb2bdb6fa9295ad23079c.png
ee07a23d40e2911fb20030183415a252fb81b117fc68bdf16659ba013d13005d,0,data/exp2_images/benign_packed/ee07a23d40e2911fb20030183415a252fb81b117fc68bdf16659ba013d13005d.png
ee0f0f2d44f634560cfee400549bfc516cd2a8275a086529e07944025d82a464,0,data/exp2_images/benign_packed/ee0f0f2d44f634560cfee400549bfc516cd2a8275a086529e07944025d82a464.png
ee146222f94504848a1791e3d2a8a6a090bd018fe7a1a37653445e71a53521a9,0,data/exp2_images/benign_packed/ee146222f94504848a1791e3d2a8a6a090bd018fe7a1a37653445e71a53521a9.png
ee1bc6c8dcbf9a3aba9afcd9163e6f2277d4187f7a7b43deac983ce26cd7c9b0,0,data/exp2_images/benign_packed/ee1bc6c8dcbf9a3aba9afcd9163e6f2277d4187f7a7b43deac983ce26cd7c9b0.png
ee2dab11820e4158e7cd9b33fb63d0b6e677bea0b8fc8eb17002bbc0b80e6b63,0,data/exp2_images/benign_packed/ee2dab11820e4158e7cd9b33fb63d0b6e677bea0b8fc8eb17002bbc0b80e6b63.png
ee3b47f1268386081bedcb06e3f6eaaa8e9b6093c4ce11c41ea5bd84a7e430b1,0,data/exp2_images/benign_packed/ee3b47f1268386081bedcb06e3f6eaaa8e9b6093c4ce11c41ea5bd84a7e430b1.png
ee413bf57e7fd579003b4fabe5a08e94a9e194a6ad1fbd0fd34dbf7d009bb68a,0,data/exp2_images/benign_packed/ee413bf57e7fd579003b4fabe5a08e94a9e194a6ad1fbd0fd34dbf7d009bb68a.png
ee669ca99990c68acd0c8c311c1edb1bbb2c0aaeb4455fdeb9616bf3f57ce34d,0,data/exp2_images/benign_packed/ee669ca99990c68acd0c8c311c1edb1bbb2c0aaeb4455fdeb9616bf3f57ce34d.png
ee67d0458c38523336a08b982e0c6182798e45148f03436601737c421307c5f5,0,data/exp2_images/benign_packed/ee67d0458c38523336a08b982e0c6182798e45148f03436601737c421307c5f5.png
ee6cd323020c53035480cb32df32a8bedc4b9293e1abcee1e95b73c8d484d1b7,0,data/exp2_images/benign_packed/ee6cd323020c53035480cb32df32a8bedc4b9293e1abcee1e95b73c8d484d1b7.png
ee89bd669577c3476652c878a99b8b1fef2db6b26bf6387b2fec93f9703b804a,0,data/exp2_images/benign_packed/ee89bd669577c3476652c878a99b8b1fef2db6b26bf6387b2fec93f9703b804a.png
ee92683e528d37fa162ebd9b64d9f6c91fc8c61db48480396a31113c9f0fc332,0,data/exp2_images/benign_packed/ee92683e528d37fa162ebd9b64d9f6c91fc8c61db48480396a31113c9f0fc332.png
ee9fc624647511f1673bf6d06151f72629e8745eb39d9e7966cbc5b1f38bfb7e,0,data/exp2_images/benign_packed/ee9fc624647511f1673bf6d06151f72629e8745eb39d9e7966cbc5b1f38bfb7e.png
eebead1ef100b9dd432dab8d26f9735093a3b8c70018d0311c069ef38307fc8c,0,data/exp2_images/benign_packed/eebead1ef100b9dd432dab8d26f9735093a3b8c70018d0311c069ef38307fc8c.png
eec7059ed0ba0a6d9e1561ea65ced6b9075ac19aab1f5b0a078db9a3d2ef563a,0,data/exp2_images/benign_packed/eec7059ed0ba0a6d9e1561ea65ced6b9075ac19aab1f5b0a078db9a3d2ef563a.png
eedb396d3a498949c4c41992f805486ff1b38d7392d32cc1adc5007f5c9692cb,0,data/exp2_images/benign_packed/eedb396d3a498949c4c41992f805486ff1b38d7392d32cc1adc5007f5c9692cb.png
eeeb812432a223d99a7c3b3ab75139d444845021e2e59bacb2a01011cb3751f1,0,data/exp2_images/benign_packed/eeeb812432a223d99a7c3b3ab75139d444845021e2e59bacb2a01011cb3751f1.png
eef5ddb3e202cd56cb7513d8e020407d31157f3da57c6b3061e0edfd60b26638,0,data/exp2_images/benign_packed/eef5ddb3e202cd56cb7513d8e020407d31157f3da57c6b3061e0edfd60b26638.png
eef79c664fcc36ecba552847d675efcc90e302316f739638c4b2cfbc083ede94,0,data/exp2_images/benign_packed/eef79c664fcc36ecba552847d675efcc90e302316f739638c4b2cfbc083ede94.png
eefb13b0e46b0e7cf4e49d18dc03aeddb33e1eee9b81ba9e6cb9e4a46ac3bf12,0,data/exp2_images/benign_packed/eefb13b0e46b0e7cf4e49d18dc03aeddb33e1eee9b81ba9e6cb9e4a46ac3bf12.png
ef0e1c8217ff645ec599683ebbef4dad00cea679866fa1a6eebb42efd065bddc,0,data/exp2_images/benign_packed/ef0e1c8217ff645ec599683ebbef4dad00cea679866fa1a6eebb42efd065bddc.png
ef33eec3a02e64e672fa96ab3b9671d7144e2e7818ef8534a01e2f6f00b2fb94,0,data/exp2_images/benign_packed/ef33eec3a02e64e672fa96ab3b9671d7144e2e7818ef8534a01e2f6f00b2fb94.png
ef48054901be980cbecf8762d4aade6eaa39115df7f6fdccec75680503dd6aeb,0,data/exp2_images/benign_packed/ef48054901be980cbecf8762d4aade6eaa39115df7f6fdccec75680503dd6aeb.png
ef55c89c74fcc67f713e70e2523fcaaedccc5af4e5909acc463d7750e98ca30c,0,data/exp2_images/benign_packed/ef55c89c74fcc67f713e70e2523fcaaedccc5af4e5909acc463d7750e98ca30c.png
ef5891fc962408008f8ea2f535485408396bb8a311411373fb7c2905374dd102,0,data/exp2_images/benign_packed/ef5891fc962408008f8ea2f535485408396bb8a311411373fb7c2905374dd102.png
ef70671f0525c802d6d3d6c71d04142080eaa27e430ab9cb926cbfb2911c1843,0,data/exp2_images/benign_packed/ef70671f0525c802d6d3d6c71d04142080eaa27e430ab9cb926cbfb2911c1843.png
ef77f80f47b6578194757d9972d61076ddd4e5ee95bb841abe0457bfc1772ae3,0,data/exp2_images/benign_packed/ef77f80f47b6578194757d9972d61076ddd4e5ee95bb841abe0457bfc1772ae3.png
ef783fe8c85edf3eea470b91a3d3ee36292b7ec12ef2a959cf38e9fa5bf9f033,0,data/exp2_images/benign_packed/ef783fe8c85edf3eea470b91a3d3ee36292b7ec12ef2a959cf38e9fa5bf9f033.png
ef80fddede691b820977bf03f67f1553d65ab650a39e609fdb1775a0269cecbc,0,data/exp2_images/benign_packed/ef80fddede691b820977bf03f67f1553d65ab650a39e609fdb1775a0269cecbc.png
ef8f3f906ad03fd8e4591cf71d89d7dd849f38a026484ee5973ace2d3144ed54,0,data/exp2_images/benign_packed/ef8f3f906ad03fd8e4591cf71d89d7dd849f38a026484ee5973ace2d3144ed54.png
ef9965e5c149d300e7a238829c52391670b14b517b0f32533201c0c2f962c931,0,data/exp2_images/benign_packed/ef9965e5c149d300e7a238829c52391670b14b517b0f32533201c0c2f962c931.png
efa1edfa3c78e79c26c4256bac4ec72a01973fc8d04fef708dfcf5dd8fe1d808,0,data/exp2_images/benign_packed/efa1edfa3c78e79c26c4256bac4ec72a01973fc8d04fef708dfcf5dd8fe1d808.png
efbfbcefa4c090c46a1b7273f44a4136d4a701b21dce7e96d0bdbea4980e1e9d,0,data/exp2_images/benign_packed/efbfbcefa4c090c46a1b7273f44a4136d4a701b21dce7e96d0bdbea4980e1e9d.png
efc3324bf5dea534d7415f7ecf1378ccd9ed32109578c03b9870810d1b47d6e6,0,data/exp2_images/benign_packed/efc3324bf5dea534d7415f7ecf1378ccd9ed32109578c03b9870810d1b47d6e6.png
efcf856a4f69b6a67c1dd6007e650f0fc350b939ab9ddbaf7bc34257e76686ef,0,data/exp2_images/benign_packed/efcf856a4f69b6a67c1dd6007e650f0fc350b939ab9ddbaf7bc34257e76686ef.png
efeee3fb4aafaf8237f6c8dc78b0e20b2cfdd74ce8190fe5692507699e170a5a,0,data/exp2_images/benign_packed/efeee3fb4aafaf8237f6c8dc78b0e20b2cfdd74ce8190fe5692507699e170a5a.png
f008661af1e7d0f0feb9160d024610538a83c2fcdcbd442ccd8ad0573325b900,0,data/exp2_images/benign_packed/f008661af1e7d0f0feb9160d024610538a83c2fcdcbd442ccd8ad0573325b900.png
f02675fab9930729a76c42fcfe364160d5ed848f5f75783cf3d4ab4de47a6fc4,0,data/exp2_images/benign_packed/f02675fab9930729a76c42fcfe364160d5ed848f5f75783cf3d4ab4de47a6fc4.png
f02c20eb8352ec9c9198c3d9c939a78b50b93baef0fe506f8e4b477cef491f5a,0,data/exp2_images/benign_packed/f02c20eb8352ec9c9198c3d9c939a78b50b93baef0fe506f8e4b477cef491f5a.png
f036de065c032ae7fb0b9f25ea238f69f907d4282385a04e202d716a62733a4b,0,data/exp2_images/benign_packed/f036de065c032ae7fb0b9f25ea238f69f907d4282385a04e202d716a62733a4b.png
f073c031c787956ad68f2b5c8f512212071e3fff4610910cff8d2a2b81d3b50d,0,data/exp2_images/benign_packed/f073c031c787956ad68f2b5c8f512212071e3fff4610910cff8d2a2b81d3b50d.png
f0870922e3c60d50b386944f4dde819cf1c71ec8dceb71fdb906e51482b3edb8,0,data/exp2_images/benign_packed/f0870922e3c60d50b386944f4dde819cf1c71ec8dceb71fdb906e51482b3edb8.png
f08b1f597abb3647ab6e844282ded763e6078dbef6dd54b9d956ca419fac42fe,0,data/exp2_images/benign_packed/f08b1f597abb3647ab6e844282ded763e6078dbef6dd54b9d956ca419fac42fe.png
f0a6f156d13150de6ebb094233e5ff78581fbdb77bd0ff8d083698c42bc8e13b,0,data/exp2_images/benign_packed/f0a6f156d13150de6ebb094233e5ff78581fbdb77bd0ff8d083698c42bc8e13b.png
f0adbd08ffcf58ed20ef5f19952f3a24f5dfe9242e4f727304e799edb095cb21,0,data/exp2_images/benign_packed/f0adbd08ffcf58ed20ef5f19952f3a24f5dfe9242e4f727304e799edb095cb21.png
f0be178aef12f439c9eed87d3e557c9fec886a897b6ddc162eed6e0a3a68e9d7,0,data/exp2_images/benign_packed/f0be178aef12f439c9eed87d3e557c9fec886a897b6ddc162eed6e0a3a68e9d7.png
f0c429a993fa4791a3a30974ce292632762f74ab224eb452a1604fd3c6a00eb1,0,data/exp2_images/benign_packed/f0c429a993fa4791a3a30974ce292632762f74ab224eb452a1604fd3c6a00eb1.png
f0c5adf74cdb6458738e57fbd51f056558311a69aedf6820fbb8ea6f3eece985,0,data/exp2_images/benign_packed/f0c5adf74cdb6458738e57fbd51f056558311a69aedf6820fbb8ea6f3eece985.png
f0c719723b7689e702a6bb7cf5a56b96f5cef85d45df5ec612ab68524d1e0a47,0,data/exp2_images/benign_packed/f0c719723b7689e702a6bb7cf5a56b96f5cef85d45df5ec612ab68524d1e0a47.png
f0c85317295a2f34297aa8f6b6c48c2452d15700024c5f1492ed7ac1537a7c44,0,data/exp2_images/benign_packed/f0c85317295a2f34297aa8f6b6c48c2452d15700024c5f1492ed7ac1537a7c44.png
f0cfcc1a9cd9b246b53fe14fa2f77975763a6de5fbb3a98cf5ea622be0c62cea,0,data/exp2_images/benign_packed/f0cfcc1a9cd9b246b53fe14fa2f77975763a6de5fbb3a98cf5ea622be0c62cea.png
f0e0d8b65a8cf88355a7c2fd401cee5ff4bcb7965a888f4361ad14a054517fd7,0,data/exp2_images/benign_packed/f0e0d8b65a8cf88355a7c2fd401cee5ff4bcb7965a888f4361ad14a054517fd7.png
f0f2e28f8e9a01522a72cb6bd45785dd71ecb953d2205e385e968d2d5dad0238,0,data/exp2_images/benign_packed/f0f2e28f8e9a01522a72cb6bd45785dd71ecb953d2205e385e968d2d5dad0238.png
f0f9e3dd3b51f5bd06de68d78c51b432dff57c83e8833963e8ecec7daf0fe368,0,data/exp2_images/benign_packed/f0f9e3dd3b51f5bd06de68d78c51b432dff57c83e8833963e8ecec7daf0fe368.png
f1189b10e921791bbab3e9b213772dc010e530f6e12c1b4d6063007b91c433ff,0,data/exp2_images/benign_packed/f1189b10e921791bbab3e9b213772dc010e530f6e12c1b4d6063007b91c433ff.png
f1222b19daf73f2129a4add73e5fde6584acbf29bf07b8fade19ff7cb317250f,0,data/exp2_images/benign_packed/f1222b19daf73f2129a4add73e5fde6584acbf29bf07b8fade19ff7cb317250f.png
f13f03c60b48664b5ab5b294c32feb1ff2fd632f206ee6732d3ddffb919a8b57,0,data/exp2_images/benign_packed/f13f03c60b48664b5ab5b294c32feb1ff2fd632f206ee6732d3ddffb919a8b57.png
f152525fc4c97b8cd9e90757c2f6994773b5c403e739f7208d86aeaef2424ceb,0,data/exp2_images/benign_packed/f152525fc4c97b8cd9e90757c2f6994773b5c403e739f7208d86aeaef2424ceb.png
f15a226b96dbec6420521c16cf1e621c20d2339c5bec6b9816ebcd7e7ecb4c35,0,data/exp2_images/benign_packed/f15a226b96dbec6420521c16cf1e621c20d2339c5bec6b9816ebcd7e7ecb4c35.png
f15efcab1780fe7d784a3cd3798f147fa249e81b7ef9a494b85dc7fdab084734,0,data/exp2_images/benign_packed/f15efcab1780fe7d784a3cd3798f147fa249e81b7ef9a494b85dc7fdab084734.png
f170716fd59ae4f7df22e9d22d6ab74f2ee310b4f1549e2f35986bb95fb44b15,0,data/exp2_images/benign_packed/f170716fd59ae4f7df22e9d22d6ab74f2ee310b4f1549e2f35986bb95fb44b15.png
f179f5ec2950440f90f8069d8a6bd5c7b96226c015e31a34060d782e8a7dc941,0,data/exp2_images/benign_packed/f179f5ec2950440f90f8069d8a6bd5c7b96226c015e31a34060d782e8a7dc941.png
f1a205016f8d0d098722b983a499513669321ce8f0b4a4af270f22f4bbc76b26,0,data/exp2_images/benign_packed/f1a205016f8d0d098722b983a499513669321ce8f0b4a4af270f22f4bbc76b26.png
f1a3370893c7b1123dbc013155b39108571cc2aca7f07d48b92c98398f9c94b1,0,data/exp2_images/benign_packed/f1a3370893c7b1123dbc013155b39108571cc2aca7f07d48b92c98398f9c94b1.png
f1b05205d814815fbcd324015395ae64baa01fbbb5d39443f791a58ab38eb96f,0,data/exp2_images/benign_packed/f1b05205d814815fbcd324015395ae64baa01fbbb5d39443f791a58ab38eb96f.png
f1b98a3c004897d19ab528af736f86cf5b9592761217a130fe66d06fa3496a44,0,data/exp2_images/benign_packed/f1b98a3c004897d19ab528af736f86cf5b9592761217a130fe66d06fa3496a44.png
f1be73bfa3393ef828b52b1053d795ef4c95dcd1ed8e0ffff92d110b8d4b437f,0,data/exp2_images/benign_packed/f1be73bfa3393ef828b52b1053d795ef4c95dcd1ed8e0ffff92d110b8d4b437f.png
f1c4743cf938c1cf5cc472fa6315930781edf005e4714c3bc78f543b71456657,0,data/exp2_images/benign_packed/f1c4743cf938c1cf5cc472fa6315930781edf005e4714c3bc78f543b71456657.png
f1cfe4cd1ea2cebd5f8e9062a3085791b220c223491b0ebb6a547f8be07c867c,0,data/exp2_images/benign_packed/f1cfe4cd1ea2cebd5f8e9062a3085791b220c223491b0ebb6a547f8be07c867c.png
f1d406e272d353a82e0eaae250127d930b2ff85c7f0ae0b5ed6f422d259a6baa,0,data/exp2_images/benign_packed/f1d406e272d353a82e0eaae250127d930b2ff85c7f0ae0b5ed6f422d259a6baa.png
f1df598b3a619767f6380e622605b0ef2acacc8a49b4f7bef6bbdb13d93284ff,0,data/exp2_images/benign_packed/f1df598b3a619767f6380e622605b0ef2acacc8a49b4f7bef6bbdb13d93284ff.png
f1e90be6e5b78ca45f84677ac9e17ffb1eb1d8854ee483cf5efa288f27645505,0,data/exp2_images/benign_packed/f1e90be6e5b78ca45f84677ac9e17ffb1eb1d8854ee483cf5efa288f27645505.png
f1ecc0ecb53ae8e18dfee20f395c656bb806f5f231c965f511d6bf8d9b50cc24,0,data/exp2_images/benign_packed/f1ecc0ecb53ae8e18dfee20f395c656bb806f5f231c965f511d6bf8d9b50cc24.png
f2069a52880ec885ee7f0511186100eb7fada0411a2b4948fafea7735b878a18,0,data/exp2_images/benign_packed/f2069a52880ec885ee7f0511186100eb7fada0411a2b4948fafea7735b878a18.png
f20f144ca6895112c229a9423cea68e51697fc0681fa922b2d0a4a3c6516f96b,0,data/exp2_images/benign_packed/f20f144ca6895112c229a9423cea68e51697fc0681fa922b2d0a4a3c6516f96b.png
f224f0aa7b19a6e331a18e565fe4a54fb652ff6c8e09657ede61d11d296fe3ca,0,data/exp2_images/benign_packed/f224f0aa7b19a6e331a18e565fe4a54fb652ff6c8e09657ede61d11d296fe3ca.png
f240a3f6052de061145fbb31605fd3c61bad67c0fee5c5282b81a12250f1ecba,0,data/exp2_images/benign_packed/f240a3f6052de061145fbb31605fd3c61bad67c0fee5c5282b81a12250f1ecba.png
f25891889858a05c2443f15a7a35c625a8458e86f2e9f01b1ed116cd3ffd798a,0,data/exp2_images/benign_packed/f25891889858a05c2443f15a7a35c625a8458e86f2e9f01b1ed116cd3ffd798a.png
f274970aada464bb0be73857902ee6edcb61af85d0c3ada6a7ef998d63abfd92,0,data/exp2_images/benign_packed/f274970aada464bb0be73857902ee6edcb61af85d0c3ada6a7ef998d63abfd92.png
f28a839f8d6429ac289587b093feccf27a35536980ffc3737df79426765c34ff,0,data/exp2_images/benign_packed/f28a839f8d6429ac289587b093feccf27a35536980ffc3737df79426765c34ff.png
f294e5f02831265cb041838f56e6654e1feacd53d6c28dad32ed3107f51f31a3,0,data/exp2_images/benign_packed/f294e5f02831265cb041838f56e6654e1feacd53d6c28dad32ed3107f51f31a3.png
f2953e5842301a07357aa8176cd60dc6d12f41543d9f8541bd684c85a0b00c93,0,data/exp2_images/benign_packed/f2953e5842301a07357aa8176cd60dc6d12f41543d9f8541bd684c85a0b00c93.png
f29c09c118fb0aba566e0b4dd09edabbfb1f77f30be49ee3d85fae9b0ce6f0f6,0,data/exp2_images/benign_packed/f29c09c118fb0aba566e0b4dd09edabbfb1f77f30be49ee3d85fae9b0ce6f0f6.png
f2adff244be61cab634aa4cbddff7aa8a7e0f8b1cb4d0a7c14e84db2598a942d,0,data/exp2_images/benign_packed/f2adff244be61cab634aa4cbddff7aa8a7e0f8b1cb4d0a7c14e84db2598a942d.png
f2b70e6a172c8e2c2bf7d5165b6b59d75b43554428208395d8b8db9a16d47fe8,0,data/exp2_images/benign_packed/f2b70e6a172c8e2c2bf7d5165b6b59d75b43554428208395d8b8db9a16d47fe8.png
f2c4b3098cb41e4b45243fd21d6c608093cba1c00f45e701ec482e0d74aef636,0,data/exp2_images/benign_packed/f2c4b3098cb41e4b45243fd21d6c608093cba1c00f45e701ec482e0d74aef636.png
f2c8a82880e9e6435834eefa887a38731173a0184ee948ee945096a47248c98f,0,data/exp2_images/benign_packed/f2c8a82880e9e6435834eefa887a38731173a0184ee948ee945096a47248c98f.png
f2d0471233555243e9c6b5fa6ef71ee2547f85c95a4cf3a6de494c7edfd8cdfd,0,data/exp2_images/benign_packed/f2d0471233555243e9c6b5fa6ef71ee2547f85c95a4cf3a6de494c7edfd8cdfd.png
f2ddf7aab4e600ce608184ed5de52123ba25769f32fe5538ea56d19887b431d4,0,data/exp2_images/benign_packed/f2ddf7aab4e600ce608184ed5de52123ba25769f32fe5538ea56d19887b431d4.png
f2f970dd231b2c500b05884a9dcc5572514969176ee2fb58a048e32391ae8352,0,data/exp2_images/benign_packed/f2f970dd231b2c500b05884a9dcc5572514969176ee2fb58a048e32391ae8352.png
f2fa79d20a62fc522774243ff1a53b97cb29a3b7ea96b4a46c28decd864edc1c,0,data/exp2_images/benign_packed/f2fa79d20a62fc522774243ff1a53b97cb29a3b7ea96b4a46c28decd864edc1c.png
f2fb740bbfd6e84c090c2ca9768aa6c2c2e72c40ff975d3db79cac59cff0bd57,0,data/exp2_images/benign_packed/f2fb740bbfd6e84c090c2ca9768aa6c2c2e72c40ff975d3db79cac59cff0bd57.png
f31bc3a08f12d5cbc9c56ee497a2a8786fd7b3de0eb8336b427a54d749270d79,0,data/exp2_images/benign_packed/f31bc3a08f12d5cbc9c56ee497a2a8786fd7b3de0eb8336b427a54d749270d79.png
f32b21ec6965d94ccbffa75ea01c61a5ac3f7625b73fa7b3c466dd34de08c94b,0,data/exp2_images/benign_packed/f32b21ec6965d94ccbffa75ea01c61a5ac3f7625b73fa7b3c466dd34de08c94b.png
f333d983ee9f242e25b85f3da72a852ff836e18c87edbd83e3a7c632d933f55e,0,data/exp2_images/benign_packed/f333d983ee9f242e25b85f3da72a852ff836e18c87edbd83e3a7c632d933f55e.png
f33789966a1c69a7e458d4863bb181d7530ec443d1acd51c61df961e27517567,0,data/exp2_images/benign_packed/f33789966a1c69a7e458d4863bb181d7530ec443d1acd51c61df961e27517567.png
f3530dbc0c33152b4f1f6a6a097a0f6e776e07005e334b2d4d08030a16628e7a,0,data/exp2_images/benign_packed/f3530dbc0c33152b4f1f6a6a097a0f6e776e07005e334b2d4d08030a16628e7a.png
f3614253ff96a03f28fa974470882790369076860e80b9a8ae6b55c9b7eaae04,0,data/exp2_images/benign_packed/f3614253ff96a03f28fa974470882790369076860e80b9a8ae6b55c9b7eaae04.png
f364a3188c3c96c9920bae66115647e6ab41677803043f1187e059996bdb739e,0,data/exp2_images/benign_packed/f364a3188c3c96c9920bae66115647e6ab41677803043f1187e059996bdb739e.png
f376e222241bec66cd07405a340f6df82e7c1672dfcdd353f2e3ac93d15376bb,0,data/exp2_images/benign_packed/f376e222241bec66cd07405a340f6df82e7c1672dfcdd353f2e3ac93d15376bb.png
f37d8f7491a542a402dea029dd989d149f0ccb5ef6596b0a35759469f431eac3,0,data/exp2_images/benign_packed/f37d8f7491a542a402dea029dd989d149f0ccb5ef6596b0a35759469f431eac3.png
f38960c4ef2e7b5df22c66616f65a285f7989774a9bcef2e081474fade16892d,0,data/exp2_images/benign_packed/f38960c4ef2e7b5df22c66616f65a285f7989774a9bcef2e081474fade16892d.png
f38a1ca40a80371db19d75428d8c212c32ed4065d383f64de5f2e02f469c7ab6,0,data/exp2_images/benign_packed/f38a1ca40a80371db19d75428d8c212c32ed4065d383f64de5f2e02f469c7ab6.png
f391665d17265674176131827ed2f330db090856edae2981b6d388bbf328f897,0,data/exp2_images/benign_packed/f391665d17265674176131827ed2f330db090856edae2981b6d388bbf328f897.png
f39c877e090b4e64d4998f4f29e3e92decb112ccb6a7852d1d0e56940adffbd9,0,data/exp2_images/benign_packed/f39c877e090b4e64d4998f4f29e3e92decb112ccb6a7852d1d0e56940adffbd9.png
f3a6b18bc0b15221985311a8f55581e856de63201ce33aedc1a34b6e55a06d49,0,data/exp2_images/benign_packed/f3a6b18bc0b15221985311a8f55581e856de63201ce33aedc1a34b6e55a06d49.png
f3ac3a69de4b71803529afacfbbac52c6e9676511d8d9d028c36f9d4a9ec4fb3,0,data/exp2_images/benign_packed/f3ac3a69de4b71803529afacfbbac52c6e9676511d8d9d028c36f9d4a9ec4fb3.png
f3ee17ccf9d2adaa9a5668138efa6822e1badf4f8c6221d06060fd87c58dee00,0,data/exp2_images/benign_packed/f3ee17ccf9d2adaa9a5668138efa6822e1badf4f8c6221d06060fd87c58dee00.png
f3f431178f56efff7a8a69d61f4a35122e719c7aa0a22cc3b2d178ce8aa3f946,0,data/exp2_images/benign_packed/f3f431178f56efff7a8a69d61f4a35122e719c7aa0a22cc3b2d178ce8aa3f946.png
f3febba2bcec36fd5b1d0e6e99fac77cf8477493b7dddc5897e87fe79654f6c6,0,data/exp2_images/benign_packed/f3febba2bcec36fd5b1d0e6e99fac77cf8477493b7dddc5897e87fe79654f6c6.png
f40c973f1109c7419f2ae8e42c4477aceea1f35ea8bf61f9c6a6232f7dddd1ea,0,data/exp2_images/benign_packed/f40c973f1109c7419f2ae8e42c4477aceea1f35ea8bf61f9c6a6232f7dddd1ea.png
f4163cbc464a82fce47442447351265a287561c8d64ecc2f2f97f5e73bcb4347,0,data/exp2_images/benign_packed/f4163cbc464a82fce47442447351265a287561c8d64ecc2f2f97f5e73bcb4347.png
f416cebea4e009eeb9123b5ebb86ef5b176751f11da8787da39648c4d3588646,0,data/exp2_images/benign_packed/f416cebea4e009eeb9123b5ebb86ef5b176751f11da8787da39648c4d3588646.png
f41ecd87f53b55d9522b44568b617e29d4ba5b14778db4eb7480babecb0c4579,0,data/exp2_images/benign_packed/f41ecd87f53b55d9522b44568b617e29d4ba5b14778db4eb7480babecb0c4579.png
f422ef0e18177d9ee0edfd48863734a33932c077152a7dc5f66925a64f514dff,0,data/exp2_images/benign_packed/f422ef0e18177d9ee0edfd48863734a33932c077152a7dc5f66925a64f514dff.png
f429d3c5cf91b10bd1323cef0781fbb331db2778c0e0dc79e4ea47fbdb6cff9b,0,data/exp2_images/benign_packed/f429d3c5cf91b10bd1323cef0781fbb331db2778c0e0dc79e4ea47fbdb6cff9b.png
f42b720ac82a270c648d5d15b44220a66666ca4577ca94e4820b0cdf615d65c1,0,data/exp2_images/benign_packed/f42b720ac82a270c648d5d15b44220a66666ca4577ca94e4820b0cdf615d65c1.png
f42b84b814a4e7b49c38d9f58d1c647b93c769de218732b66f982b5f6586d199,0,data/exp2_images/benign_packed/f42b84b814a4e7b49c38d9f58d1c647b93c769de218732b66f982b5f6586d199.png
f42f4982dc72fca7695a9fb4c1e32a27fccb4b9a244063878300a347c01634cf,0,data/exp2_images/benign_packed/f42f4982dc72fca7695a9fb4c1e32a27fccb4b9a244063878300a347c01634cf.png
f42fba46e39a32d112a87423936330371aad97d9aa39e90b9f2fb81cc21d77e0,0,data/exp2_images/benign_packed/f42fba46e39a32d112a87423936330371aad97d9aa39e90b9f2fb81cc21d77e0.png
f462b585b19a31dd11e6da096c5cacb18161becdda7c5a70bc6361bf1d349dfd,0,data/exp2_images/benign_packed/f462b585b19a31dd11e6da096c5cacb18161becdda7c5a70bc6361bf1d349dfd.png
f46ace6efaff462bf1cc6b7256fda46db4f0789a3fda1a79c6c7f71eda36be5c,0,data/exp2_images/benign_packed/f46ace6efaff462bf1cc6b7256fda46db4f0789a3fda1a79c6c7f71eda36be5c.png
f47d3bf7855ac674db6592f642c729dc428a89ea6aa87874894c4bbc29527f65,0,data/exp2_images/benign_packed/f47d3bf7855ac674db6592f642c729dc428a89ea6aa87874894c4bbc29527f65.png
f47e8e45a41a9a3a2dc4c67fa08eafd6cefc4be92c7ff0e1b19330252bd174ae,0,data/exp2_images/benign_packed/f47e8e45a41a9a3a2dc4c67fa08eafd6cefc4be92c7ff0e1b19330252bd174ae.png
f48e23f96e58423e45b96325ab5e0bc7ff2687c50f1bcc35db489e9e671807a6,0,data/exp2_images/benign_packed/f48e23f96e58423e45b96325ab5e0bc7ff2687c50f1bcc35db489e9e671807a6.png
f48f120bf76207dbb75e16626c89b00cb4ff4d9fb91a48df87740411ef440e75,0,data/exp2_images/benign_packed/f48f120bf76207dbb75e16626c89b00cb4ff4d9fb91a48df87740411ef440e75.png
f493a90ed9c7d0428561ed212d54d123c579002d2db2cbd612015fc24d0ea1db,0,data/exp2_images/benign_packed/f493a90ed9c7d0428561ed212d54d123c579002d2db2cbd612015fc24d0ea1db.png
f49f8d5a0f283b6513a01bb026a86f8188bc79eaa688ce3e9aab1fccc5f7b2ab,0,data/exp2_images/benign_packed/f49f8d5a0f283b6513a01bb026a86f8188bc79eaa688ce3e9aab1fccc5f7b2ab.png
f4a88f9d9f71f94fb808af142579730a90c4d16dcd56055264c4c5e0697a09ea,0,data/exp2_images/benign_packed/f4a88f9d9f71f94fb808af142579730a90c4d16dcd56055264c4c5e0697a09ea.png
f4af81848636522933f2b77b52ae694383a022b7039acf046f7516777d4226ca,0,data/exp2_images/benign_packed/f4af81848636522933f2b77b52ae694383a022b7039acf046f7516777d4226ca.png
f4b4749dc262e2530af172163806631ef2de1da5d0362892261555d0fdfbbb15,0,data/exp2_images/benign_packed/f4b4749dc262e2530af172163806631ef2de1da5d0362892261555d0fdfbbb15.png
f4b91e39fbcff6a581d5247bedcd71cc7f39393c3d62b817b3a6222b7522ddbe,0,data/exp2_images/benign_packed/f4b91e39fbcff6a581d5247bedcd71cc7f39393c3d62b817b3a6222b7522ddbe.png
f4c246c0e6061d8ac135609533253cc5448e86185afb08a85865a452829b7f13,0,data/exp2_images/benign_packed/f4c246c0e6061d8ac135609533253cc5448e86185afb08a85865a452829b7f13.png
f4c42463e229758c61232744720dcf7c2bbbd192b9db3e8444f64f25defbab64,0,data/exp2_images/benign_packed/f4c42463e229758c61232744720dcf7c2bbbd192b9db3e8444f64f25defbab64.png
f4c480d6c59584bc2c013fe86e7ff510bab3d508cabe73e570d583ca5d2b3b2a,0,data/exp2_images/benign_packed/f4c480d6c59584bc2c013fe86e7ff510bab3d508cabe73e570d583ca5d2b3b2a.png
f4ea930785ac7caa9eccff9dff1eefe72198a2a59f3e852cd6a2d8a08895ccf2,0,data/exp2_images/benign_packed/f4ea930785ac7caa9eccff9dff1eefe72198a2a59f3e852cd6a2d8a08895ccf2.png
f4ee977188acfd4227e7e92ee9a7f2843f2041b7877ce87b6873f37e620b043d,0,data/exp2_images/benign_packed/f4ee977188acfd4227e7e92ee9a7f2843f2041b7877ce87b6873f37e620b043d.png
f5126cffd49e514ef3d77b715a58c355d5d8183108bdb365bd23373698b585af,0,data/exp2_images/benign_packed/f5126cffd49e514ef3d77b715a58c355d5d8183108bdb365bd23373698b585af.png
f529eba63c5c6beb55bf9bf5819bd876d78c6ae71980b66dce741b463e7539aa,0,data/exp2_images/benign_packed/f529eba63c5c6beb55bf9bf5819bd876d78c6ae71980b66dce741b463e7539aa.png
f52e19ba4da44ab3ca36ffd388a8af158e15d48351f0dafd9edc5394f78c2fc0,0,data/exp2_images/benign_packed/f52e19ba4da44ab3ca36ffd388a8af158e15d48351f0dafd9edc5394f78c2fc0.png
f5361a361c70fe9d813c2acd2e919c76c9da4d44287c8a164fc347855f3ccd2c,0,data/exp2_images/benign_packed/f5361a361c70fe9d813c2acd2e919c76c9da4d44287c8a164fc347855f3ccd2c.png
f540e9dceb09d2827c39b3d5ccc34536f4d7910400ee64c288e8df7cee2f18fd,0,data/exp2_images/benign_packed/f540e9dceb09d2827c39b3d5ccc34536f4d7910400ee64c288e8df7cee2f18fd.png
f544a396979fc9a5a6aed860975a85e534cb39f7499c3b580bb141e6d59ecff7,0,data/exp2_images/benign_packed/f544a396979fc9a5a6aed860975a85e534cb39f7499c3b580bb141e6d59ecff7.png
f5551d0d23b7539addce6f62e0a55119c81af3d432bbda819481d6062e081755,0,data/exp2_images/benign_packed/f5551d0d23b7539addce6f62e0a55119c81af3d432bbda819481d6062e081755.png
f557e3508b69b15abfec57509e18f7f51431a77d0c39df8e9a6b7aefd70c99c0,0,data/exp2_images/benign_packed/f557e3508b69b15abfec57509e18f7f51431a77d0c39df8e9a6b7aefd70c99c0.png
f560fbd736db3b86b0507239fd3c37328539a1be151571200f2002f1798ea5c7,0,data/exp2_images/benign_packed/f560fbd736db3b86b0507239fd3c37328539a1be151571200f2002f1798ea5c7.png
f56b00f15db123ee491f4de1f1c7abc98b166bb874bbd9f58c0a3ba17e087bb8,0,data/exp2_images/benign_packed/f56b00f15db123ee491f4de1f1c7abc98b166bb874bbd9f58c0a3ba17e087bb8.png
f56eed692898bf539d93fa975df6cc8082c6a895338442f34ea0f33dc889c813,0,data/exp2_images/benign_packed/f56eed692898bf539d93fa975df6cc8082c6a895338442f34ea0f33dc889c813.png
f5715108d4d68be1b3b318e7a1853a9e6928e45a0042e341878a2690236ced01,0,data/exp2_images/benign_packed/f5715108d4d68be1b3b318e7a1853a9e6928e45a0042e341878a2690236ced01.png
f57539a9546ae78b095effd75d221f1bce8007f8ca97e0f4b6d68216276923bc,0,data/exp2_images/benign_packed/f57539a9546ae78b095effd75d221f1bce8007f8ca97e0f4b6d68216276923bc.png
f5b4e48fe78ddb1563876b6c6b6b70ac048ff312e47fd7b696027b8fbb3cab42,0,data/exp2_images/benign_packed/f5b4e48fe78ddb1563876b6c6b6b70ac048ff312e47fd7b696027b8fbb3cab42.png
f5b8d76e3c54607b7e44917514ebab4a42941698de19a97e0d3935b63716f80b,0,data/exp2_images/benign_packed/f5b8d76e3c54607b7e44917514ebab4a42941698de19a97e0d3935b63716f80b.png
f5bf492fe568eb57d2e7111b1c3927f1ee897b5a1109bc68ebe011a2dfdef2fe,0,data/exp2_images/benign_packed/f5bf492fe568eb57d2e7111b1c3927f1ee897b5a1109bc68ebe011a2dfdef2fe.png
f5c3fa2b4ef254d36db3541e8e9a24f6649289daa589932549246629d2751e9d,0,data/exp2_images/benign_packed/f5c3fa2b4ef254d36db3541e8e9a24f6649289daa589932549246629d2751e9d.png
f5c6a2c4e712496e8204a047e6f73fd6749ee19c0a461114387a0d96de48cdd8,0,data/exp2_images/benign_packed/f5c6a2c4e712496e8204a047e6f73fd6749ee19c0a461114387a0d96de48cdd8.png
f5c9052a5ffa426dd5f8f3e319cdc1d95ba1a2091802eee08ae10853a1305022,0,data/exp2_images/benign_packed/f5c9052a5ffa426dd5f8f3e319cdc1d95ba1a2091802eee08ae10853a1305022.png
f5d39751b756535c3ec31227494185db620a210b81a6b73ea25be99dd10976d5,0,data/exp2_images/benign_packed/f5d39751b756535c3ec31227494185db620a210b81a6b73ea25be99dd10976d5.png
f5d5bc4807c4e80de2d7ec952a8dec3b1d6cb7bd327415bf5d412a1cb91bc4b7,0,data/exp2_images/benign_packed/f5d5bc4807c4e80de2d7ec952a8dec3b1d6cb7bd327415bf5d412a1cb91bc4b7.png
f5dec030c7e98a32f27015300e410e3999b0ccf1741410a2563d9489d98d1769,0,data/exp2_images/benign_packed/f5dec030c7e98a32f27015300e410e3999b0ccf1741410a2563d9489d98d1769.png
f5e5013785b4c911c63c5f123b19cba8ff2a2cddd0f03de952e5d3e8a5bd508b,0,data/exp2_images/benign_packed/f5e5013785b4c911c63c5f123b19cba8ff2a2cddd0f03de952e5d3e8a5bd508b.png
f5e9279628a9cbbdb6eb4c0767253d70d133d389f9e2fb2e8c31f985e6e2b6fb,0,data/exp2_images/benign_packed/f5e9279628a9cbbdb6eb4c0767253d70d133d389f9e2fb2e8c31f985e6e2b6fb.png
f5f635c0cf8252b81c8283ae7063e5bdbc7d608ee8798ec6064707b489339d5d,0,data/exp2_images/benign_packed/f5f635c0cf8252b81c8283ae7063e5bdbc7d608ee8798ec6064707b489339d5d.png
f5f71a59cc7a52f39f46fd6390ef6707d4c59077df0bce1aa4776f51d49b23ba,0,data/exp2_images/benign_packed/f5f71a59cc7a52f39f46fd6390ef6707d4c59077df0bce1aa4776f51d49b23ba.png
f6199b7d040b24a8082b1f6c53557d70f412217638ac3e608836a58d8e5c9c9c,0,data/exp2_images/benign_packed/f6199b7d040b24a8082b1f6c53557d70f412217638ac3e608836a58d8e5c9c9c.png
f61ff9a9408c1549291991ee268c7a16d8a26c8988388c1f4ee41930c7a0e490,0,data/exp2_images/benign_packed/f61ff9a9408c1549291991ee268c7a16d8a26c8988388c1f4ee41930c7a0e490.png
f62393b8733671406db45c3d7480e911371fdec7576c3f10643d29c270da5cce,0,data/exp2_images/benign_packed/f62393b8733671406db45c3d7480e911371fdec7576c3f10643d29c270da5cce.png
f623cf6a86e3edef377ba6895b4fc15cbc3945c379f57b46de7ebd07c813dd3d,0,data/exp2_images/benign_packed/f623cf6a86e3edef377ba6895b4fc15cbc3945c379f57b46de7ebd07c813dd3d.png
f6279abc2df21ebb550dd72d7042621d8a612c381a9189574022586d1a38d07c,0,data/exp2_images/benign_packed/f6279abc2df21ebb550dd72d7042621d8a612c381a9189574022586d1a38d07c.png
f62c18b00f87907a37c167dea4774e62593f769f796880776a837bb669f687ef,0,data/exp2_images/benign_packed/f62c18b00f87907a37c167dea4774e62593f769f796880776a837bb669f687ef.png
f62df3de37282208e5ced87fb7608ce2e6880dbb18415e6017bea2366276e5d2,0,data/exp2_images/benign_packed/f62df3de37282208e5ced87fb7608ce2e6880dbb18415e6017bea2366276e5d2.png
f632b408a335494ee577334c88bf80bd3592d1a5a95431804e695bb472570f7c,0,data/exp2_images/benign_packed/f632b408a335494ee577334c88bf80bd3592d1a5a95431804e695bb472570f7c.png
f63cf37c55774ed6838c0588e1279fd805db9ae24f05cbaf71b19d92193e7909,0,data/exp2_images/benign_packed/f63cf37c55774ed6838c0588e1279fd805db9ae24f05cbaf71b19d92193e7909.png
f64e65680aa39cdcfa7240ddb541e7e2a0923927a8d09ce13f00a65b8e011bd4,0,data/exp2_images/benign_packed/f64e65680aa39cdcfa7240ddb541e7e2a0923927a8d09ce13f00a65b8e011bd4.png
f657063e0fa7d75ece31ff7c443d31d9cfd6a94cb5a9e8258574a92288b7759c,0,data/exp2_images/benign_packed/f657063e0fa7d75ece31ff7c443d31d9cfd6a94cb5a9e8258574a92288b7759c.png
f670286e7079c050fab2742ed43991f3f4474018496d74abfbd38fb2478a8e9e,0,data/exp2_images/benign_packed/f670286e7079c050fab2742ed43991f3f4474018496d74abfbd38fb2478a8e9e.png
f679aa6fe6ed32847a71f95bf054bc0f6b703e94f651dad4067a9362fac14ed2,0,data/exp2_images/benign_packed/f679aa6fe6ed32847a71f95bf054bc0f6b703e94f651dad4067a9362fac14ed2.png
f67e56a7d4dd50d72381811cc2ce398add28b976c98829b5bbff03a0cd765cae,0,data/exp2_images/benign_packed/f67e56a7d4dd50d72381811cc2ce398add28b976c98829b5bbff03a0cd765cae.png
f68171983bb17a212e31e194a6e8ebe3b4673f73d7292f59bbdc57358c615a23,0,data/exp2_images/benign_packed/f68171983bb17a212e31e194a6e8ebe3b4673f73d7292f59bbdc57358c615a23.png
f682defe187e74f53cb74781010704aa07906533d488dc3bd0cfe9973c9bd504,0,data/exp2_images/benign_packed/f682defe187e74f53cb74781010704aa07906533d488dc3bd0cfe9973c9bd504.png
f695f156fc4e2498b2e3ab9aa1a5483af84fdce9ea779c2aed93dae88b69ff6e,0,data/exp2_images/benign_packed/f695f156fc4e2498b2e3ab9aa1a5483af84fdce9ea779c2aed93dae88b69ff6e.png
f69e9d865d043bc0a4f820656d3c941e15bf9e08e794a77df0ecf5a5ab1f9b38,0,data/exp2_images/benign_packed/f69e9d865d043bc0a4f820656d3c941e15bf9e08e794a77df0ecf5a5ab1f9b38.png
f6aa96934bb1474197ec17206c8b3c50349a5332c92b2e0372c81593619bd3f2,0,data/exp2_images/benign_packed/f6aa96934bb1474197ec17206c8b3c50349a5332c92b2e0372c81593619bd3f2.png
f6b18a7891f83ce2347f7521c4756acf9d12e35b61522b408203280698cc686c,0,data/exp2_images/benign_packed/f6b18a7891f83ce2347f7521c4756acf9d12e35b61522b408203280698cc686c.png
f6c2ccebf39abce414d52901c195e9ba55f34f3e923ff47ec2f52792695e3198,0,data/exp2_images/benign_packed/f6c2ccebf39abce414d52901c195e9ba55f34f3e923ff47ec2f52792695e3198.png
f6c9b619743e2433ab0fa80dc64d3faa4f8b205703bfdf6bc75f20c536582df0,0,data/exp2_images/benign_packed/f6c9b619743e2433ab0fa80dc64d3faa4f8b205703bfdf6bc75f20c536582df0.png
f6cd7046962925c55a9c605483048c871979984ffc3d398c8c5e627e234a7559,0,data/exp2_images/benign_packed/f6cd7046962925c55a9c605483048c871979984ffc3d398c8c5e627e234a7559.png
f6da06dc8e092551dd79f35da971d696d4a463e804f3d4ad5ea1847ad101f3fe,0,data/exp2_images/benign_packed/f6da06dc8e092551dd79f35da971d696d4a463e804f3d4ad5ea1847ad101f3fe.png
f6e08ce986d530a633717a046d130b07f02ed1ed6fec6d7e0c981dcb1b961491,0,data/exp2_images/benign_packed/f6e08ce986d530a633717a046d130b07f02ed1ed6fec6d7e0c981dcb1b961491.png
f6ec278f26882a7483a63df9cab5014c932b62b4bc40c2919cd3c39b004fb4dc,0,data/exp2_images/benign_packed/f6ec278f26882a7483a63df9cab5014c932b62b4bc40c2919cd3c39b004fb4dc.png
f6fc3dc44f2d9cc0b666953dd6788932929277cc35b714ae8d3981e5d88b1c81,0,data/exp2_images/benign_packed/f6fc3dc44f2d9cc0b666953dd6788932929277cc35b714ae8d3981e5d88b1c81.png
f6fc89f698a4cb21ca50da0ded143affca62644bbd5fa3bd2da9b38b4ddc0f87,0,data/exp2_images/benign_packed/f6fc89f698a4cb21ca50da0ded143affca62644bbd5fa3bd2da9b38b4ddc0f87.png
f6ff53af8767f91e5760cce8753f0be6dfd7d01ad779f4d1b03646642a97a580,0,data/exp2_images/benign_packed/f6ff53af8767f91e5760cce8753f0be6dfd7d01ad779f4d1b03646642a97a580.png
f7020e4585ab614dd1f1b13743e0587b83a53955e508af6eb21506f78c28b44e,0,data/exp2_images/benign_packed/f7020e4585ab614dd1f1b13743e0587b83a53955e508af6eb21506f78c28b44e.png
f710bd6043d64fd9baf691e9e862df3445f9aae92fa4e1c3448cedc306bb172b,0,data/exp2_images/benign_packed/f710bd6043d64fd9baf691e9e862df3445f9aae92fa4e1c3448cedc306bb172b.png
f73195a73e3fbd9e63b5d90b2b3d3b37cbb60b3e393f34996b3a129ab6e9d594,0,data/exp2_images/benign_packed/f73195a73e3fbd9e63b5d90b2b3d3b37cbb60b3e393f34996b3a129ab6e9d594.png
f7327bbcfb91c63b7c6982f79770dafc966c14a825fff173d1e5936bb7d71a80,0,data/exp2_images/benign_packed/f7327bbcfb91c63b7c6982f79770dafc966c14a825fff173d1e5936bb7d71a80.png
f7363f83429965809e3c1c51e16e328b6556de7b7885d704629ca9b0c115197f,0,data/exp2_images/benign_packed/f7363f83429965809e3c1c51e16e328b6556de7b7885d704629ca9b0c115197f.png
f74b31352ddf7207deab1e2c2ff29c607c2cde022d458f2f2c5616445b85e8a1,0,data/exp2_images/benign_packed/f74b31352ddf7207deab1e2c2ff29c607c2cde022d458f2f2c5616445b85e8a1.png
f75debd3735297f8bcea6dfe3ab8aad180153ff16f14b9853d1d12f424d997e5,0,data/exp2_images/benign_packed/f75debd3735297f8bcea6dfe3ab8aad180153ff16f14b9853d1d12f424d997e5.png
f7639d080d2722c550c4e7728192d838f62520a412debde9f1d0ea1dc118003c,0,data/exp2_images/benign_packed/f7639d080d2722c550c4e7728192d838f62520a412debde9f1d0ea1dc118003c.png
f76b0e2dfc97b1f59d735b940c992c779206e08f967b9d69f65923be6178124d,0,data/exp2_images/benign_packed/f76b0e2dfc97b1f59d735b940c992c779206e08f967b9d69f65923be6178124d.png
f7715a4aacd53aa8547615826cb1bc4bc16736ccef24ab3896d096c3fe06249c,0,data/exp2_images/benign_packed/f7715a4aacd53aa8547615826cb1bc4bc16736ccef24ab3896d096c3fe06249c.png
f77fbaf293357426b64c1c6b48b208e8e256dc0f167251cba57fca48e30562b5,0,data/exp2_images/benign_packed/f77fbaf293357426b64c1c6b48b208e8e256dc0f167251cba57fca48e30562b5.png
f780f63913db481cc6dfd46f04f2fa8589dc237df030a386039338a860c98c41,0,data/exp2_images/benign_packed/f780f63913db481cc6dfd46f04f2fa8589dc237df030a386039338a860c98c41.png
f7a84acd9c59d270ae974233e2295fa3fd706220994adde78972913e6894039d,0,data/exp2_images/benign_packed/f7a84acd9c59d270ae974233e2295fa3fd706220994adde78972913e6894039d.png
f7ad5665cba096af3d6f6ede5ec1fac9f5786c583e6147b4d0dc1867e83145c7,0,data/exp2_images/benign_packed/f7ad5665cba096af3d6f6ede5ec1fac9f5786c583e6147b4d0dc1867e83145c7.png
f7b0391bb3d0d446ae5c1c15cce8f36c6f9bfded5123aeecf2f7b7bc4b72cfb9,0,data/exp2_images/benign_packed/f7b0391bb3d0d446ae5c1c15cce8f36c6f9bfded5123aeecf2f7b7bc4b72cfb9.png
f7d6716edc12d67896e06bf7db191e92bd89e7b921fe0ffe99123d56a0cb8eb0,0,data/exp2_images/benign_packed/f7d6716edc12d67896e06bf7db191e92bd89e7b921fe0ffe99123d56a0cb8eb0.png
f7e741c391f3ca125d8d34d7924fd2510701b2f2c9a76f1e3e3698343355defc,0,data/exp2_images/benign_packed/f7e741c391f3ca125d8d34d7924fd2510701b2f2c9a76f1e3e3698343355defc.png
f7ec569672caa19720540b32019a7998ce0362ccda29a1a44d20a72bfdaf17f3,0,data/exp2_images/benign_packed/f7ec569672caa19720540b32019a7998ce0362ccda29a1a44d20a72bfdaf17f3.png
f7f367df5d0fb5e32113515339d928a51d4253b1c0e21854277f67d0b271fce3,0,data/exp2_images/benign_packed/f7f367df5d0fb5e32113515339d928a51d4253b1c0e21854277f67d0b271fce3.png
f81b87079f9628c1186b5afb8816e452b606af58cef3e1591af49e2979767de0,0,data/exp2_images/benign_packed/f81b87079f9628c1186b5afb8816e452b606af58cef3e1591af49e2979767de0.png
f82f2a6c9c2ca034b7122c6cbf375423a216b2cacf043b0ec21f392e0df02131,0,data/exp2_images/benign_packed/f82f2a6c9c2ca034b7122c6cbf375423a216b2cacf043b0ec21f392e0df02131.png
f83498e19dd079503d8b7df2ca14f30509eded833c0bbd09bf46accebb3d7a77,0,data/exp2_images/benign_packed/f83498e19dd079503d8b7df2ca14f30509eded833c0bbd09bf46accebb3d7a77.png
f84b58b6fcec1ed97e97707ee35820eb027b5969aeadfc406f9c9e0151383a67,0,data/exp2_images/benign_packed/f84b58b6fcec1ed97e97707ee35820eb027b5969aeadfc406f9c9e0151383a67.png
f85afb050106918014dc983e45bc4616fee35bfd3dd89dd235cb3575c5f8d5c2,0,data/exp2_images/benign_packed/f85afb050106918014dc983e45bc4616fee35bfd3dd89dd235cb3575c5f8d5c2.png
f85cdbeef84d8e28c97c63f0fd6dea3445440e2b56f50b8b068d21afeda5bfd8,0,data/exp2_images/benign_packed/f85cdbeef84d8e28c97c63f0fd6dea3445440e2b56f50b8b068d21afeda5bfd8.png
f873a981001e7a8cd3545928d623088ac8c225676fde6aba2f6a90d134820cbf,0,data/exp2_images/benign_packed/f873a981001e7a8cd3545928d623088ac8c225676fde6aba2f6a90d134820cbf.png
f88420ddf314352ab3ff5559063d41c3fefacdebfbef17efb6b342693404c490,0,data/exp2_images/benign_packed/f88420ddf314352ab3ff5559063d41c3fefacdebfbef17efb6b342693404c490.png
f89075cefa260d6f847a0b351cb8f3b0c88078a2e3c3d4c8cddeeeec401426c0,0,data/exp2_images/benign_packed/f89075cefa260d6f847a0b351cb8f3b0c88078a2e3c3d4c8cddeeeec401426c0.png
f89fb5413b17bde6a381b8013eb097c709fdbe89d8f35271330b4e9e2773a654,0,data/exp2_images/benign_packed/f89fb5413b17bde6a381b8013eb097c709fdbe89d8f35271330b4e9e2773a654.png
f8a6dcd67ffd9886db81de8ec74f619dd2c56409ec00453a386e9c089e4bfdc3,0,data/exp2_images/benign_packed/f8a6dcd67ffd9886db81de8ec74f619dd2c56409ec00453a386e9c089e4bfdc3.png
f8a91d71f5ad4e9884dc88fd334537ff89c1ea11fbbe39d66a10d07ba8c196a0,0,data/exp2_images/benign_packed/f8a91d71f5ad4e9884dc88fd334537ff89c1ea11fbbe39d66a10d07ba8c196a0.png
f8b787085f12c6d6cc7f8103df716000a2d740974d30f49d794928691777a8eb,0,data/exp2_images/benign_packed/f8b787085f12c6d6cc7f8103df716000a2d740974d30f49d794928691777a8eb.png
f8bfadc869da5c87fde870c0282bb9a7d104e27583fbea9a6f5b7e34ffea8a55,0,data/exp2_images/benign_packed/f8bfadc869da5c87fde870c0282bb9a7d104e27583fbea9a6f5b7e34ffea8a55.png
f8d69d40deecb522a2524722cf588b8daf9ccd148021c4c8748148d6a1386779,0,data/exp2_images/benign_packed/f8d69d40deecb522a2524722cf588b8daf9ccd148021c4c8748148d6a1386779.png
f8f06b02d7791191801efe22a293680e72938aedc72742ec28ec0dad312031d5,0,data/exp2_images/benign_packed/f8f06b02d7791191801efe22a293680e72938aedc72742ec28ec0dad312031d5.png
f8f078436e7a6b122189715b839a772d856ccb8f29267c348404e45a410c0d05,0,data/exp2_images/benign_packed/f8f078436e7a6b122189715b839a772d856ccb8f29267c348404e45a410c0d05.png
f920db9719c9c385c04e1db33eeb5172a122d4982234986829a2b7276136eb2c,0,data/exp2_images/benign_packed/f920db9719c9c385c04e1db33eeb5172a122d4982234986829a2b7276136eb2c.png
f9311afde24b55ed226488889b290fd7e13b491266aabaa62ab6726fc361b06e,0,data/exp2_images/benign_packed/f9311afde24b55ed226488889b290fd7e13b491266aabaa62ab6726fc361b06e.png
f93defac454d8922f8fedba8ec297134f05412879c6645c2ca71100257b6f4ab,0,data/exp2_images/benign_packed/f93defac454d8922f8fedba8ec297134f05412879c6645c2ca71100257b6f4ab.png
f941b0c61f2a87cc964cdcfec4d042b790d5ce36c0264895601a2e380d278039,0,data/exp2_images/benign_packed/f941b0c61f2a87cc964cdcfec4d042b790d5ce36c0264895601a2e380d278039.png
f94b86456401b35bde0f5187ced6364277d30814d2566b95c8f8edca5bc016fb,0,data/exp2_images/benign_packed/f94b86456401b35bde0f5187ced6364277d30814d2566b95c8f8edca5bc016fb.png
f95921aa7f0c785ccfb57d4d19a3df20d48ebce085dbb9e16f77a94361f880ae,0,data/exp2_images/benign_packed/f95921aa7f0c785ccfb57d4d19a3df20d48ebce085dbb9e16f77a94361f880ae.png
f96940a257e306bd9bd189bb236ec5c636cca02ea4ade78c26ea0d591d322ac5,0,data/exp2_images/benign_packed/f96940a257e306bd9bd189bb236ec5c636cca02ea4ade78c26ea0d591d322ac5.png
f96d915c2d51346fe1a35a7d0b7acef7a3734af2c75579085fce9d1a29e0f2e6,0,data/exp2_images/benign_packed/f96d915c2d51346fe1a35a7d0b7acef7a3734af2c75579085fce9d1a29e0f2e6.png
f96f7ce5339642938e453db0941b69e7837a1f515874f955e07a439b69fbc78c,0,data/exp2_images/benign_packed/f96f7ce5339642938e453db0941b69e7837a1f515874f955e07a439b69fbc78c.png
f99431202b37446135b44ed9bd62a7718027a2622707c31054f947efd40f6a8e,0,data/exp2_images/benign_packed/f99431202b37446135b44ed9bd62a7718027a2622707c31054f947efd40f6a8e.png
f9a2de62174dbb22fde7eb5fe8cc3fb0c6647164caca7dbeb168c64857ebe8c6,0,data/exp2_images/benign_packed/f9a2de62174dbb22fde7eb5fe8cc3fb0c6647164caca7dbeb168c64857ebe8c6.png
f9abc9b65477d2a7d4193a64873bab9be09ed9ebaef1fcdc7025185d88d61895,0,data/exp2_images/benign_packed/f9abc9b65477d2a7d4193a64873bab9be09ed9ebaef1fcdc7025185d88d61895.png
f9ce1862a7ad0746d188bd9c444c791bcdc47b22635d664b089340368bcd21d0,0,data/exp2_images/benign_packed/f9ce1862a7ad0746d188bd9c444c791bcdc47b22635d664b089340368bcd21d0.png
f9d8f1dc63320c7015795d7d2b534ed4bbab163c911f1178bdd2a5feb60f49d3,0,data/exp2_images/benign_packed/f9d8f1dc63320c7015795d7d2b534ed4bbab163c911f1178bdd2a5feb60f49d3.png
f9e2c8e6e1caa57af40baf000a1d09ae77fbbdd1a4d38b5653189012ba6276d7,0,data/exp2_images/benign_packed/f9e2c8e6e1caa57af40baf000a1d09ae77fbbdd1a4d38b5653189012ba6276d7.png
f9e87d788b4ea2116d2e051570d9bb7ec693ffa944aa759adbd8b9bb3c89788c,0,data/exp2_images/benign_packed/f9e87d788b4ea2116d2e051570d9bb7ec693ffa944aa759adbd8b9bb3c89788c.png
fa076e3e5ecfd1c957743d9c90122d24c8f9bf1b00d8a7e452a46686f03550d4,0,data/exp2_images/benign_packed/fa076e3e5ecfd1c957743d9c90122d24c8f9bf1b00d8a7e452a46686f03550d4.png
fa113cacb64eb682c9009efe4ddb034d2e3f71c3d34d5c2b61890f40c3f1a5a4,0,data/exp2_images/benign_packed/fa113cacb64eb682c9009efe4ddb034d2e3f71c3d34d5c2b61890f40c3f1a5a4.png
fa2f4d02ef1b75730925548e3c943ae3c939526fe2e367ebd74e9f5b83427e71,0,data/exp2_images/benign_packed/fa2f4d02ef1b75730925548e3c943ae3c939526fe2e367ebd74e9f5b83427e71.png
fa32a99237813c4d23ff4c8316fead97b80694011e9cdfc55bf39e01c9041471,0,data/exp2_images/benign_packed/fa32a99237813c4d23ff4c8316fead97b80694011e9cdfc55bf39e01c9041471.png
fa6f3561a228d0d85c41d709e005d0690da666bd15330d8b4f3a17b0edaedf84,0,data/exp2_images/benign_packed/fa6f3561a228d0d85c41d709e005d0690da666bd15330d8b4f3a17b0edaedf84.png
fa72b6895baf61bd876f11c2fb88255cc07d4a8cba0925b88b1b61a3f56c2492,0,data/exp2_images/benign_packed/fa72b6895baf61bd876f11c2fb88255cc07d4a8cba0925b88b1b61a3f56c2492.png
fa7c499b2eef78d5c931af65bf0f273f7b03848641f057c0cbefaf6444354ba9,0,data/exp2_images/benign_packed/fa7c499b2eef78d5c931af65bf0f273f7b03848641f057c0cbefaf6444354ba9.png
fa8d93c9adc12279791e70ead204cdc5720073da5a9a41329e85c65a72b432d2,0,data/exp2_images/benign_packed/fa8d93c9adc12279791e70ead204cdc5720073da5a9a41329e85c65a72b432d2.png
fa98c952dc568cbea659ad8505ed2ee177ee6ad22dcec6b879994299d2cff278,0,data/exp2_images/benign_packed/fa98c952dc568cbea659ad8505ed2ee177ee6ad22dcec6b879994299d2cff278.png
faa30e1ac7b983ef2dfad3056152dbc9e36e99ce9c4172d3766497ed7487731d,0,data/exp2_images/benign_packed/faa30e1ac7b983ef2dfad3056152dbc9e36e99ce9c4172d3766497ed7487731d.png
fab99627901d86b68c73f7dc3753d879b72d545f45970fe921a9b35c67bfe38e,0,data/exp2_images/benign_packed/fab99627901d86b68c73f7dc3753d879b72d545f45970fe921a9b35c67bfe38e.png
fabbddc0e7bcb64cc57b68dbb4d26483086917a9dccb6a014b956f8554d539f5,0,data/exp2_images/benign_packed/fabbddc0e7bcb64cc57b68dbb4d26483086917a9dccb6a014b956f8554d539f5.png
fac23787e7c199c1969806850b5a9652f66f6dcac86f48f6f834abc253848a55,0,data/exp2_images/benign_packed/fac23787e7c199c1969806850b5a9652f66f6dcac86f48f6f834abc253848a55.png
facde0e704274720ee04a9d32b03010da863ca34c1cf7e55bea2e2705c0b7e6d,0,data/exp2_images/benign_packed/facde0e704274720ee04a9d32b03010da863ca34c1cf7e55bea2e2705c0b7e6d.png
fad18c064434d6dc9ba450d147c6eff94b302591ea79a9f806b17e12f316757e,0,data/exp2_images/benign_packed/fad18c064434d6dc9ba450d147c6eff94b302591ea79a9f806b17e12f316757e.png
fad251b5ca8636364522c9b18368dcf905ba13bb7435c58a3aa30a57186d8da5,0,data/exp2_images/benign_packed/fad251b5ca8636364522c9b18368dcf905ba13bb7435c58a3aa30a57186d8da5.png
faeef94db490bd62941dcfcc0623475a4acd0c55bfe43105de01f78b5de65840,0,data/exp2_images/benign_packed/faeef94db490bd62941dcfcc0623475a4acd0c55bfe43105de01f78b5de65840.png
fb1645cb764f4f4811f11804cfe363e6ec5349bc8b2f7665a233ce6f1c228a7a,0,data/exp2_images/benign_packed/fb1645cb764f4f4811f11804cfe363e6ec5349bc8b2f7665a233ce6f1c228a7a.png
fb18a61d4b7d2bcea5823cc0ffe0df485f6680bbc22c6a8c534120d96297e678,0,data/exp2_images/benign_packed/fb18a61d4b7d2bcea5823cc0ffe0df485f6680bbc22c6a8c534120d96297e678.png
fb1a05851b65e442983342cb1df3fb022112576aaf5d51774baf5dea3acc111e,0,data/exp2_images/benign_packed/fb1a05851b65e442983342cb1df3fb022112576aaf5d51774baf5dea3acc111e.png
fb1b29768e74d69b9dd3fa70f5fde51d2796ca5112d3f016afda5b6644bbae5e,0,data/exp2_images/benign_packed/fb1b29768e74d69b9dd3fa70f5fde51d2796ca5112d3f016afda5b6644bbae5e.png
fb3582c48c1cae43d80ca30def163b07c233da803831911725c86e8df4b1fe51,0,data/exp2_images/benign_packed/fb3582c48c1cae43d80ca30def163b07c233da803831911725c86e8df4b1fe51.png
fb35f33f66dd4015d91ce4fb485857c1a22d4a76e8f0c27683baa2e359b730f5,0,data/exp2_images/benign_packed/fb35f33f66dd4015d91ce4fb485857c1a22d4a76e8f0c27683baa2e359b730f5.png
fb39e9d4bb72aa084df273fea43cad0860ff30704a25c0c0d4121f25d97b5644,0,data/exp2_images/benign_packed/fb39e9d4bb72aa084df273fea43cad0860ff30704a25c0c0d4121f25d97b5644.png
fb3a8c76a2a4e5c69a64258089c9fac4d2e4863a5ec4ac868468615ff2489a74,0,data/exp2_images/benign_packed/fb3a8c76a2a4e5c69a64258089c9fac4d2e4863a5ec4ac868468615ff2489a74.png
fb43a1bff50248a624dc13b38de511287c2080e662e9eb2454337377e309a2d3,0,data/exp2_images/benign_packed/fb43a1bff50248a624dc13b38de511287c2080e662e9eb2454337377e309a2d3.png
fb43e4632e4f1d4a727863cc0d16b3f0374522998ab309a6c6f72f6f4a22f5aa,0,data/exp2_images/benign_packed/fb43e4632e4f1d4a727863cc0d16b3f0374522998ab309a6c6f72f6f4a22f5aa.png
fb4558e52c5929ce7841254db628991c0bdf1d70063e6aedb3dcd144e17c1638,0,data/exp2_images/benign_packed/fb4558e52c5929ce7841254db628991c0bdf1d70063e6aedb3dcd144e17c1638.png
fb7aaec5041bbe82059d9ade519db9168ca7ec55f1d6bd12e526300a5a8fa06d,0,data/exp2_images/benign_packed/fb7aaec5041bbe82059d9ade519db9168ca7ec55f1d6bd12e526300a5a8fa06d.png
fb93811a325ab59af45cdaeb57d47a8b1dacfdb19b87cefd1366cb0680250f1a,0,data/exp2_images/benign_packed/fb93811a325ab59af45cdaeb57d47a8b1dacfdb19b87cefd1366cb0680250f1a.png
fb938b0cfe52445864f2bb0a9b1c1fa471203f465315d8f7caf58e262845990e,0,data/exp2_images/benign_packed/fb938b0cfe52445864f2bb0a9b1c1fa471203f465315d8f7caf58e262845990e.png
fb96f969dd3a8aae8090d0648709012a0b0218a071fd59026b29aa67b2b5c77b,0,data/exp2_images/benign_packed/fb96f969dd3a8aae8090d0648709012a0b0218a071fd59026b29aa67b2b5c77b.png
fbb804793281363b32901b41037023b7b44c00487cfcb6ca455fb521b097734f,0,data/exp2_images/benign_packed/fbb804793281363b32901b41037023b7b44c00487cfcb6ca455fb521b097734f.png
fbe4553fc2b4dc146c51538dc32d3b25e271954bac64b43fb4327dae070f063d,0,data/exp2_images/benign_packed/fbe4553fc2b4dc146c51538dc32d3b25e271954bac64b43fb4327dae070f063d.png
fbec42e66554bd60d2b384b4a2b6e653adeb1fe52747f9db611dafc913c03712,0,data/exp2_images/benign_packed/fbec42e66554bd60d2b384b4a2b6e653adeb1fe52747f9db611dafc913c03712.png
fbecdf10df2d211041e9f2830fb7bb749b172e9c119c6ef8b8a54c856b145c4b,0,data/exp2_images/benign_packed/fbecdf10df2d211041e9f2830fb7bb749b172e9c119c6ef8b8a54c856b145c4b.png
fbee2c888fd29a51cce3ae81a88aea37829826881e92032358a697d79897578f,0,data/exp2_images/benign_packed/fbee2c888fd29a51cce3ae81a88aea37829826881e92032358a697d79897578f.png
fbf41e4b53f51bbf73fee37b6120103fea6b7d5ae29916f8ef50c50cfdedeead,0,data/exp2_images/benign_packed/fbf41e4b53f51bbf73fee37b6120103fea6b7d5ae29916f8ef50c50cfdedeead.png
fbfa2afdad6e1a3e773be29a882f2ea0b8d70afea82b880d064a2f1465f0fe91,0,data/exp2_images/benign_packed/fbfa2afdad6e1a3e773be29a882f2ea0b8d70afea82b880d064a2f1465f0fe91.png
fbfdedb850f535b635f17053f33bad5e5f72785a576ba5a8b1c6adff4488b430,0,data/exp2_images/benign_packed/fbfdedb850f535b635f17053f33bad5e5f72785a576ba5a8b1c6adff4488b430.png
fc0f8d20a901ffafca8e20a52c6ea61c64d1470cb01231a2b45ab943bf04065f,0,data/exp2_images/benign_packed/fc0f8d20a901ffafca8e20a52c6ea61c64d1470cb01231a2b45ab943bf04065f.png
fc240d60f454aa2aa5855bd54d20b90f17ffaa2c01ae7f20f24de7cb714996e0,0,data/exp2_images/benign_packed/fc240d60f454aa2aa5855bd54d20b90f17ffaa2c01ae7f20f24de7cb714996e0.png
fc2b141800f468c344548a4344d963c06be5b8998368d616c6de2a8c4912a118,0,data/exp2_images/benign_packed/fc2b141800f468c344548a4344d963c06be5b8998368d616c6de2a8c4912a118.png
fc32ed3ffd43b5ba7122ad56c88d3ac85abe28f2633dea042cf5a351f3bed9c5,0,data/exp2_images/benign_packed/fc32ed3ffd43b5ba7122ad56c88d3ac85abe28f2633dea042cf5a351f3bed9c5.png
fc396bcd48f8f45f373ed56366e12565512fdea400b8520653775c5c924c8184,0,data/exp2_images/benign_packed/fc396bcd48f8f45f373ed56366e12565512fdea400b8520653775c5c924c8184.png
fc4a8f1f4df13f5616ee3b9e2ba4761f928f7d6ebab9a92d4e0b17191a9065c4,0,data/exp2_images/benign_packed/fc4a8f1f4df13f5616ee3b9e2ba4761f928f7d6ebab9a92d4e0b17191a9065c4.png
fc50ca3916cc2e7c9ac21ae4c86485740e5e467cd9dd06d577f5af2edcb05265,0,data/exp2_images/benign_packed/fc50ca3916cc2e7c9ac21ae4c86485740e5e467cd9dd06d577f5af2edcb05265.png
fc52fd1ac1801f371123d3eb0f8afaa3348c5a86e72c43beefb2a0ff3cfa1ac9,0,data/exp2_images/benign_packed/fc52fd1ac1801f371123d3eb0f8afaa3348c5a86e72c43beefb2a0ff3cfa1ac9.png
fc62238297e505049999ad0591c989ba74c169dffd9dd9cb1290b2a3373dda6b,0,data/exp2_images/benign_packed/fc62238297e505049999ad0591c989ba74c169dffd9dd9cb1290b2a3373dda6b.png
fc62cefb71d5aaafb76bbfd39e0989053bd246d4ff53f6b2d8e0a6639599eecd,0,data/exp2_images/benign_packed/fc62cefb71d5aaafb76bbfd39e0989053bd246d4ff53f6b2d8e0a6639599eecd.png
fc6d9e57f187c688abc809228d76186a19c19a535b1f57063cd34fe4196ca4c8,0,data/exp2_images/benign_packed/fc6d9e57f187c688abc809228d76186a19c19a535b1f57063cd34fe4196ca4c8.png
fc802fa89cb4eb10535885c4ffda1acab22e50ce8c3c1a049a144fa0932e94dc,0,data/exp2_images/benign_packed/fc802fa89cb4eb10535885c4ffda1acab22e50ce8c3c1a049a144fa0932e94dc.png
fc83a837d4ed141869b3b7e957efb292d91f40f41090cac7bdfdfb57909e2740,0,data/exp2_images/benign_packed/fc83a837d4ed141869b3b7e957efb292d91f40f41090cac7bdfdfb57909e2740.png
fc985205a345cd0f69d3830da2cdfadb5a54c828f712e7c583629801f4083cbd,0,data/exp2_images/benign_packed/fc985205a345cd0f69d3830da2cdfadb5a54c828f712e7c583629801f4083cbd.png
fcaac33922f1063b05f59f9ba25334b0bd6c26fa07673096f79c3a52eaa6bac4,0,data/exp2_images/benign_packed/fcaac33922f1063b05f59f9ba25334b0bd6c26fa07673096f79c3a52eaa6bac4.png
fcb2f396d04b1f517209a54ec80301cf8e10b011ad5bb210f15347824234461a,0,data/exp2_images/benign_packed/fcb2f396d04b1f517209a54ec80301cf8e10b011ad5bb210f15347824234461a.png
fcb5195dafeb1e78acaefa94dc693715c061989915ee16e0aeee72273baa6b54,0,data/exp2_images/benign_packed/fcb5195dafeb1e78acaefa94dc693715c061989915ee16e0aeee72273baa6b54.png
fcd11c4e7d72e9aee59571aed48da864a1c5aad4eb6a562c511bb4f83845209d,0,data/exp2_images/benign_packed/fcd11c4e7d72e9aee59571aed48da864a1c5aad4eb6a562c511bb4f83845209d.png
fcd17332bad26dbf5d4c50ab16f38c319e7566fa92adf70d4285c6919ede358e,0,data/exp2_images/benign_packed/fcd17332bad26dbf5d4c50ab16f38c319e7566fa92adf70d4285c6919ede358e.png
fcd72c9e219dbffebd3c3efc5dc5f56ecad0e7f350ff82e3a340a17a6919f524,0,data/exp2_images/benign_packed/fcd72c9e219dbffebd3c3efc5dc5f56ecad0e7f350ff82e3a340a17a6919f524.png
fcd788c69aa90870fa632519fb496c7713d246555c6c1daa5cf56e1bde36a362,0,data/exp2_images/benign_packed/fcd788c69aa90870fa632519fb496c7713d246555c6c1daa5cf56e1bde36a362.png
fcf2370b21418d4dead8209767c516ee8b074a093f97551edfa72979318e2b87,0,data/exp2_images/benign_packed/fcf2370b21418d4dead8209767c516ee8b074a093f97551edfa72979318e2b87.png
fcf3caea7800b8e2e7c62387c3693625da67b35dfe677754210824b87f59a919,0,data/exp2_images/benign_packed/fcf3caea7800b8e2e7c62387c3693625da67b35dfe677754210824b87f59a919.png
fd1b0ae9131271780bce8e0db88233cc64a936e11ac9788984a7c921f3551e14,0,data/exp2_images/benign_packed/fd1b0ae9131271780bce8e0db88233cc64a936e11ac9788984a7c921f3551e14.png
fd3d3247634d8e08853ae6cc894cff2d9b637ec1ba4851cb5b8ce99f951dc099,0,data/exp2_images/benign_packed/fd3d3247634d8e08853ae6cc894cff2d9b637ec1ba4851cb5b8ce99f951dc099.png
fd45e13648533ce0ef52c6ad6593baf0c1ed847f296654a97d91d7964c4a4c1b,0,data/exp2_images/benign_packed/fd45e13648533ce0ef52c6ad6593baf0c1ed847f296654a97d91d7964c4a4c1b.png
fd5e4b173e6fe1a7ae2b75f8f9f91c9d6f51b6445ee77fb2dc4bb0ab3c95beaf,0,data/exp2_images/benign_packed/fd5e4b173e6fe1a7ae2b75f8f9f91c9d6f51b6445ee77fb2dc4bb0ab3c95beaf.png
fd5e94eef1b4654ffb32d722b445e1bf6ce087b21d3799bce32fbdbe49806574,0,data/exp2_images/benign_packed/fd5e94eef1b4654ffb32d722b445e1bf6ce087b21d3799bce32fbdbe49806574.png
fd658fd9be98ad5f4b5c87641cf5ded212b96c957c08b82c62187ada141cae02,0,data/exp2_images/benign_packed/fd658fd9be98ad5f4b5c87641cf5ded212b96c957c08b82c62187ada141cae02.png
fd7854f7f6a54c2373da681d578abee63a230212920614e6766d5406d48f0c59,0,data/exp2_images/benign_packed/fd7854f7f6a54c2373da681d578abee63a230212920614e6766d5406d48f0c59.png
fd791c303195482f3bbbf2becad1f1c29d2a0d61faf95917e1de5fe188844440,0,data/exp2_images/benign_packed/fd791c303195482f3bbbf2becad1f1c29d2a0d61faf95917e1de5fe188844440.png
fd85a1efb14fbbffd314f8e03c82d767e09b332dd26dfab208f7054b20d55dcf,0,data/exp2_images/benign_packed/fd85a1efb14fbbffd314f8e03c82d767e09b332dd26dfab208f7054b20d55dcf.png
fd85c7e6cf5493cb29c21e65820c3b23953a88fed513a6a51010d837678a86ea,0,data/exp2_images/benign_packed/fd85c7e6cf5493cb29c21e65820c3b23953a88fed513a6a51010d837678a86ea.png
fd8fdafb978ad98fff8fe412f05b112c1d24920c5fab2fb29eddbf2cd8aa54ea,0,data/exp2_images/benign_packed/fd8fdafb978ad98fff8fe412f05b112c1d24920c5fab2fb29eddbf2cd8aa54ea.png
fd936ff1ec970becf90aaad422843e6d0f372d4c30a555974022dca31bdf4dfd,0,data/exp2_images/benign_packed/fd936ff1ec970becf90aaad422843e6d0f372d4c30a555974022dca31bdf4dfd.png
fd9d7efba8aa4a1d51cfa5e1edc28ddaea3093f3c936abf2108eb82e7d45cb48,0,data/exp2_images/benign_packed/fd9d7efba8aa4a1d51cfa5e1edc28ddaea3093f3c936abf2108eb82e7d45cb48.png
fdb3847ee7646c8ef552974bbf2e24377ee3fc5da7197418c681dd2536d53eb5,0,data/exp2_images/benign_packed/fdb3847ee7646c8ef552974bbf2e24377ee3fc5da7197418c681dd2536d53eb5.png
fdb5e3c13cf45aaf33a5319f3f17a851c692f75627645e4a345a143b0ca47eea,0,data/exp2_images/benign_packed/fdb5e3c13cf45aaf33a5319f3f17a851c692f75627645e4a345a143b0ca47eea.png
fdc0cda901a6e594366921f4fda5b84c6298d67c8204fd62e98dced53b2dcd77,0,data/exp2_images/benign_packed/fdc0cda901a6e594366921f4fda5b84c6298d67c8204fd62e98dced53b2dcd77.png
fdc735866eb66f7dc9f718c3f410ef1b17aa2e0fb9f93d0406da4d78eecf20e0,0,data/exp2_images/benign_packed/fdc735866eb66f7dc9f718c3f410ef1b17aa2e0fb9f93d0406da4d78eecf20e0.png
fdde9702f89135613f7365a28a7fbb1dd2328744c4ca8998546fab8606e697c1,0,data/exp2_images/benign_packed/fdde9702f89135613f7365a28a7fbb1dd2328744c4ca8998546fab8606e697c1.png
fde37cc55a862ca74620d3d2d800aac93499f0a6f75f7c71211a817d73036ce9,0,data/exp2_images/benign_packed/fde37cc55a862ca74620d3d2d800aac93499f0a6f75f7c71211a817d73036ce9.png
fdf4a10b30387750b6d08b9b050a6a166f03054a29a4ad3599674158b547c5d7,0,data/exp2_images/benign_packed/fdf4a10b30387750b6d08b9b050a6a166f03054a29a4ad3599674158b547c5d7.png
fdfeb03723a977b97469e03d729f2dd19bfeac3811d75cbf426345327e1c7c80,0,data/exp2_images/benign_packed/fdfeb03723a977b97469e03d729f2dd19bfeac3811d75cbf426345327e1c7c80.png
fe3a9cbb47d096f5894284f03dfe93b70f8167e43ce4b3e7e930f7faf357a5f1,0,data/exp2_images/benign_packed/fe3a9cbb47d096f5894284f03dfe93b70f8167e43ce4b3e7e930f7faf357a5f1.png
fe4c586d1fc06d9012b2fc9c34aa72b219a939dbb2d9f034763465a7de24fff2,0,data/exp2_images/benign_packed/fe4c586d1fc06d9012b2fc9c34aa72b219a939dbb2d9f034763465a7de24fff2.png
fe6d3e74a7fd4a3f6b17a39dd3506b81df622cd73e932b81f443f0f9704248a6,0,data/exp2_images/benign_packed/fe6d3e74a7fd4a3f6b17a39dd3506b81df622cd73e932b81f443f0f9704248a6.png
fe85af963288dbb292408a000243dadfc21690d58439373227230cfd111b6090,0,data/exp2_images/benign_packed/fe85af963288dbb292408a000243dadfc21690d58439373227230cfd111b6090.png
fe93caedf82d1a8f5d78b1ce7ed01987228937fe3d1c6d79ad7a23787bde809c,0,data/exp2_images/benign_packed/fe93caedf82d1a8f5d78b1ce7ed01987228937fe3d1c6d79ad7a23787bde809c.png
fe9ea8f4c7fc2b32616a9f5a5aa82cebc30c3e7502fa4b17aaf04d1d6d57c858,0,data/exp2_images/benign_packed/fe9ea8f4c7fc2b32616a9f5a5aa82cebc30c3e7502fa4b17aaf04d1d6d57c858.png
feb3383b37f8ce3ccf0129fbfb2206b7ded27b69aa033eec3bb3862baa1c11ce,0,data/exp2_images/benign_packed/feb3383b37f8ce3ccf0129fbfb2206b7ded27b69aa033eec3bb3862baa1c11ce.png
feb3427eaebbf1394110bce1fc29bd38d05241f1931b6f1c6edb227dc8e2d05c,0,data/exp2_images/benign_packed/feb3427eaebbf1394110bce1fc29bd38d05241f1931b6f1c6edb227dc8e2d05c.png
fecab3565dc3d5e7c25ec8711d0fe3a0c6a7c84e45de535fb286709d3483a971,0,data/exp2_images/benign_packed/fecab3565dc3d5e7c25ec8711d0fe3a0c6a7c84e45de535fb286709d3483a971.png
fedac35ed36da99e7bbac63f6e7909a8a8d99db90df95d9041d4afd76c519ace,0,data/exp2_images/benign_packed/fedac35ed36da99e7bbac63f6e7909a8a8d99db90df95d9041d4afd76c519ace.png
fef1bd8f0d3cffae72f0ee21af87f02124e7acb5714e09249a86fc44d472afb6,0,data/exp2_images/benign_packed/fef1bd8f0d3cffae72f0ee21af87f02124e7acb5714e09249a86fc44d472afb6.png
fefaa7fbfff836755852a5e38a14d471f460acf193bab0d4c1568d232307a8b2,0,data/exp2_images/benign_packed/fefaa7fbfff836755852a5e38a14d471f460acf193bab0d4c1568d232307a8b2.png
ff0980e43eb227bc57de78796e95ca023acf81897be3fc135ccff87fa9a638e6,0,data/exp2_images/benign_packed/ff0980e43eb227bc57de78796e95ca023acf81897be3fc135ccff87fa9a638e6.png
ff154082f6ef2a05d4fb002f4041787690a43e3c37f91cdd7a250bb1527be8ca,0,data/exp2_images/benign_packed/ff154082f6ef2a05d4fb002f4041787690a43e3c37f91cdd7a250bb1527be8ca.png
ff1e6f4db7b3a39fe23740eb4e82dc7b94af648523fdfc211f79e0c15434cd99,0,data/exp2_images/benign_packed/ff1e6f4db7b3a39fe23740eb4e82dc7b94af648523fdfc211f79e0c15434cd99.png
ff27840eda1261f8ac81c63d991ca67cf479918d91dcbedbbf4965bd2b6d2caa,0,data/exp2_images/benign_packed/ff27840eda1261f8ac81c63d991ca67cf479918d91dcbedbbf4965bd2b6d2caa.png
ff2d6764d37ebc895df69533740d45baa61e7d0e99650c62d23d9cb596e79843,0,data/exp2_images/benign_packed/ff2d6764d37ebc895df69533740d45baa61e7d0e99650c62d23d9cb596e79843.png
ff39ee7b7d45a221d02214355aff2dfa84f59cdb49d8015b37b1c098102237cb,0,data/exp2_images/benign_packed/ff39ee7b7d45a221d02214355aff2dfa84f59cdb49d8015b37b1c098102237cb.png
ff3a27c79a9938205bb158f87c020fa24a42612c8b6b0c4a66ad95471bc26ba5,0,data/exp2_images/benign_packed/ff3a27c79a9938205bb158f87c020fa24a42612c8b6b0c4a66ad95471bc26ba5.png
ff499294e2700d491c39813099654f352e8a4784277d6bd1c511b74d1e26d13a,0,data/exp2_images/benign_packed/ff499294e2700d491c39813099654f352e8a4784277d6bd1c511b74d1e26d13a.png
ff64cc3bbaed26f310167fd0af246bb0f38856efcb82c070eb4a2d2fb2089de5,0,data/exp2_images/benign_packed/ff64cc3bbaed26f310167fd0af246bb0f38856efcb82c070eb4a2d2fb2089de5.png
ff7f36ec905613abbbb6acd8e3f869f9bbb9a501b174f6149a33cf0ac85854ec,0,data/exp2_images/benign_packed/ff7f36ec905613abbbb6acd8e3f869f9bbb9a501b174f6149a33cf0ac85854ec.png
ff96a57774c11e17c4831bb607fc2c313f78c6f32e102c7812b67e5510f780ce,0,data/exp2_images/benign_packed/ff96a57774c11e17c4831bb607fc2c313f78c6f32e102c7812b67e5510f780ce.png
ff9bce88fbe7a5a0ae37aa39cadf019d3f5c057f336017ea171cd26d6519d343,0,data/exp2_images/benign_packed/ff9bce88fbe7a5a0ae37aa39cadf019d3f5c057f336017ea171cd26d6519d343.png
ffc5b0457eeaa1337fb6f7bccc4c38389df6c1eff45180d9b9b381e5edfcc755,0,data/exp2_images/benign_packed/ffc5b0457eeaa1337fb6f7bccc4c38389df6c1eff45180d9b9b381e5edfcc755.png
ffe997d33a2766fd7a812bc90bf5ad7674311f67cb7fa02d0c5b1ce9b59c70cb,0,data/exp2_images/benign_packed/ffe997d33a2766fd7a812bc90bf5ad7674311f67cb7fa02d0c5b1ce9b59c70cb.png
fff78e29d1cf4fd3034386677cd4a5d0f1a2d151a8397890d812a371fbf55be1,0,data/exp2_images/benign_packed/fff78e29d1cf4fd3034386677cd4a5d0f1a2d151a8397890d812a371fbf55be1.png
