sha256,label,image_path
002ce0d28ec990aadbbc89df457189de37d8adaadc9c084b78eb7be9a9820c81,0,data/benign_original/benign/002ce0d28ec990aadbbc89df457189de37d8adaadc9c084b78eb7be9a9820c81.png
003851675800dc05cdac1baa84cab8f68534b244906d97ced0c40f50da27df0a,0,data/benign_original/benign/003851675800dc05cdac1baa84cab8f68534b244906d97ced0c40f50da27df0a.png
00a013d75beff21e85eff53e026e68d562501c91ed117d8404d0ae14f6f962ca,0,data/benign_original/benign/00a013d75beff21e85eff53e026e68d562501c91ed117d8404d0ae14f6f962ca.png
00eea85752664955047caad7d6280bc7bf1ab91c61eb9a2542c26b747a12e963,0,data/benign_original/benign/00eea85752664955047caad7d6280bc7bf1ab91c61eb9a2542c26b747a12e963.png
01750e298dc041d8c9fd24baa9ac84277194ad01155ddc7ea9b9b739d3eeb523,0,data/benign_original/benign/01750e298dc041d8c9fd24baa9ac84277194ad01155ddc7ea9b9b739d3eeb523.png
01e0d4ffe6f18299b0f33065dcc4009fd73e357b66b6825eb8338df9d59f8a32,0,data/benign_original/benign/01e0d4ffe6f18299b0f33065dcc4009fd73e357b66b6825eb8338df9d59f8a32.png
0222aaf048e5bc28f88d03862f133bc444d358f06201e00dcc93422c81e5bcca,0,data/benign_original/benign/0222aaf048e5bc28f88d03862f133bc444d358f06201e00dcc93422c81e5bcca.png
02253301617f5201605443ec0c4ab9e3bf8667caa3ea57a0be4d0641e2394ef6,0,data/benign_original/benign/02253301617f5201605443ec0c4ab9e3bf8667caa3ea57a0be4d0641e2394ef6.png
02431aa60089b968bc59acc69796ed9418546894752d0c9766fbe3aae0a85031,0,data/benign_original/benign/02431aa60089b968bc59acc69796ed9418546894752d0c9766fbe3aae0a85031.png
04aa05d63e3639f90995afc0e635dad45e57afc858a88ac10ede7c984043c781,0,data/benign_original/benign/04aa05d63e3639f90995afc0e635dad45e57afc858a88ac10ede7c984043c781.png
04b6a35bc504401989b9e674c57c9e84d0cbdbbd9d8ce0ce83d7ceca0b7175ed,0,data/benign_original/benign/04b6a35bc504401989b9e674c57c9e84d0cbdbbd9d8ce0ce83d7ceca0b7175ed.png
04ffb8d60a17d6405a9408e73e9cabcdaf5e396f7c4784874dc49c353e97315b,0,data/benign_original/benign/04ffb8d60a17d6405a9408e73e9cabcdaf5e396f7c4784874dc49c353e97315b.png
050171bc07ebcd963ce724b6b66ff8d1b6c1258e2676c59fd36db0384427bb59,0,data/benign_original/benign/050171bc07ebcd963ce724b6b66ff8d1b6c1258e2676c59fd36db0384427bb59.png
0524d1cc0e49105631e29f5e13f5dd2d1eb580899297b29cf67aa9644da62e20,0,data/benign_original/benign/0524d1cc0e49105631e29f5e13f5dd2d1eb580899297b29cf67aa9644da62e20.png
056e24e00506fa02bfc4fc447fa1a27480f96cc8cf125815f4f39361250812e5,0,data/benign_original/benign/056e24e00506fa02bfc4fc447fa1a27480f96cc8cf125815f4f39361250812e5.png
069d020e698f5faaa4912dcf5c2c900d431bf4182ce549c0501af48cae61450f,0,data/benign_original/benign/069d020e698f5faaa4912dcf5c2c900d431bf4182ce549c0501af48cae61450f.png
07028b82ed457f66a17b116a6c66593ea5c74b8db4e6d1c1ea7a366a2570b87e,0,data/benign_original/benign/07028b82ed457f66a17b116a6c66593ea5c74b8db4e6d1c1ea7a366a2570b87e.png
0727bb0cfd046e9c9b57c0e23b6fe1664a369cfdd2aaf7efa78a22e5dfb3f4f2,0,data/benign_original/benign/0727bb0cfd046e9c9b57c0e23b6fe1664a369cfdd2aaf7efa78a22e5dfb3f4f2.png
0757acc2fa68b90fbd889e673bfe5f619b8f8f92a1fa28888fac9a3dba5f3708,0,data/benign_original/benign/0757acc2fa68b90fbd889e673bfe5f619b8f8f92a1fa28888fac9a3dba5f3708.png
07615d1ba250df0b9c8772c31ec13e14b304d62ebe6258e6ae085cd8d3bacdb4,0,data/benign_original/benign/07615d1ba250df0b9c8772c31ec13e14b304d62ebe6258e6ae085cd8d3bacdb4.png
077a5c96cfd8644425f870444b604bfe3aa62587073fd85a4dc75244775b99ab,0,data/benign_original/benign/077a5c96cfd8644425f870444b604bfe3aa62587073fd85a4dc75244775b99ab.png
077f6a102329e2a1da967fd3350981d2eb9c169a3c00408fe0c6ed9c0a8d1a7c,0,data/benign_original/benign/077f6a102329e2a1da967fd3350981d2eb9c169a3c00408fe0c6ed9c0a8d1a7c.png
081529ae6785cf10838b4e9417c42935f10793f8acab6277b5c4821b390585e3,0,data/benign_original/benign/081529ae6785cf10838b4e9417c42935f10793f8acab6277b5c4821b390585e3.png
08805d42f83cab69e6b93d9717da43d4d61892942b2573e45ec0e97adc6b506e,0,data/benign_original/benign/08805d42f83cab69e6b93d9717da43d4d61892942b2573e45ec0e97adc6b506e.png
08bf892562a748f1582b00283d8f15ec6f9a2f252c7ba95c2b55fbc60abfbd49,0,data/benign_original/benign/08bf892562a748f1582b00283d8f15ec6f9a2f252c7ba95c2b55fbc60abfbd49.png
0945da9d00b2629379df481a2be0d9d420c05a727ec2dcbc16255acfd76a8cb3,0,data/benign_original/benign/0945da9d00b2629379df481a2be0d9d420c05a727ec2dcbc16255acfd76a8cb3.png
0a464a3765ffc0c23cf47345bf1185426af8e6b5711e015ca18027afcac2f2e0,0,data/benign_original/benign/0a464a3765ffc0c23cf47345bf1185426af8e6b5711e015ca18027afcac2f2e0.png
0a5edf933c8b1431e38882e24bf6097e49df5d8837898f49a9d045b0c6e970b3,0,data/benign_original/benign/0a5edf933c8b1431e38882e24bf6097e49df5d8837898f49a9d045b0c6e970b3.png
0a8deb24eef193e13c691190758c349776eab1cd65fba7b5dae77c7ee9fcc906,0,data/benign_original/benign/0a8deb24eef193e13c691190758c349776eab1cd65fba7b5dae77c7ee9fcc906.png
0b11f3778d1d96107421fbc33a8867aaa27a270398456b9714967f5b66d47fa1,0,data/benign_original/benign/0b11f3778d1d96107421fbc33a8867aaa27a270398456b9714967f5b66d47fa1.png
0b65c9b63092c96fc737ef39a1f05e437d5bbe57f0ca2bc634a14a34a92ebcb4,0,data/benign_original/benign/0b65c9b63092c96fc737ef39a1f05e437d5bbe57f0ca2bc634a14a34a92ebcb4.png
0bcce725c9b0f263e6d59c0bd8027f548a1b891a39664e91a8b5fced3a78954b,0,data/benign_original/benign/0bcce725c9b0f263e6d59c0bd8027f548a1b891a39664e91a8b5fced3a78954b.png
0be00b72a65e558aa92a4f197663f3496b2a3ceaa5f77bafe309727141ad77af,0,data/benign_original/benign/0be00b72a65e558aa92a4f197663f3496b2a3ceaa5f77bafe309727141ad77af.png
0c2e466eb0cbc9acbb64fda92f81d7b46c29acf300d744d2e88c6373498a835a,0,data/benign_original/benign/0c2e466eb0cbc9acbb64fda92f81d7b46c29acf300d744d2e88c6373498a835a.png
0c8af4bbf3e29c4ab7dd8372725a931985b669d15b82615ab05838ed348bf558,0,data/benign_original/benign/0c8af4bbf3e29c4ab7dd8372725a931985b669d15b82615ab05838ed348bf558.png
0c9baed0badb2431a9b173609d3990ccbba7cba4455ba0e8ebe6267d8b4ae3ef,0,data/benign_original/benign/0c9baed0badb2431a9b173609d3990ccbba7cba4455ba0e8ebe6267d8b4ae3ef.png
0d23b6f46e848a65911518e6658488070a7462cd605cfc3737a6bb1ef71cceac,0,data/benign_original/benign/0d23b6f46e848a65911518e6658488070a7462cd605cfc3737a6bb1ef71cceac.png
0dd503759a2e0b3c2cf8568ae463ea7ad13abd9a80f387df762a7fa63edd5166,0,data/benign_original/benign/0dd503759a2e0b3c2cf8568ae463ea7ad13abd9a80f387df762a7fa63edd5166.png
0dfd9b9733913d7e1fc1ca19798b9ed57c2d4138ae5fa1ad9c6e12f1dee7062c,0,data/benign_original/benign/0dfd9b9733913d7e1fc1ca19798b9ed57c2d4138ae5fa1ad9c6e12f1dee7062c.png
0e69c9e8e2447ea2c355e3daa30c1697427fe40748a0daabf2d996ab254e89cf,0,data/benign_original/benign/0e69c9e8e2447ea2c355e3daa30c1697427fe40748a0daabf2d996ab254e89cf.png
0e73886d15f788471581cbf3864703206fd96eb79e4683ffa332463507fdcda4,0,data/benign_original/benign/0e73886d15f788471581cbf3864703206fd96eb79e4683ffa332463507fdcda4.png
0f3bb1fdb067328d9bd1d7f1467bb697c315373b899e823f4adcc91cfba2d297,0,data/benign_original/benign/0f3bb1fdb067328d9bd1d7f1467bb697c315373b899e823f4adcc91cfba2d297.png
0f6e5ae663c6836af0408607f8814f3f14180e5e76f9202cd33e06928c2ebc99,0,data/benign_original/benign/0f6e5ae663c6836af0408607f8814f3f14180e5e76f9202cd33e06928c2ebc99.png
0fbcedf08d9e262137afba702687b2de15822149e4a282b9249907134e5ef151,0,data/benign_original/benign/0fbcedf08d9e262137afba702687b2de15822149e4a282b9249907134e5ef151.png
0fe87602f6f2a6dd5acf209eea81ec0555fe1e02d6f781299724238b4cb2e2c1,0,data/benign_original/benign/0fe87602f6f2a6dd5acf209eea81ec0555fe1e02d6f781299724238b4cb2e2c1.png
103359c8ceb3fb7753e22f1b953a5ad7717eb89ecf699fe6fa827d2bca56f7c0,0,data/benign_original/benign/103359c8ceb3fb7753e22f1b953a5ad7717eb89ecf699fe6fa827d2bca56f7c0.png
106215c9788fceba2ddfb87aec04c98d70687b134583f743337ec4d4411f13c4,0,data/benign_original/benign/106215c9788fceba2ddfb87aec04c98d70687b134583f743337ec4d4411f13c4.png
10cfee2da8c02724184a60a0bf386df8ac988ca498dd39a64cdca65a58dd320a,0,data/benign_original/benign/10cfee2da8c02724184a60a0bf386df8ac988ca498dd39a64cdca65a58dd320a.png
10ddc91db7463138fee1d01c97d4b540168557dad58e2dfee8cb1393497bde3a,0,data/benign_original/benign/10ddc91db7463138fee1d01c97d4b540168557dad58e2dfee8cb1393497bde3a.png
113813a699063ebf391d436a4efe0b6f95f81e12af773fabe5511b5ca08e189c,0,data/benign_original/benign/113813a699063ebf391d436a4efe0b6f95f81e12af773fabe5511b5ca08e189c.png
11a1f22cc5614d2f8c58e698da5616f94805b5f9a4cd24d5433ea3d9aa3cfe02,0,data/benign_original/benign/11a1f22cc5614d2f8c58e698da5616f94805b5f9a4cd24d5433ea3d9aa3cfe02.png
120278154abac09fdcbb30fa6444dc13224373bf8d42d2c3fa40ecdf5c308757,0,data/benign_original/benign/120278154abac09fdcbb30fa6444dc13224373bf8d42d2c3fa40ecdf5c308757.png
130772de7225215190670dda5913676f664878bf7067fa1b159dcf7521605332,0,data/benign_original/benign/130772de7225215190670dda5913676f664878bf7067fa1b159dcf7521605332.png
14bd3078ad7f3aab8feb6fa157de11cd33e63d92216c010ddeb90e780660cfe1,0,data/benign_original/benign/14bd3078ad7f3aab8feb6fa157de11cd33e63d92216c010ddeb90e780660cfe1.png
14e64436677fdd74a0e1923f7b2a10d191620e16f1fa6069805ab034b8ff09df,0,data/benign_original/benign/14e64436677fdd74a0e1923f7b2a10d191620e16f1fa6069805ab034b8ff09df.png
1566460d4c89f8a26fcde4b0fd4f70d7ccbf873dbeaf5f52e44f96a45c0e3807,0,data/benign_original/benign/1566460d4c89f8a26fcde4b0fd4f70d7ccbf873dbeaf5f52e44f96a45c0e3807.png
1629630cf717f6abe87bd15813ff693441ea6ea32785c08eb88fe82c9e05f45f,0,data/benign_original/benign/1629630cf717f6abe87bd15813ff693441ea6ea32785c08eb88fe82c9e05f45f.png
1677d160b38b55b8e27e0c012a5ebb1a2ac34d87e515ca82412d9d3465507d80,0,data/benign_original/benign/1677d160b38b55b8e27e0c012a5ebb1a2ac34d87e515ca82412d9d3465507d80.png
17bbf89e686da7e0ec6afc47109a3288691fe8bf47651eae561450a652ef6c2e,0,data/benign_original/benign/17bbf89e686da7e0ec6afc47109a3288691fe8bf47651eae561450a652ef6c2e.png
17e88c51e6086df7eb89a14584d0e21120442f30764e61080549bd281286f42b,0,data/benign_original/benign/17e88c51e6086df7eb89a14584d0e21120442f30764e61080549bd281286f42b.png
17e977e2f4d8f9a3de8e01eaa1c82ccca63789cacc135859f665046a4a990dc8,0,data/benign_original/benign/17e977e2f4d8f9a3de8e01eaa1c82ccca63789cacc135859f665046a4a990dc8.png
17f30c985e0e6542545c7f55c4641d285323fe2d6cd0bbfc83a6aec2825bf10b,0,data/benign_original/benign/17f30c985e0e6542545c7f55c4641d285323fe2d6cd0bbfc83a6aec2825bf10b.png
1838738d252ac24ba52a695fc5eb847363c1d694b21be09bf93a0dcf88c3999f,0,data/benign_original/benign/1838738d252ac24ba52a695fc5eb847363c1d694b21be09bf93a0dcf88c3999f.png
18ef1715677de1aee41945784481cbcaa16c4e99753340b8844d2f9ad4c60b36,0,data/benign_original/benign/18ef1715677de1aee41945784481cbcaa16c4e99753340b8844d2f9ad4c60b36.png
19d36aabe344cae70a3658db4752c0c604d226b69fabf6cd07fe467884fccf84,0,data/benign_original/benign/19d36aabe344cae70a3658db4752c0c604d226b69fabf6cd07fe467884fccf84.png
19d4bf06db1d8e6eddf17deb439534bdd04f32a4d0bbd66758bfbb851687a992,0,data/benign_original/benign/19d4bf06db1d8e6eddf17deb439534bdd04f32a4d0bbd66758bfbb851687a992.png
1a46ce9adbf312445eae9074b3458e477f2a71d026700d58ea6e57017d017e6e,0,data/benign_original/benign/1a46ce9adbf312445eae9074b3458e477f2a71d026700d58ea6e57017d017e6e.png
1a6b0ccc16974c3edd98687ece68beb45b75b8684719e764fd16b3c296acef39,0,data/benign_original/benign/1a6b0ccc16974c3edd98687ece68beb45b75b8684719e764fd16b3c296acef39.png
1aa177b92c99b9458b270907d65d5687af48385fbbf42c3aef9b69d61d284721,0,data/benign_original/benign/1aa177b92c99b9458b270907d65d5687af48385fbbf42c3aef9b69d61d284721.png
1b67441f080adf23da22736c557813d3bb459c915a1b84d8253b8e9599df2708,0,data/benign_original/benign/1b67441f080adf23da22736c557813d3bb459c915a1b84d8253b8e9599df2708.png
1c2fba06cc7e47dceb2a2670f6fcfbec90a24d053b9bb3715698202afdb03b97,0,data/benign_original/benign/1c2fba06cc7e47dceb2a2670f6fcfbec90a24d053b9bb3715698202afdb03b97.png
1c639fbba837b57f28691e7f210a034dd1b55380a13649a64e47be55bb8308a0,0,data/benign_original/benign/1c639fbba837b57f28691e7f210a034dd1b55380a13649a64e47be55bb8308a0.png
1c7c07802af60cddfbe62ce037135297417517f3751729bd02ce65d50f4e715d,0,data/benign_original/benign/1c7c07802af60cddfbe62ce037135297417517f3751729bd02ce65d50f4e715d.png
1c87a9ed062858fc9a6c2ece4b5a3052d70059d9e32afdc5194a97ccc7664835,0,data/benign_original/benign/1c87a9ed062858fc9a6c2ece4b5a3052d70059d9e32afdc5194a97ccc7664835.png
1d083467cb9fbd7d2b21fcd4f8f9cb0c36718d0a327052313f46a2a83bd715e2,0,data/benign_original/benign/1d083467cb9fbd7d2b21fcd4f8f9cb0c36718d0a327052313f46a2a83bd715e2.png
1d2b8e3bbfcd7546b402c2f379e40d850fd4eceaf20c45fdbfcba0b859e0a7fb,0,data/benign_original/benign/1d2b8e3bbfcd7546b402c2f379e40d850fd4eceaf20c45fdbfcba0b859e0a7fb.png
1d2d450742e4ed4fb8486fd7e3892828dd97bbf63f0e23b0975725bdc18ce766,0,data/benign_original/benign/1d2d450742e4ed4fb8486fd7e3892828dd97bbf63f0e23b0975725bdc18ce766.png
1d720ca43b54420dc297a0c40a4541017feb6bdc10765197867818d1810d21bf,0,data/benign_original/benign/1d720ca43b54420dc297a0c40a4541017feb6bdc10765197867818d1810d21bf.png
1e171264f1310680b03bb9122633db660378bc411b28ae25c2bfab9f0f06da51,0,data/benign_original/benign/1e171264f1310680b03bb9122633db660378bc411b28ae25c2bfab9f0f06da51.png
1f7a2d419df3b95ade7f400446abeefaf3c872e8e6033a7e6ac413b17addbaf4,0,data/benign_original/benign/1f7a2d419df3b95ade7f400446abeefaf3c872e8e6033a7e6ac413b17addbaf4.png
1f81d3b756ec1430f476a5ae7af7b360b4acd923d4baceb91be49ab6515459fc,0,data/benign_original/benign/1f81d3b756ec1430f476a5ae7af7b360b4acd923d4baceb91be49ab6515459fc.png
1fa3bb9680b457aa11bfed328171172a477813b281f78b43243f9dc3c6afdeba,0,data/benign_original/benign/1fa3bb9680b457aa11bfed328171172a477813b281f78b43243f9dc3c6afdeba.png
1fcbe5d51360bee55f55c791a95df8c61f73e117bda89b9439d74df5cee7aa71,0,data/benign_original/benign/1fcbe5d51360bee55f55c791a95df8c61f73e117bda89b9439d74df5cee7aa71.png
1fcd954ba8f419543a1549c70606fe1c5320b488b9505f05317e0f4ad8d33e94,0,data/benign_original/benign/1fcd954ba8f419543a1549c70606fe1c5320b488b9505f05317e0f4ad8d33e94.png
1fe78298f8fa9d9da3fab32c57975101ea3ff5dcebeedc2cde5bea6c8df9a7ef,0,data/benign_original/benign/1fe78298f8fa9d9da3fab32c57975101ea3ff5dcebeedc2cde5bea6c8df9a7ef.png
202bec0f63167ed57fcb55db48c9830a5323d72c662d9a58b691d16ce4db8c1e,0,data/benign_original/benign/202bec0f63167ed57fcb55db48c9830a5323d72c662d9a58b691d16ce4db8c1e.png
20601ed7e2bfc85362f090f0f5b72366f213c191e93b0c756acd98fef626e5e0,0,data/benign_original/benign/20601ed7e2bfc85362f090f0f5b72366f213c191e93b0c756acd98fef626e5e0.png
20a80b9d290223a304c752287ea4ac7371f928c4455fcb29bf5224f1096f8530,0,data/benign_original/benign/20a80b9d290223a304c752287ea4ac7371f928c4455fcb29bf5224f1096f8530.png
20d29a34b44fb9ea9a82e60a4b4118cf541eb86f04f69309ef6bf67c42f2272d,0,data/benign_original/benign/20d29a34b44fb9ea9a82e60a4b4118cf541eb86f04f69309ef6bf67c42f2272d.png
218492484161b023b855004ffaa7e235a14f6444d6c616e7ac465191e44156c0,0,data/benign_original/benign/218492484161b023b855004ffaa7e235a14f6444d6c616e7ac465191e44156c0.png
21e796161a49b6dcdabb5e86906d69eb34f61bcb43e9722e815b3c491be43840,0,data/benign_original/benign/21e796161a49b6dcdabb5e86906d69eb34f61bcb43e9722e815b3c491be43840.png
22db23e22f47c6ecae717888a7a32f80883daad29989e599401ab022f95a3ed4,0,data/benign_original/benign/22db23e22f47c6ecae717888a7a32f80883daad29989e599401ab022f95a3ed4.png
22ddabf71254d873f6aef02b12e5c4923bbafe67a9c7e2f394fcf863813230be,0,data/benign_original/benign/22ddabf71254d873f6aef02b12e5c4923bbafe67a9c7e2f394fcf863813230be.png
2338514a304a341b2ee7c1de696bf01e9179805da2c4edbdecf040adecfe8ab3,0,data/benign_original/benign/2338514a304a341b2ee7c1de696bf01e9179805da2c4edbdecf040adecfe8ab3.png
238a9de495ddb87555913ec5d1f67bcc22b5d754b21b7ae9da3158461547da00,0,data/benign_original/benign/238a9de495ddb87555913ec5d1f67bcc22b5d754b21b7ae9da3158461547da00.png
23dcad63c4343df1b6e7ede1935e2dfe2be1a13793ed9153824a6cb32c2ae85b,0,data/benign_original/benign/23dcad63c4343df1b6e7ede1935e2dfe2be1a13793ed9153824a6cb32c2ae85b.png
23e307174ac5c0ecf419b1a727ad499e1d939a8d2142d1245b7a61e70242ec6e,0,data/benign_original/benign/23e307174ac5c0ecf419b1a727ad499e1d939a8d2142d1245b7a61e70242ec6e.png
24a6678b15c92e069a575dc2c584e2665cb98867b9e6823dff288a47644d1fb5,0,data/benign_original/benign/24a6678b15c92e069a575dc2c584e2665cb98867b9e6823dff288a47644d1fb5.png
2513eb274a9507ee598af02dd9338ec08da908971a19f470d704cc3cc6234daa,0,data/benign_original/benign/2513eb274a9507ee598af02dd9338ec08da908971a19f470d704cc3cc6234daa.png
253d466b5169da3e7fb8b1f125ac84c3857889777210c397c37bf16e6187bae5,0,data/benign_original/benign/253d466b5169da3e7fb8b1f125ac84c3857889777210c397c37bf16e6187bae5.png
255ef9288394de9307866208c65b3a2e1c7b0d30d9fb27c7572439a1bdab677b,0,data/benign_original/benign/255ef9288394de9307866208c65b3a2e1c7b0d30d9fb27c7572439a1bdab677b.png
25690ddfd305906d3cda3b91cada6633e75dbd4b04e594b09f5a44f0584d564c,0,data/benign_original/benign/25690ddfd305906d3cda3b91cada6633e75dbd4b04e594b09f5a44f0584d564c.png
25c7fa3c0bf1171d5d0d008658d29002390e223d4ab83970c171979b568ca10d,0,data/benign_original/benign/25c7fa3c0bf1171d5d0d008658d29002390e223d4ab83970c171979b568ca10d.png
25f1048ca96696f5abe9369dc5f0e09645f1fc8afe49ed414dcdcdfc0063de5b,0,data/benign_original/benign/25f1048ca96696f5abe9369dc5f0e09645f1fc8afe49ed414dcdcdfc0063de5b.png
26f2e577524304ed552d8665b44963eae8453a962de1a9cc093a16e84ed2a527,0,data/benign_original/benign/26f2e577524304ed552d8665b44963eae8453a962de1a9cc093a16e84ed2a527.png
26fa2a7473445e296ebb56322d8ea2f5653eb9050b058032b9dc5cd33a690d13,0,data/benign_original/benign/26fa2a7473445e296ebb56322d8ea2f5653eb9050b058032b9dc5cd33a690d13.png
270f6e7751d9866ca0334ce84e955f2789cd7a07c2a765e90539016b071fd950,0,data/benign_original/benign/270f6e7751d9866ca0334ce84e955f2789cd7a07c2a765e90539016b071fd950.png
27f1277673d83f49d757265db319753cb6c2b497df3b9f4007ff81bd56cc930b,0,data/benign_original/benign/27f1277673d83f49d757265db319753cb6c2b497df3b9f4007ff81bd56cc930b.png
282f6f7fb0c5b0de73b72301646791901ae28c8c69cc25cf47b2ff773cb5dc20,0,data/benign_original/benign/282f6f7fb0c5b0de73b72301646791901ae28c8c69cc25cf47b2ff773cb5dc20.png
2843b864289b254a57ede8ccebc41f77ca02f058c401ce6863a2a40a681247ac,0,data/benign_original/benign/2843b864289b254a57ede8ccebc41f77ca02f058c401ce6863a2a40a681247ac.png
2947757db8135ac19893707e98680aa279ec99eddbad267d8f20ffd9e4e2feec,0,data/benign_original/benign/2947757db8135ac19893707e98680aa279ec99eddbad267d8f20ffd9e4e2feec.png
29f465a5a8a791d2aba88de33e84e74b7fd8c47c753747ca7b45b24d7121a9e6,0,data/benign_original/benign/29f465a5a8a791d2aba88de33e84e74b7fd8c47c753747ca7b45b24d7121a9e6.png
2a1c7574a5c42eb8c9348d9dba505ce49f2c88231d7ea6edd3715a39a5decd94,0,data/benign_original/benign/2a1c7574a5c42eb8c9348d9dba505ce49f2c88231d7ea6edd3715a39a5decd94.png
2a1d8692f445791dc9dc9700e11f2ce68fce9ac5ad2abd56aa0f41f1047b38f1,0,data/benign_original/benign/2a1d8692f445791dc9dc9700e11f2ce68fce9ac5ad2abd56aa0f41f1047b38f1.png
2a922ebe7edb08480baa1721ce1b5185fb5af7f64ec0f128d6a7a37711784815,0,data/benign_original/benign/2a922ebe7edb08480baa1721ce1b5185fb5af7f64ec0f128d6a7a37711784815.png
2ac33b71209e3f0daa7799faf4e9fb94b4ba92b6b88220b08a3bf031fd711f67,0,data/benign_original/benign/2ac33b71209e3f0daa7799faf4e9fb94b4ba92b6b88220b08a3bf031fd711f67.png
2acf8f6f068976f75dd70e6195f8a94c3e623a0137c99d78f9055a5dbbbf75bf,0,data/benign_original/benign/2acf8f6f068976f75dd70e6195f8a94c3e623a0137c99d78f9055a5dbbbf75bf.png
2adbc2a2227756286fb140ca5877a00cee7fedc0d4ae3af098d9b2530c3648f8,0,data/benign_original/benign/2adbc2a2227756286fb140ca5877a00cee7fedc0d4ae3af098d9b2530c3648f8.png
2b672dd0e086dd4196087712ba0e34af205f518231545646c81d01411fe9bda8,0,data/benign_original/benign/2b672dd0e086dd4196087712ba0e34af205f518231545646c81d01411fe9bda8.png
2b70c56855937a6f0ff82113f8d934641ad9e829b976a4435c805f42b349bdd0,0,data/benign_original/benign/2b70c56855937a6f0ff82113f8d934641ad9e829b976a4435c805f42b349bdd0.png
2ba3a31aee05663ecfed283eec76468309b8ec67ec161b24c5edafed84dd9516,0,data/benign_original/benign/2ba3a31aee05663ecfed283eec76468309b8ec67ec161b24c5edafed84dd9516.png
2c00b19c64d9f3822f3f03c28af9f29880338f2a20dd6c47c50f5a087ea47db1,0,data/benign_original/benign/2c00b19c64d9f3822f3f03c28af9f29880338f2a20dd6c47c50f5a087ea47db1.png
2c968556fcad7ebb9a866b21a9f3f3dfcd0ca490caf8f6b2ecdb423b9d24d3ef,0,data/benign_original/benign/2c968556fcad7ebb9a866b21a9f3f3dfcd0ca490caf8f6b2ecdb423b9d24d3ef.png
2ce369b2ca9cb22888cedcef8ef50535c1d7b54babcb2980c382e9049a1ea515,0,data/benign_original/benign/2ce369b2ca9cb22888cedcef8ef50535c1d7b54babcb2980c382e9049a1ea515.png
2cef4453e4fc43fe3feb6331d02fa91f654b519aba6401a6ad90d36e3ed8bbb0,0,data/benign_original/benign/2cef4453e4fc43fe3feb6331d02fa91f654b519aba6401a6ad90d36e3ed8bbb0.png
2cf037fc7855f48b1f9bdb9cf17e9ecdce3362f89bbde608bc2a65cf1823e428,0,data/benign_original/benign/2cf037fc7855f48b1f9bdb9cf17e9ecdce3362f89bbde608bc2a65cf1823e428.png
2df7b0d6ed9d2ad1dba3a9ba6b4d44bc4d7667b25b78b02b81cb0fa5b04fb9dd,0,data/benign_original/benign/2df7b0d6ed9d2ad1dba3a9ba6b4d44bc4d7667b25b78b02b81cb0fa5b04fb9dd.png
2e29960bcb455894501fdca75dd9bb0d5112c7b10c547d7550da3feb4395c859,0,data/benign_original/benign/2e29960bcb455894501fdca75dd9bb0d5112c7b10c547d7550da3feb4395c859.png
2f031a1752f7067fb9f483ae0ac5f3036c9b66cc4af40e6ae609c0aba7c886d0,0,data/benign_original/benign/2f031a1752f7067fb9f483ae0ac5f3036c9b66cc4af40e6ae609c0aba7c886d0.png
3006221cb8c23a1d3c9f059445a3c9df96fda1df7bae1b808b76dd453fc8db35,0,data/benign_original/benign/3006221cb8c23a1d3c9f059445a3c9df96fda1df7bae1b808b76dd453fc8db35.png
303b238312b9a5de8399a0f4037b53f02627646a3cbb99b37f383e903f3cd7f9,0,data/benign_original/benign/303b238312b9a5de8399a0f4037b53f02627646a3cbb99b37f383e903f3cd7f9.png
304f34f5a9d1c1c7a3fd894dd93d8b6616a615600d475923443bca4e7587c9b8,0,data/benign_original/benign/304f34f5a9d1c1c7a3fd894dd93d8b6616a615600d475923443bca4e7587c9b8.png
3088b3479bf282bffbb9929a6acc9f61fe993f7ad51cfb2917205d2dbfa1fbc9,0,data/benign_original/benign/3088b3479bf282bffbb9929a6acc9f61fe993f7ad51cfb2917205d2dbfa1fbc9.png
308e8bb2e8a3b67607d2454370e0b50147b42049bda8130ee519e0de86b8a9ff,0,data/benign_original/benign/308e8bb2e8a3b67607d2454370e0b50147b42049bda8130ee519e0de86b8a9ff.png
30ba14b339372a7cfb0cfbaacf9a0668ad7f4ba607bb5c49ddbae7a3b22b834b,0,data/benign_original/benign/30ba14b339372a7cfb0cfbaacf9a0668ad7f4ba607bb5c49ddbae7a3b22b834b.png
30cf13377fc9fa9252c194acfbf7e9458f4625f4754da5ccb625f98de62b6782,0,data/benign_original/benign/30cf13377fc9fa9252c194acfbf7e9458f4625f4754da5ccb625f98de62b6782.png
30fa3790d2049953b8063d77689133c712e58df4cc4f9cbbbddaa96bf79941ee,0,data/benign_original/benign/30fa3790d2049953b8063d77689133c712e58df4cc4f9cbbbddaa96bf79941ee.png
317bad4e1c85573a0ed69433dc4be1055d61adfba88b18fbdd2289d64183fa6c,0,data/benign_original/benign/317bad4e1c85573a0ed69433dc4be1055d61adfba88b18fbdd2289d64183fa6c.png
31a079b5bdd155cb58860afa1e068f8564d7a4a9492aab347e35a724db1849e9,0,data/benign_original/benign/31a079b5bdd155cb58860afa1e068f8564d7a4a9492aab347e35a724db1849e9.png
334a65ea8508b3d2c3088e754cc3c9d8bdaf9b3b993d3f526a1603bbd7ff354c,0,data/benign_original/benign/334a65ea8508b3d2c3088e754cc3c9d8bdaf9b3b993d3f526a1603bbd7ff354c.png
33617176a99d601b09d7fd82bad26591cbfe139247471c6904033d9ef1de81e8,0,data/benign_original/benign/33617176a99d601b09d7fd82bad26591cbfe139247471c6904033d9ef1de81e8.png
33a5b015af1ecd057057eada64b2f8fe3633b467bd43454f5278f76b94cd09ab,0,data/benign_original/benign/33a5b015af1ecd057057eada64b2f8fe3633b467bd43454f5278f76b94cd09ab.png
341e757fe21e236ff2162c678f940558196ae1988a5f5efc4a4b25e425fa0ea0,0,data/benign_original/benign/341e757fe21e236ff2162c678f940558196ae1988a5f5efc4a4b25e425fa0ea0.png
343564ae7b089278180f139230e02a587598bbc10ceb2ace00268c63127a792d,0,data/benign_original/benign/343564ae7b089278180f139230e02a587598bbc10ceb2ace00268c63127a792d.png
346fb6819d138bee09beb553c8ea03c46418f963acae909997e365c07e0d6519,0,data/benign_original/benign/346fb6819d138bee09beb553c8ea03c46418f963acae909997e365c07e0d6519.png
34e718e7c5644f147bec3af69f9fa789be1220e56a7bf827bf1c11afc9c3b0d0,0,data/benign_original/benign/34e718e7c5644f147bec3af69f9fa789be1220e56a7bf827bf1c11afc9c3b0d0.png
35060a40c0ee47f3df979144e9e3375ce324cfaa1acdad725967905beb679047,0,data/benign_original/benign/35060a40c0ee47f3df979144e9e3375ce324cfaa1acdad725967905beb679047.png
360d3e508dbc2311e3090f9b19f2f0ac0a958f7d69d0424c291453b798d29260,0,data/benign_original/benign/360d3e508dbc2311e3090f9b19f2f0ac0a958f7d69d0424c291453b798d29260.png
367cea47389b6d5211595ae88454d9589aa8c996f5e765904ffede434424af22,0,data/benign_original/benign/367cea47389b6d5211595ae88454d9589aa8c996f5e765904ffede434424af22.png
3686c09b2a7755811095196bd155757b5316883d27266ca2d808ba38b410163a,0,data/benign_original/benign/3686c09b2a7755811095196bd155757b5316883d27266ca2d808ba38b410163a.png
373d0778d083a04943032826a3571e5e8d450a9535f5a901db43c791200a774d,0,data/benign_original/benign/373d0778d083a04943032826a3571e5e8d450a9535f5a901db43c791200a774d.png
374eaee5e641064b906290fce1d69e7e640a10c9704431d8548147a1d949d428,0,data/benign_original/benign/374eaee5e641064b906290fce1d69e7e640a10c9704431d8548147a1d949d428.png
3777466cacecedcab6f2e7adc82cfc5f18c0c7f41bea1c68192c4027d53c0d0e,0,data/benign_original/benign/3777466cacecedcab6f2e7adc82cfc5f18c0c7f41bea1c68192c4027d53c0d0e.png
37df0036b3a3d49c4d2d717ae8cff0576811b9a2726fa3b044af5934a48f48f9,0,data/benign_original/benign/37df0036b3a3d49c4d2d717ae8cff0576811b9a2726fa3b044af5934a48f48f9.png
392b91d6f81850708be8fe0cd10ba983a50d0ffb51ec40af56008333fc43af89,0,data/benign_original/benign/392b91d6f81850708be8fe0cd10ba983a50d0ffb51ec40af56008333fc43af89.png
39bbaf0755a1f571d03a1e77a578f59bc5a11635270ad758757abbe55bad8e30,0,data/benign_original/benign/39bbaf0755a1f571d03a1e77a578f59bc5a11635270ad758757abbe55bad8e30.png
3a44fa455ada6aede5098355efc22825ac336a3faa18d7695054fcf3a7bbffc0,0,data/benign_original/benign/3a44fa455ada6aede5098355efc22825ac336a3faa18d7695054fcf3a7bbffc0.png
3ad1d588d82b769d50ca3c21c28e30c1b5333aa571ba8f78f5ec70eed03f950e,0,data/benign_original/benign/3ad1d588d82b769d50ca3c21c28e30c1b5333aa571ba8f78f5ec70eed03f950e.png
3b812075fee45f45ae2d9801c25eb4cadef412b703a1df9c29060bad61fbb039,0,data/benign_original/benign/3b812075fee45f45ae2d9801c25eb4cadef412b703a1df9c29060bad61fbb039.png
3be77cde3fe49040e294b6e4b4fceb284fcfb65279fcdcad9dc087d2d4406058,0,data/benign_original/benign/3be77cde3fe49040e294b6e4b4fceb284fcfb65279fcdcad9dc087d2d4406058.png
3ca96b622f4af8cfdf1d65b9c1c2ee118bc924753ad95d3376b97c6f08153a54,0,data/benign_original/benign/3ca96b622f4af8cfdf1d65b9c1c2ee118bc924753ad95d3376b97c6f08153a54.png
3ccc132059602cbf7dc3acf61a7f83d443a8379a784cc660575858bdb455e6cc,0,data/benign_original/benign/3ccc132059602cbf7dc3acf61a7f83d443a8379a784cc660575858bdb455e6cc.png
3ce6f5e9aee5a3f921d1a21144ae5b7b557dbfc7999f282adcc2fc522fc787bb,0,data/benign_original/benign/3ce6f5e9aee5a3f921d1a21144ae5b7b557dbfc7999f282adcc2fc522fc787bb.png
3d0bfed2f2a17fa8246634fda7162a1be56ddb3080519bcefeafd69fbc7f2fe1,0,data/benign_original/benign/3d0bfed2f2a17fa8246634fda7162a1be56ddb3080519bcefeafd69fbc7f2fe1.png
3d938623540170a3d7eaf0fdc8ce3c255e18ed8d5feeeab16bd8dab926325de5,0,data/benign_original/benign/3d938623540170a3d7eaf0fdc8ce3c255e18ed8d5feeeab16bd8dab926325de5.png
3e71f762320a9af8159d51e374a64ebd4916a92e3de3be8dc1e22d86410982c5,0,data/benign_original/benign/3e71f762320a9af8159d51e374a64ebd4916a92e3de3be8dc1e22d86410982c5.png
3e728b4377bd8efecaf613b11693a98b7b0560f499123d086a10ca782c73b2e8,0,data/benign_original/benign/3e728b4377bd8efecaf613b11693a98b7b0560f499123d086a10ca782c73b2e8.png
3e917376199b13523dfb4fcc445583d9df0606ad0a6a02b111d8a3ee6b71e117,0,data/benign_original/benign/3e917376199b13523dfb4fcc445583d9df0606ad0a6a02b111d8a3ee6b71e117.png
3e95000db27b940bd46d62b8117ea9f3bd4ea9ee203fc54d1244deb429e6785f,0,data/benign_original/benign/3e95000db27b940bd46d62b8117ea9f3bd4ea9ee203fc54d1244deb429e6785f.png
3ef71d537879df5b3f8d0f6d605f48c6cec29f7baaeb24d1d3b68779de9efba5,0,data/benign_original/benign/3ef71d537879df5b3f8d0f6d605f48c6cec29f7baaeb24d1d3b68779de9efba5.png
3f3fe9ecad7f30fc80cdfb678d7ca27a30d0575a73818746e98be9170d3be348,0,data/benign_original/benign/3f3fe9ecad7f30fc80cdfb678d7ca27a30d0575a73818746e98be9170d3be348.png
405865f8af5ff082926927140e1915d1f77f63d3dcd703b3f0fe72102fd80abd,0,data/benign_original/benign/405865f8af5ff082926927140e1915d1f77f63d3dcd703b3f0fe72102fd80abd.png
4095c33ca52203420d14bf3402cdbae1f237a221c270fae8b302a0e06664ad6c,0,data/benign_original/benign/4095c33ca52203420d14bf3402cdbae1f237a221c270fae8b302a0e06664ad6c.png
40973d2b21fc99adda02a0785133fbf4ec53602d8e26c79503ef357234b6b579,0,data/benign_original/benign/40973d2b21fc99adda02a0785133fbf4ec53602d8e26c79503ef357234b6b579.png
40f0b1743dd050949c942debbbaf87b3a070ab87d792550bf9320032ba214fbe,0,data/benign_original/benign/40f0b1743dd050949c942debbbaf87b3a070ab87d792550bf9320032ba214fbe.png
410d442aa93e4a593e651da540c0debd3f60d150671529a461c1c73a7f82473c,0,data/benign_original/benign/410d442aa93e4a593e651da540c0debd3f60d150671529a461c1c73a7f82473c.png
4176fa24d56bb870316d07bd7211bc8a797394f77dcc12b35ffebaa0326525d2,0,data/benign_original/benign/4176fa24d56bb870316d07bd7211bc8a797394f77dcc12b35ffebaa0326525d2.png
4197fc76b3e00145191b260c9ae8e98531d966202669ad39d34137ce303d3566,0,data/benign_original/benign/4197fc76b3e00145191b260c9ae8e98531d966202669ad39d34137ce303d3566.png
41fc284f5c860580dd5fa32de705b66be97cb01c77c9d0aea3acbe38a5f8aa96,0,data/benign_original/benign/41fc284f5c860580dd5fa32de705b66be97cb01c77c9d0aea3acbe38a5f8aa96.png
424451b348b3596f08e28772ee3afb3f16676687f6192746f132394c25112814,0,data/benign_original/benign/424451b348b3596f08e28772ee3afb3f16676687f6192746f132394c25112814.png
42f9e10113f04d60ab45760862f8c371e9d1a3f5f6f3d9457ed5d1f299bc0a38,0,data/benign_original/benign/42f9e10113f04d60ab45760862f8c371e9d1a3f5f6f3d9457ed5d1f299bc0a38.png
44b6a440aa28893b3a9d20a9d3b729a3da38e27934db839b7b427331f814319d,0,data/benign_original/benign/44b6a440aa28893b3a9d20a9d3b729a3da38e27934db839b7b427331f814319d.png
44def887eaf39b6e4a76daa8c59ecb34baa30035825cf5737690d8fc8379ec94,0,data/benign_original/benign/44def887eaf39b6e4a76daa8c59ecb34baa30035825cf5737690d8fc8379ec94.png
44f0ed0780c82e156c9dc2d7679650a9dad422b655ce7df6dc83e0c9f27d3e12,0,data/benign_original/benign/44f0ed0780c82e156c9dc2d7679650a9dad422b655ce7df6dc83e0c9f27d3e12.png
456f313edbf89371a27f0c30aafb0cd5b048af299f443256b4e4da3aca78e49c,0,data/benign_original/benign/456f313edbf89371a27f0c30aafb0cd5b048af299f443256b4e4da3aca78e49c.png
45b6afcd58c1d27f3f09b68f86c68d87658445e931ee5268b57effc774d24ddb,0,data/benign_original/benign/45b6afcd58c1d27f3f09b68f86c68d87658445e931ee5268b57effc774d24ddb.png
45d30e3cdbb403cb9f398c67444e45b3f8a569b64635e8baa3e1d770d39c7de4,0,data/benign_original/benign/45d30e3cdbb403cb9f398c67444e45b3f8a569b64635e8baa3e1d770d39c7de4.png
45de04fff6b76075a2bf0c2354e4d8951b390cbe72d0e5c53b162228d6489b9a,0,data/benign_original/benign/45de04fff6b76075a2bf0c2354e4d8951b390cbe72d0e5c53b162228d6489b9a.png
460c2dd3e3c4d4bb61bc7350814eb3ce48adc1c35add73aac6526f877b124fa7,0,data/benign_original/benign/460c2dd3e3c4d4bb61bc7350814eb3ce48adc1c35add73aac6526f877b124fa7.png
464d6f177b27f77e27c20eba1dc0ee6e85ec4eb1715043c6af6deffb63982fd4,0,data/benign_original/benign/464d6f177b27f77e27c20eba1dc0ee6e85ec4eb1715043c6af6deffb63982fd4.png
466fc41f01efe74716a4472aa421eb7f547806d14fc0a1da88cf2b4921607900,0,data/benign_original/benign/466fc41f01efe74716a4472aa421eb7f547806d14fc0a1da88cf2b4921607900.png
467823968d057c72e14cb0dab019c232231b7ecc34f55225b259627e3b05ea1c,0,data/benign_original/benign/467823968d057c72e14cb0dab019c232231b7ecc34f55225b259627e3b05ea1c.png
46b23a58af30de8f72e7b9a12585d005aa553c137bb8b992205d109b8267627f,0,data/benign_original/benign/46b23a58af30de8f72e7b9a12585d005aa553c137bb8b992205d109b8267627f.png
47345897afc335e518e03bc2b4afa016dd8cbe33cb79b1a02424310b769a0e56,0,data/benign_original/benign/47345897afc335e518e03bc2b4afa016dd8cbe33cb79b1a02424310b769a0e56.png
47a8e3b20405a23f7634fa296f148cab39a7f5f84248c6afcfabf5201374d1d1,0,data/benign_original/benign/47a8e3b20405a23f7634fa296f148cab39a7f5f84248c6afcfabf5201374d1d1.png
47b3c091ff42a93e913d777f5db830f9ccc2d150ce610d4d7e74c8c0f7510167,0,data/benign_original/benign/47b3c091ff42a93e913d777f5db830f9ccc2d150ce610d4d7e74c8c0f7510167.png
4859684e359b34a60f11ee19532df88abfc16b151581951d263f72e070e83ac4,0,data/benign_original/benign/4859684e359b34a60f11ee19532df88abfc16b151581951d263f72e070e83ac4.png
48c1cab05b278fec58b5e6b29ca5ab60a7e5be2e1b9ec8a69bdf9cb4e8955c5d,0,data/benign_original/benign/48c1cab05b278fec58b5e6b29ca5ab60a7e5be2e1b9ec8a69bdf9cb4e8955c5d.png
48c5bd8f31a9b6971d3eb1970b860199b75978efab688a6239936ed6306c9115,0,data/benign_original/benign/48c5bd8f31a9b6971d3eb1970b860199b75978efab688a6239936ed6306c9115.png
48f477c0e4bbd9090ccc351302523fc8db1d9a94ecea1a7d90059e01757dc8a9,0,data/benign_original/benign/48f477c0e4bbd9090ccc351302523fc8db1d9a94ecea1a7d90059e01757dc8a9.png
499343bde27d6c3fdd112b1ae48656c8e62e3dccc1fe682733c597b37f0a664d,0,data/benign_original/benign/499343bde27d6c3fdd112b1ae48656c8e62e3dccc1fe682733c597b37f0a664d.png
49f89b7e949b6cabc189c54c4b1889da073935fbfafa8b1e2dbbd93567772fec,0,data/benign_original/benign/49f89b7e949b6cabc189c54c4b1889da073935fbfafa8b1e2dbbd93567772fec.png
49faf4c5558260bd21805db8edb29d3a1a5395a9ce5f93edd73d1eb87f360317,0,data/benign_original/benign/49faf4c5558260bd21805db8edb29d3a1a5395a9ce5f93edd73d1eb87f360317.png
4a241553048d59ac968322ad54e404bcf1c0ace18aea11a0047add9339e2c65f,0,data/benign_original/benign/4a241553048d59ac968322ad54e404bcf1c0ace18aea11a0047add9339e2c65f.png
4a43f1eef4605f99278e609a8d372bc2386fb8f63ba6999e3ff5c3b80142a6f9,0,data/benign_original/benign/4a43f1eef4605f99278e609a8d372bc2386fb8f63ba6999e3ff5c3b80142a6f9.png
4a495b476cc33e6be712a77184626725ec10e3f31b89d3c53010bd620bcd0cbb,0,data/benign_original/benign/4a495b476cc33e6be712a77184626725ec10e3f31b89d3c53010bd620bcd0cbb.png
4ab3a87ca85e4e4597f81bad03d9aa6ab3d59d04cdf39c0ca791b8d0c6d10212,0,data/benign_original/benign/4ab3a87ca85e4e4597f81bad03d9aa6ab3d59d04cdf39c0ca791b8d0c6d10212.png
4af3efae81865be6f458e37dfe10e31617f2151b51df89cb699aaf6ee06507d1,0,data/benign_original/benign/4af3efae81865be6f458e37dfe10e31617f2151b51df89cb699aaf6ee06507d1.png
4b86fc33172d0d3081164379dbbca8333f5f3eb6c75c7c82281332fdabb5ef8d,0,data/benign_original/benign/4b86fc33172d0d3081164379dbbca8333f5f3eb6c75c7c82281332fdabb5ef8d.png
4bbd4db544dc9fc6600c983bba42b07f3e9ada5501f2ec0d011c04c065f3eb41,0,data/benign_original/benign/4bbd4db544dc9fc6600c983bba42b07f3e9ada5501f2ec0d011c04c065f3eb41.png
4c5a4bfbd6de5221c044b95c96fabc094fd854508471f9d7cb3890853ea318c3,0,data/benign_original/benign/4c5a4bfbd6de5221c044b95c96fabc094fd854508471f9d7cb3890853ea318c3.png
4c6107c9c786e2de5eadd721580372f6028d66daa3d4d2ed9489106ac6d1560e,0,data/benign_original/benign/4c6107c9c786e2de5eadd721580372f6028d66daa3d4d2ed9489106ac6d1560e.png
4c77b3ecfe7ff1be8b05f7bc58d2360531c67997c3fae399f6f24132cb05065a,0,data/benign_original/benign/4c77b3ecfe7ff1be8b05f7bc58d2360531c67997c3fae399f6f24132cb05065a.png
4ca6e16beb57278e60e3edcbcecda1442aa344c424421e4b078f1213e6b99376,0,data/benign_original/benign/4ca6e16beb57278e60e3edcbcecda1442aa344c424421e4b078f1213e6b99376.png
4cde1735b0bd09f0ad3ca84856ac023f212bc5732dcb19f8ccb1aacb0f75bb61,0,data/benign_original/benign/4cde1735b0bd09f0ad3ca84856ac023f212bc5732dcb19f8ccb1aacb0f75bb61.png
4df54b01e012216c2c376c7f4a2bee56c0dfead5bd9324e69d774274151c9a1c,0,data/benign_original/benign/4df54b01e012216c2c376c7f4a2bee56c0dfead5bd9324e69d774274151c9a1c.png
4e3b3bf5ee097fdbf0b595a37261eb70683a3c59e15e6aa616e313a7134a48ea,0,data/benign_original/benign/4e3b3bf5ee097fdbf0b595a37261eb70683a3c59e15e6aa616e313a7134a48ea.png
4e5aac1267b4dd6d72ba7903928e3101fe0088af21611cfe6ebae5919ada75ce,0,data/benign_original/benign/4e5aac1267b4dd6d72ba7903928e3101fe0088af21611cfe6ebae5919ada75ce.png
4ea6fb35bfa0deace0e149557d73a99ee858029e33bbbcaf5cdf5aefb21ffb80,0,data/benign_original/benign/4ea6fb35bfa0deace0e149557d73a99ee858029e33bbbcaf5cdf5aefb21ffb80.png
4ec1e44407cc7874b875e2850962e0583a97486b29578cdd4bcc21d7e1d76004,0,data/benign_original/benign/4ec1e44407cc7874b875e2850962e0583a97486b29578cdd4bcc21d7e1d76004.png
4ed80b78467fcd78c5e7d7823dbaa37d5c34a0b0d0b9e27c903e3174f1458796,0,data/benign_original/benign/4ed80b78467fcd78c5e7d7823dbaa37d5c34a0b0d0b9e27c903e3174f1458796.png
4efd6c2d5692fd45ca167fce0b8a07f87e89862a6b4e2f04ae49d4113539440f,0,data/benign_original/benign/4efd6c2d5692fd45ca167fce0b8a07f87e89862a6b4e2f04ae49d4113539440f.png
4f6b4aee23bbfae817a548ef9d8697c721107bec33b303b22ebea36fd65c663a,0,data/benign_original/benign/4f6b4aee23bbfae817a548ef9d8697c721107bec33b303b22ebea36fd65c663a.png
5052ed5ba5435693affdae0f4fa7c388ab993b4f9c7a153c8e80800e7aabd512,0,data/benign_original/benign/5052ed5ba5435693affdae0f4fa7c388ab993b4f9c7a153c8e80800e7aabd512.png
513c8fdd0e211a18c25836f041ba0fcfb1dddf472ff91b72b6a15eb049cef184,0,data/benign_original/benign/513c8fdd0e211a18c25836f041ba0fcfb1dddf472ff91b72b6a15eb049cef184.png
514e2aa45bf1034dc54acfbaa0390998a16bae0286159d6a152a71922478dee3,0,data/benign_original/benign/514e2aa45bf1034dc54acfbaa0390998a16bae0286159d6a152a71922478dee3.png
51bd880654939f595158f3da086ce3b4e10bca532fda5b3c03033ac55e672ae7,0,data/benign_original/benign/51bd880654939f595158f3da086ce3b4e10bca532fda5b3c03033ac55e672ae7.png
51e5578c6dda8f07294450ba215b6b7b5083bed66fa35e21cac605fcffaa5dde,0,data/benign_original/benign/51e5578c6dda8f07294450ba215b6b7b5083bed66fa35e21cac605fcffaa5dde.png
52e5ccee227c8383423207f90090c8583d2cf019e761982320cc80daf84d9d06,0,data/benign_original/benign/52e5ccee227c8383423207f90090c8583d2cf019e761982320cc80daf84d9d06.png
536abc6d36a44a42c41263b0b470a5d2db75b9291585ae4efd94190c08c1c233,0,data/benign_original/benign/536abc6d36a44a42c41263b0b470a5d2db75b9291585ae4efd94190c08c1c233.png
53b9f1204f512237fc0b8969ae2c98d1ed3d904e4acc2d096a2e3d9f6577fbe7,0,data/benign_original/benign/53b9f1204f512237fc0b8969ae2c98d1ed3d904e4acc2d096a2e3d9f6577fbe7.png
5463e1487d69e3f0cb372cba067270bc39639bd8c8b333b81f99ae26ae3e881d,0,data/benign_original/benign/5463e1487d69e3f0cb372cba067270bc39639bd8c8b333b81f99ae26ae3e881d.png
5479b276f6cf9781f2935bd8c761ffb19ab9355520de4a7679a3372c3b90254b,0,data/benign_original/benign/5479b276f6cf9781f2935bd8c761ffb19ab9355520de4a7679a3372c3b90254b.png
54b700b40965e1ca937bba16365fc3a52a6de8eff1bd8c11a65bd42aa3ace1cc,0,data/benign_original/benign/54b700b40965e1ca937bba16365fc3a52a6de8eff1bd8c11a65bd42aa3ace1cc.png
5557f65b4b69c3e332f244dd0138fa4620f78abaeed6230ee1c1d0bdfcd1ef57,0,data/benign_original/benign/5557f65b4b69c3e332f244dd0138fa4620f78abaeed6230ee1c1d0bdfcd1ef57.png
55d31ce16027c980ede272d4653075b8305ba5667bbf3e5ff11314697d54f25a,0,data/benign_original/benign/55d31ce16027c980ede272d4653075b8305ba5667bbf3e5ff11314697d54f25a.png
55fa4e98f25ec101acbb40a2d2732041c1abb6b6e5b3d6d9ba7aceaceacb1d25,0,data/benign_original/benign/55fa4e98f25ec101acbb40a2d2732041c1abb6b6e5b3d6d9ba7aceaceacb1d25.png
56feb0c8cde725df0111865170d4c6cf5b8cd395ed07583c3addaf0a6af0add6,0,data/benign_original/benign/56feb0c8cde725df0111865170d4c6cf5b8cd395ed07583c3addaf0a6af0add6.png
574fdee6f02885494fade6efab72183f0978a39eea34dc5c2b1ac738c238da0d,0,data/benign_original/benign/574fdee6f02885494fade6efab72183f0978a39eea34dc5c2b1ac738c238da0d.png
57d78efac696eff08c83318b96870640b6e36baaa3bad6144467df73fea872ac,0,data/benign_original/benign/57d78efac696eff08c83318b96870640b6e36baaa3bad6144467df73fea872ac.png
582a76c2ba2b438ad4e1660d853f437bb817c03000f4b91273b182de47da8891,0,data/benign_original/benign/582a76c2ba2b438ad4e1660d853f437bb817c03000f4b91273b182de47da8891.png
585801ac3336bd64167c6694321862633666c02f2f040fb45b5828878572cf5e,0,data/benign_original/benign/585801ac3336bd64167c6694321862633666c02f2f040fb45b5828878572cf5e.png
58ca3057238728279442ee5298e640cc97026073403acea93a206c37e5e02e7b,0,data/benign_original/benign/58ca3057238728279442ee5298e640cc97026073403acea93a206c37e5e02e7b.png
593da57cdd02f4cc3a5125ce5707c222dd922f2936d16492ba21ac6c345ec6b0,0,data/benign_original/benign/593da57cdd02f4cc3a5125ce5707c222dd922f2936d16492ba21ac6c345ec6b0.png
597ff38555c0fc36b1502b5f81a4262386621b795efad580687ac8ee879dc829,0,data/benign_original/benign/597ff38555c0fc36b1502b5f81a4262386621b795efad580687ac8ee879dc829.png
59c8343fa81d51d03b88ddc9a881a23ccfe2d7a4ddc29d0f5c68b289fc3b8dfc,0,data/benign_original/benign/59c8343fa81d51d03b88ddc9a881a23ccfe2d7a4ddc29d0f5c68b289fc3b8dfc.png
59cd1d0af53ea03abee50526e77074de7dab2ec4e3bae4293c0bfcd89b1898a9,0,data/benign_original/benign/59cd1d0af53ea03abee50526e77074de7dab2ec4e3bae4293c0bfcd89b1898a9.png
59d1674d83fe80a3c9a467f56ae5b1d106678a307c894dc57f8e98d7ed69358f,0,data/benign_original/benign/59d1674d83fe80a3c9a467f56ae5b1d106678a307c894dc57f8e98d7ed69358f.png
5a071e20a23c845332e288fe02f2601518c8f1c1de1871d24a0530b09841157f,0,data/benign_original/benign/5a071e20a23c845332e288fe02f2601518c8f1c1de1871d24a0530b09841157f.png
5a0f4fa2c578675590ac317e392f78abfc19577a7f8c964e708a1ad436e58a37,0,data/benign_original/benign/5a0f4fa2c578675590ac317e392f78abfc19577a7f8c964e708a1ad436e58a37.png
5a1ff407effbbc412ca3d232c64770166cba6fc86bedf7f7f852114c4cdc8b07,0,data/benign_original/benign/5a1ff407effbbc412ca3d232c64770166cba6fc86bedf7f7f852114c4cdc8b07.png
5a63c01f80e137c588117dec2a9ae121d27b8a57ec40ab77e7e5a94a75be2db2,0,data/benign_original/benign/5a63c01f80e137c588117dec2a9ae121d27b8a57ec40ab77e7e5a94a75be2db2.png
5b9c56e4557b21ef584597589da7a36002097e0aae746421a391e1961276cd54,0,data/benign_original/benign/5b9c56e4557b21ef584597589da7a36002097e0aae746421a391e1961276cd54.png
5c259042369ecb8a6c5298ee941df43260c2d1a43c1b6607b2f753b8f3426f1e,0,data/benign_original/benign/5c259042369ecb8a6c5298ee941df43260c2d1a43c1b6607b2f753b8f3426f1e.png
5d2e1c132051f3b80a0e39b5d4efe255c1e339614d2861b1e017ff1574610dac,0,data/benign_original/benign/5d2e1c132051f3b80a0e39b5d4efe255c1e339614d2861b1e017ff1574610dac.png
5d5d6a49d4436027dc2209b6452d53207ee3198b97d83caf54524707c4328b2d,0,data/benign_original/benign/5d5d6a49d4436027dc2209b6452d53207ee3198b97d83caf54524707c4328b2d.png
5d62d79f6555d7a7edaf3b175312b326df779f9ae8c893e2182e4159f44c9d34,0,data/benign_original/benign/5d62d79f6555d7a7edaf3b175312b326df779f9ae8c893e2182e4159f44c9d34.png
5dd566d349a0718dcc514094de7384c369f66cb593fdcc395d1df0248d59848f,0,data/benign_original/benign/5dd566d349a0718dcc514094de7384c369f66cb593fdcc395d1df0248d59848f.png
5ddb5815973d58798ba373011bf5a5903bfd9b270c4b648032aa7d19153a8f56,0,data/benign_original/benign/5ddb5815973d58798ba373011bf5a5903bfd9b270c4b648032aa7d19153a8f56.png
5e2f6ccab90816da98344ffa18c6e0893aba6bff018e6893fae38b126306b283,0,data/benign_original/benign/5e2f6ccab90816da98344ffa18c6e0893aba6bff018e6893fae38b126306b283.png
5e405415dc1a7d3c56e7e8d8b9b744ac3c2a275ee5f4b09bc09d63d6f7546e28,0,data/benign_original/benign/5e405415dc1a7d3c56e7e8d8b9b744ac3c2a275ee5f4b09bc09d63d6f7546e28.png
5e51ab3594d8b1e451da1180faf2a0e6d597725b8e63c4928b66e1dba5d9cb86,0,data/benign_original/benign/5e51ab3594d8b1e451da1180faf2a0e6d597725b8e63c4928b66e1dba5d9cb86.png
5e83b73dc8eb0cf1ec380e703432609137fb07779a662a32c8f9c85087780a4a,0,data/benign_original/benign/5e83b73dc8eb0cf1ec380e703432609137fb07779a662a32c8f9c85087780a4a.png
5edc3922ccbd249917e6e2a45acc2c8a453e61ca2bea5ab4e0ea09fb4496f53e,0,data/benign_original/benign/5edc3922ccbd249917e6e2a45acc2c8a453e61ca2bea5ab4e0ea09fb4496f53e.png
5ef3c14a3ae99ee5ddf9b24e82bb5762040c9d362f336f95505f4dde963ef0b6,0,data/benign_original/benign/5ef3c14a3ae99ee5ddf9b24e82bb5762040c9d362f336f95505f4dde963ef0b6.png
5f4b11908be9bae49753a31877b8e6d958a03c163b76de010eef50d676b5af16,0,data/benign_original/benign/5f4b11908be9bae49753a31877b8e6d958a03c163b76de010eef50d676b5af16.png
5fe5d832e53fe8226bba7150afe1f8b70775d7de3b354b638bf49809b120a1be,0,data/benign_original/benign/5fe5d832e53fe8226bba7150afe1f8b70775d7de3b354b638bf49809b120a1be.png
5fea3241e2e2c3232f3dafa3bf72c9ba0e88df2781f2a742d4369813f99ce952,0,data/benign_original/benign/5fea3241e2e2c3232f3dafa3bf72c9ba0e88df2781f2a742d4369813f99ce952.png
607dad5ad1575af78d67f6599fb4182cc7a29ec3e09a1c2691ee95511a9139b2,0,data/benign_original/benign/607dad5ad1575af78d67f6599fb4182cc7a29ec3e09a1c2691ee95511a9139b2.png
60b19233a71bb337521d787cbb5af4253c76de3c9f8dda52dc435feed3a27c62,0,data/benign_original/benign/60b19233a71bb337521d787cbb5af4253c76de3c9f8dda52dc435feed3a27c62.png
60fed726920afd8b17819574c96a58ae57b0d581aa39a7b760bb0642e6b21b3e,0,data/benign_original/benign/60fed726920afd8b17819574c96a58ae57b0d581aa39a7b760bb0642e6b21b3e.png
612637880da6c90d1002417b89df91821b8fe71e553b20824e1b7b3f87ff81ad,0,data/benign_original/benign/612637880da6c90d1002417b89df91821b8fe71e553b20824e1b7b3f87ff81ad.png
626a065b493acc0636e75406f146741896ec430ae30cb7cc2ebaf70cb6640afd,0,data/benign_original/benign/626a065b493acc0636e75406f146741896ec430ae30cb7cc2ebaf70cb6640afd.png
62a476f0d8359e730646586557c35b74a07f894b2d528864c35f1721ecf943c7,0,data/benign_original/benign/62a476f0d8359e730646586557c35b74a07f894b2d528864c35f1721ecf943c7.png
62bdea365fc6288732deef4802af669c0613d3266d7c12b2c0a80ecb316ac7be,0,data/benign_original/benign/62bdea365fc6288732deef4802af669c0613d3266d7c12b2c0a80ecb316ac7be.png
62e8db45cb438205641ee57e8b486f0884ad6d4f3e8e5906f38aa157d301f718,0,data/benign_original/benign/62e8db45cb438205641ee57e8b486f0884ad6d4f3e8e5906f38aa157d301f718.png
62f1ad51806af5c9031851373f8c404e371514d3b0c8e236d6ea0cb488c4a56b,0,data/benign_original/benign/62f1ad51806af5c9031851373f8c404e371514d3b0c8e236d6ea0cb488c4a56b.png
6443dd554836f5112eda96b3cb18358aed61b5d8aa56be17456acc42d4458bc6,0,data/benign_original/benign/6443dd554836f5112eda96b3cb18358aed61b5d8aa56be17456acc42d4458bc6.png
647b982e39269e0aece005227fe7641fa2e21f54a290aee1b8b5519f05d97bc0,0,data/benign_original/benign/647b982e39269e0aece005227fe7641fa2e21f54a290aee1b8b5519f05d97bc0.png
647df4453044059c24cfcc2e37824159f29474bdc0b5755ae1a832d019aba289,0,data/benign_original/benign/647df4453044059c24cfcc2e37824159f29474bdc0b5755ae1a832d019aba289.png
65293714661fb07c84040ccf481e8472ed6665e881e33dab299b6392cabc9dd2,0,data/benign_original/benign/65293714661fb07c84040ccf481e8472ed6665e881e33dab299b6392cabc9dd2.png
65445303675931b6ccc3090176e6196f25bced4236b479c2753500878cd41ac7,0,data/benign_original/benign/65445303675931b6ccc3090176e6196f25bced4236b479c2753500878cd41ac7.png
65c24eabb20e0686667eb20ceb2bffd985aa966352630ba549ddd15a1df20ab7,0,data/benign_original/benign/65c24eabb20e0686667eb20ceb2bffd985aa966352630ba549ddd15a1df20ab7.png
65fcae1fb6d6ba322a5b81629813609d07ff20c4f46ba805bc2817f565c5bab5,0,data/benign_original/benign/65fcae1fb6d6ba322a5b81629813609d07ff20c4f46ba805bc2817f565c5bab5.png
66031dcf8d27466f6407c1ad670e95947914b02778831f637172244b83eaa296,0,data/benign_original/benign/66031dcf8d27466f6407c1ad670e95947914b02778831f637172244b83eaa296.png
662ee3641d0c2c8ed7c3e779b764311a57cba18742c53fc3fff98f64623f4ae3,0,data/benign_original/benign/662ee3641d0c2c8ed7c3e779b764311a57cba18742c53fc3fff98f64623f4ae3.png
667fba10a1775750b3b63be899f4b097841c71ce531f52366bd47b6b4c474a0f,0,data/benign_original/benign/667fba10a1775750b3b63be899f4b097841c71ce531f52366bd47b6b4c474a0f.png
66e164388672cc2a63fe9cf2b600c901a321dd7c8d8be421a7ad5a3ebca048c0,0,data/benign_original/benign/66e164388672cc2a63fe9cf2b600c901a321dd7c8d8be421a7ad5a3ebca048c0.png
6719c0eecd26a1f435351d8f8ebb77798126c348f8b3e1ad4f13d660240709e8,0,data/benign_original/benign/6719c0eecd26a1f435351d8f8ebb77798126c348f8b3e1ad4f13d660240709e8.png
6740a717633566873388570d00cf64676f8249f65006bdda0c8e90a426655458,0,data/benign_original/benign/6740a717633566873388570d00cf64676f8249f65006bdda0c8e90a426655458.png
6778d6756f384d4cb9e93b058f29fc6c5d8623e0b5ed81ab48cf10464cbd2609,0,data/benign_original/benign/6778d6756f384d4cb9e93b058f29fc6c5d8623e0b5ed81ab48cf10464cbd2609.png
67aee1184638666b5776af596e05043b12df0d719b21bf4bfeb8cda16796bfab,0,data/benign_original/benign/67aee1184638666b5776af596e05043b12df0d719b21bf4bfeb8cda16796bfab.png
686bf1774b5c836356d355f0685c9ef7e937283a0064f703249a5086bae27531,0,data/benign_original/benign/686bf1774b5c836356d355f0685c9ef7e937283a0064f703249a5086bae27531.png
68c73e7c17fb1e16c4f6e906219f283412bbebe180dabfe2ef0e1b79933acad9,0,data/benign_original/benign/68c73e7c17fb1e16c4f6e906219f283412bbebe180dabfe2ef0e1b79933acad9.png
68d7f06712dc622880acf9c37f9d08e3c72d48c0016ca1f69f1f386df5f234cf,0,data/benign_original/benign/68d7f06712dc622880acf9c37f9d08e3c72d48c0016ca1f69f1f386df5f234cf.png
69828c857d4824b9f850b1e0597d2c134c91114b7a0774c41dffe33b0eb23721,0,data/benign_original/benign/69828c857d4824b9f850b1e0597d2c134c91114b7a0774c41dffe33b0eb23721.png
699587c3762e20354daba4ee9f20d7fcaa257f6a1007d0f9fe8a89c8797f910c,0,data/benign_original/benign/699587c3762e20354daba4ee9f20d7fcaa257f6a1007d0f9fe8a89c8797f910c.png
69df4166f03247f9694d0300db13485c0c6e4a4cf1b6968118fb4f0f9cf846dd,0,data/benign_original/benign/69df4166f03247f9694d0300db13485c0c6e4a4cf1b6968118fb4f0f9cf846dd.png
6aa04e0e76bfc243beee6d843fddc6689dfdada630dd08ccfc1863db3d8e3540,0,data/benign_original/benign/6aa04e0e76bfc243beee6d843fddc6689dfdada630dd08ccfc1863db3d8e3540.png
6adaf93fda108331512c279e967f55379586948ebbc3dab4746e3d13d4736d97,0,data/benign_original/benign/6adaf93fda108331512c279e967f55379586948ebbc3dab4746e3d13d4736d97.png
6adde9b136b943e8919605dc9b302fe5a7de4a037237da9959fac80743719c61,0,data/benign_original/benign/6adde9b136b943e8919605dc9b302fe5a7de4a037237da9959fac80743719c61.png
6b8d1a1f785c103e2d75702c22491d1b3942878bcba7965c9f6b2ec46440726d,0,data/benign_original/benign/6b8d1a1f785c103e2d75702c22491d1b3942878bcba7965c9f6b2ec46440726d.png
6b9131d94ed31f838b1820ee67f068c4741b69d5c655587c89c9477986bd270f,0,data/benign_original/benign/6b9131d94ed31f838b1820ee67f068c4741b69d5c655587c89c9477986bd270f.png
6bf6ce66b3cf86b96f4764a7908154290ca9f14915508da83d1676f14f54d097,0,data/benign_original/benign/6bf6ce66b3cf86b96f4764a7908154290ca9f14915508da83d1676f14f54d097.png
6c29fa22f01232ee015ac027338ce7b69745844fae51d7cde0916acd371f3bfc,0,data/benign_original/benign/6c29fa22f01232ee015ac027338ce7b69745844fae51d7cde0916acd371f3bfc.png
6cbeb1e7555db4f22329195f26b455c475b79ece4b4b9566b94f91a94cb5a0d1,0,data/benign_original/benign/6cbeb1e7555db4f22329195f26b455c475b79ece4b4b9566b94f91a94cb5a0d1.png
6db1b1277444baa2da6d6c31b7824fc567fd6a79ff010d885384438db09046cf,0,data/benign_original/benign/6db1b1277444baa2da6d6c31b7824fc567fd6a79ff010d885384438db09046cf.png
6dbf6b578f0642bb6de9f9f9e2e92939c0580bfd0cd275475dbb57fcb1107b61,0,data/benign_original/benign/6dbf6b578f0642bb6de9f9f9e2e92939c0580bfd0cd275475dbb57fcb1107b61.png
6df774a7ed523b867cb9bcc2f56d95db134f8f668c5c7dfc6843665ce2e966b9,0,data/benign_original/benign/6df774a7ed523b867cb9bcc2f56d95db134f8f668c5c7dfc6843665ce2e966b9.png
6e301f788993268ad839c6e8b251d6b0ee14bddbc9a655bb7e4474524a6d8994,0,data/benign_original/benign/6e301f788993268ad839c6e8b251d6b0ee14bddbc9a655bb7e4474524a6d8994.png
6e4849e0d92ae82380bf4bb6773a1ff27863038838a021ccade723e2adab5d73,0,data/benign_original/benign/6e4849e0d92ae82380bf4bb6773a1ff27863038838a021ccade723e2adab5d73.png
6e600fd9843414cf441a05bd50149beca5cd592dc6f62cda94047bd345778371,0,data/benign_original/benign/6e600fd9843414cf441a05bd50149beca5cd592dc6f62cda94047bd345778371.png
6ec6507c9d9332e7d98f7ba4c14d8fa326e581894e266c72841cd4c2dc894bbc,0,data/benign_original/benign/6ec6507c9d9332e7d98f7ba4c14d8fa326e581894e266c72841cd4c2dc894bbc.png
6ee4dca852ae3b8f2fa3dba67bf58ea089d1ad5af0946dad3350339877cb7f29,0,data/benign_original/benign/6ee4dca852ae3b8f2fa3dba67bf58ea089d1ad5af0946dad3350339877cb7f29.png
70985dabcf2497a00eb7fe4c21452bbcf7aa56db01895d130a8dac728b712668,0,data/benign_original/benign/70985dabcf2497a00eb7fe4c21452bbcf7aa56db01895d130a8dac728b712668.png
71208368bf39b9756efdecee82884fe94715a233ca62c0bb2854da7156919af7,0,data/benign_original/benign/71208368bf39b9756efdecee82884fe94715a233ca62c0bb2854da7156919af7.png
71e8b80a35184e5061f69b61f3d86be5a03349c8bd0639c26c3152a02346c6f0,0,data/benign_original/benign/71e8b80a35184e5061f69b61f3d86be5a03349c8bd0639c26c3152a02346c6f0.png
71f7a7c7c514b487ce686855380c1e2d19dc0b049133a6b09d63bf82859ad531,0,data/benign_original/benign/71f7a7c7c514b487ce686855380c1e2d19dc0b049133a6b09d63bf82859ad531.png
7230968208169f32697afe22a58dd045687f5c64c5c20b0d0471e4b9aa37c783,0,data/benign_original/benign/7230968208169f32697afe22a58dd045687f5c64c5c20b0d0471e4b9aa37c783.png
72bc39297e239de515b1384d1df053109eb71567ddc3b94cf7b27ad3a5ad31fe,0,data/benign_original/benign/72bc39297e239de515b1384d1df053109eb71567ddc3b94cf7b27ad3a5ad31fe.png
7320783c6e2941f13cbf3cdc75e649f6d8c1054175aa264693a404cec20f4590,0,data/benign_original/benign/7320783c6e2941f13cbf3cdc75e649f6d8c1054175aa264693a404cec20f4590.png
735c3e8627ad36781f4f81fa79a265f90c3e22562a0991a7dea4d52427724baa,0,data/benign_original/benign/735c3e8627ad36781f4f81fa79a265f90c3e22562a0991a7dea4d52427724baa.png
73bb2538c8a42b16397858d449d8558d666918a17e272aa74934b2014482a9d0,0,data/benign_original/benign/73bb2538c8a42b16397858d449d8558d666918a17e272aa74934b2014482a9d0.png
7481b61d95c45a5ebb6dfc318a8a62f1524f815fb8fccc8859b373570c049538,0,data/benign_original/benign/7481b61d95c45a5ebb6dfc318a8a62f1524f815fb8fccc8859b373570c049538.png
7485ff522f4662ae5c91a5248e82370d9f24bb6e548fe279ce9e9e824c6c4d41,0,data/benign_original/benign/7485ff522f4662ae5c91a5248e82370d9f24bb6e548fe279ce9e9e824c6c4d41.png
74c72500841035f639975bc6aa321c4a40e6d2080834d94f522353efe52d79d1,0,data/benign_original/benign/74c72500841035f639975bc6aa321c4a40e6d2080834d94f522353efe52d79d1.png
750cd1c6e724d8f11db6f0fe94dcf7c4943c465be5f5ad17c9bdfb99db6e30db,0,data/benign_original/benign/750cd1c6e724d8f11db6f0fe94dcf7c4943c465be5f5ad17c9bdfb99db6e30db.png
755394b623e31d32f900de2f37ba04a0aa9a3c3c57dc34b8f5f4792f18c34196,0,data/benign_original/benign/755394b623e31d32f900de2f37ba04a0aa9a3c3c57dc34b8f5f4792f18c34196.png
75618935566046844c2d4270687f88dcfe5b50cd9d670adb7bfb0db1b1070beb,0,data/benign_original/benign/75618935566046844c2d4270687f88dcfe5b50cd9d670adb7bfb0db1b1070beb.png
75b7971116bc93808372209737c5f272cde2b5409722dd7a13c5b780f98743ef,0,data/benign_original/benign/75b7971116bc93808372209737c5f272cde2b5409722dd7a13c5b780f98743ef.png
75d348a3330bc527b2b2ff8a0789f711bd51461126f8df0c0aa1647e9d976809,0,data/benign_original/benign/75d348a3330bc527b2b2ff8a0789f711bd51461126f8df0c0aa1647e9d976809.png
76098cc2969c4a090fba5c863bb3bb52b5ce88bee46da9d46aab0252affa0744,0,data/benign_original/benign/76098cc2969c4a090fba5c863bb3bb52b5ce88bee46da9d46aab0252affa0744.png
7637ebd20f2b197995d6876d3cd4b01479614f5c0859bf8466b1ec956c6b1993,0,data/benign_original/benign/7637ebd20f2b197995d6876d3cd4b01479614f5c0859bf8466b1ec956c6b1993.png
769b372eeb56fcbd790a01ee345f20c31912f71d59d4d9fd0d22f6d9898c679e,0,data/benign_original/benign/769b372eeb56fcbd790a01ee345f20c31912f71d59d4d9fd0d22f6d9898c679e.png
773e9b34287f455a6071c3537b6aa851ad177dbcda9e9acc39cdfb1f1822b859,0,data/benign_original/benign/773e9b34287f455a6071c3537b6aa851ad177dbcda9e9acc39cdfb1f1822b859.png
7811173cf065c3ceb143dd3dda345455660960b3837654cec2458f2e4d0c7c1c,0,data/benign_original/benign/7811173cf065c3ceb143dd3dda345455660960b3837654cec2458f2e4d0c7c1c.png
78bdea8d1723fdce0295004b6d4de388ac42da4238f8af627c9db7e62865885e,0,data/benign_original/benign/78bdea8d1723fdce0295004b6d4de388ac42da4238f8af627c9db7e62865885e.png
78d7c33adc73827d0c60df89c13d7973a885db106f39b4c641aa850469643834,0,data/benign_original/benign/78d7c33adc73827d0c60df89c13d7973a885db106f39b4c641aa850469643834.png
78dc236cc76e06c9aa253cb95dc297eedb63e4dd1b98335b6cdaa64ce4b1056c,0,data/benign_original/benign/78dc236cc76e06c9aa253cb95dc297eedb63e4dd1b98335b6cdaa64ce4b1056c.png
78e599cb3c1050cc1c4dde26607634af8c56232fcfa744705ba83f689b68a4d2,0,data/benign_original/benign/78e599cb3c1050cc1c4dde26607634af8c56232fcfa744705ba83f689b68a4d2.png
79d27b57b5e2128fb96b229198fff3be95816d4495d26d512ec27cfd7406d0b5,0,data/benign_original/benign/79d27b57b5e2128fb96b229198fff3be95816d4495d26d512ec27cfd7406d0b5.png
7a8cc5e06b39affec26b3f1bcaae3fae4a3c35aac0d2b5d0ae0509e9d1f06090,0,data/benign_original/benign/7a8cc5e06b39affec26b3f1bcaae3fae4a3c35aac0d2b5d0ae0509e9d1f06090.png
7b6a2c47f68bdabc73a7dc13ffc5d8c241419161c13f88f85de0e4ab5e5ca7f2,0,data/benign_original/benign/7b6a2c47f68bdabc73a7dc13ffc5d8c241419161c13f88f85de0e4ab5e5ca7f2.png
7bede57bc7d5e493a892bf339f23bbcd24c87eb460de7343b6cd068fcba9e3c3,0,data/benign_original/benign/7bede57bc7d5e493a892bf339f23bbcd24c87eb460de7343b6cd068fcba9e3c3.png
7ea89be1bba6a7c2b08d70fa8e4cf036cb086ed162bcd22255e2bc0f926b22b2,0,data/benign_original/benign/7ea89be1bba6a7c2b08d70fa8e4cf036cb086ed162bcd22255e2bc0f926b22b2.png
7eef714fc5db03b3f45f8e2226e4c3876864f2baa13ca1730324147ca6957c96,0,data/benign_original/benign/7eef714fc5db03b3f45f8e2226e4c3876864f2baa13ca1730324147ca6957c96.png
7f98f833fab3cbae22783a129d68a437556210f0e824cfec857999af7268989b,0,data/benign_original/benign/7f98f833fab3cbae22783a129d68a437556210f0e824cfec857999af7268989b.png
7fd2d6334786adf1849a096e5709201f708cf981273fa2179b293871be4f3408,0,data/benign_original/benign/7fd2d6334786adf1849a096e5709201f708cf981273fa2179b293871be4f3408.png
7fee915b2233ccbb20b6012c05632ef8664e6015cbcdc53a0e60fa0fe1c1433e,0,data/benign_original/benign/7fee915b2233ccbb20b6012c05632ef8664e6015cbcdc53a0e60fa0fe1c1433e.png
8000b908e67e565d8dfe7a968e0faebc0fac232e9c964173d8ff770f89da95d1,0,data/benign_original/benign/8000b908e67e565d8dfe7a968e0faebc0fac232e9c964173d8ff770f89da95d1.png
807e34c2bbd237b351177fbf96ac4790a071c58321d2c680fb2c3d0343da6b03,0,data/benign_original/benign/807e34c2bbd237b351177fbf96ac4790a071c58321d2c680fb2c3d0343da6b03.png
808004d8cffa5ce5c2f28f029f8dac627b87b73b8de99e7cdd734094fa2bc584,0,data/benign_original/benign/808004d8cffa5ce5c2f28f029f8dac627b87b73b8de99e7cdd734094fa2bc584.png
80d3d281ab93307f50f069426f8ddd133456a2d5b7ea8aa84e2fc63ffa96d630,0,data/benign_original/benign/80d3d281ab93307f50f069426f8ddd133456a2d5b7ea8aa84e2fc63ffa96d630.png
81441f0059576d587462d7ceb3e067692501bf79ebe904686bb6d562a2d93e55,0,data/benign_original/benign/81441f0059576d587462d7ceb3e067692501bf79ebe904686bb6d562a2d93e55.png
814bab0491bb65757dc1d000a18002b6a9f7a271bf8190ab3c384a5c5c8f7d79,0,data/benign_original/benign/814bab0491bb65757dc1d000a18002b6a9f7a271bf8190ab3c384a5c5c8f7d79.png
81b6faa1158f04f1c6ea4eb5f7cd446f51076a30f9ab03d31872453689a200ee,0,data/benign_original/benign/81b6faa1158f04f1c6ea4eb5f7cd446f51076a30f9ab03d31872453689a200ee.png
81c5ffc8bbff3f6b0f2ce30966a4ff8e964b3602343d1746721311336c453be0,0,data/benign_original/benign/81c5ffc8bbff3f6b0f2ce30966a4ff8e964b3602343d1746721311336c453be0.png
81c6fb4c2ce61eb6ca4d86f70f2c905a00c814b9fd37fd1ca0ab94a169165a34,0,data/benign_original/benign/81c6fb4c2ce61eb6ca4d86f70f2c905a00c814b9fd37fd1ca0ab94a169165a34.png
82627a29ae7c8e9ddaadd8ec3968961b74a5e1040029e3c353e795b7dd77be0f,0,data/benign_original/benign/82627a29ae7c8e9ddaadd8ec3968961b74a5e1040029e3c353e795b7dd77be0f.png
82712982d5c88201bbccd4f788b59ae9e8164aa39d5415df9c609577b5e15a5b,0,data/benign_original/benign/82712982d5c88201bbccd4f788b59ae9e8164aa39d5415df9c609577b5e15a5b.png
827c8b3a6a54056b200d288c60b29c59e4f67dd9144e96ac79ebc79ece4f4997,0,data/benign_original/benign/827c8b3a6a54056b200d288c60b29c59e4f67dd9144e96ac79ebc79ece4f4997.png
829143bf8437b121fdaa057445c15d0d52a33db4e032a172e62ac5bb07493c23,0,data/benign_original/benign/829143bf8437b121fdaa057445c15d0d52a33db4e032a172e62ac5bb07493c23.png
830f015015eeeb8c097e682ad2775e4f4bce945f944b9e0079299ca3a90a11eb,0,data/benign_original/benign/830f015015eeeb8c097e682ad2775e4f4bce945f944b9e0079299ca3a90a11eb.png
83d4e9944fed7ec8b4b0d7fbbfd50d8f24c58622abbc43157a0f8f6983086b0c,0,data/benign_original/benign/83d4e9944fed7ec8b4b0d7fbbfd50d8f24c58622abbc43157a0f8f6983086b0c.png
840c32590029366c04f95295e354b811646a3ff15e4561eb7f325c7abde65d87,0,data/benign_original/benign/840c32590029366c04f95295e354b811646a3ff15e4561eb7f325c7abde65d87.png
84a4ff952516cb2f3a40378d530710e00af9161a736a8f3877e2f66bdde32bee,0,data/benign_original/benign/84a4ff952516cb2f3a40378d530710e00af9161a736a8f3877e2f66bdde32bee.png
84f059c97836f74b86621dbbbd2a4f1c44cc89f9a27efe6bdd03dc6cc46a4fbe,0,data/benign_original/benign/84f059c97836f74b86621dbbbd2a4f1c44cc89f9a27efe6bdd03dc6cc46a4fbe.png
852b7a4831b702ec280c32fdcfd3d1cbfe3ab24884207d811933191d5162bf99,0,data/benign_original/benign/852b7a4831b702ec280c32fdcfd3d1cbfe3ab24884207d811933191d5162bf99.png
8544976ce1fab7c02eb16f9ad67090cf12eaf25929660fc27ceb0536d49fb37f,0,data/benign_original/benign/8544976ce1fab7c02eb16f9ad67090cf12eaf25929660fc27ceb0536d49fb37f.png
856c9490f1798ed054943aa9aa8f0c28268b9c3ba2bd0e8d1d140d483aaf7be8,0,data/benign_original/benign/856c9490f1798ed054943aa9aa8f0c28268b9c3ba2bd0e8d1d140d483aaf7be8.png
857e2db65d56ec90bf7ffd3c51df4e9c577ca6576e399065f3220a5195e1f9bb,0,data/benign_original/benign/857e2db65d56ec90bf7ffd3c51df4e9c577ca6576e399065f3220a5195e1f9bb.png
86cecb5aaac5dc004f3b4ddceb327be61e5721e971ad0e653762ec3e59850872,0,data/benign_original/benign/86cecb5aaac5dc004f3b4ddceb327be61e5721e971ad0e653762ec3e59850872.png
87392f52fd2d2a3966bf580fe2cb754ae951242ca57b618f9268216b77ade9da,0,data/benign_original/benign/87392f52fd2d2a3966bf580fe2cb754ae951242ca57b618f9268216b77ade9da.png
87da8b45e2fecaddcdcaca35ea2f6583352344aba7f297c11b0434f39a476056,0,data/benign_original/benign/87da8b45e2fecaddcdcaca35ea2f6583352344aba7f297c11b0434f39a476056.png
8854450fead134b24fabf4b805434fcfddf25d2179048410728f8901e0fe0906,0,data/benign_original/benign/8854450fead134b24fabf4b805434fcfddf25d2179048410728f8901e0fe0906.png
88b8f46392f8c0e0ebaa0947f2321a98d6e65d0d4e2784d6e7e1286bb625b892,0,data/benign_original/benign/88b8f46392f8c0e0ebaa0947f2321a98d6e65d0d4e2784d6e7e1286bb625b892.png
88e0b47230be821a1794097aa74dd569c2ae2b3c71ce3e1165deb6e8de0447b0,0,data/benign_original/benign/88e0b47230be821a1794097aa74dd569c2ae2b3c71ce3e1165deb6e8de0447b0.png
88ec1f01619de1296a93e19cbdf9fd14564217fde42e396c65f278b5a0327a6d,0,data/benign_original/benign/88ec1f01619de1296a93e19cbdf9fd14564217fde42e396c65f278b5a0327a6d.png
89518688079c340bf998dd98e1e1126f4d6e0f12004ec86e59ecbe03df1af648,0,data/benign_original/benign/89518688079c340bf998dd98e1e1126f4d6e0f12004ec86e59ecbe03df1af648.png
89962fd3674c89988a611bf5560ce156531b459498183dcc2a3bb718d1c10c7e,0,data/benign_original/benign/89962fd3674c89988a611bf5560ce156531b459498183dcc2a3bb718d1c10c7e.png
8a003a2f25c4d464c9123cae4467afd4b50cc05287b370c53494c472bfbc8b48,0,data/benign_original/benign/8a003a2f25c4d464c9123cae4467afd4b50cc05287b370c53494c472bfbc8b48.png
8aaf7e97960e9bc08487682382b2dc6b3b290b0d120855353b893e453cdc4326,0,data/benign_original/benign/8aaf7e97960e9bc08487682382b2dc6b3b290b0d120855353b893e453cdc4326.png
8ac39a906e4abe5d8c59f177c5ab92118f32fe0935c625a15a99df05998c381a,0,data/benign_original/benign/8ac39a906e4abe5d8c59f177c5ab92118f32fe0935c625a15a99df05998c381a.png
8ae204ca4318ae2ba358a276374bce408563ef1a83e47cf862869cf3c8a16f8e,0,data/benign_original/benign/8ae204ca4318ae2ba358a276374bce408563ef1a83e47cf862869cf3c8a16f8e.png
8ae7d639819eec269bfa71ebb97af5aca69ea050b546d3330ed1f17965c2d3eb,0,data/benign_original/benign/8ae7d639819eec269bfa71ebb97af5aca69ea050b546d3330ed1f17965c2d3eb.png
8b42292720589ce90e3d4b6d2eed1dab9f8f46827bf424975901902ccb6441ad,0,data/benign_original/benign/8b42292720589ce90e3d4b6d2eed1dab9f8f46827bf424975901902ccb6441ad.png
8b658db99f95a84d2dade78aeccec5be93b25392ffc80f78b457c3523827e7d2,0,data/benign_original/benign/8b658db99f95a84d2dade78aeccec5be93b25392ffc80f78b457c3523827e7d2.png
8c3f76c2e9ee36bffbbdd67dfbb67c5823051f42f4cd3f2ce47771e28973790b,0,data/benign_original/benign/8c3f76c2e9ee36bffbbdd67dfbb67c5823051f42f4cd3f2ce47771e28973790b.png
8c953a78a471f5ed443a422f015d19ae58ad382a4383825b3c375e861cf25c33,0,data/benign_original/benign/8c953a78a471f5ed443a422f015d19ae58ad382a4383825b3c375e861cf25c33.png
8ca3475c4ea7f68cf9404ae41b3bcff001cc48e0ef4b0cb73ca9e1b7972e5a83,0,data/benign_original/benign/8ca3475c4ea7f68cf9404ae41b3bcff001cc48e0ef4b0cb73ca9e1b7972e5a83.png
8d042a417c37d48336b24ca108669734e259c3298072ee95032ca4ff94928b85,0,data/benign_original/benign/8d042a417c37d48336b24ca108669734e259c3298072ee95032ca4ff94928b85.png
8d3e20eec3066ae31bfec63dfc5def83ec3fb788456c18fd6f7cbec9d7689cd3,0,data/benign_original/benign/8d3e20eec3066ae31bfec63dfc5def83ec3fb788456c18fd6f7cbec9d7689cd3.png
8d6881e9bfba065692e7b8de209902da12e3e57d2e497c6b11bd74e48c627d6c,0,data/benign_original/benign/8d6881e9bfba065692e7b8de209902da12e3e57d2e497c6b11bd74e48c627d6c.png
8df9747354421c6cabbfabe94bef66f7ce1c5d8b002b4eb749c8534bc544b22d,0,data/benign_original/benign/8df9747354421c6cabbfabe94bef66f7ce1c5d8b002b4eb749c8534bc544b22d.png
8e7eac5013699d34af9b001e61be38b410d98ef661ad11af37b356606eb63799,0,data/benign_original/benign/8e7eac5013699d34af9b001e61be38b410d98ef661ad11af37b356606eb63799.png
8e9353fc3c070861eb933c7c33f2d08d7c015496e81b90d48d9ea6d6700ed1ed,0,data/benign_original/benign/8e9353fc3c070861eb933c7c33f2d08d7c015496e81b90d48d9ea6d6700ed1ed.png
8eff332ab33fde8c4e9145d620f7d9beabbd7075e46e45bc87167a2c66e604c7,0,data/benign_original/benign/8eff332ab33fde8c4e9145d620f7d9beabbd7075e46e45bc87167a2c66e604c7.png
8f03c75dbf16f2b3c9ec82f979072ac746499c950c86e56d655ccc1a943282f3,0,data/benign_original/benign/8f03c75dbf16f2b3c9ec82f979072ac746499c950c86e56d655ccc1a943282f3.png
902a4721ddaba9f6619dd7920a9ed61d3835563adc44d207355feebd71bfa310,0,data/benign_original/benign/902a4721ddaba9f6619dd7920a9ed61d3835563adc44d207355feebd71bfa310.png
91779f713e033d6d181d1f08e523c1356e3466308f19436fb9ebbc95f9364af0,0,data/benign_original/benign/91779f713e033d6d181d1f08e523c1356e3466308f19436fb9ebbc95f9364af0.png
9218587cc2ec79cf6201a94fb7402e511dd03cb3cc860dc83c0454cf55d04d24,0,data/benign_original/benign/9218587cc2ec79cf6201a94fb7402e511dd03cb3cc860dc83c0454cf55d04d24.png
9292535bb8c3fe6006e25781381caff773cfcf64a0ed1ebf58674d3dd8aceaf1,0,data/benign_original/benign/9292535bb8c3fe6006e25781381caff773cfcf64a0ed1ebf58674d3dd8aceaf1.png
9368943831a6e1c8934f9d979c8af44f509a698345a1b20263bc0da7ab311ad3,0,data/benign_original/benign/9368943831a6e1c8934f9d979c8af44f509a698345a1b20263bc0da7ab311ad3.png
9578342358ff79b911163d709a9dc19cad65102a33405db7f97d6f26322866bd,0,data/benign_original/benign/9578342358ff79b911163d709a9dc19cad65102a33405db7f97d6f26322866bd.png
958d50d5468cfa8909c5bef2476f88eb82bd112a6139c631601ff50cd77665b6,0,data/benign_original/benign/958d50d5468cfa8909c5bef2476f88eb82bd112a6139c631601ff50cd77665b6.png
959b72ba4753cdc0f1ed6bd648efd583458d8c6b0b635c395ffdf726264963d0,0,data/benign_original/benign/959b72ba4753cdc0f1ed6bd648efd583458d8c6b0b635c395ffdf726264963d0.png
959cf7ad86d1d9a697ff2161ea26f4825ab4d369b4651d3a3ad0e81e8416a2eb,0,data/benign_original/benign/959cf7ad86d1d9a697ff2161ea26f4825ab4d369b4651d3a3ad0e81e8416a2eb.png
960592d2147caf51496a0531951fce5a67cb750a2719617d7bee5a869b0a0360,0,data/benign_original/benign/960592d2147caf51496a0531951fce5a67cb750a2719617d7bee5a869b0a0360.png
963330d951ab6331bb17ef0f6530b1443f5ba27578509543ad7d5fb48c49f21b,0,data/benign_original/benign/963330d951ab6331bb17ef0f6530b1443f5ba27578509543ad7d5fb48c49f21b.png
96e1776c94c1177014f4c46d151e179607a130b217dac3a03a38e5d257f5ccca,0,data/benign_original/benign/96e1776c94c1177014f4c46d151e179607a130b217dac3a03a38e5d257f5ccca.png
9776d6321771a3d00c6e5f1eefaef41103936569963a61b6b321d1ee1ae06263,0,data/benign_original/benign/9776d6321771a3d00c6e5f1eefaef41103936569963a61b6b321d1ee1ae06263.png
97b3a8f65ae3a3b6d8702923f3be4167626d0fdd249895adcaccc68ad370b735,0,data/benign_original/benign/97b3a8f65ae3a3b6d8702923f3be4167626d0fdd249895adcaccc68ad370b735.png
98ba00e70a005017c3665741803e8b36938fc9efb0c4821c675f2c100936c5eb,0,data/benign_original/benign/98ba00e70a005017c3665741803e8b36938fc9efb0c4821c675f2c100936c5eb.png
98bb99c8e2c267a06acd3f55a03a7bbd1770cb1c32a8cd31b44c6d66970cb219,0,data/benign_original/benign/98bb99c8e2c267a06acd3f55a03a7bbd1770cb1c32a8cd31b44c6d66970cb219.png
9918b2f820a89c49c64edb1fd322ec96d1d60d3e9b31b1cdcc7340250ea05cdb,0,data/benign_original/benign/9918b2f820a89c49c64edb1fd322ec96d1d60d3e9b31b1cdcc7340250ea05cdb.png
9a20da8a4585f795cc8199501e1517be39248f9812685d73f1658881342306fb,0,data/benign_original/benign/9a20da8a4585f795cc8199501e1517be39248f9812685d73f1658881342306fb.png
9be9fc05b07871d06030a535b277e451345c1398e537fdad2a0c9cf6487795f2,0,data/benign_original/benign/9be9fc05b07871d06030a535b277e451345c1398e537fdad2a0c9cf6487795f2.png
9c4078d401f7ebc70caa2050740e2562e1c7a2c98d3ff17e9fe590685ac647a6,0,data/benign_original/benign/9c4078d401f7ebc70caa2050740e2562e1c7a2c98d3ff17e9fe590685ac647a6.png
9c9ab16f3a94bde179d66cb45b1f50af58ec4b849ce103dafea33f5aef4d888c,0,data/benign_original/benign/9c9ab16f3a94bde179d66cb45b1f50af58ec4b849ce103dafea33f5aef4d888c.png
9d50a4f9ce524d40bbd02d6e5d8a24bca6b1005065add4bafc69ba198695506d,0,data/benign_original/benign/9d50a4f9ce524d40bbd02d6e5d8a24bca6b1005065add4bafc69ba198695506d.png
9d535589dd8c68044fb45c10d2d1b63df28baad16d1d0ad4b187c91a23ee9c87,0,data/benign_original/benign/9d535589dd8c68044fb45c10d2d1b63df28baad16d1d0ad4b187c91a23ee9c87.png
9d9742a07c77cdccd8c2b6ee17f2855a1479081e1f356073c6df9f749209b77f,0,data/benign_original/benign/9d9742a07c77cdccd8c2b6ee17f2855a1479081e1f356073c6df9f749209b77f.png
9dc7460f60edad5e337b9f9cf93c72292092096c326a8341c155ea7d4d477f1f,0,data/benign_original/benign/9dc7460f60edad5e337b9f9cf93c72292092096c326a8341c155ea7d4d477f1f.png
9dd0b4db6deee989440abfeddb4280a0a55137479b15af616f506ebf3bd891fb,0,data/benign_original/benign/9dd0b4db6deee989440abfeddb4280a0a55137479b15af616f506ebf3bd891fb.png
9e370fedbdcbd4645683566bd48dba0d4fbc009db7e661e6a6515d174faa8aed,0,data/benign_original/benign/9e370fedbdcbd4645683566bd48dba0d4fbc009db7e661e6a6515d174faa8aed.png
9e4570851f44cadcd300201d37c67c82bf8d62c435cfbfc073c01c8aa06f8b44,0,data/benign_original/benign/9e4570851f44cadcd300201d37c67c82bf8d62c435cfbfc073c01c8aa06f8b44.png
9e8cece950c181dd27eb143dc8d06361508b0087685108f4fb6f0959824c51df,0,data/benign_original/benign/9e8cece950c181dd27eb143dc8d06361508b0087685108f4fb6f0959824c51df.png
9e9b20ed84f2bdd7c40fab4d7ff13b2e2c5f1aabf54008a8f0a383aaaeab8d84,0,data/benign_original/benign/9e9b20ed84f2bdd7c40fab4d7ff13b2e2c5f1aabf54008a8f0a383aaaeab8d84.png
9eaf987f2790faff354c8e405d7c09946924056707d1fe81bd3ce5a2c3f0133b,0,data/benign_original/benign/9eaf987f2790faff354c8e405d7c09946924056707d1fe81bd3ce5a2c3f0133b.png
9ff3e2a010bb96dcfbb0093558b6cbcd92604b84766b14b2ff41cf7fc642b048,0,data/benign_original/benign/9ff3e2a010bb96dcfbb0093558b6cbcd92604b84766b14b2ff41cf7fc642b048.png
a052385de3483e52b7a365b265a53eca7e910d8a4f1ca67299b848240b9611b7,0,data/benign_original/benign/a052385de3483e52b7a365b265a53eca7e910d8a4f1ca67299b848240b9611b7.png
a1290e4f7bedc8c7c0c2519bd005caf7fe0210dd374490016e51ed2381731af1,0,data/benign_original/benign/a1290e4f7bedc8c7c0c2519bd005caf7fe0210dd374490016e51ed2381731af1.png
a14760cc7f131ae6880e38b9893057a182758130d91be3cfbd174d69c4b3cf66,0,data/benign_original/benign/a14760cc7f131ae6880e38b9893057a182758130d91be3cfbd174d69c4b3cf66.png
a2c736e2a3b63fe0ddb28654994df83085bb735bfbd70da0aaa5458ed4b854e2,0,data/benign_original/benign/a2c736e2a3b63fe0ddb28654994df83085bb735bfbd70da0aaa5458ed4b854e2.png
a3275735b0d0b68818b527f8f11ed623b095905dc66e8b50f46861d1158290c0,0,data/benign_original/benign/a3275735b0d0b68818b527f8f11ed623b095905dc66e8b50f46861d1158290c0.png
a424039a96d86ff186981223fe2e78392135fd2ba7a574d73840c4d56a381e39,0,data/benign_original/benign/a424039a96d86ff186981223fe2e78392135fd2ba7a574d73840c4d56a381e39.png
a500ec91119693013b74f72f3b082eb704417e57b6f26883f488dea2b8f081cb,0,data/benign_original/benign/a500ec91119693013b74f72f3b082eb704417e57b6f26883f488dea2b8f081cb.png
a5b6deb455845311db511677ae3674dfc4a7d506d5a84fb0dc6c229230028e15,0,data/benign_original/benign/a5b6deb455845311db511677ae3674dfc4a7d506d5a84fb0dc6c229230028e15.png
a6376200168b30c542e04f44d9c68c2bf21deee11d23d1b3bd3577de19d72dbf,0,data/benign_original/benign/a6376200168b30c542e04f44d9c68c2bf21deee11d23d1b3bd3577de19d72dbf.png
a66e2fd953b89254ac8a44c58a52e82cc9f03839248577e15598297b22288abb,0,data/benign_original/benign/a66e2fd953b89254ac8a44c58a52e82cc9f03839248577e15598297b22288abb.png
a6fb3efc0d74e81da25d7bf35fb6112c77419ecbae443b598371bfd5e1c427ed,0,data/benign_original/benign/a6fb3efc0d74e81da25d7bf35fb6112c77419ecbae443b598371bfd5e1c427ed.png
a71a16c4b2d56acc3f8e2a2c576a0b9f1fc848e02110ba70e82c3708898a3328,0,data/benign_original/benign/a71a16c4b2d56acc3f8e2a2c576a0b9f1fc848e02110ba70e82c3708898a3328.png
a8614ba7b98ad576032d8610ff9b74bb402e1498c41f9f330e7a0df326852de3,0,data/benign_original/benign/a8614ba7b98ad576032d8610ff9b74bb402e1498c41f9f330e7a0df326852de3.png
a8e7f9617d12eb7744754bc45068f3fa96527542655a51571d5e43805d75508f,0,data/benign_original/benign/a8e7f9617d12eb7744754bc45068f3fa96527542655a51571d5e43805d75508f.png
a9447372cc62144ca19196f8f18ffcb35f3907c10b8e4b2f442a026aeab5d05b,0,data/benign_original/benign/a9447372cc62144ca19196f8f18ffcb35f3907c10b8e4b2f442a026aeab5d05b.png
aa6e5489177798f6547b0d149182ce1ca80de12227bc7efe1a8e5ebcb8217c32,0,data/benign_original/benign/aa6e5489177798f6547b0d149182ce1ca80de12227bc7efe1a8e5ebcb8217c32.png
aad745af64c86195150c14cd83c41c09dd88bd10f41b4aff65768b7390f637aa,0,data/benign_original/benign/aad745af64c86195150c14cd83c41c09dd88bd10f41b4aff65768b7390f637aa.png
aaeb837ddabe9ecda3d1d936512a88944264a29217beec9dce096af1e6dc2afb,0,data/benign_original/benign/aaeb837ddabe9ecda3d1d936512a88944264a29217beec9dce096af1e6dc2afb.png
ab3beb52eefa353ced0055f7027b39262372197864b6d1b5bcc1dc3d14a3a1ce,0,data/benign_original/benign/ab3beb52eefa353ced0055f7027b39262372197864b6d1b5bcc1dc3d14a3a1ce.png
ab9a7f997da81bd7202c49bf0f40ab06b89fcafda9f91f89a0b186291890e099,0,data/benign_original/benign/ab9a7f997da81bd7202c49bf0f40ab06b89fcafda9f91f89a0b186291890e099.png
ab9c143dc118ee29f52cf9ae5f2277751ca29b5e7d9da96b33584ef56b450ce7,0,data/benign_original/benign/ab9c143dc118ee29f52cf9ae5f2277751ca29b5e7d9da96b33584ef56b450ce7.png
abbf94526e78224768f7d4e4651b416f1619193792725e24cbe9ed08bd97c64b,0,data/benign_original/benign/abbf94526e78224768f7d4e4651b416f1619193792725e24cbe9ed08bd97c64b.png
ac2fa7bbcaf49836b1646f576e9794878f5458726bf4ed91627b388005f8b0bc,0,data/benign_original/benign/ac2fa7bbcaf49836b1646f576e9794878f5458726bf4ed91627b388005f8b0bc.png
ad3ec8fc0bde9b463ceeec97c7a88ae8fba1d75caa4ddde6cfadf77426fbbc57,0,data/benign_original/benign/ad3ec8fc0bde9b463ceeec97c7a88ae8fba1d75caa4ddde6cfadf77426fbbc57.png
ad76acddd3ad76afb24795a312e7000c1cb3349a2df4ab9e97eef486fe621c0e,0,data/benign_original/benign/ad76acddd3ad76afb24795a312e7000c1cb3349a2df4ab9e97eef486fe621c0e.png
ae301ae526ffaa5f1db25268221ace5d9444df50b30171f367f67f64e3fd4fa2,0,data/benign_original/benign/ae301ae526ffaa5f1db25268221ace5d9444df50b30171f367f67f64e3fd4fa2.png
aef07a66bf0542b0c4641a595b9c72adb6623c9f7f4a35ee5238068e090c178e,0,data/benign_original/benign/aef07a66bf0542b0c4641a595b9c72adb6623c9f7f4a35ee5238068e090c178e.png
aefb6da3a1e528fff64473d82c37d4c83ddc91a0ffb18f3cd18a2531cafe8027,0,data/benign_original/benign/aefb6da3a1e528fff64473d82c37d4c83ddc91a0ffb18f3cd18a2531cafe8027.png
aefc51ad6b7a1111ba05a8bc58c9cc8e2d9375295fb997897358913cdf7d0957,0,data/benign_original/benign/aefc51ad6b7a1111ba05a8bc58c9cc8e2d9375295fb997897358913cdf7d0957.png
aefffe14eed0c4fde518c79ed47910d626531197631f4985040ce022bc8b2ba8,0,data/benign_original/benign/aefffe14eed0c4fde518c79ed47910d626531197631f4985040ce022bc8b2ba8.png
af0c562398c5a0baf537da9f6da4354c60df77004d1fd110f863e90cd150113e,0,data/benign_original/benign/af0c562398c5a0baf537da9f6da4354c60df77004d1fd110f863e90cd150113e.png
af170c7f78f2cf50e201629a3003544e28a30c8aa793326f3be3f524e37fabc0,0,data/benign_original/benign/af170c7f78f2cf50e201629a3003544e28a30c8aa793326f3be3f524e37fabc0.png
af1e1b84f066ba05da20847bffd874d80a810b5407f8c6647b3ff9e8f7d37863,0,data/benign_original/benign/af1e1b84f066ba05da20847bffd874d80a810b5407f8c6647b3ff9e8f7d37863.png
af2a99c46c5f4d2e4fc3142b6e36d9b7fffc7a877295a72b8ffe8e7a90f02ef3,0,data/benign_original/benign/af2a99c46c5f4d2e4fc3142b6e36d9b7fffc7a877295a72b8ffe8e7a90f02ef3.png
af4448398f14a777602738ea0495ed53c7476107521f0f0ec609a84c80d56a0d,0,data/benign_original/benign/af4448398f14a777602738ea0495ed53c7476107521f0f0ec609a84c80d56a0d.png
af4f6308343a0141f8f48d21b5f7e1946c2983f69841d03399628d558ae03c46,0,data/benign_original/benign/af4f6308343a0141f8f48d21b5f7e1946c2983f69841d03399628d558ae03c46.png
af50bf38e1612222d51c1e66bb3410a6e771bc5003050a1458d8731571038c46,0,data/benign_original/benign/af50bf38e1612222d51c1e66bb3410a6e771bc5003050a1458d8731571038c46.png
af5cd90d99f2fd47586d6c61c61ff7f605331e2b6be01273dcc4ca28114bb649,0,data/benign_original/benign/af5cd90d99f2fd47586d6c61c61ff7f605331e2b6be01273dcc4ca28114bb649.png
af61a14d14d0d9f45bd25245b9f3f181ba21ee6daf0a752b239cb195683f4e89,0,data/benign_original/benign/af61a14d14d0d9f45bd25245b9f3f181ba21ee6daf0a752b239cb195683f4e89.png
af647fcba328c6a41c6512dc34248b7c0413d5db337be2cba1fc3761855ddce6,0,data/benign_original/benign/af647fcba328c6a41c6512dc34248b7c0413d5db337be2cba1fc3761855ddce6.png
af6b53a98b5fff32e352f917306955c5859bbc2ba1b6053f6879138fea66f7a4,0,data/benign_original/benign/af6b53a98b5fff32e352f917306955c5859bbc2ba1b6053f6879138fea66f7a4.png
af6b6f3efa63749627010001ea2ddbff5a5907e18e4cd744088893d507d226df,0,data/benign_original/benign/af6b6f3efa63749627010001ea2ddbff5a5907e18e4cd744088893d507d226df.png
af6bc3d10d1526397cfbe3678c31a5b7491e024f9829765b8feb4ba8065aed1d,0,data/benign_original/benign/af6bc3d10d1526397cfbe3678c31a5b7491e024f9829765b8feb4ba8065aed1d.png
af7521b4b1a38e9865141f7b1adef3e27322789eae4916b3f5230dbb09b59a84,0,data/benign_original/benign/af7521b4b1a38e9865141f7b1adef3e27322789eae4916b3f5230dbb09b59a84.png
af7b99be1b8770c0e4d18e43b04e81d11bdeb667fa6b07ade7a88f4c5676bf9a,0,data/benign_original/benign/af7b99be1b8770c0e4d18e43b04e81d11bdeb667fa6b07ade7a88f4c5676bf9a.png
af95de32ca70ec2c58924499e2f1b05c85807a2fe2b8092f4a37b095d297b7e2,0,data/benign_original/benign/af95de32ca70ec2c58924499e2f1b05c85807a2fe2b8092f4a37b095d297b7e2.png
af96e095ff53f68222b6d1866e84645fe4aad988002c668434637c73246ed4df,0,data/benign_original/benign/af96e095ff53f68222b6d1866e84645fe4aad988002c668434637c73246ed4df.png
afa39077402be3d7f5501989f6331d9364b5810f3199f567d4b4f4c755ac2fea,0,data/benign_original/benign/afa39077402be3d7f5501989f6331d9364b5810f3199f567d4b4f4c755ac2fea.png
afa4a982680e2b96a16d1228274168b7da24fb23469fe0d3b3458d51f9ef32c1,0,data/benign_original/benign/afa4a982680e2b96a16d1228274168b7da24fb23469fe0d3b3458d51f9ef32c1.png
afacacc01d29b20b0bc1957ed698db61e1a6999a948b0f1f2ab8ce7bbb4f60ac,0,data/benign_original/benign/afacacc01d29b20b0bc1957ed698db61e1a6999a948b0f1f2ab8ce7bbb4f60ac.png
afbd71226677a342f833efd0f196fffcf6cf6d6a41580439382efb242b4857d8,0,data/benign_original/benign/afbd71226677a342f833efd0f196fffcf6cf6d6a41580439382efb242b4857d8.png
afbe51517092256504f797f6a5abc02515a09d603e8c046ae31d7d7855568e91,0,data/benign_original/benign/afbe51517092256504f797f6a5abc02515a09d603e8c046ae31d7d7855568e91.png
afbf9eeb5f3c9ec9bb411c1a7c43a8166136bec4217c1fa4f26353eca90778f0,0,data/benign_original/benign/afbf9eeb5f3c9ec9bb411c1a7c43a8166136bec4217c1fa4f26353eca90778f0.png
afd7628a5f9db8f3d6e3b6b1c4a17f83743f726c00bd8972b3b4934018884feb,0,data/benign_original/benign/afd7628a5f9db8f3d6e3b6b1c4a17f83743f726c00bd8972b3b4934018884feb.png
afdec0bd08978adbfd01cbb403b8b1bc161f6021e92512887978284c276864a4,0,data/benign_original/benign/afdec0bd08978adbfd01cbb403b8b1bc161f6021e92512887978284c276864a4.png
afe00cc7b4fa4a6ce03b077f0702ed5f57bac6212edbbda7ec2764c6ebb1b8c9,0,data/benign_original/benign/afe00cc7b4fa4a6ce03b077f0702ed5f57bac6212edbbda7ec2764c6ebb1b8c9.png
afe0c1ba99035a3e3645ccf581bbdc3e7faf050cabd2d6d52893162ae1d11da9,0,data/benign_original/benign/afe0c1ba99035a3e3645ccf581bbdc3e7faf050cabd2d6d52893162ae1d11da9.png
afefbced2b6b777bcaf43bccf71e6b7d062d676e595b5f9f254f4e261323159b,0,data/benign_original/benign/afefbced2b6b777bcaf43bccf71e6b7d062d676e595b5f9f254f4e261323159b.png
aff2012b550f2ed4c0b1c89dec9479b4278e5faf8ea02100a4df3f6f9c406da7,0,data/benign_original/benign/aff2012b550f2ed4c0b1c89dec9479b4278e5faf8ea02100a4df3f6f9c406da7.png
b0166e7d6084b01540de31ae1284b22a38a01910dec73fb9235e92ee92e96f9f,0,data/benign_original/benign/b0166e7d6084b01540de31ae1284b22a38a01910dec73fb9235e92ee92e96f9f.png
b01bfe8ab2002184ecbdbd338b112ad400fa83c4519dc499902bb9d0ad389013,0,data/benign_original/benign/b01bfe8ab2002184ecbdbd338b112ad400fa83c4519dc499902bb9d0ad389013.png
b01c0831694bbbe773540eae0e34915fb95747f6151f99d60442ba891a08641d,0,data/benign_original/benign/b01c0831694bbbe773540eae0e34915fb95747f6151f99d60442ba891a08641d.png
b01ebabccdd9ba01a12d94191864a364100ea7978ddea792b99f614b7c267ceb,0,data/benign_original/benign/b01ebabccdd9ba01a12d94191864a364100ea7978ddea792b99f614b7c267ceb.png
b02c21fde598d808237c4543f54d3664724969d858ca1c692cb4bfc827c3c862,0,data/benign_original/benign/b02c21fde598d808237c4543f54d3664724969d858ca1c692cb4bfc827c3c862.png
b02c253a85455b8eed9550325ba6b8a55b745281a7d1dbec58eb49e7d126b4cb,0,data/benign_original/benign/b02c253a85455b8eed9550325ba6b8a55b745281a7d1dbec58eb49e7d126b4cb.png
b0399324f459b99f1ebaf8616c19dc418cac6dd5468da57400c555feef5b16c1,0,data/benign_original/benign/b0399324f459b99f1ebaf8616c19dc418cac6dd5468da57400c555feef5b16c1.png
b0561973ced0aa00a7126b3d9f45359a730ed176770105228e79f7b969a4f855,0,data/benign_original/benign/b0561973ced0aa00a7126b3d9f45359a730ed176770105228e79f7b969a4f855.png
b062783497e8ed5cdb3c31216607504a779a81da4dd95a66a649292ec9fca10b,0,data/benign_original/benign/b062783497e8ed5cdb3c31216607504a779a81da4dd95a66a649292ec9fca10b.png
b066374604077916f6aca26484d90f2890abcc8a7ebb755ece22e1d45827bceb,0,data/benign_original/benign/b066374604077916f6aca26484d90f2890abcc8a7ebb755ece22e1d45827bceb.png
b06b2d8c944bff73bd5a4aad1cad6a4d724633e7bd6c6b9e236e35a99b1d35f2,0,data/benign_original/benign/b06b2d8c944bff73bd5a4aad1cad6a4d724633e7bd6c6b9e236e35a99b1d35f2.png
b06f64eddfcb1a0ed429419e07416f05cef6a50fd864582f710c4bfb2285fb0a,0,data/benign_original/benign/b06f64eddfcb1a0ed429419e07416f05cef6a50fd864582f710c4bfb2285fb0a.png
b06ffc976a4583888c4b2ae7b7a02bb644623980a8f8eb2bde6eb6c3b5152aca,0,data/benign_original/benign/b06ffc976a4583888c4b2ae7b7a02bb644623980a8f8eb2bde6eb6c3b5152aca.png
b0745a7f1e3282d654ac53e84a41dfee38367eafe8f84c1e8295fcf7a2038171,0,data/benign_original/benign/b0745a7f1e3282d654ac53e84a41dfee38367eafe8f84c1e8295fcf7a2038171.png
b07719834e2229634191084e6acba7e278918a019d6039c8adf00144af27269b,0,data/benign_original/benign/b07719834e2229634191084e6acba7e278918a019d6039c8adf00144af27269b.png
b0779dddc24e425e43d44db35750bddc8393f9a68c0ed6374f32b9270cb5dd2c,0,data/benign_original/benign/b0779dddc24e425e43d44db35750bddc8393f9a68c0ed6374f32b9270cb5dd2c.png
b081ca2d12483b0720b3643e487cb645332415a0f1bc59f918efd9cfc1135d55,0,data/benign_original/benign/b081ca2d12483b0720b3643e487cb645332415a0f1bc59f918efd9cfc1135d55.png
b0960e391f5f6a04b95c8d1914227a52ecffb55ce14133769d527b065adf91d8,0,data/benign_original/benign/b0960e391f5f6a04b95c8d1914227a52ecffb55ce14133769d527b065adf91d8.png
b09952d9bfe420eaf81bd3ba7d85985b7e9226d2c5accefc530d1d941399afed,0,data/benign_original/benign/b09952d9bfe420eaf81bd3ba7d85985b7e9226d2c5accefc530d1d941399afed.png
b09cc7f883dbf64cd0beb381a19a37757530003968ebf9907ea4c6cd814cb36a,0,data/benign_original/benign/b09cc7f883dbf64cd0beb381a19a37757530003968ebf9907ea4c6cd814cb36a.png
b0abe41a0fdf926fd3da0c653749cda9cbff18450cf90842810ead70731049b6,0,data/benign_original/benign/b0abe41a0fdf926fd3da0c653749cda9cbff18450cf90842810ead70731049b6.png
b0b21f5d860ea298af334099d6c3659de7af7974ff5b27a2c0e2a14cb8823d61,0,data/benign_original/benign/b0b21f5d860ea298af334099d6c3659de7af7974ff5b27a2c0e2a14cb8823d61.png
b0b23c55514fe1c933249fd67d6454f71ccdb652fb43b7c80bf23b6b880b1f3e,0,data/benign_original/benign/b0b23c55514fe1c933249fd67d6454f71ccdb652fb43b7c80bf23b6b880b1f3e.png
b0b33d27924fa24e9224bc9b87cde1f0e04da55d7662bcdcca249778f731b389,0,data/benign_original/benign/b0b33d27924fa24e9224bc9b87cde1f0e04da55d7662bcdcca249778f731b389.png
b0bbe8c23925d8a7025cfe3311a38219476d841e5ab7ed6b4757bc7a69382c53,0,data/benign_original/benign/b0bbe8c23925d8a7025cfe3311a38219476d841e5ab7ed6b4757bc7a69382c53.png
b0c15cf9981ac5e4a19173bee0f483b0bbb02dc8efdb162c701d425cf1137eaf,0,data/benign_original/benign/b0c15cf9981ac5e4a19173bee0f483b0bbb02dc8efdb162c701d425cf1137eaf.png
b0d5c1adad6cf39863705d09c8b4b79e8fe7fea36f91809fde03d0a7fcb777d4,0,data/benign_original/benign/b0d5c1adad6cf39863705d09c8b4b79e8fe7fea36f91809fde03d0a7fcb777d4.png
b0e4632a0f3f8b8844c369ca155e82c3d321f6882508159370cc06c7639601be,0,data/benign_original/benign/b0e4632a0f3f8b8844c369ca155e82c3d321f6882508159370cc06c7639601be.png
b0e6abdfa45c97cf45905a5a868cc97eb7a70b991694266c8ee90f906ddd3c51,0,data/benign_original/benign/b0e6abdfa45c97cf45905a5a868cc97eb7a70b991694266c8ee90f906ddd3c51.png
b0eda99eabd32fefecc478fd9fe7439a3f646a864fdab4ec3c1f18574b5f8b34,0,data/benign_original/benign/b0eda99eabd32fefecc478fd9fe7439a3f646a864fdab4ec3c1f18574b5f8b34.png
b0fb3ae8052084fcadeb802bf1a33bebbd0c9c75320f2cb584026ba0c568e3ad,0,data/benign_original/benign/b0fb3ae8052084fcadeb802bf1a33bebbd0c9c75320f2cb584026ba0c568e3ad.png
b0fb46ac5f2f4cc2c34f6724933a16b9d125d2ddc9650928a8bc444d9f87fc0f,0,data/benign_original/benign/b0fb46ac5f2f4cc2c34f6724933a16b9d125d2ddc9650928a8bc444d9f87fc0f.png
b106a33091dcd306b1bdb22503958bcbdd0f85d24eebcee2482ae90e72394409,0,data/benign_original/benign/b106a33091dcd306b1bdb22503958bcbdd0f85d24eebcee2482ae90e72394409.png
b10d02956a4b7642d36d67b4d3da4e2fe5d39c80199b2f4e65b9d876aa66dd3d,0,data/benign_original/benign/b10d02956a4b7642d36d67b4d3da4e2fe5d39c80199b2f4e65b9d876aa66dd3d.png
b119b94108a257c26dfe868ace9edfac5be9c48ce1df2bfee2f1341318e8a7c8,0,data/benign_original/benign/b119b94108a257c26dfe868ace9edfac5be9c48ce1df2bfee2f1341318e8a7c8.png
b11b15b73abbb713ac7da8a3f622f93c07c0646fddb21827a1f530847b38c21d,0,data/benign_original/benign/b11b15b73abbb713ac7da8a3f622f93c07c0646fddb21827a1f530847b38c21d.png
b138e0d1a693e9d6798afd6ec3578efbff5d86f12aec0c946d307173df8fb4cc,0,data/benign_original/benign/b138e0d1a693e9d6798afd6ec3578efbff5d86f12aec0c946d307173df8fb4cc.png
b13a7c58c6e10ff4a50e2345b6f9e8e508ca2eba209adae228562801e77be398,0,data/benign_original/benign/b13a7c58c6e10ff4a50e2345b6f9e8e508ca2eba209adae228562801e77be398.png
b13c15420002db4c86995f5aa8c6329198d5d6d5e7e69ff9fe2360e641d495d6,0,data/benign_original/benign/b13c15420002db4c86995f5aa8c6329198d5d6d5e7e69ff9fe2360e641d495d6.png
b14322fa433e93a9d512829bb351f959fbf6543fc3c2eeb06d8af60cb8312dc8,0,data/benign_original/benign/b14322fa433e93a9d512829bb351f959fbf6543fc3c2eeb06d8af60cb8312dc8.png
b155a83cd2a33da9c9b89b8f979c42a3d39edf54e0d2937d3cffc22bd8b4274d,0,data/benign_original/benign/b155a83cd2a33da9c9b89b8f979c42a3d39edf54e0d2937d3cffc22bd8b4274d.png
b1606c265366547ce82a94e3818b57845b92a0286e0f19b08a9c20710b6d2895,0,data/benign_original/benign/b1606c265366547ce82a94e3818b57845b92a0286e0f19b08a9c20710b6d2895.png
b16a75adce8c335ee16b85b9a98307221466710457bf9e60865da91a2798e0fe,0,data/benign_original/benign/b16a75adce8c335ee16b85b9a98307221466710457bf9e60865da91a2798e0fe.png
b1720cb314acd0335ac13f3e194a202d4f96a2708534cf059aaaa353e3d637cd,0,data/benign_original/benign/b1720cb314acd0335ac13f3e194a202d4f96a2708534cf059aaaa353e3d637cd.png
b1731a440cacf5770ddea30c8e1ad977c4a679e509953d799d9aa8c4d2638ada,0,data/benign_original/benign/b1731a440cacf5770ddea30c8e1ad977c4a679e509953d799d9aa8c4d2638ada.png
b173678f9132d9209d57ad506836cb62e09f57ef923cc165d6510a9199722464,0,data/benign_original/benign/b173678f9132d9209d57ad506836cb62e09f57ef923cc165d6510a9199722464.png
b175881264f15c69ee6819b976e8981a6ebfe07a57b3ac84878de5a55cb26374,0,data/benign_original/benign/b175881264f15c69ee6819b976e8981a6ebfe07a57b3ac84878de5a55cb26374.png
b176aea4086a2fb7b899c8459e211e7523587264c0b5c2abfc2117afbb292176,0,data/benign_original/benign/b176aea4086a2fb7b899c8459e211e7523587264c0b5c2abfc2117afbb292176.png
b1858d6fd7a1bac2487285ff57619b2b3ac2843e68c6602b4e2c9b3ca531bc5a,0,data/benign_original/benign/b1858d6fd7a1bac2487285ff57619b2b3ac2843e68c6602b4e2c9b3ca531bc5a.png
b1984e46bebbd05b17e89a0dd8a411c62316687267d67d3cc3e0f242c326f6aa,0,data/benign_original/benign/b1984e46bebbd05b17e89a0dd8a411c62316687267d67d3cc3e0f242c326f6aa.png
b19e48386039bf51b8147cfe16c4eb7091fe68637c78c2572f797f242332c05b,0,data/benign_original/benign/b19e48386039bf51b8147cfe16c4eb7091fe68637c78c2572f797f242332c05b.png
b1ad1afbe24fad21bbb633124c4d21f36871a0d3cba498cfcc049eb3a358449e,0,data/benign_original/benign/b1ad1afbe24fad21bbb633124c4d21f36871a0d3cba498cfcc049eb3a358449e.png
b1b2595494072a52f1fc44586debf52312eab1a245a7a16185d7b1af37b159a6,0,data/benign_original/benign/b1b2595494072a52f1fc44586debf52312eab1a245a7a16185d7b1af37b159a6.png
b1b52cc7a0a822c60c8ea20a829441ce4d710d8b8e0093a44441e051910cfdbf,0,data/benign_original/benign/b1b52cc7a0a822c60c8ea20a829441ce4d710d8b8e0093a44441e051910cfdbf.png
b1b8f9e883035ac9c49524e23050843d6c338ac07d4f3ebfae3bdcc9b0ae218a,0,data/benign_original/benign/b1b8f9e883035ac9c49524e23050843d6c338ac07d4f3ebfae3bdcc9b0ae218a.png
b1b92169b3a4cbf2f674c9bb451b2a0dd92d2dac0ce709fc7dadb1ab2a95946b,0,data/benign_original/benign/b1b92169b3a4cbf2f674c9bb451b2a0dd92d2dac0ce709fc7dadb1ab2a95946b.png
b1c0a0da865b09eae26d8d30e7beda3a0f42a69600a798a3e499ba3335aa6774,0,data/benign_original/benign/b1c0a0da865b09eae26d8d30e7beda3a0f42a69600a798a3e499ba3335aa6774.png
b1c180f97aa9887f261ffacbf635a85077e5c95e78bd4339087f5a150daa1e3e,0,data/benign_original/benign/b1c180f97aa9887f261ffacbf635a85077e5c95e78bd4339087f5a150daa1e3e.png
b1c71340f2692fcdf5ef6b100d27b507ea4ad1a63d55cb35b8b3ba80699b6ea1,0,data/benign_original/benign/b1c71340f2692fcdf5ef6b100d27b507ea4ad1a63d55cb35b8b3ba80699b6ea1.png
b1d301c344713fb456504264d97a3a3afa4d818dc8971e727602eca85b32c7c2,0,data/benign_original/benign/b1d301c344713fb456504264d97a3a3afa4d818dc8971e727602eca85b32c7c2.png
b1d74187c013579db196f6a09286a5113b97704cc4273e423d9a9b2c8a8c4fc5,0,data/benign_original/benign/b1d74187c013579db196f6a09286a5113b97704cc4273e423d9a9b2c8a8c4fc5.png
b1d8ed021f1254463d7e7205eb4b3f72eca715f55b23b9255a94196ed427dafe,0,data/benign_original/benign/b1d8ed021f1254463d7e7205eb4b3f72eca715f55b23b9255a94196ed427dafe.png
b1e4c523233d8acb6f01f6724507c9d1c025ba8cdca984b40b7c0bd98448ef8b,0,data/benign_original/benign/b1e4c523233d8acb6f01f6724507c9d1c025ba8cdca984b40b7c0bd98448ef8b.png
b1e9416478ca21ecd260f05d859938212a2d83d540ccb02a6317567c847c39b4,0,data/benign_original/benign/b1e9416478ca21ecd260f05d859938212a2d83d540ccb02a6317567c847c39b4.png
b1f2b66c61dadc3b97815c69f3e4ada1417b186c258135157c5d47b83013dea5,0,data/benign_original/benign/b1f2b66c61dadc3b97815c69f3e4ada1417b186c258135157c5d47b83013dea5.png
b1f796b5df373c631fa4263bbdefa2d1c96124baf27db3054ca76f1ee9bc124c,0,data/benign_original/benign/b1f796b5df373c631fa4263bbdefa2d1c96124baf27db3054ca76f1ee9bc124c.png
b1ff01c02e7896b640781671308ce7f89720327435077e02cdbc2be777005663,0,data/benign_original/benign/b1ff01c02e7896b640781671308ce7f89720327435077e02cdbc2be777005663.png
b20263ae420f6904ed513f8b9ab08404cf37c8e8e8b456118ad04481d0729270,0,data/benign_original/benign/b20263ae420f6904ed513f8b9ab08404cf37c8e8e8b456118ad04481d0729270.png
b203bbc69028f7f3df1d81df40105ad7d68b70471879d1f9599dfb1ff1948200,0,data/benign_original/benign/b203bbc69028f7f3df1d81df40105ad7d68b70471879d1f9599dfb1ff1948200.png
b207f025c13b2bf433eb5e2f82bd8f6c0c6853c8317fed4ca308d185f4ccd345,0,data/benign_original/benign/b207f025c13b2bf433eb5e2f82bd8f6c0c6853c8317fed4ca308d185f4ccd345.png
b227e1bda24bfb829680d22df0e026123ff89fcc41d436742090ef60c5685570,0,data/benign_original/benign/b227e1bda24bfb829680d22df0e026123ff89fcc41d436742090ef60c5685570.png
b23df449ce4626763f38eaf581e96134f12018b2356bdb53f6766a48ba0193ae,0,data/benign_original/benign/b23df449ce4626763f38eaf581e96134f12018b2356bdb53f6766a48ba0193ae.png
b23e1d2da5e33673e122b02843ea03bfc156a50197a186a4bb7d3c865bafa853,0,data/benign_original/benign/b23e1d2da5e33673e122b02843ea03bfc156a50197a186a4bb7d3c865bafa853.png
b24b0081430615ffa8993929656fb3efe2450fe6862f6b6a77280d185e6757ad,0,data/benign_original/benign/b24b0081430615ffa8993929656fb3efe2450fe6862f6b6a77280d185e6757ad.png
b2520ebdef62d47b73d9ac80d2ab58aff124f2a2189f80e1f967abcd1fe60abb,0,data/benign_original/benign/b2520ebdef62d47b73d9ac80d2ab58aff124f2a2189f80e1f967abcd1fe60abb.png
b25e024efdf7212c0d84a648531a2db5c6ef16b2b85e65750e4eb99eef250547,0,data/benign_original/benign/b25e024efdf7212c0d84a648531a2db5c6ef16b2b85e65750e4eb99eef250547.png
b25ec2affbefc2b2009502f7445625df9e8aeb16c3e56e4c816946049396c320,0,data/benign_original/benign/b25ec2affbefc2b2009502f7445625df9e8aeb16c3e56e4c816946049396c320.png
b26a6c7e6d63e4311acdb6bd3969e8f90c8a93bb7d56e4268e924aa5e1e81c2d,0,data/benign_original/benign/b26a6c7e6d63e4311acdb6bd3969e8f90c8a93bb7d56e4268e924aa5e1e81c2d.png
b272aa89944cc387630ec140ebd2e63e70cb7e3f69763527396c185823dfd78d,0,data/benign_original/benign/b272aa89944cc387630ec140ebd2e63e70cb7e3f69763527396c185823dfd78d.png
b2772db0688b3c86134a1969bae17fd6aae1c8240a1f5910c0a724522abcc581,0,data/benign_original/benign/b2772db0688b3c86134a1969bae17fd6aae1c8240a1f5910c0a724522abcc581.png
b281215d9bd719ca3cdb8d1c3a21d6faa8eb24d3c5c18710e8292f6a738bc357,0,data/benign_original/benign/b281215d9bd719ca3cdb8d1c3a21d6faa8eb24d3c5c18710e8292f6a738bc357.png
b283ffad4d61c5b6891b03de7247492b783a2813e360c7cf5a83b2b7cd1782d6,0,data/benign_original/benign/b283ffad4d61c5b6891b03de7247492b783a2813e360c7cf5a83b2b7cd1782d6.png
b288eb94904813686c89b62b94508469771b0675983c1fbab0d2a385492dfdc9,0,data/benign_original/benign/b288eb94904813686c89b62b94508469771b0675983c1fbab0d2a385492dfdc9.png
b28e79d80dd0b15d219682524a7baf0b6da17d60e57fa10fe2dffc1bbb148625,0,data/benign_original/benign/b28e79d80dd0b15d219682524a7baf0b6da17d60e57fa10fe2dffc1bbb148625.png
b2923eaacc45e888f5083d1208931e0da92b6fcd32d36eceeb934efad2a110ed,0,data/benign_original/benign/b2923eaacc45e888f5083d1208931e0da92b6fcd32d36eceeb934efad2a110ed.png
b295373a490bc40d100f666e120ab5c71fbdb9eb2efc2e484c96a7b0920fd09d,0,data/benign_original/benign/b295373a490bc40d100f666e120ab5c71fbdb9eb2efc2e484c96a7b0920fd09d.png
b2977efe0d48c3d466d77dc1632503673f50034d4489dda0f6943868290c9a6d,0,data/benign_original/benign/b2977efe0d48c3d466d77dc1632503673f50034d4489dda0f6943868290c9a6d.png
b2ab1397e9e04b6a3a65a70e6036c848103b4076140ce917c12fe2d63264a314,0,data/benign_original/benign/b2ab1397e9e04b6a3a65a70e6036c848103b4076140ce917c12fe2d63264a314.png
b2ad552e53778bb3be8f1b494fe678850e0024ab3f38c4f35a250f058f281b77,0,data/benign_original/benign/b2ad552e53778bb3be8f1b494fe678850e0024ab3f38c4f35a250f058f281b77.png
b2b135e2ddeeac5bfaf3534eb1ae3264dda21c31f85ea00dc2bac227be796e6a,0,data/benign_original/benign/b2b135e2ddeeac5bfaf3534eb1ae3264dda21c31f85ea00dc2bac227be796e6a.png
b2b894bc2e6b0c9a40109854f7efc297f6e2a62dce18c636bcd0c1aeb47fee9c,0,data/benign_original/benign/b2b894bc2e6b0c9a40109854f7efc297f6e2a62dce18c636bcd0c1aeb47fee9c.png
b2bbbbc3ccae8f3e12cc57f872a8ed322b7c98942175459d4ff723e4ec1f51d0,0,data/benign_original/benign/b2bbbbc3ccae8f3e12cc57f872a8ed322b7c98942175459d4ff723e4ec1f51d0.png
b2c173f84cd0c89dd31acc8dcb9d846fb3be30259095519aa5cc4884dda42d70,0,data/benign_original/benign/b2c173f84cd0c89dd31acc8dcb9d846fb3be30259095519aa5cc4884dda42d70.png
b2cbb436d7c6b865fa558aeb493306f70a6fc79ca12ad6cfe32ff239f8ff3c4b,0,data/benign_original/benign/b2cbb436d7c6b865fa558aeb493306f70a6fc79ca12ad6cfe32ff239f8ff3c4b.png
b2dd7a646470c64e1a0c13646a56ab18e1c26385fc8d8bbf57ca1faf92319911,0,data/benign_original/benign/b2dd7a646470c64e1a0c13646a56ab18e1c26385fc8d8bbf57ca1faf92319911.png
b2ded3ce4b19a18844d4aa90b60dfc1a8d3e9cd7649e7478c524d5c9d035fccc,0,data/benign_original/benign/b2ded3ce4b19a18844d4aa90b60dfc1a8d3e9cd7649e7478c524d5c9d035fccc.png
b2f57674b909bf5c53c42509620dc8f61d61f4e0e38abcbf83681592fbf06f32,0,data/benign_original/benign/b2f57674b909bf5c53c42509620dc8f61d61f4e0e38abcbf83681592fbf06f32.png
b2faf3b85b23c840b654e57d5497a0ad31acd02fb01856cad4725a1715d5f78e,0,data/benign_original/benign/b2faf3b85b23c840b654e57d5497a0ad31acd02fb01856cad4725a1715d5f78e.png
b3084cdd9700aa333bb615d819bd807543320cc53f3378fdbb0ee44ce4979457,0,data/benign_original/benign/b3084cdd9700aa333bb615d819bd807543320cc53f3378fdbb0ee44ce4979457.png
b30e34d288493fb4c65f73f2d247ce34697ec96ce7c3260ffe9598b4f697cee8,0,data/benign_original/benign/b30e34d288493fb4c65f73f2d247ce34697ec96ce7c3260ffe9598b4f697cee8.png
b31a8fc3cbf2019461db69ffa7d81ac9feac45cc040262a50fa9e7fffd12040c,0,data/benign_original/benign/b31a8fc3cbf2019461db69ffa7d81ac9feac45cc040262a50fa9e7fffd12040c.png
b323ba47ccb7902d6021cc8259cf016e971bddc1831a436824d6bda52bde0c22,0,data/benign_original/benign/b323ba47ccb7902d6021cc8259cf016e971bddc1831a436824d6bda52bde0c22.png
b325283552ea6adceb0adea1756673b739f10942bc036c9edc863e1fbd6b095e,0,data/benign_original/benign/b325283552ea6adceb0adea1756673b739f10942bc036c9edc863e1fbd6b095e.png
b34a7e635132f271dcd6eb28ebf62389120eb4ccbc3c75231bedb1c909c19b39,0,data/benign_original/benign/b34a7e635132f271dcd6eb28ebf62389120eb4ccbc3c75231bedb1c909c19b39.png
b34c70787aa3ae6bd7961d2b55548870698f371c0b4587a3202acd10a75319a7,0,data/benign_original/benign/b34c70787aa3ae6bd7961d2b55548870698f371c0b4587a3202acd10a75319a7.png
b359fe5f1d8d68b702c8139c68e3d661dfed5a4d4217622dcf20a1c31cd5ac09,0,data/benign_original/benign/b359fe5f1d8d68b702c8139c68e3d661dfed5a4d4217622dcf20a1c31cd5ac09.png
b35d2129ddc6ff5099099981f026274fb9309f8a4968afb439c6b0c4fd6333b9,0,data/benign_original/benign/b35d2129ddc6ff5099099981f026274fb9309f8a4968afb439c6b0c4fd6333b9.png
b35ff6ee113ffba0bfedf5acbf4e4922c68bc1e342aed38bc33e208ff806981a,0,data/benign_original/benign/b35ff6ee113ffba0bfedf5acbf4e4922c68bc1e342aed38bc33e208ff806981a.png
b364fc78ac147d24a7db60c47a225a4cb4fae486d08cecae16451374bfd99786,0,data/benign_original/benign/b364fc78ac147d24a7db60c47a225a4cb4fae486d08cecae16451374bfd99786.png
b365d7b27a628018f873da570798f3bd5fb7dbb10fb535dffd3164b6fc73390c,0,data/benign_original/benign/b365d7b27a628018f873da570798f3bd5fb7dbb10fb535dffd3164b6fc73390c.png
b38f37d9a84a50c75fea300cfce623744eea015f461cbd730bc7eb867cc7943e,0,data/benign_original/benign/b38f37d9a84a50c75fea300cfce623744eea015f461cbd730bc7eb867cc7943e.png
b39194e5aa728e33c1d73d1844364b3ab4cd20946891368beaab4658b134bb7f,0,data/benign_original/benign/b39194e5aa728e33c1d73d1844364b3ab4cd20946891368beaab4658b134bb7f.png
b396ddf5054b5645e710c1c266d9410577406074aafc6e4bd14b90986cc1e395,0,data/benign_original/benign/b396ddf5054b5645e710c1c266d9410577406074aafc6e4bd14b90986cc1e395.png
b39a515b9e48fc6589703d45e14dcea2273a02d7fa6f2e1d17985c0228d32564,0,data/benign_original/benign/b39a515b9e48fc6589703d45e14dcea2273a02d7fa6f2e1d17985c0228d32564.png
b3a5d783aee60c809a64a9558cd6a39c4fdebf43bdb3f85a6f2d0cca8dfad9d5,0,data/benign_original/benign/b3a5d783aee60c809a64a9558cd6a39c4fdebf43bdb3f85a6f2d0cca8dfad9d5.png
b3afdb8a35adbde46e85939c6e7076bbe8ac09973731faf7693f7d6a3b2b99cc,0,data/benign_original/benign/b3afdb8a35adbde46e85939c6e7076bbe8ac09973731faf7693f7d6a3b2b99cc.png
b3b356cdca34cb5023cd8f49025e23128f1e86dd0d4865d62bc42f775f1acca8,0,data/benign_original/benign/b3b356cdca34cb5023cd8f49025e23128f1e86dd0d4865d62bc42f775f1acca8.png
b3c2857866def79caf83452173db75adc9a5b430f71641b2c9e56caa3deb8e73,0,data/benign_original/benign/b3c2857866def79caf83452173db75adc9a5b430f71641b2c9e56caa3deb8e73.png
b3c3a0c4ec8df4d4c3ae3e42c3f03502fdd542a239587c520e191fdfbc2d6475,0,data/benign_original/benign/b3c3a0c4ec8df4d4c3ae3e42c3f03502fdd542a239587c520e191fdfbc2d6475.png
b40df61a798879babd2de44e0e74f23fda4c369c507281781582c7d10258ac0f,0,data/benign_original/benign/b40df61a798879babd2de44e0e74f23fda4c369c507281781582c7d10258ac0f.png
b42106b44b3e3580558ca514440c1cb325ed450e22603a9757d6668f79254350,0,data/benign_original/benign/b42106b44b3e3580558ca514440c1cb325ed450e22603a9757d6668f79254350.png
b4215da103161d817a98d9def4802e3551ff49b600765f2c2b6a9fc4f593c50e,0,data/benign_original/benign/b4215da103161d817a98d9def4802e3551ff49b600765f2c2b6a9fc4f593c50e.png
b42ae59a62a198821d432a3d9a4b7bb0a8f187c6d5914addf33a0db2ec671c39,0,data/benign_original/benign/b42ae59a62a198821d432a3d9a4b7bb0a8f187c6d5914addf33a0db2ec671c39.png
b42ce8eaa816e2afe3d50b14a0df476aa461d6301daf3eeb0d1422a0a7be3c09,0,data/benign_original/benign/b42ce8eaa816e2afe3d50b14a0df476aa461d6301daf3eeb0d1422a0a7be3c09.png
b43bdd50b3447b34269da6cb006942a16fcca55778d2032c966ccd2c058239f1,0,data/benign_original/benign/b43bdd50b3447b34269da6cb006942a16fcca55778d2032c966ccd2c058239f1.png
b4418e20a3ad2c68c7c83be55c316212656bde791c6307417f98783959ad3638,0,data/benign_original/benign/b4418e20a3ad2c68c7c83be55c316212656bde791c6307417f98783959ad3638.png
b4474985c59ab279e2dce3874f46cb2490898f841210dd0af521be446bc6f846,0,data/benign_original/benign/b4474985c59ab279e2dce3874f46cb2490898f841210dd0af521be446bc6f846.png
b45444ecf668d0ad846fbc69950cb3354e35e3dccf3a926572d74b9fbdb910a2,0,data/benign_original/benign/b45444ecf668d0ad846fbc69950cb3354e35e3dccf3a926572d74b9fbdb910a2.png
b457325ff2b946b5850f4458f6fe2faf6ba7574311f77ddef877bde87b02d7e5,0,data/benign_original/benign/b457325ff2b946b5850f4458f6fe2faf6ba7574311f77ddef877bde87b02d7e5.png
b464f51534fb2e3154c4ae44f0e299ab5c73cf905c370edcd6ae46ffe292c179,0,data/benign_original/benign/b464f51534fb2e3154c4ae44f0e299ab5c73cf905c370edcd6ae46ffe292c179.png
b471f272c4c7c35ab41b611d458ea91ac3111e6172af17307362a566992441c3,0,data/benign_original/benign/b471f272c4c7c35ab41b611d458ea91ac3111e6172af17307362a566992441c3.png
b4824098b439f4332ffdb4fab13db06fef43318dcdfba8e2c049395db833448e,0,data/benign_original/benign/b4824098b439f4332ffdb4fab13db06fef43318dcdfba8e2c049395db833448e.png
b485014e1dcb4be9fe508c27b8cd2c5457d56f65e2435e1f162ebd477698b6d5,0,data/benign_original/benign/b485014e1dcb4be9fe508c27b8cd2c5457d56f65e2435e1f162ebd477698b6d5.png
b48cf12ff1155761b5c1a44b8c71e0f272d480f325e02df0532e6886d97f37c4,0,data/benign_original/benign/b48cf12ff1155761b5c1a44b8c71e0f272d480f325e02df0532e6886d97f37c4.png
b48fee47b5394215c64e4b09867923cfedc3b90096f2bad0286058ef7a9965d5,0,data/benign_original/benign/b48fee47b5394215c64e4b09867923cfedc3b90096f2bad0286058ef7a9965d5.png
b493bf6d7085eb97d17dd6516345e65277d3a60b848f11aef283dbba759435e1,0,data/benign_original/benign/b493bf6d7085eb97d17dd6516345e65277d3a60b848f11aef283dbba759435e1.png
b49ae31d5c487bd069a16e2c634055cd9da325aebaba70a541499431a319b2cd,0,data/benign_original/benign/b49ae31d5c487bd069a16e2c634055cd9da325aebaba70a541499431a319b2cd.png
b49e3f79abf030d9cfe95e4302ed02e53f357dcb9083555340fdb3b40845e619,0,data/benign_original/benign/b49e3f79abf030d9cfe95e4302ed02e53f357dcb9083555340fdb3b40845e619.png
b4a045535f244c5ff4a0e323df1bb77a70ed24bd54c4468a64b021e69eef92c4,0,data/benign_original/benign/b4a045535f244c5ff4a0e323df1bb77a70ed24bd54c4468a64b021e69eef92c4.png
b4a2ed14fad9d7190e77655f45a41321d1367eaffa39ce66fe12c42a2a30fd1a,0,data/benign_original/benign/b4a2ed14fad9d7190e77655f45a41321d1367eaffa39ce66fe12c42a2a30fd1a.png
b4a8c04b951aac60a687087038d015e8ca595aa4484b7178b1592f7431fba901,0,data/benign_original/benign/b4a8c04b951aac60a687087038d015e8ca595aa4484b7178b1592f7431fba901.png
b4b1b108c5ec3dd6863cf45f5e5abb89f7ca52bdd0199a48ba3b46427fd85540,0,data/benign_original/benign/b4b1b108c5ec3dd6863cf45f5e5abb89f7ca52bdd0199a48ba3b46427fd85540.png
b4b55dd378059d234517ddec13bb7e075b127963c408f8c339512c4ceccebf55,0,data/benign_original/benign/b4b55dd378059d234517ddec13bb7e075b127963c408f8c339512c4ceccebf55.png
b4ca92e816e2a68a8affbc81ec625aeb8b4902765ba4cefc4c615c0dc6d66526,0,data/benign_original/benign/b4ca92e816e2a68a8affbc81ec625aeb8b4902765ba4cefc4c615c0dc6d66526.png
b4d3be641b7c782b780e6e7d84db7f1b9d99b9d538684257166562f857ebc79e,0,data/benign_original/benign/b4d3be641b7c782b780e6e7d84db7f1b9d99b9d538684257166562f857ebc79e.png
b4de5fc0d8b04b9c40e0797facd5a112627ef7e8edee1fb3eb7ea7aba8495f79,0,data/benign_original/benign/b4de5fc0d8b04b9c40e0797facd5a112627ef7e8edee1fb3eb7ea7aba8495f79.png
b4e38960475aa1126c015470e88aa2026436aeac24eb37b6fe012e2fdc053b8f,0,data/benign_original/benign/b4e38960475aa1126c015470e88aa2026436aeac24eb37b6fe012e2fdc053b8f.png
b4f9a5302769c02d7cbe1202912751aaca415608948fad305b2c4b0f4aedcc37,0,data/benign_original/benign/b4f9a5302769c02d7cbe1202912751aaca415608948fad305b2c4b0f4aedcc37.png
b501cc23f4f46d1289f838a056c54848f173f6d8b3cb2c1638fd36551535a3c0,0,data/benign_original/benign/b501cc23f4f46d1289f838a056c54848f173f6d8b3cb2c1638fd36551535a3c0.png
b51159eb8ecfd2274bad8d135efd27457363852a872ba0e7c9d2f125a37766f0,0,data/benign_original/benign/b51159eb8ecfd2274bad8d135efd27457363852a872ba0e7c9d2f125a37766f0.png
b5155e0ad2ebf18aa1888e5f738e46962b9e9a61faffa0bd0ba3236770226f53,0,data/benign_original/benign/b5155e0ad2ebf18aa1888e5f738e46962b9e9a61faffa0bd0ba3236770226f53.png
b51fbd5359342b46cafa23f454bb8f3a592d363cb651dd8784341555049c03cd,0,data/benign_original/benign/b51fbd5359342b46cafa23f454bb8f3a592d363cb651dd8784341555049c03cd.png
b522238e2200f8bffc40de7b122e203804c448ea9b81ffe2b094eaacefbbe075,0,data/benign_original/benign/b522238e2200f8bffc40de7b122e203804c448ea9b81ffe2b094eaacefbbe075.png
b522d0ece97ee7bfa70452347c50b7eaa8263122c6162f39d4056961a5049b4e,0,data/benign_original/benign/b522d0ece97ee7bfa70452347c50b7eaa8263122c6162f39d4056961a5049b4e.png
b52fbb99308493a27aac725cf70721041cdee61caca19792b949cc0867a27964,0,data/benign_original/benign/b52fbb99308493a27aac725cf70721041cdee61caca19792b949cc0867a27964.png
b563fe6dacdbfd6628da1cffb42d72344ae631ef132345e6756036d2c1adf215,0,data/benign_original/benign/b563fe6dacdbfd6628da1cffb42d72344ae631ef132345e6756036d2c1adf215.png
b56bc94e8539603dd2f0fea2f25efd17966315067442507db4bffafcbc2955b0,0,data/benign_original/benign/b56bc94e8539603dd2f0fea2f25efd17966315067442507db4bffafcbc2955b0.png
b5703fd17c3ae58ef1f0efb174c8d6f7421c1b6976d1d963327e57675b95a28c,0,data/benign_original/benign/b5703fd17c3ae58ef1f0efb174c8d6f7421c1b6976d1d963327e57675b95a28c.png
b586722f68eba4114f3d43e8e9953845ca7d00797bde91d71d703d2d3947642f,0,data/benign_original/benign/b586722f68eba4114f3d43e8e9953845ca7d00797bde91d71d703d2d3947642f.png
b58870dc7dc49ccf209d10dddfa901c6118c05a05b893fdf86aa7d63304f202f,0,data/benign_original/benign/b58870dc7dc49ccf209d10dddfa901c6118c05a05b893fdf86aa7d63304f202f.png
b58cc27cfa83efbba039c9c27e57b8418caf36bdc8f7bf0b689a1586daf19941,0,data/benign_original/benign/b58cc27cfa83efbba039c9c27e57b8418caf36bdc8f7bf0b689a1586daf19941.png
b58d1ee3d0f83a34999cfd4baa657c8a56993ca17be4284f658aaa067227e9ac,0,data/benign_original/benign/b58d1ee3d0f83a34999cfd4baa657c8a56993ca17be4284f658aaa067227e9ac.png
b592082b37941785db7efeaa6c293bc4f6105e4cf5688d9fb1796d5853cbd782,0,data/benign_original/benign/b592082b37941785db7efeaa6c293bc4f6105e4cf5688d9fb1796d5853cbd782.png
b596ad2fa8cf15a52b4a18838803e30888c578f04c06a9b115c43f2b515963db,0,data/benign_original/benign/b596ad2fa8cf15a52b4a18838803e30888c578f04c06a9b115c43f2b515963db.png
b59d4c950491ef3624c54055af98605df96de28260e98fded75b4e67d27f79b3,0,data/benign_original/benign/b59d4c950491ef3624c54055af98605df96de28260e98fded75b4e67d27f79b3.png
b59d6dc73b0965f69c89a0493147eeb5bc2f4b8351d775b536d88a5ebb0a1a15,0,data/benign_original/benign/b59d6dc73b0965f69c89a0493147eeb5bc2f4b8351d775b536d88a5ebb0a1a15.png
b5a13826ff000f0fb787ae382820c8dccdeb5f6bb6a47c05da1fcecfe7f3d8a7,0,data/benign_original/benign/b5a13826ff000f0fb787ae382820c8dccdeb5f6bb6a47c05da1fcecfe7f3d8a7.png
b5a9a7b2e3ce74df82a7eae195a57bb6ee9adb4fce79d14f5b9dda01332a65cf,0,data/benign_original/benign/b5a9a7b2e3ce74df82a7eae195a57bb6ee9adb4fce79d14f5b9dda01332a65cf.png
b5ac0c9ba8223ccf677a78f9049cc8b4669c78dfe4f93e70f6054372e2c8acce,0,data/benign_original/benign/b5ac0c9ba8223ccf677a78f9049cc8b4669c78dfe4f93e70f6054372e2c8acce.png
b5b08608fd83bd1a776d14c15a5b90545c2bc72a41d92ad6bef9022391d930f0,0,data/benign_original/benign/b5b08608fd83bd1a776d14c15a5b90545c2bc72a41d92ad6bef9022391d930f0.png
b5b0b458e530c100248bafe9243812ffb15119d045a8cde354c8cc6689682450,0,data/benign_original/benign/b5b0b458e530c100248bafe9243812ffb15119d045a8cde354c8cc6689682450.png
b5b4bdb18fcfc119e99ed2e79d9856ecbb49d2ad25a2760df3e14156b3d6bdb0,0,data/benign_original/benign/b5b4bdb18fcfc119e99ed2e79d9856ecbb49d2ad25a2760df3e14156b3d6bdb0.png
b5b5ef47bd96a93f6ccab45426636caf5c91d5802758b58d18e305fa6284ec3b,0,data/benign_original/benign/b5b5ef47bd96a93f6ccab45426636caf5c91d5802758b58d18e305fa6284ec3b.png
b5b8ca0f0ac1bd2dda660df398cff60526f3a24a50774490fad9c5c4f939288f,0,data/benign_original/benign/b5b8ca0f0ac1bd2dda660df398cff60526f3a24a50774490fad9c5c4f939288f.png
b5bf007047adde6bae50210fcf318bfaa7a6f4791b5fb4f5e7f275ce8ceec25d,0,data/benign_original/benign/b5bf007047adde6bae50210fcf318bfaa7a6f4791b5fb4f5e7f275ce8ceec25d.png
b5c1444604cc5e12ab9850226517858b96866b2ef021ee61a2558234b1ceffe3,0,data/benign_original/benign/b5c1444604cc5e12ab9850226517858b96866b2ef021ee61a2558234b1ceffe3.png
b5d37b76fe107d5d23f498b582cf11dc1b3c4649c844ed7dc7c2e27001072823,0,data/benign_original/benign/b5d37b76fe107d5d23f498b582cf11dc1b3c4649c844ed7dc7c2e27001072823.png
b5d8a878947d4572f77e237450a07671856b8097f859a67b7157d79dbc3073fe,0,data/benign_original/benign/b5d8a878947d4572f77e237450a07671856b8097f859a67b7157d79dbc3073fe.png
b5e5bbe70a6831a245d4b99ecbd56f6b3e399dcbe15bec0d496872cb0c064688,0,data/benign_original/benign/b5e5bbe70a6831a245d4b99ecbd56f6b3e399dcbe15bec0d496872cb0c064688.png
b5fa8e9b20b260c2b7f87204070c4af155cc9f71e189244dc27c459ec7437308,0,data/benign_original/benign/b5fa8e9b20b260c2b7f87204070c4af155cc9f71e189244dc27c459ec7437308.png
b603a04d1122496ce1381dc54e8fea53c62bb503b96d7fb9a8e4e4877b1bbb9e,0,data/benign_original/benign/b603a04d1122496ce1381dc54e8fea53c62bb503b96d7fb9a8e4e4877b1bbb9e.png
b60bb2c1ed94a33a7a0921e4838a8c5f0224bc8a3c869c7d6d736867153f7086,0,data/benign_original/benign/b60bb2c1ed94a33a7a0921e4838a8c5f0224bc8a3c869c7d6d736867153f7086.png
b60c1e925b44985943308a3dc577aad270dd95046c8d29b29c20834c8e16d5d5,0,data/benign_original/benign/b60c1e925b44985943308a3dc577aad270dd95046c8d29b29c20834c8e16d5d5.png
b61a3bd19338f75abef883834c0a332c862d9dee1381ac53b0d1dd9b6accab4a,0,data/benign_original/benign/b61a3bd19338f75abef883834c0a332c862d9dee1381ac53b0d1dd9b6accab4a.png
b61ab82944c87ebc20bc0684bf007534e1c314e84c3143fb93d6d08a2b6a009b,0,data/benign_original/benign/b61ab82944c87ebc20bc0684bf007534e1c314e84c3143fb93d6d08a2b6a009b.png
b625f570c51fbe697c19450314b5b76675a6a2696b16cf0a26e8f9e4d3d28e5b,0,data/benign_original/benign/b625f570c51fbe697c19450314b5b76675a6a2696b16cf0a26e8f9e4d3d28e5b.png
b627693a6da414806177b593eea810cb4ae9b56ad07654d6aa54b7f3480255f8,0,data/benign_original/benign/b627693a6da414806177b593eea810cb4ae9b56ad07654d6aa54b7f3480255f8.png
b62e62c7374ce1398b985af3122ff10a092750f65191fdc3aa6151de130183a3,0,data/benign_original/benign/b62e62c7374ce1398b985af3122ff10a092750f65191fdc3aa6151de130183a3.png
b6312ca0b4bbabf73c2fcc4b9cfd3e2d5f6adb3135a44f708d0d62c26ffa6305,0,data/benign_original/benign/b6312ca0b4bbabf73c2fcc4b9cfd3e2d5f6adb3135a44f708d0d62c26ffa6305.png
b633745387a07a0efc4388fdeff6eb7decc64c928eb55ee116944ee33434de48,0,data/benign_original/benign/b633745387a07a0efc4388fdeff6eb7decc64c928eb55ee116944ee33434de48.png
b63941073470f3760ce8fea11d1ebe8156d75285a5fc2638f5b7ff36ac9dd83e,0,data/benign_original/benign/b63941073470f3760ce8fea11d1ebe8156d75285a5fc2638f5b7ff36ac9dd83e.png
b64ef283dbd9d2cf0adf828c32364899763c726f579db42ecda8afbdafe275f6,0,data/benign_original/benign/b64ef283dbd9d2cf0adf828c32364899763c726f579db42ecda8afbdafe275f6.png
b6558c638f6e1bf77758ccdbd0634bfee9c8be8ae5a315d691c4e3de779dffc3,0,data/benign_original/benign/b6558c638f6e1bf77758ccdbd0634bfee9c8be8ae5a315d691c4e3de779dffc3.png
b663c2807fdf217fdc5cf9694b6a8ef1f07c7b9df12df5aca88342666593032a,0,data/benign_original/benign/b663c2807fdf217fdc5cf9694b6a8ef1f07c7b9df12df5aca88342666593032a.png
b66648bfb5159ba02a9f2ca4dbb4aa11563d714fcf2bbae0d49e90f928892358,0,data/benign_original/benign/b66648bfb5159ba02a9f2ca4dbb4aa11563d714fcf2bbae0d49e90f928892358.png
b66ada0f0566ef1175bc9ebebac29898323c9113db7124bffcad03f60f640add,0,data/benign_original/benign/b66ada0f0566ef1175bc9ebebac29898323c9113db7124bffcad03f60f640add.png
b66b33393b54a2388af9198b8b6f38ddb4bc8fd40141819c8f1b6a6b97683eae,0,data/benign_original/benign/b66b33393b54a2388af9198b8b6f38ddb4bc8fd40141819c8f1b6a6b97683eae.png
b676c1145f17a9c3d74cc66ad2708550698f1e6a789e37b1715e32cf0127bfdc,0,data/benign_original/benign/b676c1145f17a9c3d74cc66ad2708550698f1e6a789e37b1715e32cf0127bfdc.png
b6775d5cb4a13983bbf8ac3950fb219ef49ec42381d8e8f836345e78a86e36da,0,data/benign_original/benign/b6775d5cb4a13983bbf8ac3950fb219ef49ec42381d8e8f836345e78a86e36da.png
b67ddffd73af5faaf4c1ba590ba966c260880fe154e07cfce3c4e5cb5b0e86ab,0,data/benign_original/benign/b67ddffd73af5faaf4c1ba590ba966c260880fe154e07cfce3c4e5cb5b0e86ab.png
b6800c2ca4bfec26c8b8553beee774f4ebab741b1a48adcccce79f07062977be,0,data/benign_original/benign/b6800c2ca4bfec26c8b8553beee774f4ebab741b1a48adcccce79f07062977be.png
b68838c88dbe15182f8ae5d6fa98f3e2bdc7cca7798c000ff89be2fb7ed8789c,0,data/benign_original/benign/b68838c88dbe15182f8ae5d6fa98f3e2bdc7cca7798c000ff89be2fb7ed8789c.png
b68aa8ccb15033689a2dee77c844b587759e9580863060241f8bbac263de018e,0,data/benign_original/benign/b68aa8ccb15033689a2dee77c844b587759e9580863060241f8bbac263de018e.png
b69538aa8bd070d9fdf750e404290affb3b60e29dd1583e319a249e0b3755c80,0,data/benign_original/benign/b69538aa8bd070d9fdf750e404290affb3b60e29dd1583e319a249e0b3755c80.png
b699544c7a774fb1bf667c23a1875bb83489bca639838545a5db6f24e8dbb4ab,0,data/benign_original/benign/b699544c7a774fb1bf667c23a1875bb83489bca639838545a5db6f24e8dbb4ab.png
b69e1959c3eeeafc7fb80fd8032e925d443d335d4687776e901072ca583de2ac,0,data/benign_original/benign/b69e1959c3eeeafc7fb80fd8032e925d443d335d4687776e901072ca583de2ac.png
b6a15a9ee41b219fab20783f638a13c6d83b9bb9c4915d83e09695e665448a32,0,data/benign_original/benign/b6a15a9ee41b219fab20783f638a13c6d83b9bb9c4915d83e09695e665448a32.png
b6a28f12663e7530acaad346bf77762d891fe17847130a237c5983fba80b3f68,0,data/benign_original/benign/b6a28f12663e7530acaad346bf77762d891fe17847130a237c5983fba80b3f68.png
b6a979c849487fb6b7819dc63844f936d38d361b6b69ad5774f0bbb8e1e8be7d,0,data/benign_original/benign/b6a979c849487fb6b7819dc63844f936d38d361b6b69ad5774f0bbb8e1e8be7d.png
b6aa7fc3b3a08cc38d90b609d9514becd6e255e24d1c9c2e973f83a03f973411,0,data/benign_original/benign/b6aa7fc3b3a08cc38d90b609d9514becd6e255e24d1c9c2e973f83a03f973411.png
b6ac6fcf77436851fcbb101ef697684d017f2a551dcc9d1bb4f34c41b2826bc4,0,data/benign_original/benign/b6ac6fcf77436851fcbb101ef697684d017f2a551dcc9d1bb4f34c41b2826bc4.png
b6ad417ec29a32124ec8fc5b50e880752055279af2d662e7518b2df72e70c205,0,data/benign_original/benign/b6ad417ec29a32124ec8fc5b50e880752055279af2d662e7518b2df72e70c205.png
b6e51aea7cf024ba2463751b69989dc32188767b5b7259475c4ebf25cefacc26,0,data/benign_original/benign/b6e51aea7cf024ba2463751b69989dc32188767b5b7259475c4ebf25cefacc26.png
b6e6001b8ec51d551fdd62c8d26782bdcd899d5a364a0abd7afe789274c81f6c,0,data/benign_original/benign/b6e6001b8ec51d551fdd62c8d26782bdcd899d5a364a0abd7afe789274c81f6c.png
b6e97dbf4ec13dec0324ab2d66b8c771d4da6539087d84bf009b9a80b0f78799,0,data/benign_original/benign/b6e97dbf4ec13dec0324ab2d66b8c771d4da6539087d84bf009b9a80b0f78799.png
b6ea2f9d8f0777d50c4201d7ad30d27f75987618eb1cc0eaa7712cf268707a8e,0,data/benign_original/benign/b6ea2f9d8f0777d50c4201d7ad30d27f75987618eb1cc0eaa7712cf268707a8e.png
b6eafa072bd0dbbca07b1557946334dbe005af07b76cec8f082087fc5ea06adb,0,data/benign_original/benign/b6eafa072bd0dbbca07b1557946334dbe005af07b76cec8f082087fc5ea06adb.png
b6f30de35298bc47ce8c90a6f96e0416ea33473a84e5dd48fe87cd1b257f18f3,0,data/benign_original/benign/b6f30de35298bc47ce8c90a6f96e0416ea33473a84e5dd48fe87cd1b257f18f3.png
b70624c1accbfb3e9982c66d8409ac6cac869de22700a4a4b49fe7936508036e,0,data/benign_original/benign/b70624c1accbfb3e9982c66d8409ac6cac869de22700a4a4b49fe7936508036e.png
b70e95c6a86d06a52313457d6c502960f180bffdf5b923a035672cb309175818,0,data/benign_original/benign/b70e95c6a86d06a52313457d6c502960f180bffdf5b923a035672cb309175818.png
b713069fb6177c3b7be361008a60d5bbdee27f90795984031e1731809355ced2,0,data/benign_original/benign/b713069fb6177c3b7be361008a60d5bbdee27f90795984031e1731809355ced2.png
b71421256251bb62744e878f6b10dfa5658ed969216a1cc39e70c6495ae18b8a,0,data/benign_original/benign/b71421256251bb62744e878f6b10dfa5658ed969216a1cc39e70c6495ae18b8a.png
b715d04728e9c4c6d6013e88aa200808bd247231e75398660f06a7bcdceb87a0,0,data/benign_original/benign/b715d04728e9c4c6d6013e88aa200808bd247231e75398660f06a7bcdceb87a0.png
b71bf63c309a835a42037ac5d92c52f6a1e79abe693718f7d1752d47f77a5525,0,data/benign_original/benign/b71bf63c309a835a42037ac5d92c52f6a1e79abe693718f7d1752d47f77a5525.png
b726ca7d7100e02c672eed094fccad7481ec1439d6d19f911c84e44449e01af9,0,data/benign_original/benign/b726ca7d7100e02c672eed094fccad7481ec1439d6d19f911c84e44449e01af9.png
b7355326729246b593c8d1052f4773a06c191a4521f9551e18cc9790b129d492,0,data/benign_original/benign/b7355326729246b593c8d1052f4773a06c191a4521f9551e18cc9790b129d492.png
b73cffb1dcba190545d7b528c5bf61a150f33562b6ec126ea11aad4d075ab23c,0,data/benign_original/benign/b73cffb1dcba190545d7b528c5bf61a150f33562b6ec126ea11aad4d075ab23c.png
b74aefd6fa638be3f415165c8109121a2093597421101abc312ee7ffa1130278,0,data/benign_original/benign/b74aefd6fa638be3f415165c8109121a2093597421101abc312ee7ffa1130278.png
b758e13a6e0285c377d4e4c767385459680481318c0bc75a89d367eed9147332,0,data/benign_original/benign/b758e13a6e0285c377d4e4c767385459680481318c0bc75a89d367eed9147332.png
b75c624d8f025fa422642abd2cc423e760309f6cf4175da4e63fa823d2f5d969,0,data/benign_original/benign/b75c624d8f025fa422642abd2cc423e760309f6cf4175da4e63fa823d2f5d969.png
b75d8cec1488c9df04b44471c5d7ddbf9fccd4f9532b1ba824eacf2e4ac54d15,0,data/benign_original/benign/b75d8cec1488c9df04b44471c5d7ddbf9fccd4f9532b1ba824eacf2e4ac54d15.png
b75ef0d9be5c111341dab495301c5939495487c2a76eb2ec1d1eac393e6efc5e,0,data/benign_original/benign/b75ef0d9be5c111341dab495301c5939495487c2a76eb2ec1d1eac393e6efc5e.png
b777d9fedae1427ef70b1cc64c6f4c099cdd6584d6aa09234614296b2e5532ae,0,data/benign_original/benign/b777d9fedae1427ef70b1cc64c6f4c099cdd6584d6aa09234614296b2e5532ae.png
b7786c23a595a39dc97d4b30f703c39c41403e59f160d8b7051195212e836b3c,0,data/benign_original/benign/b7786c23a595a39dc97d4b30f703c39c41403e59f160d8b7051195212e836b3c.png
b787d29c5a1d7a10718ba5ecbfeabeb3bb32fec1ba8519b1629bab250ac2567a,0,data/benign_original/benign/b787d29c5a1d7a10718ba5ecbfeabeb3bb32fec1ba8519b1629bab250ac2567a.png
b78926cf11e89c7abba717ce0e0af276bb3b6e9e495c2d9760ba3b6b3b20e8a6,0,data/benign_original/benign/b78926cf11e89c7abba717ce0e0af276bb3b6e9e495c2d9760ba3b6b3b20e8a6.png
b78caad4e90c3118083b3655721fb8fb550be261025b1352a42a8cb811d4af86,0,data/benign_original/benign/b78caad4e90c3118083b3655721fb8fb550be261025b1352a42a8cb811d4af86.png
b7920053d67d9e71b9f15b4db69b6b7e63be499ea2675580393aec9c26c61c7a,0,data/benign_original/benign/b7920053d67d9e71b9f15b4db69b6b7e63be499ea2675580393aec9c26c61c7a.png
b7947dba144d3188605ede7d0432ea7c7668ac8a853dd7e1c06d17dce7fe5c5f,0,data/benign_original/benign/b7947dba144d3188605ede7d0432ea7c7668ac8a853dd7e1c06d17dce7fe5c5f.png
b79507fd210e90387abc4dcaffcf0e4f0f87ea2a65d45c4b0f4efa2a8e879c7e,0,data/benign_original/benign/b79507fd210e90387abc4dcaffcf0e4f0f87ea2a65d45c4b0f4efa2a8e879c7e.png
b79bb798f54b52d0c3e49b50ea539e39c1d0011085f050b47b74c8a0214562c8,0,data/benign_original/benign/b79bb798f54b52d0c3e49b50ea539e39c1d0011085f050b47b74c8a0214562c8.png
b7a2344533d6dbb8f18f6f625188a77b332f1de313c38f13db276eb5e0726ca7,0,data/benign_original/benign/b7a2344533d6dbb8f18f6f625188a77b332f1de313c38f13db276eb5e0726ca7.png
b7a83862b8feb4f0201631d6e11049d5f0d4a6d6a523b54644c079a3dfcf6220,0,data/benign_original/benign/b7a83862b8feb4f0201631d6e11049d5f0d4a6d6a523b54644c079a3dfcf6220.png
b7b7baaf50f901ba166ec6023be9c2d83d1da990d3f4f59429efda3e7abf8622,0,data/benign_original/benign/b7b7baaf50f901ba166ec6023be9c2d83d1da990d3f4f59429efda3e7abf8622.png
b7baf4cbaa1c58c0592281e81e469b62ac08a214ac7157f939eaeec56e6678cb,0,data/benign_original/benign/b7baf4cbaa1c58c0592281e81e469b62ac08a214ac7157f939eaeec56e6678cb.png
b7cd209cfcdcbcb22d5e45eb224eb1b65457f2aa139a4072511643889c71f282,0,data/benign_original/benign/b7cd209cfcdcbcb22d5e45eb224eb1b65457f2aa139a4072511643889c71f282.png
b7ce73d1ebf244cd1d8a341c0546db2c94ee4d8b5e97a12598a9188bc572d3ee,0,data/benign_original/benign/b7ce73d1ebf244cd1d8a341c0546db2c94ee4d8b5e97a12598a9188bc572d3ee.png
b7cf7459a3a89a56b984cd2dc9c0c44bb6b1a0ced5fcd6e424922e71c3109142,0,data/benign_original/benign/b7cf7459a3a89a56b984cd2dc9c0c44bb6b1a0ced5fcd6e424922e71c3109142.png
b7d07a749b448746a7557d756277ca500c11f9c60411c61b63d144cbadfa06ca,0,data/benign_original/benign/b7d07a749b448746a7557d756277ca500c11f9c60411c61b63d144cbadfa06ca.png
b7dd16bc7a5337333c760d4e3c7cc40d74ffa9e3463bca30f77500d061b94b5e,0,data/benign_original/benign/b7dd16bc7a5337333c760d4e3c7cc40d74ffa9e3463bca30f77500d061b94b5e.png
b7e7f2b3f6382d2296821dc8d5323061d5f1ab1fef0fb387f1d442297ff66293,0,data/benign_original/benign/b7e7f2b3f6382d2296821dc8d5323061d5f1ab1fef0fb387f1d442297ff66293.png
b7ee468f5b6c650dada7db3ad9e115a0e97135b3df095c3220dfd22ba277b607,0,data/benign_original/benign/b7ee468f5b6c650dada7db3ad9e115a0e97135b3df095c3220dfd22ba277b607.png
b7f1e448857a90d7ee719e7ca927dce40e9ee6c7d909bbcee2b6b9ae3465a529,0,data/benign_original/benign/b7f1e448857a90d7ee719e7ca927dce40e9ee6c7d909bbcee2b6b9ae3465a529.png
b81b5c6d4b85a2b0b5c9edebeb5cf09abb2904684baab6e245330da752e936e4,0,data/benign_original/benign/b81b5c6d4b85a2b0b5c9edebeb5cf09abb2904684baab6e245330da752e936e4.png
b81d4d353680adb59b00e5a70b4bf46b3aa33123a9018f64f0bde1fbf1caf421,0,data/benign_original/benign/b81d4d353680adb59b00e5a70b4bf46b3aa33123a9018f64f0bde1fbf1caf421.png
b820a7e5740cf242ac6fa742144bab04ff7440f54997a3104e0e181238d9cd47,0,data/benign_original/benign/b820a7e5740cf242ac6fa742144bab04ff7440f54997a3104e0e181238d9cd47.png
b825e4bb74036156a48f03eff9244091e1fc1cfd4e183062e267a6c091b7e263,0,data/benign_original/benign/b825e4bb74036156a48f03eff9244091e1fc1cfd4e183062e267a6c091b7e263.png
b827c27d346d15fd234bf0de0f2a61935a4ff83483fc500ba015a2839a24dc41,0,data/benign_original/benign/b827c27d346d15fd234bf0de0f2a61935a4ff83483fc500ba015a2839a24dc41.png
b82b01cd4c5036923965dbeda2359fc48bbb11f6a4655ba534256394716cb3db,0,data/benign_original/benign/b82b01cd4c5036923965dbeda2359fc48bbb11f6a4655ba534256394716cb3db.png
b82c7fe4ca5017c54be92d69bde36ab1052607a50b257b75290d24eae59f7788,0,data/benign_original/benign/b82c7fe4ca5017c54be92d69bde36ab1052607a50b257b75290d24eae59f7788.png
b82cbc33210f85b74aea1192c14250a14fb4db2a93beabe1228ec753147e6b48,0,data/benign_original/benign/b82cbc33210f85b74aea1192c14250a14fb4db2a93beabe1228ec753147e6b48.png
b839c8be2603a67cda5cb1c7f9caaff7e6484631193f33f0d0a53d4d439150ff,0,data/benign_original/benign/b839c8be2603a67cda5cb1c7f9caaff7e6484631193f33f0d0a53d4d439150ff.png
b83c6015fac82d98f1072be4585d3bdb51169bf63829d7ea459465f465dab67e,0,data/benign_original/benign/b83c6015fac82d98f1072be4585d3bdb51169bf63829d7ea459465f465dab67e.png
b83e2c719ac2ba4e66ac04e5f0f7e0f3e764ce35373abc0175af64ebd7ad277b,0,data/benign_original/benign/b83e2c719ac2ba4e66ac04e5f0f7e0f3e764ce35373abc0175af64ebd7ad277b.png
b850cf2778c017e0528c67af683f5cd0753925890992531d0b7e3d66c417de99,0,data/benign_original/benign/b850cf2778c017e0528c67af683f5cd0753925890992531d0b7e3d66c417de99.png
b85184d42b1f0e5bff8a6b86193fda191e75785fdf8fbccf9b80ac4a2771b861,0,data/benign_original/benign/b85184d42b1f0e5bff8a6b86193fda191e75785fdf8fbccf9b80ac4a2771b861.png
b854adcd1b94bb733cadc524cdbfa8274cc16be82facfb94e34e52fefc73e60d,0,data/benign_original/benign/b854adcd1b94bb733cadc524cdbfa8274cc16be82facfb94e34e52fefc73e60d.png
b86327495846fe08b5d767f7d4a0f4bde8aeccae0baa299a29a58e36a1c6097c,0,data/benign_original/benign/b86327495846fe08b5d767f7d4a0f4bde8aeccae0baa299a29a58e36a1c6097c.png
b863e60a104b7bb75a4ea0fd3a493cfe72c84ae8bf0cc4844554cf8afea0f77a,0,data/benign_original/benign/b863e60a104b7bb75a4ea0fd3a493cfe72c84ae8bf0cc4844554cf8afea0f77a.png
b869826409b92e8b77f8f4439927f91b07891710d24e2372cf5d1569d4dd141c,0,data/benign_original/benign/b869826409b92e8b77f8f4439927f91b07891710d24e2372cf5d1569d4dd141c.png
b86d8fb4e244e24f341aa23b4e185f7f0e5ca3d4f73ec1a748e2e2a1f1645f9e,0,data/benign_original/benign/b86d8fb4e244e24f341aa23b4e185f7f0e5ca3d4f73ec1a748e2e2a1f1645f9e.png
b86e15ac4809088d1edb2b77bc0c892b83f19b058fff28100ef16f0a84e3c662,0,data/benign_original/benign/b86e15ac4809088d1edb2b77bc0c892b83f19b058fff28100ef16f0a84e3c662.png
b872a7a909e26e6fa6db3f504eda74e08388e238c05f5113f3b3c28d31485dde,0,data/benign_original/benign/b872a7a909e26e6fa6db3f504eda74e08388e238c05f5113f3b3c28d31485dde.png
b87a5b63ce6a27c31b22feb408f23b5fbd586e9fb0b8622c87bdc5f02e59b001,0,data/benign_original/benign/b87a5b63ce6a27c31b22feb408f23b5fbd586e9fb0b8622c87bdc5f02e59b001.png
b886719afffe44dae835e6b085507aff801da237d2fccde2176ac0ff88988bf4,0,data/benign_original/benign/b886719afffe44dae835e6b085507aff801da237d2fccde2176ac0ff88988bf4.png
b88ef64ce86116488aeb82ea0e0d89776d00b174014e9a3c78a130eab894b56a,0,data/benign_original/benign/b88ef64ce86116488aeb82ea0e0d89776d00b174014e9a3c78a130eab894b56a.png
b894cc17eb82a294e7b4f41b4e8b7aefd9e8acd5230d01b3f7d948b71066bf43,0,data/benign_original/benign/b894cc17eb82a294e7b4f41b4e8b7aefd9e8acd5230d01b3f7d948b71066bf43.png
b8950c90d698ff0b76c1db350347c35deff6ab1454dd76850eed455b8db5b8d3,0,data/benign_original/benign/b8950c90d698ff0b76c1db350347c35deff6ab1454dd76850eed455b8db5b8d3.png
b89a617646199ae886279aa1d0ff836c0aa611c2e5f53c82ce9d7b1c3ee0b451,0,data/benign_original/benign/b89a617646199ae886279aa1d0ff836c0aa611c2e5f53c82ce9d7b1c3ee0b451.png
b8a91bec1fbb34606ed5326aad78af0d07c7915be86cfd595cc4c222504e98b1,0,data/benign_original/benign/b8a91bec1fbb34606ed5326aad78af0d07c7915be86cfd595cc4c222504e98b1.png
b8acc56e87437e2dfbb6dfac36b99ee41562da1727dbc95535c2cd8ed3a538ad,0,data/benign_original/benign/b8acc56e87437e2dfbb6dfac36b99ee41562da1727dbc95535c2cd8ed3a538ad.png
b8af7c6804ef53a3cafd34d96b3a94e11fb4b9b90aaf9644b41eb7f4123d8f29,0,data/benign_original/benign/b8af7c6804ef53a3cafd34d96b3a94e11fb4b9b90aaf9644b41eb7f4123d8f29.png
b8b13e80b85787367fc3130fa98f7243baec3596ea69b7504feee8aa4db5ce9c,0,data/benign_original/benign/b8b13e80b85787367fc3130fa98f7243baec3596ea69b7504feee8aa4db5ce9c.png
b8bb2badff1dec2680e9a3bda473c30c42ab2db9ea9be1280619ea917d4b012e,0,data/benign_original/benign/b8bb2badff1dec2680e9a3bda473c30c42ab2db9ea9be1280619ea917d4b012e.png
b8c972ad3d2ebc69cecdf83e8bd7d27332dacecc07f94545907dcc89aea2d5b9,0,data/benign_original/benign/b8c972ad3d2ebc69cecdf83e8bd7d27332dacecc07f94545907dcc89aea2d5b9.png
b8ca89d876f361e5147c0ab1ac6e1d64e99696c270223a27db8fa68384c5e1cc,0,data/benign_original/benign/b8ca89d876f361e5147c0ab1ac6e1d64e99696c270223a27db8fa68384c5e1cc.png
b8e44c2a0d3ee1d5ee398ef557f852b80fba132d239d8e982fbe73a64d030804,0,data/benign_original/benign/b8e44c2a0d3ee1d5ee398ef557f852b80fba132d239d8e982fbe73a64d030804.png
b8eb97c71f098a069cbd367aeaec484f5d87adfcd165c266dbdf8207da38898a,0,data/benign_original/benign/b8eb97c71f098a069cbd367aeaec484f5d87adfcd165c266dbdf8207da38898a.png
b8f1a129df74bd4304793753fcb24c6ecbfcc9f60b5f587f5839317cc33d3afd,0,data/benign_original/benign/b8f1a129df74bd4304793753fcb24c6ecbfcc9f60b5f587f5839317cc33d3afd.png
b8f322652153ca2ef212394bc7e13f10025515a956b902d0e06529aa8cfc9320,0,data/benign_original/benign/b8f322652153ca2ef212394bc7e13f10025515a956b902d0e06529aa8cfc9320.png
b90436dfe31ea0c909085d0f201ff5e84208f9200be0b1ce397e7d12d9257706,0,data/benign_original/benign/b90436dfe31ea0c909085d0f201ff5e84208f9200be0b1ce397e7d12d9257706.png
b911d8d1debedd47b9c599e62b24a27405441a12ee8b7d749e56b59ee53d4fba,0,data/benign_original/benign/b911d8d1debedd47b9c599e62b24a27405441a12ee8b7d749e56b59ee53d4fba.png
b91e8b3d8835f03f2eb11fd159267bbc01eec23e0ac127fec340968da4f79249,0,data/benign_original/benign/b91e8b3d8835f03f2eb11fd159267bbc01eec23e0ac127fec340968da4f79249.png
b9219b7a4b54d4f48295d362b682720d84da9953fbd8294cc89ea7a2b8179570,0,data/benign_original/benign/b9219b7a4b54d4f48295d362b682720d84da9953fbd8294cc89ea7a2b8179570.png
b92aa28952ae0ff7dc85fbce0c93c78ce0fe7aefa9dbc259e9aeb831e20a0f3e,0,data/benign_original/benign/b92aa28952ae0ff7dc85fbce0c93c78ce0fe7aefa9dbc259e9aeb831e20a0f3e.png
b93c1b38b33a60ffc61b216835ea445dc36e726ff775258de6a4c6408001fddf,0,data/benign_original/benign/b93c1b38b33a60ffc61b216835ea445dc36e726ff775258de6a4c6408001fddf.png
b93e85515c01ec2f6430d3aa2f2367292f87197896acc812e0bc196a062f37f3,0,data/benign_original/benign/b93e85515c01ec2f6430d3aa2f2367292f87197896acc812e0bc196a062f37f3.png
b946670ad026f5126203ff60091e2621988b347591f07130300dcabdbafbb949,0,data/benign_original/benign/b946670ad026f5126203ff60091e2621988b347591f07130300dcabdbafbb949.png
b9481d2049fea73e51f5bc6c67aa9f3cb82d8e2e1a44785364cc19eed1f9638f,0,data/benign_original/benign/b9481d2049fea73e51f5bc6c67aa9f3cb82d8e2e1a44785364cc19eed1f9638f.png
b94bf349556996fad360a4bc1f9ff2213e05956cfdc639d1f9c2ce993d7ac3ef,0,data/benign_original/benign/b94bf349556996fad360a4bc1f9ff2213e05956cfdc639d1f9c2ce993d7ac3ef.png
b955d0e5956a0cfc4154ea0c4d83f946a56193e40638a814c1c7d0c597be7c2a,0,data/benign_original/benign/b955d0e5956a0cfc4154ea0c4d83f946a56193e40638a814c1c7d0c597be7c2a.png
b98b38c9e78397f1043a8ce73c00d7a4943dad181db6f80315a82067eedd8007,0,data/benign_original/benign/b98b38c9e78397f1043a8ce73c00d7a4943dad181db6f80315a82067eedd8007.png
b99eb28a471311113f5c4109cb3c463f39cfd9bdb3b07f706204dedddb4516a1,0,data/benign_original/benign/b99eb28a471311113f5c4109cb3c463f39cfd9bdb3b07f706204dedddb4516a1.png
b9a08d40ae4f6215a5cfcd3ee36c589e67f59ed7970cf54245ac5a8753d03480,0,data/benign_original/benign/b9a08d40ae4f6215a5cfcd3ee36c589e67f59ed7970cf54245ac5a8753d03480.png
b9a43374c780b58f56575b4af88eac241089b32df2a8d9458d12ac2f1a68b9e2,0,data/benign_original/benign/b9a43374c780b58f56575b4af88eac241089b32df2a8d9458d12ac2f1a68b9e2.png
b9a7a9d9026e039a53301e8f9667488d82a0defbbf63af92e98d266a120abeec,0,data/benign_original/benign/b9a7a9d9026e039a53301e8f9667488d82a0defbbf63af92e98d266a120abeec.png
b9b08210a4d823ce9abff48e46a7e9044258756a1f526f17eb2d821f107c2cde,0,data/benign_original/benign/b9b08210a4d823ce9abff48e46a7e9044258756a1f526f17eb2d821f107c2cde.png
b9b6671664875e33d44b31407249029c7bcedbf8083038504c6498841183c9e3,0,data/benign_original/benign/b9b6671664875e33d44b31407249029c7bcedbf8083038504c6498841183c9e3.png
b9c7509ebbeae6d496fbb90d16dca2bcdac8db1288fd7c0ffa4b8ebe2f3eac5f,0,data/benign_original/benign/b9c7509ebbeae6d496fbb90d16dca2bcdac8db1288fd7c0ffa4b8ebe2f3eac5f.png
b9d5b3d8bdd0e3f5fe92c306dd5ca0fddd8f95fb4ef746e30b089ec33748dbdb,0,data/benign_original/benign/b9d5b3d8bdd0e3f5fe92c306dd5ca0fddd8f95fb4ef746e30b089ec33748dbdb.png
b9ff1530b1fcca85017cf781a1575f3fa1771b640f5f42a6451c71ea8e876acf,0,data/benign_original/benign/b9ff1530b1fcca85017cf781a1575f3fa1771b640f5f42a6451c71ea8e876acf.png
ba18217a97d8cc0c19f443e335b949ac29dd6da3f384643d3ca02d8ae497dd77,0,data/benign_original/benign/ba18217a97d8cc0c19f443e335b949ac29dd6da3f384643d3ca02d8ae497dd77.png
ba1b7aac3b42653e575b58d26a38c095e0174252d7c362fe814f63489148c5ce,0,data/benign_original/benign/ba1b7aac3b42653e575b58d26a38c095e0174252d7c362fe814f63489148c5ce.png
ba1c42cbe3d349ffe0744fb1739b5544a3ade3f14613645c381a3cd236f19fb1,0,data/benign_original/benign/ba1c42cbe3d349ffe0744fb1739b5544a3ade3f14613645c381a3cd236f19fb1.png
ba1d23cae91d964915bcd748d92c0eb1bf1401effbed075deb7fcf7178f156e1,0,data/benign_original/benign/ba1d23cae91d964915bcd748d92c0eb1bf1401effbed075deb7fcf7178f156e1.png
ba2d6be9f8aa8f43a070e4f38b22664cd78502e7de1dd3f4d61bb9e39b540c11,0,data/benign_original/benign/ba2d6be9f8aa8f43a070e4f38b22664cd78502e7de1dd3f4d61bb9e39b540c11.png
ba2edae9a33c03b53c67b7da4503c7b961d5c5eaa3a8fefc7c99a78e8606ebe3,0,data/benign_original/benign/ba2edae9a33c03b53c67b7da4503c7b961d5c5eaa3a8fefc7c99a78e8606ebe3.png
ba33e01c7b05251aacb3b01d1a435bf67b6adedfa0b2394989221998fbee87c3,0,data/benign_original/benign/ba33e01c7b05251aacb3b01d1a435bf67b6adedfa0b2394989221998fbee87c3.png
ba38afcb6bdaeb913178b81bd1e2801a362b4a82f443b12d0126e0cd5a2375c0,0,data/benign_original/benign/ba38afcb6bdaeb913178b81bd1e2801a362b4a82f443b12d0126e0cd5a2375c0.png
ba4bbcae43d8c4096f0ff2b63d7e229c500fbd6e43b5f3804dec8a90e2a19526,0,data/benign_original/benign/ba4bbcae43d8c4096f0ff2b63d7e229c500fbd6e43b5f3804dec8a90e2a19526.png
ba576980f8a3a8fd4c81c5f845fff71d61c1d1ef23f6a2a30e049b76e15a710e,0,data/benign_original/benign/ba576980f8a3a8fd4c81c5f845fff71d61c1d1ef23f6a2a30e049b76e15a710e.png
ba64f2a03e26387478f15329a91ccd5f96cfe95774aca64e4896fef13119863f,0,data/benign_original/benign/ba64f2a03e26387478f15329a91ccd5f96cfe95774aca64e4896fef13119863f.png
ba6ac1b3156d4793cceb8c763b868e162e316b2c082e8daad97665de494f5a06,0,data/benign_original/benign/ba6ac1b3156d4793cceb8c763b868e162e316b2c082e8daad97665de494f5a06.png
ba8f54deeb0443d5d0f8cc0775333e0bef94f411e18aaae60e36330b05524b7a,0,data/benign_original/benign/ba8f54deeb0443d5d0f8cc0775333e0bef94f411e18aaae60e36330b05524b7a.png
ba8f8eec63856153897b1fdf960577f2a506ca7705c4a06554033305a4b98ceb,0,data/benign_original/benign/ba8f8eec63856153897b1fdf960577f2a506ca7705c4a06554033305a4b98ceb.png
ba9450141945064d581a5753d2271899f5e6bdf3dfa4e0d2c57c0a481fbbacd5,0,data/benign_original/benign/ba9450141945064d581a5753d2271899f5e6bdf3dfa4e0d2c57c0a481fbbacd5.png
ba980dff8786cbc89ad8b69219d1682e9d9b756284ff165a0316d53d0dc0e2a3,0,data/benign_original/benign/ba980dff8786cbc89ad8b69219d1682e9d9b756284ff165a0316d53d0dc0e2a3.png
baa3a7cf019085b61a19428dcc6dd9cdc8849cef907490ae50fe34733e6dfb16,0,data/benign_original/benign/baa3a7cf019085b61a19428dcc6dd9cdc8849cef907490ae50fe34733e6dfb16.png
babfc4eaf929f682c85e5f5d720d6360c6c6648e1beb4db8de371333a067677f,0,data/benign_original/benign/babfc4eaf929f682c85e5f5d720d6360c6c6648e1beb4db8de371333a067677f.png
bad6097f663eef50b93cfe546a69cc7a3eab752bf17d33faa14ec36a1f5003f3,0,data/benign_original/benign/bad6097f663eef50b93cfe546a69cc7a3eab752bf17d33faa14ec36a1f5003f3.png
bae1b89fba8d2ca0606a60eba9205ee19b13c715d1fcfe11b1548a54d0ac990d,0,data/benign_original/benign/bae1b89fba8d2ca0606a60eba9205ee19b13c715d1fcfe11b1548a54d0ac990d.png
bae4c6ce281a4a3da4c10b77722ff7b136e7a5dcf27b97e1dedd60e4b345929d,0,data/benign_original/benign/bae4c6ce281a4a3da4c10b77722ff7b136e7a5dcf27b97e1dedd60e4b345929d.png
bae6cc8416d88489e4df47936f7b1909981b7fffdb7e68aed01e074f7bf4a50b,0,data/benign_original/benign/bae6cc8416d88489e4df47936f7b1909981b7fffdb7e68aed01e074f7bf4a50b.png
baed21616ff491ba585f7f08b87976f3374d9a576b85a1b84ed33e2c05180e20,0,data/benign_original/benign/baed21616ff491ba585f7f08b87976f3374d9a576b85a1b84ed33e2c05180e20.png
baf7d37faece4225f43376cfd19cc2a0cf3b0d7d8390c37ab3ebb7e39949acd6,0,data/benign_original/benign/baf7d37faece4225f43376cfd19cc2a0cf3b0d7d8390c37ab3ebb7e39949acd6.png
baf97b076533cd82aa7b4c27825db7a782a053804bbcdadd8905e19b6f653bd6,0,data/benign_original/benign/baf97b076533cd82aa7b4c27825db7a782a053804bbcdadd8905e19b6f653bd6.png
bb13a981b2537e60e86ffcc1e55706a1e5b3814b03194ef859a1816e7a3c667a,0,data/benign_original/benign/bb13a981b2537e60e86ffcc1e55706a1e5b3814b03194ef859a1816e7a3c667a.png
bb1b77addf64c351e3f646bd7c5591c466e9f6dd810bf3352fd047cacd54994a,0,data/benign_original/benign/bb1b77addf64c351e3f646bd7c5591c466e9f6dd810bf3352fd047cacd54994a.png
bb2e015b6989879b977213ef2642e86ab19d0048a452fbf81e8215249d0c1a80,0,data/benign_original/benign/bb2e015b6989879b977213ef2642e86ab19d0048a452fbf81e8215249d0c1a80.png
bb5bca374fe68312cc585a553092c3b0072cf6b550aeaf366c7288e5cd68d297,0,data/benign_original/benign/bb5bca374fe68312cc585a553092c3b0072cf6b550aeaf366c7288e5cd68d297.png
bb6003e6f7b67de9386bcee8196fa2c888953677f6a115eff50d46aa774deaeb,0,data/benign_original/benign/bb6003e6f7b67de9386bcee8196fa2c888953677f6a115eff50d46aa774deaeb.png
bb628386d31f0706c925d7fdd09d99495de77790e39ad046ea696a5f27c217c3,0,data/benign_original/benign/bb628386d31f0706c925d7fdd09d99495de77790e39ad046ea696a5f27c217c3.png
bb712f6a30b109b6defc87e0e56ebb199f1f888c0252b7aa5b9515dd16ba706d,0,data/benign_original/benign/bb712f6a30b109b6defc87e0e56ebb199f1f888c0252b7aa5b9515dd16ba706d.png
bb7484c6d7267b23691cd878da6417b298557195905d0210535ce83c608a4177,0,data/benign_original/benign/bb7484c6d7267b23691cd878da6417b298557195905d0210535ce83c608a4177.png
bb7d7415348d8005640e0fba45fe41ffcac8e07dd8a8e82b43b28bc9a40d138b,0,data/benign_original/benign/bb7d7415348d8005640e0fba45fe41ffcac8e07dd8a8e82b43b28bc9a40d138b.png
bb7db177646fc9f72f78cb73ad0d7c665df2bb340ddedea0f6b62469feeda5d9,0,data/benign_original/benign/bb7db177646fc9f72f78cb73ad0d7c665df2bb340ddedea0f6b62469feeda5d9.png
bb891c00946707603e00cfe20ab3c6175d51d6c568f04e61e3161dd392895926,0,data/benign_original/benign/bb891c00946707603e00cfe20ab3c6175d51d6c568f04e61e3161dd392895926.png
bb972818c62a4055d968557a0b1589b45c0722632b257a003d3318222e744b3d,0,data/benign_original/benign/bb972818c62a4055d968557a0b1589b45c0722632b257a003d3318222e744b3d.png
bb9dd4a326ea63c7a74f7d49932014396824ddf22f88ac6431db103f5884aa9d,0,data/benign_original/benign/bb9dd4a326ea63c7a74f7d49932014396824ddf22f88ac6431db103f5884aa9d.png
bb9e021568b98d6e432f84365fd7de3ff82caa7286b3ca19c975d56d6e299e2b,0,data/benign_original/benign/bb9e021568b98d6e432f84365fd7de3ff82caa7286b3ca19c975d56d6e299e2b.png
bb9e42432283f07c8d7b9c2b5f9a72fb8178e5c5bad48a541be9ccee91ad8660,0,data/benign_original/benign/bb9e42432283f07c8d7b9c2b5f9a72fb8178e5c5bad48a541be9ccee91ad8660.png
bba068f29609630e8c6547f1e9219e11077426c4f1e4a93b712bfba11a149358,0,data/benign_original/benign/bba068f29609630e8c6547f1e9219e11077426c4f1e4a93b712bfba11a149358.png
bba0a97a71cce8e07936ef644b34bfd142fa06bd5a3e00c4affbf0596ceddf46,0,data/benign_original/benign/bba0a97a71cce8e07936ef644b34bfd142fa06bd5a3e00c4affbf0596ceddf46.png
bba79478c1ff8498a9e6521d9e64ef82d51172416e2b6f94098c5e4726de8bee,0,data/benign_original/benign/bba79478c1ff8498a9e6521d9e64ef82d51172416e2b6f94098c5e4726de8bee.png
bbaeaa27a698c4da95a6032dc90f26563b9ae914692ee07606eca635046b7394,0,data/benign_original/benign/bbaeaa27a698c4da95a6032dc90f26563b9ae914692ee07606eca635046b7394.png
bbb586e7f1495a9a961d691de4aabd71d07666ae6f4c0fe19d0bd7f86895ccd2,0,data/benign_original/benign/bbb586e7f1495a9a961d691de4aabd71d07666ae6f4c0fe19d0bd7f86895ccd2.png
bbca17d6bf50588b5f42d7030e6dfd1933cb8f265120f94c4ef6db04e56def3d,0,data/benign_original/benign/bbca17d6bf50588b5f42d7030e6dfd1933cb8f265120f94c4ef6db04e56def3d.png
bbd0e728df91f29e0b438f6d16898dbd6ffb0c52eeaae8669decfde759fbef33,0,data/benign_original/benign/bbd0e728df91f29e0b438f6d16898dbd6ffb0c52eeaae8669decfde759fbef33.png
bbd38f1a9269dc148f4db68e0fc49b3780c4a73c607f1b193b7a46b75680a19b,0,data/benign_original/benign/bbd38f1a9269dc148f4db68e0fc49b3780c4a73c607f1b193b7a46b75680a19b.png
bbe49e5a78839ff45e810d4d0e99457d0421f9dd03b08f00a8cdbe750a21a07f,0,data/benign_original/benign/bbe49e5a78839ff45e810d4d0e99457d0421f9dd03b08f00a8cdbe750a21a07f.png
bbf0a6f1143d74b1fc69a3f13b0e9ee238ac1c68072b89d17714848205095d98,0,data/benign_original/benign/bbf0a6f1143d74b1fc69a3f13b0e9ee238ac1c68072b89d17714848205095d98.png
bbf23d57bee1cf498f101d2a6dc52116a28d31ab9231c6858f5f1f9824bd5cac,0,data/benign_original/benign/bbf23d57bee1cf498f101d2a6dc52116a28d31ab9231c6858f5f1f9824bd5cac.png
bbf459d1ddd748dbef2709e0ad6c2003b40097c9495ac02dd641db9a7d4f86b2,0,data/benign_original/benign/bbf459d1ddd748dbef2709e0ad6c2003b40097c9495ac02dd641db9a7d4f86b2.png
bbf7fd726d63b469fc4304ab10071f847f5518dfe4350bbeaf19889c56a39cc0,0,data/benign_original/benign/bbf7fd726d63b469fc4304ab10071f847f5518dfe4350bbeaf19889c56a39cc0.png
bbf901783f8e0029f7bd06497c5720c14d4aa782f5d0e6f4fc233fad50c7592d,0,data/benign_original/benign/bbf901783f8e0029f7bd06497c5720c14d4aa782f5d0e6f4fc233fad50c7592d.png
bc01329d342799768a069c01c99a54f33f8c3b302f26a0a073e1520d8fdedfa1,0,data/benign_original/benign/bc01329d342799768a069c01c99a54f33f8c3b302f26a0a073e1520d8fdedfa1.png
bc099dad0c9b920d7670d7923bd10632f082e66c2996a8fa1c503d6479543012,0,data/benign_original/benign/bc099dad0c9b920d7670d7923bd10632f082e66c2996a8fa1c503d6479543012.png
bc0d87a0364a004315863a36647a122fb72821d944d465a02bcb545c899034f0,0,data/benign_original/benign/bc0d87a0364a004315863a36647a122fb72821d944d465a02bcb545c899034f0.png
bc0fb7d9efe3a5ca1cd7aa29d24f264be0f87249c54c4b5d738a01f2f85f77d1,0,data/benign_original/benign/bc0fb7d9efe3a5ca1cd7aa29d24f264be0f87249c54c4b5d738a01f2f85f77d1.png
bc0fcfde59b1dbcb05a429187a670dd050d70dc5a19871c1435b7e09daff95ad,0,data/benign_original/benign/bc0fcfde59b1dbcb05a429187a670dd050d70dc5a19871c1435b7e09daff95ad.png
bc12998f0c35793ce3597802dec50a30e468e39095bf7edc3429d658a32c686d,0,data/benign_original/benign/bc12998f0c35793ce3597802dec50a30e468e39095bf7edc3429d658a32c686d.png
bc13c0433494e16240178347148deb9cec3a7737566697cf35ff10405604cda8,0,data/benign_original/benign/bc13c0433494e16240178347148deb9cec3a7737566697cf35ff10405604cda8.png
bc13f7186d69f0c4a499b972b5efce5d687b3a3b91467a9152b35e84e9a5622e,0,data/benign_original/benign/bc13f7186d69f0c4a499b972b5efce5d687b3a3b91467a9152b35e84e9a5622e.png
bc22d1ac7a12ddb061f5cd25dd61decd10c0e4f422b5721ca6b85be2785daff7,0,data/benign_original/benign/bc22d1ac7a12ddb061f5cd25dd61decd10c0e4f422b5721ca6b85be2785daff7.png
bc2aaf31c577fa5a76f40198aec4c8bdb1faa2c5adf99ef860dc6d6a800e9449,0,data/benign_original/benign/bc2aaf31c577fa5a76f40198aec4c8bdb1faa2c5adf99ef860dc6d6a800e9449.png
bc2c7efd52c5bf47d96a29426641e3e1660d5ffc6399e7247d34b9a1baa5da1c,0,data/benign_original/benign/bc2c7efd52c5bf47d96a29426641e3e1660d5ffc6399e7247d34b9a1baa5da1c.png
bc2f9fa16c1899e8d92a5d3a3f7dfbdbb9a1fc124e252259f2d86f207c2b09d4,0,data/benign_original/benign/bc2f9fa16c1899e8d92a5d3a3f7dfbdbb9a1fc124e252259f2d86f207c2b09d4.png
bc3138f4d647b97650debf39c217f2bc5d95d0329f3f563fa5d37e312dd1390a,0,data/benign_original/benign/bc3138f4d647b97650debf39c217f2bc5d95d0329f3f563fa5d37e312dd1390a.png
bc32683dfcade6f05a4f6ba92e1c20a3a3ad1fe038ab57ae4f343905f4ef5578,0,data/benign_original/benign/bc32683dfcade6f05a4f6ba92e1c20a3a3ad1fe038ab57ae4f343905f4ef5578.png
bc3f6146438d7567a83db372368713244ff32629d682eab61398555c2fbf5ec1,0,data/benign_original/benign/bc3f6146438d7567a83db372368713244ff32629d682eab61398555c2fbf5ec1.png
bc484e98510a758f2ae7f28bfd0c7f0dd29596dac6475656b725af824adc59b4,0,data/benign_original/benign/bc484e98510a758f2ae7f28bfd0c7f0dd29596dac6475656b725af824adc59b4.png
bc4bee8ba6d1987b9d362bae399846e1194ac9eea83579a70b2737284f20b5e2,0,data/benign_original/benign/bc4bee8ba6d1987b9d362bae399846e1194ac9eea83579a70b2737284f20b5e2.png
bc4c53d3a61b6288862fe48b6557d9d71e23aa33aa019e42a4eeefd48ce38d19,0,data/benign_original/benign/bc4c53d3a61b6288862fe48b6557d9d71e23aa33aa019e42a4eeefd48ce38d19.png
bc53fb2273a7904c9e958672157c59574ca9f3b3fa274d5e44b9f65680153a1f,0,data/benign_original/benign/bc53fb2273a7904c9e958672157c59574ca9f3b3fa274d5e44b9f65680153a1f.png
bc577fee9736868cceb79c52b7fdd4888d1bf2d86034053cf92304aea0585311,0,data/benign_original/benign/bc577fee9736868cceb79c52b7fdd4888d1bf2d86034053cf92304aea0585311.png
bc58fe33d6b771742c69b2f6c75c9443d77d5749b98039cb32b1365ad086b291,0,data/benign_original/benign/bc58fe33d6b771742c69b2f6c75c9443d77d5749b98039cb32b1365ad086b291.png
bc6c8e3b667828e3deb4e0d89baa5400af680421ab2d2d886880ea3fe704707d,0,data/benign_original/benign/bc6c8e3b667828e3deb4e0d89baa5400af680421ab2d2d886880ea3fe704707d.png
bc82d5847279cc27a0b1ff10cacf6a391f43dea85ccab00daf6a93d9ac9012a3,0,data/benign_original/benign/bc82d5847279cc27a0b1ff10cacf6a391f43dea85ccab00daf6a93d9ac9012a3.png
bc88f575ecdd166d830484629cb200f48c7db828dd328f0a9879f87a741a48db,0,data/benign_original/benign/bc88f575ecdd166d830484629cb200f48c7db828dd328f0a9879f87a741a48db.png
bcac93eada95f030e60b4cdfb693589019dcb76b0aa037d5e71bb004d1b4d0f9,0,data/benign_original/benign/bcac93eada95f030e60b4cdfb693589019dcb76b0aa037d5e71bb004d1b4d0f9.png
bcae65e9986c56de90a65da9bb65223fa888abc3b002705f60c7fc78f4eda00c,0,data/benign_original/benign/bcae65e9986c56de90a65da9bb65223fa888abc3b002705f60c7fc78f4eda00c.png
bcb1c1c7d445a0367bde6a6baaecc48a160762079175108dac8ae4ae64ae57fb,0,data/benign_original/benign/bcb1c1c7d445a0367bde6a6baaecc48a160762079175108dac8ae4ae64ae57fb.png
bcb47067eb896552d00c91fed1ac20a57239cf0905a8b56cfb478f432f340bcc,0,data/benign_original/benign/bcb47067eb896552d00c91fed1ac20a57239cf0905a8b56cfb478f432f340bcc.png
bcba1e02e54c18224ddba76e1a980a212819a619f1aca68f2d0fc463140e5260,0,data/benign_original/benign/bcba1e02e54c18224ddba76e1a980a212819a619f1aca68f2d0fc463140e5260.png
bcbaa49caa84fddb1297cd400418aceff4d18d3a0bc75f12910fd0192203eb44,0,data/benign_original/benign/bcbaa49caa84fddb1297cd400418aceff4d18d3a0bc75f12910fd0192203eb44.png
bcbf641825ea305b819a4189d7680700ccd01b9622e52c1db7466caad47946e0,0,data/benign_original/benign/bcbf641825ea305b819a4189d7680700ccd01b9622e52c1db7466caad47946e0.png
bcc113846908d0f24ebddef7c1d859931769c65f880228b96aacfe9578751f76,0,data/benign_original/benign/bcc113846908d0f24ebddef7c1d859931769c65f880228b96aacfe9578751f76.png
bcc32febaeb808e57310e87a09b3413b7186e4784258a2ac0480ef3deca7f6fc,0,data/benign_original/benign/bcc32febaeb808e57310e87a09b3413b7186e4784258a2ac0480ef3deca7f6fc.png
bcc55b259081974c1328bb632d7427f46ee67dce8c1576ea4612fed6b93d0d49,0,data/benign_original/benign/bcc55b259081974c1328bb632d7427f46ee67dce8c1576ea4612fed6b93d0d49.png
bcd7714babe4f858e259eed0e70e17d69a85bb94e9857e207354a3cc92afc061,0,data/benign_original/benign/bcd7714babe4f858e259eed0e70e17d69a85bb94e9857e207354a3cc92afc061.png
bce26dac22dd44e0cec4ba430e5c647f7496ed586cc22ab9ae0b99f24565fedd,0,data/benign_original/benign/bce26dac22dd44e0cec4ba430e5c647f7496ed586cc22ab9ae0b99f24565fedd.png
bcecadf2912a040b953389d6d6223f96ff87386370c2acd6a0a0e790fa8609ed,0,data/benign_original/benign/bcecadf2912a040b953389d6d6223f96ff87386370c2acd6a0a0e790fa8609ed.png
bcef2a6fa63665d1ebe119a8f12ad31062a09e22a37c75cc9de5479d1cc6763d,0,data/benign_original/benign/bcef2a6fa63665d1ebe119a8f12ad31062a09e22a37c75cc9de5479d1cc6763d.png
bcf3012a44b448402166bbab661a9fbca7f9e3c11ad17b3f96a54bbbb82bb235,0,data/benign_original/benign/bcf3012a44b448402166bbab661a9fbca7f9e3c11ad17b3f96a54bbbb82bb235.png
bd0546715d8eb52e3cae99aca13b266646a923a5892a60304902f9ece1610faa,0,data/benign_original/benign/bd0546715d8eb52e3cae99aca13b266646a923a5892a60304902f9ece1610faa.png
bd0f479d25efdff29a2fb8724675d98ee2d557a1b5d8b555b2b39108f1a46ce0,0,data/benign_original/benign/bd0f479d25efdff29a2fb8724675d98ee2d557a1b5d8b555b2b39108f1a46ce0.png
bd1672fb56a995cc5f0502bab002b1d315b604058ba699759cd9ad865691ebf8,0,data/benign_original/benign/bd1672fb56a995cc5f0502bab002b1d315b604058ba699759cd9ad865691ebf8.png
bd1e8f679f50032dd7fffbd31ec03db72db72f13d0e3b13ddfae1166f08e7140,0,data/benign_original/benign/bd1e8f679f50032dd7fffbd31ec03db72db72f13d0e3b13ddfae1166f08e7140.png
bd25be3e9be3814e76ab83bb2ae859d209ec7bd56951da015bb763017bc2d3ee,0,data/benign_original/benign/bd25be3e9be3814e76ab83bb2ae859d209ec7bd56951da015bb763017bc2d3ee.png
bd275f25b96e610bc657eae9b8b166defd7e1ec2d6d86f72127eab7a56319045,0,data/benign_original/benign/bd275f25b96e610bc657eae9b8b166defd7e1ec2d6d86f72127eab7a56319045.png
bd36c1b4ea43c6b7e9f2193393c3dc7de90aef516691ab61ed0a61cc8f7265c9,0,data/benign_original/benign/bd36c1b4ea43c6b7e9f2193393c3dc7de90aef516691ab61ed0a61cc8f7265c9.png
bd44ac38650e552afeb2c9e1836f3a4e1ac496af782f71b1638d41e58399292e,0,data/benign_original/benign/bd44ac38650e552afeb2c9e1836f3a4e1ac496af782f71b1638d41e58399292e.png
bd5a69a9c5a213a0d48f8aa335c4d111629bffc9678610a449f8b1aea55da018,0,data/benign_original/benign/bd5a69a9c5a213a0d48f8aa335c4d111629bffc9678610a449f8b1aea55da018.png
bd5bbec78bf861fee663de7c4f2d57af2fcaa6d64e37609a019d939b6cc83fb6,0,data/benign_original/benign/bd5bbec78bf861fee663de7c4f2d57af2fcaa6d64e37609a019d939b6cc83fb6.png
bd612f120493d5b295283032cb7ec45e82c12647dedc9c12651c2ec6e3791038,0,data/benign_original/benign/bd612f120493d5b295283032cb7ec45e82c12647dedc9c12651c2ec6e3791038.png
bd61c877b1532d8a4303903bc85cfa1caee8fd737d741755b0a247736a8e11d1,0,data/benign_original/benign/bd61c877b1532d8a4303903bc85cfa1caee8fd737d741755b0a247736a8e11d1.png
bd6a202d9730d8604bbecf64a1a39b671ac4b7e1ecf0542d948f00bdb87ecc90,0,data/benign_original/benign/bd6a202d9730d8604bbecf64a1a39b671ac4b7e1ecf0542d948f00bdb87ecc90.png
bd7a99c9546cb96972a0791127f98fd790de0408b693e73be5f3930fffeb8132,0,data/benign_original/benign/bd7a99c9546cb96972a0791127f98fd790de0408b693e73be5f3930fffeb8132.png
bd81cf5c9b127519dbeb284e699e9d7545ee1130e655fd6a4e66b959e9d9aaac,0,data/benign_original/benign/bd81cf5c9b127519dbeb284e699e9d7545ee1130e655fd6a4e66b959e9d9aaac.png
bd9e07bbc62ce82dbc30c23069a17fbfa17f1c26a9c19e50fe754d494e6cd0b1,0,data/benign_original/benign/bd9e07bbc62ce82dbc30c23069a17fbfa17f1c26a9c19e50fe754d494e6cd0b1.png
bda6c30b77a9db0519ffb63b56f6333001fa9acb8fd9a3bcd5ae21a1671e7a93,0,data/benign_original/benign/bda6c30b77a9db0519ffb63b56f6333001fa9acb8fd9a3bcd5ae21a1671e7a93.png
bdb6ae1627c59edd8ac5c78aa530e427127301be02467fcb781ee884673c71b7,0,data/benign_original/benign/bdb6ae1627c59edd8ac5c78aa530e427127301be02467fcb781ee884673c71b7.png
bdb7f88489766e317f82c3a9e4171eac231e5d024b506b3f6aa2e0b927c8eb5c,0,data/benign_original/benign/bdb7f88489766e317f82c3a9e4171eac231e5d024b506b3f6aa2e0b927c8eb5c.png
bdc07097e100105c4289c73d72892451a4a9d5454c218e664b981f0b0051d320,0,data/benign_original/benign/bdc07097e100105c4289c73d72892451a4a9d5454c218e664b981f0b0051d320.png
bdc2e2e273cfaa7c65729a416d7d14d4894313dc4d8845333744cb7ee171f444,0,data/benign_original/benign/bdc2e2e273cfaa7c65729a416d7d14d4894313dc4d8845333744cb7ee171f444.png
bdc5e7b7f5eea86613fbbfa1cb704cd13f86d6ebe9a8324f5405a1096772c717,0,data/benign_original/benign/bdc5e7b7f5eea86613fbbfa1cb704cd13f86d6ebe9a8324f5405a1096772c717.png
bdcb940b3f2b6143a09200628e1d14fd54124c75abc1931baf2f8235fe2dcd77,0,data/benign_original/benign/bdcb940b3f2b6143a09200628e1d14fd54124c75abc1931baf2f8235fe2dcd77.png
bdcc23f4adea6cd81ed4b307526e68fc1bf5a6e688a611df79aeac821b40cffe,0,data/benign_original/benign/bdcc23f4adea6cd81ed4b307526e68fc1bf5a6e688a611df79aeac821b40cffe.png
bde0955f2179ff9d968c5580e9be571ffd33c40fbc02c56a15240aef634a8959,0,data/benign_original/benign/bde0955f2179ff9d968c5580e9be571ffd33c40fbc02c56a15240aef634a8959.png
bdeff15f8ed3e8866b8a032bf4d1176fc671112a70eb0cf11e2f96f54d2a2008,0,data/benign_original/benign/bdeff15f8ed3e8866b8a032bf4d1176fc671112a70eb0cf11e2f96f54d2a2008.png
be011da2f1ff875d0782e474cfbc5605be8ad67187121001d8916115fa7c7290,0,data/benign_original/benign/be011da2f1ff875d0782e474cfbc5605be8ad67187121001d8916115fa7c7290.png
be17558862e901bd1c2961ad4df84ce6701890b67e17504e5ff6e7ccf7cf0021,0,data/benign_original/benign/be17558862e901bd1c2961ad4df84ce6701890b67e17504e5ff6e7ccf7cf0021.png
be1761ddc193e8e1681ac708117a337b069bb0f0fc6c7e91e9f45173935b462f,0,data/benign_original/benign/be1761ddc193e8e1681ac708117a337b069bb0f0fc6c7e91e9f45173935b462f.png
be1e5a82d29437306a1bacb40bd2b658aa21a52adb85a6025144cba9e71714f3,0,data/benign_original/benign/be1e5a82d29437306a1bacb40bd2b658aa21a52adb85a6025144cba9e71714f3.png
be1f32400617e4191bb5345351123c56865437aa36f0a084de192870ee8597b2,0,data/benign_original/benign/be1f32400617e4191bb5345351123c56865437aa36f0a084de192870ee8597b2.png
be2145de3c0bdac0ff8be9799eb5c3983a06d58c9b29160d172711b2eec66ba2,0,data/benign_original/benign/be2145de3c0bdac0ff8be9799eb5c3983a06d58c9b29160d172711b2eec66ba2.png
be3901252d36d7ca9a0b65301f21631e31636c94f9578dc29f7529389a3b43c2,0,data/benign_original/benign/be3901252d36d7ca9a0b65301f21631e31636c94f9578dc29f7529389a3b43c2.png
be3d8e637b588fccc426c73b4cf2ce9abadce7fbfea88c5c1823dad1ec3badd8,0,data/benign_original/benign/be3d8e637b588fccc426c73b4cf2ce9abadce7fbfea88c5c1823dad1ec3badd8.png
be4193f4872526c416773ee1b1806370ca31dce84cb44637dab318c28258bb3a,0,data/benign_original/benign/be4193f4872526c416773ee1b1806370ca31dce84cb44637dab318c28258bb3a.png
be45bf94be32e9cf2cdc32d3f5b749cc2f5427b29004ea1ad9a11ae8b21bc842,0,data/benign_original/benign/be45bf94be32e9cf2cdc32d3f5b749cc2f5427b29004ea1ad9a11ae8b21bc842.png
be4769172efd32bf0facadcb190517e9a9c28aeb4823d2e3b73ff187070debd9,0,data/benign_original/benign/be4769172efd32bf0facadcb190517e9a9c28aeb4823d2e3b73ff187070debd9.png
be4a31df3806fd862a0bb59b583fd65ea510c8ef7c1ae03faf2ace8737a8b9cc,0,data/benign_original/benign/be4a31df3806fd862a0bb59b583fd65ea510c8ef7c1ae03faf2ace8737a8b9cc.png
be5b4ddf5750ba6f716f0b0424d69b591cc27a7fecdb350f48f31dffdebba72c,0,data/benign_original/benign/be5b4ddf5750ba6f716f0b0424d69b591cc27a7fecdb350f48f31dffdebba72c.png
be64e14666e3b5a9b51951943662186f9943fc163a11d4f19a2e792099704106,0,data/benign_original/benign/be64e14666e3b5a9b51951943662186f9943fc163a11d4f19a2e792099704106.png
be698793a51821501c5aa0b066d4fc02e943231adafb48f2edbeeb66d462cb01,0,data/benign_original/benign/be698793a51821501c5aa0b066d4fc02e943231adafb48f2edbeeb66d462cb01.png
be6992601a40a80e3cc35859132bf81afda880da575b20d3e44bf69d338cd2c4,0,data/benign_original/benign/be6992601a40a80e3cc35859132bf81afda880da575b20d3e44bf69d338cd2c4.png
be7e8f0b8cfcb76d945d0aa08fa88c271fe1a43dafd84075e32a6259fd85a171,0,data/benign_original/benign/be7e8f0b8cfcb76d945d0aa08fa88c271fe1a43dafd84075e32a6259fd85a171.png
be81804da3077e93880b506e3f3061403ce6bf9ce50b9c0fcc63bb50b4352369,0,data/benign_original/benign/be81804da3077e93880b506e3f3061403ce6bf9ce50b9c0fcc63bb50b4352369.png
be81e1d446bee336c7a7cedf43b178a6324445bf30544c867e1f9d5b4d30e66f,0,data/benign_original/benign/be81e1d446bee336c7a7cedf43b178a6324445bf30544c867e1f9d5b4d30e66f.png
be847e6a37f8736c3970080a0602c7e9d9fba88a1fd072e74bd2283385015873,0,data/benign_original/benign/be847e6a37f8736c3970080a0602c7e9d9fba88a1fd072e74bd2283385015873.png
bea4c5a07695e89586b789a786861688d2cb133eaf4aaf916129f601ace55918,0,data/benign_original/benign/bea4c5a07695e89586b789a786861688d2cb133eaf4aaf916129f601ace55918.png
beb80fe078d9edb3058f160ab2c28156501cd4dc940daca6c4481e999810bd4a,0,data/benign_original/benign/beb80fe078d9edb3058f160ab2c28156501cd4dc940daca6c4481e999810bd4a.png
bec9c1d7cf06f7c2c8fb9fda449c4dfc83b6a7a7aef9fd5e6c5ac70c26b130b3,0,data/benign_original/benign/bec9c1d7cf06f7c2c8fb9fda449c4dfc83b6a7a7aef9fd5e6c5ac70c26b130b3.png
becadaa1d7471d428c61270ff0a71b851f9d2598ccb4a8921b1ebcdc9985c659,0,data/benign_original/benign/becadaa1d7471d428c61270ff0a71b851f9d2598ccb4a8921b1ebcdc9985c659.png
bed1288ca78623b0e4e60b3ec935744784c3e4aa95b793e7ebf4c37164969920,0,data/benign_original/benign/bed1288ca78623b0e4e60b3ec935744784c3e4aa95b793e7ebf4c37164969920.png
bede3e335230ef4d0bbba7b7db49ca0e11413429a893172d42b8a21668363acb,0,data/benign_original/benign/bede3e335230ef4d0bbba7b7db49ca0e11413429a893172d42b8a21668363acb.png
bee96e481d7a5fb553cdbf243e664c960645bf050b2d25e6c20f813818bef6a2,0,data/benign_original/benign/bee96e481d7a5fb553cdbf243e664c960645bf050b2d25e6c20f813818bef6a2.png
bef6d2772e9400b3dc87f5e308f4e95cf31857e0865f75ed97107886a5f8c224,0,data/benign_original/benign/bef6d2772e9400b3dc87f5e308f4e95cf31857e0865f75ed97107886a5f8c224.png
bef91aedae6d6ba75124c957a1f986696d606fbce2aa8cc0c7810074da654037,0,data/benign_original/benign/bef91aedae6d6ba75124c957a1f986696d606fbce2aa8cc0c7810074da654037.png
bf0879424b60b366a6575a3c3ff167ecdf62ee79500e6143a2bc806e7a3a739d,0,data/benign_original/benign/bf0879424b60b366a6575a3c3ff167ecdf62ee79500e6143a2bc806e7a3a739d.png
bf0e887d0057745b2bd3225f74d50545a38c94b7e7f3fd96d7ad24ee1146f2de,0,data/benign_original/benign/bf0e887d0057745b2bd3225f74d50545a38c94b7e7f3fd96d7ad24ee1146f2de.png
bf11319eb6be15633e47ab8f247d1acc9a9ecdf37181fc0ddfe9388ab82ac90a,0,data/benign_original/benign/bf11319eb6be15633e47ab8f247d1acc9a9ecdf37181fc0ddfe9388ab82ac90a.png
bf162220f2b1ae2d08e1cce16f77a990b36a95e76e636171923b8a40f750cf19,0,data/benign_original/benign/bf162220f2b1ae2d08e1cce16f77a990b36a95e76e636171923b8a40f750cf19.png
bf1a88497d76965670d7e133bdacdc2819bc40175f671413b2760bc3779ff27f,0,data/benign_original/benign/bf1a88497d76965670d7e133bdacdc2819bc40175f671413b2760bc3779ff27f.png
bf2fefaff7fd4775ea1e07328cc3142721943948f16d261fb82cbd978b7f99e2,0,data/benign_original/benign/bf2fefaff7fd4775ea1e07328cc3142721943948f16d261fb82cbd978b7f99e2.png
bf32d8aea6faebe41b1454e4b80b5a3639ba2cd35a9715de25acd7f28bf6d4de,0,data/benign_original/benign/bf32d8aea6faebe41b1454e4b80b5a3639ba2cd35a9715de25acd7f28bf6d4de.png
bf37b95b0415387698a66a4a476ca08d5951846b6eb0f2451b39ce7f2443500f,0,data/benign_original/benign/bf37b95b0415387698a66a4a476ca08d5951846b6eb0f2451b39ce7f2443500f.png
bf39bfcb1c20b8689ac8bb630b08b32085180468d97db058be3e54b6d658a1b1,0,data/benign_original/benign/bf39bfcb1c20b8689ac8bb630b08b32085180468d97db058be3e54b6d658a1b1.png
bf4abbd6c8493a43e135ed4b711f0fc77b9677b72045ac61b9f771a092e2d842,0,data/benign_original/benign/bf4abbd6c8493a43e135ed4b711f0fc77b9677b72045ac61b9f771a092e2d842.png
bf4fd6dd1f51a128e14f274235fdb1a09c281ac09d5577e43d27283abe8c20ba,0,data/benign_original/benign/bf4fd6dd1f51a128e14f274235fdb1a09c281ac09d5577e43d27283abe8c20ba.png
bf55134f17b93d8ac4d8159a952bee17cb0c925f5256aa7f747c13e5f2d00661,0,data/benign_original/benign/bf55134f17b93d8ac4d8159a952bee17cb0c925f5256aa7f747c13e5f2d00661.png
bf57aeb29051fa72b1e60b0030a2781ad57644495babbd218e324d4cdd1c93ac,0,data/benign_original/benign/bf57aeb29051fa72b1e60b0030a2781ad57644495babbd218e324d4cdd1c93ac.png
bf5af4eff3114711eafdf7f83aa7f10dc3fc364a4850e516150f0ba7f7834684,0,data/benign_original/benign/bf5af4eff3114711eafdf7f83aa7f10dc3fc364a4850e516150f0ba7f7834684.png
bf6ca37f8f25415efef64aff81ad1dfad3948344546173b87666a2b16bd8f809,0,data/benign_original/benign/bf6ca37f8f25415efef64aff81ad1dfad3948344546173b87666a2b16bd8f809.png
bf7ca47b29552fc1a230b6401d07e18d620483e22f58987848a272d3a86179b1,0,data/benign_original/benign/bf7ca47b29552fc1a230b6401d07e18d620483e22f58987848a272d3a86179b1.png
bf7cf93dce7c33a2a90cd057709fce1c11d8695ef64acfbcaada498ae16fc955,0,data/benign_original/benign/bf7cf93dce7c33a2a90cd057709fce1c11d8695ef64acfbcaada498ae16fc955.png
bf8dbb7e9fb62178fc2771b163ca180167b5972270c243bb857f5fbbbcdeaaaa,0,data/benign_original/benign/bf8dbb7e9fb62178fc2771b163ca180167b5972270c243bb857f5fbbbcdeaaaa.png
bf9d77c004e132eb1f60f60909f25452ef24ef788409c94c2cb564aea4bbc139,0,data/benign_original/benign/bf9d77c004e132eb1f60f60909f25452ef24ef788409c94c2cb564aea4bbc139.png
bfad5aef4c63a669e3c140655cdfdf395b6c979b400a447bd5dcb65ed8826c3d,0,data/benign_original/benign/bfad5aef4c63a669e3c140655cdfdf395b6c979b400a447bd5dcb65ed8826c3d.png
bfb0f2c5a48629d76379ccdce6b0874ddef9f88521ada027878b2a15b0788c23,0,data/benign_original/benign/bfb0f2c5a48629d76379ccdce6b0874ddef9f88521ada027878b2a15b0788c23.png
bfb60968447fd09d11aa5cf30add3e591bab3d69da10d9ef178eb68db966f157,0,data/benign_original/benign/bfb60968447fd09d11aa5cf30add3e591bab3d69da10d9ef178eb68db966f157.png
bfc674e91850002e61539e1c65913b6905af6f81c64a39b4a2bc8057501fdbcb,0,data/benign_original/benign/bfc674e91850002e61539e1c65913b6905af6f81c64a39b4a2bc8057501fdbcb.png
bfd212e78b058423da320592dd78766e41462ffa410010cce99d6c31f7c25bde,0,data/benign_original/benign/bfd212e78b058423da320592dd78766e41462ffa410010cce99d6c31f7c25bde.png
bfd9083f54e897e4f40c996dc576522b88a03902d942b9df7ec70eb29dc1eec3,0,data/benign_original/benign/bfd9083f54e897e4f40c996dc576522b88a03902d942b9df7ec70eb29dc1eec3.png
bfda5278b7d5f5330f543edd7b5a2129bb5ec022a5e821d96948890e554aa622,0,data/benign_original/benign/bfda5278b7d5f5330f543edd7b5a2129bb5ec022a5e821d96948890e554aa622.png
bfea7e754617adfaa78435a7f633ccbdd1e3540934cd10a74dd95337d0ac1cf6,0,data/benign_original/benign/bfea7e754617adfaa78435a7f633ccbdd1e3540934cd10a74dd95337d0ac1cf6.png
bfeba445593933b918e60df71178444ef497693afb9b1f2c759d8d1f59eda7f7,0,data/benign_original/benign/bfeba445593933b918e60df71178444ef497693afb9b1f2c759d8d1f59eda7f7.png
c00228933470ff819105e30cdf8c8ac6b3ff65bbcc216ec594fcba5ba05a7c2b,0,data/benign_original/benign/c00228933470ff819105e30cdf8c8ac6b3ff65bbcc216ec594fcba5ba05a7c2b.png
c00a9f6d40f02b21bc19b10c9d4d617abb0c0b5b059c653619e12157421b0480,0,data/benign_original/benign/c00a9f6d40f02b21bc19b10c9d4d617abb0c0b5b059c653619e12157421b0480.png
c00cdddfb18081c8f4e25ae6df2ef14a3b558e6ea8f201da5a1ee97dc43401c0,0,data/benign_original/benign/c00cdddfb18081c8f4e25ae6df2ef14a3b558e6ea8f201da5a1ee97dc43401c0.png
c00dac701d44c86719d96eebfd8159b7ddfd7a6b090d834fd310e91d0bd674f3,0,data/benign_original/benign/c00dac701d44c86719d96eebfd8159b7ddfd7a6b090d834fd310e91d0bd674f3.png
c0255a19289c91cfc155d42b5965014898dc50f16c8dfc683f35ddb258b2670e,0,data/benign_original/benign/c0255a19289c91cfc155d42b5965014898dc50f16c8dfc683f35ddb258b2670e.png
c03552350323144eb3b6c1418fd1f3b04e71d078b0bc60bdbe81ab863995b1d1,0,data/benign_original/benign/c03552350323144eb3b6c1418fd1f3b04e71d078b0bc60bdbe81ab863995b1d1.png
c03f44db74f3f1e5a1f31a866e34358e3c7e023d8bf7ce5b379ddab06cd0f7f9,0,data/benign_original/benign/c03f44db74f3f1e5a1f31a866e34358e3c7e023d8bf7ce5b379ddab06cd0f7f9.png
c043c5fbf6011a7e41d3a3c36c29949ece8d7140bfd6e06b924f44655094aee8,0,data/benign_original/benign/c043c5fbf6011a7e41d3a3c36c29949ece8d7140bfd6e06b924f44655094aee8.png
c04dc6691ac1579711833b45cc6f040d0f221cb3a53f4ae81ade86228f3efa92,0,data/benign_original/benign/c04dc6691ac1579711833b45cc6f040d0f221cb3a53f4ae81ade86228f3efa92.png
c04e011f60940be5e66f3dcaf0f1eecc3a8129615105c50822bb62d4cc49e1fa,0,data/benign_original/benign/c04e011f60940be5e66f3dcaf0f1eecc3a8129615105c50822bb62d4cc49e1fa.png
c0578399ce5078fd18eed45c6f8fc77e3ff39218a9ca7a383e034fe657487417,0,data/benign_original/benign/c0578399ce5078fd18eed45c6f8fc77e3ff39218a9ca7a383e034fe657487417.png
c05a5fb1a9ea6d5ada35a16f96b6b930cef5e7f01785ca46fca19964e351cfab,0,data/benign_original/benign/c05a5fb1a9ea6d5ada35a16f96b6b930cef5e7f01785ca46fca19964e351cfab.png
c071e2ff53693de613633e6417cb1eaf09b96c0d26126dc87f6b86368bcfb20d,0,data/benign_original/benign/c071e2ff53693de613633e6417cb1eaf09b96c0d26126dc87f6b86368bcfb20d.png
c0732632f7c857fd51a42ba6384711d1539742d2105d15d90c1c59c60d681d9a,0,data/benign_original/benign/c0732632f7c857fd51a42ba6384711d1539742d2105d15d90c1c59c60d681d9a.png
c0748bd07966c149da368b79185be69f8e8195eab00dd70772a633ce1f64bd3b,0,data/benign_original/benign/c0748bd07966c149da368b79185be69f8e8195eab00dd70772a633ce1f64bd3b.png
c07621091415f35aad91521e0c7dbc6862fb6e8b449f50cda4bfb1a2ba7b9178,0,data/benign_original/benign/c07621091415f35aad91521e0c7dbc6862fb6e8b449f50cda4bfb1a2ba7b9178.png
c0975115208399a8e9fbec2d9dee70af458b44471c8d8ac1b09c21631f9dbc4a,0,data/benign_original/benign/c0975115208399a8e9fbec2d9dee70af458b44471c8d8ac1b09c21631f9dbc4a.png
c0a536e09fc0dba21eb22d65ed2c3976f0e7fc12bf269305ec0c8424f3f5df2a,0,data/benign_original/benign/c0a536e09fc0dba21eb22d65ed2c3976f0e7fc12bf269305ec0c8424f3f5df2a.png
c0aaf7d967b80c0674c9cdc06e0739c46c6f9ad54892c2fb77a893cf3ea0c223,0,data/benign_original/benign/c0aaf7d967b80c0674c9cdc06e0739c46c6f9ad54892c2fb77a893cf3ea0c223.png
c0b17a96e249e5e2a874cf5db2d0b456bad340bb008eadc448e470b6904c6ec1,0,data/benign_original/benign/c0b17a96e249e5e2a874cf5db2d0b456bad340bb008eadc448e470b6904c6ec1.png
c0c18d7edea1ed88a6f83d18af477f4128fb7c1f7399ef79100213ac913443df,0,data/benign_original/benign/c0c18d7edea1ed88a6f83d18af477f4128fb7c1f7399ef79100213ac913443df.png
c0cdef7fd09ad7b204ece26ff79a89804009d117cec67d12cabeb386666ceeb9,0,data/benign_original/benign/c0cdef7fd09ad7b204ece26ff79a89804009d117cec67d12cabeb386666ceeb9.png
c0ce9b88e6e60e6b9406f2b04d8771d7b2bcbfbcc1c572bdefc4ca4c1d9cb8f3,0,data/benign_original/benign/c0ce9b88e6e60e6b9406f2b04d8771d7b2bcbfbcc1c572bdefc4ca4c1d9cb8f3.png
c0d14357542ee115b81c76596725a761545aa0c9fb39e16efac24cc96f6e4210,0,data/benign_original/benign/c0d14357542ee115b81c76596725a761545aa0c9fb39e16efac24cc96f6e4210.png
c0fc01011ae55b7ec4df1e1b2d17f00fefa44669246fc24af61c428be51c04d4,0,data/benign_original/benign/c0fc01011ae55b7ec4df1e1b2d17f00fefa44669246fc24af61c428be51c04d4.png
c10a01e7fa4f2ab44767c48b5b05cc285c7ffb242f5355d2e276e41ce26f0db8,0,data/benign_original/benign/c10a01e7fa4f2ab44767c48b5b05cc285c7ffb242f5355d2e276e41ce26f0db8.png
c11e952be4c5a25c88089383a36a29c046559ba79bd3c6c8acd93a0a1fc676b0,0,data/benign_original/benign/c11e952be4c5a25c88089383a36a29c046559ba79bd3c6c8acd93a0a1fc676b0.png
c11ef41c1b9af6e3bbc9a5f0db0808c0dc78b39ce2e543234f7cce9b5fe90e87,0,data/benign_original/benign/c11ef41c1b9af6e3bbc9a5f0db0808c0dc78b39ce2e543234f7cce9b5fe90e87.png
c12e11de6bc02538befef573816493fd754cbd33a425e49466acd6ae8051d60d,0,data/benign_original/benign/c12e11de6bc02538befef573816493fd754cbd33a425e49466acd6ae8051d60d.png
c1393ac8fb488384511a057db67aafcaad1bc150f8a91dab8ea9e2732668f4e3,0,data/benign_original/benign/c1393ac8fb488384511a057db67aafcaad1bc150f8a91dab8ea9e2732668f4e3.png
c1397b1b3106f76a0352f56947c5903d3cb7c538e773078e67842e3edb95fb28,0,data/benign_original/benign/c1397b1b3106f76a0352f56947c5903d3cb7c538e773078e67842e3edb95fb28.png
c13c860d26b5d8102d8e36b354258faa7e71bc9d1b063ae03bec266bec91922b,0,data/benign_original/benign/c13c860d26b5d8102d8e36b354258faa7e71bc9d1b063ae03bec266bec91922b.png
c1409cf7edc4ae0df90deba32e1087ec4fca5052809197edafb417a58172c0a5,0,data/benign_original/benign/c1409cf7edc4ae0df90deba32e1087ec4fca5052809197edafb417a58172c0a5.png
c143b5cf5dea20b131fbc12c19a83adf8bd040e0178d0fede4835c86b5d1813a,0,data/benign_original/benign/c143b5cf5dea20b131fbc12c19a83adf8bd040e0178d0fede4835c86b5d1813a.png
c145de8c64aae63bb029938693681dac16f58e3a9d9b56baeadadf2578b05842,0,data/benign_original/benign/c145de8c64aae63bb029938693681dac16f58e3a9d9b56baeadadf2578b05842.png
c148af9a766b449d196835a580402ad819532a9dae54b2b04eaccdacdb82a102,0,data/benign_original/benign/c148af9a766b449d196835a580402ad819532a9dae54b2b04eaccdacdb82a102.png
c154e23bd89f7e23cc49d475c4192659fa7c366a5b16b0fef265824900b9c600,0,data/benign_original/benign/c154e23bd89f7e23cc49d475c4192659fa7c366a5b16b0fef265824900b9c600.png
c15776a93f43718f722690bc43c7d60c9f772692f53e6c908e0a1fb5d2068a03,0,data/benign_original/benign/c15776a93f43718f722690bc43c7d60c9f772692f53e6c908e0a1fb5d2068a03.png
c15dacec228f40ce4c5b9d69bba5e6627bc484c6e9d6550a76db6f332e9f7734,0,data/benign_original/benign/c15dacec228f40ce4c5b9d69bba5e6627bc484c6e9d6550a76db6f332e9f7734.png
c169c14fe8865b8358406c7923862a308cf5ffd771b8d2279cd471e75d27cde8,0,data/benign_original/benign/c169c14fe8865b8358406c7923862a308cf5ffd771b8d2279cd471e75d27cde8.png
c16b6e6f85ab7ea83518c67f7e1c10be0ef3218ee590bcee939e01b0c437e1bd,0,data/benign_original/benign/c16b6e6f85ab7ea83518c67f7e1c10be0ef3218ee590bcee939e01b0c437e1bd.png
c16fdd82e758c84b0ff262580eced07dc9cd31ed5522ceef8e19dae89012c1d8,0,data/benign_original/benign/c16fdd82e758c84b0ff262580eced07dc9cd31ed5522ceef8e19dae89012c1d8.png
c17ee0215ab8bc0a48675a9f5e7e8c2b53cd1d6a2425a261ccb2eb3091cf7592,0,data/benign_original/benign/c17ee0215ab8bc0a48675a9f5e7e8c2b53cd1d6a2425a261ccb2eb3091cf7592.png
c17ee639d931c87d797b6700b036eba2ba0dcdb6913a31b4470d5798894c3974,0,data/benign_original/benign/c17ee639d931c87d797b6700b036eba2ba0dcdb6913a31b4470d5798894c3974.png
c183e44e60759720013c1bff8400a6f0c98a8fc84343c18d6ed3d5c1a4369a48,0,data/benign_original/benign/c183e44e60759720013c1bff8400a6f0c98a8fc84343c18d6ed3d5c1a4369a48.png
c18aea75c96d33512a2c8e34322674dcca4094e93f5dbd9ba26305ea5848fada,0,data/benign_original/benign/c18aea75c96d33512a2c8e34322674dcca4094e93f5dbd9ba26305ea5848fada.png
c194c06ce57874dbdcf0eba18af91c816827f77db19a42a9fc1e0bec81eb27c8,0,data/benign_original/benign/c194c06ce57874dbdcf0eba18af91c816827f77db19a42a9fc1e0bec81eb27c8.png
c19e82597361c901ec1378203476953e227c0fa0589448bf065e2026b9330af1,0,data/benign_original/benign/c19e82597361c901ec1378203476953e227c0fa0589448bf065e2026b9330af1.png
c1a9f9bceb44b940fe3a3c22f7113e63457ea6f480f5dff32ed65866b9effa79,0,data/benign_original/benign/c1a9f9bceb44b940fe3a3c22f7113e63457ea6f480f5dff32ed65866b9effa79.png
c1aa1ff51efc262c25409044368405f359c5b54315ceefa292e95d03b38613d9,0,data/benign_original/benign/c1aa1ff51efc262c25409044368405f359c5b54315ceefa292e95d03b38613d9.png
c1b83327c254b4821392efa1c770029b841fdd2b741545cbf1f9dac0f273473c,0,data/benign_original/benign/c1b83327c254b4821392efa1c770029b841fdd2b741545cbf1f9dac0f273473c.png
c1c4d31205daebb7d85e58c651412793cecce8fc0d3dec4739b330ffa822b551,0,data/benign_original/benign/c1c4d31205daebb7d85e58c651412793cecce8fc0d3dec4739b330ffa822b551.png
c1c5a893f7eda8d1117078dc8fbdb74abb46e362cb517a3dfd61d88d20e311c1,0,data/benign_original/benign/c1c5a893f7eda8d1117078dc8fbdb74abb46e362cb517a3dfd61d88d20e311c1.png
c1c9dd8fe18e39bedbbd923a675b16a0bc16199afcf3c72cf475e5d03ba95b0d,0,data/benign_original/benign/c1c9dd8fe18e39bedbbd923a675b16a0bc16199afcf3c72cf475e5d03ba95b0d.png
c1d25179f9d39d28e3dc1bd273f458d5b7e9dadf805089609ec68a416d7ec59a,0,data/benign_original/benign/c1d25179f9d39d28e3dc1bd273f458d5b7e9dadf805089609ec68a416d7ec59a.png
c1d896a70b76b2665d6c74897bd2b48de968b80e387f90a1201e982443dcd573,0,data/benign_original/benign/c1d896a70b76b2665d6c74897bd2b48de968b80e387f90a1201e982443dcd573.png
c1e0c9413170c9792489f4e3146986ab55920f483aee0e0e0da60831b8a0f7ad,0,data/benign_original/benign/c1e0c9413170c9792489f4e3146986ab55920f483aee0e0e0da60831b8a0f7ad.png
c1e37f085c8ba73db205a3476f3f6a16a0a913a932aa88090754155823293f45,0,data/benign_original/benign/c1e37f085c8ba73db205a3476f3f6a16a0a913a932aa88090754155823293f45.png
c1e637bc449a3753a2afb727d54704949020fa74d6649f735d7616e1ce51360c,0,data/benign_original/benign/c1e637bc449a3753a2afb727d54704949020fa74d6649f735d7616e1ce51360c.png
c1ebc67ea5e6f6e1b7513181063f95fb1a59fd21ff0bfe1aaf5950a7db427204,0,data/benign_original/benign/c1ebc67ea5e6f6e1b7513181063f95fb1a59fd21ff0bfe1aaf5950a7db427204.png
c1ed75bf013efc6c451ef4ed9dc22c5c7592fb1e3f772215f608c41fa81205c7,0,data/benign_original/benign/c1ed75bf013efc6c451ef4ed9dc22c5c7592fb1e3f772215f608c41fa81205c7.png
c1efdef50004886b9e39476c92732e0b1f4d2f9e7115f1cf52504d381c06aca9,0,data/benign_original/benign/c1efdef50004886b9e39476c92732e0b1f4d2f9e7115f1cf52504d381c06aca9.png
c20b3851288a64a11bc1f71e33b385d6fb5d31b403f74b585ed49125b178eae3,0,data/benign_original/benign/c20b3851288a64a11bc1f71e33b385d6fb5d31b403f74b585ed49125b178eae3.png
c2101791618cabed8516f953f28fa676380f25c6b729827c1d077ca123e2b64f,0,data/benign_original/benign/c2101791618cabed8516f953f28fa676380f25c6b729827c1d077ca123e2b64f.png
c2118daf998c3dfc9dc59e8196289c328dd5826fdf88604f4d93eab2d58fdef8,0,data/benign_original/benign/c2118daf998c3dfc9dc59e8196289c328dd5826fdf88604f4d93eab2d58fdef8.png
c2153dde3b47011e3f99b6d485fa3052cfdd6cf87325a162664b6014fc5416ed,0,data/benign_original/benign/c2153dde3b47011e3f99b6d485fa3052cfdd6cf87325a162664b6014fc5416ed.png
c217d74aabfd0dbbf3bdcde5f077dabdc62ea8d927aa26e96b9afa9cb3f1fa80,0,data/benign_original/benign/c217d74aabfd0dbbf3bdcde5f077dabdc62ea8d927aa26e96b9afa9cb3f1fa80.png
c21ee8e2030ead6d0bbcf7921c5e35f047101909ef4fbd54d7695130f35b7aca,0,data/benign_original/benign/c21ee8e2030ead6d0bbcf7921c5e35f047101909ef4fbd54d7695130f35b7aca.png
c2208b6febf227475632cc011744fae99546113cd0ef702a6628ccd3df9193cc,0,data/benign_original/benign/c2208b6febf227475632cc011744fae99546113cd0ef702a6628ccd3df9193cc.png
c2216d61ece97932200a484c83de6028b927a4a1563810269434403edf2b90c9,0,data/benign_original/benign/c2216d61ece97932200a484c83de6028b927a4a1563810269434403edf2b90c9.png
c2220efe684125ea735204d31936f0b2aba9aa2c4050e15f08dc439b2dd6f86f,0,data/benign_original/benign/c2220efe684125ea735204d31936f0b2aba9aa2c4050e15f08dc439b2dd6f86f.png
c227759c7cf39267e870b1c5002c05098f1622ab1752015dfb1a39a7bd4291f8,0,data/benign_original/benign/c227759c7cf39267e870b1c5002c05098f1622ab1752015dfb1a39a7bd4291f8.png
c22a588cc78091edad89bcc8f76263ebdc5f23103bbd412fe4c8e1cc47afbd3f,0,data/benign_original/benign/c22a588cc78091edad89bcc8f76263ebdc5f23103bbd412fe4c8e1cc47afbd3f.png
c2364495bb476b8e54cf350ea9bd338618591dc2c3161d9814fee2003dd61421,0,data/benign_original/benign/c2364495bb476b8e54cf350ea9bd338618591dc2c3161d9814fee2003dd61421.png
c241660c7950a15f58238179810df6908a77461ffa7ed10a3581be2442188758,0,data/benign_original/benign/c241660c7950a15f58238179810df6908a77461ffa7ed10a3581be2442188758.png
c24238981ba45afdb41cb59e8d1a5aa19b4a617cd3d72caa789f819fbffb3835,0,data/benign_original/benign/c24238981ba45afdb41cb59e8d1a5aa19b4a617cd3d72caa789f819fbffb3835.png
c2563bb38ff3a2f9109febfc012afa329401a15aea4a1ac72659a11be9150b4a,0,data/benign_original/benign/c2563bb38ff3a2f9109febfc012afa329401a15aea4a1ac72659a11be9150b4a.png
c257ecfa00a19bf920b315801720be0b55920e7d1682c66e6ad7a5343c9a8aba,0,data/benign_original/benign/c257ecfa00a19bf920b315801720be0b55920e7d1682c66e6ad7a5343c9a8aba.png
c25ab8ed0427ec5ab40d7e68e58b88a677274defa6ae5c40a24a2d53841c8518,0,data/benign_original/benign/c25ab8ed0427ec5ab40d7e68e58b88a677274defa6ae5c40a24a2d53841c8518.png
c26454ae6cb15db18e5670a533734b74cee4ac57972b945b21cf6399acb564e0,0,data/benign_original/benign/c26454ae6cb15db18e5670a533734b74cee4ac57972b945b21cf6399acb564e0.png
c26d7677f4a6bf7eba6e30b599561fb20b777375e0fcc2a32ecd7e186fe69de0,0,data/benign_original/benign/c26d7677f4a6bf7eba6e30b599561fb20b777375e0fcc2a32ecd7e186fe69de0.png
c273a7b182e3af1bbed0f5b728af5fb0e603b9f1713b72886739345c307a7f29,0,data/benign_original/benign/c273a7b182e3af1bbed0f5b728af5fb0e603b9f1713b72886739345c307a7f29.png
c282d72161e90e718df21f53c63fe68ae6d00180620db630cecd45c06f505b45,0,data/benign_original/benign/c282d72161e90e718df21f53c63fe68ae6d00180620db630cecd45c06f505b45.png
c286e91a4554ba3ac4e8112851e2ba7abd74356634c78a6d7724caef12fa02ce,0,data/benign_original/benign/c286e91a4554ba3ac4e8112851e2ba7abd74356634c78a6d7724caef12fa02ce.png
c289ee0602ee6e34810715fad637eedf71f5cedae707cefa4b7c454dd2b37cba,0,data/benign_original/benign/c289ee0602ee6e34810715fad637eedf71f5cedae707cefa4b7c454dd2b37cba.png
c28ad9151e7597a5bd1514d68a69b028d6172c188165933f4b1a7576e2b46c05,0,data/benign_original/benign/c28ad9151e7597a5bd1514d68a69b028d6172c188165933f4b1a7576e2b46c05.png
c2a113d9284ccd781346d5b4635537343ac74d897b5ef255bf15da4402ffaf83,0,data/benign_original/benign/c2a113d9284ccd781346d5b4635537343ac74d897b5ef255bf15da4402ffaf83.png
c2ad19887db0f553d143e357611e48d6313ca52d745eb0ed8a43391d7b2ed5eb,0,data/benign_original/benign/c2ad19887db0f553d143e357611e48d6313ca52d745eb0ed8a43391d7b2ed5eb.png
c2afb060320b016f4ea2ed26b9545e7a92aa920ab6d5f432b785b60a9bb46452,0,data/benign_original/benign/c2afb060320b016f4ea2ed26b9545e7a92aa920ab6d5f432b785b60a9bb46452.png
c2b56b5c04a0307b1020b7a2ddf74581dfa1fee9fd900f658f37732b054a20a4,0,data/benign_original/benign/c2b56b5c04a0307b1020b7a2ddf74581dfa1fee9fd900f658f37732b054a20a4.png
c2bcebf0af71b2b9e315661a09573caed9f956d0c6282df7dd56ca06f066fa83,0,data/benign_original/benign/c2bcebf0af71b2b9e315661a09573caed9f956d0c6282df7dd56ca06f066fa83.png
c2d87a5cc868aa96f697ae2a7321d8048efabc55cd790b99bd0349590e862d9d,0,data/benign_original/benign/c2d87a5cc868aa96f697ae2a7321d8048efabc55cd790b99bd0349590e862d9d.png
c2e44ae71e298830192ebd8d5f6191e28e6402bb335d0c76a856c333ae5a15be,0,data/benign_original/benign/c2e44ae71e298830192ebd8d5f6191e28e6402bb335d0c76a856c333ae5a15be.png
c2ec519a8ee7801a6b887234b7a2c29abb468423daaaba1159ad8dcf04705a46,0,data/benign_original/benign/c2ec519a8ee7801a6b887234b7a2c29abb468423daaaba1159ad8dcf04705a46.png
c2f27043050f2cc12d6767c047595e3d93537239bd55e2e8d94c5831ddcdb305,0,data/benign_original/benign/c2f27043050f2cc12d6767c047595e3d93537239bd55e2e8d94c5831ddcdb305.png
c300664a3a8ad5c31439265ff90f60e9fd8a2b3f94a47b61785c2df886778d8d,0,data/benign_original/benign/c300664a3a8ad5c31439265ff90f60e9fd8a2b3f94a47b61785c2df886778d8d.png
c30861e2732892833f683ebcbc94c337b7802265e05b446e4cd86af84009990c,0,data/benign_original/benign/c30861e2732892833f683ebcbc94c337b7802265e05b446e4cd86af84009990c.png
c30f9ef383269efa1ee0716749887294da5f98d799599bca36d80bfa221bc5f2,0,data/benign_original/benign/c30f9ef383269efa1ee0716749887294da5f98d799599bca36d80bfa221bc5f2.png
c31219a2f67f5c5440349541d089f21f605d437869a1ccf8915ff2c395df1121,0,data/benign_original/benign/c31219a2f67f5c5440349541d089f21f605d437869a1ccf8915ff2c395df1121.png
c31381e3cff479bfb09bcba7959c0d08e0027aac05cedbefd9612223383e24b3,0,data/benign_original/benign/c31381e3cff479bfb09bcba7959c0d08e0027aac05cedbefd9612223383e24b3.png
c314ee49ce2e32b5e7578ccf7199601c693ee3eb4ed7639f2b738e9c224dc542,0,data/benign_original/benign/c314ee49ce2e32b5e7578ccf7199601c693ee3eb4ed7639f2b738e9c224dc542.png
c31d047c91d5ca7395f163a6852e540c482fa93b4397041806ac51666e0cae75,0,data/benign_original/benign/c31d047c91d5ca7395f163a6852e540c482fa93b4397041806ac51666e0cae75.png
c325f5ae2660dd57d6ee92dccc91d6e46fc13875dfbe4e006de6bd1236cae146,0,data/benign_original/benign/c325f5ae2660dd57d6ee92dccc91d6e46fc13875dfbe4e006de6bd1236cae146.png
c332c96e17a99e59531be6e0caea0404816c879397d2f35a8f3befd2a9bef510,0,data/benign_original/benign/c332c96e17a99e59531be6e0caea0404816c879397d2f35a8f3befd2a9bef510.png
c33336d3584b007bc05f8e36480fd277d484b45bcd4a67529030b9e6e9f0d2c3,0,data/benign_original/benign/c33336d3584b007bc05f8e36480fd277d484b45bcd4a67529030b9e6e9f0d2c3.png
c333ab6bd97f538cef83db77ee9625adb7d4f5a0a8f3b6d53c7f7fca55624736,0,data/benign_original/benign/c333ab6bd97f538cef83db77ee9625adb7d4f5a0a8f3b6d53c7f7fca55624736.png
c341174f86d7fb665403d8581d8f3cc74bd98ed529bb957075c1882c4a9c6244,0,data/benign_original/benign/c341174f86d7fb665403d8581d8f3cc74bd98ed529bb957075c1882c4a9c6244.png
c35b6d88d330764b0074658a0b4b0e021eb47007a9470e9e122d25326a619b74,0,data/benign_original/benign/c35b6d88d330764b0074658a0b4b0e021eb47007a9470e9e122d25326a619b74.png
c36f5c0ac5d91a8417866dd4d8c670c2192ba83364693e7438282fb8678c3d1e,0,data/benign_original/benign/c36f5c0ac5d91a8417866dd4d8c670c2192ba83364693e7438282fb8678c3d1e.png
c372369ede10c6ee658e1a941b884f62baf937d2b5fb0dc3b67b6f2d52ec9b45,0,data/benign_original/benign/c372369ede10c6ee658e1a941b884f62baf937d2b5fb0dc3b67b6f2d52ec9b45.png
c379dab72112b0bf2fb53461970b4ecb36b0c6269f97320eb3c06885806e9cb7,0,data/benign_original/benign/c379dab72112b0bf2fb53461970b4ecb36b0c6269f97320eb3c06885806e9cb7.png
c384b238d1729db4a92d9cd7eca91a9319f487411997685b9db41f96633f0e62,0,data/benign_original/benign/c384b238d1729db4a92d9cd7eca91a9319f487411997685b9db41f96633f0e62.png
c39152edd5c0dea90481410bf638076526671495e4c45381b3a2d2e8a9213a2a,0,data/benign_original/benign/c39152edd5c0dea90481410bf638076526671495e4c45381b3a2d2e8a9213a2a.png
c398216af191638355a8a272ce650b7f20e5a91e0aa08cc904123d5234b7fac8,0,data/benign_original/benign/c398216af191638355a8a272ce650b7f20e5a91e0aa08cc904123d5234b7fac8.png
c39f47d2d4525bb4950827f1edb92ccf5067267aa1aaef7137e45482c1436d97,0,data/benign_original/benign/c39f47d2d4525bb4950827f1edb92ccf5067267aa1aaef7137e45482c1436d97.png
c3a158263595471cf9f095143675b2815a9f36bf9a42ac81e9329f0640b6bc88,0,data/benign_original/benign/c3a158263595471cf9f095143675b2815a9f36bf9a42ac81e9329f0640b6bc88.png
c3a70153e1d0ecd1cbf95de033bfef5cfecabe7a8274cafe272cc2c14865cd8c,0,data/benign_original/benign/c3a70153e1d0ecd1cbf95de033bfef5cfecabe7a8274cafe272cc2c14865cd8c.png
c3aef87b6d1d8c6308c6b36c51b56c3008154275452f24edac3b9e4b11cda593,0,data/benign_original/benign/c3aef87b6d1d8c6308c6b36c51b56c3008154275452f24edac3b9e4b11cda593.png
c3b894424ae66a54af71b36168a634908733e94a32e91eb86680007ac1634282,0,data/benign_original/benign/c3b894424ae66a54af71b36168a634908733e94a32e91eb86680007ac1634282.png
c3bf47e14cba299bb3be9f73b45ee36247b5c94c9828999c8a3269fac1013340,0,data/benign_original/benign/c3bf47e14cba299bb3be9f73b45ee36247b5c94c9828999c8a3269fac1013340.png
c3c20e4281e2a54756593246ecca10c1e9be2093af140abec0c0f2a54b8b6fc9,0,data/benign_original/benign/c3c20e4281e2a54756593246ecca10c1e9be2093af140abec0c0f2a54b8b6fc9.png
c3d8353d5e5e18914cf475a936aec9d40651b7e6388731ce7d81f9300b0254be,0,data/benign_original/benign/c3d8353d5e5e18914cf475a936aec9d40651b7e6388731ce7d81f9300b0254be.png
c3dc855e6111dc8317eeb893610c2c5e1bb76fc3d256afdd2320431f3adebafc,0,data/benign_original/benign/c3dc855e6111dc8317eeb893610c2c5e1bb76fc3d256afdd2320431f3adebafc.png
c3dfcd075598015a2d50e3c5a0d2e4d3cdfc0c8a1b506a5ca7962868fac0bf20,0,data/benign_original/benign/c3dfcd075598015a2d50e3c5a0d2e4d3cdfc0c8a1b506a5ca7962868fac0bf20.png
c3e5159ab4582f5bf0468dc1a72a3f66ae350ef2957e1e348ce3548e0f68b28b,0,data/benign_original/benign/c3e5159ab4582f5bf0468dc1a72a3f66ae350ef2957e1e348ce3548e0f68b28b.png
c3e6c378a2d1a523c3fdc6512a881372c69e483a2f88925e881928649e4fc4a7,0,data/benign_original/benign/c3e6c378a2d1a523c3fdc6512a881372c69e483a2f88925e881928649e4fc4a7.png
c3f9acf65e4f15a17f74b79fde380004b870a0a2d5eeab1c1a8c29609912f6db,0,data/benign_original/benign/c3f9acf65e4f15a17f74b79fde380004b870a0a2d5eeab1c1a8c29609912f6db.png
c405c498ac7df4a60feb02897a5817c51f3b0745d81774a9b52008aa58d73cba,0,data/benign_original/benign/c405c498ac7df4a60feb02897a5817c51f3b0745d81774a9b52008aa58d73cba.png
c4068c8e7bac68c535990bdd023d9825c9680b9dde61595a7fee5fa3791c8800,0,data/benign_original/benign/c4068c8e7bac68c535990bdd023d9825c9680b9dde61595a7fee5fa3791c8800.png
c40b3dac5cfa01c05bd8810ccbcc2ff9d30642f009787037c6479f38c040c39b,0,data/benign_original/benign/c40b3dac5cfa01c05bd8810ccbcc2ff9d30642f009787037c6479f38c040c39b.png
c40c747e69d806f151a755e87fb089c1111ae7ea3e28fdc698151cf8093a6326,0,data/benign_original/benign/c40c747e69d806f151a755e87fb089c1111ae7ea3e28fdc698151cf8093a6326.png
c40f00822749fafa92327a637f20e209ce94100b29e921f5bbbd1546427b47a3,0,data/benign_original/benign/c40f00822749fafa92327a637f20e209ce94100b29e921f5bbbd1546427b47a3.png
c43cc2ffc9543054c2b6515a8378db1e085c2db4e9a932deb06e2af1febaf4d8,0,data/benign_original/benign/c43cc2ffc9543054c2b6515a8378db1e085c2db4e9a932deb06e2af1febaf4d8.png
c449f3a61e14abdbeb5aca18181b812382c7b72dfab88b4d6ee8613c4d61f1df,0,data/benign_original/benign/c449f3a61e14abdbeb5aca18181b812382c7b72dfab88b4d6ee8613c4d61f1df.png
c457ba36891aa3a5563c7bee0f7abe8eebf0ed61d8f7bc3ec1e04ae079afdc52,0,data/benign_original/benign/c457ba36891aa3a5563c7bee0f7abe8eebf0ed61d8f7bc3ec1e04ae079afdc52.png
c4617cd94408d13e68d3dd75920911a56a1b1bae0fb19c035b156ec4a3cdefd5,0,data/benign_original/benign/c4617cd94408d13e68d3dd75920911a56a1b1bae0fb19c035b156ec4a3cdefd5.png
c46c871945d5e76481a65b03e9ddd5dda1d6d802752df55cbd58ed079e2c963b,0,data/benign_original/benign/c46c871945d5e76481a65b03e9ddd5dda1d6d802752df55cbd58ed079e2c963b.png
c472a624ef74a0c8121681679be999edb638dcebcd5391ef7172e6d0a76a2e02,0,data/benign_original/benign/c472a624ef74a0c8121681679be999edb638dcebcd5391ef7172e6d0a76a2e02.png
c49ec3e1a0e144ae5d469ec1f3eb46745e919e6a3073d2768d713431cbf6ba83,0,data/benign_original/benign/c49ec3e1a0e144ae5d469ec1f3eb46745e919e6a3073d2768d713431cbf6ba83.png
c4ae88c9eb48d63b23560f2e5babbdbf129e3787127688d5383415bbc7347b59,0,data/benign_original/benign/c4ae88c9eb48d63b23560f2e5babbdbf129e3787127688d5383415bbc7347b59.png
c4b0cb5518f9fbc0f19d557932ec561617b75dc8f9f7e85d81681152a8a08fb7,0,data/benign_original/benign/c4b0cb5518f9fbc0f19d557932ec561617b75dc8f9f7e85d81681152a8a08fb7.png
c4b7bb0cb923feccfa3e54e8ebeb055399f4c043062863a61d246cdd4f45b56f,0,data/benign_original/benign/c4b7bb0cb923feccfa3e54e8ebeb055399f4c043062863a61d246cdd4f45b56f.png
c4cfdabd06fbd7e6e96f404589437239bcc10068db3a6efe317083dd140d1b64,0,data/benign_original/benign/c4cfdabd06fbd7e6e96f404589437239bcc10068db3a6efe317083dd140d1b64.png
c4d40672659a0edf4a9c47a152e864e140268a861008a94612e364154032881c,0,data/benign_original/benign/c4d40672659a0edf4a9c47a152e864e140268a861008a94612e364154032881c.png
c4d67544484dfadfb3377eb556656763116b465ecfd9e428bc6c4050280c9138,0,data/benign_original/benign/c4d67544484dfadfb3377eb556656763116b465ecfd9e428bc6c4050280c9138.png
c4e091954a30600ac619d038ed9f9382b5d32ca26f46c3969aaa813e631cfa83,0,data/benign_original/benign/c4e091954a30600ac619d038ed9f9382b5d32ca26f46c3969aaa813e631cfa83.png
c4e42becceb8212a815636329c13e444a8620d34b88fb084d32e9f64f818f944,0,data/benign_original/benign/c4e42becceb8212a815636329c13e444a8620d34b88fb084d32e9f64f818f944.png
c4eb2f7a62d5f6532c480577b5a44cc7dbcc43d5c3180e7f91c4e76b46bb1b65,0,data/benign_original/benign/c4eb2f7a62d5f6532c480577b5a44cc7dbcc43d5c3180e7f91c4e76b46bb1b65.png
c4ed8f65c5a0dbf325482a69ab9f8cbd8c97d6120b87ce90ac4cba54ac7d377a,0,data/benign_original/benign/c4ed8f65c5a0dbf325482a69ab9f8cbd8c97d6120b87ce90ac4cba54ac7d377a.png
c4f6f96fd2e775b5726f2d4625757be780223e70d0a6527dff36599f199ea520,0,data/benign_original/benign/c4f6f96fd2e775b5726f2d4625757be780223e70d0a6527dff36599f199ea520.png
c4fad874ddbfa29c17bb0d9c392bab17d87451f98198cf82216eb5da88681c9e,0,data/benign_original/benign/c4fad874ddbfa29c17bb0d9c392bab17d87451f98198cf82216eb5da88681c9e.png
c4ff7f68bbdae61e0a2c8762f5553fd99882852e25ed6fec949fcf5216ed2aaf,0,data/benign_original/benign/c4ff7f68bbdae61e0a2c8762f5553fd99882852e25ed6fec949fcf5216ed2aaf.png
c503b8c10a00208300a9e3852fe955ea32a2e9e7d6ba978f8dcb229f793b1b64,0,data/benign_original/benign/c503b8c10a00208300a9e3852fe955ea32a2e9e7d6ba978f8dcb229f793b1b64.png
c50dcacc0092b0671029292d0bc6abe2441b70fedff152924930e06b484d1531,0,data/benign_original/benign/c50dcacc0092b0671029292d0bc6abe2441b70fedff152924930e06b484d1531.png
c511cc1e659ab770b9d991e4fb2c927c91b3bbc11fc0bcd110126c8e39c4fc2c,0,data/benign_original/benign/c511cc1e659ab770b9d991e4fb2c927c91b3bbc11fc0bcd110126c8e39c4fc2c.png
c51fed47ec2ec4f8197066df011ddffbbea95640b3faeb390ec35ee3823c1873,0,data/benign_original/benign/c51fed47ec2ec4f8197066df011ddffbbea95640b3faeb390ec35ee3823c1873.png
c526d8dbad70d8bd397c18a63abf8d25a2a7d7213041e327ba1825a5f3f58357,0,data/benign_original/benign/c526d8dbad70d8bd397c18a63abf8d25a2a7d7213041e327ba1825a5f3f58357.png
c52c0dbbcaadae016302857165629b33ae2ffffc780cded8b134759ccc73fe2c,0,data/benign_original/benign/c52c0dbbcaadae016302857165629b33ae2ffffc780cded8b134759ccc73fe2c.png
c53121ed7d5011a51ab74fa2d1ae671725007f13004072afd2d1f1763dfce81a,0,data/benign_original/benign/c53121ed7d5011a51ab74fa2d1ae671725007f13004072afd2d1f1763dfce81a.png
c532c516703be218a4a421b3488b588cf8636cf24bf070610f2021ef6ebe5a56,0,data/benign_original/benign/c532c516703be218a4a421b3488b588cf8636cf24bf070610f2021ef6ebe5a56.png
c53b519ee8059815bf34ba2534b7351ebd801b858609cd13eb90c55e85fab24b,0,data/benign_original/benign/c53b519ee8059815bf34ba2534b7351ebd801b858609cd13eb90c55e85fab24b.png
c54b6b43f652e5b95cd1f8583dc38892de49ff94630c75188f8022292ee0acca,0,data/benign_original/benign/c54b6b43f652e5b95cd1f8583dc38892de49ff94630c75188f8022292ee0acca.png
c54fd3f9fa97ab4dc36cce4295b0dcca68633ec71b862d765c67c8d60edf2b49,0,data/benign_original/benign/c54fd3f9fa97ab4dc36cce4295b0dcca68633ec71b862d765c67c8d60edf2b49.png
c54fdd83d88404a62eb945b862e13979481526d2af7a97abc92c50ecd06d4f70,0,data/benign_original/benign/c54fdd83d88404a62eb945b862e13979481526d2af7a97abc92c50ecd06d4f70.png
c5579fe8c938cf9c8a076e9ef87864e83da5977f689f619930b5129c6516bf4c,0,data/benign_original/benign/c5579fe8c938cf9c8a076e9ef87864e83da5977f689f619930b5129c6516bf4c.png
c55eb043454ac2d460f86ea26f934ecb16bdb1d05294c168193a05090bf1c56c,0,data/benign_original/benign/c55eb043454ac2d460f86ea26f934ecb16bdb1d05294c168193a05090bf1c56c.png
c57b503d6e91aa9a18cf4bb747e7e2e906e7a74052b2fdf73048d761fb6d4004,0,data/benign_original/benign/c57b503d6e91aa9a18cf4bb747e7e2e906e7a74052b2fdf73048d761fb6d4004.png
c5878ddc3c8395b36b5a7158f5b4ae12d7eb9d554b29ec67b8025f3cd20dfec3,0,data/benign_original/benign/c5878ddc3c8395b36b5a7158f5b4ae12d7eb9d554b29ec67b8025f3cd20dfec3.png
c59e054f692e7d23c87efd4729609879de8adc88193faf4ef3259ef17df645a1,0,data/benign_original/benign/c59e054f692e7d23c87efd4729609879de8adc88193faf4ef3259ef17df645a1.png
c59e702765c362691d6193252c7e40fff4964014fc2ef86f32e702a680add45f,0,data/benign_original/benign/c59e702765c362691d6193252c7e40fff4964014fc2ef86f32e702a680add45f.png
c5a8e909214e4bbbe21591ea8d176dbcb520646b9eeb4cb0f4105f54d448a2a4,0,data/benign_original/benign/c5a8e909214e4bbbe21591ea8d176dbcb520646b9eeb4cb0f4105f54d448a2a4.png
c5b2c1f2a59bdbacf105006f84e978a15eace46ee74368ffe9b73479bb018785,0,data/benign_original/benign/c5b2c1f2a59bdbacf105006f84e978a15eace46ee74368ffe9b73479bb018785.png
c5b5a6b85efec5d87ae6981fb560775d97a4e0ded0cbeb4dffb41312975caa72,0,data/benign_original/benign/c5b5a6b85efec5d87ae6981fb560775d97a4e0ded0cbeb4dffb41312975caa72.png
c5b7f55c933d55dc6deca461397fbbe745af5a88e189d987e56ac5fba41bc042,0,data/benign_original/benign/c5b7f55c933d55dc6deca461397fbbe745af5a88e189d987e56ac5fba41bc042.png
c5babf38646f2074681e4a53d9289f96b73dfc89bae73b2bf147748b7a6ed445,0,data/benign_original/benign/c5babf38646f2074681e4a53d9289f96b73dfc89bae73b2bf147748b7a6ed445.png
c5c9b8c0e7f67e4d300a3d75d867ef1f179d7b408c3bdc28916c5085f02b1a77,0,data/benign_original/benign/c5c9b8c0e7f67e4d300a3d75d867ef1f179d7b408c3bdc28916c5085f02b1a77.png
c5cef09b69a727daef45b437d14a9e4cc05dc82901fb5843e2ad82bac1af384f,0,data/benign_original/benign/c5cef09b69a727daef45b437d14a9e4cc05dc82901fb5843e2ad82bac1af384f.png
c5d696b634635faddf8cef5151199e6a6ab726c780897cc6a43e99be80630202,0,data/benign_original/benign/c5d696b634635faddf8cef5151199e6a6ab726c780897cc6a43e99be80630202.png
c5d7f9ae6d37b339afb2f90ff16085ddd3e274a6b50006268c34e992c47cf044,0,data/benign_original/benign/c5d7f9ae6d37b339afb2f90ff16085ddd3e274a6b50006268c34e992c47cf044.png
c5dfdfc4ae585a83963f0a06fa9652d61cfc87ac72e2cd9de24627fa72a30b02,0,data/benign_original/benign/c5dfdfc4ae585a83963f0a06fa9652d61cfc87ac72e2cd9de24627fa72a30b02.png
c5e57efc5fc91a5b0a2817127a86663c233937e7b56fc356441fb07163f27f8d,0,data/benign_original/benign/c5e57efc5fc91a5b0a2817127a86663c233937e7b56fc356441fb07163f27f8d.png
c5eca2a9912c645c437d8aff8bcffccb378524720602dfa96d5aa4beecf3feb4,0,data/benign_original/benign/c5eca2a9912c645c437d8aff8bcffccb378524720602dfa96d5aa4beecf3feb4.png
c5f27089a3c3f65c69c3bdc1a2c19b046322c7cf2cba0a8f37af799ffce24d04,0,data/benign_original/benign/c5f27089a3c3f65c69c3bdc1a2c19b046322c7cf2cba0a8f37af799ffce24d04.png
c5f725dc7d81233208b3113884d5056552a319d068f0aa5c2e1a189f2c07afd7,0,data/benign_original/benign/c5f725dc7d81233208b3113884d5056552a319d068f0aa5c2e1a189f2c07afd7.png
c5f8edfa5555688a71b70d7a32425b931d1e8f6ce44bbba3166f827146787c6d,0,data/benign_original/benign/c5f8edfa5555688a71b70d7a32425b931d1e8f6ce44bbba3166f827146787c6d.png
c5fa570bede6399cb09681634777b30d24b0cf916aab382f31aa5d37ac6daa9e,0,data/benign_original/benign/c5fa570bede6399cb09681634777b30d24b0cf916aab382f31aa5d37ac6daa9e.png
c60298530e8a13cca637cbb83e5267c6379c60b1e70718fc4d070c52f53ad9d8,0,data/benign_original/benign/c60298530e8a13cca637cbb83e5267c6379c60b1e70718fc4d070c52f53ad9d8.png
c60ebcad6dcbc20fd27872ee4ae92b83950420867ab7a4769bac9d1a4f25e067,0,data/benign_original/benign/c60ebcad6dcbc20fd27872ee4ae92b83950420867ab7a4769bac9d1a4f25e067.png
c61afa66051fc4082897dd01d8841f7c8ead2695e3ec039ae811359f253356f0,0,data/benign_original/benign/c61afa66051fc4082897dd01d8841f7c8ead2695e3ec039ae811359f253356f0.png
c61d8618c1273e3269f4df3dffd10b60e21472c518805e909927f89bf2935a07,0,data/benign_original/benign/c61d8618c1273e3269f4df3dffd10b60e21472c518805e909927f89bf2935a07.png
c61f53f85b9538c79dc19a4330e52d8762bce01ce862a4f1d946a51030031b03,0,data/benign_original/benign/c61f53f85b9538c79dc19a4330e52d8762bce01ce862a4f1d946a51030031b03.png
c621b1ea501fa2b8f76d3c56ba393a68ee905d81d9176ab5cf58da1591aad95f,0,data/benign_original/benign/c621b1ea501fa2b8f76d3c56ba393a68ee905d81d9176ab5cf58da1591aad95f.png
c64cad28af29589bf13a905f22d8a982284c49b10d466a4681b00108673358cd,0,data/benign_original/benign/c64cad28af29589bf13a905f22d8a982284c49b10d466a4681b00108673358cd.png
c659ec9f6dbac8ffbac71414a2277582ff798889b3d04d52c938119edc9453c5,0,data/benign_original/benign/c659ec9f6dbac8ffbac71414a2277582ff798889b3d04d52c938119edc9453c5.png
c65e1ec43caa6deb0dcd41c70bff53f0e1d4fd00274e09327f842847d9dd13c8,0,data/benign_original/benign/c65e1ec43caa6deb0dcd41c70bff53f0e1d4fd00274e09327f842847d9dd13c8.png
c65fa9d5edca935aeb362286320cae4ed6d2db989c3de1ac548db6f60857ea35,0,data/benign_original/benign/c65fa9d5edca935aeb362286320cae4ed6d2db989c3de1ac548db6f60857ea35.png
c6671e11812401a0bbb342e2de2667c1396f4733c3f0a28ab71e0b109f3d6bd7,0,data/benign_original/benign/c6671e11812401a0bbb342e2de2667c1396f4733c3f0a28ab71e0b109f3d6bd7.png
c66ffecf95a3925512ce848dc3226a48d2a4da5a478e56b2c047a9030c2a778c,0,data/benign_original/benign/c66ffecf95a3925512ce848dc3226a48d2a4da5a478e56b2c047a9030c2a778c.png
c67a1ed6d4b108a65cfb5862072d8dc6f85ba1bcaf786f6d5a52f3de0d39526b,0,data/benign_original/benign/c67a1ed6d4b108a65cfb5862072d8dc6f85ba1bcaf786f6d5a52f3de0d39526b.png
c6813238af62153305a5614b708e90b2a6b96c554f5b27fa9d024845f2ca95bc,0,data/benign_original/benign/c6813238af62153305a5614b708e90b2a6b96c554f5b27fa9d024845f2ca95bc.png
c68301117a5747213bf9fcfe3280ff8ef166f2db103749303a912cad095f7512,0,data/benign_original/benign/c68301117a5747213bf9fcfe3280ff8ef166f2db103749303a912cad095f7512.png
c683e8e543bdd678dfdea0b325a3de04a419eeb053e2f32702d8b472aaf54c6d,0,data/benign_original/benign/c683e8e543bdd678dfdea0b325a3de04a419eeb053e2f32702d8b472aaf54c6d.png
c685b0a5c17cf8eb8c0b460103fa6881a0233b28f3af40e7ed3c4c88ac6bdc56,0,data/benign_original/benign/c685b0a5c17cf8eb8c0b460103fa6881a0233b28f3af40e7ed3c4c88ac6bdc56.png
c686e599f226aa4000acebabfdb688484b3c011491281cbbb5c2313353fda681,0,data/benign_original/benign/c686e599f226aa4000acebabfdb688484b3c011491281cbbb5c2313353fda681.png
c68a61c260454c0aeb051ddb2bed52cbca44b96d50046017cbc351b41f225dc0,0,data/benign_original/benign/c68a61c260454c0aeb051ddb2bed52cbca44b96d50046017cbc351b41f225dc0.png
c68e9d4aff16f8f4d78cb7a3f85ba3e5d0db63e5c8206719c76ed51f74841009,0,data/benign_original/benign/c68e9d4aff16f8f4d78cb7a3f85ba3e5d0db63e5c8206719c76ed51f74841009.png
c68f1a3cb46476afab74822169f5d2c12230f391637e68ff3bd06bb2473eb900,0,data/benign_original/benign/c68f1a3cb46476afab74822169f5d2c12230f391637e68ff3bd06bb2473eb900.png
c6929b7dd7ead3bddb12f3fb953602464c426425a354ce7ab0b77cc53f696a36,0,data/benign_original/benign/c6929b7dd7ead3bddb12f3fb953602464c426425a354ce7ab0b77cc53f696a36.png
c69dd32446247fb8a33ef75f58a3ee009ac6ce9af01658b9759abfdb980b82c8,0,data/benign_original/benign/c69dd32446247fb8a33ef75f58a3ee009ac6ce9af01658b9759abfdb980b82c8.png
c6b3b2c18657d9e6626404be41cd63e4367d8658a034cd72ec8e2869b0eaa8ee,0,data/benign_original/benign/c6b3b2c18657d9e6626404be41cd63e4367d8658a034cd72ec8e2869b0eaa8ee.png
c6bbb60cde55b700e992fff11bbd3bfa2027eff45cdc564836fd2bec870c5bdd,0,data/benign_original/benign/c6bbb60cde55b700e992fff11bbd3bfa2027eff45cdc564836fd2bec870c5bdd.png
c6d98704e18686481839a4abb67b8e40abf0e05f4046c97b2cf59f82ab708cb6,0,data/benign_original/benign/c6d98704e18686481839a4abb67b8e40abf0e05f4046c97b2cf59f82ab708cb6.png
c6de8475e13073465d04563a23898ea22997d4c3cca5fd30eb84dbcd4bc38acf,0,data/benign_original/benign/c6de8475e13073465d04563a23898ea22997d4c3cca5fd30eb84dbcd4bc38acf.png
c6e5fb33fbefc224bff0158726e68e16285bbc4b51f62361e320d9c8e85f6dff,0,data/benign_original/benign/c6e5fb33fbefc224bff0158726e68e16285bbc4b51f62361e320d9c8e85f6dff.png
c6e826dff5b8366b58a123ffbc6f61825d67c617e1fa6a803f2cb45120a4b34f,0,data/benign_original/benign/c6e826dff5b8366b58a123ffbc6f61825d67c617e1fa6a803f2cb45120a4b34f.png
c6e8472ffc639ccd9c07e7f6954da9ae94779cb9a81acb11ed3588cdca1182b0,0,data/benign_original/benign/c6e8472ffc639ccd9c07e7f6954da9ae94779cb9a81acb11ed3588cdca1182b0.png
c6eb65f86f2b69d4d58636b9c21efdaf46628654670e07982c52ab0d1ebc2232,0,data/benign_original/benign/c6eb65f86f2b69d4d58636b9c21efdaf46628654670e07982c52ab0d1ebc2232.png
c6ef550403b7d729c9df4c5d95774cfaf6bdb63912841cdc0c1765c86630fcef,0,data/benign_original/benign/c6ef550403b7d729c9df4c5d95774cfaf6bdb63912841cdc0c1765c86630fcef.png
c6f1faedc9c4c5b1601af2bfa1b6c77176e00722d44340c41843002c9373b708,0,data/benign_original/benign/c6f1faedc9c4c5b1601af2bfa1b6c77176e00722d44340c41843002c9373b708.png
c6ff36fb7710cc76aab81cfdbafebc4817bf4f7dddba51c8f9ed42d1f9f06f00,0,data/benign_original/benign/c6ff36fb7710cc76aab81cfdbafebc4817bf4f7dddba51c8f9ed42d1f9f06f00.png
c70196defc74002c22658c8b601f8d7b3ba4fc3ed5ef1f6ee79cf34a932b6538,0,data/benign_original/benign/c70196defc74002c22658c8b601f8d7b3ba4fc3ed5ef1f6ee79cf34a932b6538.png
c710148f3e06dae67cf9de46218d6e7b22dc9dece638d2434f2d321bcfb144fd,0,data/benign_original/benign/c710148f3e06dae67cf9de46218d6e7b22dc9dece638d2434f2d321bcfb144fd.png
c714b53cfaa3e772994ebcfc8156305654caa0a7e2b5b8a318a85dbbb3987039,0,data/benign_original/benign/c714b53cfaa3e772994ebcfc8156305654caa0a7e2b5b8a318a85dbbb3987039.png
c719dfc0faba60957d7933fbe8018407fddc0f7827704e289e51ff2de03ae0cd,0,data/benign_original/benign/c719dfc0faba60957d7933fbe8018407fddc0f7827704e289e51ff2de03ae0cd.png
c71c1aa172b191e3107b3e0dad8065de82e3443025854b85e16e46db37caeaa3,0,data/benign_original/benign/c71c1aa172b191e3107b3e0dad8065de82e3443025854b85e16e46db37caeaa3.png
c721b4713c9e5164028ef163ccc8a23ba6c7af4de03cfcd0236cfa5cedcd7854,0,data/benign_original/benign/c721b4713c9e5164028ef163ccc8a23ba6c7af4de03cfcd0236cfa5cedcd7854.png
c7269592ece77706917a1242e19690f7a9f92f213f4a00540827591e4b2e3abb,0,data/benign_original/benign/c7269592ece77706917a1242e19690f7a9f92f213f4a00540827591e4b2e3abb.png
c749df60bdfc14b32882785604bd122b7af1640ca5d51839b74324999d93af19,0,data/benign_original/benign/c749df60bdfc14b32882785604bd122b7af1640ca5d51839b74324999d93af19.png
c74ea5674eec95105e5f0e1d0a67e0c3d328f2f7a00a20fe987a47353c26e559,0,data/benign_original/benign/c74ea5674eec95105e5f0e1d0a67e0c3d328f2f7a00a20fe987a47353c26e559.png
c754ccd1add042a35c71296816d61e922329e287bc608ffcdb1e2915c38e849e,0,data/benign_original/benign/c754ccd1add042a35c71296816d61e922329e287bc608ffcdb1e2915c38e849e.png
c76da1fe63e23c0508fea86cd19bc9347b50b06d900e83559e290af30086a305,0,data/benign_original/benign/c76da1fe63e23c0508fea86cd19bc9347b50b06d900e83559e290af30086a305.png
c76f0f5ab7dc235735d4d86565d3d83282a27b8ec3be24b293b75b7082969254,0,data/benign_original/benign/c76f0f5ab7dc235735d4d86565d3d83282a27b8ec3be24b293b75b7082969254.png
c7739012562be8188e394bbefcaaf04358f48a8043511c72d4baba664241fead,0,data/benign_original/benign/c7739012562be8188e394bbefcaaf04358f48a8043511c72d4baba664241fead.png
c77997c03b3a2f09fcd5484c2cb55a96d2082b4b3bcd0ca492077a965e2dd130,0,data/benign_original/benign/c77997c03b3a2f09fcd5484c2cb55a96d2082b4b3bcd0ca492077a965e2dd130.png
c77dbfbaacfdf407df26313a2ab470380d4beb4931a29d8077c10fba4a21e76f,0,data/benign_original/benign/c77dbfbaacfdf407df26313a2ab470380d4beb4931a29d8077c10fba4a21e76f.png
c787118694be0f10781fade2f42f45fc5207264deb7b2fb204d63492c3c7ea32,0,data/benign_original/benign/c787118694be0f10781fade2f42f45fc5207264deb7b2fb204d63492c3c7ea32.png
c7919be431ce2fa1906ff9eeb19e4cb19a30a4680107ef8737ce894654b21a5a,0,data/benign_original/benign/c7919be431ce2fa1906ff9eeb19e4cb19a30a4680107ef8737ce894654b21a5a.png
c79532e5d45e30c9c1e91158c4658ae9c42b3b61bef9c303e68e30282b314af4,0,data/benign_original/benign/c79532e5d45e30c9c1e91158c4658ae9c42b3b61bef9c303e68e30282b314af4.png
c7a4621dce77ccf65bea1df187ff84d258ccb8a20a79c3120c9c8585fa0aff7e,0,data/benign_original/benign/c7a4621dce77ccf65bea1df187ff84d258ccb8a20a79c3120c9c8585fa0aff7e.png
c7b1c8b5ed347ef570625b3322cc293e4fac17f91e1b3d455d4044315af0280d,0,data/benign_original/benign/c7b1c8b5ed347ef570625b3322cc293e4fac17f91e1b3d455d4044315af0280d.png
c7b8db5ea7a01cf28ce3ca7e3b7da0b9806af2a3a916b399d0f00fd55eed59f0,0,data/benign_original/benign/c7b8db5ea7a01cf28ce3ca7e3b7da0b9806af2a3a916b399d0f00fd55eed59f0.png
c7bece8dcd0dd98d240f3b627045e3a464a3b27314a61cbcb79a5ac4ed538ba0,0,data/benign_original/benign/c7bece8dcd0dd98d240f3b627045e3a464a3b27314a61cbcb79a5ac4ed538ba0.png
c7c03a87eac7243ccbe331554624b18803010b740e311fc8cfddb573096eacac,0,data/benign_original/benign/c7c03a87eac7243ccbe331554624b18803010b740e311fc8cfddb573096eacac.png
c7c0455fb3653063c4a91ea785e5ed9ebed50e749aec590e087997f2434a2cb9,0,data/benign_original/benign/c7c0455fb3653063c4a91ea785e5ed9ebed50e749aec590e087997f2434a2cb9.png
c7c2d8458115b0b76272f1f492f525e8e56c4264656c958b1058175cad4a1475,0,data/benign_original/benign/c7c2d8458115b0b76272f1f492f525e8e56c4264656c958b1058175cad4a1475.png
c7c9b7587fd62715f784203f9de513e4fdba9f66940631cca2c1bb9594335e46,0,data/benign_original/benign/c7c9b7587fd62715f784203f9de513e4fdba9f66940631cca2c1bb9594335e46.png
c7cd74ce80dd72ad084ac4716e11153b704e30d7896d844144a39cff6e75bec4,0,data/benign_original/benign/c7cd74ce80dd72ad084ac4716e11153b704e30d7896d844144a39cff6e75bec4.png
c7dd721e2a5e9c36d43b34e8ca96a727e456259a0ffb43e99d67da0ef942b728,0,data/benign_original/benign/c7dd721e2a5e9c36d43b34e8ca96a727e456259a0ffb43e99d67da0ef942b728.png
c7e0c6ac32af50d9fb77ef933b80a0ea704dc8de7b84f438f3fe9a696123363f,0,data/benign_original/benign/c7e0c6ac32af50d9fb77ef933b80a0ea704dc8de7b84f438f3fe9a696123363f.png
c7e2dd173f4c53dca7c098e56a9c451b926033fbaf984924fce2a3bbbc9821a9,0,data/benign_original/benign/c7e2dd173f4c53dca7c098e56a9c451b926033fbaf984924fce2a3bbbc9821a9.png
c7e4ba58c334f932cddf34081a6007c46cf70cfad460e706033ef105b5a1a849,0,data/benign_original/benign/c7e4ba58c334f932cddf34081a6007c46cf70cfad460e706033ef105b5a1a849.png
c7e67ac0f24c5b2ad057a6508e972371491a32a82a87bb68373463d60efaafa5,0,data/benign_original/benign/c7e67ac0f24c5b2ad057a6508e972371491a32a82a87bb68373463d60efaafa5.png
c7f15b3d375a0aabe596726aafa78512d3c4f4edec5f7fb6d78a93fc445916af,0,data/benign_original/benign/c7f15b3d375a0aabe596726aafa78512d3c4f4edec5f7fb6d78a93fc445916af.png
c7fe08fb0fc3e0026316e497428e6cfa4284e0bbbb62acf463c6e79accfc20b4,0,data/benign_original/benign/c7fe08fb0fc3e0026316e497428e6cfa4284e0bbbb62acf463c6e79accfc20b4.png
c7ffb571cf9c59e68f04760186f3d9cccf56f57c87fcc7a3f61b194773ea5d92,0,data/benign_original/benign/c7ffb571cf9c59e68f04760186f3d9cccf56f57c87fcc7a3f61b194773ea5d92.png
c8071db3c986769eb97ab8bce69c252a5881e7049d46a62788095bd674d8d9cf,0,data/benign_original/benign/c8071db3c986769eb97ab8bce69c252a5881e7049d46a62788095bd674d8d9cf.png
c82312131076ac0a8310dd8555dc85f560e3554ca9bf758026e9c7afc4690ea5,0,data/benign_original/benign/c82312131076ac0a8310dd8555dc85f560e3554ca9bf758026e9c7afc4690ea5.png
c825919a132fd9a704c82e7ed74a226182f58f505f27d08729a4ddfd5086003a,0,data/benign_original/benign/c825919a132fd9a704c82e7ed74a226182f58f505f27d08729a4ddfd5086003a.png
c8263221d49196fb9780081254507dca26f103fa47370e31cb3741bcf87b4872,0,data/benign_original/benign/c8263221d49196fb9780081254507dca26f103fa47370e31cb3741bcf87b4872.png
c828e32a7b4f9064d7058b97e236c7eff13a83778d3c1112206dd28b73336c84,0,data/benign_original/benign/c828e32a7b4f9064d7058b97e236c7eff13a83778d3c1112206dd28b73336c84.png
c834f7325e4324e41b9c21a1457ea740184c8e70f41f9d0edc9aced6e33dc792,0,data/benign_original/benign/c834f7325e4324e41b9c21a1457ea740184c8e70f41f9d0edc9aced6e33dc792.png
c837822583edab940d40369ab63cf160d883862aee787538d29f73a7fcfc04ac,0,data/benign_original/benign/c837822583edab940d40369ab63cf160d883862aee787538d29f73a7fcfc04ac.png
c8380dff0e2b9149f3e56829d09c5ee9bc44e71addd37dc46d913ce279bf3dc5,0,data/benign_original/benign/c8380dff0e2b9149f3e56829d09c5ee9bc44e71addd37dc46d913ce279bf3dc5.png
c83df1e3e21b36046c453cc3cf9a0cbe3539558ce8bc8dd0b7ebabf5b7634d5c,0,data/benign_original/benign/c83df1e3e21b36046c453cc3cf9a0cbe3539558ce8bc8dd0b7ebabf5b7634d5c.png
c8426c6542720dc879eeefe62b8b38b5592197890052b0afd907e34a028cba93,0,data/benign_original/benign/c8426c6542720dc879eeefe62b8b38b5592197890052b0afd907e34a028cba93.png
c847974a17e3c03979debbfc945082a260a206cb31bc825503808988c7a692a7,0,data/benign_original/benign/c847974a17e3c03979debbfc945082a260a206cb31bc825503808988c7a692a7.png
c848c740c0b2cb408861eb3d21c402680fa9f198f244bf70c31bcccb07e12d6d,0,data/benign_original/benign/c848c740c0b2cb408861eb3d21c402680fa9f198f244bf70c31bcccb07e12d6d.png
c84b677cf47875f172a06eb34b776dfcbbdbadc9cf47a813e8c288298b1cb347,0,data/benign_original/benign/c84b677cf47875f172a06eb34b776dfcbbdbadc9cf47a813e8c288298b1cb347.png
c861ae1201c1ae259c05a3e297e98749eddbadaf649d60aba55f6706f2057652,0,data/benign_original/benign/c861ae1201c1ae259c05a3e297e98749eddbadaf649d60aba55f6706f2057652.png
c868de65f85ad5d2c989e3602f9f223e25b559a00103455455ef927313d5fd15,0,data/benign_original/benign/c868de65f85ad5d2c989e3602f9f223e25b559a00103455455ef927313d5fd15.png
c8815316c65e6449e742a792a415a5e59dd42d62a3ede7a980a20a9c72db89a2,0,data/benign_original/benign/c8815316c65e6449e742a792a415a5e59dd42d62a3ede7a980a20a9c72db89a2.png
c882f2a0503cd1e7a3e36c6ec34026b45f10260bbdc2854adf26ddb0f4b1c466,0,data/benign_original/benign/c882f2a0503cd1e7a3e36c6ec34026b45f10260bbdc2854adf26ddb0f4b1c466.png
c889250e098f596124661de70388839636eb85a9a4f9fe7d94328e31d4eb5b9e,0,data/benign_original/benign/c889250e098f596124661de70388839636eb85a9a4f9fe7d94328e31d4eb5b9e.png
c88c5186200a068917de0bfacf91abfe643281d253928151315dfc1128b298e9,0,data/benign_original/benign/c88c5186200a068917de0bfacf91abfe643281d253928151315dfc1128b298e9.png
c894226623fda76dd06b7799eb609c1604bfc598a809f175f6149863683e646c,0,data/benign_original/benign/c894226623fda76dd06b7799eb609c1604bfc598a809f175f6149863683e646c.png
c89968589db81d5f6d3f17d45515015881710bf1f1eb302ec0bb36387f196941,0,data/benign_original/benign/c89968589db81d5f6d3f17d45515015881710bf1f1eb302ec0bb36387f196941.png
c8a0eebccc746daef3270ddd170d030ddee6f9c6ac09dc6a41b4d5fb6b1aa4d6,0,data/benign_original/benign/c8a0eebccc746daef3270ddd170d030ddee6f9c6ac09dc6a41b4d5fb6b1aa4d6.png
c8a1fd23b831c97ecaaf88bd6bd7fc0f25cf17456c36ca08a9f2467414ddc610,0,data/benign_original/benign/c8a1fd23b831c97ecaaf88bd6bd7fc0f25cf17456c36ca08a9f2467414ddc610.png
c8a42d2f26ad3acc9a7846ae5476a02869693b625e306d0afa5339521e400c7c,0,data/benign_original/benign/c8a42d2f26ad3acc9a7846ae5476a02869693b625e306d0afa5339521e400c7c.png
c8ac07f3a3543f0051dbb44b6f18c8eaf29b819b1e7afc2769a25ff74b8c2c73,0,data/benign_original/benign/c8ac07f3a3543f0051dbb44b6f18c8eaf29b819b1e7afc2769a25ff74b8c2c73.png
c8ad8f098bd877be27ed332654f43e94795fff88908c8cf43f1af495b9140443,0,data/benign_original/benign/c8ad8f098bd877be27ed332654f43e94795fff88908c8cf43f1af495b9140443.png
c8b2b61891f08be83a88c18917cc59565fdac3e386d1454e56d01cba11dfab22,0,data/benign_original/benign/c8b2b61891f08be83a88c18917cc59565fdac3e386d1454e56d01cba11dfab22.png
c8bd7bbcacade55c08a9fe5f4b9aa2533c6ba69fb540918b9d090a77b402e0e7,0,data/benign_original/benign/c8bd7bbcacade55c08a9fe5f4b9aa2533c6ba69fb540918b9d090a77b402e0e7.png
c8cacd714ca4de52592f1f336f68707f11501caabf2c18c8c2c7f30e430f046a,0,data/benign_original/benign/c8cacd714ca4de52592f1f336f68707f11501caabf2c18c8c2c7f30e430f046a.png
c8cca8099b7055c7dd2ae32c091e62e1ec5765b6d0c8f777729499fbe0f64e56,0,data/benign_original/benign/c8cca8099b7055c7dd2ae32c091e62e1ec5765b6d0c8f777729499fbe0f64e56.png
c90245742312ebae5bfddf5431fa8211d4d2c5d4c2dad0a80055a805498c7aee,0,data/benign_original/benign/c90245742312ebae5bfddf5431fa8211d4d2c5d4c2dad0a80055a805498c7aee.png
c90ba23a7935a5a6143d4a97d05e120c6955a83ff035bbab5c1ab4eabd539003,0,data/benign_original/benign/c90ba23a7935a5a6143d4a97d05e120c6955a83ff035bbab5c1ab4eabd539003.png
c912cf87c3e86faef0a72a2c215b5e27f1de009a21eb4ceb87d24ede8558422e,0,data/benign_original/benign/c912cf87c3e86faef0a72a2c215b5e27f1de009a21eb4ceb87d24ede8558422e.png
c913edbd99eb9b97eeda4439ffa5f2a7422863c6033cce17f5143b01475666e9,0,data/benign_original/benign/c913edbd99eb9b97eeda4439ffa5f2a7422863c6033cce17f5143b01475666e9.png
c92070147bdcae8230a5a15cfbdb0dba0d8ee9fb1d6d5f2770a9350032c625d1,0,data/benign_original/benign/c92070147bdcae8230a5a15cfbdb0dba0d8ee9fb1d6d5f2770a9350032c625d1.png
c92811a59fb7a114a8f589ca3c7fa97953f427819466f97f62106d25f25da208,0,data/benign_original/benign/c92811a59fb7a114a8f589ca3c7fa97953f427819466f97f62106d25f25da208.png
c92f5e3f22cbe98ed0fef8c3bf161539a4290eaeb8ea6140e67d26c0550aa3ae,0,data/benign_original/benign/c92f5e3f22cbe98ed0fef8c3bf161539a4290eaeb8ea6140e67d26c0550aa3ae.png
c9307fca402fae76443ecf405c9fd27ec89f59ea51f39a2417443bc3154147a6,0,data/benign_original/benign/c9307fca402fae76443ecf405c9fd27ec89f59ea51f39a2417443bc3154147a6.png
c93cc6df2b87fec0beb52c6b4189da7cf45e9bbbc5843572b65d5a0419ad8c56,0,data/benign_original/benign/c93cc6df2b87fec0beb52c6b4189da7cf45e9bbbc5843572b65d5a0419ad8c56.png
c93ef15b48b1132532e54bab858080829d92c701de44e0a6da38f037d5a9bf64,0,data/benign_original/benign/c93ef15b48b1132532e54bab858080829d92c701de44e0a6da38f037d5a9bf64.png
c94302bdbff3aed0eb17c92bd5ecd64a543b611d39bcdb4ae52f30d3a930e654,0,data/benign_original/benign/c94302bdbff3aed0eb17c92bd5ecd64a543b611d39bcdb4ae52f30d3a930e654.png
c94ac2f3b2dcd85da4c0f23fb6bf17b7d8107e9d7e06901af19f0b2412221d4a,0,data/benign_original/benign/c94ac2f3b2dcd85da4c0f23fb6bf17b7d8107e9d7e06901af19f0b2412221d4a.png
c94ae23e37aa37ca8327efef1f7c2a07789c083aaf343afcd0bde77d9453b013,0,data/benign_original/benign/c94ae23e37aa37ca8327efef1f7c2a07789c083aaf343afcd0bde77d9453b013.png
c94c022aaad74f54b575bab6e92c2f822f9a74e722fca0eadb755fc27a60930d,0,data/benign_original/benign/c94c022aaad74f54b575bab6e92c2f822f9a74e722fca0eadb755fc27a60930d.png
c9515e6037be94251c215d5ab9997e68df5b024d008d2adb0b58c9e3cca68af0,0,data/benign_original/benign/c9515e6037be94251c215d5ab9997e68df5b024d008d2adb0b58c9e3cca68af0.png
c95415caa1af539eda48827860ac92d6a183f4ef5e61ac37b304287315c3c9bf,0,data/benign_original/benign/c95415caa1af539eda48827860ac92d6a183f4ef5e61ac37b304287315c3c9bf.png
c9541af1d88cd6d38f1e6eba2fd7eacce3c1181166e50b523ed7cedb92fea045,0,data/benign_original/benign/c9541af1d88cd6d38f1e6eba2fd7eacce3c1181166e50b523ed7cedb92fea045.png
c95480832ae82e143bf7d0757310feda61a9b5ee0964b7040c4c662ab03daf1f,0,data/benign_original/benign/c95480832ae82e143bf7d0757310feda61a9b5ee0964b7040c4c662ab03daf1f.png
c960960d87651944fd8350833b0bcb545aa19bbc784bee6952286f7e29f2c8aa,0,data/benign_original/benign/c960960d87651944fd8350833b0bcb545aa19bbc784bee6952286f7e29f2c8aa.png
c96129be4fd6e5084a1c3a1ad37bb1622b7ffdd80d01588a9ca6529a95114c16,0,data/benign_original/benign/c96129be4fd6e5084a1c3a1ad37bb1622b7ffdd80d01588a9ca6529a95114c16.png
c9615489b37f29412a4a195745c77f82515693afc33b6f0704439856d081e072,0,data/benign_original/benign/c9615489b37f29412a4a195745c77f82515693afc33b6f0704439856d081e072.png
c963509ce56434a6188cf14b1af666703dddccdc36cb006de0dddfddc1307f5f,0,data/benign_original/benign/c963509ce56434a6188cf14b1af666703dddccdc36cb006de0dddfddc1307f5f.png
c9779f1e7c3e3ab547039f643dcb32835475709a881d2b646cdfcb26cea0d132,0,data/benign_original/benign/c9779f1e7c3e3ab547039f643dcb32835475709a881d2b646cdfcb26cea0d132.png
c979b7405afdb14f56029dabb26bf39a2a00e4d2da34c9c81e0dc3f9cf4c398e,0,data/benign_original/benign/c979b7405afdb14f56029dabb26bf39a2a00e4d2da34c9c81e0dc3f9cf4c398e.png
c9896d16c35ba2a453d24e7643d7b34e5c2353f63ea6eb7a527a542ebcf4e49a,0,data/benign_original/benign/c9896d16c35ba2a453d24e7643d7b34e5c2353f63ea6eb7a527a542ebcf4e49a.png
c99334ffad747832a3e8089e05269b213b7f3a9262e03d4376c36e87718d00b7,0,data/benign_original/benign/c99334ffad747832a3e8089e05269b213b7f3a9262e03d4376c36e87718d00b7.png
c9953c28cf75d51bf9d3e44e195d6b7bfc6728a370c2028871eb661621336e32,0,data/benign_original/benign/c9953c28cf75d51bf9d3e44e195d6b7bfc6728a370c2028871eb661621336e32.png
c9994c6272d2b503d513bf1f98cebea9d9847d7286afe079e288bedab36ab7e5,0,data/benign_original/benign/c9994c6272d2b503d513bf1f98cebea9d9847d7286afe079e288bedab36ab7e5.png
c9b6250e336f99e3c4c97662f414091a1b128cfa931cef758dfbc2ce639a04eb,0,data/benign_original/benign/c9b6250e336f99e3c4c97662f414091a1b128cfa931cef758dfbc2ce639a04eb.png
c9bbf98fd1fdf92d0a34186aa4f7fae0b6d10b74a41ac31276599cc139f327b3,0,data/benign_original/benign/c9bbf98fd1fdf92d0a34186aa4f7fae0b6d10b74a41ac31276599cc139f327b3.png
c9c132f072547b21e06dd82cfcc8e44c17299f3c06a688b612ef515abc0a07e4,0,data/benign_original/benign/c9c132f072547b21e06dd82cfcc8e44c17299f3c06a688b612ef515abc0a07e4.png
c9c5f731ebdd159af3a04315107898a563ab0c3ca8169d8ba72258b709aa5633,0,data/benign_original/benign/c9c5f731ebdd159af3a04315107898a563ab0c3ca8169d8ba72258b709aa5633.png
c9c62dcd085c26beb217734a58d16a57fad4857d510084f75b673394bc5b8684,0,data/benign_original/benign/c9c62dcd085c26beb217734a58d16a57fad4857d510084f75b673394bc5b8684.png
c9c8b8b65418d4a48f5c524d24974350c445fabeba24b432445a2e858107ec14,0,data/benign_original/benign/c9c8b8b65418d4a48f5c524d24974350c445fabeba24b432445a2e858107ec14.png
c9d6ba43bb07468bdb0ce25a66a8bbb5d019ed66e543e18a3d90117b9093a9fd,0,data/benign_original/benign/c9d6ba43bb07468bdb0ce25a66a8bbb5d019ed66e543e18a3d90117b9093a9fd.png
c9da9b0eb3a4e8dcc9080546bc74d922d179d186493a9af7473c42fb49ded1db,0,data/benign_original/benign/c9da9b0eb3a4e8dcc9080546bc74d922d179d186493a9af7473c42fb49ded1db.png
c9f1467221b1ab2a40fca1d88b27d90a0626b4e71f122554501cb645e84dc85e,0,data/benign_original/benign/c9f1467221b1ab2a40fca1d88b27d90a0626b4e71f122554501cb645e84dc85e.png
c9f4fbe17da7a83390acb1e38b4ab741d6fcb6569b63fe481ca5693b23d4b828,0,data/benign_original/benign/c9f4fbe17da7a83390acb1e38b4ab741d6fcb6569b63fe481ca5693b23d4b828.png
c9f58b5cb02af9258e6f3acf3d5657128ba1291c7b7279e1dd05902ef0d7331e,0,data/benign_original/benign/c9f58b5cb02af9258e6f3acf3d5657128ba1291c7b7279e1dd05902ef0d7331e.png
c9f7b2f2687740a2ca76abe62f956a3ad0f2477be8c5c7a4f31b36efb5c1abcb,0,data/benign_original/benign/c9f7b2f2687740a2ca76abe62f956a3ad0f2477be8c5c7a4f31b36efb5c1abcb.png
c9ff173c19d77bb7c5683d65608d876b7577faba3be3bdfb08880344d189ef6f,0,data/benign_original/benign/c9ff173c19d77bb7c5683d65608d876b7577faba3be3bdfb08880344d189ef6f.png
ca0139d25f586eda5ddaebdb47e0df4bd4e78d96b4797151d51f028f3752e2fe,0,data/benign_original/benign/ca0139d25f586eda5ddaebdb47e0df4bd4e78d96b4797151d51f028f3752e2fe.png
ca176b32589ae38d689f8730856cf10f4bd63cda04bdc17a700d02d32c2aa3e9,0,data/benign_original/benign/ca176b32589ae38d689f8730856cf10f4bd63cda04bdc17a700d02d32c2aa3e9.png
ca195b7ee7aee29e6417acf0e6c1736d9aac76890a622eb62ed137394fc6f2b9,0,data/benign_original/benign/ca195b7ee7aee29e6417acf0e6c1736d9aac76890a622eb62ed137394fc6f2b9.png
ca1a13c37e307553c4f28d916226f4279b6df455bbc105ba339e4599cb9a6496,0,data/benign_original/benign/ca1a13c37e307553c4f28d916226f4279b6df455bbc105ba339e4599cb9a6496.png
ca1d0340bbcfe136ce2aa9046bb2c2e41d5863596d1210c0eddb39918756d152,0,data/benign_original/benign/ca1d0340bbcfe136ce2aa9046bb2c2e41d5863596d1210c0eddb39918756d152.png
ca263b6cfc64cf0eef96bf87ec4442c155acaa27dcded8badba935d703e9697d,0,data/benign_original/benign/ca263b6cfc64cf0eef96bf87ec4442c155acaa27dcded8badba935d703e9697d.png
ca2c2ecaa04b28356cd15ef271bc67285ffb29e2c79b9a22f8e01732cc4e9fbd,0,data/benign_original/benign/ca2c2ecaa04b28356cd15ef271bc67285ffb29e2c79b9a22f8e01732cc4e9fbd.png
ca30435a1774e5904473dc37a1a56754227b41097d5cb9fbac60fd0409ded1f1,0,data/benign_original/benign/ca30435a1774e5904473dc37a1a56754227b41097d5cb9fbac60fd0409ded1f1.png
ca36f845560bd78bb5deff610ee127d72a8bf1fdb72116dd4e3b2b571bfda0cb,0,data/benign_original/benign/ca36f845560bd78bb5deff610ee127d72a8bf1fdb72116dd4e3b2b571bfda0cb.png
ca4713be461f1485d70c479225bbbc71e895e3a4e17cb738e41180bdd9a85a28,0,data/benign_original/benign/ca4713be461f1485d70c479225bbbc71e895e3a4e17cb738e41180bdd9a85a28.png
ca4f8e65c536abc5b47a23d191d41d6d7c4abb78934ef57c9d9a5a94227f197c,0,data/benign_original/benign/ca4f8e65c536abc5b47a23d191d41d6d7c4abb78934ef57c9d9a5a94227f197c.png
ca4ffc42942b2a45a6b4a2bd06f213720862102539c64d40efb7261286f011a3,0,data/benign_original/benign/ca4ffc42942b2a45a6b4a2bd06f213720862102539c64d40efb7261286f011a3.png
ca51150e82385e4e9a9b81a6200bd33a962a7d535eb6fcac33aa43c2ecdd30c6,0,data/benign_original/benign/ca51150e82385e4e9a9b81a6200bd33a962a7d535eb6fcac33aa43c2ecdd30c6.png
ca672731d18721cd94165b59008297e7f5093765cd57edf55e041d2ab01d08b0,0,data/benign_original/benign/ca672731d18721cd94165b59008297e7f5093765cd57edf55e041d2ab01d08b0.png
ca6e50a4d7a07d9f79499d83db567964a92e72e3ce5cb3f706e9f387a25d9f68,0,data/benign_original/benign/ca6e50a4d7a07d9f79499d83db567964a92e72e3ce5cb3f706e9f387a25d9f68.png
ca77d1c6a7470b887e2681fcac6d88e8af0cc2e11281c069635e568e2fef05ce,0,data/benign_original/benign/ca77d1c6a7470b887e2681fcac6d88e8af0cc2e11281c069635e568e2fef05ce.png
caa77a4e5a7127f3e46c0268f0b954735a48bc402e27d19b93864f56dffe9ccb,0,data/benign_original/benign/caa77a4e5a7127f3e46c0268f0b954735a48bc402e27d19b93864f56dffe9ccb.png
cab66576fb3f8f8750ee98a261688984e053fc0142b2b6d5cd310b68d40bed6e,0,data/benign_original/benign/cab66576fb3f8f8750ee98a261688984e053fc0142b2b6d5cd310b68d40bed6e.png
cabaab829816d80464733477b5d1434254672f5a5e1d23c9727f719e8b0edf3b,0,data/benign_original/benign/cabaab829816d80464733477b5d1434254672f5a5e1d23c9727f719e8b0edf3b.png
cac0bdad4d076ff2fa8ca7327ae586bbb3421c0ad8ad0d55f6e352dd483da47a,0,data/benign_original/benign/cac0bdad4d076ff2fa8ca7327ae586bbb3421c0ad8ad0d55f6e352dd483da47a.png
cac4f778c037844f8b221400f499a8a342d2813d64cfd82839bbf6f701be676a,0,data/benign_original/benign/cac4f778c037844f8b221400f499a8a342d2813d64cfd82839bbf6f701be676a.png
cac6346b7ea39f0c7b21e37951fa62cc68d0220968c11970c2fe91e03514ed0b,0,data/benign_original/benign/cac6346b7ea39f0c7b21e37951fa62cc68d0220968c11970c2fe91e03514ed0b.png
cac92c32a3518d982a09a399e16f46823f21491afd99846185279f672a762810,0,data/benign_original/benign/cac92c32a3518d982a09a399e16f46823f21491afd99846185279f672a762810.png
cae59bdfecb5b2bdfcab22af171281872dbe296b42359b3b8dd58275d619cb12,0,data/benign_original/benign/cae59bdfecb5b2bdfcab22af171281872dbe296b42359b3b8dd58275d619cb12.png
caef603d0522e04fa2cf752388d7174cd9c15fa8377d71cdc624b0db0f850f5e,0,data/benign_original/benign/caef603d0522e04fa2cf752388d7174cd9c15fa8377d71cdc624b0db0f850f5e.png
caf1abda88e4fa35201891fe9e81f504fde17b59debdd603216df890e70c7c9a,0,data/benign_original/benign/caf1abda88e4fa35201891fe9e81f504fde17b59debdd603216df890e70c7c9a.png
caf68c696e8f34db1c88306da8d20fc141add8d163f64874eac3f0dea87a5514,0,data/benign_original/benign/caf68c696e8f34db1c88306da8d20fc141add8d163f64874eac3f0dea87a5514.png
cb0cd98b49ca9466e75e487be1e6f7c1105633d7700f69b71ad0e40d393d8381,0,data/benign_original/benign/cb0cd98b49ca9466e75e487be1e6f7c1105633d7700f69b71ad0e40d393d8381.png
cb1362efa3352ffcca7df24e104e932db5e9a2ea229ad8b2b82c3f988acb215e,0,data/benign_original/benign/cb1362efa3352ffcca7df24e104e932db5e9a2ea229ad8b2b82c3f988acb215e.png
cb1454687b08797f9cd506fde40157d5688c4494772f0836054bf75f5a2bb468,0,data/benign_original/benign/cb1454687b08797f9cd506fde40157d5688c4494772f0836054bf75f5a2bb468.png
cb1e90a3f433b6b56116aec5496c96635e5d3fdb89b098598245e56e96b14ad4,0,data/benign_original/benign/cb1e90a3f433b6b56116aec5496c96635e5d3fdb89b098598245e56e96b14ad4.png
cb25a5a07c875285f2c78b20f0ab804416af833d290a3cf17f1fec67f51a4e51,0,data/benign_original/benign/cb25a5a07c875285f2c78b20f0ab804416af833d290a3cf17f1fec67f51a4e51.png
cb30761837630f8e0080dca07852b2c90f0f50825450bf40b42f95ddab52576f,0,data/benign_original/benign/cb30761837630f8e0080dca07852b2c90f0f50825450bf40b42f95ddab52576f.png
cb3783736b61c9aca15d09e4b8baa8dd722653b9554cc974b8f9850a1bc4e54a,0,data/benign_original/benign/cb3783736b61c9aca15d09e4b8baa8dd722653b9554cc974b8f9850a1bc4e54a.png
cb3c74d6fcc091f4eb7c67ee5eb5f76c1c973dea8b1c6b851fcca62c2a9d8aa8,0,data/benign_original/benign/cb3c74d6fcc091f4eb7c67ee5eb5f76c1c973dea8b1c6b851fcca62c2a9d8aa8.png
cb3fbd5496266b6cd0a3e7f4b54e8a033688c07f457d1d3c82700d7b12836b84,0,data/benign_original/benign/cb3fbd5496266b6cd0a3e7f4b54e8a033688c07f457d1d3c82700d7b12836b84.png
cb4493087dc266458f866bb8763d4682fe5245087cd707dbec4d8ac7f138b062,0,data/benign_original/benign/cb4493087dc266458f866bb8763d4682fe5245087cd707dbec4d8ac7f138b062.png
cb548e26ed3c9a1550374e66b497d68f80a2e8129f098d77cabc4c25698c4347,0,data/benign_original/benign/cb548e26ed3c9a1550374e66b497d68f80a2e8129f098d77cabc4c25698c4347.png
cb5e88632388c98840a5cc26b3770fd9494b1ac64d4de1f93dfa2c817146fc17,0,data/benign_original/benign/cb5e88632388c98840a5cc26b3770fd9494b1ac64d4de1f93dfa2c817146fc17.png
cb5f876064f4173c5692fee040938181ad34fdc40144fc255bbdd93a06ca7fa6,0,data/benign_original/benign/cb5f876064f4173c5692fee040938181ad34fdc40144fc255bbdd93a06ca7fa6.png
cb74dee42632148ae96441e6f4098047c6bb17e4825d6445f566c9b3d432de5a,0,data/benign_original/benign/cb74dee42632148ae96441e6f4098047c6bb17e4825d6445f566c9b3d432de5a.png
cb8cde3767d8e38655f63aaa24e43c5c4b0aa629dd57af7e79b24d079d2bc605,0,data/benign_original/benign/cb8cde3767d8e38655f63aaa24e43c5c4b0aa629dd57af7e79b24d079d2bc605.png
cb94128b95e1942eb4501223a6d3b06108a635d1b52490d425f7fbc5ab621d58,0,data/benign_original/benign/cb94128b95e1942eb4501223a6d3b06108a635d1b52490d425f7fbc5ab621d58.png
cb99767f1795f42a6ef5fdb177d36d29015ca1ac20ce5752a93b1dd1d893138f,0,data/benign_original/benign/cb99767f1795f42a6ef5fdb177d36d29015ca1ac20ce5752a93b1dd1d893138f.png
cbab585e48746b4e40b876475bab062ee78ba45baba8c40d152f5316b60add11,0,data/benign_original/benign/cbab585e48746b4e40b876475bab062ee78ba45baba8c40d152f5316b60add11.png
cbac6013170047b80dfb05bd9598cf8c5d4cfb86d137abd229c340c4eb2d3e9b,0,data/benign_original/benign/cbac6013170047b80dfb05bd9598cf8c5d4cfb86d137abd229c340c4eb2d3e9b.png
cbadc31e44be0dd820a6e719dea5bdbd310a78edf97e61e41c75582d92a6a112,0,data/benign_original/benign/cbadc31e44be0dd820a6e719dea5bdbd310a78edf97e61e41c75582d92a6a112.png
cbadebb1f6eec8b45b89789d4a7b7d3588f1f208a478c359296707f1ca77eda0,0,data/benign_original/benign/cbadebb1f6eec8b45b89789d4a7b7d3588f1f208a478c359296707f1ca77eda0.png
cbaeb417b4814df755dc85dc249142b4687e6fe341b1c0f2d8f08d440ae80808,0,data/benign_original/benign/cbaeb417b4814df755dc85dc249142b4687e6fe341b1c0f2d8f08d440ae80808.png
cbba5d94849dc64fb3d3a18111d6de7140a88e1773893c8282fcf7fbd602656e,0,data/benign_original/benign/cbba5d94849dc64fb3d3a18111d6de7140a88e1773893c8282fcf7fbd602656e.png
cbc0add21b825fc81fb3aa04c61869afbaa03bf3e0bc67df5aa24ed349cf0cb9,0,data/benign_original/benign/cbc0add21b825fc81fb3aa04c61869afbaa03bf3e0bc67df5aa24ed349cf0cb9.png
cbc12251024fba65f7e31b34f4377a9c161c08a48012b03a3e6f4857684c6a56,0,data/benign_original/benign/cbc12251024fba65f7e31b34f4377a9c161c08a48012b03a3e6f4857684c6a56.png
cbf1220a5c56026ec3185f19759a8d72e9d0b135417ad8a45a95e5b88ea95c23,0,data/benign_original/benign/cbf1220a5c56026ec3185f19759a8d72e9d0b135417ad8a45a95e5b88ea95c23.png
cc1838e0712883b114cea4d41004138bc5076a4fb1725dbe6c1a85d0eb4f0a22,0,data/benign_original/benign/cc1838e0712883b114cea4d41004138bc5076a4fb1725dbe6c1a85d0eb4f0a22.png
cc371a7e3271016d4f56113531a8c14900e944efcafc7e9a17396c90ed4b5334,0,data/benign_original/benign/cc371a7e3271016d4f56113531a8c14900e944efcafc7e9a17396c90ed4b5334.png
cc38686e7f04f9dc906b9e3b160fceb7165dab751ebec28e95539e59bcb828ee,0,data/benign_original/benign/cc38686e7f04f9dc906b9e3b160fceb7165dab751ebec28e95539e59bcb828ee.png
cc48c0c10d3f7489f9126fd03144a6a015c3374268cb75fa699fc3b215924ce7,0,data/benign_original/benign/cc48c0c10d3f7489f9126fd03144a6a015c3374268cb75fa699fc3b215924ce7.png
cc4a3d790633b5b02ac03e5a1ad097412f3b42a3adb860cd85a468a7619f7ffc,0,data/benign_original/benign/cc4a3d790633b5b02ac03e5a1ad097412f3b42a3adb860cd85a468a7619f7ffc.png
cc559cdbee12ecc2c3c85aa79e2aafee8ba446e9b52beb36db1b35f94e535199,0,data/benign_original/benign/cc559cdbee12ecc2c3c85aa79e2aafee8ba446e9b52beb36db1b35f94e535199.png
cc599654fcaa6406e686560064e6d359b78364b209104044d03357049cee49db,0,data/benign_original/benign/cc599654fcaa6406e686560064e6d359b78364b209104044d03357049cee49db.png
cc5f914b7b5ae8ca66465364081797df9043c1fd43b20624c3ee45a7ca0e92c0,0,data/benign_original/benign/cc5f914b7b5ae8ca66465364081797df9043c1fd43b20624c3ee45a7ca0e92c0.png
cc6c2fdf1c34fa82036165b111f91220bcf7e43aab79dfb284f982f0590bebb1,0,data/benign_original/benign/cc6c2fdf1c34fa82036165b111f91220bcf7e43aab79dfb284f982f0590bebb1.png
cc787afde4bfe04d756c283b49ebb5a411eddcc8711cd432e6cf17ff54748e4a,0,data/benign_original/benign/cc787afde4bfe04d756c283b49ebb5a411eddcc8711cd432e6cf17ff54748e4a.png
cc7d2e35fa5f1fb7ed8b0404857d1c01fd9021c721378e66ff8b7cb5dedc64cb,0,data/benign_original/benign/cc7d2e35fa5f1fb7ed8b0404857d1c01fd9021c721378e66ff8b7cb5dedc64cb.png
cc7e49b1cb0eeb770032248630a4352b7a420705788684ca94af2f7492ed46f0,0,data/benign_original/benign/cc7e49b1cb0eeb770032248630a4352b7a420705788684ca94af2f7492ed46f0.png
cc86ea469431f5685f961ef3b97ca97580a6d917128599484f7c3e250bc4ff42,0,data/benign_original/benign/cc86ea469431f5685f961ef3b97ca97580a6d917128599484f7c3e250bc4ff42.png
cc95a1b42a633da1d8b21bf6bc6ccd45616b344a8e03399c9e5081930cc99d24,0,data/benign_original/benign/cc95a1b42a633da1d8b21bf6bc6ccd45616b344a8e03399c9e5081930cc99d24.png
ccad260b60f9b67d377c68505afcc4f424160c26dfd47ec9c0cff589dc7dd302,0,data/benign_original/benign/ccad260b60f9b67d377c68505afcc4f424160c26dfd47ec9c0cff589dc7dd302.png
ccaf41e616b9a872d35c8083cbf8fdc14371fa3ef159fe699514643c26a4ebf3,0,data/benign_original/benign/ccaf41e616b9a872d35c8083cbf8fdc14371fa3ef159fe699514643c26a4ebf3.png
ccb974c24ddfa7446278ca55fc8b236d0605d2caaf273db8390d1813fc70cd5b,0,data/benign_original/benign/ccb974c24ddfa7446278ca55fc8b236d0605d2caaf273db8390d1813fc70cd5b.png
ccca8b15b974977c0fe467df44df99451900521173ae602d8c144172fed67187,0,data/benign_original/benign/ccca8b15b974977c0fe467df44df99451900521173ae602d8c144172fed67187.png
ccccd967eaed92d2f76cb57a4e5984ced36fd1337d0b8128b523a8c3c0c7d2ad,0,data/benign_original/benign/ccccd967eaed92d2f76cb57a4e5984ced36fd1337d0b8128b523a8c3c0c7d2ad.png
ccd29e453d3f3fec842b3e2249ae962cb1968c83d9a0bf0744c6d6aabe0f4caf,0,data/benign_original/benign/ccd29e453d3f3fec842b3e2249ae962cb1968c83d9a0bf0744c6d6aabe0f4caf.png
ccdf71a503591da83285ceab1f31a5c2c63043bc051d9ebde1ab4dcc05a764b8,0,data/benign_original/benign/ccdf71a503591da83285ceab1f31a5c2c63043bc051d9ebde1ab4dcc05a764b8.png
cceeb68ce4ff863df3b1abfe5bbd3a3f78e9f800630a987cdf1fe2677715dae0,0,data/benign_original/benign/cceeb68ce4ff863df3b1abfe5bbd3a3f78e9f800630a987cdf1fe2677715dae0.png
ccf6e9481c276976c2287defd37a1ad175c1b6b9feaf22a2a9d8f6a5be17a992,0,data/benign_original/benign/ccf6e9481c276976c2287defd37a1ad175c1b6b9feaf22a2a9d8f6a5be17a992.png
ccfc0796348df325e56d1a2f5c3b2f98a16a9d15352cba95f3d1d345817d84e2,0,data/benign_original/benign/ccfc0796348df325e56d1a2f5c3b2f98a16a9d15352cba95f3d1d345817d84e2.png
cd010d87c17d9b6e2c61d917526d7f27ef9e852a8c2b1d0210b9dc6123e117a4,0,data/benign_original/benign/cd010d87c17d9b6e2c61d917526d7f27ef9e852a8c2b1d0210b9dc6123e117a4.png
cd035ab055e6ca03d65e5566a021cfc11179a85135b18b1e9841d4a4184efce3,0,data/benign_original/benign/cd035ab055e6ca03d65e5566a021cfc11179a85135b18b1e9841d4a4184efce3.png
cd03a9ef13123c1b9ce3d92b9e9fd9b9682c9f66c167dd8a326e4bd0acff73f2,0,data/benign_original/benign/cd03a9ef13123c1b9ce3d92b9e9fd9b9682c9f66c167dd8a326e4bd0acff73f2.png
cd0c5c068f5e31d1480267c9b8dc902f2f4cd056aa297762758d940c43f9b378,0,data/benign_original/benign/cd0c5c068f5e31d1480267c9b8dc902f2f4cd056aa297762758d940c43f9b378.png
cd0f8aa90882f7da9ca8fb69b0674a0793db6e3cf3efe526c5d99eaaf9c447fc,0,data/benign_original/benign/cd0f8aa90882f7da9ca8fb69b0674a0793db6e3cf3efe526c5d99eaaf9c447fc.png
cd174eacbbd4074940b8b9fde2ddbf445667844b68f32ed725377ac9672e344b,0,data/benign_original/benign/cd174eacbbd4074940b8b9fde2ddbf445667844b68f32ed725377ac9672e344b.png
cd219cd951e2cc41468dd0478f9896bd6d8d4f628a0914d9c3a16f5d65ac02dc,0,data/benign_original/benign/cd219cd951e2cc41468dd0478f9896bd6d8d4f628a0914d9c3a16f5d65ac02dc.png
cd2210b4b102a67f796ff1ddb3b4c0f6d91cea4c996d8cf4a620f56ee1a62064,0,data/benign_original/benign/cd2210b4b102a67f796ff1ddb3b4c0f6d91cea4c996d8cf4a620f56ee1a62064.png
cd2cbc4db386eee0149e6fc2bf81fdcee5bdf3435d4a77a18807b03f58858400,0,data/benign_original/benign/cd2cbc4db386eee0149e6fc2bf81fdcee5bdf3435d4a77a18807b03f58858400.png
cd31e41dbb658f329312485662aba9c1d280b0a0c0646ff12763a66412ff9fdc,0,data/benign_original/benign/cd31e41dbb658f329312485662aba9c1d280b0a0c0646ff12763a66412ff9fdc.png
cd320525d5dce5ea90a5075634ef9db636b42d6fc22ec5dc9fa7b933d44f2d10,0,data/benign_original/benign/cd320525d5dce5ea90a5075634ef9db636b42d6fc22ec5dc9fa7b933d44f2d10.png
cd418e2f13651b835c99fb886689e88ed6a939c92c16abfdab63827f963b4034,0,data/benign_original/benign/cd418e2f13651b835c99fb886689e88ed6a939c92c16abfdab63827f963b4034.png
cd48756e96740f84a2aacd6c308997a4a36a953cd77f50cb54c27915a5c5c302,0,data/benign_original/benign/cd48756e96740f84a2aacd6c308997a4a36a953cd77f50cb54c27915a5c5c302.png
cd49621a6b09f8883349321eec5a1c6737e7df84d4482480b3fc28b82d6b941b,0,data/benign_original/benign/cd49621a6b09f8883349321eec5a1c6737e7df84d4482480b3fc28b82d6b941b.png
cd4c3e3206c0c5bbc5a59d65a337fe2f14f5ed53ae3b51643c0b320a679ea894,0,data/benign_original/benign/cd4c3e3206c0c5bbc5a59d65a337fe2f14f5ed53ae3b51643c0b320a679ea894.png
cd4e1917ff87f6dc18772f6201bacf3628db98e1b9958ec0942d3eda09beac45,0,data/benign_original/benign/cd4e1917ff87f6dc18772f6201bacf3628db98e1b9958ec0942d3eda09beac45.png
cd5256b2fb46deaa440950e4a68466b2b0ff61f28888383094182561738d10a9,0,data/benign_original/benign/cd5256b2fb46deaa440950e4a68466b2b0ff61f28888383094182561738d10a9.png
cd83ea129b429799f12197bf6cd8e218acb049ef54cfac94b729f544616bb168,0,data/benign_original/benign/cd83ea129b429799f12197bf6cd8e218acb049ef54cfac94b729f544616bb168.png
cd83ff1ca0771026e25b49d647b94a317e064274ed35802357d228a93189bd79,0,data/benign_original/benign/cd83ff1ca0771026e25b49d647b94a317e064274ed35802357d228a93189bd79.png
cd937eeb4efaeb5b09d58b631bb4c7a8e1e3f6ceab8bf94f332d17826fda7563,0,data/benign_original/benign/cd937eeb4efaeb5b09d58b631bb4c7a8e1e3f6ceab8bf94f332d17826fda7563.png
cda3ad0b204b3206929e2ac16aa8a3e4a99b849fffc3575d509402619885dc11,0,data/benign_original/benign/cda3ad0b204b3206929e2ac16aa8a3e4a99b849fffc3575d509402619885dc11.png
cda51e3de5e0bd7e53519d4b92ae6375b64da2649710f2a38d0676d3b22ec736,0,data/benign_original/benign/cda51e3de5e0bd7e53519d4b92ae6375b64da2649710f2a38d0676d3b22ec736.png
cdae0ee68759fd3d91c70ebfe7463f620b586116d17aeb130e953b93028f031d,0,data/benign_original/benign/cdae0ee68759fd3d91c70ebfe7463f620b586116d17aeb130e953b93028f031d.png
cdbec8a3cd83e81e894012f020f742edce0f846f2f3fc28739c6835a701ef851,0,data/benign_original/benign/cdbec8a3cd83e81e894012f020f742edce0f846f2f3fc28739c6835a701ef851.png
cdc66d186ae9179f746cfa9896e18baf256695999cf151024cd6b12708c0c839,0,data/benign_original/benign/cdc66d186ae9179f746cfa9896e18baf256695999cf151024cd6b12708c0c839.png
cdc7ffd23c1fc0c494e24e0ba41c869dacfc86b86a525d54143b185dc9215cf1,0,data/benign_original/benign/cdc7ffd23c1fc0c494e24e0ba41c869dacfc86b86a525d54143b185dc9215cf1.png
cdd20702b66be8c687d3cff4d70b5f409b6af119a97113b25d6ae5042be6d3a7,0,data/benign_original/benign/cdd20702b66be8c687d3cff4d70b5f409b6af119a97113b25d6ae5042be6d3a7.png
cddfc53fe03f5cbf404f25303edfe3cdcbe10cacc8cf3bd5f67d2ad3366a2aea,0,data/benign_original/benign/cddfc53fe03f5cbf404f25303edfe3cdcbe10cacc8cf3bd5f67d2ad3366a2aea.png
cdeb53be947511c1288435c895adb15e1899e32bdd3be9a562ba0ffa97230619,0,data/benign_original/benign/cdeb53be947511c1288435c895adb15e1899e32bdd3be9a562ba0ffa97230619.png
cdeff13f4ef1f7dd953d4496d253f6e7dddf53d60d0797f66fc249cdf4aada8b,0,data/benign_original/benign/cdeff13f4ef1f7dd953d4496d253f6e7dddf53d60d0797f66fc249cdf4aada8b.png
ce01c0d8c1f455b70914d891d13ee6586f522f0922227225877682245e3476e0,0,data/benign_original/benign/ce01c0d8c1f455b70914d891d13ee6586f522f0922227225877682245e3476e0.png
ce06050c2e4e5a8a8c7399725809234a958fc7a91383ad1e5c4c01e3b0a7fbb2,0,data/benign_original/benign/ce06050c2e4e5a8a8c7399725809234a958fc7a91383ad1e5c4c01e3b0a7fbb2.png
ce0d2910b111d00d10782b016b2d808a0e02cb8440b2dd52347d4968b742721d,0,data/benign_original/benign/ce0d2910b111d00d10782b016b2d808a0e02cb8440b2dd52347d4968b742721d.png
ce2d0b4a513f71a206473a375cb93af3f9bfb916f4ffd8a9f94d7177c70186c0,0,data/benign_original/benign/ce2d0b4a513f71a206473a375cb93af3f9bfb916f4ffd8a9f94d7177c70186c0.png
ce365d04be99efe6734d9364b2ee4507a207809c54d25541787bc2667b508b94,0,data/benign_original/benign/ce365d04be99efe6734d9364b2ee4507a207809c54d25541787bc2667b508b94.png
ce50ffd69ea9b51d728013ff9e02922fa350eded4c658c6a21eb35a8343edab0,0,data/benign_original/benign/ce50ffd69ea9b51d728013ff9e02922fa350eded4c658c6a21eb35a8343edab0.png
ce52ac3e21a15601de9e092f8d50999a9f42178ef4604d8a037074a983aef16b,0,data/benign_original/benign/ce52ac3e21a15601de9e092f8d50999a9f42178ef4604d8a037074a983aef16b.png
ce548eb231b99c47387e1340eba0333d93a703bdf668edbfbb266ccf8d8fa049,0,data/benign_original/benign/ce548eb231b99c47387e1340eba0333d93a703bdf668edbfbb266ccf8d8fa049.png
ce665ff56c836f6ba377a800e420e440a77ff680c10bbc73fbb2c2a20c9ddd3e,0,data/benign_original/benign/ce665ff56c836f6ba377a800e420e440a77ff680c10bbc73fbb2c2a20c9ddd3e.png
ce67c831e2ffc1bbd783ef607fd718814282124f28a8d75ab10bd241b026edc8,0,data/benign_original/benign/ce67c831e2ffc1bbd783ef607fd718814282124f28a8d75ab10bd241b026edc8.png
ce7a1dccaff8dc0a08b31d7ef7e44561175147fcae2ced38e1a536d3a9c4abad,0,data/benign_original/benign/ce7a1dccaff8dc0a08b31d7ef7e44561175147fcae2ced38e1a536d3a9c4abad.png
ce81c92833af5988d16e298ba07c8a30870e8b642d338099accffd4eca9de01d,0,data/benign_original/benign/ce81c92833af5988d16e298ba07c8a30870e8b642d338099accffd4eca9de01d.png
ce8dcdb68256a3b2486b2ed4e788323863a987a1fa7dbc86ded4e7636e9de3e2,0,data/benign_original/benign/ce8dcdb68256a3b2486b2ed4e788323863a987a1fa7dbc86ded4e7636e9de3e2.png
ce98728b911a57b0e60c1c5dea0017dbea311693b00a1e98d2abf5b442708bd0,0,data/benign_original/benign/ce98728b911a57b0e60c1c5dea0017dbea311693b00a1e98d2abf5b442708bd0.png
ce9ec8bce81d2a9d6ca1f69ade7ef2cb108bf78800f57c28a9adb7c0b577a9bb,0,data/benign_original/benign/ce9ec8bce81d2a9d6ca1f69ade7ef2cb108bf78800f57c28a9adb7c0b577a9bb.png
ce9ecc0e58b25eb430276d91878e898cd5cc05eed51ca1d9f5fdcd8ae6916d91,0,data/benign_original/benign/ce9ecc0e58b25eb430276d91878e898cd5cc05eed51ca1d9f5fdcd8ae6916d91.png
ceaa253712d4367a12376744d609c319bf0414e5dac0f76f113db67d41acc08f,0,data/benign_original/benign/ceaa253712d4367a12376744d609c319bf0414e5dac0f76f113db67d41acc08f.png
ceacf15f18a4372595cf538f7800b6f60e51f9bdd0743b3eeaa61b4ae93f1770,0,data/benign_original/benign/ceacf15f18a4372595cf538f7800b6f60e51f9bdd0743b3eeaa61b4ae93f1770.png
ceb02b0bc89a25ad71b5032fd52de67cf338c938151dab9a62bcf073eef1dfef,0,data/benign_original/benign/ceb02b0bc89a25ad71b5032fd52de67cf338c938151dab9a62bcf073eef1dfef.png
cec17835c639bb9a9eb1714971b4836fd143403d182d46bdf9ddf204b7e1f30f,0,data/benign_original/benign/cec17835c639bb9a9eb1714971b4836fd143403d182d46bdf9ddf204b7e1f30f.png
cec5000e18f060c3f59b3b4957df374acad6d3aac95ecfe52f59a1eb289f473c,0,data/benign_original/benign/cec5000e18f060c3f59b3b4957df374acad6d3aac95ecfe52f59a1eb289f473c.png
ced234f658429c081c6cade408adc67038bedcae8b246979ec151a894421b83d,0,data/benign_original/benign/ced234f658429c081c6cade408adc67038bedcae8b246979ec151a894421b83d.png
cedac345ab0bf53bbec3ba90e2e11f47a618bf07d9ea2c0e2defe3b0afda93f6,0,data/benign_original/benign/cedac345ab0bf53bbec3ba90e2e11f47a618bf07d9ea2c0e2defe3b0afda93f6.png
cee1326dabbadfe29618dd0adb1618f4fccd9f1924d8e3944edf4ae04504ea1a,0,data/benign_original/benign/cee1326dabbadfe29618dd0adb1618f4fccd9f1924d8e3944edf4ae04504ea1a.png
cee1433d222711bc67b04424da977a27fb9d44ff4bdba7010d3754792612e9cc,0,data/benign_original/benign/cee1433d222711bc67b04424da977a27fb9d44ff4bdba7010d3754792612e9cc.png
ceed0a0e156641c5df0e6fbd10bbeb878223873e8e3940098bd21256e381a3c0,0,data/benign_original/benign/ceed0a0e156641c5df0e6fbd10bbeb878223873e8e3940098bd21256e381a3c0.png
cf1160dd950a5a6e140b7253a750f5bcd42f11c8e42c57267ed16f1aa71ed1c9,0,data/benign_original/benign/cf1160dd950a5a6e140b7253a750f5bcd42f11c8e42c57267ed16f1aa71ed1c9.png
cf1ed8cad43cd845d3ef986f41959b1496a27ebac06e6539c4111b236dce8d13,0,data/benign_original/benign/cf1ed8cad43cd845d3ef986f41959b1496a27ebac06e6539c4111b236dce8d13.png
cf29aac4fc3bc4da19f2d8789fb8082c97e74b36698b88c60427007fc109c372,0,data/benign_original/benign/cf29aac4fc3bc4da19f2d8789fb8082c97e74b36698b88c60427007fc109c372.png
cf3ead25f7c5b113e0583739e0f0dd916988e98c2daabcef6f6b4fe484238244,0,data/benign_original/benign/cf3ead25f7c5b113e0583739e0f0dd916988e98c2daabcef6f6b4fe484238244.png
cf650ecbc83b5375e81836942ab6fc4e2a208f94f2a34d0308cefef7d9f4273f,0,data/benign_original/benign/cf650ecbc83b5375e81836942ab6fc4e2a208f94f2a34d0308cefef7d9f4273f.png
cf66de1f114f7c382804fbdddd4ae70aa07ecf1df324e95e78bb41139b50cf72,0,data/benign_original/benign/cf66de1f114f7c382804fbdddd4ae70aa07ecf1df324e95e78bb41139b50cf72.png
cf6810e4e76689d99cc20633672d7ea5b8093ef079ac53db70f780bb0d61fd0a,0,data/benign_original/benign/cf6810e4e76689d99cc20633672d7ea5b8093ef079ac53db70f780bb0d61fd0a.png
cf79ef74ffd6b323f0f26ffae4b7898d0d226d83de7cf4c5fd2930b9b8ea5b89,0,data/benign_original/benign/cf79ef74ffd6b323f0f26ffae4b7898d0d226d83de7cf4c5fd2930b9b8ea5b89.png
cf7ee1899c2dddb2a4fc21fe831221eecf7bf605a4cc61d709a5626d88e0d389,0,data/benign_original/benign/cf7ee1899c2dddb2a4fc21fe831221eecf7bf605a4cc61d709a5626d88e0d389.png
cf81beaf984f62fbc51fd73dbd85eb6681b5f4ad1563011a3c40c2aa7171abbe,0,data/benign_original/benign/cf81beaf984f62fbc51fd73dbd85eb6681b5f4ad1563011a3c40c2aa7171abbe.png
cfa02248d89c66425f9e458a5860e059c9e4e87524e74b63ca8e67a909af154f,0,data/benign_original/benign/cfa02248d89c66425f9e458a5860e059c9e4e87524e74b63ca8e67a909af154f.png
cfb62019d711be3ba641a1020b03c5c4560c12e6b4247a3dd57d241668cd9b1c,0,data/benign_original/benign/cfb62019d711be3ba641a1020b03c5c4560c12e6b4247a3dd57d241668cd9b1c.png
cfbfa5f909903aa3fe08d2f41a08f7fb8934534ecd6ab87034bf589c087d315e,0,data/benign_original/benign/cfbfa5f909903aa3fe08d2f41a08f7fb8934534ecd6ab87034bf589c087d315e.png
cfce9bfbe11b534e1fc28d59efed233b7490f081380a016b45b2357b4be1f173,0,data/benign_original/benign/cfce9bfbe11b534e1fc28d59efed233b7490f081380a016b45b2357b4be1f173.png
cfcf47162f7236f01af589f3d6b819ad7143de626d9669dddb5baaf64b2a40e3,0,data/benign_original/benign/cfcf47162f7236f01af589f3d6b819ad7143de626d9669dddb5baaf64b2a40e3.png
cfdf26e23db7105c6ac8080d5a8cbecef4440216573bd464bc2bdf7ba47d4b51,0,data/benign_original/benign/cfdf26e23db7105c6ac8080d5a8cbecef4440216573bd464bc2bdf7ba47d4b51.png
cfedbca6a96a0b42c5193eec4c7e5a8d9486297d68da9f54d192e8e3a9966ca8,0,data/benign_original/benign/cfedbca6a96a0b42c5193eec4c7e5a8d9486297d68da9f54d192e8e3a9966ca8.png
d002a8731182968d4036d54e401f9792a57c1c84caef576059ca18190b4698a4,0,data/benign_original/benign/d002a8731182968d4036d54e401f9792a57c1c84caef576059ca18190b4698a4.png
d004e7f5a2683c2f991d18c6330dafba18acb0248c3274cdf1fe8296e69895ec,0,data/benign_original/benign/d004e7f5a2683c2f991d18c6330dafba18acb0248c3274cdf1fe8296e69895ec.png
d0188bda26aee8652466ba0cc53457fc736d00e2eefd33901a0b0ae978c8b362,0,data/benign_original/benign/d0188bda26aee8652466ba0cc53457fc736d00e2eefd33901a0b0ae978c8b362.png
d02632126acc31940d5927c082161f3fd5a39fc4c7713e617fec2f0f86d65e61,0,data/benign_original/benign/d02632126acc31940d5927c082161f3fd5a39fc4c7713e617fec2f0f86d65e61.png
d0411ed6c42fc12c860c8e43c3d993c6b210849443ba27d3219c36a8d222169b,0,data/benign_original/benign/d0411ed6c42fc12c860c8e43c3d993c6b210849443ba27d3219c36a8d222169b.png
d041aa70e4a07035c446f38d9f23308737b21f02fa0daca17af326161a557f9c,0,data/benign_original/benign/d041aa70e4a07035c446f38d9f23308737b21f02fa0daca17af326161a557f9c.png
d05f66a2aa4a82d7932494ebf54db41ea16666fed3e83a1a36a6766b8441bb49,0,data/benign_original/benign/d05f66a2aa4a82d7932494ebf54db41ea16666fed3e83a1a36a6766b8441bb49.png
d0637809160ce043e5530daf6b93bf59611b4de409274c55ba87a2cef57cb202,0,data/benign_original/benign/d0637809160ce043e5530daf6b93bf59611b4de409274c55ba87a2cef57cb202.png
d07f215ac915335706ca115def0ae284a121d8fe8d0d858cddec6a87eabe6491,0,data/benign_original/benign/d07f215ac915335706ca115def0ae284a121d8fe8d0d858cddec6a87eabe6491.png
d085a7af252c7c755c2420fa57cfdb0a8a5a8bbb86083824ad39658d3fc169c2,0,data/benign_original/benign/d085a7af252c7c755c2420fa57cfdb0a8a5a8bbb86083824ad39658d3fc169c2.png
d08eceecafdce076fc7f9e1bef061a7a67eb09ca6f97c2f77e2f3da8a0cc998b,0,data/benign_original/benign/d08eceecafdce076fc7f9e1bef061a7a67eb09ca6f97c2f77e2f3da8a0cc998b.png
d0958b63a6c1f2417da23aa29e20665d41384c8302c8bfe54e726c3f5b827e14,0,data/benign_original/benign/d0958b63a6c1f2417da23aa29e20665d41384c8302c8bfe54e726c3f5b827e14.png
d0ac54e76f0a41181ce801a792447ac8d22c22d02ddce055b5eb8be6a0430ebb,0,data/benign_original/benign/d0ac54e76f0a41181ce801a792447ac8d22c22d02ddce055b5eb8be6a0430ebb.png
d0b224690174a7728ded5a1ea4ac5d11521a4d113db6297509bb3374a0868062,0,data/benign_original/benign/d0b224690174a7728ded5a1ea4ac5d11521a4d113db6297509bb3374a0868062.png
d0b55519c39ad283edef2c139fd8b6fb6a61f125883ae83b58d405c859696059,0,data/benign_original/benign/d0b55519c39ad283edef2c139fd8b6fb6a61f125883ae83b58d405c859696059.png
d0cb5882dbeac7d153c582b47ff3f0c58c8956a2b4aafcbf4c5133437c3e3989,0,data/benign_original/benign/d0cb5882dbeac7d153c582b47ff3f0c58c8956a2b4aafcbf4c5133437c3e3989.png
d0cfb360e8b475464ffcbca93478681477c5908ac02c6a6a58d368ae26f2aed9,0,data/benign_original/benign/d0cfb360e8b475464ffcbca93478681477c5908ac02c6a6a58d368ae26f2aed9.png
d0dc087fda2c5d19061cc7dcc9bf035d04cc4f885ceafbe7d1cb090786a81abf,0,data/benign_original/benign/d0dc087fda2c5d19061cc7dcc9bf035d04cc4f885ceafbe7d1cb090786a81abf.png
d0e566797a5861a745a8f46e1f79ff56185f7c64ce10623dad4700f8e410d94f,0,data/benign_original/benign/d0e566797a5861a745a8f46e1f79ff56185f7c64ce10623dad4700f8e410d94f.png
d0f329dc36f3c64811f395a2dbbb859e46c135189e6d71cdcabd5cd6ae46e3c2,0,data/benign_original/benign/d0f329dc36f3c64811f395a2dbbb859e46c135189e6d71cdcabd5cd6ae46e3c2.png
d0f4abf77310561f0fb9e001b776e4e9ac11fcfaf2cbc0c786b4588b6c64a8b3,0,data/benign_original/benign/d0f4abf77310561f0fb9e001b776e4e9ac11fcfaf2cbc0c786b4588b6c64a8b3.png
d0f54bd45cbee9d857a3a8dca7f64f68b1affda66de24746600e020a962e4b5f,0,data/benign_original/benign/d0f54bd45cbee9d857a3a8dca7f64f68b1affda66de24746600e020a962e4b5f.png
d0fd248f0ff4aa760212acc52677afa4782c713476b629edf7e59115bfd91368,0,data/benign_original/benign/d0fd248f0ff4aa760212acc52677afa4782c713476b629edf7e59115bfd91368.png
d0fffbdc0dcf0cb7e316c03a74fe4a2b96f86b4b0e9cdd2a6da66dfd6513ca51,0,data/benign_original/benign/d0fffbdc0dcf0cb7e316c03a74fe4a2b96f86b4b0e9cdd2a6da66dfd6513ca51.png
d10c79e16904f1630f9582b1d255b2a498051edf8836ffc10f890eede39c0b4a,0,data/benign_original/benign/d10c79e16904f1630f9582b1d255b2a498051edf8836ffc10f890eede39c0b4a.png
d11f3fc16340d58a46c2a94335660a7cd54346794e917da27abcdbb0923d5eff,0,data/benign_original/benign/d11f3fc16340d58a46c2a94335660a7cd54346794e917da27abcdbb0923d5eff.png
d12128f39d3936bbae4a5655c4c5a4f2da30e80cce34426f99799bf2ecbff8ba,0,data/benign_original/benign/d12128f39d3936bbae4a5655c4c5a4f2da30e80cce34426f99799bf2ecbff8ba.png
d1263b93104941bd98d740b2e8fd2eb07a10fa6ac958f0117c025a66c865ba43,0,data/benign_original/benign/d1263b93104941bd98d740b2e8fd2eb07a10fa6ac958f0117c025a66c865ba43.png
d1298308df59a617e8458a2b96b80ef93ff223e0909f4652640e98bd555bb6d0,0,data/benign_original/benign/d1298308df59a617e8458a2b96b80ef93ff223e0909f4652640e98bd555bb6d0.png
d129f9fb6d4cc4a2f8586776ee29028d06ee3c4af889a5efa7ca8de6f6f2c995,0,data/benign_original/benign/d129f9fb6d4cc4a2f8586776ee29028d06ee3c4af889a5efa7ca8de6f6f2c995.png
d12b2a5e76681dcce041603310d8af49af03d8ee4013eb9782a642cf92301be4,0,data/benign_original/benign/d12b2a5e76681dcce041603310d8af49af03d8ee4013eb9782a642cf92301be4.png
d12bac7fd4e2a959faf8ce3e77ef76dbc8f8d3eede4daee16ba75b503c1dacf5,0,data/benign_original/benign/d12bac7fd4e2a959faf8ce3e77ef76dbc8f8d3eede4daee16ba75b503c1dacf5.png
d136ae885dcf7bdf9cd6388a56cfcc0f4d3a4e2b5f6220ec8933474d32703411,0,data/benign_original/benign/d136ae885dcf7bdf9cd6388a56cfcc0f4d3a4e2b5f6220ec8933474d32703411.png
d14183f7d03bd71ed5ed2857c201352b8acd9f5e703e6c78990e47ca4cf8c229,0,data/benign_original/benign/d14183f7d03bd71ed5ed2857c201352b8acd9f5e703e6c78990e47ca4cf8c229.png
d1474e0bb1f069c0d7e02a06c5b822bf30cc205174654f58baabd60eae613fa3,0,data/benign_original/benign/d1474e0bb1f069c0d7e02a06c5b822bf30cc205174654f58baabd60eae613fa3.png
d149a785fb47ea74f8ee141d37da2279cdfa1a4153bba4964a1f5d023aa728ca,0,data/benign_original/benign/d149a785fb47ea74f8ee141d37da2279cdfa1a4153bba4964a1f5d023aa728ca.png
d14e7ea25ea4209cbd43812de9fa1f81961d18f291e3fd7add8cdadcf1ae8abf,0,data/benign_original/benign/d14e7ea25ea4209cbd43812de9fa1f81961d18f291e3fd7add8cdadcf1ae8abf.png
d14f79a87b3eb45c277615f60cc3cce935e2c193d3cb5d299f58b1b73d2477f1,0,data/benign_original/benign/d14f79a87b3eb45c277615f60cc3cce935e2c193d3cb5d299f58b1b73d2477f1.png
d155a7d8946d043d652381e55b7a5d58a8f115affa83618ad56e818030b272d2,0,data/benign_original/benign/d155a7d8946d043d652381e55b7a5d58a8f115affa83618ad56e818030b272d2.png
d171b96ab5574515025675b58951f3dd77c4b44221dea5832ff878235830a9bc,0,data/benign_original/benign/d171b96ab5574515025675b58951f3dd77c4b44221dea5832ff878235830a9bc.png
d171d8a2514af24d18d01ed131be30e62bb8a95b7b9bd0e54312c2a9464bf31b,0,data/benign_original/benign/d171d8a2514af24d18d01ed131be30e62bb8a95b7b9bd0e54312c2a9464bf31b.png
d187f6ace01edd39c327b01a9169ab17f14fdd8db1872ddce34efa8312ffcd1e,0,data/benign_original/benign/d187f6ace01edd39c327b01a9169ab17f14fdd8db1872ddce34efa8312ffcd1e.png
d1895408cc45f8c056fed76283846f9fe2fc3cb3a55a02cff301ea06726be20a,0,data/benign_original/benign/d1895408cc45f8c056fed76283846f9fe2fc3cb3a55a02cff301ea06726be20a.png
d19b440da4e9a8960a7943227b7b2c1605cc9555dec392f3e248562d77ee9dcb,0,data/benign_original/benign/d19b440da4e9a8960a7943227b7b2c1605cc9555dec392f3e248562d77ee9dcb.png
d19e66c354d55fb79e9af59ab3e06277bb0f2b08c0e765906b1f353080ab36ae,0,data/benign_original/benign/d19e66c354d55fb79e9af59ab3e06277bb0f2b08c0e765906b1f353080ab36ae.png
d1a914afd30e14ef97a300cacea5f4c447071a15ad719dca67f1967d31fd62d6,0,data/benign_original/benign/d1a914afd30e14ef97a300cacea5f4c447071a15ad719dca67f1967d31fd62d6.png
d1aefefde895480da77a0acf146963b8998e350cb0276b8edc1d4fad80ca6292,0,data/benign_original/benign/d1aefefde895480da77a0acf146963b8998e350cb0276b8edc1d4fad80ca6292.png
d1b15e90e18a2557d5b47f85d408a2159793c8e587cfedeb05513a1a5a40de38,0,data/benign_original/benign/d1b15e90e18a2557d5b47f85d408a2159793c8e587cfedeb05513a1a5a40de38.png
d1b654af18026bbaed8722177270e3f3ebb5634287c71962971c73af297f3a8a,0,data/benign_original/benign/d1b654af18026bbaed8722177270e3f3ebb5634287c71962971c73af297f3a8a.png
d1c11d0fd58fac8dc730348546a787b8f6a1bd0824692c2b6e244c0736f5a413,0,data/benign_original/benign/d1c11d0fd58fac8dc730348546a787b8f6a1bd0824692c2b6e244c0736f5a413.png
d1d050efbae74c970ba6e666de004405b21f60f34ff0886000026763fe117cf0,0,data/benign_original/benign/d1d050efbae74c970ba6e666de004405b21f60f34ff0886000026763fe117cf0.png
d1d392fb539087017d4c8f7ae341594f350872a61f1547dcda8fd2ac1752c908,0,data/benign_original/benign/d1d392fb539087017d4c8f7ae341594f350872a61f1547dcda8fd2ac1752c908.png
d1d69e94e752e2739b5f96dd62788d816af73ba51f165af8a398a476ea962fa0,0,data/benign_original/benign/d1d69e94e752e2739b5f96dd62788d816af73ba51f165af8a398a476ea962fa0.png
d1dde3fee5026a461a167391ece3bf74e9ad224d4c315249b5f0744c03665cc3,0,data/benign_original/benign/d1dde3fee5026a461a167391ece3bf74e9ad224d4c315249b5f0744c03665cc3.png
d1e82de0602d9cabb00eeacbb135781b6bb41330622446b368d4a876410d1099,0,data/benign_original/benign/d1e82de0602d9cabb00eeacbb135781b6bb41330622446b368d4a876410d1099.png
d1fed66d27d286a11db1fd71bcf06d6a33b92490e53a8dcecf5d80d98a9c15a2,0,data/benign_original/benign/d1fed66d27d286a11db1fd71bcf06d6a33b92490e53a8dcecf5d80d98a9c15a2.png
d2048b411cbcbc72cc28dc75c7f52d7935817b6d4adfb01835dfabf344f7decf,0,data/benign_original/benign/d2048b411cbcbc72cc28dc75c7f52d7935817b6d4adfb01835dfabf344f7decf.png
d20e37fabcd8eeff41206a1a9b14bad5ccadfea42f14e8ca953c5466d66bd5a3,0,data/benign_original/benign/d20e37fabcd8eeff41206a1a9b14bad5ccadfea42f14e8ca953c5466d66bd5a3.png
d2125b8f3d94bc76c8fb72acebd1b3e4a44c581ebeb7dbf22f5d26fa7e4e7f92,0,data/benign_original/benign/d2125b8f3d94bc76c8fb72acebd1b3e4a44c581ebeb7dbf22f5d26fa7e4e7f92.png
d219c98a92215ffc04f260b24b85b425b5a0ee32a3b60f4bcf99bd1c13a5f4c8,0,data/benign_original/benign/d219c98a92215ffc04f260b24b85b425b5a0ee32a3b60f4bcf99bd1c13a5f4c8.png
d2218d3ee75279b19eb493d6c90adcbcb43be1f30cf121a5a201b43be4cae07e,0,data/benign_original/benign/d2218d3ee75279b19eb493d6c90adcbcb43be1f30cf121a5a201b43be4cae07e.png
d230eb2983a9ad8fcb9275b1d553de971655bc9fadb0487fd650957b0455d6c9,0,data/benign_original/benign/d230eb2983a9ad8fcb9275b1d553de971655bc9fadb0487fd650957b0455d6c9.png
d2324b430d7f414a55899871543cfcf28a9c699558a0fbde41903c0e66011eee,0,data/benign_original/benign/d2324b430d7f414a55899871543cfcf28a9c699558a0fbde41903c0e66011eee.png
d247d69ee676ac65df7cf5e5c31ec131cdd3e7a6ed0418d0ecfeb851a531d738,0,data/benign_original/benign/d247d69ee676ac65df7cf5e5c31ec131cdd3e7a6ed0418d0ecfeb851a531d738.png
d24c35bbe155ba8170d399db9ebd0e70e63a5ba772d577f6a9b3eb6a2b6cd87f,0,data/benign_original/benign/d24c35bbe155ba8170d399db9ebd0e70e63a5ba772d577f6a9b3eb6a2b6cd87f.png
d257457ac19947c679ff59a89eeb089771864438c2292d688a96331a06e01bf3,0,data/benign_original/benign/d257457ac19947c679ff59a89eeb089771864438c2292d688a96331a06e01bf3.png
d25a2eea2bbd59d8e05322e81c8286c0ebd99af7dfc8b01381e09dceccb76c29,0,data/benign_original/benign/d25a2eea2bbd59d8e05322e81c8286c0ebd99af7dfc8b01381e09dceccb76c29.png
d26b7cee885938b9e39be73089dd0c41bcddce096cd1733fd7126b1a4e05e2cd,0,data/benign_original/benign/d26b7cee885938b9e39be73089dd0c41bcddce096cd1733fd7126b1a4e05e2cd.png
d26c2cd88d55975d8a2776947450e61411f35fc1ed56ef43014396f4336ab509,0,data/benign_original/benign/d26c2cd88d55975d8a2776947450e61411f35fc1ed56ef43014396f4336ab509.png
d27635d0812baa5172fea2a1b4caec83a7d972a72a8171bf67ec0de5ff422ba5,0,data/benign_original/benign/d27635d0812baa5172fea2a1b4caec83a7d972a72a8171bf67ec0de5ff422ba5.png
d27a0554ea4b6de34c1bc4f6118730c945e834a425484b9039eda21fb7b4c63c,0,data/benign_original/benign/d27a0554ea4b6de34c1bc4f6118730c945e834a425484b9039eda21fb7b4c63c.png
d287781a5475ab869917c2965461c1a667333a641a51b4341a07b1e2d5e9f770,0,data/benign_original/benign/d287781a5475ab869917c2965461c1a667333a641a51b4341a07b1e2d5e9f770.png
d28ce42d11a9610b16f0dc0df04b35b8ca0e6a52da35cbd3c0bfff95e698191c,0,data/benign_original/benign/d28ce42d11a9610b16f0dc0df04b35b8ca0e6a52da35cbd3c0bfff95e698191c.png
d28eb6a508a6a944cf876b3d816e6b4253cd7180f7a4a9c2ff38bb7b000f6f3c,0,data/benign_original/benign/d28eb6a508a6a944cf876b3d816e6b4253cd7180f7a4a9c2ff38bb7b000f6f3c.png
d2a37c819f57c6d69a855a44a51433bb4a7d14b49dafeab892a6efc14fa02d0e,0,data/benign_original/benign/d2a37c819f57c6d69a855a44a51433bb4a7d14b49dafeab892a6efc14fa02d0e.png
d2a4e5737654978897ce8afc957ff5014d8c1af029b78ddbb21cfb6d878bdbeb,0,data/benign_original/benign/d2a4e5737654978897ce8afc957ff5014d8c1af029b78ddbb21cfb6d878bdbeb.png
d2a7cade3fa523b157321d9b675ef84592246a307a67b0589c46896a2d7038b4,0,data/benign_original/benign/d2a7cade3fa523b157321d9b675ef84592246a307a67b0589c46896a2d7038b4.png
d2b27fd402f22ad56dc9217b11c5bc7a5d8fdbdd0b21330e991bac3c333ecc13,0,data/benign_original/benign/d2b27fd402f22ad56dc9217b11c5bc7a5d8fdbdd0b21330e991bac3c333ecc13.png
d2c6bc33329676f495d84236d021a398fcf37ced0f028f2c240c96d1ad4a8687,0,data/benign_original/benign/d2c6bc33329676f495d84236d021a398fcf37ced0f028f2c240c96d1ad4a8687.png
d2d9b0631d60767685b81d04980d7f6516895f168ef3cbe2b0f7f9faf89ec39c,0,data/benign_original/benign/d2d9b0631d60767685b81d04980d7f6516895f168ef3cbe2b0f7f9faf89ec39c.png
d2dc98b3d9cbfebd92d16aeb6be475b68ec30943503014e33b645e5ca7de2cfb,0,data/benign_original/benign/d2dc98b3d9cbfebd92d16aeb6be475b68ec30943503014e33b645e5ca7de2cfb.png
d2de55fd135a3a7f2a102011e056549dc2b79e78379a16d62cad5543eb4f4bfd,0,data/benign_original/benign/d2de55fd135a3a7f2a102011e056549dc2b79e78379a16d62cad5543eb4f4bfd.png
d2e3aa8b2390bdc58a8360949da6901287f4ab7583cedcda65f02a2dd01a879c,0,data/benign_original/benign/d2e3aa8b2390bdc58a8360949da6901287f4ab7583cedcda65f02a2dd01a879c.png
d2e5e19d72b348597fbc87a4581cb36a07d763746d312654f0270f3e5bdb93a6,0,data/benign_original/benign/d2e5e19d72b348597fbc87a4581cb36a07d763746d312654f0270f3e5bdb93a6.png
d2e87e36b134fd42d61ac95ecdbeb903ede3056204bf480a76652119bb90b99d,0,data/benign_original/benign/d2e87e36b134fd42d61ac95ecdbeb903ede3056204bf480a76652119bb90b99d.png
d2ebccbcd2b3d44454d5b7acee1bc4cbe3d9e63d81753729e5d529fb041a309f,0,data/benign_original/benign/d2ebccbcd2b3d44454d5b7acee1bc4cbe3d9e63d81753729e5d529fb041a309f.png
d2ee332f32f881ec50352b9242da57f372e858f3262e03ec543ac9a1908ff440,0,data/benign_original/benign/d2ee332f32f881ec50352b9242da57f372e858f3262e03ec543ac9a1908ff440.png
d2f27322e45afc364da580643d09a026b2b55fd59f12f9bb05a85dc788524a5d,0,data/benign_original/benign/d2f27322e45afc364da580643d09a026b2b55fd59f12f9bb05a85dc788524a5d.png
d3063cd5fe97f722c832952f027aa558f827dc53d641be599d467405671fa8d2,0,data/benign_original/benign/d3063cd5fe97f722c832952f027aa558f827dc53d641be599d467405671fa8d2.png
d31ba0c5bc964aaeddad4214e3ca55a4e73f0e673c8d68431b597a7b96e366c2,0,data/benign_original/benign/d31ba0c5bc964aaeddad4214e3ca55a4e73f0e673c8d68431b597a7b96e366c2.png
d32a5abea7c5d5f3e1aa9632d3b49cfa2a81169badcbfb12470c6f2aedb91f09,0,data/benign_original/benign/d32a5abea7c5d5f3e1aa9632d3b49cfa2a81169badcbfb12470c6f2aedb91f09.png
d32c35318107f4e8152a73db8ec3c8bd7cf9f6a4ddb487c9d553c2c0923d22ac,0,data/benign_original/benign/d32c35318107f4e8152a73db8ec3c8bd7cf9f6a4ddb487c9d553c2c0923d22ac.png
d3319879d98fd483b0d575da45509dd740a297ed152030401736a022d69533a1,0,data/benign_original/benign/d3319879d98fd483b0d575da45509dd740a297ed152030401736a022d69533a1.png
d33281f6c857aba988c049950c07dbbfb034fdc58649dc00869ef1fddbdcb074,0,data/benign_original/benign/d33281f6c857aba988c049950c07dbbfb034fdc58649dc00869ef1fddbdcb074.png
d33a211e5dd2d77924579461c9ffedc1dc724732b48f992f4a4fd9ad0fc16fcf,0,data/benign_original/benign/d33a211e5dd2d77924579461c9ffedc1dc724732b48f992f4a4fd9ad0fc16fcf.png
d33b4be881ec160c13f1d5d41a5cba350bdd9cbfd40f12e0fe22e5ffb996794a,0,data/benign_original/benign/d33b4be881ec160c13f1d5d41a5cba350bdd9cbfd40f12e0fe22e5ffb996794a.png
d3492829c58aea3bef8f10ff7a75879c5c869118e172d8642d3acf00e2215943,0,data/benign_original/benign/d3492829c58aea3bef8f10ff7a75879c5c869118e172d8642d3acf00e2215943.png
d349ba3d30dda5b564d30c28e6e4778a61b5be9de24a9fd1521ca773ae94d550,0,data/benign_original/benign/d349ba3d30dda5b564d30c28e6e4778a61b5be9de24a9fd1521ca773ae94d550.png
d34bb73b3755d7fb4d29054815e36fc3a5727dac5d035eb176d1b4f0bd59486a,0,data/benign_original/benign/d34bb73b3755d7fb4d29054815e36fc3a5727dac5d035eb176d1b4f0bd59486a.png
d35703f44664675c1b6296459d3d748d016b60e98749b13df9adf5e408a9ffb5,0,data/benign_original/benign/d35703f44664675c1b6296459d3d748d016b60e98749b13df9adf5e408a9ffb5.png
d35f3a612d73bddae986f2b7d73808fc5fa8cad79b84072b1b6356c9f93f84a9,0,data/benign_original/benign/d35f3a612d73bddae986f2b7d73808fc5fa8cad79b84072b1b6356c9f93f84a9.png
d362030b8caba2b0f551443213d4ccfc356f8e53a8f6a7a43a360ec077fe76af,0,data/benign_original/benign/d362030b8caba2b0f551443213d4ccfc356f8e53a8f6a7a43a360ec077fe76af.png
d36f469d4b407d611ef94316af31111bbbedf28189841add0045981987a2f587,0,data/benign_original/benign/d36f469d4b407d611ef94316af31111bbbedf28189841add0045981987a2f587.png
d37633bac02639f3e344ec66abf1d83fdea9226231cd509ccd2fb8e122dca961,0,data/benign_original/benign/d37633bac02639f3e344ec66abf1d83fdea9226231cd509ccd2fb8e122dca961.png
d378c2f3aa3a32908110165f727a1b142fcdc1a371169d1ebfc8fc39d91379ed,0,data/benign_original/benign/d378c2f3aa3a32908110165f727a1b142fcdc1a371169d1ebfc8fc39d91379ed.png
d38b3e041bbb24b35c43bee7f36dab2153e0ba2223a679b949aa79ede26b2c8f,0,data/benign_original/benign/d38b3e041bbb24b35c43bee7f36dab2153e0ba2223a679b949aa79ede26b2c8f.png
d38c1deb913e3d64b971cd9404906275875969d46e7f077b39464ca62b5f4457,0,data/benign_original/benign/d38c1deb913e3d64b971cd9404906275875969d46e7f077b39464ca62b5f4457.png
d3905f2fa731881e2bf1b5cb3faf8b52fea4a4167045216d7044fa6893355d6e,0,data/benign_original/benign/d3905f2fa731881e2bf1b5cb3faf8b52fea4a4167045216d7044fa6893355d6e.png
d3922fce8b35b165c86a49abb2073a2f166da5269eb8272a1363d88612c8a527,0,data/benign_original/benign/d3922fce8b35b165c86a49abb2073a2f166da5269eb8272a1363d88612c8a527.png
d3954c4683289c93bc4c88ed5685ad8b57c891c1a82830f6a1f44c8830233f5c,0,data/benign_original/benign/d3954c4683289c93bc4c88ed5685ad8b57c891c1a82830f6a1f44c8830233f5c.png
d3956c1f5ac09bccd4107992f9590771fa37d69a7f910c798d9c393a58cf4d69,0,data/benign_original/benign/d3956c1f5ac09bccd4107992f9590771fa37d69a7f910c798d9c393a58cf4d69.png
d39b532d22a5b6b1bec49a48d3262dd8aad731b72a415cd9212a3292cd96713e,0,data/benign_original/benign/d39b532d22a5b6b1bec49a48d3262dd8aad731b72a415cd9212a3292cd96713e.png
d39f1de499ffd7d8e12adea0979aa70fb291c8bd9061019aa0045a247a4b948b,0,data/benign_original/benign/d39f1de499ffd7d8e12adea0979aa70fb291c8bd9061019aa0045a247a4b948b.png
d3a38a3902ebdea7e4f36c2de15bb3e515638dc1d3a5ac6f7d6489e93d1eeb23,0,data/benign_original/benign/d3a38a3902ebdea7e4f36c2de15bb3e515638dc1d3a5ac6f7d6489e93d1eeb23.png
d3a8550fd9d8a3d1993fb1a0d1f6ecb0603685d319517766623c44fc1e65a398,0,data/benign_original/benign/d3a8550fd9d8a3d1993fb1a0d1f6ecb0603685d319517766623c44fc1e65a398.png
d3ac9992c1d96d9ca0385782171fbdbbcece0aa09ea4221bccdd800dac633826,0,data/benign_original/benign/d3ac9992c1d96d9ca0385782171fbdbbcece0aa09ea4221bccdd800dac633826.png
d3adc69106f8d3efcfcc8d11003699f8c8766a40a59d6d8aabdc4d5ead4201c7,0,data/benign_original/benign/d3adc69106f8d3efcfcc8d11003699f8c8766a40a59d6d8aabdc4d5ead4201c7.png
d3badeb4e8f773e5e72af4281edeb5dc15395ce559040d296ab58fa0af800cdd,0,data/benign_original/benign/d3badeb4e8f773e5e72af4281edeb5dc15395ce559040d296ab58fa0af800cdd.png
d3d27fdc7bd8f72298874b8472c79d480a6d0d304a0ef99d11c6b6c015c3e999,0,data/benign_original/benign/d3d27fdc7bd8f72298874b8472c79d480a6d0d304a0ef99d11c6b6c015c3e999.png
d3e3a0df97b139586068e1f85a1fa056b4060f61b60f463d2681f59cd886cdf8,0,data/benign_original/benign/d3e3a0df97b139586068e1f85a1fa056b4060f61b60f463d2681f59cd886cdf8.png
d3f07bfe2ecc6b21543a1199bcb5703b8ed0971c59a382831f5464f6756d7ced,0,data/benign_original/benign/d3f07bfe2ecc6b21543a1199bcb5703b8ed0971c59a382831f5464f6756d7ced.png
d3fd935cd95aceb7c966c96dca4bf18b65547057281c013ce7be6976c5c6a4f0,0,data/benign_original/benign/d3fd935cd95aceb7c966c96dca4bf18b65547057281c013ce7be6976c5c6a4f0.png
d404d3ba3c1dedffba1dc5b3257c36978ac1e5dad861a687b9b0f8c37a95cfc0,0,data/benign_original/benign/d404d3ba3c1dedffba1dc5b3257c36978ac1e5dad861a687b9b0f8c37a95cfc0.png
d40adb86de1c4f9aad9cdb944d46d7c632be49c6b183d051d5cae3aa187f912c,0,data/benign_original/benign/d40adb86de1c4f9aad9cdb944d46d7c632be49c6b183d051d5cae3aa187f912c.png
d40bcdcc0d6cef2a0afd5858b60f71d327924dc8a7edaaaf88bcaee76759369f,0,data/benign_original/benign/d40bcdcc0d6cef2a0afd5858b60f71d327924dc8a7edaaaf88bcaee76759369f.png
d410fcb90a74115f865460be1028372b62fb283e9e1db5eabdc84a530e13c218,0,data/benign_original/benign/d410fcb90a74115f865460be1028372b62fb283e9e1db5eabdc84a530e13c218.png
d42930de2a4e0a2aef338142b772b6954e9e1403cee4e7575b0564e7f1c7115e,0,data/benign_original/benign/d42930de2a4e0a2aef338142b772b6954e9e1403cee4e7575b0564e7f1c7115e.png
d42b861e31de1ca299a8985e6bbbcbab663cd58b1ea8cc2c649b365d0b8429c0,0,data/benign_original/benign/d42b861e31de1ca299a8985e6bbbcbab663cd58b1ea8cc2c649b365d0b8429c0.png
d42e7e91eafce25550f08a63240e23fbe3ddd278b852e36e4eab05bc42f5ec7d,0,data/benign_original/benign/d42e7e91eafce25550f08a63240e23fbe3ddd278b852e36e4eab05bc42f5ec7d.png
d43b10891b29de37eae10a2b05797a93c03f4f14039eff4598d3a28836b3274a,0,data/benign_original/benign/d43b10891b29de37eae10a2b05797a93c03f4f14039eff4598d3a28836b3274a.png
d4423f9d1e1e64922eb25626b4f25599598ddadadfe9a2e97c70106395518495,0,data/benign_original/benign/d4423f9d1e1e64922eb25626b4f25599598ddadadfe9a2e97c70106395518495.png
d44611189d3f2da01952291f40f7cf361e808b68716a4739b95dcdd632a26e5d,0,data/benign_original/benign/d44611189d3f2da01952291f40f7cf361e808b68716a4739b95dcdd632a26e5d.png
d455f59ba88175dc0a0b2ea70c09111e858cf0a6a89b92ab3d1b5d51de30a70f,0,data/benign_original/benign/d455f59ba88175dc0a0b2ea70c09111e858cf0a6a89b92ab3d1b5d51de30a70f.png
d45a99ed3bfd301e361279ce043070dad467a596d76e9f51e961fd1d39b5d00b,0,data/benign_original/benign/d45a99ed3bfd301e361279ce043070dad467a596d76e9f51e961fd1d39b5d00b.png
d45d1e7d7e1ea37f47a4d5ef4374e648777239b55e5621df54c5358b25fc6fbc,0,data/benign_original/benign/d45d1e7d7e1ea37f47a4d5ef4374e648777239b55e5621df54c5358b25fc6fbc.png
d460685e67ca7b62d92992edd7b5ba11c26d01a1392f7f7e2a986192fbd8921b,0,data/benign_original/benign/d460685e67ca7b62d92992edd7b5ba11c26d01a1392f7f7e2a986192fbd8921b.png
d463c9449de9ce0049aaf4731dd662c80a4b952299235b17d8c736c1a1c35662,0,data/benign_original/benign/d463c9449de9ce0049aaf4731dd662c80a4b952299235b17d8c736c1a1c35662.png
d46473e2c2f4acdb0ed3f3fc82d966f2d69428d6616b081f99082f4f9071c417,0,data/benign_original/benign/d46473e2c2f4acdb0ed3f3fc82d966f2d69428d6616b081f99082f4f9071c417.png
d469fe0a8132ba1a5972474d9ae55dd90262ef1cb4d01d245ff2dd09f490ea41,0,data/benign_original/benign/d469fe0a8132ba1a5972474d9ae55dd90262ef1cb4d01d245ff2dd09f490ea41.png
d47addeb5966d07b9033f804347f8125b06db36a1231e245aea19e3de82976f0,0,data/benign_original/benign/d47addeb5966d07b9033f804347f8125b06db36a1231e245aea19e3de82976f0.png
d48f2930200ddc7eec6d489be2951700e629a505798f8786cf4f02277dc5211f,0,data/benign_original/benign/d48f2930200ddc7eec6d489be2951700e629a505798f8786cf4f02277dc5211f.png
d4902c7810fb311e9355df3156c7f45cc3bb92b5f12c106cab0d6be1201495da,0,data/benign_original/benign/d4902c7810fb311e9355df3156c7f45cc3bb92b5f12c106cab0d6be1201495da.png
d496c31a6b0f41398ecad7698987c55c2cb88eb6568976ba9b01a197879dd9dc,0,data/benign_original/benign/d496c31a6b0f41398ecad7698987c55c2cb88eb6568976ba9b01a197879dd9dc.png
d499f84ef2cb708212c2e43f2d1e543fb7fce6a6f12514d2b2596f7916fe7cae,0,data/benign_original/benign/d499f84ef2cb708212c2e43f2d1e543fb7fce6a6f12514d2b2596f7916fe7cae.png
d4a00e34e3dfe3bc27cb863503c257b2228bb34747547dec5870541ac49288f9,0,data/benign_original/benign/d4a00e34e3dfe3bc27cb863503c257b2228bb34747547dec5870541ac49288f9.png
d4a32fc678dcb3b159dfb75422fcf836a2de81ed0ae8ef6fa2889e1604bd4965,0,data/benign_original/benign/d4a32fc678dcb3b159dfb75422fcf836a2de81ed0ae8ef6fa2889e1604bd4965.png
d4aaf4067bef6dc986ff43f794ea9ddeaa6061efab1c470b342132027f5dd9f5,0,data/benign_original/benign/d4aaf4067bef6dc986ff43f794ea9ddeaa6061efab1c470b342132027f5dd9f5.png
d4b01d7301cf4c7737f70e5be824405acbfd726c4792404ec1e6fb73fa4fb0bf,0,data/benign_original/benign/d4b01d7301cf4c7737f70e5be824405acbfd726c4792404ec1e6fb73fa4fb0bf.png
d4c3cb917604f2a8ce4d02682f78e7eb319bede237e7208188e69e7e61bb77f5,0,data/benign_original/benign/d4c3cb917604f2a8ce4d02682f78e7eb319bede237e7208188e69e7e61bb77f5.png
d4ce45d348c37204792d536142ea19939210303127e8978e8366bfe26709bd07,0,data/benign_original/benign/d4ce45d348c37204792d536142ea19939210303127e8978e8366bfe26709bd07.png
d4d518c5415ace543cb348a93ab6df569ee298d18fe47ad3eb75018f5cb5f5db,0,data/benign_original/benign/d4d518c5415ace543cb348a93ab6df569ee298d18fe47ad3eb75018f5cb5f5db.png
d4d5302f860a69564736c2f55dbdfa6fad9ac4b702faecf3cc7d39c9f6dcd456,0,data/benign_original/benign/d4d5302f860a69564736c2f55dbdfa6fad9ac4b702faecf3cc7d39c9f6dcd456.png
d4d86e560a22d833fcdf0ba165d3bd3f6059e69830f4d2f9748af08905b2d4c8,0,data/benign_original/benign/d4d86e560a22d833fcdf0ba165d3bd3f6059e69830f4d2f9748af08905b2d4c8.png
d4d8e5b32e519ad4738dca8e09ef70b0c971f366b7055b4af5cf61da3f3536f5,0,data/benign_original/benign/d4d8e5b32e519ad4738dca8e09ef70b0c971f366b7055b4af5cf61da3f3536f5.png
d4e541f0ad8b021f8fdddce372d3cd38f53d602f3fadf63a9eaa31bd09692f9c,0,data/benign_original/benign/d4e541f0ad8b021f8fdddce372d3cd38f53d602f3fadf63a9eaa31bd09692f9c.png
d4e983a5d00c583477898ddaca3c6271c263dcc5e5742d3ee285e8bc5297b620,0,data/benign_original/benign/d4e983a5d00c583477898ddaca3c6271c263dcc5e5742d3ee285e8bc5297b620.png
d4f298d6bab0963eaa669cb43a3e3f61834bb6ca1a8d08a059b70731c3b4476b,0,data/benign_original/benign/d4f298d6bab0963eaa669cb43a3e3f61834bb6ca1a8d08a059b70731c3b4476b.png
d5053441d7c519ba69016d70ba29c01230b24a9326dae9f21b4be53f509b510b,0,data/benign_original/benign/d5053441d7c519ba69016d70ba29c01230b24a9326dae9f21b4be53f509b510b.png
d505b31200204d0854d67244dfddab81552937571e321d3f5520c5be8fcbc283,0,data/benign_original/benign/d505b31200204d0854d67244dfddab81552937571e321d3f5520c5be8fcbc283.png
d509bd916092f22b3bfe7707aaae948ce710613741ed0e2c958ddc0296f98b3a,0,data/benign_original/benign/d509bd916092f22b3bfe7707aaae948ce710613741ed0e2c958ddc0296f98b3a.png
d50cb0a6be9f8fde0cf3a974ffe2284d36d376e8b50269ac16d921e9083d7318,0,data/benign_original/benign/d50cb0a6be9f8fde0cf3a974ffe2284d36d376e8b50269ac16d921e9083d7318.png
d5174bcc7c3636a4de11f7860cb340ddb96685224a9af76975e8ed8106a4d6a5,0,data/benign_original/benign/d5174bcc7c3636a4de11f7860cb340ddb96685224a9af76975e8ed8106a4d6a5.png
d5285b1dc3a618a7b278142ae01d6bcd3d63c5c4417e4fa2f83b4a8433b054d1,0,data/benign_original/benign/d5285b1dc3a618a7b278142ae01d6bcd3d63c5c4417e4fa2f83b4a8433b054d1.png
d52a0a1bae1f4540f055a1f9c411f4ea2af80a03c725de54f1a1e2b0af683aa9,0,data/benign_original/benign/d52a0a1bae1f4540f055a1f9c411f4ea2af80a03c725de54f1a1e2b0af683aa9.png
d52cdf2db6c6683d30654716b1c99b2688a10d55e457299cb6d51460fdc3ce75,0,data/benign_original/benign/d52cdf2db6c6683d30654716b1c99b2688a10d55e457299cb6d51460fdc3ce75.png
d53c84fd100dbb384eca63dbd868e315de0803208521612eb7ae12a78803e079,0,data/benign_original/benign/d53c84fd100dbb384eca63dbd868e315de0803208521612eb7ae12a78803e079.png
d544297ee475f4338afbc5e4e5b63bdd4d8c04999649b2c16ac7b4dce10e3db9,0,data/benign_original/benign/d544297ee475f4338afbc5e4e5b63bdd4d8c04999649b2c16ac7b4dce10e3db9.png
d54ea61734f6feb44182ba5a5a420706f7312566d7d89c166ab633caf96eeb33,0,data/benign_original/benign/d54ea61734f6feb44182ba5a5a420706f7312566d7d89c166ab633caf96eeb33.png
d552ddbf9e076ac53c3bee3dcc4a7e8a14f481e01ef5ddcbf55a43e82e091181,0,data/benign_original/benign/d552ddbf9e076ac53c3bee3dcc4a7e8a14f481e01ef5ddcbf55a43e82e091181.png
d55d46790959a1e0f57c7011b845c65142295085b60f626e9507c6691886dd47,0,data/benign_original/benign/d55d46790959a1e0f57c7011b845c65142295085b60f626e9507c6691886dd47.png
d55dcfa21e7d6b15334867f4ed63dbe0d3f13f283b416a70d11e65951fca6c17,0,data/benign_original/benign/d55dcfa21e7d6b15334867f4ed63dbe0d3f13f283b416a70d11e65951fca6c17.png
d5753ababac2d6f6a99ab0b7038cf1ce11deec2d2f2fbe720bf43af78486d509,0,data/benign_original/benign/d5753ababac2d6f6a99ab0b7038cf1ce11deec2d2f2fbe720bf43af78486d509.png
d58b5a9e31ed72963dac5f5ddf6da5c536d88d816ab1da877c55e3b6ac8e4ae8,0,data/benign_original/benign/d58b5a9e31ed72963dac5f5ddf6da5c536d88d816ab1da877c55e3b6ac8e4ae8.png
d591c1fa5490022d011d0babc427cfc0576c56c153d48b3c8d55e25296a16660,0,data/benign_original/benign/d591c1fa5490022d011d0babc427cfc0576c56c153d48b3c8d55e25296a16660.png
d5954f8585b0ca92c87378d878facc679e15a766f93b16bce0534507d21f0b23,0,data/benign_original/benign/d5954f8585b0ca92c87378d878facc679e15a766f93b16bce0534507d21f0b23.png
d59efe8d047fbfb94dcfbc41e45a706729567bfccba4b408fe95833ebf925459,0,data/benign_original/benign/d59efe8d047fbfb94dcfbc41e45a706729567bfccba4b408fe95833ebf925459.png
d5ae04ccf3db4b5e7b966e2fac4468783f42516540bf5030b502b0116d264215,0,data/benign_original/benign/d5ae04ccf3db4b5e7b966e2fac4468783f42516540bf5030b502b0116d264215.png
d5b05439e20498260e5ce97d9e3d1e790d48909048cbd0c2e421edca802227b9,0,data/benign_original/benign/d5b05439e20498260e5ce97d9e3d1e790d48909048cbd0c2e421edca802227b9.png
d5b3f2ba2b312761c41f85c07a191ad041b403ab25a2c3fec7771136b582f7ac,0,data/benign_original/benign/d5b3f2ba2b312761c41f85c07a191ad041b403ab25a2c3fec7771136b582f7ac.png
d5b7e39b158ca6d64d10713b69d7baea9ba9c686a9442c9d7217f6914c6a955d,0,data/benign_original/benign/d5b7e39b158ca6d64d10713b69d7baea9ba9c686a9442c9d7217f6914c6a955d.png
d5c0027d544b52ef460e6f869085f264e9597a7d43fb2e8390fada5e0dfb8b43,0,data/benign_original/benign/d5c0027d544b52ef460e6f869085f264e9597a7d43fb2e8390fada5e0dfb8b43.png
d5d3759c6e111cb92a6048e15f855f52a297971b0ddeeefd2fac81771cc3aee7,0,data/benign_original/benign/d5d3759c6e111cb92a6048e15f855f52a297971b0ddeeefd2fac81771cc3aee7.png
d5d78b0373c0768628e88affca10718ac767e6f2347e4ce3b5a15a4223703b4a,0,data/benign_original/benign/d5d78b0373c0768628e88affca10718ac767e6f2347e4ce3b5a15a4223703b4a.png
d5db896dfb3f9dc5ead53818c1124488dbe72b968fec8cbc076e29e3c01a0e01,0,data/benign_original/benign/d5db896dfb3f9dc5ead53818c1124488dbe72b968fec8cbc076e29e3c01a0e01.png
d5dbe7b332121ce749f15c0fb180f831b8cc18fad2ffd17d61842fbacd6cfbb1,0,data/benign_original/benign/d5dbe7b332121ce749f15c0fb180f831b8cc18fad2ffd17d61842fbacd6cfbb1.png
d5e4d9a3e835fa679450145d6a7d94e36573a509317111904d9b3712c30d9066,0,data/benign_original/benign/d5e4d9a3e835fa679450145d6a7d94e36573a509317111904d9b3712c30d9066.png
d5f0067fe25254ac3e62cc86069264e8b9d8c7f617712211cc27dbecf4f92450,0,data/benign_original/benign/d5f0067fe25254ac3e62cc86069264e8b9d8c7f617712211cc27dbecf4f92450.png
d5f94d46f0b87e236506ccddddbe514d5fda54cf3ddbe919179b1363938235f3,0,data/benign_original/benign/d5f94d46f0b87e236506ccddddbe514d5fda54cf3ddbe919179b1363938235f3.png
d5fbe10526c30aae0665c2409acb55a50cb6d9cd159138ab9ebb19db87bcd59f,0,data/benign_original/benign/d5fbe10526c30aae0665c2409acb55a50cb6d9cd159138ab9ebb19db87bcd59f.png
d606447be63cb11b828ba4a4be6167b0046bb71a3086ab5cd14cc6d20d830c39,0,data/benign_original/benign/d606447be63cb11b828ba4a4be6167b0046bb71a3086ab5cd14cc6d20d830c39.png
d60b26d279cf58e6c860e026b7784038b3d00656cc319c2a91557b26308434ab,0,data/benign_original/benign/d60b26d279cf58e6c860e026b7784038b3d00656cc319c2a91557b26308434ab.png
d60daab9a932b115e2b9bf6d837df59cc318651709e9e212a1bc2ee0df09ba8d,0,data/benign_original/benign/d60daab9a932b115e2b9bf6d837df59cc318651709e9e212a1bc2ee0df09ba8d.png
d6130b4acd05650d405caf8a087824ad098beea9f7f6ca9552eab9077f745f26,0,data/benign_original/benign/d6130b4acd05650d405caf8a087824ad098beea9f7f6ca9552eab9077f745f26.png
d61b30a1229479227788ba58efc2648a5faa02f522ae1d24cc9c9dc052a28945,0,data/benign_original/benign/d61b30a1229479227788ba58efc2648a5faa02f522ae1d24cc9c9dc052a28945.png
d6226d6216b292fb79fe36d8aa8704a43d746f6844ef8b1c2d16362207bf04a7,0,data/benign_original/benign/d6226d6216b292fb79fe36d8aa8704a43d746f6844ef8b1c2d16362207bf04a7.png
d6316d5f12c63b88eb3153d1344c758764c569b86a0f3e8876be3d275f383b49,0,data/benign_original/benign/d6316d5f12c63b88eb3153d1344c758764c569b86a0f3e8876be3d275f383b49.png
d63e3e64001167088ec8ff58ca3a36b2d6bd91e913cdad6e76211f977166b806,0,data/benign_original/benign/d63e3e64001167088ec8ff58ca3a36b2d6bd91e913cdad6e76211f977166b806.png
d63ec0ce6772c43d1c5171b77d30767bfdf80ec89fdddbc98d832bbe3600cc2b,0,data/benign_original/benign/d63ec0ce6772c43d1c5171b77d30767bfdf80ec89fdddbc98d832bbe3600cc2b.png
d643d4cf5857c99636950f335f95069ebeec9bf87da5876af2b374d875e66474,0,data/benign_original/benign/d643d4cf5857c99636950f335f95069ebeec9bf87da5876af2b374d875e66474.png
d662fdd778212973ade12dcc330b12a003b87f4c2fa04b5845b6cc90a3c4d5dd,0,data/benign_original/benign/d662fdd778212973ade12dcc330b12a003b87f4c2fa04b5845b6cc90a3c4d5dd.png
d66615329639da2fb6eb162d358c3aad836c9a1cdad182f3be01fadd58a5bdc3,0,data/benign_original/benign/d66615329639da2fb6eb162d358c3aad836c9a1cdad182f3be01fadd58a5bdc3.png
d66c619299abe02f79768e6412a62ac5b39857aa1339285de233779119fdb36b,0,data/benign_original/benign/d66c619299abe02f79768e6412a62ac5b39857aa1339285de233779119fdb36b.png
d6807380be7552912275577af25e078b0706bce67b2c022cd39b89408e0e686a,0,data/benign_original/benign/d6807380be7552912275577af25e078b0706bce67b2c022cd39b89408e0e686a.png
d691e5cea8635d0735ad118515000641e4d57709c1eb647a451768cf43807376,0,data/benign_original/benign/d691e5cea8635d0735ad118515000641e4d57709c1eb647a451768cf43807376.png
d69861a1d87fbc1f741e7c4b36f04573c66126ab7a820d057bc51a6534719acb,0,data/benign_original/benign/d69861a1d87fbc1f741e7c4b36f04573c66126ab7a820d057bc51a6534719acb.png
d6a03550fbd2313a8b1f4e71180bf27db436a86bd54660e4a6c6b6707bdf8d63,0,data/benign_original/benign/d6a03550fbd2313a8b1f4e71180bf27db436a86bd54660e4a6c6b6707bdf8d63.png
d6ac0bd23622122146ebb00b3f5a3a6a195152c157827ad17b09663d73cf7bfd,0,data/benign_original/benign/d6ac0bd23622122146ebb00b3f5a3a6a195152c157827ad17b09663d73cf7bfd.png
d6b9ef1d19cef2df1e512a729d0370664707be3f903ab36d952277d4e8c6b626,0,data/benign_original/benign/d6b9ef1d19cef2df1e512a729d0370664707be3f903ab36d952277d4e8c6b626.png
d6c74e8c3a63cf1c7b3b1a97ac68005d052a012e3b96d21f6583336aec7598ce,0,data/benign_original/benign/d6c74e8c3a63cf1c7b3b1a97ac68005d052a012e3b96d21f6583336aec7598ce.png
d6d3181b73ddf4497e69970392d118f872e568d4099caffc933972f7a7a9d282,0,data/benign_original/benign/d6d3181b73ddf4497e69970392d118f872e568d4099caffc933972f7a7a9d282.png
d6d428032c5b159309988b145a7634ba0bdaf613267a55331356805478e5afb5,0,data/benign_original/benign/d6d428032c5b159309988b145a7634ba0bdaf613267a55331356805478e5afb5.png
d6d66925ebd737bc824791522a6fbca4143bccc4a077070645438cf19c4dfdd1,0,data/benign_original/benign/d6d66925ebd737bc824791522a6fbca4143bccc4a077070645438cf19c4dfdd1.png
d6d811768d315ac1fafcb356b040f522375192510a93ef94a5cfb22001a6de61,0,data/benign_original/benign/d6d811768d315ac1fafcb356b040f522375192510a93ef94a5cfb22001a6de61.png
d6e7528b62458c4dc0c72a265533ddbcf42aa4871ad629826c550b2bb08f0a2b,0,data/benign_original/benign/d6e7528b62458c4dc0c72a265533ddbcf42aa4871ad629826c550b2bb08f0a2b.png
d6fc20054a3e653131e2d8f62759ac1516715efeb7fadbbeca11bf60c4c98ebe,0,data/benign_original/benign/d6fc20054a3e653131e2d8f62759ac1516715efeb7fadbbeca11bf60c4c98ebe.png
d70b11285e12264eee494c3124044d523f5555d4086da2de1dabb83b5fbb63e9,0,data/benign_original/benign/d70b11285e12264eee494c3124044d523f5555d4086da2de1dabb83b5fbb63e9.png
d7169d1df08de361fb54d37f9b377bb93e3b20e165758d84276a4c7162464f5f,0,data/benign_original/benign/d7169d1df08de361fb54d37f9b377bb93e3b20e165758d84276a4c7162464f5f.png
d71bff26ae9684243fbe6cea56258c8557aa31ba6622c6a835f62ba3e47714ce,0,data/benign_original/benign/d71bff26ae9684243fbe6cea56258c8557aa31ba6622c6a835f62ba3e47714ce.png
d71ca70fcf6871ef83f8b45218edc50a2a1ee9d568b77bb69bd56fcf3ebda97b,0,data/benign_original/benign/d71ca70fcf6871ef83f8b45218edc50a2a1ee9d568b77bb69bd56fcf3ebda97b.png
d726801464f49c0a19fb51be4703251f8b19a3bc3d35d410442d379d6eafd273,0,data/benign_original/benign/d726801464f49c0a19fb51be4703251f8b19a3bc3d35d410442d379d6eafd273.png
d72a4391c4852bf4f0937f18d7edbf9ac4343e19861d7856c249615c12e4dd9c,0,data/benign_original/benign/d72a4391c4852bf4f0937f18d7edbf9ac4343e19861d7856c249615c12e4dd9c.png
d738ca24ce031a134ae23e3c6acaa250ed5d26c3e3ef361a779efb91a67361ab,0,data/benign_original/benign/d738ca24ce031a134ae23e3c6acaa250ed5d26c3e3ef361a779efb91a67361ab.png
d73b4d998813ef281a3f4e4d94122438ec0c5f0ee7f503e650634c5ff2a03f01,0,data/benign_original/benign/d73b4d998813ef281a3f4e4d94122438ec0c5f0ee7f503e650634c5ff2a03f01.png
d74326a5fe0a35f99dd7e975a7f25993f7f0a46a605c8365dba26cf44ff9480e,0,data/benign_original/benign/d74326a5fe0a35f99dd7e975a7f25993f7f0a46a605c8365dba26cf44ff9480e.png
d74d1cd46905e662bf0a0dca8fc88ddd22936573a73e39c8e26dabd294177e9b,0,data/benign_original/benign/d74d1cd46905e662bf0a0dca8fc88ddd22936573a73e39c8e26dabd294177e9b.png
d7507a52c077a13a8f0eb74563812ed948767347596b33e5dcdf49677bcd0203,0,data/benign_original/benign/d7507a52c077a13a8f0eb74563812ed948767347596b33e5dcdf49677bcd0203.png
d7510254d61b3e17e93c63a2e40786bd4eedc9a6e598e673f9ffa31004801928,0,data/benign_original/benign/d7510254d61b3e17e93c63a2e40786bd4eedc9a6e598e673f9ffa31004801928.png
d752be52e51756f597a1e346255bf400a31063c70c9c7c724c06b2d620d5212a,0,data/benign_original/benign/d752be52e51756f597a1e346255bf400a31063c70c9c7c724c06b2d620d5212a.png
d758b307b8e754bbbb93a4034912ed373f1ed2fd0c8341f3e0fabd690a9fb5b4,0,data/benign_original/benign/d758b307b8e754bbbb93a4034912ed373f1ed2fd0c8341f3e0fabd690a9fb5b4.png
d75ba753c73a57c54822631593c0e647c575bfc8a6910c4515d6427c4c5538dc,0,data/benign_original/benign/d75ba753c73a57c54822631593c0e647c575bfc8a6910c4515d6427c4c5538dc.png
d75dc7c8ecdba971e494ff5dba5cd0cb570422d54409934e8fee69fcce8a3f80,0,data/benign_original/benign/d75dc7c8ecdba971e494ff5dba5cd0cb570422d54409934e8fee69fcce8a3f80.png
d76274f883c86ef2b9090e43935d9adc6b81b35a2a6fa39e37890f80fdfa9b76,0,data/benign_original/benign/d76274f883c86ef2b9090e43935d9adc6b81b35a2a6fa39e37890f80fdfa9b76.png
d76b5861d8ef9ee1122856e3f9c36325d38a421c81fc50754182267d12f5313d,0,data/benign_original/benign/d76b5861d8ef9ee1122856e3f9c36325d38a421c81fc50754182267d12f5313d.png
d76d08c04dfa434de033ca220456b5b87e6b3f0108667bd61304142c54addbe4,0,data/benign_original/benign/d76d08c04dfa434de033ca220456b5b87e6b3f0108667bd61304142c54addbe4.png
d771f1fca19b2dd62218473ad2e9cd0bdbd7179068c55c23a4a2fff094cb1adb,0,data/benign_original/benign/d771f1fca19b2dd62218473ad2e9cd0bdbd7179068c55c23a4a2fff094cb1adb.png
d7731a1df856d0a19344fd0b80dadd4e4be6b6136236fba6543bb66c1f015e81,0,data/benign_original/benign/d7731a1df856d0a19344fd0b80dadd4e4be6b6136236fba6543bb66c1f015e81.png
d797755211b156eb649cc54508cbc90de2ed24abbeaec61ab68f3d0cb908e567,0,data/benign_original/benign/d797755211b156eb649cc54508cbc90de2ed24abbeaec61ab68f3d0cb908e567.png
d797a7b0ae1eeff7755f1485969d1a980b987ae4b224178fd2434b98cc2f5502,0,data/benign_original/benign/d797a7b0ae1eeff7755f1485969d1a980b987ae4b224178fd2434b98cc2f5502.png
d79d452fa4c3cd3f38a2419e491908b9ba1badb5f7208c34df82e2529df87d91,0,data/benign_original/benign/d79d452fa4c3cd3f38a2419e491908b9ba1badb5f7208c34df82e2529df87d91.png
d7a939542d603b8e3d55a57cb75352a3d981e1d937f7ffcabc6cb89a8bcda47a,0,data/benign_original/benign/d7a939542d603b8e3d55a57cb75352a3d981e1d937f7ffcabc6cb89a8bcda47a.png
d7ab47157bff1b2347e7ae945517b4fc256425939ba7b6288ff85a51931568a7,0,data/benign_original/benign/d7ab47157bff1b2347e7ae945517b4fc256425939ba7b6288ff85a51931568a7.png
d7b20075eb87d6aee4e278286802aeb2541d44882fb0ff36d4b92e92bf63810c,0,data/benign_original/benign/d7b20075eb87d6aee4e278286802aeb2541d44882fb0ff36d4b92e92bf63810c.png
d7b3bd451b9314a6e626f3010be28d5f34549622ee415c2c527f04550c956188,0,data/benign_original/benign/d7b3bd451b9314a6e626f3010be28d5f34549622ee415c2c527f04550c956188.png
d7e676b9f1e162957d0549ab0b91e2cd754643490b0654bf9a86aa1e77cb3c37,0,data/benign_original/benign/d7e676b9f1e162957d0549ab0b91e2cd754643490b0654bf9a86aa1e77cb3c37.png
d80086610ee350980055cde63e2803c7bb4846ba8098c8d48d84ab3c44e85bb0,0,data/benign_original/benign/d80086610ee350980055cde63e2803c7bb4846ba8098c8d48d84ab3c44e85bb0.png
d802fd231698c137c79ff5f702cf5f8a7bbe0ebfd1ba8773c4359eb623bd9368,0,data/benign_original/benign/d802fd231698c137c79ff5f702cf5f8a7bbe0ebfd1ba8773c4359eb623bd9368.png
d80b8421665c39a5cfb05ca22b6541617b1da5818f476fc2e4d83f8e7e3a9a7d,0,data/benign_original/benign/d80b8421665c39a5cfb05ca22b6541617b1da5818f476fc2e4d83f8e7e3a9a7d.png
d8118d73150ec1239b6cf8fccaa8778f8a15e12d49897b924a1e07e8ccf87759,0,data/benign_original/benign/d8118d73150ec1239b6cf8fccaa8778f8a15e12d49897b924a1e07e8ccf87759.png
d8138c007355565baee82a670f120a091c1acd2c3208a08f35dc8a77b63e31b4,0,data/benign_original/benign/d8138c007355565baee82a670f120a091c1acd2c3208a08f35dc8a77b63e31b4.png
d8272d96822bf5550737ff6b5eda5c215e007c2a97899b4f61beada684fbc03b,0,data/benign_original/benign/d8272d96822bf5550737ff6b5eda5c215e007c2a97899b4f61beada684fbc03b.png
d828b0a2713c4d51550073439dda910dac1b923a648c8c6493360cb41b770555,0,data/benign_original/benign/d828b0a2713c4d51550073439dda910dac1b923a648c8c6493360cb41b770555.png
d83174e097343779fcf2a2e854bbde39563c82d467a57a56b9e23def318642b3,0,data/benign_original/benign/d83174e097343779fcf2a2e854bbde39563c82d467a57a56b9e23def318642b3.png
d8441cc60d797d988c1c5bb33a274fe30ece18b7481dbf41cff8372afc054f42,0,data/benign_original/benign/d8441cc60d797d988c1c5bb33a274fe30ece18b7481dbf41cff8372afc054f42.png
d8449378c539dcd3ee3abb5d2ae1220f84e324b0b3c37fd430b3d649e225c14f,0,data/benign_original/benign/d8449378c539dcd3ee3abb5d2ae1220f84e324b0b3c37fd430b3d649e225c14f.png
d85aa7b2fc2ef8cc602e41d954aed055e05b6831b18f1b2a59437126c0496744,0,data/benign_original/benign/d85aa7b2fc2ef8cc602e41d954aed055e05b6831b18f1b2a59437126c0496744.png
d85f1827ab417d728627a132a97322770d56b2ae856dad1fee526663559c54f9,0,data/benign_original/benign/d85f1827ab417d728627a132a97322770d56b2ae856dad1fee526663559c54f9.png
d85f47a8065ec3f70525d3c87efbf67e4b2455a8a9b4f0098c2feb11afe98bb7,0,data/benign_original/benign/d85f47a8065ec3f70525d3c87efbf67e4b2455a8a9b4f0098c2feb11afe98bb7.png
d8696bb1bb00378f313b4233025339061344148b54dd1a531c39302456e5f0c7,0,data/benign_original/benign/d8696bb1bb00378f313b4233025339061344148b54dd1a531c39302456e5f0c7.png
d86afeb17cbb2776a0a96398c1b546a9762f0cb3f9bb8adb49f1ce79e594c338,0,data/benign_original/benign/d86afeb17cbb2776a0a96398c1b546a9762f0cb3f9bb8adb49f1ce79e594c338.png
d87042311a540ae5a9f6a7d5f4c17906f2a50044cf669fc9e15a101e6cb9e7b3,0,data/benign_original/benign/d87042311a540ae5a9f6a7d5f4c17906f2a50044cf669fc9e15a101e6cb9e7b3.png
d87117a9009c10cbe1b03bb9f54cc18642a996a1bf05accb2c924a3e9d59422a,0,data/benign_original/benign/d87117a9009c10cbe1b03bb9f54cc18642a996a1bf05accb2c924a3e9d59422a.png
d883cda7d867643d3679dc201fa88f13a2935fb1bae6386693c313aa1bf50416,0,data/benign_original/benign/d883cda7d867643d3679dc201fa88f13a2935fb1bae6386693c313aa1bf50416.png
d8898efeb49df0853ddaa95b1a44436d2fabb075c4ebc68ba4b8a9de293a1f52,0,data/benign_original/benign/d8898efeb49df0853ddaa95b1a44436d2fabb075c4ebc68ba4b8a9de293a1f52.png
d889a3ba4e158b25bbae2b258d14b47fbfd728deb8126031e22dca5f7ea17faa,0,data/benign_original/benign/d889a3ba4e158b25bbae2b258d14b47fbfd728deb8126031e22dca5f7ea17faa.png
d889aa776b67de0daebe36c6c824812b58053bf28d6fd9eb8c752b004115c847,0,data/benign_original/benign/d889aa776b67de0daebe36c6c824812b58053bf28d6fd9eb8c752b004115c847.png
d891962a7703c493ddaeda2900423661a1b256ffb784230ca11d20bdbb30c9a7,0,data/benign_original/benign/d891962a7703c493ddaeda2900423661a1b256ffb784230ca11d20bdbb30c9a7.png
d892cf9eb8b03e451a9b9ed99dcf1b478a01f57fb467d8314cb4c5e8667826a5,0,data/benign_original/benign/d892cf9eb8b03e451a9b9ed99dcf1b478a01f57fb467d8314cb4c5e8667826a5.png
d899c2f061952b3b97ab9cdbca2450290b0f005909ddd243ed0f4c511d32c198,0,data/benign_original/benign/d899c2f061952b3b97ab9cdbca2450290b0f005909ddd243ed0f4c511d32c198.png
d89d5b6ee52ae16678f15bf522d286a704d69e3f8177ac7bcf572057ec5c7005,0,data/benign_original/benign/d89d5b6ee52ae16678f15bf522d286a704d69e3f8177ac7bcf572057ec5c7005.png
d8a45609e1da6fac2ac9faccc5ee27fbbf2883f396dab664b16060e7d1a2d67c,0,data/benign_original/benign/d8a45609e1da6fac2ac9faccc5ee27fbbf2883f396dab664b16060e7d1a2d67c.png
d8a4a8f940724e381016c6ba08116b3a5e73ed5755415e634938c85d5c2b37ab,0,data/benign_original/benign/d8a4a8f940724e381016c6ba08116b3a5e73ed5755415e634938c85d5c2b37ab.png
d8ae5d645dfe01a39d26600ffb0468cf75c03536ab297da82017a5ed6b0e47c3,0,data/benign_original/benign/d8ae5d645dfe01a39d26600ffb0468cf75c03536ab297da82017a5ed6b0e47c3.png
d8bdfee38646ab9ebb276e2cb267a9e3b1617222c45170a68236f23c4c745f3d,0,data/benign_original/benign/d8bdfee38646ab9ebb276e2cb267a9e3b1617222c45170a68236f23c4c745f3d.png
d8c12c2d42fe0c0444f51d4f8ddb55a5833d67dc9dcd794e5ab1d6b1956bc57e,0,data/benign_original/benign/d8c12c2d42fe0c0444f51d4f8ddb55a5833d67dc9dcd794e5ab1d6b1956bc57e.png
d8c4404dba5a4523b7f4d0bb809f715d1bcd171d2137df5c60affcd960d94216,0,data/benign_original/benign/d8c4404dba5a4523b7f4d0bb809f715d1bcd171d2137df5c60affcd960d94216.png
d8c52934a943e16308f61867785534a806e841930e2ad010ad5a3b7633183e0f,0,data/benign_original/benign/d8c52934a943e16308f61867785534a806e841930e2ad010ad5a3b7633183e0f.png
d8c80dea85efade9304a289464dbaade2d3a9998437fd24d517f4e1035395ee4,0,data/benign_original/benign/d8c80dea85efade9304a289464dbaade2d3a9998437fd24d517f4e1035395ee4.png
d8cb004d4e8894ab4ca769c3cec9a37b7fab336dcda1e6e9a15975dc64cef370,0,data/benign_original/benign/d8cb004d4e8894ab4ca769c3cec9a37b7fab336dcda1e6e9a15975dc64cef370.png
d8cdaba4939513f17757de7080109dd5b6f22776f0adbce4fd87648ce26d3e68,0,data/benign_original/benign/d8cdaba4939513f17757de7080109dd5b6f22776f0adbce4fd87648ce26d3e68.png
d8ce41db1c44b789fc56787beb83f8e84ae5931ba6c08974e9a4b5e6e54f2168,0,data/benign_original/benign/d8ce41db1c44b789fc56787beb83f8e84ae5931ba6c08974e9a4b5e6e54f2168.png
d8e9c006edcf959f414ae7e3ff2e11af0885bc84cedc8249fdc1c5e71cdca8ba,0,data/benign_original/benign/d8e9c006edcf959f414ae7e3ff2e11af0885bc84cedc8249fdc1c5e71cdca8ba.png
d8eacd7d8a253f437480f0396c5d08cb2e7c5e4847550bd4cc38d64a67bae9bd,0,data/benign_original/benign/d8eacd7d8a253f437480f0396c5d08cb2e7c5e4847550bd4cc38d64a67bae9bd.png
d8fc57918ec936f4dffcdaf037f14fa866a7bef3d018879c5e43ca1693803791,0,data/benign_original/benign/d8fc57918ec936f4dffcdaf037f14fa866a7bef3d018879c5e43ca1693803791.png
d9066eeb042293372001502958abe0ab382d4fc605b9a6ee61792eccff5c6c66,0,data/benign_original/benign/d9066eeb042293372001502958abe0ab382d4fc605b9a6ee61792eccff5c6c66.png
d9113cb6652a2dabf333a77b4e0de2e43855c0a05e0ba0e0858358312ddc85d1,0,data/benign_original/benign/d9113cb6652a2dabf333a77b4e0de2e43855c0a05e0ba0e0858358312ddc85d1.png
d914e380ffba10bb97111165ffe20da7c30056a70afc77361487cce23004ce93,0,data/benign_original/benign/d914e380ffba10bb97111165ffe20da7c30056a70afc77361487cce23004ce93.png
d915a1245f92b0b912dc58fbc64168e2b31b08c723f285da5a956add4772f1af,0,data/benign_original/benign/d915a1245f92b0b912dc58fbc64168e2b31b08c723f285da5a956add4772f1af.png
d91abe92b891a303cfa09d2d56ac6aaece9e561f2d2def6f503dd10a3041e40a,0,data/benign_original/benign/d91abe92b891a303cfa09d2d56ac6aaece9e561f2d2def6f503dd10a3041e40a.png
d929cb4aba6446c52dd3754287aa058743d219290fad93906756c550d55d5335,0,data/benign_original/benign/d929cb4aba6446c52dd3754287aa058743d219290fad93906756c550d55d5335.png
d92e2b4d6b59cdde958fb0c8a81558af5a3bfce997d920e3eb84d9d998e259d6,0,data/benign_original/benign/d92e2b4d6b59cdde958fb0c8a81558af5a3bfce997d920e3eb84d9d998e259d6.png
d939672d6332061a54e080008a1035d1bf4da0f98a03b9df9e8e8c571ab7a895,0,data/benign_original/benign/d939672d6332061a54e080008a1035d1bf4da0f98a03b9df9e8e8c571ab7a895.png
d93ce42cd625510b2355de086bcd19e2c11307ccade7bad62b09c7f340a866ba,0,data/benign_original/benign/d93ce42cd625510b2355de086bcd19e2c11307ccade7bad62b09c7f340a866ba.png
d9400c2413fdf6fdf7103bab452c6b87b279f325059b718fa41e58caf3bab131,0,data/benign_original/benign/d9400c2413fdf6fdf7103bab452c6b87b279f325059b718fa41e58caf3bab131.png
d94db82594538d6708c623b2e0d5a41f66b671f0e7eccd778769a2fad5630908,0,data/benign_original/benign/d94db82594538d6708c623b2e0d5a41f66b671f0e7eccd778769a2fad5630908.png
d95753ec8aa7da87cd519e3c77d16da579815cc53c564a77192f65c4a01c043d,0,data/benign_original/benign/d95753ec8aa7da87cd519e3c77d16da579815cc53c564a77192f65c4a01c043d.png
d9677ec0d8a956bee45c9a7ba5c478b32d240b9fb0ba6279bf85f6772fc64abc,0,data/benign_original/benign/d9677ec0d8a956bee45c9a7ba5c478b32d240b9fb0ba6279bf85f6772fc64abc.png
d96cd6f8855cf9e59d796e178637a72eea63bf5d30aaab4e070490240278f3af,0,data/benign_original/benign/d96cd6f8855cf9e59d796e178637a72eea63bf5d30aaab4e070490240278f3af.png
d96dc9893c00de97aa3317a9ac437b5a010ab5dd84489f8bc4b1be562c57384b,0,data/benign_original/benign/d96dc9893c00de97aa3317a9ac437b5a010ab5dd84489f8bc4b1be562c57384b.png
d976432b6a33484ded6feff4a917adbaa73e9d26fb1439271f52a7baf1a26644,0,data/benign_original/benign/d976432b6a33484ded6feff4a917adbaa73e9d26fb1439271f52a7baf1a26644.png
d97f01867422557a2e86fd8625f31031bd7eb647bc08b8a7eb85f93acf172d02,0,data/benign_original/benign/d97f01867422557a2e86fd8625f31031bd7eb647bc08b8a7eb85f93acf172d02.png
d9959aefbf4299c6ad1f6a66debfac14e2b512a1c76e2eee6abaae31fa16d1f0,0,data/benign_original/benign/d9959aefbf4299c6ad1f6a66debfac14e2b512a1c76e2eee6abaae31fa16d1f0.png
d99f35f620d652376d85fbaca3a904e211baf83a0f060f6a7b70f65b60697780,0,data/benign_original/benign/d99f35f620d652376d85fbaca3a904e211baf83a0f060f6a7b70f65b60697780.png
d9a8ca26dd191eab865dc724d242e7ac818d16c921f4c17485f2ced1f3fa9816,0,data/benign_original/benign/d9a8ca26dd191eab865dc724d242e7ac818d16c921f4c17485f2ced1f3fa9816.png
d9acda540d678213d5d1756a8717a78b2ac905f61127a815796f44dde0908f92,0,data/benign_original/benign/d9acda540d678213d5d1756a8717a78b2ac905f61127a815796f44dde0908f92.png
d9b579329e855a8543bbcacf556781c8405fbdd7153752315e1b87940a8b1ec6,0,data/benign_original/benign/d9b579329e855a8543bbcacf556781c8405fbdd7153752315e1b87940a8b1ec6.png
d9bfb0ef6d5d91f9da013b307c1fe39ec36c6682f7ce3cff5e2cdfe26b41a6a1,0,data/benign_original/benign/d9bfb0ef6d5d91f9da013b307c1fe39ec36c6682f7ce3cff5e2cdfe26b41a6a1.png
d9cafff7816341bced2635ce6dcfbd78d0e8bb01707424016abb1910428793cf,0,data/benign_original/benign/d9cafff7816341bced2635ce6dcfbd78d0e8bb01707424016abb1910428793cf.png
d9e030211f48f263fba871a5117bce28f785335f06105c33c75271ebf1b9143b,0,data/benign_original/benign/d9e030211f48f263fba871a5117bce28f785335f06105c33c75271ebf1b9143b.png
d9e0aa17442669974e9d30dbd63073f9990ac4f83580afbd4bdbe92b5c4fb1d2,0,data/benign_original/benign/d9e0aa17442669974e9d30dbd63073f9990ac4f83580afbd4bdbe92b5c4fb1d2.png
d9eb4589266e01c67a367f9721acfeadbe8a99cf522ff905472a76a15c8edfc5,0,data/benign_original/benign/d9eb4589266e01c67a367f9721acfeadbe8a99cf522ff905472a76a15c8edfc5.png
d9efcf07678ab33878d2e9f6111ff6a9516a030b34b022ab1d27f544856c6501,0,data/benign_original/benign/d9efcf07678ab33878d2e9f6111ff6a9516a030b34b022ab1d27f544856c6501.png
d9f1b6f7b2d4024a214c109e5337cb1809798fc50b993e9232bb2133f1fb9645,0,data/benign_original/benign/d9f1b6f7b2d4024a214c109e5337cb1809798fc50b993e9232bb2133f1fb9645.png
d9f2efc4864b6eb69c4509ed80744c29209c5730eb1aa833f5aa422b50af0587,0,data/benign_original/benign/d9f2efc4864b6eb69c4509ed80744c29209c5730eb1aa833f5aa422b50af0587.png
da00756a4ace0ab5a81b21287f4027e82cf51b2828312bdb5666f05211f773ef,0,data/benign_original/benign/da00756a4ace0ab5a81b21287f4027e82cf51b2828312bdb5666f05211f773ef.png
da0c5bd773abe0a42e3e8856dcbeb612c887006973b9abdcbb0a44c98aae5425,0,data/benign_original/benign/da0c5bd773abe0a42e3e8856dcbeb612c887006973b9abdcbb0a44c98aae5425.png
da0edd23bc2e80a9fdae3d96013e314bded7aa5f84741ff9487a912cd2cdf840,0,data/benign_original/benign/da0edd23bc2e80a9fdae3d96013e314bded7aa5f84741ff9487a912cd2cdf840.png
da0f271dc7269cc13838d7141eac5fec03093dc5f8033f3b55324809c22ab760,0,data/benign_original/benign/da0f271dc7269cc13838d7141eac5fec03093dc5f8033f3b55324809c22ab760.png
da14c59619522d10012cddc836432d69dd0827407bf98eb36d3f4dd08d1c2d15,0,data/benign_original/benign/da14c59619522d10012cddc836432d69dd0827407bf98eb36d3f4dd08d1c2d15.png
da1effb56ddd4c5630864b52366f91de3ba8ec77fad6c2a6a0a3ed833aa6b625,0,data/benign_original/benign/da1effb56ddd4c5630864b52366f91de3ba8ec77fad6c2a6a0a3ed833aa6b625.png
da21e8ca14a1ad9bf83d3b3f1330fa74f216d35d6fbb07063122443fa7c54374,0,data/benign_original/benign/da21e8ca14a1ad9bf83d3b3f1330fa74f216d35d6fbb07063122443fa7c54374.png
da2962d4ea662fd5c4867eb68775a84764d94a3713002797d2f70a3039e8458d,0,data/benign_original/benign/da2962d4ea662fd5c4867eb68775a84764d94a3713002797d2f70a3039e8458d.png
da2b25bc2e4e2365e636e36971f5d4880b17fbf5bdb77a3c15868604e9614bec,0,data/benign_original/benign/da2b25bc2e4e2365e636e36971f5d4880b17fbf5bdb77a3c15868604e9614bec.png
da2c3684d8d87bdb1fd1f6b74a057cd73e4237bf0a63a929142e0581c9944756,0,data/benign_original/benign/da2c3684d8d87bdb1fd1f6b74a057cd73e4237bf0a63a929142e0581c9944756.png
da3931be349e48efdbb478f8e296bb29adb86be1b5af0dd4e9ee5a2c66f0a6d4,0,data/benign_original/benign/da3931be349e48efdbb478f8e296bb29adb86be1b5af0dd4e9ee5a2c66f0a6d4.png
da409ee821726e2bea2e27c88f55f58d842a08b863f71b30d55464e6acf4c8ee,0,data/benign_original/benign/da409ee821726e2bea2e27c88f55f58d842a08b863f71b30d55464e6acf4c8ee.png
da5b4e89fd4bc8d9b0d1477d213c3bd3d5ddfea5f14116e816348f56a0e848de,0,data/benign_original/benign/da5b4e89fd4bc8d9b0d1477d213c3bd3d5ddfea5f14116e816348f56a0e848de.png
da6bef4475c440da73736dc6a500dc5fc8435387250e94b6d8877bb7d3b915b9,0,data/benign_original/benign/da6bef4475c440da73736dc6a500dc5fc8435387250e94b6d8877bb7d3b915b9.png
da6c9fa1d9f183bc0040f719e3814d8a918310e107efcfc2854ac873b7ae9d9a,0,data/benign_original/benign/da6c9fa1d9f183bc0040f719e3814d8a918310e107efcfc2854ac873b7ae9d9a.png
da71337d4902a86fc278350ec2580b787b1ebc53cd57b355aa0c87573f293a9c,0,data/benign_original/benign/da71337d4902a86fc278350ec2580b787b1ebc53cd57b355aa0c87573f293a9c.png
da72e6677bd1bcd01c453c1998aaa19aeaf6659f4774cf6848409da8232a95b2,0,data/benign_original/benign/da72e6677bd1bcd01c453c1998aaa19aeaf6659f4774cf6848409da8232a95b2.png
da7b4f82b9f7c41d30f4cbbab630ea5b5b007b1b0a6582cfc224af2fbb923597,0,data/benign_original/benign/da7b4f82b9f7c41d30f4cbbab630ea5b5b007b1b0a6582cfc224af2fbb923597.png
da7cb294fd0f748343eee1348b033702d601c400b0f156706bbd6da1571aea62,0,data/benign_original/benign/da7cb294fd0f748343eee1348b033702d601c400b0f156706bbd6da1571aea62.png
da84fc4ae3b71092863034cc9588ed94b83d863447ff4c9385bcb52d3e61af2a,0,data/benign_original/benign/da84fc4ae3b71092863034cc9588ed94b83d863447ff4c9385bcb52d3e61af2a.png
da9d68aaba023a0c81097b5030282bd482304e117fccf5b57ceaab15e06a7018,0,data/benign_original/benign/da9d68aaba023a0c81097b5030282bd482304e117fccf5b57ceaab15e06a7018.png
da9f83de4f0cb042d32c1bfabfe4f10dcd3bb7c22d7a3b248a03d15023086927,0,data/benign_original/benign/da9f83de4f0cb042d32c1bfabfe4f10dcd3bb7c22d7a3b248a03d15023086927.png
daab58ef131434e2abd73081e92689769e0da064798c9ad224486f4fb47b06e9,0,data/benign_original/benign/daab58ef131434e2abd73081e92689769e0da064798c9ad224486f4fb47b06e9.png
dab3fd85cb7664e90e3d8ad64ccb24a3b1888ee3aeef0fc9d3b03804077c80e1,0,data/benign_original/benign/dab3fd85cb7664e90e3d8ad64ccb24a3b1888ee3aeef0fc9d3b03804077c80e1.png
dac867476caa42ff8df8f5dfe869ffd56a18dadee17d47889afb69ed6519afbf,0,data/benign_original/benign/dac867476caa42ff8df8f5dfe869ffd56a18dadee17d47889afb69ed6519afbf.png
dac890ae1cf77c3be90a5b9aa1b91632977f30abc3702256107729252f3fba23,0,data/benign_original/benign/dac890ae1cf77c3be90a5b9aa1b91632977f30abc3702256107729252f3fba23.png
dac89632b34333c9b1eaca9bdcbc8fb5010067cb43d07eff9f5d94f7f58ff77a,0,data/benign_original/benign/dac89632b34333c9b1eaca9bdcbc8fb5010067cb43d07eff9f5d94f7f58ff77a.png
dad069d159b3ec8279aa07119cb3f05421d6ee8e99d2876cdcf250645b764068,0,data/benign_original/benign/dad069d159b3ec8279aa07119cb3f05421d6ee8e99d2876cdcf250645b764068.png
dad6229600eb17c91ad9ddae5481379a6d06b08147d840e20648f8e36d56844e,0,data/benign_original/benign/dad6229600eb17c91ad9ddae5481379a6d06b08147d840e20648f8e36d56844e.png
dadd58ab9c587c6edc1d435907d65c2daa46dc581c43e1ada6cc69f63cf3ad0d,0,data/benign_original/benign/dadd58ab9c587c6edc1d435907d65c2daa46dc581c43e1ada6cc69f63cf3ad0d.png
dadf7b6aa39bbe512529e9587abcbac57c22ace6a9b1fa7776090ad10fad9049,0,data/benign_original/benign/dadf7b6aa39bbe512529e9587abcbac57c22ace6a9b1fa7776090ad10fad9049.png
dae77fd05cebeedf11d2e97e3f8760da87a545d7322dc80c90ffd511630c4d2a,0,data/benign_original/benign/dae77fd05cebeedf11d2e97e3f8760da87a545d7322dc80c90ffd511630c4d2a.png
daeaa2bf75964c8d93ef60983186c62614471831b610cb0ad9aa4be1adb245c4,0,data/benign_original/benign/daeaa2bf75964c8d93ef60983186c62614471831b610cb0ad9aa4be1adb245c4.png
daf237638b387de778216611bc9e0ae29f525bdf71f4a8fe8a419e8000b332bb,0,data/benign_original/benign/daf237638b387de778216611bc9e0ae29f525bdf71f4a8fe8a419e8000b332bb.png
daff63c2c374463e0cf476b5cbadf2d58d0dade0bb0c29ddae543a69ba34fb93,0,data/benign_original/benign/daff63c2c374463e0cf476b5cbadf2d58d0dade0bb0c29ddae543a69ba34fb93.png
db15b17902188788b2da99929b289d7355594a87cdd1e1a42cdfe843a87e9908,0,data/benign_original/benign/db15b17902188788b2da99929b289d7355594a87cdd1e1a42cdfe843a87e9908.png
db192bce00f94c727a6d8c58563f3e1467a1badddd9814093333d355b1dae6b7,0,data/benign_original/benign/db192bce00f94c727a6d8c58563f3e1467a1badddd9814093333d355b1dae6b7.png
db1c2ed7a637278a8f9974d7e119a5c4b20d3498c2b3d86648539f0808e1fafc,0,data/benign_original/benign/db1c2ed7a637278a8f9974d7e119a5c4b20d3498c2b3d86648539f0808e1fafc.png
db2109e9a8f24fadd5a905c868f7eb64804237da1c23ed6597ab834cc11f63e7,0,data/benign_original/benign/db2109e9a8f24fadd5a905c868f7eb64804237da1c23ed6597ab834cc11f63e7.png
db3410ddc4f58647b131fb2666727ce1d8c61c93df47632da4d906029fddf24d,0,data/benign_original/benign/db3410ddc4f58647b131fb2666727ce1d8c61c93df47632da4d906029fddf24d.png
db345130e2cd90ea550affa0fc43a285f09c8f15c9382d35334a1bde48eaa92e,0,data/benign_original/benign/db345130e2cd90ea550affa0fc43a285f09c8f15c9382d35334a1bde48eaa92e.png
db398b13ddead910fe85ec163f4d181eff03b13d946a5f022e2948921cfaa193,0,data/benign_original/benign/db398b13ddead910fe85ec163f4d181eff03b13d946a5f022e2948921cfaa193.png
db441b7c057752ee90c96150134e8bf4c64bbee68a07dbd6bd640975e2aaff95,0,data/benign_original/benign/db441b7c057752ee90c96150134e8bf4c64bbee68a07dbd6bd640975e2aaff95.png
db4505209c05195eda57a9af9715cd0bd641ae89a892ee508b77f5342ecec5ec,0,data/benign_original/benign/db4505209c05195eda57a9af9715cd0bd641ae89a892ee508b77f5342ecec5ec.png
db473d55fc5eb39ce8d3d1451954273a8835ed6a06e2bc5a9834b263e5fb42a9,0,data/benign_original/benign/db473d55fc5eb39ce8d3d1451954273a8835ed6a06e2bc5a9834b263e5fb42a9.png
db49ae8db99868045edf1cb1e0a30fd03aa2d062b297e8bac019219365ed0e2c,0,data/benign_original/benign/db49ae8db99868045edf1cb1e0a30fd03aa2d062b297e8bac019219365ed0e2c.png
db52146d609f4045420e9d9f72f727bc654afb27c8ab5823c356c0cca9ed4b5d,0,data/benign_original/benign/db52146d609f4045420e9d9f72f727bc654afb27c8ab5823c356c0cca9ed4b5d.png
db6ae437c41a0269ec6333f6bdc3686d532ad7aadbde7cf9e481b4380211a410,0,data/benign_original/benign/db6ae437c41a0269ec6333f6bdc3686d532ad7aadbde7cf9e481b4380211a410.png
db8614cba759ad1ece3160d80fb4538ba9be5ab6a65a9a8ce35f8acf6dc9359b,0,data/benign_original/benign/db8614cba759ad1ece3160d80fb4538ba9be5ab6a65a9a8ce35f8acf6dc9359b.png
db894749cf8c88fe40057bb486415ca7f7a5988e7fa593070266682a93d9d858,0,data/benign_original/benign/db894749cf8c88fe40057bb486415ca7f7a5988e7fa593070266682a93d9d858.png
db897e58b7d327a059db263af2f1be1eff58176e3bcdb82aa801e2d69fd2293c,0,data/benign_original/benign/db897e58b7d327a059db263af2f1be1eff58176e3bcdb82aa801e2d69fd2293c.png
db8e6bfcd51afcff2d5e1a0c1a29db0b76da5b1985b1df5c59d8dc84cd6019c4,0,data/benign_original/benign/db8e6bfcd51afcff2d5e1a0c1a29db0b76da5b1985b1df5c59d8dc84cd6019c4.png
db9a9d0de30770fa5d102aa1972d507a0eb1025d201eeb834c26575933cf5a53,0,data/benign_original/benign/db9a9d0de30770fa5d102aa1972d507a0eb1025d201eeb834c26575933cf5a53.png
dba499902e6498dd8983ded2449e0a66b96ff5a7698b76eeaacdd58ba65420e7,0,data/benign_original/benign/dba499902e6498dd8983ded2449e0a66b96ff5a7698b76eeaacdd58ba65420e7.png
dbab3ed4438da9ca434fe3407ad34188cb8a4ab51ed394787c971d508df57a52,0,data/benign_original/benign/dbab3ed4438da9ca434fe3407ad34188cb8a4ab51ed394787c971d508df57a52.png
dbb468542e8da77fcf49cd92037ef4bf4ee0140b5671f314542c979453c83ec6,0,data/benign_original/benign/dbb468542e8da77fcf49cd92037ef4bf4ee0140b5671f314542c979453c83ec6.png
dbb89cf1eb51965dbd1bffe98411bce8b8bcbe80cc6db937d87238129108c10b,0,data/benign_original/benign/dbb89cf1eb51965dbd1bffe98411bce8b8bcbe80cc6db937d87238129108c10b.png
dbc03550bb3cdad83ceb90a68e548e511d3cbba57e60ac4993ca45178625886e,0,data/benign_original/benign/dbc03550bb3cdad83ceb90a68e548e511d3cbba57e60ac4993ca45178625886e.png
dbee63491f605076125b0ce79e3d450adaef64e816dadbed11246140a3ec5dac,0,data/benign_original/benign/dbee63491f605076125b0ce79e3d450adaef64e816dadbed11246140a3ec5dac.png
dbfdf57fb0dc7ef3bcc2bd4f0544760eab24c8484790dcd220ba212b35ce36f9,0,data/benign_original/benign/dbfdf57fb0dc7ef3bcc2bd4f0544760eab24c8484790dcd220ba212b35ce36f9.png
dbff7e42e15b2b6286468a6e639cb1302bcdef6c223e96adee384b5a5a5e27ad,0,data/benign_original/benign/dbff7e42e15b2b6286468a6e639cb1302bcdef6c223e96adee384b5a5a5e27ad.png
dc0bc2045a57fcfadac7b011ed955e4c3b049c049aed6edd7bcaef60686024a6,0,data/benign_original/benign/dc0bc2045a57fcfadac7b011ed955e4c3b049c049aed6edd7bcaef60686024a6.png
dc14743f0c58595e84d80cf3579f6d162d378312c6b017380a1e43c870f9f9fd,0,data/benign_original/benign/dc14743f0c58595e84d80cf3579f6d162d378312c6b017380a1e43c870f9f9fd.png
dc15e2f2c5a28ed75f9b181960c9161c30ef298a2a9e201ad68bfea78c56530e,0,data/benign_original/benign/dc15e2f2c5a28ed75f9b181960c9161c30ef298a2a9e201ad68bfea78c56530e.png
dc19265881c3d00f2c519c53fc64cf6dd072a870672ecd30a028d875eab6d7cb,0,data/benign_original/benign/dc19265881c3d00f2c519c53fc64cf6dd072a870672ecd30a028d875eab6d7cb.png
dc19f55c7cf7d867e448b69b8c770e62636b19cd62265b2ae9da7fe002d062d9,0,data/benign_original/benign/dc19f55c7cf7d867e448b69b8c770e62636b19cd62265b2ae9da7fe002d062d9.png
dc2379ab09228678a8eb40678b5bb50908debe85dc74494acd6127207cbc6d72,0,data/benign_original/benign/dc2379ab09228678a8eb40678b5bb50908debe85dc74494acd6127207cbc6d72.png
dc2ff96968ea65fdde07f1df504d17e32a26901d88119a0c3df79b088098884a,0,data/benign_original/benign/dc2ff96968ea65fdde07f1df504d17e32a26901d88119a0c3df79b088098884a.png
dc39379b7323d4bbc90b159475c74f2aab249c4c4d9d3c6806d7b3015008da13,0,data/benign_original/benign/dc39379b7323d4bbc90b159475c74f2aab249c4c4d9d3c6806d7b3015008da13.png
dc39733c603b0a7aa1f5eb46fef56301f7edca137681fdd41ad4df292f18d87c,0,data/benign_original/benign/dc39733c603b0a7aa1f5eb46fef56301f7edca137681fdd41ad4df292f18d87c.png
dc3d13efbee83f04b6f9a3b32a521bf319333e78d356eb3513baa8376f1d842a,0,data/benign_original/benign/dc3d13efbee83f04b6f9a3b32a521bf319333e78d356eb3513baa8376f1d842a.png
dc43ad125915c376c55ce954b85a778f5a45af448e0bcdb204a55dbcc4162873,0,data/benign_original/benign/dc43ad125915c376c55ce954b85a778f5a45af448e0bcdb204a55dbcc4162873.png
dc4a4aabaa2db2cd79d01d12e35ae7402a4aa8193660141c30ee216cf27f189a,0,data/benign_original/benign/dc4a4aabaa2db2cd79d01d12e35ae7402a4aa8193660141c30ee216cf27f189a.png
dc5465abe73543f4f8ad67985a9d73af630df1b95d0bd87123c334ad436c45e4,0,data/benign_original/benign/dc5465abe73543f4f8ad67985a9d73af630df1b95d0bd87123c334ad436c45e4.png
dc592fcb24759f4e822715092ec2d6e10275d4e5aedb0b72895d38fe989a3e50,0,data/benign_original/benign/dc592fcb24759f4e822715092ec2d6e10275d4e5aedb0b72895d38fe989a3e50.png
dc81ccbe500b5172e67f7e2e66ee4acb3fc99840c8e40962c9d36bb0cf32e3f2,0,data/benign_original/benign/dc81ccbe500b5172e67f7e2e66ee4acb3fc99840c8e40962c9d36bb0cf32e3f2.png
dc93b7a03d9306c09b747ccb03dad7625dbafec54c38ee34431f1f5594ba8b18,0,data/benign_original/benign/dc93b7a03d9306c09b747ccb03dad7625dbafec54c38ee34431f1f5594ba8b18.png
dc9d67a28b79d557da837982d673bc650263064c1bcb178d474dac510227e8d6,0,data/benign_original/benign/dc9d67a28b79d557da837982d673bc650263064c1bcb178d474dac510227e8d6.png
dca3a8f6bbe4e3be641adfd870352545e103298444f0cb68c932861327047b63,0,data/benign_original/benign/dca3a8f6bbe4e3be641adfd870352545e103298444f0cb68c932861327047b63.png
dca6c76137a21eb065333fbc5dbc554a0c0cd340823d3d8a96a4a7caa8680019,0,data/benign_original/benign/dca6c76137a21eb065333fbc5dbc554a0c0cd340823d3d8a96a4a7caa8680019.png
dcb5d275f67264d2a6ba2429d46561fe284d3abf1e12c5f600424e0189cfd5d3,0,data/benign_original/benign/dcb5d275f67264d2a6ba2429d46561fe284d3abf1e12c5f600424e0189cfd5d3.png
dcb6994a58ba6320cc89b09261e4f13102a04e7cd62a8a0a0e42bbe69af9a722,0,data/benign_original/benign/dcb6994a58ba6320cc89b09261e4f13102a04e7cd62a8a0a0e42bbe69af9a722.png
dcb8597465c6a14ab7f240c863ab1c3ea01a5f7963c8390f1511e28c9ef04d66,0,data/benign_original/benign/dcb8597465c6a14ab7f240c863ab1c3ea01a5f7963c8390f1511e28c9ef04d66.png
dccc1e7a55bb1d918c8aa7f63c28c4fa11b1f1edff31f455eb1b9447d340fbbc,0,data/benign_original/benign/dccc1e7a55bb1d918c8aa7f63c28c4fa11b1f1edff31f455eb1b9447d340fbbc.png
dccd9202b1bf28db9acd88ac5b88d28bf6a461e746a78d5c278cfac8ee542bc8,0,data/benign_original/benign/dccd9202b1bf28db9acd88ac5b88d28bf6a461e746a78d5c278cfac8ee542bc8.png
dcd8f4239f7121ab858af2c04d009c1222ac13a9d2ac92279b0c67117d724bd3,0,data/benign_original/benign/dcd8f4239f7121ab858af2c04d009c1222ac13a9d2ac92279b0c67117d724bd3.png
dce13b97ce3ceea40dabec86d53d3ee578382d3eaefc0e39093ae60c50954155,0,data/benign_original/benign/dce13b97ce3ceea40dabec86d53d3ee578382d3eaefc0e39093ae60c50954155.png
dce1a17ed6533e8e0ce50c918676d418e35bd632988f1b9dfb652adaa11c3d26,0,data/benign_original/benign/dce1a17ed6533e8e0ce50c918676d418e35bd632988f1b9dfb652adaa11c3d26.png
dcf2550523e611ddae2cf302740863d2bc1ddcb8c7f9c1d3caaa7c6b116aed67,0,data/benign_original/benign/dcf2550523e611ddae2cf302740863d2bc1ddcb8c7f9c1d3caaa7c6b116aed67.png
dcf3c4f6024313eeb6f775ed343265d73be1ce1d5dde2f92195dbc32310c7fc9,0,data/benign_original/benign/dcf3c4f6024313eeb6f775ed343265d73be1ce1d5dde2f92195dbc32310c7fc9.png
dcf76342263992236c1ae506b7b680323b50c5eda210e9f8a13ee90eb0d26f7a,0,data/benign_original/benign/dcf76342263992236c1ae506b7b680323b50c5eda210e9f8a13ee90eb0d26f7a.png
dcfb16db146c4d8e3ad5ac466c4245ab6252637f7806bb6a8b7c495d16f5abcb,0,data/benign_original/benign/dcfb16db146c4d8e3ad5ac466c4245ab6252637f7806bb6a8b7c495d16f5abcb.png
dcff37eac3e2e9571f4348f4941dc834c2d9cad045607626daf39b1b960ab26a,0,data/benign_original/benign/dcff37eac3e2e9571f4348f4941dc834c2d9cad045607626daf39b1b960ab26a.png
dd01f84fde65dcbd42de8beb21ae8fc06c5eaef73e378ad19a72eb98ed0ab54f,0,data/benign_original/benign/dd01f84fde65dcbd42de8beb21ae8fc06c5eaef73e378ad19a72eb98ed0ab54f.png
dd054e4de84144c2130fa8d28d563252a7c4089a58872e49d63bc43c9a1a3cb8,0,data/benign_original/benign/dd054e4de84144c2130fa8d28d563252a7c4089a58872e49d63bc43c9a1a3cb8.png
dd0f1e023373fcd022c22c419b893c91bacc90e3a5731c9dfedc95ebab942622,0,data/benign_original/benign/dd0f1e023373fcd022c22c419b893c91bacc90e3a5731c9dfedc95ebab942622.png
dd14133adf5c534539298422f6c4b52739f80aca8c5a85ca8c966dea9964ceb1,0,data/benign_original/benign/dd14133adf5c534539298422f6c4b52739f80aca8c5a85ca8c966dea9964ceb1.png
dd1f98472a3e5ad1eeca81ed4d70ce84760c8447b7be5f63a81a07653f0ef130,0,data/benign_original/benign/dd1f98472a3e5ad1eeca81ed4d70ce84760c8447b7be5f63a81a07653f0ef130.png
dd22e039c3d31e3a2cddd125ccca9ed5c400dc41a2ab57b01d5bfe87fa7a1525,0,data/benign_original/benign/dd22e039c3d31e3a2cddd125ccca9ed5c400dc41a2ab57b01d5bfe87fa7a1525.png
dd3ae6beda5923321ce93324f57f2f269d9e45d1689ba944a9f5d5bab44403b8,0,data/benign_original/benign/dd3ae6beda5923321ce93324f57f2f269d9e45d1689ba944a9f5d5bab44403b8.png
dd3bcd2eab964fa502de8ce43d035b72135a9fcc538c0ce5b29c654a01d93a47,0,data/benign_original/benign/dd3bcd2eab964fa502de8ce43d035b72135a9fcc538c0ce5b29c654a01d93a47.png
dd44fcd987105b906d3af89574030b1db93948a8535977f16a67a583e2614dfa,0,data/benign_original/benign/dd44fcd987105b906d3af89574030b1db93948a8535977f16a67a583e2614dfa.png
dd4d2e361672cc6c765076f53836723f60f8d762679131cf4fae8b94d30a669b,0,data/benign_original/benign/dd4d2e361672cc6c765076f53836723f60f8d762679131cf4fae8b94d30a669b.png
dd4db767a2a31194a2bfcb31eaf143892f892f22b46d459a42042a250f0358fc,0,data/benign_original/benign/dd4db767a2a31194a2bfcb31eaf143892f892f22b46d459a42042a250f0358fc.png
dd4fdd315ffe4381559e8c14017da5f3c88c68094b380d153f73b99f04d6c274,0,data/benign_original/benign/dd4fdd315ffe4381559e8c14017da5f3c88c68094b380d153f73b99f04d6c274.png
dd50a50cd5681c948370d818686fff4f532d3dda746176b15ddaf5954401ad66,0,data/benign_original/benign/dd50a50cd5681c948370d818686fff4f532d3dda746176b15ddaf5954401ad66.png
dd5233152a8dc1dfc6f6766012c247bda4eb11361a8adc6d6d233ffb714601ad,0,data/benign_original/benign/dd5233152a8dc1dfc6f6766012c247bda4eb11361a8adc6d6d233ffb714601ad.png
dd55a5cb37b149a67dbf587afdc003040d8e47f41a907f6aef0ce12f25c9357b,0,data/benign_original/benign/dd55a5cb37b149a67dbf587afdc003040d8e47f41a907f6aef0ce12f25c9357b.png
dd729ca3cc3714d57054516b5f30afd19bc7ffdb444ccf38ceb6b3d75d596820,0,data/benign_original/benign/dd729ca3cc3714d57054516b5f30afd19bc7ffdb444ccf38ceb6b3d75d596820.png
dd77bc91baf7db0287ffebdf456766273aa969b07c9294d5878cd8aee994355e,0,data/benign_original/benign/dd77bc91baf7db0287ffebdf456766273aa969b07c9294d5878cd8aee994355e.png
dd820a98337363e22b3d1aee781a2993025122b5ab8779dcba75ddaa1a8da7b8,0,data/benign_original/benign/dd820a98337363e22b3d1aee781a2993025122b5ab8779dcba75ddaa1a8da7b8.png
dd8c1f39cb9abdfa77b9ead5e56f2190c6ac7a725bf87e574e21bdab9a480980,0,data/benign_original/benign/dd8c1f39cb9abdfa77b9ead5e56f2190c6ac7a725bf87e574e21bdab9a480980.png
dda46ead54b5f92e4fa77cf708f9c87521cf26e80ea776203b34037d54590f96,0,data/benign_original/benign/dda46ead54b5f92e4fa77cf708f9c87521cf26e80ea776203b34037d54590f96.png
dda68865c50b623790cb47e09c92bfc293c0da8bc7e00ed90cb484220f3a3c09,0,data/benign_original/benign/dda68865c50b623790cb47e09c92bfc293c0da8bc7e00ed90cb484220f3a3c09.png
ddafe2b6ff85f116dabc073ad10808015134859eb1138424c18f7d47cd53d12c,0,data/benign_original/benign/ddafe2b6ff85f116dabc073ad10808015134859eb1138424c18f7d47cd53d12c.png
ddb1de29b7d323edc53553e28194e92bd9e5b1a8841585bb5038ba771b60294e,0,data/benign_original/benign/ddb1de29b7d323edc53553e28194e92bd9e5b1a8841585bb5038ba771b60294e.png
ddb421f82a35c6940a671406821b00746fb54ffd3e7f02b014a4993b1d606ed2,0,data/benign_original/benign/ddb421f82a35c6940a671406821b00746fb54ffd3e7f02b014a4993b1d606ed2.png
ddbafd1e20ef8effabb97d70651eb33456a4a39694a621172fdc09d140b1abfb,0,data/benign_original/benign/ddbafd1e20ef8effabb97d70651eb33456a4a39694a621172fdc09d140b1abfb.png
ddc0c69d264c293cfece87b60db800bc5582f4c6c75950b0b4bc7e84062ef2bc,0,data/benign_original/benign/ddc0c69d264c293cfece87b60db800bc5582f4c6c75950b0b4bc7e84062ef2bc.png
ddc0de988b73ddca97226fb7099e7bbfe74251c4d478d09a1bd16ea3514a0101,0,data/benign_original/benign/ddc0de988b73ddca97226fb7099e7bbfe74251c4d478d09a1bd16ea3514a0101.png
ddc9b54f89c7f4a60b9be825dc918ec87ad72dcfae882c072190585264cff87e,0,data/benign_original/benign/ddc9b54f89c7f4a60b9be825dc918ec87ad72dcfae882c072190585264cff87e.png
ddcb8939e81bc4fe8a453713460602b80e5ed1c72bdd7ef6689274adf30aacf9,0,data/benign_original/benign/ddcb8939e81bc4fe8a453713460602b80e5ed1c72bdd7ef6689274adf30aacf9.png
ddcd14ee4a48801f1db7314f79ee7de6ea82320ff919f3d77424b8631172fea2,0,data/benign_original/benign/ddcd14ee4a48801f1db7314f79ee7de6ea82320ff919f3d77424b8631172fea2.png
ddd32c2b59b66e1acaef3206dd82df78df4cfa2e3f29983a15271036139c4faf,0,data/benign_original/benign/ddd32c2b59b66e1acaef3206dd82df78df4cfa2e3f29983a15271036139c4faf.png
ddd5a4140e89f975160c91bb99d8230cb957befb9e561f7a3c9ca4e01aea5b5a,0,data/benign_original/benign/ddd5a4140e89f975160c91bb99d8230cb957befb9e561f7a3c9ca4e01aea5b5a.png
ddd82ce9d18112f53402fead757f13842cb574d61ea5a9159aede6f8e8adb67b,0,data/benign_original/benign/ddd82ce9d18112f53402fead757f13842cb574d61ea5a9159aede6f8e8adb67b.png
ddd966c02c79164eca6e2d38164c472fbd8e94b9b150ca1808d4354f3ec01968,0,data/benign_original/benign/ddd966c02c79164eca6e2d38164c472fbd8e94b9b150ca1808d4354f3ec01968.png
dddd27540342c7dfe247668df2d0060f820f64a9c5563d222f90f1060cc6063c,0,data/benign_original/benign/dddd27540342c7dfe247668df2d0060f820f64a9c5563d222f90f1060cc6063c.png
ddde2c44706def3bbfff2c0f306fb0176c39dad88e07e3e5021a8c8c187da0b4,0,data/benign_original/benign/ddde2c44706def3bbfff2c0f306fb0176c39dad88e07e3e5021a8c8c187da0b4.png
ddde64f0f55751763c1bcd53de9cdffc0d725d45a8476464a2a0422661813004,0,data/benign_original/benign/ddde64f0f55751763c1bcd53de9cdffc0d725d45a8476464a2a0422661813004.png
dddfab5fcbfd30306598e9cfb33f88299fdf524300d09d90cf56f0535b53d77d,0,data/benign_original/benign/dddfab5fcbfd30306598e9cfb33f88299fdf524300d09d90cf56f0535b53d77d.png
dde53c296cd696739dffe1d26c71edc0bf47f86d3a8c29bbfab275b85f635fb4,0,data/benign_original/benign/dde53c296cd696739dffe1d26c71edc0bf47f86d3a8c29bbfab275b85f635fb4.png
ddf9918a205bd5c45f3bd6ef62ccbcbe0bba77e2df3b301613aa910ff34b331e,0,data/benign_original/benign/ddf9918a205bd5c45f3bd6ef62ccbcbe0bba77e2df3b301613aa910ff34b331e.png
ddfde35c242f64025479313e6f615a196f3993cd4ff944a74c381791406cb398,0,data/benign_original/benign/ddfde35c242f64025479313e6f615a196f3993cd4ff944a74c381791406cb398.png
ddfeb94af17b3e278d4bc842425c9d7d5d155f09346cd573d3154d5fd147445d,0,data/benign_original/benign/ddfeb94af17b3e278d4bc842425c9d7d5d155f09346cd573d3154d5fd147445d.png
de03ade5ed745c4d18d9fd198f018539d7cbc8daea89e58a117efc402416c649,0,data/benign_original/benign/de03ade5ed745c4d18d9fd198f018539d7cbc8daea89e58a117efc402416c649.png
de0bcae9cd335ee410c4f630eb2b2aae99e0becb6724b687a275332cdf7ab061,0,data/benign_original/benign/de0bcae9cd335ee410c4f630eb2b2aae99e0becb6724b687a275332cdf7ab061.png
de0f7eda12da18919cf045bdb8de6c5dcf8b8be67262009bbfef26bc5f2bff2c,0,data/benign_original/benign/de0f7eda12da18919cf045bdb8de6c5dcf8b8be67262009bbfef26bc5f2bff2c.png
de18d08741d36679f6a4862aa1f6e7403cbb314b6770153585a019cd994dbc1e,0,data/benign_original/benign/de18d08741d36679f6a4862aa1f6e7403cbb314b6770153585a019cd994dbc1e.png
de1ef55361d1f5b6c3b00bcbb3c2412cd9f0bfcf56b23a2716aa9ee08abcd9de,0,data/benign_original/benign/de1ef55361d1f5b6c3b00bcbb3c2412cd9f0bfcf56b23a2716aa9ee08abcd9de.png
