sha256,label,image_path
00eea85752664955047caad7d6280bc7bf1ab91c61eb9a2542c26b747a12e963,0,data/packed_images/benign_packed/00eea85752664955047caad7d6280bc7bf1ab91c61eb9a2542c26b747a12e963.png
0111bddac92a792c7b2ee3ab77642c33df0e01afe737b0d1fa0cbbf331d9572c,0,data/packed_images/benign_packed/0111bddac92a792c7b2ee3ab77642c33df0e01afe737b0d1fa0cbbf331d9572c.png
0222aaf048e5bc28f88d03862f133bc444d358f06201e00dcc93422c81e5bcca,0,data/packed_images/benign_packed/0222aaf048e5bc28f88d03862f133bc444d358f06201e00dcc93422c81e5bcca.png
046041aba6ba77534c36bb0c2496408d23c6a09f930c46b392f1edc70dfd66de,0,data/packed_images/benign_packed/046041aba6ba77534c36bb0c2496408d23c6a09f930c46b392f1edc70dfd66de.png
04b6a35bc504401989b9e674c57c9e84d0cbdbbd9d8ce0ce83d7ceca0b7175ed,0,data/packed_images/benign_packed/04b6a35bc504401989b9e674c57c9e84d0cbdbbd9d8ce0ce83d7ceca0b7175ed.png
0524d1cc0e49105631e29f5e13f5dd2d1eb580899297b29cf67aa9644da62e20,0,data/packed_images/benign_packed/0524d1cc0e49105631e29f5e13f5dd2d1eb580899297b29cf67aa9644da62e20.png
06d3bd670c46143e9be699702988eaa75f17255ca6f0c92d78780c95344eb72d,0,data/packed_images/benign_packed/06d3bd670c46143e9be699702988eaa75f17255ca6f0c92d78780c95344eb72d.png
0727bb0cfd046e9c9b57c0e23b6fe1664a369cfdd2aaf7efa78a22e5dfb3f4f2,0,data/packed_images/benign_packed/0727bb0cfd046e9c9b57c0e23b6fe1664a369cfdd2aaf7efa78a22e5dfb3f4f2.png
0a464a3765ffc0c23cf47345bf1185426af8e6b5711e015ca18027afcac2f2e0,0,data/packed_images/benign_packed/0a464a3765ffc0c23cf47345bf1185426af8e6b5711e015ca18027afcac2f2e0.png
0b11f3778d1d96107421fbc33a8867aaa27a270398456b9714967f5b66d47fa1,0,data/packed_images/benign_packed/0b11f3778d1d96107421fbc33a8867aaa27a270398456b9714967f5b66d47fa1.png
0bf9cfc88d56b52982655b56d577f69d2ee4b136908684015001c52c64f0a84b,0,data/packed_images/benign_packed/0bf9cfc88d56b52982655b56d577f69d2ee4b136908684015001c52c64f0a84b.png
0cbb62444aced953e07c6023cf61dd7ddc81cd759f6161f997e4e8723b0e79ca,0,data/packed_images/benign_packed/0cbb62444aced953e07c6023cf61dd7ddc81cd759f6161f997e4e8723b0e79ca.png
0dd503759a2e0b3c2cf8568ae463ea7ad13abd9a80f387df762a7fa63edd5166,0,data/packed_images/benign_packed/0dd503759a2e0b3c2cf8568ae463ea7ad13abd9a80f387df762a7fa63edd5166.png
0e3de1806def011049d011b07a3a012cecce53cac8ff49f52ecf6db96aa0dcdc,0,data/packed_images/benign_packed/0e3de1806def011049d011b07a3a012cecce53cac8ff49f52ecf6db96aa0dcdc.png
10587da0677bce0b2dc71caaa56276dc6b950e875544520251a8aac3074862f5,0,data/packed_images/benign_packed/10587da0677bce0b2dc71caaa56276dc6b950e875544520251a8aac3074862f5.png
10ddc91db7463138fee1d01c97d4b540168557dad58e2dfee8cb1393497bde3a,0,data/packed_images/benign_packed/10ddc91db7463138fee1d01c97d4b540168557dad58e2dfee8cb1393497bde3a.png
113813a699063ebf391d436a4efe0b6f95f81e12af773fabe5511b5ca08e189c,0,data/packed_images/benign_packed/113813a699063ebf391d436a4efe0b6f95f81e12af773fabe5511b5ca08e189c.png
130772de7225215190670dda5913676f664878bf7067fa1b159dcf7521605332,0,data/packed_images/benign_packed/130772de7225215190670dda5913676f664878bf7067fa1b159dcf7521605332.png
15142fea9a9985923ffd9ecea4e4739ddd9a6cbff8d9ecdc9b277f833554d990,0,data/packed_images/benign_packed/15142fea9a9985923ffd9ecea4e4739ddd9a6cbff8d9ecdc9b277f833554d990.png
1629630cf717f6abe87bd15813ff693441ea6ea32785c08eb88fe82c9e05f45f,0,data/packed_images/benign_packed/1629630cf717f6abe87bd15813ff693441ea6ea32785c08eb88fe82c9e05f45f.png
1838738d252ac24ba52a695fc5eb847363c1d694b21be09bf93a0dcf88c3999f,0,data/packed_images/benign_packed/1838738d252ac24ba52a695fc5eb847363c1d694b21be09bf93a0dcf88c3999f.png
18ef1715677de1aee41945784481cbcaa16c4e99753340b8844d2f9ad4c60b36,0,data/packed_images/benign_packed/18ef1715677de1aee41945784481cbcaa16c4e99753340b8844d2f9ad4c60b36.png
1922d08919e0462f87d64693ff52b7c6f7d3d449deaee27269a738b1009f80f3,0,data/packed_images/benign_packed/1922d08919e0462f87d64693ff52b7c6f7d3d449deaee27269a738b1009f80f3.png
19d4bf06db1d8e6eddf17deb439534bdd04f32a4d0bbd66758bfbb851687a992,0,data/packed_images/benign_packed/19d4bf06db1d8e6eddf17deb439534bdd04f32a4d0bbd66758bfbb851687a992.png
1aa177b92c99b9458b270907d65d5687af48385fbbf42c3aef9b69d61d284721,0,data/packed_images/benign_packed/1aa177b92c99b9458b270907d65d5687af48385fbbf42c3aef9b69d61d284721.png
1c87a9ed062858fc9a6c2ece4b5a3052d70059d9e32afdc5194a97ccc7664835,0,data/packed_images/benign_packed/1c87a9ed062858fc9a6c2ece4b5a3052d70059d9e32afdc5194a97ccc7664835.png
202bec0f63167ed57fcb55db48c9830a5323d72c662d9a58b691d16ce4db8c1e,0,data/packed_images/benign_packed/202bec0f63167ed57fcb55db48c9830a5323d72c662d9a58b691d16ce4db8c1e.png
203abd8483ce4c39aad342bad6f863f2c0abdadd84470c2962cb9cc41c5478d9,0,data/packed_images/benign_packed/203abd8483ce4c39aad342bad6f863f2c0abdadd84470c2962cb9cc41c5478d9.png
203d5a3aceab4c5290cfb3bbba53882d746ccc1e7937737f928fe89fab34b666,0,data/packed_images/benign_packed/203d5a3aceab4c5290cfb3bbba53882d746ccc1e7937737f928fe89fab34b666.png
21a5414969559912f303002b46fc33297ff47be9659162990057fbba720c25b0,0,data/packed_images/benign_packed/21a5414969559912f303002b46fc33297ff47be9659162990057fbba720c25b0.png
226c062632c3efca237814978b0443bdeb43fe5418ad508716f671f19f56c051,0,data/packed_images/benign_packed/226c062632c3efca237814978b0443bdeb43fe5418ad508716f671f19f56c051.png
2312612e0004201cc5231565d3ed57c7c3bb84ec439b120370fb5e27e3602e49,0,data/packed_images/benign_packed/2312612e0004201cc5231565d3ed57c7c3bb84ec439b120370fb5e27e3602e49.png
23f4a2ccdce499c524cf43793fda8e773d809514b5471c02fa5e68f0cda7a10b,0,data/packed_images/benign_packed/23f4a2ccdce499c524cf43793fda8e773d809514b5471c02fa5e68f0cda7a10b.png
262aa82cfd43744433d44228d12c28b322970afd382587ad82f6bb07b903a501,0,data/packed_images/benign_packed/262aa82cfd43744433d44228d12c28b322970afd382587ad82f6bb07b903a501.png
27442c2dbdef8c0cb2ff118773a0c1d90ce619139c0d4bdb20e799f6ec421853,0,data/packed_images/benign_packed/27442c2dbdef8c0cb2ff118773a0c1d90ce619139c0d4bdb20e799f6ec421853.png
27cadc3bf6cace7b8d661f8d818a3e05fb063b4b5da8f1e91ceccdfe84b2aad0,0,data/packed_images/benign_packed/27cadc3bf6cace7b8d661f8d818a3e05fb063b4b5da8f1e91ceccdfe84b2aad0.png
27f1277673d83f49d757265db319753cb6c2b497df3b9f4007ff81bd56cc930b,0,data/packed_images/benign_packed/27f1277673d83f49d757265db319753cb6c2b497df3b9f4007ff81bd56cc930b.png
282bfca7e0d52f4d3f0bbd443a56e52b0b7a5444a489ff51478e5cbc91aa2c94,0,data/packed_images/benign_packed/282bfca7e0d52f4d3f0bbd443a56e52b0b7a5444a489ff51478e5cbc91aa2c94.png
2889b601d0a0bbee5951f47adc2ae627708b9004ee4aed08ce70bfef492a2f84,0,data/packed_images/benign_packed/2889b601d0a0bbee5951f47adc2ae627708b9004ee4aed08ce70bfef492a2f84.png
2947757db8135ac19893707e98680aa279ec99eddbad267d8f20ffd9e4e2feec,0,data/packed_images/benign_packed/2947757db8135ac19893707e98680aa279ec99eddbad267d8f20ffd9e4e2feec.png
2a053f32b1d48539e3e2807f86754be87ce95b08378467e66cab2bac0e67a825,0,data/packed_images/benign_packed/2a053f32b1d48539e3e2807f86754be87ce95b08378467e66cab2bac0e67a825.png
2a922ebe7edb08480baa1721ce1b5185fb5af7f64ec0f128d6a7a37711784815,0,data/packed_images/benign_packed/2a922ebe7edb08480baa1721ce1b5185fb5af7f64ec0f128d6a7a37711784815.png
2ac33b71209e3f0daa7799faf4e9fb94b4ba92b6b88220b08a3bf031fd711f67,0,data/packed_images/benign_packed/2ac33b71209e3f0daa7799faf4e9fb94b4ba92b6b88220b08a3bf031fd711f67.png
2b70c56855937a6f0ff82113f8d934641ad9e829b976a4435c805f42b349bdd0,0,data/packed_images/benign_packed/2b70c56855937a6f0ff82113f8d934641ad9e829b976a4435c805f42b349bdd0.png
2ce369b2ca9cb22888cedcef8ef50535c1d7b54babcb2980c382e9049a1ea515,0,data/packed_images/benign_packed/2ce369b2ca9cb22888cedcef8ef50535c1d7b54babcb2980c382e9049a1ea515.png
2cef4453e4fc43fe3feb6331d02fa91f654b519aba6401a6ad90d36e3ed8bbb0,0,data/packed_images/benign_packed/2cef4453e4fc43fe3feb6331d02fa91f654b519aba6401a6ad90d36e3ed8bbb0.png
2cf037fc7855f48b1f9bdb9cf17e9ecdce3362f89bbde608bc2a65cf1823e428,0,data/packed_images/benign_packed/2cf037fc7855f48b1f9bdb9cf17e9ecdce3362f89bbde608bc2a65cf1823e428.png
2debeb3bd8ee05e342aec360134d65f6f3e637145ebc001f243e21e58d8503f2,0,data/packed_images/benign_packed/2debeb3bd8ee05e342aec360134d65f6f3e637145ebc001f243e21e58d8503f2.png
2f1300d3537219771960fd7d4e6e5e95ed1fcb0f48ee488dd2e281e9405b5820,0,data/packed_images/benign_packed/2f1300d3537219771960fd7d4e6e5e95ed1fcb0f48ee488dd2e281e9405b5820.png
3006221cb8c23a1d3c9f059445a3c9df96fda1df7bae1b808b76dd453fc8db35,0,data/packed_images/benign_packed/3006221cb8c23a1d3c9f059445a3c9df96fda1df7bae1b808b76dd453fc8db35.png
304f34f5a9d1c1c7a3fd894dd93d8b6616a615600d475923443bca4e7587c9b8,0,data/packed_images/benign_packed/304f34f5a9d1c1c7a3fd894dd93d8b6616a615600d475923443bca4e7587c9b8.png
3088b3479bf282bffbb9929a6acc9f61fe993f7ad51cfb2917205d2dbfa1fbc9,0,data/packed_images/benign_packed/3088b3479bf282bffbb9929a6acc9f61fe993f7ad51cfb2917205d2dbfa1fbc9.png
30fa3790d2049953b8063d77689133c712e58df4cc4f9cbbbddaa96bf79941ee,0,data/packed_images/benign_packed/30fa3790d2049953b8063d77689133c712e58df4cc4f9cbbbddaa96bf79941ee.png
322faaaa59d1a8290462dcb75abd05deb645689b4516040a9f0e848e57b92577,0,data/packed_images/benign_packed/322faaaa59d1a8290462dcb75abd05deb645689b4516040a9f0e848e57b92577.png
367cea47389b6d5211595ae88454d9589aa8c996f5e765904ffede434424af22,0,data/packed_images/benign_packed/367cea47389b6d5211595ae88454d9589aa8c996f5e765904ffede434424af22.png
3685495d051137b1c4efde22c26df0883614b6453b762fa84588da55ed2e7744,0,data/packed_images/benign_packed/3685495d051137b1c4efde22c26df0883614b6453b762fa84588da55ed2e7744.png
377c0e34938c5c87ce613c5f2ea64c702baa55d2368c20ab375ecc8b605d0a76,0,data/packed_images/benign_packed/377c0e34938c5c87ce613c5f2ea64c702baa55d2368c20ab375ecc8b605d0a76.png
37df607966b7219faf58bb94e931b455b27e86c52c54878307c9a4c564067cf4,0,data/packed_images/benign_packed/37df607966b7219faf58bb94e931b455b27e86c52c54878307c9a4c564067cf4.png
3a26e84b22e7665a55f0857da23a05e3ef3ed430242b6f7635909981cdbeba94,0,data/packed_images/benign_packed/3a26e84b22e7665a55f0857da23a05e3ef3ed430242b6f7635909981cdbeba94.png
3b120c2b06afd93fc3c84a98c497afff4d93e64168ad809498f86568600b38f3,0,data/packed_images/benign_packed/3b120c2b06afd93fc3c84a98c497afff4d93e64168ad809498f86568600b38f3.png
3ca96b622f4af8cfdf1d65b9c1c2ee118bc924753ad95d3376b97c6f08153a54,0,data/packed_images/benign_packed/3ca96b622f4af8cfdf1d65b9c1c2ee118bc924753ad95d3376b97c6f08153a54.png
3cccf40d984007ee8b64fdb0216efa50e850306531dd3f4ac7710a6dc155351b,0,data/packed_images/benign_packed/3cccf40d984007ee8b64fdb0216efa50e850306531dd3f4ac7710a6dc155351b.png
3ce6f5e9aee5a3f921d1a21144ae5b7b557dbfc7999f282adcc2fc522fc787bb,0,data/packed_images/benign_packed/3ce6f5e9aee5a3f921d1a21144ae5b7b557dbfc7999f282adcc2fc522fc787bb.png
3d1ac5f16b486805bfea6e9152cc60251b7e8f4a8580187afef978347e523f46,0,data/packed_images/benign_packed/3d1ac5f16b486805bfea6e9152cc60251b7e8f4a8580187afef978347e523f46.png
3e917376199b13523dfb4fcc445583d9df0606ad0a6a02b111d8a3ee6b71e117,0,data/packed_images/benign_packed/3e917376199b13523dfb4fcc445583d9df0606ad0a6a02b111d8a3ee6b71e117.png
405865f8af5ff082926927140e1915d1f77f63d3dcd703b3f0fe72102fd80abd,0,data/packed_images/benign_packed/405865f8af5ff082926927140e1915d1f77f63d3dcd703b3f0fe72102fd80abd.png
42f9e10113f04d60ab45760862f8c371e9d1a3f5f6f3d9457ed5d1f299bc0a38,0,data/packed_images/benign_packed/42f9e10113f04d60ab45760862f8c371e9d1a3f5f6f3d9457ed5d1f299bc0a38.png
432abbae25f6b91a977bc9f75c4a8edd3bffa5d152d67eb8a358122aa82770e2,0,data/packed_images/benign_packed/432abbae25f6b91a977bc9f75c4a8edd3bffa5d152d67eb8a358122aa82770e2.png
448ef2796ee9f2d7b8d19ebff14a709b3ee0dfac37319577a7518190547e47c6,0,data/packed_images/benign_packed/448ef2796ee9f2d7b8d19ebff14a709b3ee0dfac37319577a7518190547e47c6.png
44b6a440aa28893b3a9d20a9d3b729a3da38e27934db839b7b427331f814319d,0,data/packed_images/benign_packed/44b6a440aa28893b3a9d20a9d3b729a3da38e27934db839b7b427331f814319d.png
45d30e3cdbb403cb9f398c67444e45b3f8a569b64635e8baa3e1d770d39c7de4,0,data/packed_images/benign_packed/45d30e3cdbb403cb9f398c67444e45b3f8a569b64635e8baa3e1d770d39c7de4.png
460c2dd3e3c4d4bb61bc7350814eb3ce48adc1c35add73aac6526f877b124fa7,0,data/packed_images/benign_packed/460c2dd3e3c4d4bb61bc7350814eb3ce48adc1c35add73aac6526f877b124fa7.png
463046a6d4263478667cb43d534df3cf65b4e3b26a71ccfa7c3d64d29e2c6d8a,0,data/packed_images/benign_packed/463046a6d4263478667cb43d534df3cf65b4e3b26a71ccfa7c3d64d29e2c6d8a.png
464262da62722cf9540fa2bff1c93b65c83254cb5be47272593d71adc31daa79,0,data/packed_images/benign_packed/464262da62722cf9540fa2bff1c93b65c83254cb5be47272593d71adc31daa79.png
47345897afc335e518e03bc2b4afa016dd8cbe33cb79b1a02424310b769a0e56,0,data/packed_images/benign_packed/47345897afc335e518e03bc2b4afa016dd8cbe33cb79b1a02424310b769a0e56.png
499010e852571b6bbfe8e7a6b9f396283efffac99fd844d2ca390e61aee2ce8f,0,data/packed_images/benign_packed/499010e852571b6bbfe8e7a6b9f396283efffac99fd844d2ca390e61aee2ce8f.png
4a495b476cc33e6be712a77184626725ec10e3f31b89d3c53010bd620bcd0cbb,0,data/packed_images/benign_packed/4a495b476cc33e6be712a77184626725ec10e3f31b89d3c53010bd620bcd0cbb.png
4ab3a87ca85e4e4597f81bad03d9aa6ab3d59d04cdf39c0ca791b8d0c6d10212,0,data/packed_images/benign_packed/4ab3a87ca85e4e4597f81bad03d9aa6ab3d59d04cdf39c0ca791b8d0c6d10212.png
4afcc48137cc78da447fbaef8588754b4edc89a1456c0f72850e5c99d000cb6d,0,data/packed_images/benign_packed/4afcc48137cc78da447fbaef8588754b4edc89a1456c0f72850e5c99d000cb6d.png
4b86fc33172d0d3081164379dbbca8333f5f3eb6c75c7c82281332fdabb5ef8d,0,data/packed_images/benign_packed/4b86fc33172d0d3081164379dbbca8333f5f3eb6c75c7c82281332fdabb5ef8d.png
4c6107c9c786e2de5eadd721580372f6028d66daa3d4d2ed9489106ac6d1560e,0,data/packed_images/benign_packed/4c6107c9c786e2de5eadd721580372f6028d66daa3d4d2ed9489106ac6d1560e.png
4ca6e16beb57278e60e3edcbcecda1442aa344c424421e4b078f1213e6b99376,0,data/packed_images/benign_packed/4ca6e16beb57278e60e3edcbcecda1442aa344c424421e4b078f1213e6b99376.png
4d9c8986794f31912c44836959dd291fb22d21f12e0103a535cff6e7325a59e7,0,data/packed_images/benign_packed/4d9c8986794f31912c44836959dd291fb22d21f12e0103a535cff6e7325a59e7.png
4ed80b78467fcd78c5e7d7823dbaa37d5c34a0b0d0b9e27c903e3174f1458796,0,data/packed_images/benign_packed/4ed80b78467fcd78c5e7d7823dbaa37d5c34a0b0d0b9e27c903e3174f1458796.png
4f903255b1c80afe77667604fa8f5648918f97348380277ba4cb3a48b2141850,0,data/packed_images/benign_packed/4f903255b1c80afe77667604fa8f5648918f97348380277ba4cb3a48b2141850.png
501e1d2b16a601a2ae546186a17d8619b6ea4024fa2b5910cb60df79e7e7b203,0,data/packed_images/benign_packed/501e1d2b16a601a2ae546186a17d8619b6ea4024fa2b5910cb60df79e7e7b203.png
5052ed5ba5435693affdae0f4fa7c388ab993b4f9c7a153c8e80800e7aabd512,0,data/packed_images/benign_packed/5052ed5ba5435693affdae0f4fa7c388ab993b4f9c7a153c8e80800e7aabd512.png
52853793d20bfc3c53763aaeac55b30a7bddccfb9fd87d39f97dd0afb5fd2001,0,data/packed_images/benign_packed/52853793d20bfc3c53763aaeac55b30a7bddccfb9fd87d39f97dd0afb5fd2001.png
52c90aa57a38c5864085da2b2df44d4279a46c81d9b2e00bc7f9d4eaabcd2cbb,0,data/packed_images/benign_packed/52c90aa57a38c5864085da2b2df44d4279a46c81d9b2e00bc7f9d4eaabcd2cbb.png
53b9f1204f512237fc0b8969ae2c98d1ed3d904e4acc2d096a2e3d9f6577fbe7,0,data/packed_images/benign_packed/53b9f1204f512237fc0b8969ae2c98d1ed3d904e4acc2d096a2e3d9f6577fbe7.png
5463e1487d69e3f0cb372cba067270bc39639bd8c8b333b81f99ae26ae3e881d,0,data/packed_images/benign_packed/5463e1487d69e3f0cb372cba067270bc39639bd8c8b333b81f99ae26ae3e881d.png
551a6250ab06a2a6144691bf47bce3439a52377c3dcfc3a192a11c49ce5de8ee,0,data/packed_images/benign_packed/551a6250ab06a2a6144691bf47bce3439a52377c3dcfc3a192a11c49ce5de8ee.png
566e2f7f8848ea5c92112bf925ecafec4fb753612bb5e988f6422012a3a8e0d1,0,data/packed_images/benign_packed/566e2f7f8848ea5c92112bf925ecafec4fb753612bb5e988f6422012a3a8e0d1.png
5677d8babce093f8b67ae7bda6ec28b1f9196a8398c7fe482ed7eba03272ea26,0,data/packed_images/benign_packed/5677d8babce093f8b67ae7bda6ec28b1f9196a8398c7fe482ed7eba03272ea26.png
572733582ed2076416e035a1d670d12d984c8d56a1b94d9b32e2c78b8fd1f9a7,0,data/packed_images/benign_packed/572733582ed2076416e035a1d670d12d984c8d56a1b94d9b32e2c78b8fd1f9a7.png
57a7f3fcf95f8b8fa883c30c9098178754551852e2608ccb61ddaf6c182ad99a,0,data/packed_images/benign_packed/57a7f3fcf95f8b8fa883c30c9098178754551852e2608ccb61ddaf6c182ad99a.png
58b5e00312deee5474cf42f0c86664254ae7123055219c342a80ab5754e48bf6,0,data/packed_images/benign_packed/58b5e00312deee5474cf42f0c86664254ae7123055219c342a80ab5754e48bf6.png
597ff38555c0fc36b1502b5f81a4262386621b795efad580687ac8ee879dc829,0,data/packed_images/benign_packed/597ff38555c0fc36b1502b5f81a4262386621b795efad580687ac8ee879dc829.png
59cd1d0af53ea03abee50526e77074de7dab2ec4e3bae4293c0bfcd89b1898a9,0,data/packed_images/benign_packed/59cd1d0af53ea03abee50526e77074de7dab2ec4e3bae4293c0bfcd89b1898a9.png
5c0bbadd1f37ba9e578b2de24cd2634667d7a3ad7e1bddd63af69a5e251e5e87,0,data/packed_images/benign_packed/5c0bbadd1f37ba9e578b2de24cd2634667d7a3ad7e1bddd63af69a5e251e5e87.png
5d2e1c132051f3b80a0e39b5d4efe255c1e339614d2861b1e017ff1574610dac,0,data/packed_images/benign_packed/5d2e1c132051f3b80a0e39b5d4efe255c1e339614d2861b1e017ff1574610dac.png
5dcf031a4bed052dda60d8229b23a9db53b012868f1012438d40032835ac34d7,0,data/packed_images/benign_packed/5dcf031a4bed052dda60d8229b23a9db53b012868f1012438d40032835ac34d7.png
5e3f8b7e643865d49cd9494de2b6fe96b46f9644b034e1f78857ea12a2b10a0c,0,data/packed_images/benign_packed/5e3f8b7e643865d49cd9494de2b6fe96b46f9644b034e1f78857ea12a2b10a0c.png
5e51ab3594d8b1e451da1180faf2a0e6d597725b8e63c4928b66e1dba5d9cb86,0,data/packed_images/benign_packed/5e51ab3594d8b1e451da1180faf2a0e6d597725b8e63c4928b66e1dba5d9cb86.png
5f435219d06e44d63e9d5b7a234afe3ef384c94fc997b9cbd2f051742d69c790,0,data/packed_images/benign_packed/5f435219d06e44d63e9d5b7a234afe3ef384c94fc997b9cbd2f051742d69c790.png
60b19233a71bb337521d787cbb5af4253c76de3c9f8dda52dc435feed3a27c62,0,data/packed_images/benign_packed/60b19233a71bb337521d787cbb5af4253c76de3c9f8dda52dc435feed3a27c62.png
62e8db45cb438205641ee57e8b486f0884ad6d4f3e8e5906f38aa157d301f718,0,data/packed_images/benign_packed/62e8db45cb438205641ee57e8b486f0884ad6d4f3e8e5906f38aa157d301f718.png
63bf3aba485b7e8d6314220ab1fd9c03a7991bc8ab4232e7a1f295518f4e4056,0,data/packed_images/benign_packed/63bf3aba485b7e8d6314220ab1fd9c03a7991bc8ab4232e7a1f295518f4e4056.png
647b982e39269e0aece005227fe7641fa2e21f54a290aee1b8b5519f05d97bc0,0,data/packed_images/benign_packed/647b982e39269e0aece005227fe7641fa2e21f54a290aee1b8b5519f05d97bc0.png
647df4453044059c24cfcc2e37824159f29474bdc0b5755ae1a832d019aba289,0,data/packed_images/benign_packed/647df4453044059c24cfcc2e37824159f29474bdc0b5755ae1a832d019aba289.png
647ff3ef69a5e98dd602f79dc236659994d7b32f96c1828122ea907df388f360,0,data/packed_images/benign_packed/647ff3ef69a5e98dd602f79dc236659994d7b32f96c1828122ea907df388f360.png
65293714661fb07c84040ccf481e8472ed6665e881e33dab299b6392cabc9dd2,0,data/packed_images/benign_packed/65293714661fb07c84040ccf481e8472ed6665e881e33dab299b6392cabc9dd2.png
65445303675931b6ccc3090176e6196f25bced4236b479c2753500878cd41ac7,0,data/packed_images/benign_packed/65445303675931b6ccc3090176e6196f25bced4236b479c2753500878cd41ac7.png
654d8713c53d3e3fd49ec30dcb6953311862098974ded71e24d6481371c6274b,0,data/packed_images/benign_packed/654d8713c53d3e3fd49ec30dcb6953311862098974ded71e24d6481371c6274b.png
65c7672903a95032843cea3a9b0f1dca81a491e54f9808e848b8186272180310,0,data/packed_images/benign_packed/65c7672903a95032843cea3a9b0f1dca81a491e54f9808e848b8186272180310.png
65fcae1fb6d6ba322a5b81629813609d07ff20c4f46ba805bc2817f565c5bab5,0,data/packed_images/benign_packed/65fcae1fb6d6ba322a5b81629813609d07ff20c4f46ba805bc2817f565c5bab5.png
662ee3641d0c2c8ed7c3e779b764311a57cba18742c53fc3fff98f64623f4ae3,0,data/packed_images/benign_packed/662ee3641d0c2c8ed7c3e779b764311a57cba18742c53fc3fff98f64623f4ae3.png
669dd5e1578dae9b92617820371eefa29cd12a1101c99701138b6b6ebaf87f61,0,data/packed_images/benign_packed/669dd5e1578dae9b92617820371eefa29cd12a1101c99701138b6b6ebaf87f61.png
6771a75df81f13fbae25d95cab75541a4f132ef7eaab1e501338e75681de3ec3,0,data/packed_images/benign_packed/6771a75df81f13fbae25d95cab75541a4f132ef7eaab1e501338e75681de3ec3.png
6778d6756f384d4cb9e93b058f29fc6c5d8623e0b5ed81ab48cf10464cbd2609,0,data/packed_images/benign_packed/6778d6756f384d4cb9e93b058f29fc6c5d8623e0b5ed81ab48cf10464cbd2609.png
67f3fc243c58eeae55bddc22ce025b7841a89aca2e201b999d8c0e4f07d177b8,0,data/packed_images/benign_packed/67f3fc243c58eeae55bddc22ce025b7841a89aca2e201b999d8c0e4f07d177b8.png
67fadfeccc66c338d0575516ac5acec9788e5be437e6924478292f92dcd4a8da,0,data/packed_images/benign_packed/67fadfeccc66c338d0575516ac5acec9788e5be437e6924478292f92dcd4a8da.png
69d079a283fa531c6ad1a2f353cc7e75f6a70bd5129815c31b2e5e5fdcca6ccd,0,data/packed_images/benign_packed/69d079a283fa531c6ad1a2f353cc7e75f6a70bd5129815c31b2e5e5fdcca6ccd.png
69dfcca57024e28b1b7678eed75697df0567ea71f0ac97abc01691b9d5a67ecb,0,data/packed_images/benign_packed/69dfcca57024e28b1b7678eed75697df0567ea71f0ac97abc01691b9d5a67ecb.png
6adaf93fda108331512c279e967f55379586948ebbc3dab4746e3d13d4736d97,0,data/packed_images/benign_packed/6adaf93fda108331512c279e967f55379586948ebbc3dab4746e3d13d4736d97.png
6b8d1a1f785c103e2d75702c22491d1b3942878bcba7965c9f6b2ec46440726d,0,data/packed_images/benign_packed/6b8d1a1f785c103e2d75702c22491d1b3942878bcba7965c9f6b2ec46440726d.png
6b9131d94ed31f838b1820ee67f068c4741b69d5c655587c89c9477986bd270f,0,data/packed_images/benign_packed/6b9131d94ed31f838b1820ee67f068c4741b69d5c655587c89c9477986bd270f.png
6c29fa22f01232ee015ac027338ce7b69745844fae51d7cde0916acd371f3bfc,0,data/packed_images/benign_packed/6c29fa22f01232ee015ac027338ce7b69745844fae51d7cde0916acd371f3bfc.png
6caffa7c8e508569c7855512c7b36e00df52d13779572dc939e3f39a4948eca3,0,data/packed_images/benign_packed/6caffa7c8e508569c7855512c7b36e00df52d13779572dc939e3f39a4948eca3.png
6cc0bfebc5c343dfc1d453cba78fbfc08a09de0a00f2fe9c86c0eca9817a62df,0,data/packed_images/benign_packed/6cc0bfebc5c343dfc1d453cba78fbfc08a09de0a00f2fe9c86c0eca9817a62df.png
6db1b1277444baa2da6d6c31b7824fc567fd6a79ff010d885384438db09046cf,0,data/packed_images/benign_packed/6db1b1277444baa2da6d6c31b7824fc567fd6a79ff010d885384438db09046cf.png
6df774a7ed523b867cb9bcc2f56d95db134f8f668c5c7dfc6843665ce2e966b9,0,data/packed_images/benign_packed/6df774a7ed523b867cb9bcc2f56d95db134f8f668c5c7dfc6843665ce2e966b9.png
71e8b80a35184e5061f69b61f3d86be5a03349c8bd0639c26c3152a02346c6f0,0,data/packed_images/benign_packed/71e8b80a35184e5061f69b61f3d86be5a03349c8bd0639c26c3152a02346c6f0.png
735c3e8627ad36781f4f81fa79a265f90c3e22562a0991a7dea4d52427724baa,0,data/packed_images/benign_packed/735c3e8627ad36781f4f81fa79a265f90c3e22562a0991a7dea4d52427724baa.png
7371ddedc26db5fb2d9080870a422d8f6236a03133dd74b5f8fc62c437cf1b51,0,data/packed_images/benign_packed/7371ddedc26db5fb2d9080870a422d8f6236a03133dd74b5f8fc62c437cf1b51.png
755394b623e31d32f900de2f37ba04a0aa9a3c3c57dc34b8f5f4792f18c34196,0,data/packed_images/benign_packed/755394b623e31d32f900de2f37ba04a0aa9a3c3c57dc34b8f5f4792f18c34196.png
75b7971116bc93808372209737c5f272cde2b5409722dd7a13c5b780f98743ef,0,data/packed_images/benign_packed/75b7971116bc93808372209737c5f272cde2b5409722dd7a13c5b780f98743ef.png
75d348a3330bc527b2b2ff8a0789f711bd51461126f8df0c0aa1647e9d976809,0,data/packed_images/benign_packed/75d348a3330bc527b2b2ff8a0789f711bd51461126f8df0c0aa1647e9d976809.png
76098cc2969c4a090fba5c863bb3bb52b5ce88bee46da9d46aab0252affa0744,0,data/packed_images/benign_packed/76098cc2969c4a090fba5c863bb3bb52b5ce88bee46da9d46aab0252affa0744.png
7658b34b60b7762b6f7e3800ba71eb37a7ea1abe59bdf5ff645c7dbe954b0138,0,data/packed_images/benign_packed/7658b34b60b7762b6f7e3800ba71eb37a7ea1abe59bdf5ff645c7dbe954b0138.png
776120defe19d7d4b09479b31c04185fa2772e379473e10331788d96dd8cb8fe,0,data/packed_images/benign_packed/776120defe19d7d4b09479b31c04185fa2772e379473e10331788d96dd8cb8fe.png
782594ad768b6b36da400e33b9251dbf88b3eb7c3037292259409643191527b0,0,data/packed_images/benign_packed/782594ad768b6b36da400e33b9251dbf88b3eb7c3037292259409643191527b0.png
78bdea8d1723fdce0295004b6d4de388ac42da4238f8af627c9db7e62865885e,0,data/packed_images/benign_packed/78bdea8d1723fdce0295004b6d4de388ac42da4238f8af627c9db7e62865885e.png
7cb7866c3e824b4c7c63b32d5d558b211c9dff1f1aa01f048393eb154020c7e6,0,data/packed_images/benign_packed/7cb7866c3e824b4c7c63b32d5d558b211c9dff1f1aa01f048393eb154020c7e6.png
7efacea841e47881128005d46fb5935088cd2f771124aff1d822be9f21a0954b,0,data/packed_images/benign_packed/7efacea841e47881128005d46fb5935088cd2f771124aff1d822be9f21a0954b.png
7f8aa55beae4aee0da0f32b8d67b3d600103fedd99c6e114625f82de8d14d5c7,0,data/packed_images/benign_packed/7f8aa55beae4aee0da0f32b8d67b3d600103fedd99c6e114625f82de8d14d5c7.png
7fd2d6334786adf1849a096e5709201f708cf981273fa2179b293871be4f3408,0,data/packed_images/benign_packed/7fd2d6334786adf1849a096e5709201f708cf981273fa2179b293871be4f3408.png
81441f0059576d587462d7ceb3e067692501bf79ebe904686bb6d562a2d93e55,0,data/packed_images/benign_packed/81441f0059576d587462d7ceb3e067692501bf79ebe904686bb6d562a2d93e55.png
81b6faa1158f04f1c6ea4eb5f7cd446f51076a30f9ab03d31872453689a200ee,0,data/packed_images/benign_packed/81b6faa1158f04f1c6ea4eb5f7cd446f51076a30f9ab03d31872453689a200ee.png
82de969474a42b8180214095219fa488c130e7599e00a472b05f4534a469df86,0,data/packed_images/benign_packed/82de969474a42b8180214095219fa488c130e7599e00a472b05f4534a469df86.png
857e2db65d56ec90bf7ffd3c51df4e9c577ca6576e399065f3220a5195e1f9bb,0,data/packed_images/benign_packed/857e2db65d56ec90bf7ffd3c51df4e9c577ca6576e399065f3220a5195e1f9bb.png
85da776d71387fc7d0db12a3709c4cf8cca0e937cad33398b9d47448154eb92f,0,data/packed_images/benign_packed/85da776d71387fc7d0db12a3709c4cf8cca0e937cad33398b9d47448154eb92f.png
85e5b1567f105a9c82956a6e2865594c5dab7b932a4835a927190445ab44ec28,0,data/packed_images/benign_packed/85e5b1567f105a9c82956a6e2865594c5dab7b932a4835a927190445ab44ec28.png
86c8b86a80e911bb63d7a78b828bf45a02afb5c9ab271906720feeec7c24fe7d,0,data/packed_images/benign_packed/86c8b86a80e911bb63d7a78b828bf45a02afb5c9ab271906720feeec7c24fe7d.png
86ee28923d4e7255762442fe93f220237197a756182ce320f5f6887b5c7147c5,0,data/packed_images/benign_packed/86ee28923d4e7255762442fe93f220237197a756182ce320f5f6887b5c7147c5.png
86f32f026eb0dd6a4d547179e5c0cb326c8c259bd791012e54a6f98455799887,0,data/packed_images/benign_packed/86f32f026eb0dd6a4d547179e5c0cb326c8c259bd791012e54a6f98455799887.png
88e88dffa87f88714aac093405453cb6e3708b3db9335c94da6946cacfb6bab9,0,data/packed_images/benign_packed/88e88dffa87f88714aac093405453cb6e3708b3db9335c94da6946cacfb6bab9.png
89518688079c340bf998dd98e1e1126f4d6e0f12004ec86e59ecbe03df1af648,0,data/packed_images/benign_packed/89518688079c340bf998dd98e1e1126f4d6e0f12004ec86e59ecbe03df1af648.png
89962fd3674c89988a611bf5560ce156531b459498183dcc2a3bb718d1c10c7e,0,data/packed_images/benign_packed/89962fd3674c89988a611bf5560ce156531b459498183dcc2a3bb718d1c10c7e.png
89c39173fe238b4c277193cc24e9d720e663949702dda59c2fe05fd71d25e93d,0,data/packed_images/benign_packed/89c39173fe238b4c277193cc24e9d720e663949702dda59c2fe05fd71d25e93d.png
89f26c9d4789ff1a94a8d4ab06c4405d70f0e08491b6b433229a7f6dadcaf68d,0,data/packed_images/benign_packed/89f26c9d4789ff1a94a8d4ab06c4405d70f0e08491b6b433229a7f6dadcaf68d.png
89f4d2249c33ef790f3ff03130161fddc3d4059bb7ae41e662014bd43f0f2106,0,data/packed_images/benign_packed/89f4d2249c33ef790f3ff03130161fddc3d4059bb7ae41e662014bd43f0f2106.png
8a298f73c613e85d9e956f2f183d90efa98d780bc564e62c34209d2fe3d33310,0,data/packed_images/benign_packed/8a298f73c613e85d9e956f2f183d90efa98d780bc564e62c34209d2fe3d33310.png
8b2bd52e65fa66c795b1b91b06a3c178d94351b5cd63a98ff6eea6f8b3405f26,0,data/packed_images/benign_packed/8b2bd52e65fa66c795b1b91b06a3c178d94351b5cd63a98ff6eea6f8b3405f26.png
8df19e7ee7dd8367772a17b914ba76d7ace0819f9064e7759f630bf26101d4dc,0,data/packed_images/benign_packed/8df19e7ee7dd8367772a17b914ba76d7ace0819f9064e7759f630bf26101d4dc.png
8e001cccb07369febbe5ebc9189e5f941120d00fe2f2349868b2f3cd62f385c5,0,data/packed_images/benign_packed/8e001cccb07369febbe5ebc9189e5f941120d00fe2f2349868b2f3cd62f385c5.png
8e104cc58e62de0eab837ac09b01d30e85f79045cc1803fa2ef4eafbdbd41e8d,0,data/packed_images/benign_packed/8e104cc58e62de0eab837ac09b01d30e85f79045cc1803fa2ef4eafbdbd41e8d.png
8f655a501b446240b5e7e8e8e89ffaa25308d9c82c6830336883e5968e3331f2,0,data/packed_images/benign_packed/8f655a501b446240b5e7e8e8e89ffaa25308d9c82c6830336883e5968e3331f2.png
916f3f27fda90e04851198c4273b286e52b1dc9b30948361303bc667e66a09c7,0,data/packed_images/benign_packed/916f3f27fda90e04851198c4273b286e52b1dc9b30948361303bc667e66a09c7.png
9421892fa51285985906aba241abfab89c72210c31ece8f5150219d0518d88fc,0,data/packed_images/benign_packed/9421892fa51285985906aba241abfab89c72210c31ece8f5150219d0518d88fc.png
959cf7ad86d1d9a697ff2161ea26f4825ab4d369b4651d3a3ad0e81e8416a2eb,0,data/packed_images/benign_packed/959cf7ad86d1d9a697ff2161ea26f4825ab4d369b4651d3a3ad0e81e8416a2eb.png
95f37f835ee41eda40d5ee7d29847f853e34a7fc3829579ed4c996803b2cb4f6,0,data/packed_images/benign_packed/95f37f835ee41eda40d5ee7d29847f853e34a7fc3829579ed4c996803b2cb4f6.png
9698fe5597f8c7ede90202b7f4498544103c640724b8d2a94beceddb3e926837,0,data/packed_images/benign_packed/9698fe5597f8c7ede90202b7f4498544103c640724b8d2a94beceddb3e926837.png
96b5ccf8044c42dce6772da871ab5f9f01ccab554e1a3b8832c6397c1bfe9e7d,0,data/packed_images/benign_packed/96b5ccf8044c42dce6772da871ab5f9f01ccab554e1a3b8832c6397c1bfe9e7d.png
9776d6321771a3d00c6e5f1eefaef41103936569963a61b6b321d1ee1ae06263,0,data/packed_images/benign_packed/9776d6321771a3d00c6e5f1eefaef41103936569963a61b6b321d1ee1ae06263.png
9a20da8a4585f795cc8199501e1517be39248f9812685d73f1658881342306fb,0,data/packed_images/benign_packed/9a20da8a4585f795cc8199501e1517be39248f9812685d73f1658881342306fb.png
9be9fc05b07871d06030a535b277e451345c1398e537fdad2a0c9cf6487795f2,0,data/packed_images/benign_packed/9be9fc05b07871d06030a535b277e451345c1398e537fdad2a0c9cf6487795f2.png
9c4078d401f7ebc70caa2050740e2562e1c7a2c98d3ff17e9fe590685ac647a6,0,data/packed_images/benign_packed/9c4078d401f7ebc70caa2050740e2562e1c7a2c98d3ff17e9fe590685ac647a6.png
9c915242926dc9670f91177af0cd7ca492622a184de5af14a43d140800d775f0,0,data/packed_images/benign_packed/9c915242926dc9670f91177af0cd7ca492622a184de5af14a43d140800d775f0.png
9cc5d7b11f2ed5d8ad2c47467622107064414f3edf63497608d8da03ef7cb294,0,data/packed_images/benign_packed/9cc5d7b11f2ed5d8ad2c47467622107064414f3edf63497608d8da03ef7cb294.png
9dbe301e6b832184a624e97ee08735397aeb656e4fcb98c2388a57deb2f33e76,0,data/packed_images/benign_packed/9dbe301e6b832184a624e97ee08735397aeb656e4fcb98c2388a57deb2f33e76.png
9eaf987f2790faff354c8e405d7c09946924056707d1fe81bd3ce5a2c3f0133b,0,data/packed_images/benign_packed/9eaf987f2790faff354c8e405d7c09946924056707d1fe81bd3ce5a2c3f0133b.png
a0899e167143ab97b167b6ae1bb270d9ba4b4e268b4a1eeb876a8b56345f23f5,0,data/packed_images/benign_packed/a0899e167143ab97b167b6ae1bb270d9ba4b4e268b4a1eeb876a8b56345f23f5.png
a1c81cab06d7568368fef4d06a92601096ff3ae7a32529fef04211f707da8a39,0,data/packed_images/benign_packed/a1c81cab06d7568368fef4d06a92601096ff3ae7a32529fef04211f707da8a39.png
a25def518b93fb698d87ab0372568986b630c5907c27e27959fd3b6570f59ff4,0,data/packed_images/benign_packed/a25def518b93fb698d87ab0372568986b630c5907c27e27959fd3b6570f59ff4.png
a2c736e2a3b63fe0ddb28654994df83085bb735bfbd70da0aaa5458ed4b854e2,0,data/packed_images/benign_packed/a2c736e2a3b63fe0ddb28654994df83085bb735bfbd70da0aaa5458ed4b854e2.png
a5a1f315fb88754bb4b99c6552e353c3a7606c791264f6b1f3b20fa2b94376e7,0,data/packed_images/benign_packed/a5a1f315fb88754bb4b99c6552e353c3a7606c791264f6b1f3b20fa2b94376e7.png
a5d76d29280af398aeb406063676620060a5d0cb28b2d33d917f41a5c06e4d84,0,data/packed_images/benign_packed/a5d76d29280af398aeb406063676620060a5d0cb28b2d33d917f41a5c06e4d84.png
a6376200168b30c542e04f44d9c68c2bf21deee11d23d1b3bd3577de19d72dbf,0,data/packed_images/benign_packed/a6376200168b30c542e04f44d9c68c2bf21deee11d23d1b3bd3577de19d72dbf.png
a77e4d0b1eb2e5e2bc38702ee24d13fefeca2176a45768b849d57c5b549a7bc4,0,data/packed_images/benign_packed/a77e4d0b1eb2e5e2bc38702ee24d13fefeca2176a45768b849d57c5b549a7bc4.png
a8614ba7b98ad576032d8610ff9b74bb402e1498c41f9f330e7a0df326852de3,0,data/packed_images/benign_packed/a8614ba7b98ad576032d8610ff9b74bb402e1498c41f9f330e7a0df326852de3.png
aadefa57f1e278a33686883f653bcabd53ea52f5931957cbc3e17683398fb3bd,0,data/packed_images/benign_packed/aadefa57f1e278a33686883f653bcabd53ea52f5931957cbc3e17683398fb3bd.png
aae405b76324f8feef9dd73d4d9cd88bd5e5f5242303a785caff01a24511792f,0,data/packed_images/benign_packed/aae405b76324f8feef9dd73d4d9cd88bd5e5f5242303a785caff01a24511792f.png
aaffeebd785f0cb44249abb39b081f0c1a80ede5aa0e499137c9c1aa3d16fd81,0,data/packed_images/benign_packed/aaffeebd785f0cb44249abb39b081f0c1a80ede5aa0e499137c9c1aa3d16fd81.png
ac4ff37b425f41428c6c672d10b0e4b9f32f95879eeb8b5315c6999163ed8c73,0,data/packed_images/benign_packed/ac4ff37b425f41428c6c672d10b0e4b9f32f95879eeb8b5315c6999163ed8c73.png
ad8fa5dc5aab8671de6c2107bf2041000f17b9673a9b1572d75cef24f65ee887,0,data/packed_images/benign_packed/ad8fa5dc5aab8671de6c2107bf2041000f17b9673a9b1572d75cef24f65ee887.png
ae484f4c0341f050d40d3e148be8d11ce86358349ddf3100dbf7d605780a5f95,0,data/packed_images/benign_packed/ae484f4c0341f050d40d3e148be8d11ce86358349ddf3100dbf7d605780a5f95.png
ae8b7135284c9f111b34bf7ef631350b98f35298adafd7269bd364f63bb74b2e,0,data/packed_images/benign_packed/ae8b7135284c9f111b34bf7ef631350b98f35298adafd7269bd364f63bb74b2e.png
aef590a1d82510652497032aa76690b0348cbb136e46bad7b8132ee09af50b6e,0,data/packed_images/benign_packed/aef590a1d82510652497032aa76690b0348cbb136e46bad7b8132ee09af50b6e.png
aefc51ad6b7a1111ba05a8bc58c9cc8e2d9375295fb997897358913cdf7d0957,0,data/packed_images/benign_packed/aefc51ad6b7a1111ba05a8bc58c9cc8e2d9375295fb997897358913cdf7d0957.png
aefffe14eed0c4fde518c79ed47910d626531197631f4985040ce022bc8b2ba8,0,data/packed_images/benign_packed/aefffe14eed0c4fde518c79ed47910d626531197631f4985040ce022bc8b2ba8.png
af00266260bf7f326fe2aa82f5eebc199c83f0be899e1f2b89c63c02dddd8a61,0,data/packed_images/benign_packed/af00266260bf7f326fe2aa82f5eebc199c83f0be899e1f2b89c63c02dddd8a61.png
af0c562398c5a0baf537da9f6da4354c60df77004d1fd110f863e90cd150113e,0,data/packed_images/benign_packed/af0c562398c5a0baf537da9f6da4354c60df77004d1fd110f863e90cd150113e.png
af1314349a37d7d69d2269efae8f59b170de196e762d16ad992d88f19972c161,0,data/packed_images/benign_packed/af1314349a37d7d69d2269efae8f59b170de196e762d16ad992d88f19972c161.png
af2a99c46c5f4d2e4fc3142b6e36d9b7fffc7a877295a72b8ffe8e7a90f02ef3,0,data/packed_images/benign_packed/af2a99c46c5f4d2e4fc3142b6e36d9b7fffc7a877295a72b8ffe8e7a90f02ef3.png
af4f6308343a0141f8f48d21b5f7e1946c2983f69841d03399628d558ae03c46,0,data/packed_images/benign_packed/af4f6308343a0141f8f48d21b5f7e1946c2983f69841d03399628d558ae03c46.png
af620b31cee826e885f8027898c75ea886b659bd099d0b2ff8e19227c294b0cb,0,data/packed_images/benign_packed/af620b31cee826e885f8027898c75ea886b659bd099d0b2ff8e19227c294b0cb.png
af7e164f0f61819577bfa7be1ce3d810a5c68eb143dc51c44657bea3fce92313,0,data/packed_images/benign_packed/af7e164f0f61819577bfa7be1ce3d810a5c68eb143dc51c44657bea3fce92313.png
af96e095ff53f68222b6d1866e84645fe4aad988002c668434637c73246ed4df,0,data/packed_images/benign_packed/af96e095ff53f68222b6d1866e84645fe4aad988002c668434637c73246ed4df.png
afabfc705398511daaf7950f56be1079beab727e806e70d99577e1491cb95268,0,data/packed_images/benign_packed/afabfc705398511daaf7950f56be1079beab727e806e70d99577e1491cb95268.png
afbdc5d2aa5bb0ab66d44e3bb94c7370abf39ece755b1e753f46ff086cdf2488,0,data/packed_images/benign_packed/afbdc5d2aa5bb0ab66d44e3bb94c7370abf39ece755b1e753f46ff086cdf2488.png
afc899999170db0e2ddb99d449d36d06524dab794ea359d38bd799263e778803,0,data/packed_images/benign_packed/afc899999170db0e2ddb99d449d36d06524dab794ea359d38bd799263e778803.png
b027da96876ad81302d728506e388c19985ba46cd23566a2dd1818f9ecfd6458,0,data/packed_images/benign_packed/b027da96876ad81302d728506e388c19985ba46cd23566a2dd1818f9ecfd6458.png
b0499ee87b23129f1528c5cf57728518a3a66aa1a2eb200fb0700bc6ad78546e,0,data/packed_images/benign_packed/b0499ee87b23129f1528c5cf57728518a3a66aa1a2eb200fb0700bc6ad78546e.png
b04e2b089656eae01a0071359f9d7fb040dea804c1b9d2379431864174259c2d,0,data/packed_images/benign_packed/b04e2b089656eae01a0071359f9d7fb040dea804c1b9d2379431864174259c2d.png
b05ad9417028b9777f69422caa01ae9fd22c7bfe542bc6e7de2649e28a4ea643,0,data/packed_images/benign_packed/b05ad9417028b9777f69422caa01ae9fd22c7bfe542bc6e7de2649e28a4ea643.png
b06f64eddfcb1a0ed429419e07416f05cef6a50fd864582f710c4bfb2285fb0a,0,data/packed_images/benign_packed/b06f64eddfcb1a0ed429419e07416f05cef6a50fd864582f710c4bfb2285fb0a.png
b07719834e2229634191084e6acba7e278918a019d6039c8adf00144af27269b,0,data/packed_images/benign_packed/b07719834e2229634191084e6acba7e278918a019d6039c8adf00144af27269b.png
b07987266cee80028b2a3f69799022bd006379f4de79b086140d89d7e3747eca,0,data/packed_images/benign_packed/b07987266cee80028b2a3f69799022bd006379f4de79b086140d89d7e3747eca.png
b091b69a79cb709ff2d2496f414a9792af855bec34554951efcc6d206aeef260,0,data/packed_images/benign_packed/b091b69a79cb709ff2d2496f414a9792af855bec34554951efcc6d206aeef260.png
b0930d9ea3af6788fbc40d54af3ae6e099150d9e8b311bd3df5edff964aec214,0,data/packed_images/benign_packed/b0930d9ea3af6788fbc40d54af3ae6e099150d9e8b311bd3df5edff964aec214.png
b0960e391f5f6a04b95c8d1914227a52ecffb55ce14133769d527b065adf91d8,0,data/packed_images/benign_packed/b0960e391f5f6a04b95c8d1914227a52ecffb55ce14133769d527b065adf91d8.png
b0a70c59a259d6e110e6dcd10aff261f75cc391f23c18cc1b256fe1dc66613fa,0,data/packed_images/benign_packed/b0a70c59a259d6e110e6dcd10aff261f75cc391f23c18cc1b256fe1dc66613fa.png
b0fb46ac5f2f4cc2c34f6724933a16b9d125d2ddc9650928a8bc444d9f87fc0f,0,data/packed_images/benign_packed/b0fb46ac5f2f4cc2c34f6724933a16b9d125d2ddc9650928a8bc444d9f87fc0f.png
b0fde28a7eda359b67d0dcce9a74401774af21a69b60c53ecdca702f27e08a25,0,data/packed_images/benign_packed/b0fde28a7eda359b67d0dcce9a74401774af21a69b60c53ecdca702f27e08a25.png
b106a33091dcd306b1bdb22503958bcbdd0f85d24eebcee2482ae90e72394409,0,data/packed_images/benign_packed/b106a33091dcd306b1bdb22503958bcbdd0f85d24eebcee2482ae90e72394409.png
b11379e187a9a1131105dfa4589d30a1d8ceec2b2a193ffb5d86d9bd3f771a6c,0,data/packed_images/benign_packed/b11379e187a9a1131105dfa4589d30a1d8ceec2b2a193ffb5d86d9bd3f771a6c.png
b12f546989ee80b0f657f8a784a6523cd959239f06b4eb13f02ddde3e039f517,0,data/packed_images/benign_packed/b12f546989ee80b0f657f8a784a6523cd959239f06b4eb13f02ddde3e039f517.png
b1315bb94b30aebc482251302214e7331c7750be11bc80c8b3061371c7b42500,0,data/packed_images/benign_packed/b1315bb94b30aebc482251302214e7331c7750be11bc80c8b3061371c7b42500.png
b13a7c58c6e10ff4a50e2345b6f9e8e508ca2eba209adae228562801e77be398,0,data/packed_images/benign_packed/b13a7c58c6e10ff4a50e2345b6f9e8e508ca2eba209adae228562801e77be398.png
b155a83cd2a33da9c9b89b8f979c42a3d39edf54e0d2937d3cffc22bd8b4274d,0,data/packed_images/benign_packed/b155a83cd2a33da9c9b89b8f979c42a3d39edf54e0d2937d3cffc22bd8b4274d.png
b1720cb314acd0335ac13f3e194a202d4f96a2708534cf059aaaa353e3d637cd,0,data/packed_images/benign_packed/b1720cb314acd0335ac13f3e194a202d4f96a2708534cf059aaaa353e3d637cd.png
b18d4c1bad76cfc5a02fc5f2ea6d2bf00defb866bf963ab61f0a0de9c28bf515,0,data/packed_images/benign_packed/b18d4c1bad76cfc5a02fc5f2ea6d2bf00defb866bf963ab61f0a0de9c28bf515.png
b1a95a04cbdca12bd84cfe3f86e8ac11f33752171347ee1435fce13e5bff5195,0,data/packed_images/benign_packed/b1a95a04cbdca12bd84cfe3f86e8ac11f33752171347ee1435fce13e5bff5195.png
b1b2595494072a52f1fc44586debf52312eab1a245a7a16185d7b1af37b159a6,0,data/packed_images/benign_packed/b1b2595494072a52f1fc44586debf52312eab1a245a7a16185d7b1af37b159a6.png
b1df4f47c8746e49b0b7db55fc5d391a1442de04863ccba497530003182b7576,0,data/packed_images/benign_packed/b1df4f47c8746e49b0b7db55fc5d391a1442de04863ccba497530003182b7576.png
b203bbc69028f7f3df1d81df40105ad7d68b70471879d1f9599dfb1ff1948200,0,data/packed_images/benign_packed/b203bbc69028f7f3df1d81df40105ad7d68b70471879d1f9599dfb1ff1948200.png
b207f025c13b2bf433eb5e2f82bd8f6c0c6853c8317fed4ca308d185f4ccd345,0,data/packed_images/benign_packed/b207f025c13b2bf433eb5e2f82bd8f6c0c6853c8317fed4ca308d185f4ccd345.png
b227e1bda24bfb829680d22df0e026123ff89fcc41d436742090ef60c5685570,0,data/packed_images/benign_packed/b227e1bda24bfb829680d22df0e026123ff89fcc41d436742090ef60c5685570.png
b23df449ce4626763f38eaf581e96134f12018b2356bdb53f6766a48ba0193ae,0,data/packed_images/benign_packed/b23df449ce4626763f38eaf581e96134f12018b2356bdb53f6766a48ba0193ae.png
b25976b4e32dcc3884ac0c8aa1e8416d483ef8598d232ac788e917f8967ff131,0,data/packed_images/benign_packed/b25976b4e32dcc3884ac0c8aa1e8416d483ef8598d232ac788e917f8967ff131.png
b263ad1c75435acf3d4fb5159f840063533f18aed361236fd6fa2b0ceaee2a0d,0,data/packed_images/benign_packed/b263ad1c75435acf3d4fb5159f840063533f18aed361236fd6fa2b0ceaee2a0d.png
b26a6c7e6d63e4311acdb6bd3969e8f90c8a93bb7d56e4268e924aa5e1e81c2d,0,data/packed_images/benign_packed/b26a6c7e6d63e4311acdb6bd3969e8f90c8a93bb7d56e4268e924aa5e1e81c2d.png
b288eb94904813686c89b62b94508469771b0675983c1fbab0d2a385492dfdc9,0,data/packed_images/benign_packed/b288eb94904813686c89b62b94508469771b0675983c1fbab0d2a385492dfdc9.png
b2977efe0d48c3d466d77dc1632503673f50034d4489dda0f6943868290c9a6d,0,data/packed_images/benign_packed/b2977efe0d48c3d466d77dc1632503673f50034d4489dda0f6943868290c9a6d.png
b2ad552e53778bb3be8f1b494fe678850e0024ab3f38c4f35a250f058f281b77,0,data/packed_images/benign_packed/b2ad552e53778bb3be8f1b494fe678850e0024ab3f38c4f35a250f058f281b77.png
b2f658985506ffcfaaa845e881d9deed5c5afad786753be060d8da6e1ec7e44d,0,data/packed_images/benign_packed/b2f658985506ffcfaaa845e881d9deed5c5afad786753be060d8da6e1ec7e44d.png
b2f6d661315f24e9bed72e9af4580f371dbffabd9fc6242fcfcd02c519a6f470,0,data/packed_images/benign_packed/b2f6d661315f24e9bed72e9af4580f371dbffabd9fc6242fcfcd02c519a6f470.png
b30e34d288493fb4c65f73f2d247ce34697ec96ce7c3260ffe9598b4f697cee8,0,data/packed_images/benign_packed/b30e34d288493fb4c65f73f2d247ce34697ec96ce7c3260ffe9598b4f697cee8.png
b325283552ea6adceb0adea1756673b739f10942bc036c9edc863e1fbd6b095e,0,data/packed_images/benign_packed/b325283552ea6adceb0adea1756673b739f10942bc036c9edc863e1fbd6b095e.png
b32bd1bc845c60b45f47f051d31a05ce176de41ceb88496a58cd2040dc294ef7,0,data/packed_images/benign_packed/b32bd1bc845c60b45f47f051d31a05ce176de41ceb88496a58cd2040dc294ef7.png
b32f322c7912b14c2adde1a5d996d7ff07336afb52daf27212071f2fafb06c93,0,data/packed_images/benign_packed/b32f322c7912b14c2adde1a5d996d7ff07336afb52daf27212071f2fafb06c93.png
b3327cd3a71a4cc2a246aa5bd36c23c738d88f1724d0ea2f4f550623c9daf55e,0,data/packed_images/benign_packed/b3327cd3a71a4cc2a246aa5bd36c23c738d88f1724d0ea2f4f550623c9daf55e.png
b364fc78ac147d24a7db60c47a225a4cb4fae486d08cecae16451374bfd99786,0,data/packed_images/benign_packed/b364fc78ac147d24a7db60c47a225a4cb4fae486d08cecae16451374bfd99786.png
b38e9c76564bff9369a11841ff218d6b7a3f8b1e479142dd5acea0ceefe47413,0,data/packed_images/benign_packed/b38e9c76564bff9369a11841ff218d6b7a3f8b1e479142dd5acea0ceefe47413.png
b39a515b9e48fc6589703d45e14dcea2273a02d7fa6f2e1d17985c0228d32564,0,data/packed_images/benign_packed/b39a515b9e48fc6589703d45e14dcea2273a02d7fa6f2e1d17985c0228d32564.png
b3a5d783aee60c809a64a9558cd6a39c4fdebf43bdb3f85a6f2d0cca8dfad9d5,0,data/packed_images/benign_packed/b3a5d783aee60c809a64a9558cd6a39c4fdebf43bdb3f85a6f2d0cca8dfad9d5.png
b3b356cdca34cb5023cd8f49025e23128f1e86dd0d4865d62bc42f775f1acca8,0,data/packed_images/benign_packed/b3b356cdca34cb5023cd8f49025e23128f1e86dd0d4865d62bc42f775f1acca8.png
b3bb19b4a93ce198c0eba50fb08db61539d6c54ed0c227bded1780bd868a51f0,0,data/packed_images/benign_packed/b3bb19b4a93ce198c0eba50fb08db61539d6c54ed0c227bded1780bd868a51f0.png
b3c116f3d0c1be8f9312c944706b8952aa50cf9a1337159633beed01cd9e579d,0,data/packed_images/benign_packed/b3c116f3d0c1be8f9312c944706b8952aa50cf9a1337159633beed01cd9e579d.png
b4056528c60e0704ed7a002c63b2d1d43dbf96e44428f5057fbe0e04ba2ce393,0,data/packed_images/benign_packed/b4056528c60e0704ed7a002c63b2d1d43dbf96e44428f5057fbe0e04ba2ce393.png
b417202e9230c6a8e491e58e80b944280918a79c64c354d07d4fcdfcebb0b5b9,0,data/packed_images/benign_packed/b417202e9230c6a8e491e58e80b944280918a79c64c354d07d4fcdfcebb0b5b9.png
b4215da103161d817a98d9def4802e3551ff49b600765f2c2b6a9fc4f593c50e,0,data/packed_images/benign_packed/b4215da103161d817a98d9def4802e3551ff49b600765f2c2b6a9fc4f593c50e.png
b426deb2d675c57a9f8bde805b027d0c9e2da4e4abd4945f2740aa663d58a6cf,0,data/packed_images/benign_packed/b426deb2d675c57a9f8bde805b027d0c9e2da4e4abd4945f2740aa663d58a6cf.png
b43899414c348d93da342e7f0bd2a03a29495836fbe98d8f6ffe0ef0885f007a,0,data/packed_images/benign_packed/b43899414c348d93da342e7f0bd2a03a29495836fbe98d8f6ffe0ef0885f007a.png
b457325ff2b946b5850f4458f6fe2faf6ba7574311f77ddef877bde87b02d7e5,0,data/packed_images/benign_packed/b457325ff2b946b5850f4458f6fe2faf6ba7574311f77ddef877bde87b02d7e5.png
b465a44c1332a7cbceed9fcfc363088a28a5373c41f57da4b803130199e4bd93,0,data/packed_images/benign_packed/b465a44c1332a7cbceed9fcfc363088a28a5373c41f57da4b803130199e4bd93.png
b471ac10e955513c6eaab1df7dd9334bf0a95348100e79cc7971ea8266061983,0,data/packed_images/benign_packed/b471ac10e955513c6eaab1df7dd9334bf0a95348100e79cc7971ea8266061983.png
b47bc101395bb221498ace7b6853c4e064cdf21e9c32c7d643a5d8d7c2775090,0,data/packed_images/benign_packed/b47bc101395bb221498ace7b6853c4e064cdf21e9c32c7d643a5d8d7c2775090.png
b4826e3700a43522af97418b56dfddf97c4a2f10c1efdac3f060cd5b8f16755f,0,data/packed_images/benign_packed/b4826e3700a43522af97418b56dfddf97c4a2f10c1efdac3f060cd5b8f16755f.png
b485014e1dcb4be9fe508c27b8cd2c5457d56f65e2435e1f162ebd477698b6d5,0,data/packed_images/benign_packed/b485014e1dcb4be9fe508c27b8cd2c5457d56f65e2435e1f162ebd477698b6d5.png
b48cf12ff1155761b5c1a44b8c71e0f272d480f325e02df0532e6886d97f37c4,0,data/packed_images/benign_packed/b48cf12ff1155761b5c1a44b8c71e0f272d480f325e02df0532e6886d97f37c4.png
b49e3f79abf030d9cfe95e4302ed02e53f357dcb9083555340fdb3b40845e619,0,data/packed_images/benign_packed/b49e3f79abf030d9cfe95e4302ed02e53f357dcb9083555340fdb3b40845e619.png
b4a045535f244c5ff4a0e323df1bb77a70ed24bd54c4468a64b021e69eef92c4,0,data/packed_images/benign_packed/b4a045535f244c5ff4a0e323df1bb77a70ed24bd54c4468a64b021e69eef92c4.png
b4a8c04b951aac60a687087038d015e8ca595aa4484b7178b1592f7431fba901,0,data/packed_images/benign_packed/b4a8c04b951aac60a687087038d015e8ca595aa4484b7178b1592f7431fba901.png
b4be4ca9053d83301bdd01e6e2568af791aa819798f29fc8cf85eab4037edb4e,0,data/packed_images/benign_packed/b4be4ca9053d83301bdd01e6e2568af791aa819798f29fc8cf85eab4037edb4e.png
b4de5fc0d8b04b9c40e0797facd5a112627ef7e8edee1fb3eb7ea7aba8495f79,0,data/packed_images/benign_packed/b4de5fc0d8b04b9c40e0797facd5a112627ef7e8edee1fb3eb7ea7aba8495f79.png
b4f5739d02c9c585bb0662e42ec8530f6290bf9c81aff22c9a4ca25dac2831b1,0,data/packed_images/benign_packed/b4f5739d02c9c585bb0662e42ec8530f6290bf9c81aff22c9a4ca25dac2831b1.png
b51bdb26c1a6560e7ec83ae3f2a20d1fbd8ce61f28b85d04220cad72a3d01c17,0,data/packed_images/benign_packed/b51bdb26c1a6560e7ec83ae3f2a20d1fbd8ce61f28b85d04220cad72a3d01c17.png
b51cc1e2c39af1871d765ccd83684dd090691af625df294cffdc6ab8a840a14a,0,data/packed_images/benign_packed/b51cc1e2c39af1871d765ccd83684dd090691af625df294cffdc6ab8a840a14a.png
b52f2b9de19d12b0e727e13e3dde93009e487bfb2dd97fd23952c7080949d97e,0,data/packed_images/benign_packed/b52f2b9de19d12b0e727e13e3dde93009e487bfb2dd97fd23952c7080949d97e.png
b53c744e61cf16681557740621e17cd4c113248fb7d29f6d68f37247a87c2df0,0,data/packed_images/benign_packed/b53c744e61cf16681557740621e17cd4c113248fb7d29f6d68f37247a87c2df0.png
b56500540c25aade7be590db1bb2cd491bd487d2e5f8d67fc5d353bd3f030a73,0,data/packed_images/benign_packed/b56500540c25aade7be590db1bb2cd491bd487d2e5f8d67fc5d353bd3f030a73.png
b56bc94e8539603dd2f0fea2f25efd17966315067442507db4bffafcbc2955b0,0,data/packed_images/benign_packed/b56bc94e8539603dd2f0fea2f25efd17966315067442507db4bffafcbc2955b0.png
b5703fd17c3ae58ef1f0efb174c8d6f7421c1b6976d1d963327e57675b95a28c,0,data/packed_images/benign_packed/b5703fd17c3ae58ef1f0efb174c8d6f7421c1b6976d1d963327e57675b95a28c.png
b58cc27cfa83efbba039c9c27e57b8418caf36bdc8f7bf0b689a1586daf19941,0,data/packed_images/benign_packed/b58cc27cfa83efbba039c9c27e57b8418caf36bdc8f7bf0b689a1586daf19941.png
b592082b37941785db7efeaa6c293bc4f6105e4cf5688d9fb1796d5853cbd782,0,data/packed_images/benign_packed/b592082b37941785db7efeaa6c293bc4f6105e4cf5688d9fb1796d5853cbd782.png
b5b4bdb18fcfc119e99ed2e79d9856ecbb49d2ad25a2760df3e14156b3d6bdb0,0,data/packed_images/benign_packed/b5b4bdb18fcfc119e99ed2e79d9856ecbb49d2ad25a2760df3e14156b3d6bdb0.png
b5e354b5b86d10b98c484535b7793baa3155a52dbad075fc30c43378fc8a53df,0,data/packed_images/benign_packed/b5e354b5b86d10b98c484535b7793baa3155a52dbad075fc30c43378fc8a53df.png
b5ed620d5406454bd1a3616fc4613cc8242ba27ccfa82ecca25ef8e7275cb419,0,data/packed_images/benign_packed/b5ed620d5406454bd1a3616fc4613cc8242ba27ccfa82ecca25ef8e7275cb419.png
b60c603b12cdd9d10b2c2b95806ee3152daf0509a3677fb0497d6719b8c2b858,0,data/packed_images/benign_packed/b60c603b12cdd9d10b2c2b95806ee3152daf0509a3677fb0497d6719b8c2b858.png
b6558c638f6e1bf77758ccdbd0634bfee9c8be8ae5a315d691c4e3de779dffc3,0,data/packed_images/benign_packed/b6558c638f6e1bf77758ccdbd0634bfee9c8be8ae5a315d691c4e3de779dffc3.png
b663c2807fdf217fdc5cf9694b6a8ef1f07c7b9df12df5aca88342666593032a,0,data/packed_images/benign_packed/b663c2807fdf217fdc5cf9694b6a8ef1f07c7b9df12df5aca88342666593032a.png
b67a3b021819d8f8425fde8f3843fcb225378ddc1ce761bab8d29251342201d5,0,data/packed_images/benign_packed/b67a3b021819d8f8425fde8f3843fcb225378ddc1ce761bab8d29251342201d5.png
b67ddffd73af5faaf4c1ba590ba966c260880fe154e07cfce3c4e5cb5b0e86ab,0,data/packed_images/benign_packed/b67ddffd73af5faaf4c1ba590ba966c260880fe154e07cfce3c4e5cb5b0e86ab.png
b68aa8ccb15033689a2dee77c844b587759e9580863060241f8bbac263de018e,0,data/packed_images/benign_packed/b68aa8ccb15033689a2dee77c844b587759e9580863060241f8bbac263de018e.png
b694aa94d3fe0a392abe9d910a4163dc3bbf663fe295da855806e2c67521459a,0,data/packed_images/benign_packed/b694aa94d3fe0a392abe9d910a4163dc3bbf663fe295da855806e2c67521459a.png
b699544c7a774fb1bf667c23a1875bb83489bca639838545a5db6f24e8dbb4ab,0,data/packed_images/benign_packed/b699544c7a774fb1bf667c23a1875bb83489bca639838545a5db6f24e8dbb4ab.png
b6ad417ec29a32124ec8fc5b50e880752055279af2d662e7518b2df72e70c205,0,data/packed_images/benign_packed/b6ad417ec29a32124ec8fc5b50e880752055279af2d662e7518b2df72e70c205.png
b6eafa072bd0dbbca07b1557946334dbe005af07b76cec8f082087fc5ea06adb,0,data/packed_images/benign_packed/b6eafa072bd0dbbca07b1557946334dbe005af07b76cec8f082087fc5ea06adb.png
b6f30de35298bc47ce8c90a6f96e0416ea33473a84e5dd48fe87cd1b257f18f3,0,data/packed_images/benign_packed/b6f30de35298bc47ce8c90a6f96e0416ea33473a84e5dd48fe87cd1b257f18f3.png
b70cc7573be235b7229c2cbab5d926984509eb2e644bf9d3da41863c72d625c9,0,data/packed_images/benign_packed/b70cc7573be235b7229c2cbab5d926984509eb2e644bf9d3da41863c72d625c9.png
b7105d717abfafbc2938cfcef5dabdf0ead7e3df6108629db8b0893ddc1e8682,0,data/packed_images/benign_packed/b7105d717abfafbc2938cfcef5dabdf0ead7e3df6108629db8b0893ddc1e8682.png
b731f8e1db521e15fe4d7a3a78e03268cbba8eb6e3a19b53421b317c51035aa4,0,data/packed_images/benign_packed/b731f8e1db521e15fe4d7a3a78e03268cbba8eb6e3a19b53421b317c51035aa4.png
b73c6e059cde33e7ef2f6695ed2c105ab05f9bf8405dcc7e017d26aacda8d432,0,data/packed_images/benign_packed/b73c6e059cde33e7ef2f6695ed2c105ab05f9bf8405dcc7e017d26aacda8d432.png
b73cffb1dcba190545d7b528c5bf61a150f33562b6ec126ea11aad4d075ab23c,0,data/packed_images/benign_packed/b73cffb1dcba190545d7b528c5bf61a150f33562b6ec126ea11aad4d075ab23c.png
b772266d1493844fb2713a1316281f13784552ee3bebd39daaa95b909591e145,0,data/packed_images/benign_packed/b772266d1493844fb2713a1316281f13784552ee3bebd39daaa95b909591e145.png
b7920053d67d9e71b9f15b4db69b6b7e63be499ea2675580393aec9c26c61c7a,0,data/packed_images/benign_packed/b7920053d67d9e71b9f15b4db69b6b7e63be499ea2675580393aec9c26c61c7a.png
b7a2344533d6dbb8f18f6f625188a77b332f1de313c38f13db276eb5e0726ca7,0,data/packed_images/benign_packed/b7a2344533d6dbb8f18f6f625188a77b332f1de313c38f13db276eb5e0726ca7.png
b7b9a6131f44f1e5f265b126fafcfadd43850ae39d47f2b94fac68a73a9caf5c,0,data/packed_images/benign_packed/b7b9a6131f44f1e5f265b126fafcfadd43850ae39d47f2b94fac68a73a9caf5c.png
b7efa647a93bd17535b018ac037f39e1f4cb6cdea4f3a67d902964cb8011b092,0,data/packed_images/benign_packed/b7efa647a93bd17535b018ac037f39e1f4cb6cdea4f3a67d902964cb8011b092.png
b812b1c5b0a7834fe3699d769f7cdb365adee7bcdde784836a7229a4d819799b,0,data/packed_images/benign_packed/b812b1c5b0a7834fe3699d769f7cdb365adee7bcdde784836a7229a4d819799b.png
b82c7fe4ca5017c54be92d69bde36ab1052607a50b257b75290d24eae59f7788,0,data/packed_images/benign_packed/b82c7fe4ca5017c54be92d69bde36ab1052607a50b257b75290d24eae59f7788.png
b82f096607a52b76f69a2db03392e008dd60a7dce74665b0e09f5593ba7ca7ca,0,data/packed_images/benign_packed/b82f096607a52b76f69a2db03392e008dd60a7dce74665b0e09f5593ba7ca7ca.png
b8334e145d5bedddf80a4ee476c7dda07c9bc01ec486c75ea48ab1da6392cec4,0,data/packed_images/benign_packed/b8334e145d5bedddf80a4ee476c7dda07c9bc01ec486c75ea48ab1da6392cec4.png
b83918509162fd65f397ddbc96fa4a20a3b0ec87ee4d43f45cbaa3e17bf4a770,0,data/packed_images/benign_packed/b83918509162fd65f397ddbc96fa4a20a3b0ec87ee4d43f45cbaa3e17bf4a770.png
b83c6015fac82d98f1072be4585d3bdb51169bf63829d7ea459465f465dab67e,0,data/packed_images/benign_packed/b83c6015fac82d98f1072be4585d3bdb51169bf63829d7ea459465f465dab67e.png
b85184d42b1f0e5bff8a6b86193fda191e75785fdf8fbccf9b80ac4a2771b861,0,data/packed_images/benign_packed/b85184d42b1f0e5bff8a6b86193fda191e75785fdf8fbccf9b80ac4a2771b861.png
b85fb0b1263fa09f27e65266798b66a1c03ce6e9d57dd14a0e61180da269a49b,0,data/packed_images/benign_packed/b85fb0b1263fa09f27e65266798b66a1c03ce6e9d57dd14a0e61180da269a49b.png
b863e60a104b7bb75a4ea0fd3a493cfe72c84ae8bf0cc4844554cf8afea0f77a,0,data/packed_images/benign_packed/b863e60a104b7bb75a4ea0fd3a493cfe72c84ae8bf0cc4844554cf8afea0f77a.png
b86ac9b28e586c039f2d4a65920eec820552c207ca268ea36cf3b40c959fe961,0,data/packed_images/benign_packed/b86ac9b28e586c039f2d4a65920eec820552c207ca268ea36cf3b40c959fe961.png
b86d8fb4e244e24f341aa23b4e185f7f0e5ca3d4f73ec1a748e2e2a1f1645f9e,0,data/packed_images/benign_packed/b86d8fb4e244e24f341aa23b4e185f7f0e5ca3d4f73ec1a748e2e2a1f1645f9e.png
b87a5b63ce6a27c31b22feb408f23b5fbd586e9fb0b8622c87bdc5f02e59b001,0,data/packed_images/benign_packed/b87a5b63ce6a27c31b22feb408f23b5fbd586e9fb0b8622c87bdc5f02e59b001.png
b8a91bec1fbb34606ed5326aad78af0d07c7915be86cfd595cc4c222504e98b1,0,data/packed_images/benign_packed/b8a91bec1fbb34606ed5326aad78af0d07c7915be86cfd595cc4c222504e98b1.png
b8af7c6804ef53a3cafd34d96b3a94e11fb4b9b90aaf9644b41eb7f4123d8f29,0,data/packed_images/benign_packed/b8af7c6804ef53a3cafd34d96b3a94e11fb4b9b90aaf9644b41eb7f4123d8f29.png
b92b2fe1fece9881e77ef707761f16b22c9e537f898839a31029686c9866c6ee,0,data/packed_images/benign_packed/b92b2fe1fece9881e77ef707761f16b22c9e537f898839a31029686c9866c6ee.png
b9481d2049fea73e51f5bc6c67aa9f3cb82d8e2e1a44785364cc19eed1f9638f,0,data/packed_images/benign_packed/b9481d2049fea73e51f5bc6c67aa9f3cb82d8e2e1a44785364cc19eed1f9638f.png
b955d0e5956a0cfc4154ea0c4d83f946a56193e40638a814c1c7d0c597be7c2a,0,data/packed_images/benign_packed/b955d0e5956a0cfc4154ea0c4d83f946a56193e40638a814c1c7d0c597be7c2a.png
b97a8bde95d99b71af4f13bdfca7191a5cf2bc18cd3266497ec42d0fcf60f836,0,data/packed_images/benign_packed/b97a8bde95d99b71af4f13bdfca7191a5cf2bc18cd3266497ec42d0fcf60f836.png
b97f41e2e13ee67344c156bf7ab90e8390cc6bf98e483e6c520d2e16ee30231e,0,data/packed_images/benign_packed/b97f41e2e13ee67344c156bf7ab90e8390cc6bf98e483e6c520d2e16ee30231e.png
b98c52699b55bb4923b116eb1d564740c75fb322e7bdc2298c7c39b8f8304459,0,data/packed_images/benign_packed/b98c52699b55bb4923b116eb1d564740c75fb322e7bdc2298c7c39b8f8304459.png
b99b655abc4ec45851cc2acdb7a348e739687200a4fe3be9c35d6738dd61112f,0,data/packed_images/benign_packed/b99b655abc4ec45851cc2acdb7a348e739687200a4fe3be9c35d6738dd61112f.png
b99c919d524cae68baac1ad74cf7cb28aed79897a8cb04b76134dd7df9307de1,0,data/packed_images/benign_packed/b99c919d524cae68baac1ad74cf7cb28aed79897a8cb04b76134dd7df9307de1.png
b9bb5bcde6fa0d3012e8e9a95d0149af9eefd1367d0fa509494e4247e6ea07c7,0,data/packed_images/benign_packed/b9bb5bcde6fa0d3012e8e9a95d0149af9eefd1367d0fa509494e4247e6ea07c7.png
b9c4da6b48670a330ff0644243e15937c97b231cea6a65935177be7da0a0884c,0,data/packed_images/benign_packed/b9c4da6b48670a330ff0644243e15937c97b231cea6a65935177be7da0a0884c.png
ba2cc57c273df148e459c5128016aa22ac2be7b28c263160fe7883fb2435cc25,0,data/packed_images/benign_packed/ba2cc57c273df148e459c5128016aa22ac2be7b28c263160fe7883fb2435cc25.png
ba38afcb6bdaeb913178b81bd1e2801a362b4a82f443b12d0126e0cd5a2375c0,0,data/packed_images/benign_packed/ba38afcb6bdaeb913178b81bd1e2801a362b4a82f443b12d0126e0cd5a2375c0.png
ba9450141945064d581a5753d2271899f5e6bdf3dfa4e0d2c57c0a481fbbacd5,0,data/packed_images/benign_packed/ba9450141945064d581a5753d2271899f5e6bdf3dfa4e0d2c57c0a481fbbacd5.png
bab154bb72cc4702c08d26e137e4ca74628ea1078b5a388c89f7ee6f447e6bad,0,data/packed_images/benign_packed/bab154bb72cc4702c08d26e137e4ca74628ea1078b5a388c89f7ee6f447e6bad.png
bae4c6ce281a4a3da4c10b77722ff7b136e7a5dcf27b97e1dedd60e4b345929d,0,data/packed_images/benign_packed/bae4c6ce281a4a3da4c10b77722ff7b136e7a5dcf27b97e1dedd60e4b345929d.png
baf585dd43498e678f715ac362a859f4cad4da53ed498e72dedc8ae2814342a8,0,data/packed_images/benign_packed/baf585dd43498e678f715ac362a859f4cad4da53ed498e72dedc8ae2814342a8.png
baf7d37faece4225f43376cfd19cc2a0cf3b0d7d8390c37ab3ebb7e39949acd6,0,data/packed_images/benign_packed/baf7d37faece4225f43376cfd19cc2a0cf3b0d7d8390c37ab3ebb7e39949acd6.png
bb106190b384f4e69f19efbeeb4a2ede07aa16415588841c174b8adb9c4f7342,0,data/packed_images/benign_packed/bb106190b384f4e69f19efbeeb4a2ede07aa16415588841c174b8adb9c4f7342.png
bb1b77addf64c351e3f646bd7c5591c466e9f6dd810bf3352fd047cacd54994a,0,data/packed_images/benign_packed/bb1b77addf64c351e3f646bd7c5591c466e9f6dd810bf3352fd047cacd54994a.png
bb42f8e6709655cc6d7b31ceb96d6b4782cc2ca53f89749896c679e2e0131108,0,data/packed_images/benign_packed/bb42f8e6709655cc6d7b31ceb96d6b4782cc2ca53f89749896c679e2e0131108.png
bb5efcfceb7f61bdf2418ff41d2d9479790959fe396d189c97db13d8a3665633,0,data/packed_images/benign_packed/bb5efcfceb7f61bdf2418ff41d2d9479790959fe396d189c97db13d8a3665633.png
bb628386d31f0706c925d7fdd09d99495de77790e39ad046ea696a5f27c217c3,0,data/packed_images/benign_packed/bb628386d31f0706c925d7fdd09d99495de77790e39ad046ea696a5f27c217c3.png
bb70ac207ca785621f5524530b2ffe81386a55d98a0f49323ff0f2ced61ab749,0,data/packed_images/benign_packed/bb70ac207ca785621f5524530b2ffe81386a55d98a0f49323ff0f2ced61ab749.png
bb7db177646fc9f72f78cb73ad0d7c665df2bb340ddedea0f6b62469feeda5d9,0,data/packed_images/benign_packed/bb7db177646fc9f72f78cb73ad0d7c665df2bb340ddedea0f6b62469feeda5d9.png
bb972818c62a4055d968557a0b1589b45c0722632b257a003d3318222e744b3d,0,data/packed_images/benign_packed/bb972818c62a4055d968557a0b1589b45c0722632b257a003d3318222e744b3d.png
bb9d12feb5023f3f68d5b30dd52ff9320631cbe639675875c89353d0831f06d3,0,data/packed_images/benign_packed/bb9d12feb5023f3f68d5b30dd52ff9320631cbe639675875c89353d0831f06d3.png
bb9d6b447c528f2f9ab9d6e09be188162f7f50305e548c933e60d7c457679b3d,0,data/packed_images/benign_packed/bb9d6b447c528f2f9ab9d6e09be188162f7f50305e548c933e60d7c457679b3d.png
bb9e42432283f07c8d7b9c2b5f9a72fb8178e5c5bad48a541be9ccee91ad8660,0,data/packed_images/benign_packed/bb9e42432283f07c8d7b9c2b5f9a72fb8178e5c5bad48a541be9ccee91ad8660.png
bbaeaa27a698c4da95a6032dc90f26563b9ae914692ee07606eca635046b7394,0,data/packed_images/benign_packed/bbaeaa27a698c4da95a6032dc90f26563b9ae914692ee07606eca635046b7394.png
bbdb5be22e7bdf536f1dc337529f16b2a23074a70cf77ecdf34f9d6b37f1c5df,0,data/packed_images/benign_packed/bbdb5be22e7bdf536f1dc337529f16b2a23074a70cf77ecdf34f9d6b37f1c5df.png
bbf9c6eefc94013dafd2fd64b4db431fc1f1f1e36d3a657c7813b0704177eb40,0,data/packed_images/benign_packed/bbf9c6eefc94013dafd2fd64b4db431fc1f1f1e36d3a657c7813b0704177eb40.png
bc04aaa1ff624371cf0f7412bcbd47fc2535051fd1e9bd5a98e5ad7c06aac37f,0,data/packed_images/benign_packed/bc04aaa1ff624371cf0f7412bcbd47fc2535051fd1e9bd5a98e5ad7c06aac37f.png
bc12998f0c35793ce3597802dec50a30e468e39095bf7edc3429d658a32c686d,0,data/packed_images/benign_packed/bc12998f0c35793ce3597802dec50a30e468e39095bf7edc3429d658a32c686d.png
bc13c0433494e16240178347148deb9cec3a7737566697cf35ff10405604cda8,0,data/packed_images/benign_packed/bc13c0433494e16240178347148deb9cec3a7737566697cf35ff10405604cda8.png
bc1667252625ee09b6b5c20a6dede17031a055f06d94dd12c66bed50084dd3dd,0,data/packed_images/benign_packed/bc1667252625ee09b6b5c20a6dede17031a055f06d94dd12c66bed50084dd3dd.png
bc22d1ac7a12ddb061f5cd25dd61decd10c0e4f422b5721ca6b85be2785daff7,0,data/packed_images/benign_packed/bc22d1ac7a12ddb061f5cd25dd61decd10c0e4f422b5721ca6b85be2785daff7.png
bc2730ef4e8683a98daa3e01c7bd17a1a7ef0cf3ebc3e0d7526d516ba7b65130,0,data/packed_images/benign_packed/bc2730ef4e8683a98daa3e01c7bd17a1a7ef0cf3ebc3e0d7526d516ba7b65130.png
bc2c7efd52c5bf47d96a29426641e3e1660d5ffc6399e7247d34b9a1baa5da1c,0,data/packed_images/benign_packed/bc2c7efd52c5bf47d96a29426641e3e1660d5ffc6399e7247d34b9a1baa5da1c.png
bc35785a7f9fdeb6ec2e20682acd6809d42c69ad0e3fd652971bf600753ab01a,0,data/packed_images/benign_packed/bc35785a7f9fdeb6ec2e20682acd6809d42c69ad0e3fd652971bf600753ab01a.png
bc3b3a09acedcfff41cc5de975cb313a653b805ba4d4d455cb80cd81a9c690bc,0,data/packed_images/benign_packed/bc3b3a09acedcfff41cc5de975cb313a653b805ba4d4d455cb80cd81a9c690bc.png
bc3f6146438d7567a83db372368713244ff32629d682eab61398555c2fbf5ec1,0,data/packed_images/benign_packed/bc3f6146438d7567a83db372368713244ff32629d682eab61398555c2fbf5ec1.png
bc577fee9736868cceb79c52b7fdd4888d1bf2d86034053cf92304aea0585311,0,data/packed_images/benign_packed/bc577fee9736868cceb79c52b7fdd4888d1bf2d86034053cf92304aea0585311.png
bc5d1f96eae9bc772285fbd42b771ba0f3473560dc859c482ba704950eaed38b,0,data/packed_images/benign_packed/bc5d1f96eae9bc772285fbd42b771ba0f3473560dc859c482ba704950eaed38b.png
bc81bcc2425d129d84a478eb842b09552681a23acd1075339b60b4156eb7cd2e,0,data/packed_images/benign_packed/bc81bcc2425d129d84a478eb842b09552681a23acd1075339b60b4156eb7cd2e.png
bc94687bf4051b3d2ef3fceba098c5ba5036767433afc924833866bc860e38b3,0,data/packed_images/benign_packed/bc94687bf4051b3d2ef3fceba098c5ba5036767433afc924833866bc860e38b3.png
bca0e092936d9fedebd18617b837cb33d84a9ed20c903642466f283939146751,0,data/packed_images/benign_packed/bca0e092936d9fedebd18617b837cb33d84a9ed20c903642466f283939146751.png
bcb1c1c7d445a0367bde6a6baaecc48a160762079175108dac8ae4ae64ae57fb,0,data/packed_images/benign_packed/bcb1c1c7d445a0367bde6a6baaecc48a160762079175108dac8ae4ae64ae57fb.png
bcbf641825ea305b819a4189d7680700ccd01b9622e52c1db7466caad47946e0,0,data/packed_images/benign_packed/bcbf641825ea305b819a4189d7680700ccd01b9622e52c1db7466caad47946e0.png
bcc0cc3013ea2916fc8215a84e8b47a5ec7b733bbe414c57629e507ab89f50ba,0,data/packed_images/benign_packed/bcc0cc3013ea2916fc8215a84e8b47a5ec7b733bbe414c57629e507ab89f50ba.png
bcd7714babe4f858e259eed0e70e17d69a85bb94e9857e207354a3cc92afc061,0,data/packed_images/benign_packed/bcd7714babe4f858e259eed0e70e17d69a85bb94e9857e207354a3cc92afc061.png
bcf9e57cb3b2d58d6287826670718b8e096650717f76f044a3e3023747fdc640,0,data/packed_images/benign_packed/bcf9e57cb3b2d58d6287826670718b8e096650717f76f044a3e3023747fdc640.png
bd026799d0d8c970bb24b71d99afffab3461ac55e4258a5909d0dcf9afa96fc6,0,data/packed_images/benign_packed/bd026799d0d8c970bb24b71d99afffab3461ac55e4258a5909d0dcf9afa96fc6.png
bd06f8f4f80ced63947855f31b45643655ad62099ebf7f894e6e40654be70021,0,data/packed_images/benign_packed/bd06f8f4f80ced63947855f31b45643655ad62099ebf7f894e6e40654be70021.png
bd275f25b96e610bc657eae9b8b166defd7e1ec2d6d86f72127eab7a56319045,0,data/packed_images/benign_packed/bd275f25b96e610bc657eae9b8b166defd7e1ec2d6d86f72127eab7a56319045.png
bd29d2b1f930e4b660adf71606d1b9634188b7160a704a8d140cadafb46e1e56,0,data/packed_images/benign_packed/bd29d2b1f930e4b660adf71606d1b9634188b7160a704a8d140cadafb46e1e56.png
bd516e70b28ad5a2c311a704af5ad66eb600d5a26e46e543ded6627dc8befc2e,0,data/packed_images/benign_packed/bd516e70b28ad5a2c311a704af5ad66eb600d5a26e46e543ded6627dc8befc2e.png
bd60c15b22e211664a6af3d254dccddc5d421ff1595846d33327da5332685a7b,0,data/packed_images/benign_packed/bd60c15b22e211664a6af3d254dccddc5d421ff1595846d33327da5332685a7b.png
bd7a99c9546cb96972a0791127f98fd790de0408b693e73be5f3930fffeb8132,0,data/packed_images/benign_packed/bd7a99c9546cb96972a0791127f98fd790de0408b693e73be5f3930fffeb8132.png
bd81cf5c9b127519dbeb284e699e9d7545ee1130e655fd6a4e66b959e9d9aaac,0,data/packed_images/benign_packed/bd81cf5c9b127519dbeb284e699e9d7545ee1130e655fd6a4e66b959e9d9aaac.png
bd9e07bbc62ce82dbc30c23069a17fbfa17f1c26a9c19e50fe754d494e6cd0b1,0,data/packed_images/benign_packed/bd9e07bbc62ce82dbc30c23069a17fbfa17f1c26a9c19e50fe754d494e6cd0b1.png
bdb3ef3710cd4a0d97fa98d616a8b770c422bb2346193a3c77b6d0ccffa090a9,0,data/packed_images/benign_packed/bdb3ef3710cd4a0d97fa98d616a8b770c422bb2346193a3c77b6d0ccffa090a9.png
bdc5e7b7f5eea86613fbbfa1cb704cd13f86d6ebe9a8324f5405a1096772c717,0,data/packed_images/benign_packed/bdc5e7b7f5eea86613fbbfa1cb704cd13f86d6ebe9a8324f5405a1096772c717.png
bdc6bd27de16a8e449eb3d11c4d4b793194fcec6518297ecef5855c96df49d69,0,data/packed_images/benign_packed/bdc6bd27de16a8e449eb3d11c4d4b793194fcec6518297ecef5855c96df49d69.png
bdcb940b3f2b6143a09200628e1d14fd54124c75abc1931baf2f8235fe2dcd77,0,data/packed_images/benign_packed/bdcb940b3f2b6143a09200628e1d14fd54124c75abc1931baf2f8235fe2dcd77.png
bde3157983df5b0d3cf5e66574b9c1b0a58dc8b762e6e2e3eb146aa21f10d663,0,data/packed_images/benign_packed/bde3157983df5b0d3cf5e66574b9c1b0a58dc8b762e6e2e3eb146aa21f10d663.png
bdeff15f8ed3e8866b8a032bf4d1176fc671112a70eb0cf11e2f96f54d2a2008,0,data/packed_images/benign_packed/bdeff15f8ed3e8866b8a032bf4d1176fc671112a70eb0cf11e2f96f54d2a2008.png
bdfa725ec2a2c8ea5861d9b4c2f608e631a183fca7916c1e07a28b656cc8ec0c,0,data/packed_images/benign_packed/bdfa725ec2a2c8ea5861d9b4c2f608e631a183fca7916c1e07a28b656cc8ec0c.png
be011da2f1ff875d0782e474cfbc5605be8ad67187121001d8916115fa7c7290,0,data/packed_images/benign_packed/be011da2f1ff875d0782e474cfbc5605be8ad67187121001d8916115fa7c7290.png
be1f32400617e4191bb5345351123c56865437aa36f0a084de192870ee8597b2,0,data/packed_images/benign_packed/be1f32400617e4191bb5345351123c56865437aa36f0a084de192870ee8597b2.png
be2897386d1fc215a86d3d1343564e262641751bd846559b0ed8f3fba77cb102,0,data/packed_images/benign_packed/be2897386d1fc215a86d3d1343564e262641751bd846559b0ed8f3fba77cb102.png
be3901252d36d7ca9a0b65301f21631e31636c94f9578dc29f7529389a3b43c2,0,data/packed_images/benign_packed/be3901252d36d7ca9a0b65301f21631e31636c94f9578dc29f7529389a3b43c2.png
be45bf94be32e9cf2cdc32d3f5b749cc2f5427b29004ea1ad9a11ae8b21bc842,0,data/packed_images/benign_packed/be45bf94be32e9cf2cdc32d3f5b749cc2f5427b29004ea1ad9a11ae8b21bc842.png
be55c65c0008b2e9f623ca7f3c57788367658d9defde6d16821fa6d55a4aa853,0,data/packed_images/benign_packed/be55c65c0008b2e9f623ca7f3c57788367658d9defde6d16821fa6d55a4aa853.png
be5b4ddf5750ba6f716f0b0424d69b591cc27a7fecdb350f48f31dffdebba72c,0,data/packed_images/benign_packed/be5b4ddf5750ba6f716f0b0424d69b591cc27a7fecdb350f48f31dffdebba72c.png
be6014049363443093c9d9cf9bf66336c820e38406b307c29120f3cceffa5f94,0,data/packed_images/benign_packed/be6014049363443093c9d9cf9bf66336c820e38406b307c29120f3cceffa5f94.png
be698793a51821501c5aa0b066d4fc02e943231adafb48f2edbeeb66d462cb01,0,data/packed_images/benign_packed/be698793a51821501c5aa0b066d4fc02e943231adafb48f2edbeeb66d462cb01.png
be6992601a40a80e3cc35859132bf81afda880da575b20d3e44bf69d338cd2c4,0,data/packed_images/benign_packed/be6992601a40a80e3cc35859132bf81afda880da575b20d3e44bf69d338cd2c4.png
be7e8f0b8cfcb76d945d0aa08fa88c271fe1a43dafd84075e32a6259fd85a171,0,data/packed_images/benign_packed/be7e8f0b8cfcb76d945d0aa08fa88c271fe1a43dafd84075e32a6259fd85a171.png
be847e6a37f8736c3970080a0602c7e9d9fba88a1fd072e74bd2283385015873,0,data/packed_images/benign_packed/be847e6a37f8736c3970080a0602c7e9d9fba88a1fd072e74bd2283385015873.png
bea016b2af9724c3f8e123a79e3b44abf59ee0669e7ef20cc3a9b4320e67ff7f,0,data/packed_images/benign_packed/bea016b2af9724c3f8e123a79e3b44abf59ee0669e7ef20cc3a9b4320e67ff7f.png
beb80fe078d9edb3058f160ab2c28156501cd4dc940daca6c4481e999810bd4a,0,data/packed_images/benign_packed/beb80fe078d9edb3058f160ab2c28156501cd4dc940daca6c4481e999810bd4a.png
bec512150b97ff91ca31871134364d9d849c66a321190c88211e3cc24812555c,0,data/packed_images/benign_packed/bec512150b97ff91ca31871134364d9d849c66a321190c88211e3cc24812555c.png
becfdcd6b16523573cb52df87aa7d993f1b345ba903d0618c3b36535c3800197,0,data/packed_images/benign_packed/becfdcd6b16523573cb52df87aa7d993f1b345ba903d0618c3b36535c3800197.png
bf0e887d0057745b2bd3225f74d50545a38c94b7e7f3fd96d7ad24ee1146f2de,0,data/packed_images/benign_packed/bf0e887d0057745b2bd3225f74d50545a38c94b7e7f3fd96d7ad24ee1146f2de.png
bf108490b438fbb46db2f4e3b9d7e9d39b418d694dfbf4ddea456430d3d065c1,0,data/packed_images/benign_packed/bf108490b438fbb46db2f4e3b9d7e9d39b418d694dfbf4ddea456430d3d065c1.png
bf1506afe2ef3008f32f1754092c8ba99896373ed0ceca6149e4f617bad2ad57,0,data/packed_images/benign_packed/bf1506afe2ef3008f32f1754092c8ba99896373ed0ceca6149e4f617bad2ad57.png
bf1e740edc32e220ec48d027ea44fbe604a83064307a3585e8b9507ae49e2ba7,0,data/packed_images/benign_packed/bf1e740edc32e220ec48d027ea44fbe604a83064307a3585e8b9507ae49e2ba7.png
bf1f32a3aaa946bb295b182c14482721dfb431e1c4e5622b6f4207f3b5c3d9e0,0,data/packed_images/benign_packed/bf1f32a3aaa946bb295b182c14482721dfb431e1c4e5622b6f4207f3b5c3d9e0.png
bf2421c959d96b924a732ef4670978814c578ca552fc34051b954ca701d296c3,0,data/packed_images/benign_packed/bf2421c959d96b924a732ef4670978814c578ca552fc34051b954ca701d296c3.png
bf2fce0c30f89406d8bcec5931fef2a6627e49660619973e49120f1dce1752ae,0,data/packed_images/benign_packed/bf2fce0c30f89406d8bcec5931fef2a6627e49660619973e49120f1dce1752ae.png
bf2fefaff7fd4775ea1e07328cc3142721943948f16d261fb82cbd978b7f99e2,0,data/packed_images/benign_packed/bf2fefaff7fd4775ea1e07328cc3142721943948f16d261fb82cbd978b7f99e2.png
bf3fb84664f4097f1a8a9bc71a51dcf8cf1a905d4080a4d290da1730866e856f,0,data/packed_images/benign_packed/bf3fb84664f4097f1a8a9bc71a51dcf8cf1a905d4080a4d290da1730866e856f.png
bf463b7ee2235f351309b5fd790f514acf2b55a4a1f90222f7479024cc28fc34,0,data/packed_images/benign_packed/bf463b7ee2235f351309b5fd790f514acf2b55a4a1f90222f7479024cc28fc34.png
bf4fd6dd1f51a128e14f274235fdb1a09c281ac09d5577e43d27283abe8c20ba,0,data/packed_images/benign_packed/bf4fd6dd1f51a128e14f274235fdb1a09c281ac09d5577e43d27283abe8c20ba.png
bf59b232d96ddffc5e4a31b8d0ad9773e2b61fd81f728f675d606b23ad3b0142,0,data/packed_images/benign_packed/bf59b232d96ddffc5e4a31b8d0ad9773e2b61fd81f728f675d606b23ad3b0142.png
bf76516a5390fd2a0576ed01aaec3a8433c0287a3bfb5d3d42e2b5e935f9f6ad,0,data/packed_images/benign_packed/bf76516a5390fd2a0576ed01aaec3a8433c0287a3bfb5d3d42e2b5e935f9f6ad.png
bf86a5eacefd565c673b90cfbd1b476f96c24d1bb913a5f755c58358b34583da,0,data/packed_images/benign_packed/bf86a5eacefd565c673b90cfbd1b476f96c24d1bb913a5f755c58358b34583da.png
bf9d77c004e132eb1f60f60909f25452ef24ef788409c94c2cb564aea4bbc139,0,data/packed_images/benign_packed/bf9d77c004e132eb1f60f60909f25452ef24ef788409c94c2cb564aea4bbc139.png
bfa194b4c7474ff5e800095be893562f5e82947e3b173693e7655ca0bd783b7b,0,data/packed_images/benign_packed/bfa194b4c7474ff5e800095be893562f5e82947e3b173693e7655ca0bd783b7b.png
bfad5aef4c63a669e3c140655cdfdf395b6c979b400a447bd5dcb65ed8826c3d,0,data/packed_images/benign_packed/bfad5aef4c63a669e3c140655cdfdf395b6c979b400a447bd5dcb65ed8826c3d.png
bfb519827a549a0027924fca2a2b4122a75c3bbcb3fb0cf9be20f31e67ac4ab8,0,data/packed_images/benign_packed/bfb519827a549a0027924fca2a2b4122a75c3bbcb3fb0cf9be20f31e67ac4ab8.png
bfd212e78b058423da320592dd78766e41462ffa410010cce99d6c31f7c25bde,0,data/packed_images/benign_packed/bfd212e78b058423da320592dd78766e41462ffa410010cce99d6c31f7c25bde.png
bfd9083f54e897e4f40c996dc576522b88a03902d942b9df7ec70eb29dc1eec3,0,data/packed_images/benign_packed/bfd9083f54e897e4f40c996dc576522b88a03902d942b9df7ec70eb29dc1eec3.png
bfdc25d136d5461d6e56d42f96adf6ef19a2f93928c828cefb353f7ebe8e1628,0,data/packed_images/benign_packed/bfdc25d136d5461d6e56d42f96adf6ef19a2f93928c828cefb353f7ebe8e1628.png
bfe689c68b0d786c674cc6a42f9a7b83de7c5d48c007856896affade6623f44f,0,data/packed_images/benign_packed/bfe689c68b0d786c674cc6a42f9a7b83de7c5d48c007856896affade6623f44f.png
bfedab2783cdd3baf61bc5f2983f952aea7eaf06302fcec41c6babe469ef798d,0,data/packed_images/benign_packed/bfedab2783cdd3baf61bc5f2983f952aea7eaf06302fcec41c6babe469ef798d.png
c002a109ecc7664e4d619670875388c5362eb7ffe130975af9eeb520d8616d42,0,data/packed_images/benign_packed/c002a109ecc7664e4d619670875388c5362eb7ffe130975af9eeb520d8616d42.png
c00dac701d44c86719d96eebfd8159b7ddfd7a6b090d834fd310e91d0bd674f3,0,data/packed_images/benign_packed/c00dac701d44c86719d96eebfd8159b7ddfd7a6b090d834fd310e91d0bd674f3.png
c016a668492cd5eb015b408aa94b4700e13dbb7ec3ea239c61c4abf11d3cd717,0,data/packed_images/benign_packed/c016a668492cd5eb015b408aa94b4700e13dbb7ec3ea239c61c4abf11d3cd717.png
c02663f1a04c41218229e52b82664e576b84a9b2cd98da544f364b895d8ade3d,0,data/packed_images/benign_packed/c02663f1a04c41218229e52b82664e576b84a9b2cd98da544f364b895d8ade3d.png
c033d696a56947fdc365320b1c7e1d8bc7e444591743db556f3aadf987b84f43,0,data/packed_images/benign_packed/c033d696a56947fdc365320b1c7e1d8bc7e444591743db556f3aadf987b84f43.png
c03552350323144eb3b6c1418fd1f3b04e71d078b0bc60bdbe81ab863995b1d1,0,data/packed_images/benign_packed/c03552350323144eb3b6c1418fd1f3b04e71d078b0bc60bdbe81ab863995b1d1.png
c0689c2bbed77cd0595e7af9ec42a0d49d8d5af1cdab736f16dd24bb95df123b,0,data/packed_images/benign_packed/c0689c2bbed77cd0595e7af9ec42a0d49d8d5af1cdab736f16dd24bb95df123b.png
c07621091415f35aad91521e0c7dbc6862fb6e8b449f50cda4bfb1a2ba7b9178,0,data/packed_images/benign_packed/c07621091415f35aad91521e0c7dbc6862fb6e8b449f50cda4bfb1a2ba7b9178.png
c097a33ffc261e1c653df3576cc987433cb6856fb7fd7170b85174fe648efe7e,0,data/packed_images/benign_packed/c097a33ffc261e1c653df3576cc987433cb6856fb7fd7170b85174fe648efe7e.png
c0c18d7edea1ed88a6f83d18af477f4128fb7c1f7399ef79100213ac913443df,0,data/packed_images/benign_packed/c0c18d7edea1ed88a6f83d18af477f4128fb7c1f7399ef79100213ac913443df.png
c0ce9b88e6e60e6b9406f2b04d8771d7b2bcbfbcc1c572bdefc4ca4c1d9cb8f3,0,data/packed_images/benign_packed/c0ce9b88e6e60e6b9406f2b04d8771d7b2bcbfbcc1c572bdefc4ca4c1d9cb8f3.png
c10a01e7fa4f2ab44767c48b5b05cc285c7ffb242f5355d2e276e41ce26f0db8,0,data/packed_images/benign_packed/c10a01e7fa4f2ab44767c48b5b05cc285c7ffb242f5355d2e276e41ce26f0db8.png
c12f0ab0338eb5031d3d04beaf7208ac848f7e037d21ff963d2af90221cbe935,0,data/packed_images/benign_packed/c12f0ab0338eb5031d3d04beaf7208ac848f7e037d21ff963d2af90221cbe935.png
c143b5cf5dea20b131fbc12c19a83adf8bd040e0178d0fede4835c86b5d1813a,0,data/packed_images/benign_packed/c143b5cf5dea20b131fbc12c19a83adf8bd040e0178d0fede4835c86b5d1813a.png
c153afeba32d1285fef19ee6f92ffa8ebc8055fd0008e4d36dc6faaabb8b4ece,0,data/packed_images/benign_packed/c153afeba32d1285fef19ee6f92ffa8ebc8055fd0008e4d36dc6faaabb8b4ece.png
c15776a93f43718f722690bc43c7d60c9f772692f53e6c908e0a1fb5d2068a03,0,data/packed_images/benign_packed/c15776a93f43718f722690bc43c7d60c9f772692f53e6c908e0a1fb5d2068a03.png
c169c14fe8865b8358406c7923862a308cf5ffd771b8d2279cd471e75d27cde8,0,data/packed_images/benign_packed/c169c14fe8865b8358406c7923862a308cf5ffd771b8d2279cd471e75d27cde8.png
c16c69b9d0b1b9265b707b626548b0b12c2a219c2c27f064b8ff7edbfd330672,0,data/packed_images/benign_packed/c16c69b9d0b1b9265b707b626548b0b12c2a219c2c27f064b8ff7edbfd330672.png
c17ee0215ab8bc0a48675a9f5e7e8c2b53cd1d6a2425a261ccb2eb3091cf7592,0,data/packed_images/benign_packed/c17ee0215ab8bc0a48675a9f5e7e8c2b53cd1d6a2425a261ccb2eb3091cf7592.png
c183e44e60759720013c1bff8400a6f0c98a8fc84343c18d6ed3d5c1a4369a48,0,data/packed_images/benign_packed/c183e44e60759720013c1bff8400a6f0c98a8fc84343c18d6ed3d5c1a4369a48.png
c194c06ce57874dbdcf0eba18af91c816827f77db19a42a9fc1e0bec81eb27c8,0,data/packed_images/benign_packed/c194c06ce57874dbdcf0eba18af91c816827f77db19a42a9fc1e0bec81eb27c8.png
c19ef5e0fc2de4207800c3e7642cb18a2bf65ec8b7bc1833922c2bd4bc8bfa8e,0,data/packed_images/benign_packed/c19ef5e0fc2de4207800c3e7642cb18a2bf65ec8b7bc1833922c2bd4bc8bfa8e.png
c1a18bc5ef90c9004067c97c6e2b98221fa61b99f03286d0ebb690d5b708ea36,0,data/packed_images/benign_packed/c1a18bc5ef90c9004067c97c6e2b98221fa61b99f03286d0ebb690d5b708ea36.png
c1a3c003814cb64bb89c0ac1fb3f5a00149d647de142c8c55818ce268bbdd235,0,data/packed_images/benign_packed/c1a3c003814cb64bb89c0ac1fb3f5a00149d647de142c8c55818ce268bbdd235.png
c1aa1ff51efc262c25409044368405f359c5b54315ceefa292e95d03b38613d9,0,data/packed_images/benign_packed/c1aa1ff51efc262c25409044368405f359c5b54315ceefa292e95d03b38613d9.png
c1b110de45b4ca214ceef11b8d347e0400a182442e09baa662ada6c1cd93e1b7,0,data/packed_images/benign_packed/c1b110de45b4ca214ceef11b8d347e0400a182442e09baa662ada6c1cd93e1b7.png
c1b87a0856f66646b477457184a8bf2a21c18271c140a6156074e877ee13ef26,0,data/packed_images/benign_packed/c1b87a0856f66646b477457184a8bf2a21c18271c140a6156074e877ee13ef26.png
c1bf44e4469a2ce4554c53f278f10beda239dab84c161d2efe66f979530ea6ac,0,data/packed_images/benign_packed/c1bf44e4469a2ce4554c53f278f10beda239dab84c161d2efe66f979530ea6ac.png
c1c4d31205daebb7d85e58c651412793cecce8fc0d3dec4739b330ffa822b551,0,data/packed_images/benign_packed/c1c4d31205daebb7d85e58c651412793cecce8fc0d3dec4739b330ffa822b551.png
c1e37f085c8ba73db205a3476f3f6a16a0a913a932aa88090754155823293f45,0,data/packed_images/benign_packed/c1e37f085c8ba73db205a3476f3f6a16a0a913a932aa88090754155823293f45.png
c1e92d7ebecd706c7bb6c2785461e380263fd5dd89f88270f4b7e6a8f72c8659,0,data/packed_images/benign_packed/c1e92d7ebecd706c7bb6c2785461e380263fd5dd89f88270f4b7e6a8f72c8659.png
c1ebc67ea5e6f6e1b7513181063f95fb1a59fd21ff0bfe1aaf5950a7db427204,0,data/packed_images/benign_packed/c1ebc67ea5e6f6e1b7513181063f95fb1a59fd21ff0bfe1aaf5950a7db427204.png
c2017488f50cef69a54e655e1c176ca774caee7c83b45cb272b73ae1825a5726,0,data/packed_images/benign_packed/c2017488f50cef69a54e655e1c176ca774caee7c83b45cb272b73ae1825a5726.png
c2118daf998c3dfc9dc59e8196289c328dd5826fdf88604f4d93eab2d58fdef8,0,data/packed_images/benign_packed/c2118daf998c3dfc9dc59e8196289c328dd5826fdf88604f4d93eab2d58fdef8.png
c22a588cc78091edad89bcc8f76263ebdc5f23103bbd412fe4c8e1cc47afbd3f,0,data/packed_images/benign_packed/c22a588cc78091edad89bcc8f76263ebdc5f23103bbd412fe4c8e1cc47afbd3f.png
c23b046b849e52a4229261d5ef52b0cedf3a85a2f84d32c6f571bf20ac9fa707,0,data/packed_images/benign_packed/c23b046b849e52a4229261d5ef52b0cedf3a85a2f84d32c6f571bf20ac9fa707.png
c241660c7950a15f58238179810df6908a77461ffa7ed10a3581be2442188758,0,data/packed_images/benign_packed/c241660c7950a15f58238179810df6908a77461ffa7ed10a3581be2442188758.png
c26454ae6cb15db18e5670a533734b74cee4ac57972b945b21cf6399acb564e0,0,data/packed_images/benign_packed/c26454ae6cb15db18e5670a533734b74cee4ac57972b945b21cf6399acb564e0.png
c282d72161e90e718df21f53c63fe68ae6d00180620db630cecd45c06f505b45,0,data/packed_images/benign_packed/c282d72161e90e718df21f53c63fe68ae6d00180620db630cecd45c06f505b45.png
c28aaa24e26ad5c1b94360cbee8e7ddd404ab3e82d58a73b363437e0fdcfdcea,0,data/packed_images/benign_packed/c28aaa24e26ad5c1b94360cbee8e7ddd404ab3e82d58a73b363437e0fdcfdcea.png
c28ad9151e7597a5bd1514d68a69b028d6172c188165933f4b1a7576e2b46c05,0,data/packed_images/benign_packed/c28ad9151e7597a5bd1514d68a69b028d6172c188165933f4b1a7576e2b46c05.png
c28b46774bfe23e6992d0f855b77a3bfa698785f1f365cecd5ebf188edefd209,0,data/packed_images/benign_packed/c28b46774bfe23e6992d0f855b77a3bfa698785f1f365cecd5ebf188edefd209.png
c2a113d9284ccd781346d5b4635537343ac74d897b5ef255bf15da4402ffaf83,0,data/packed_images/benign_packed/c2a113d9284ccd781346d5b4635537343ac74d897b5ef255bf15da4402ffaf83.png
c2afb060320b016f4ea2ed26b9545e7a92aa920ab6d5f432b785b60a9bb46452,0,data/packed_images/benign_packed/c2afb060320b016f4ea2ed26b9545e7a92aa920ab6d5f432b785b60a9bb46452.png
c2ccb84c672a9d8966e82a28005a4269886ee304972ac3590c0b8a9c1622a3d8,0,data/packed_images/benign_packed/c2ccb84c672a9d8966e82a28005a4269886ee304972ac3590c0b8a9c1622a3d8.png
c2d1e219d08f79d3ded03b3bf38291be834f46838966606d7c107c5b12d23923,0,data/packed_images/benign_packed/c2d1e219d08f79d3ded03b3bf38291be834f46838966606d7c107c5b12d23923.png
c2d2f2d749503a78dc73cb44378085872bd1f9f063569731d520ea835c0d417e,0,data/packed_images/benign_packed/c2d2f2d749503a78dc73cb44378085872bd1f9f063569731d520ea835c0d417e.png
c2d87a5cc868aa96f697ae2a7321d8048efabc55cd790b99bd0349590e862d9d,0,data/packed_images/benign_packed/c2d87a5cc868aa96f697ae2a7321d8048efabc55cd790b99bd0349590e862d9d.png
c300664a3a8ad5c31439265ff90f60e9fd8a2b3f94a47b61785c2df886778d8d,0,data/packed_images/benign_packed/c300664a3a8ad5c31439265ff90f60e9fd8a2b3f94a47b61785c2df886778d8d.png
c30f9ef383269efa1ee0716749887294da5f98d799599bca36d80bfa221bc5f2,0,data/packed_images/benign_packed/c30f9ef383269efa1ee0716749887294da5f98d799599bca36d80bfa221bc5f2.png
c31219a2f67f5c5440349541d089f21f605d437869a1ccf8915ff2c395df1121,0,data/packed_images/benign_packed/c31219a2f67f5c5440349541d089f21f605d437869a1ccf8915ff2c395df1121.png
c31eaf4180f40bb71c97a92381dd22b900b164739a6510ac20bdf859e56e2a78,0,data/packed_images/benign_packed/c31eaf4180f40bb71c97a92381dd22b900b164739a6510ac20bdf859e56e2a78.png
c333ab6bd97f538cef83db77ee9625adb7d4f5a0a8f3b6d53c7f7fca55624736,0,data/packed_images/benign_packed/c333ab6bd97f538cef83db77ee9625adb7d4f5a0a8f3b6d53c7f7fca55624736.png
c341174f86d7fb665403d8581d8f3cc74bd98ed529bb957075c1882c4a9c6244,0,data/packed_images/benign_packed/c341174f86d7fb665403d8581d8f3cc74bd98ed529bb957075c1882c4a9c6244.png
c34cc55cb45a4721c16e724df45e21f772506e463d7ef79fd67d4db412973b7c,0,data/packed_images/benign_packed/c34cc55cb45a4721c16e724df45e21f772506e463d7ef79fd67d4db412973b7c.png
c350e6fb28718f362fbf1af5388a69f907f53de1cfac72f0dc03280bfcbd6f89,0,data/packed_images/benign_packed/c350e6fb28718f362fbf1af5388a69f907f53de1cfac72f0dc03280bfcbd6f89.png
c35b6d88d330764b0074658a0b4b0e021eb47007a9470e9e122d25326a619b74,0,data/packed_images/benign_packed/c35b6d88d330764b0074658a0b4b0e021eb47007a9470e9e122d25326a619b74.png
c36f5c0ac5d91a8417866dd4d8c670c2192ba83364693e7438282fb8678c3d1e,0,data/packed_images/benign_packed/c36f5c0ac5d91a8417866dd4d8c670c2192ba83364693e7438282fb8678c3d1e.png
c372369ede10c6ee658e1a941b884f62baf937d2b5fb0dc3b67b6f2d52ec9b45,0,data/packed_images/benign_packed/c372369ede10c6ee658e1a941b884f62baf937d2b5fb0dc3b67b6f2d52ec9b45.png
c379dab72112b0bf2fb53461970b4ecb36b0c6269f97320eb3c06885806e9cb7,0,data/packed_images/benign_packed/c379dab72112b0bf2fb53461970b4ecb36b0c6269f97320eb3c06885806e9cb7.png
c38aa3a15f6993775bd91e8411e3350bdf15b8a20ed49bd4267ebde55e25d67f,0,data/packed_images/benign_packed/c38aa3a15f6993775bd91e8411e3350bdf15b8a20ed49bd4267ebde55e25d67f.png
c3c20e4281e2a54756593246ecca10c1e9be2093af140abec0c0f2a54b8b6fc9,0,data/packed_images/benign_packed/c3c20e4281e2a54756593246ecca10c1e9be2093af140abec0c0f2a54b8b6fc9.png
c3e47de6723d353e2b2a37eab42c6a7c1353e36521044aa0a7738d0e27bec8ab,0,data/packed_images/benign_packed/c3e47de6723d353e2b2a37eab42c6a7c1353e36521044aa0a7738d0e27bec8ab.png
c3e5159ab4582f5bf0468dc1a72a3f66ae350ef2957e1e348ce3548e0f68b28b,0,data/packed_images/benign_packed/c3e5159ab4582f5bf0468dc1a72a3f66ae350ef2957e1e348ce3548e0f68b28b.png
c3e6c378a2d1a523c3fdc6512a881372c69e483a2f88925e881928649e4fc4a7,0,data/packed_images/benign_packed/c3e6c378a2d1a523c3fdc6512a881372c69e483a2f88925e881928649e4fc4a7.png
c403aa97ab1ff9d446a533d65bb2ee68436d93457ef05de1eab7e5cd06c6e9d8,0,data/packed_images/benign_packed/c403aa97ab1ff9d446a533d65bb2ee68436d93457ef05de1eab7e5cd06c6e9d8.png
c40f00822749fafa92327a637f20e209ce94100b29e921f5bbbd1546427b47a3,0,data/packed_images/benign_packed/c40f00822749fafa92327a637f20e209ce94100b29e921f5bbbd1546427b47a3.png
c43488ad85ed37e4e1ac0049b7680b226784b6f34a6f8873765e995f1b08b999,0,data/packed_images/benign_packed/c43488ad85ed37e4e1ac0049b7680b226784b6f34a6f8873765e995f1b08b999.png
c43f4af00d6bd8d245248522eda74521180c12e1d4a41db93f0261a26446a305,0,data/packed_images/benign_packed/c43f4af00d6bd8d245248522eda74521180c12e1d4a41db93f0261a26446a305.png
c457ba36891aa3a5563c7bee0f7abe8eebf0ed61d8f7bc3ec1e04ae079afdc52,0,data/packed_images/benign_packed/c457ba36891aa3a5563c7bee0f7abe8eebf0ed61d8f7bc3ec1e04ae079afdc52.png
c46992815ec208b0c4107f208566dfb5720cd846e923864c22a61fc8b3e2340d,0,data/packed_images/benign_packed/c46992815ec208b0c4107f208566dfb5720cd846e923864c22a61fc8b3e2340d.png
c48e413f67204c5cb95fe511601460695666070586efc2370b1a72ec96ee139c,0,data/packed_images/benign_packed/c48e413f67204c5cb95fe511601460695666070586efc2370b1a72ec96ee139c.png
c4ae88c9eb48d63b23560f2e5babbdbf129e3787127688d5383415bbc7347b59,0,data/packed_images/benign_packed/c4ae88c9eb48d63b23560f2e5babbdbf129e3787127688d5383415bbc7347b59.png
c4b7bb0cb923feccfa3e54e8ebeb055399f4c043062863a61d246cdd4f45b56f,0,data/packed_images/benign_packed/c4b7bb0cb923feccfa3e54e8ebeb055399f4c043062863a61d246cdd4f45b56f.png
c4c04a57dbc9c1c943924019f8c60cc6b8120ab822a7f885889c79194eaa1ad3,0,data/packed_images/benign_packed/c4c04a57dbc9c1c943924019f8c60cc6b8120ab822a7f885889c79194eaa1ad3.png
c4c5ed8d141a012a2191091a335cb1ee4caf05590004d90a82cad8bea4ce6e76,0,data/packed_images/benign_packed/c4c5ed8d141a012a2191091a335cb1ee4caf05590004d90a82cad8bea4ce6e76.png
c4cfdabd06fbd7e6e96f404589437239bcc10068db3a6efe317083dd140d1b64,0,data/packed_images/benign_packed/c4cfdabd06fbd7e6e96f404589437239bcc10068db3a6efe317083dd140d1b64.png
c4d4339df314a27ff75a38967b7569d9962337b8d4cd4b0db3aba5ff72b2bfbb,0,data/packed_images/benign_packed/c4d4339df314a27ff75a38967b7569d9962337b8d4cd4b0db3aba5ff72b2bfbb.png
c4ea0e0f9d226ebff668b860a1fa06e82476d1b8eff9521c241ad6eb229b1147,0,data/packed_images/benign_packed/c4ea0e0f9d226ebff668b860a1fa06e82476d1b8eff9521c241ad6eb229b1147.png
c511cc1e659ab770b9d991e4fb2c927c91b3bbc11fc0bcd110126c8e39c4fc2c,0,data/packed_images/benign_packed/c511cc1e659ab770b9d991e4fb2c927c91b3bbc11fc0bcd110126c8e39c4fc2c.png
c5225c5ec6de33ef82cd4708a202ba704296c2c9fc64fd21d6f56a361a540984,0,data/packed_images/benign_packed/c5225c5ec6de33ef82cd4708a202ba704296c2c9fc64fd21d6f56a361a540984.png
c5291bd0807627c31f80021ad79ed019b30c885df9d955a3b31c33d6a0089ff9,0,data/packed_images/benign_packed/c5291bd0807627c31f80021ad79ed019b30c885df9d955a3b31c33d6a0089ff9.png
c54b6b43f652e5b95cd1f8583dc38892de49ff94630c75188f8022292ee0acca,0,data/packed_images/benign_packed/c54b6b43f652e5b95cd1f8583dc38892de49ff94630c75188f8022292ee0acca.png
c54fd3f9fa97ab4dc36cce4295b0dcca68633ec71b862d765c67c8d60edf2b49,0,data/packed_images/benign_packed/c54fd3f9fa97ab4dc36cce4295b0dcca68633ec71b862d765c67c8d60edf2b49.png
c54fdd83d88404a62eb945b862e13979481526d2af7a97abc92c50ecd06d4f70,0,data/packed_images/benign_packed/c54fdd83d88404a62eb945b862e13979481526d2af7a97abc92c50ecd06d4f70.png
c5723243eb737b88fb1ce0a6a1cadead326dbb98cc4c7cc9a31fa477de78e445,0,data/packed_images/benign_packed/c5723243eb737b88fb1ce0a6a1cadead326dbb98cc4c7cc9a31fa477de78e445.png
c596de2ab8394fb62538fef0b4657317f4ead50a6d798c5d066e25e334576c27,0,data/packed_images/benign_packed/c596de2ab8394fb62538fef0b4657317f4ead50a6d798c5d066e25e334576c27.png
c59d8ce209076b913d77b06cc6999b3c72856b8e5fe424ea1cf3baaa898860c4,0,data/packed_images/benign_packed/c59d8ce209076b913d77b06cc6999b3c72856b8e5fe424ea1cf3baaa898860c4.png
c5a8e909214e4bbbe21591ea8d176dbcb520646b9eeb4cb0f4105f54d448a2a4,0,data/packed_images/benign_packed/c5a8e909214e4bbbe21591ea8d176dbcb520646b9eeb4cb0f4105f54d448a2a4.png
c5a9d45ff1d1e205b085a50d0af0241877ff7cc497d00eb30620027084557b56,0,data/packed_images/benign_packed/c5a9d45ff1d1e205b085a50d0af0241877ff7cc497d00eb30620027084557b56.png
c5b2c1f2a59bdbacf105006f84e978a15eace46ee74368ffe9b73479bb018785,0,data/packed_images/benign_packed/c5b2c1f2a59bdbacf105006f84e978a15eace46ee74368ffe9b73479bb018785.png
c5babf38646f2074681e4a53d9289f96b73dfc89bae73b2bf147748b7a6ed445,0,data/packed_images/benign_packed/c5babf38646f2074681e4a53d9289f96b73dfc89bae73b2bf147748b7a6ed445.png
c5cef09b69a727daef45b437d14a9e4cc05dc82901fb5843e2ad82bac1af384f,0,data/packed_images/benign_packed/c5cef09b69a727daef45b437d14a9e4cc05dc82901fb5843e2ad82bac1af384f.png
c5f0ff0b9d187056fe3421392242a5d72298e10d52662ee8eff67e6310bac4a5,0,data/packed_images/benign_packed/c5f0ff0b9d187056fe3421392242a5d72298e10d52662ee8eff67e6310bac4a5.png
c5f27089a3c3f65c69c3bdc1a2c19b046322c7cf2cba0a8f37af799ffce24d04,0,data/packed_images/benign_packed/c5f27089a3c3f65c69c3bdc1a2c19b046322c7cf2cba0a8f37af799ffce24d04.png
c5f69a258fc609d42e6d50903e9b4449027f4d332faa8daec04bdc3cb9286d4b,0,data/packed_images/benign_packed/c5f69a258fc609d42e6d50903e9b4449027f4d332faa8daec04bdc3cb9286d4b.png
c5fa570bede6399cb09681634777b30d24b0cf916aab382f31aa5d37ac6daa9e,0,data/packed_images/benign_packed/c5fa570bede6399cb09681634777b30d24b0cf916aab382f31aa5d37ac6daa9e.png
c60253e5f23916f5a4110997ab4c8cc3870215e6b1439362f8810687eb822806,0,data/packed_images/benign_packed/c60253e5f23916f5a4110997ab4c8cc3870215e6b1439362f8810687eb822806.png
c60298530e8a13cca637cbb83e5267c6379c60b1e70718fc4d070c52f53ad9d8,0,data/packed_images/benign_packed/c60298530e8a13cca637cbb83e5267c6379c60b1e70718fc4d070c52f53ad9d8.png
c617025de51763299fcfeb65a3ca54a455121588d790e67c4c6b9e49904783b6,0,data/packed_images/benign_packed/c617025de51763299fcfeb65a3ca54a455121588d790e67c4c6b9e49904783b6.png
c61d8618c1273e3269f4df3dffd10b60e21472c518805e909927f89bf2935a07,0,data/packed_images/benign_packed/c61d8618c1273e3269f4df3dffd10b60e21472c518805e909927f89bf2935a07.png
c64cad28af29589bf13a905f22d8a982284c49b10d466a4681b00108673358cd,0,data/packed_images/benign_packed/c64cad28af29589bf13a905f22d8a982284c49b10d466a4681b00108673358cd.png
c6671e11812401a0bbb342e2de2667c1396f4733c3f0a28ab71e0b109f3d6bd7,0,data/packed_images/benign_packed/c6671e11812401a0bbb342e2de2667c1396f4733c3f0a28ab71e0b109f3d6bd7.png
c67cf58289f9fe7b9372d490b1f4cb88b9cef8a1152eb888daf4406d822485e4,0,data/packed_images/benign_packed/c67cf58289f9fe7b9372d490b1f4cb88b9cef8a1152eb888daf4406d822485e4.png
c6813238af62153305a5614b708e90b2a6b96c554f5b27fa9d024845f2ca95bc,0,data/packed_images/benign_packed/c6813238af62153305a5614b708e90b2a6b96c554f5b27fa9d024845f2ca95bc.png
c68301117a5747213bf9fcfe3280ff8ef166f2db103749303a912cad095f7512,0,data/packed_images/benign_packed/c68301117a5747213bf9fcfe3280ff8ef166f2db103749303a912cad095f7512.png
c685b0a5c17cf8eb8c0b460103fa6881a0233b28f3af40e7ed3c4c88ac6bdc56,0,data/packed_images/benign_packed/c685b0a5c17cf8eb8c0b460103fa6881a0233b28f3af40e7ed3c4c88ac6bdc56.png
c69dd32446247fb8a33ef75f58a3ee009ac6ce9af01658b9759abfdb980b82c8,0,data/packed_images/benign_packed/c69dd32446247fb8a33ef75f58a3ee009ac6ce9af01658b9759abfdb980b82c8.png
c69f43746f62629792a71674c2cd312b7c6b445b57c8623dcb01d938c7247727,0,data/packed_images/benign_packed/c69f43746f62629792a71674c2cd312b7c6b445b57c8623dcb01d938c7247727.png
c6d17efae2d5c6fbd3786b099ecdbba355c63ea165e26e6850d6ffd853e409ed,0,data/packed_images/benign_packed/c6d17efae2d5c6fbd3786b099ecdbba355c63ea165e26e6850d6ffd853e409ed.png
c6d98704e18686481839a4abb67b8e40abf0e05f4046c97b2cf59f82ab708cb6,0,data/packed_images/benign_packed/c6d98704e18686481839a4abb67b8e40abf0e05f4046c97b2cf59f82ab708cb6.png
c6e8472ffc639ccd9c07e7f6954da9ae94779cb9a81acb11ed3588cdca1182b0,0,data/packed_images/benign_packed/c6e8472ffc639ccd9c07e7f6954da9ae94779cb9a81acb11ed3588cdca1182b0.png
c6ef550403b7d729c9df4c5d95774cfaf6bdb63912841cdc0c1765c86630fcef,0,data/packed_images/benign_packed/c6ef550403b7d729c9df4c5d95774cfaf6bdb63912841cdc0c1765c86630fcef.png
c714b53cfaa3e772994ebcfc8156305654caa0a7e2b5b8a318a85dbbb3987039,0,data/packed_images/benign_packed/c714b53cfaa3e772994ebcfc8156305654caa0a7e2b5b8a318a85dbbb3987039.png
c73050be7928a462dcb53ae3595fd4dd912e3da1ddfbcf69010d6acb85f943e7,0,data/packed_images/benign_packed/c73050be7928a462dcb53ae3595fd4dd912e3da1ddfbcf69010d6acb85f943e7.png
c74f6fa76944f237d76aaf40d8fdbfe835bdd5a43c1c09f9ba4cd28af8827fbb,0,data/packed_images/benign_packed/c74f6fa76944f237d76aaf40d8fdbfe835bdd5a43c1c09f9ba4cd28af8827fbb.png
c7593baffc5f6cfcb71805d9497619ad43fd31b985ed6b5496e95440756a7138,0,data/packed_images/benign_packed/c7593baffc5f6cfcb71805d9497619ad43fd31b985ed6b5496e95440756a7138.png
c787118694be0f10781fade2f42f45fc5207264deb7b2fb204d63492c3c7ea32,0,data/packed_images/benign_packed/c787118694be0f10781fade2f42f45fc5207264deb7b2fb204d63492c3c7ea32.png
c7919be431ce2fa1906ff9eeb19e4cb19a30a4680107ef8737ce894654b21a5a,0,data/packed_images/benign_packed/c7919be431ce2fa1906ff9eeb19e4cb19a30a4680107ef8737ce894654b21a5a.png
c7a4621dce77ccf65bea1df187ff84d258ccb8a20a79c3120c9c8585fa0aff7e,0,data/packed_images/benign_packed/c7a4621dce77ccf65bea1df187ff84d258ccb8a20a79c3120c9c8585fa0aff7e.png
c7ad419d5084785caae0c893220de08ca4c016fc5c0d3a45250b61264c826293,0,data/packed_images/benign_packed/c7ad419d5084785caae0c893220de08ca4c016fc5c0d3a45250b61264c826293.png
c7b38cce9e39f904080a01997029f25eed2dae5abeacae19f90edac0842d0e7b,0,data/packed_images/benign_packed/c7b38cce9e39f904080a01997029f25eed2dae5abeacae19f90edac0842d0e7b.png
c7d2298f925acb155efca3f522a60eef03d54e58c529b51fad0906cf67e31072,0,data/packed_images/benign_packed/c7d2298f925acb155efca3f522a60eef03d54e58c529b51fad0906cf67e31072.png
c7d38a53220fe59dc149cab51b94c5ceecd08761a5a65e4a82ea6a7826bc2281,0,data/packed_images/benign_packed/c7d38a53220fe59dc149cab51b94c5ceecd08761a5a65e4a82ea6a7826bc2281.png
c7d598210597f7514f5fe41975e63ae67ac562867bd91f8551723433fc73df89,0,data/packed_images/benign_packed/c7d598210597f7514f5fe41975e63ae67ac562867bd91f8551723433fc73df89.png
c7e0c6ac32af50d9fb77ef933b80a0ea704dc8de7b84f438f3fe9a696123363f,0,data/packed_images/benign_packed/c7e0c6ac32af50d9fb77ef933b80a0ea704dc8de7b84f438f3fe9a696123363f.png
c7e2dd173f4c53dca7c098e56a9c451b926033fbaf984924fce2a3bbbc9821a9,0,data/packed_images/benign_packed/c7e2dd173f4c53dca7c098e56a9c451b926033fbaf984924fce2a3bbbc9821a9.png
c7ff025596a90243cb7c803d1d831e7b5aaa271d340e58388547dd6eaa3c918b,0,data/packed_images/benign_packed/c7ff025596a90243cb7c803d1d831e7b5aaa271d340e58388547dd6eaa3c918b.png
c8138031537a27fd364f359d48db88485c4a0d668ed2983ff5f6edf0bffcd91f,0,data/packed_images/benign_packed/c8138031537a27fd364f359d48db88485c4a0d668ed2983ff5f6edf0bffcd91f.png
c81a21127232561a3f751fd19bd5d95069043106ab56567e0ce0136c3398af91,0,data/packed_images/benign_packed/c81a21127232561a3f751fd19bd5d95069043106ab56567e0ce0136c3398af91.png
c82312131076ac0a8310dd8555dc85f560e3554ca9bf758026e9c7afc4690ea5,0,data/packed_images/benign_packed/c82312131076ac0a8310dd8555dc85f560e3554ca9bf758026e9c7afc4690ea5.png
c831855bd407480c89610f657a3caadc2a5e87f2f73df0ec37c950c0748bf7ea,0,data/packed_images/benign_packed/c831855bd407480c89610f657a3caadc2a5e87f2f73df0ec37c950c0748bf7ea.png
c8471b7844f713e84934db93fdd897577c6554ce9175367f1c38f36e4cc68f2e,0,data/packed_images/benign_packed/c8471b7844f713e84934db93fdd897577c6554ce9175367f1c38f36e4cc68f2e.png
c86efc621cd81eb1f914d94f5e18d2405186f622878eea63ebf23938e9963b7f,0,data/packed_images/benign_packed/c86efc621cd81eb1f914d94f5e18d2405186f622878eea63ebf23938e9963b7f.png
c8a1fd23b831c97ecaaf88bd6bd7fc0f25cf17456c36ca08a9f2467414ddc610,0,data/packed_images/benign_packed/c8a1fd23b831c97ecaaf88bd6bd7fc0f25cf17456c36ca08a9f2467414ddc610.png
c8ad8f098bd877be27ed332654f43e94795fff88908c8cf43f1af495b9140443,0,data/packed_images/benign_packed/c8ad8f098bd877be27ed332654f43e94795fff88908c8cf43f1af495b9140443.png
c8b8984ebd9ee3d8b990d096ff8db1a926e9f9b91361ec10b1c40746f20bf80f,0,data/packed_images/benign_packed/c8b8984ebd9ee3d8b990d096ff8db1a926e9f9b91361ec10b1c40746f20bf80f.png
c8bd7bbcacade55c08a9fe5f4b9aa2533c6ba69fb540918b9d090a77b402e0e7,0,data/packed_images/benign_packed/c8bd7bbcacade55c08a9fe5f4b9aa2533c6ba69fb540918b9d090a77b402e0e7.png
c8d99c457a73c6a7a62f01956b02a4f5dc692e4157be1fe59b64b28a3143ba22,0,data/packed_images/benign_packed/c8d99c457a73c6a7a62f01956b02a4f5dc692e4157be1fe59b64b28a3143ba22.png
c912cf87c3e86faef0a72a2c215b5e27f1de009a21eb4ceb87d24ede8558422e,0,data/packed_images/benign_packed/c912cf87c3e86faef0a72a2c215b5e27f1de009a21eb4ceb87d24ede8558422e.png
c913edbd99eb9b97eeda4439ffa5f2a7422863c6033cce17f5143b01475666e9,0,data/packed_images/benign_packed/c913edbd99eb9b97eeda4439ffa5f2a7422863c6033cce17f5143b01475666e9.png
c914c29cf6e77236a9c48b2bb6ecd7fd7cf29dcd0c29d178c7cbce41e5c5c4e7,0,data/packed_images/benign_packed/c914c29cf6e77236a9c48b2bb6ecd7fd7cf29dcd0c29d178c7cbce41e5c5c4e7.png
c922d66e00527d66c8ecbbf8447fa2b819604a7127f8232c1ce1f18feca0168f,0,data/packed_images/benign_packed/c922d66e00527d66c8ecbbf8447fa2b819604a7127f8232c1ce1f18feca0168f.png
c93ef15b48b1132532e54bab858080829d92c701de44e0a6da38f037d5a9bf64,0,data/packed_images/benign_packed/c93ef15b48b1132532e54bab858080829d92c701de44e0a6da38f037d5a9bf64.png
c94c022aaad74f54b575bab6e92c2f822f9a74e722fca0eadb755fc27a60930d,0,data/packed_images/benign_packed/c94c022aaad74f54b575bab6e92c2f822f9a74e722fca0eadb755fc27a60930d.png
c95004e64918691981add162cfe1fdda1202cd2d0df01e1ef280aae038a47d10,0,data/packed_images/benign_packed/c95004e64918691981add162cfe1fdda1202cd2d0df01e1ef280aae038a47d10.png
c9541af1d88cd6d38f1e6eba2fd7eacce3c1181166e50b523ed7cedb92fea045,0,data/packed_images/benign_packed/c9541af1d88cd6d38f1e6eba2fd7eacce3c1181166e50b523ed7cedb92fea045.png
c9624b5566927a647adc230be85c1f9562b81d9ef1cdb8d3492233210a35a643,0,data/packed_images/benign_packed/c9624b5566927a647adc230be85c1f9562b81d9ef1cdb8d3492233210a35a643.png
c975bf62a3a7052075ea96e738ec068759efadaf03dc73939e15252a8e8004ad,0,data/packed_images/benign_packed/c975bf62a3a7052075ea96e738ec068759efadaf03dc73939e15252a8e8004ad.png
c979b7405afdb14f56029dabb26bf39a2a00e4d2da34c9c81e0dc3f9cf4c398e,0,data/packed_images/benign_packed/c979b7405afdb14f56029dabb26bf39a2a00e4d2da34c9c81e0dc3f9cf4c398e.png
c9b6250e336f99e3c4c97662f414091a1b128cfa931cef758dfbc2ce639a04eb,0,data/packed_images/benign_packed/c9b6250e336f99e3c4c97662f414091a1b128cfa931cef758dfbc2ce639a04eb.png
c9bec37593e059cd90e1c55e098e8499a96db0f205e958b9a4e3ef390424214a,0,data/packed_images/benign_packed/c9bec37593e059cd90e1c55e098e8499a96db0f205e958b9a4e3ef390424214a.png
c9c5f731ebdd159af3a04315107898a563ab0c3ca8169d8ba72258b709aa5633,0,data/packed_images/benign_packed/c9c5f731ebdd159af3a04315107898a563ab0c3ca8169d8ba72258b709aa5633.png
c9cbcec4b7cdb9c9dca4de1795e95ce4f4e74b263814b4424d70a76b17f85104,0,data/packed_images/benign_packed/c9cbcec4b7cdb9c9dca4de1795e95ce4f4e74b263814b4424d70a76b17f85104.png
c9d28800e740a1569aec8fe27df10ef186d883f94cec15a5c228826b45a24f9d,0,data/packed_images/benign_packed/c9d28800e740a1569aec8fe27df10ef186d883f94cec15a5c228826b45a24f9d.png
c9da9b0eb3a4e8dcc9080546bc74d922d179d186493a9af7473c42fb49ded1db,0,data/packed_images/benign_packed/c9da9b0eb3a4e8dcc9080546bc74d922d179d186493a9af7473c42fb49ded1db.png
c9f7b2f2687740a2ca76abe62f956a3ad0f2477be8c5c7a4f31b36efb5c1abcb,0,data/packed_images/benign_packed/c9f7b2f2687740a2ca76abe62f956a3ad0f2477be8c5c7a4f31b36efb5c1abcb.png
c9ff173c19d77bb7c5683d65608d876b7577faba3be3bdfb08880344d189ef6f,0,data/packed_images/benign_packed/c9ff173c19d77bb7c5683d65608d876b7577faba3be3bdfb08880344d189ef6f.png
ca0198e93c3f7ee07866e9b41f2814b1e89e5febc2ef8281abdf3782b51df689,0,data/packed_images/benign_packed/ca0198e93c3f7ee07866e9b41f2814b1e89e5febc2ef8281abdf3782b51df689.png
ca1d0340bbcfe136ce2aa9046bb2c2e41d5863596d1210c0eddb39918756d152,0,data/packed_images/benign_packed/ca1d0340bbcfe136ce2aa9046bb2c2e41d5863596d1210c0eddb39918756d152.png
ca263b6cfc64cf0eef96bf87ec4442c155acaa27dcded8badba935d703e9697d,0,data/packed_images/benign_packed/ca263b6cfc64cf0eef96bf87ec4442c155acaa27dcded8badba935d703e9697d.png
ca6e50a4d7a07d9f79499d83db567964a92e72e3ce5cb3f706e9f387a25d9f68,0,data/packed_images/benign_packed/ca6e50a4d7a07d9f79499d83db567964a92e72e3ce5cb3f706e9f387a25d9f68.png
ca91ab3a6c6a58e2d8042be6d5a8df9b4f7e794f24fc89d6f75b7c04ad7cc7f7,0,data/packed_images/benign_packed/ca91ab3a6c6a58e2d8042be6d5a8df9b4f7e794f24fc89d6f75b7c04ad7cc7f7.png
ca9c81025c48dce6f1ca33edba16fc74a90a464197d33e5ad63d7210fd99436e,0,data/packed_images/benign_packed/ca9c81025c48dce6f1ca33edba16fc74a90a464197d33e5ad63d7210fd99436e.png
caa77a4e5a7127f3e46c0268f0b954735a48bc402e27d19b93864f56dffe9ccb,0,data/packed_images/benign_packed/caa77a4e5a7127f3e46c0268f0b954735a48bc402e27d19b93864f56dffe9ccb.png
cab5577a83571f7bc46dd0bea6a12f7e872f81157a901e8f1a167e159088c33e,0,data/packed_images/benign_packed/cab5577a83571f7bc46dd0bea6a12f7e872f81157a901e8f1a167e159088c33e.png
cac4f778c037844f8b221400f499a8a342d2813d64cfd82839bbf6f701be676a,0,data/packed_images/benign_packed/cac4f778c037844f8b221400f499a8a342d2813d64cfd82839bbf6f701be676a.png
cae59bdfecb5b2bdfcab22af171281872dbe296b42359b3b8dd58275d619cb12,0,data/packed_images/benign_packed/cae59bdfecb5b2bdfcab22af171281872dbe296b42359b3b8dd58275d619cb12.png
caf52b4d21a7909e18c22ba5940ccbfae60d280f2776af2c54ad94ff9318fc20,0,data/packed_images/benign_packed/caf52b4d21a7909e18c22ba5940ccbfae60d280f2776af2c54ad94ff9318fc20.png
caf68c696e8f34db1c88306da8d20fc141add8d163f64874eac3f0dea87a5514,0,data/packed_images/benign_packed/caf68c696e8f34db1c88306da8d20fc141add8d163f64874eac3f0dea87a5514.png
cb0cd98b49ca9466e75e487be1e6f7c1105633d7700f69b71ad0e40d393d8381,0,data/packed_images/benign_packed/cb0cd98b49ca9466e75e487be1e6f7c1105633d7700f69b71ad0e40d393d8381.png
cb1e90a3f433b6b56116aec5496c96635e5d3fdb89b098598245e56e96b14ad4,0,data/packed_images/benign_packed/cb1e90a3f433b6b56116aec5496c96635e5d3fdb89b098598245e56e96b14ad4.png
cb2ad1778120b137f598e46b101bebe7f3fb37bdef109434256386584f28bd27,0,data/packed_images/benign_packed/cb2ad1778120b137f598e46b101bebe7f3fb37bdef109434256386584f28bd27.png
cb2f40f88e3bd2a3c8d509c34950792e5d2071b08e6d8a934d08c1bc265e761e,0,data/packed_images/benign_packed/cb2f40f88e3bd2a3c8d509c34950792e5d2071b08e6d8a934d08c1bc265e761e.png
cb30761837630f8e0080dca07852b2c90f0f50825450bf40b42f95ddab52576f,0,data/packed_images/benign_packed/cb30761837630f8e0080dca07852b2c90f0f50825450bf40b42f95ddab52576f.png
cb3c74d6fcc091f4eb7c67ee5eb5f76c1c973dea8b1c6b851fcca62c2a9d8aa8,0,data/packed_images/benign_packed/cb3c74d6fcc091f4eb7c67ee5eb5f76c1c973dea8b1c6b851fcca62c2a9d8aa8.png
cb5181937bda34ce92120c57bbe8cf0335abeeba1131ac707f8a4050875dc0ca,0,data/packed_images/benign_packed/cb5181937bda34ce92120c57bbe8cf0335abeeba1131ac707f8a4050875dc0ca.png
cb97330351a303d2329cec972ae1f01499e8a03bac0665a81b2e2d9e2a838978,0,data/packed_images/benign_packed/cb97330351a303d2329cec972ae1f01499e8a03bac0665a81b2e2d9e2a838978.png
cbadebb1f6eec8b45b89789d4a7b7d3588f1f208a478c359296707f1ca77eda0,0,data/packed_images/benign_packed/cbadebb1f6eec8b45b89789d4a7b7d3588f1f208a478c359296707f1ca77eda0.png
cbaeb417b4814df755dc85dc249142b4687e6fe341b1c0f2d8f08d440ae80808,0,data/packed_images/benign_packed/cbaeb417b4814df755dc85dc249142b4687e6fe341b1c0f2d8f08d440ae80808.png
cbf78ba43de13a2d61eefeed30a155e38fc958e83abd186d2997d2f69b25c60e,0,data/packed_images/benign_packed/cbf78ba43de13a2d61eefeed30a155e38fc958e83abd186d2997d2f69b25c60e.png
cc277e996e3f0c1447986e16fbf0f5b0d951344fd5edd2581edbfe5e537f0546,0,data/packed_images/benign_packed/cc277e996e3f0c1447986e16fbf0f5b0d951344fd5edd2581edbfe5e537f0546.png
cc35eea69c8dee3bd4fb2d96eb05ad3d2c4ec1aac67bca14d0876cc2f790b76d,0,data/packed_images/benign_packed/cc35eea69c8dee3bd4fb2d96eb05ad3d2c4ec1aac67bca14d0876cc2f790b76d.png
cc5d3c92e993541fc97a1854a6e6c9980334efd420e623823135f42baae695f1,0,data/packed_images/benign_packed/cc5d3c92e993541fc97a1854a6e6c9980334efd420e623823135f42baae695f1.png
cc6c2fdf1c34fa82036165b111f91220bcf7e43aab79dfb284f982f0590bebb1,0,data/packed_images/benign_packed/cc6c2fdf1c34fa82036165b111f91220bcf7e43aab79dfb284f982f0590bebb1.png
cc8737a47cfb3242dfd257915196201aecd10664351ad8a00a330f76598eff6f,0,data/packed_images/benign_packed/cc8737a47cfb3242dfd257915196201aecd10664351ad8a00a330f76598eff6f.png
cca32e097f255b307026e12d4eee9d20777a604a923b74cc3f3cb297522eb2a6,0,data/packed_images/benign_packed/cca32e097f255b307026e12d4eee9d20777a604a923b74cc3f3cb297522eb2a6.png
ccadedebe0c0145b66506f45a1095baa70b1dadda7ba32c1e623b3ba8c60344c,0,data/packed_images/benign_packed/ccadedebe0c0145b66506f45a1095baa70b1dadda7ba32c1e623b3ba8c60344c.png
ccc901d9dc4de08caee3ac767f94b07c674c5f282baabade58edddb1039f52e8,0,data/packed_images/benign_packed/ccc901d9dc4de08caee3ac767f94b07c674c5f282baabade58edddb1039f52e8.png
ccd29e453d3f3fec842b3e2249ae962cb1968c83d9a0bf0744c6d6aabe0f4caf,0,data/packed_images/benign_packed/ccd29e453d3f3fec842b3e2249ae962cb1968c83d9a0bf0744c6d6aabe0f4caf.png
ccde10bc9490feb1870855253599e42fba5ee5ad7c3a4333b4a337fd072203c6,0,data/packed_images/benign_packed/ccde10bc9490feb1870855253599e42fba5ee5ad7c3a4333b4a337fd072203c6.png
ccf6e9481c276976c2287defd37a1ad175c1b6b9feaf22a2a9d8f6a5be17a992,0,data/packed_images/benign_packed/ccf6e9481c276976c2287defd37a1ad175c1b6b9feaf22a2a9d8f6a5be17a992.png
cd20c11f9e9e7597292484404dfc8758e78852fbb90dd74437da5befa6da3b32,0,data/packed_images/benign_packed/cd20c11f9e9e7597292484404dfc8758e78852fbb90dd74437da5befa6da3b32.png
cd28e759b070e9c088ceef1444d1669cbd2b061133ef1c8ab6b05193dbfbec7a,0,data/packed_images/benign_packed/cd28e759b070e9c088ceef1444d1669cbd2b061133ef1c8ab6b05193dbfbec7a.png
cd31e41dbb658f329312485662aba9c1d280b0a0c0646ff12763a66412ff9fdc,0,data/packed_images/benign_packed/cd31e41dbb658f329312485662aba9c1d280b0a0c0646ff12763a66412ff9fdc.png
cd418e2f13651b835c99fb886689e88ed6a939c92c16abfdab63827f963b4034,0,data/packed_images/benign_packed/cd418e2f13651b835c99fb886689e88ed6a939c92c16abfdab63827f963b4034.png
cd9b73fa3f1f3ac219de007102d1a5625eec0c86638c0d289b5933cc0ec86502,0,data/packed_images/benign_packed/cd9b73fa3f1f3ac219de007102d1a5625eec0c86638c0d289b5933cc0ec86502.png
cda51e3de5e0bd7e53519d4b92ae6375b64da2649710f2a38d0676d3b22ec736,0,data/packed_images/benign_packed/cda51e3de5e0bd7e53519d4b92ae6375b64da2649710f2a38d0676d3b22ec736.png
cdbec8a3cd83e81e894012f020f742edce0f846f2f3fc28739c6835a701ef851,0,data/packed_images/benign_packed/cdbec8a3cd83e81e894012f020f742edce0f846f2f3fc28739c6835a701ef851.png
ce0d2910b111d00d10782b016b2d808a0e02cb8440b2dd52347d4968b742721d,0,data/packed_images/benign_packed/ce0d2910b111d00d10782b016b2d808a0e02cb8440b2dd52347d4968b742721d.png
ce365d04be99efe6734d9364b2ee4507a207809c54d25541787bc2667b508b94,0,data/packed_images/benign_packed/ce365d04be99efe6734d9364b2ee4507a207809c54d25541787bc2667b508b94.png
ce46130f9d68e49e1b1d34aef02576f536148fdd93ef542b2ee858f209c35c84,0,data/packed_images/benign_packed/ce46130f9d68e49e1b1d34aef02576f536148fdd93ef542b2ee858f209c35c84.png
ce51b0ee72b3e8f412a0fb238c8a2cb7f874d7732fd93e4ec216ec2e01e8f6cd,0,data/packed_images/benign_packed/ce51b0ee72b3e8f412a0fb238c8a2cb7f874d7732fd93e4ec216ec2e01e8f6cd.png
ce548eb231b99c47387e1340eba0333d93a703bdf668edbfbb266ccf8d8fa049,0,data/packed_images/benign_packed/ce548eb231b99c47387e1340eba0333d93a703bdf668edbfbb266ccf8d8fa049.png
ce730c5c11594a5c007e8ab5f96ff382777dc6a20396d0eb9a02c4e5489937a8,0,data/packed_images/benign_packed/ce730c5c11594a5c007e8ab5f96ff382777dc6a20396d0eb9a02c4e5489937a8.png
ce98728b911a57b0e60c1c5dea0017dbea311693b00a1e98d2abf5b442708bd0,0,data/packed_images/benign_packed/ce98728b911a57b0e60c1c5dea0017dbea311693b00a1e98d2abf5b442708bd0.png
cea2ee041ad30131e502905fbe97c3ab7362a7da6b84a4fb06013204fc1f704c,0,data/packed_images/benign_packed/cea2ee041ad30131e502905fbe97c3ab7362a7da6b84a4fb06013204fc1f704c.png
cea7f5149cc40a9bd7d1500786cb9ce21035a0a27712d3f0d330c8dd5a699a05,0,data/packed_images/benign_packed/cea7f5149cc40a9bd7d1500786cb9ce21035a0a27712d3f0d330c8dd5a699a05.png
cec6eb50bf00db7ac6ecee3c232bc4c472d34c187af4decedd9fd172d6c4f8b1,0,data/packed_images/benign_packed/cec6eb50bf00db7ac6ecee3c232bc4c472d34c187af4decedd9fd172d6c4f8b1.png
ced0eb1a70436c667a0a7b69c1eabd433ee9d44135cf2e54d43a6182e7b1d19c,0,data/packed_images/benign_packed/ced0eb1a70436c667a0a7b69c1eabd433ee9d44135cf2e54d43a6182e7b1d19c.png
cf3ee82428248c146314e8effd2a92d7969c3a223155c944260dce814b57dcd7,0,data/packed_images/benign_packed/cf3ee82428248c146314e8effd2a92d7969c3a223155c944260dce814b57dcd7.png
cf549b94cd6370ab8c67de60bedaa390f1ec3f0df1cd51156d79205bcce72906,0,data/packed_images/benign_packed/cf549b94cd6370ab8c67de60bedaa390f1ec3f0df1cd51156d79205bcce72906.png
cf5e2c3a83f5d0f7e59a23b2fa5eb1993efa4ec6f33892e0789ace0da1b4aaf4,0,data/packed_images/benign_packed/cf5e2c3a83f5d0f7e59a23b2fa5eb1993efa4ec6f33892e0789ace0da1b4aaf4.png
cf5f1bb51c3c9298b47345978d2b72c04852e66e9bd5466ae8c74ea9a4e1e14d,0,data/packed_images/benign_packed/cf5f1bb51c3c9298b47345978d2b72c04852e66e9bd5466ae8c74ea9a4e1e14d.png
cf6810e4e76689d99cc20633672d7ea5b8093ef079ac53db70f780bb0d61fd0a,0,data/packed_images/benign_packed/cf6810e4e76689d99cc20633672d7ea5b8093ef079ac53db70f780bb0d61fd0a.png
cf7ee1899c2dddb2a4fc21fe831221eecf7bf605a4cc61d709a5626d88e0d389,0,data/packed_images/benign_packed/cf7ee1899c2dddb2a4fc21fe831221eecf7bf605a4cc61d709a5626d88e0d389.png
cf8d3df3c5374afce1094666b34665dca65743be7cb2e6199131037a344c3d02,0,data/packed_images/benign_packed/cf8d3df3c5374afce1094666b34665dca65743be7cb2e6199131037a344c3d02.png
cfb62019d711be3ba641a1020b03c5c4560c12e6b4247a3dd57d241668cd9b1c,0,data/packed_images/benign_packed/cfb62019d711be3ba641a1020b03c5c4560c12e6b4247a3dd57d241668cd9b1c.png
d005fd0cecd3a1c4bd88ebbde2c11c7e72177fe9370a3e738d2490adc0c1ec39,0,data/packed_images/benign_packed/d005fd0cecd3a1c4bd88ebbde2c11c7e72177fe9370a3e738d2490adc0c1ec39.png
d02632126acc31940d5927c082161f3fd5a39fc4c7713e617fec2f0f86d65e61,0,data/packed_images/benign_packed/d02632126acc31940d5927c082161f3fd5a39fc4c7713e617fec2f0f86d65e61.png
d041aa70e4a07035c446f38d9f23308737b21f02fa0daca17af326161a557f9c,0,data/packed_images/benign_packed/d041aa70e4a07035c446f38d9f23308737b21f02fa0daca17af326161a557f9c.png
d05b848789a4c6e30dfe5cede30a7781289fff457e522eabe0a81b0e93eb3921,0,data/packed_images/benign_packed/d05b848789a4c6e30dfe5cede30a7781289fff457e522eabe0a81b0e93eb3921.png
d0b224690174a7728ded5a1ea4ac5d11521a4d113db6297509bb3374a0868062,0,data/packed_images/benign_packed/d0b224690174a7728ded5a1ea4ac5d11521a4d113db6297509bb3374a0868062.png
d0d8b38e4c9d4ea4a426e17a9ff5bcb0511ea47602c8ec8fa454ff28a43db3fd,0,data/packed_images/benign_packed/d0d8b38e4c9d4ea4a426e17a9ff5bcb0511ea47602c8ec8fa454ff28a43db3fd.png
d0e73cedcbc7c221016cd5098c2c9d5ece599c59ce0935ae0bf2470efa344502,0,data/packed_images/benign_packed/d0e73cedcbc7c221016cd5098c2c9d5ece599c59ce0935ae0bf2470efa344502.png
d0ec83e6bdabb256405fb8125b830fa9fd329baa9542afafba6b96936b3debb7,0,data/packed_images/benign_packed/d0ec83e6bdabb256405fb8125b830fa9fd329baa9542afafba6b96936b3debb7.png
d0f4abf77310561f0fb9e001b776e4e9ac11fcfaf2cbc0c786b4588b6c64a8b3,0,data/packed_images/benign_packed/d0f4abf77310561f0fb9e001b776e4e9ac11fcfaf2cbc0c786b4588b6c64a8b3.png
d0ff5f6bb94961d4c17f0709297a6b5a5fa323c9ac82f4fe27187912b4b13cf3,0,data/packed_images/benign_packed/d0ff5f6bb94961d4c17f0709297a6b5a5fa323c9ac82f4fe27187912b4b13cf3.png
d0fffbdc0dcf0cb7e316c03a74fe4a2b96f86b4b0e9cdd2a6da66dfd6513ca51,0,data/packed_images/benign_packed/d0fffbdc0dcf0cb7e316c03a74fe4a2b96f86b4b0e9cdd2a6da66dfd6513ca51.png
d10c79e16904f1630f9582b1d255b2a498051edf8836ffc10f890eede39c0b4a,0,data/packed_images/benign_packed/d10c79e16904f1630f9582b1d255b2a498051edf8836ffc10f890eede39c0b4a.png
d1263b93104941bd98d740b2e8fd2eb07a10fa6ac958f0117c025a66c865ba43,0,data/packed_images/benign_packed/d1263b93104941bd98d740b2e8fd2eb07a10fa6ac958f0117c025a66c865ba43.png
d129f9fb6d4cc4a2f8586776ee29028d06ee3c4af889a5efa7ca8de6f6f2c995,0,data/packed_images/benign_packed/d129f9fb6d4cc4a2f8586776ee29028d06ee3c4af889a5efa7ca8de6f6f2c995.png
d12b2a5e76681dcce041603310d8af49af03d8ee4013eb9782a642cf92301be4,0,data/packed_images/benign_packed/d12b2a5e76681dcce041603310d8af49af03d8ee4013eb9782a642cf92301be4.png
d12ee4a9459af8f4c104434cf829bb4f0bab3f3c770890556c25cbff84ae702e,0,data/packed_images/benign_packed/d12ee4a9459af8f4c104434cf829bb4f0bab3f3c770890556c25cbff84ae702e.png
d1450c40d89d1a250fd19f530cfb3b84b0e2c9d5889bec5e85444ea8ede7d11b,0,data/packed_images/benign_packed/d1450c40d89d1a250fd19f530cfb3b84b0e2c9d5889bec5e85444ea8ede7d11b.png
d14f79a87b3eb45c277615f60cc3cce935e2c193d3cb5d299f58b1b73d2477f1,0,data/packed_images/benign_packed/d14f79a87b3eb45c277615f60cc3cce935e2c193d3cb5d299f58b1b73d2477f1.png
d160f179257289421d761e14586a0bb16723ded2edda2ea10825a7dac4d82136,0,data/packed_images/benign_packed/d160f179257289421d761e14586a0bb16723ded2edda2ea10825a7dac4d82136.png
d1690b602cb317f7f1e1e13e3fc5819ad8b5b38a92d812078afb1b408ccc4b69,0,data/packed_images/benign_packed/d1690b602cb317f7f1e1e13e3fc5819ad8b5b38a92d812078afb1b408ccc4b69.png
d187f6ace01edd39c327b01a9169ab17f14fdd8db1872ddce34efa8312ffcd1e,0,data/packed_images/benign_packed/d187f6ace01edd39c327b01a9169ab17f14fdd8db1872ddce34efa8312ffcd1e.png
d188a9e28c86ef4f3babf113a0861786e9a37d935a4a797527a69b972b7b8b0c,0,data/packed_images/benign_packed/d188a9e28c86ef4f3babf113a0861786e9a37d935a4a797527a69b972b7b8b0c.png
d19b440da4e9a8960a7943227b7b2c1605cc9555dec392f3e248562d77ee9dcb,0,data/packed_images/benign_packed/d19b440da4e9a8960a7943227b7b2c1605cc9555dec392f3e248562d77ee9dcb.png
d1af17d8ba493f936d14b588fb057311f972428721521fa9ec9aa9658f44e70d,0,data/packed_images/benign_packed/d1af17d8ba493f936d14b588fb057311f972428721521fa9ec9aa9658f44e70d.png
d1f87ca4642c674e50a7614694e226a6c8cd40e08b2955982839fff01e083283,0,data/packed_images/benign_packed/d1f87ca4642c674e50a7614694e226a6c8cd40e08b2955982839fff01e083283.png
d208cc455e9bae5d4244bd3ba2bf9fb78d0d756766093afdfdbddbc56a229fb2,0,data/packed_images/benign_packed/d208cc455e9bae5d4244bd3ba2bf9fb78d0d756766093afdfdbddbc56a229fb2.png
d21b157cecad2d0c658fc060b7bc912012a598c66fd63a1b24516c7f05ca8b58,0,data/packed_images/benign_packed/d21b157cecad2d0c658fc060b7bc912012a598c66fd63a1b24516c7f05ca8b58.png
d22b8ffbfd96a0c6f16d481a191ed409cc3f4856919afc55d7099b84756043c8,0,data/packed_images/benign_packed/d22b8ffbfd96a0c6f16d481a191ed409cc3f4856919afc55d7099b84756043c8.png
d2a0769ac0b3e494cd1c8982bece7617ca0016b6a9938acc843d78ff2d60c81f,0,data/packed_images/benign_packed/d2a0769ac0b3e494cd1c8982bece7617ca0016b6a9938acc843d78ff2d60c81f.png
d2ada925cc2e903b176ca03851fdcb44250ad69918063e14426c7b7ffe63c3e5,0,data/packed_images/benign_packed/d2ada925cc2e903b176ca03851fdcb44250ad69918063e14426c7b7ffe63c3e5.png
d2dc98b3d9cbfebd92d16aeb6be475b68ec30943503014e33b645e5ca7de2cfb,0,data/packed_images/benign_packed/d2dc98b3d9cbfebd92d16aeb6be475b68ec30943503014e33b645e5ca7de2cfb.png
d2de55fd135a3a7f2a102011e056549dc2b79e78379a16d62cad5543eb4f4bfd,0,data/packed_images/benign_packed/d2de55fd135a3a7f2a102011e056549dc2b79e78379a16d62cad5543eb4f4bfd.png
d2f27322e45afc364da580643d09a026b2b55fd59f12f9bb05a85dc788524a5d,0,data/packed_images/benign_packed/d2f27322e45afc364da580643d09a026b2b55fd59f12f9bb05a85dc788524a5d.png
d31ba0c5bc964aaeddad4214e3ca55a4e73f0e673c8d68431b597a7b96e366c2,0,data/packed_images/benign_packed/d31ba0c5bc964aaeddad4214e3ca55a4e73f0e673c8d68431b597a7b96e366c2.png
d31fe9eab4cd3ea11e2023ce56c52eaee2ae1db97a83a8ed48ffa56db204572d,0,data/packed_images/benign_packed/d31fe9eab4cd3ea11e2023ce56c52eaee2ae1db97a83a8ed48ffa56db204572d.png
d33b4be881ec160c13f1d5d41a5cba350bdd9cbfd40f12e0fe22e5ffb996794a,0,data/packed_images/benign_packed/d33b4be881ec160c13f1d5d41a5cba350bdd9cbfd40f12e0fe22e5ffb996794a.png
d3492829c58aea3bef8f10ff7a75879c5c869118e172d8642d3acf00e2215943,0,data/packed_images/benign_packed/d3492829c58aea3bef8f10ff7a75879c5c869118e172d8642d3acf00e2215943.png
d34c0f14da319687141edb4f11e6b1ef9e10db3de66e255067a468acb896ccfa,0,data/packed_images/benign_packed/d34c0f14da319687141edb4f11e6b1ef9e10db3de66e255067a468acb896ccfa.png
d35703f44664675c1b6296459d3d748d016b60e98749b13df9adf5e408a9ffb5,0,data/packed_images/benign_packed/d35703f44664675c1b6296459d3d748d016b60e98749b13df9adf5e408a9ffb5.png
d3573e71ea72dd679c0bb999beec47a150495d6876787caa2afe615801e28583,0,data/packed_images/benign_packed/d3573e71ea72dd679c0bb999beec47a150495d6876787caa2afe615801e28583.png
d36f469d4b407d611ef94316af31111bbbedf28189841add0045981987a2f587,0,data/packed_images/benign_packed/d36f469d4b407d611ef94316af31111bbbedf28189841add0045981987a2f587.png
d372ee9868ff869d8610f087111fb78e4458c12266e4e7d2691afc98716a47b4,0,data/packed_images/benign_packed/d372ee9868ff869d8610f087111fb78e4458c12266e4e7d2691afc98716a47b4.png
d378c2f3aa3a32908110165f727a1b142fcdc1a371169d1ebfc8fc39d91379ed,0,data/packed_images/benign_packed/d378c2f3aa3a32908110165f727a1b142fcdc1a371169d1ebfc8fc39d91379ed.png
d38483ecb3ef2610302665d94b06cfe69aed831436337a491a998524c4c261f9,0,data/packed_images/benign_packed/d38483ecb3ef2610302665d94b06cfe69aed831436337a491a998524c4c261f9.png
d39b532d22a5b6b1bec49a48d3262dd8aad731b72a415cd9212a3292cd96713e,0,data/packed_images/benign_packed/d39b532d22a5b6b1bec49a48d3262dd8aad731b72a415cd9212a3292cd96713e.png
d39b946ac0b58f822c98498719e88b500d24398aeaf22a4ff5015c6a421ddcff,0,data/packed_images/benign_packed/d39b946ac0b58f822c98498719e88b500d24398aeaf22a4ff5015c6a421ddcff.png
d39f1de499ffd7d8e12adea0979aa70fb291c8bd9061019aa0045a247a4b948b,0,data/packed_images/benign_packed/d39f1de499ffd7d8e12adea0979aa70fb291c8bd9061019aa0045a247a4b948b.png
d3bad7995b998f2c95dbb33020a198ef5a248825321032f051619f353d46182b,0,data/packed_images/benign_packed/d3bad7995b998f2c95dbb33020a198ef5a248825321032f051619f353d46182b.png
d3d27fdc7bd8f72298874b8472c79d480a6d0d304a0ef99d11c6b6c015c3e999,0,data/packed_images/benign_packed/d3d27fdc7bd8f72298874b8472c79d480a6d0d304a0ef99d11c6b6c015c3e999.png
d3d5f039c87c81568cc54ca54db1af8818499bd79200a2499aa350930bdf9834,0,data/packed_images/benign_packed/d3d5f039c87c81568cc54ca54db1af8818499bd79200a2499aa350930bdf9834.png
d408ea821ea05412e9ac4748b682ed7aee364e0a5fd3edcad554a01057d34979,0,data/packed_images/benign_packed/d408ea821ea05412e9ac4748b682ed7aee364e0a5fd3edcad554a01057d34979.png
d410fcb90a74115f865460be1028372b62fb283e9e1db5eabdc84a530e13c218,0,data/packed_images/benign_packed/d410fcb90a74115f865460be1028372b62fb283e9e1db5eabdc84a530e13c218.png
d42b861e31de1ca299a8985e6bbbcbab663cd58b1ea8cc2c649b365d0b8429c0,0,data/packed_images/benign_packed/d42b861e31de1ca299a8985e6bbbcbab663cd58b1ea8cc2c649b365d0b8429c0.png
d44611189d3f2da01952291f40f7cf361e808b68716a4739b95dcdd632a26e5d,0,data/packed_images/benign_packed/d44611189d3f2da01952291f40f7cf361e808b68716a4739b95dcdd632a26e5d.png
d450598224c200a67dc641f7b658157b10dfbf2b51b45ad6ceb4836b8181395b,0,data/packed_images/benign_packed/d450598224c200a67dc641f7b658157b10dfbf2b51b45ad6ceb4836b8181395b.png
d455f59ba88175dc0a0b2ea70c09111e858cf0a6a89b92ab3d1b5d51de30a70f,0,data/packed_images/benign_packed/d455f59ba88175dc0a0b2ea70c09111e858cf0a6a89b92ab3d1b5d51de30a70f.png
d45a99ed3bfd301e361279ce043070dad467a596d76e9f51e961fd1d39b5d00b,0,data/packed_images/benign_packed/d45a99ed3bfd301e361279ce043070dad467a596d76e9f51e961fd1d39b5d00b.png
d45d1e7d7e1ea37f47a4d5ef4374e648777239b55e5621df54c5358b25fc6fbc,0,data/packed_images/benign_packed/d45d1e7d7e1ea37f47a4d5ef4374e648777239b55e5621df54c5358b25fc6fbc.png
d48a2acf5b6967fedd9903f8fc10b625e1b98f03118e3a563ecf718547199e65,0,data/packed_images/benign_packed/d48a2acf5b6967fedd9903f8fc10b625e1b98f03118e3a563ecf718547199e65.png
d4a00e34e3dfe3bc27cb863503c257b2228bb34747547dec5870541ac49288f9,0,data/packed_images/benign_packed/d4a00e34e3dfe3bc27cb863503c257b2228bb34747547dec5870541ac49288f9.png
d4aaf4067bef6dc986ff43f794ea9ddeaa6061efab1c470b342132027f5dd9f5,0,data/packed_images/benign_packed/d4aaf4067bef6dc986ff43f794ea9ddeaa6061efab1c470b342132027f5dd9f5.png
d4ce45d348c37204792d536142ea19939210303127e8978e8366bfe26709bd07,0,data/packed_images/benign_packed/d4ce45d348c37204792d536142ea19939210303127e8978e8366bfe26709bd07.png
d4d5302f860a69564736c2f55dbdfa6fad9ac4b702faecf3cc7d39c9f6dcd456,0,data/packed_images/benign_packed/d4d5302f860a69564736c2f55dbdfa6fad9ac4b702faecf3cc7d39c9f6dcd456.png
d4d86e560a22d833fcdf0ba165d3bd3f6059e69830f4d2f9748af08905b2d4c8,0,data/packed_images/benign_packed/d4d86e560a22d833fcdf0ba165d3bd3f6059e69830f4d2f9748af08905b2d4c8.png
d4f298d6bab0963eaa669cb43a3e3f61834bb6ca1a8d08a059b70731c3b4476b,0,data/packed_images/benign_packed/d4f298d6bab0963eaa669cb43a3e3f61834bb6ca1a8d08a059b70731c3b4476b.png
d52946d61a17a9bd3db49187f2ca3c044fa549cfd67f03419204e2787c6272f1,0,data/packed_images/benign_packed/d52946d61a17a9bd3db49187f2ca3c044fa549cfd67f03419204e2787c6272f1.png
d53c84fd100dbb384eca63dbd868e315de0803208521612eb7ae12a78803e079,0,data/packed_images/benign_packed/d53c84fd100dbb384eca63dbd868e315de0803208521612eb7ae12a78803e079.png
d543427bfa0b28c57d13389d55dadb483436e081b7eb50893a06b0af25d3542a,0,data/packed_images/benign_packed/d543427bfa0b28c57d13389d55dadb483436e081b7eb50893a06b0af25d3542a.png
d552ddbf9e076ac53c3bee3dcc4a7e8a14f481e01ef5ddcbf55a43e82e091181,0,data/packed_images/benign_packed/d552ddbf9e076ac53c3bee3dcc4a7e8a14f481e01ef5ddcbf55a43e82e091181.png
d55d46790959a1e0f57c7011b845c65142295085b60f626e9507c6691886dd47,0,data/packed_images/benign_packed/d55d46790959a1e0f57c7011b845c65142295085b60f626e9507c6691886dd47.png
d56887a352a99247c6bf1bcf8cc9840ec4389a8fc9afeff7719d8466e936e2d0,0,data/packed_images/benign_packed/d56887a352a99247c6bf1bcf8cc9840ec4389a8fc9afeff7719d8466e936e2d0.png
d5d3759c6e111cb92a6048e15f855f52a297971b0ddeeefd2fac81771cc3aee7,0,data/packed_images/benign_packed/d5d3759c6e111cb92a6048e15f855f52a297971b0ddeeefd2fac81771cc3aee7.png
d5db896dfb3f9dc5ead53818c1124488dbe72b968fec8cbc076e29e3c01a0e01,0,data/packed_images/benign_packed/d5db896dfb3f9dc5ead53818c1124488dbe72b968fec8cbc076e29e3c01a0e01.png
d5de04e6ca6b4fce6ad5c7ca2a0c99e82f269ce0c8f8a1f144e1c0490aed7593,0,data/packed_images/benign_packed/d5de04e6ca6b4fce6ad5c7ca2a0c99e82f269ce0c8f8a1f144e1c0490aed7593.png
d5f5db4f8e9ed00a4fb37bc7c40a50535bc2b28d0f971b797bcfa6864011431d,0,data/packed_images/benign_packed/d5f5db4f8e9ed00a4fb37bc7c40a50535bc2b28d0f971b797bcfa6864011431d.png
d5fd9c5ec6349c8c55cbad05095b97ee2939f24a45e40fa69b89cbc85f528215,0,data/packed_images/benign_packed/d5fd9c5ec6349c8c55cbad05095b97ee2939f24a45e40fa69b89cbc85f528215.png
d61b30a1229479227788ba58efc2648a5faa02f522ae1d24cc9c9dc052a28945,0,data/packed_images/benign_packed/d61b30a1229479227788ba58efc2648a5faa02f522ae1d24cc9c9dc052a28945.png
d61f734fa581a57c75d40af37a8092300c4dfe0f4bfef229e2251ca51ace20c2,0,data/packed_images/benign_packed/d61f734fa581a57c75d40af37a8092300c4dfe0f4bfef229e2251ca51ace20c2.png
d6295326cd3c61f58e5bce22bdef6b04f94ed2483769e087006a3f24db6ce3f9,0,data/packed_images/benign_packed/d6295326cd3c61f58e5bce22bdef6b04f94ed2483769e087006a3f24db6ce3f9.png
d635c44a4281addb1906c3a53e1d287503ff1dd93a087ed2b44c40cb4b224ba8,0,data/packed_images/benign_packed/d635c44a4281addb1906c3a53e1d287503ff1dd93a087ed2b44c40cb4b224ba8.png
d63ec0ce6772c43d1c5171b77d30767bfdf80ec89fdddbc98d832bbe3600cc2b,0,data/packed_images/benign_packed/d63ec0ce6772c43d1c5171b77d30767bfdf80ec89fdddbc98d832bbe3600cc2b.png
d63fc77755dea6e9461f312f6326d6cd4a1903ed485c57f87b2607d1b1c3cec1,0,data/packed_images/benign_packed/d63fc77755dea6e9461f312f6326d6cd4a1903ed485c57f87b2607d1b1c3cec1.png
d6568f830f0e8d7485b4a151244a2f0b700d57abb78fbf0c1d8bcd0c1cb2179f,0,data/packed_images/benign_packed/d6568f830f0e8d7485b4a151244a2f0b700d57abb78fbf0c1d8bcd0c1cb2179f.png
d66615329639da2fb6eb162d358c3aad836c9a1cdad182f3be01fadd58a5bdc3,0,data/packed_images/benign_packed/d66615329639da2fb6eb162d358c3aad836c9a1cdad182f3be01fadd58a5bdc3.png
d67c03a53a564f007253b9e12205461a1ae6cb520bcce77332a385f25029d8f7,0,data/packed_images/benign_packed/d67c03a53a564f007253b9e12205461a1ae6cb520bcce77332a385f25029d8f7.png
d6911bb4898a914473670d9cab630a0fc7525933af81e085115743a2628fefb5,0,data/packed_images/benign_packed/d6911bb4898a914473670d9cab630a0fc7525933af81e085115743a2628fefb5.png
d6b9ef1d19cef2df1e512a729d0370664707be3f903ab36d952277d4e8c6b626,0,data/packed_images/benign_packed/d6b9ef1d19cef2df1e512a729d0370664707be3f903ab36d952277d4e8c6b626.png
d6e7528b62458c4dc0c72a265533ddbcf42aa4871ad629826c550b2bb08f0a2b,0,data/packed_images/benign_packed/d6e7528b62458c4dc0c72a265533ddbcf42aa4871ad629826c550b2bb08f0a2b.png
d71bff26ae9684243fbe6cea56258c8557aa31ba6622c6a835f62ba3e47714ce,0,data/packed_images/benign_packed/d71bff26ae9684243fbe6cea56258c8557aa31ba6622c6a835f62ba3e47714ce.png
d7221d5a8b507a217aef79d85f867ffacad37cc58d67261621e557f7dc1a4c43,0,data/packed_images/benign_packed/d7221d5a8b507a217aef79d85f867ffacad37cc58d67261621e557f7dc1a4c43.png
d726801464f49c0a19fb51be4703251f8b19a3bc3d35d410442d379d6eafd273,0,data/packed_images/benign_packed/d726801464f49c0a19fb51be4703251f8b19a3bc3d35d410442d379d6eafd273.png
d73dd6ce20ef5e4a198f7b5179259e54adb467feee73b15bf973388e91dcbcd9,0,data/packed_images/benign_packed/d73dd6ce20ef5e4a198f7b5179259e54adb467feee73b15bf973388e91dcbcd9.png
d73e29d3059262609b93a5ec6e7224542db5325852236ce1c9de7c4eb72d3500,0,data/packed_images/benign_packed/d73e29d3059262609b93a5ec6e7224542db5325852236ce1c9de7c4eb72d3500.png
d758b307b8e754bbbb93a4034912ed373f1ed2fd0c8341f3e0fabd690a9fb5b4,0,data/packed_images/benign_packed/d758b307b8e754bbbb93a4034912ed373f1ed2fd0c8341f3e0fabd690a9fb5b4.png
d75dc7c8ecdba971e494ff5dba5cd0cb570422d54409934e8fee69fcce8a3f80,0,data/packed_images/benign_packed/d75dc7c8ecdba971e494ff5dba5cd0cb570422d54409934e8fee69fcce8a3f80.png
d76274f883c86ef2b9090e43935d9adc6b81b35a2a6fa39e37890f80fdfa9b76,0,data/packed_images/benign_packed/d76274f883c86ef2b9090e43935d9adc6b81b35a2a6fa39e37890f80fdfa9b76.png
d771f1fca19b2dd62218473ad2e9cd0bdbd7179068c55c23a4a2fff094cb1adb,0,data/packed_images/benign_packed/d771f1fca19b2dd62218473ad2e9cd0bdbd7179068c55c23a4a2fff094cb1adb.png
d7a939542d603b8e3d55a57cb75352a3d981e1d937f7ffcabc6cb89a8bcda47a,0,data/packed_images/benign_packed/d7a939542d603b8e3d55a57cb75352a3d981e1d937f7ffcabc6cb89a8bcda47a.png
d7b1cf58898046c430d49cf8f778e4898280f4709340c3938d3139894166fe8d,0,data/packed_images/benign_packed/d7b1cf58898046c430d49cf8f778e4898280f4709340c3938d3139894166fe8d.png
d7cd68e06f392e08d5dc51422b3cfa6447090495ea7c247053ff28dcadb002b3,0,data/packed_images/benign_packed/d7cd68e06f392e08d5dc51422b3cfa6447090495ea7c247053ff28dcadb002b3.png
d7ce505904dd73ba0f3f3a473b747ad19134e66625ff588b5073202b4026ce46,0,data/packed_images/benign_packed/d7ce505904dd73ba0f3f3a473b747ad19134e66625ff588b5073202b4026ce46.png
d7f6a14858f199d7e8a784ba992755643123e51d6eeb0f91009eda0282f38f3b,0,data/packed_images/benign_packed/d7f6a14858f199d7e8a784ba992755643123e51d6eeb0f91009eda0282f38f3b.png
d80086610ee350980055cde63e2803c7bb4846ba8098c8d48d84ab3c44e85bb0,0,data/packed_images/benign_packed/d80086610ee350980055cde63e2803c7bb4846ba8098c8d48d84ab3c44e85bb0.png
d805e7fc685c5970a786c0727e96dab9808112f063c1244f558d0419e8331c72,0,data/packed_images/benign_packed/d805e7fc685c5970a786c0727e96dab9808112f063c1244f558d0419e8331c72.png
d80b8421665c39a5cfb05ca22b6541617b1da5818f476fc2e4d83f8e7e3a9a7d,0,data/packed_images/benign_packed/d80b8421665c39a5cfb05ca22b6541617b1da5818f476fc2e4d83f8e7e3a9a7d.png
d8138c007355565baee82a670f120a091c1acd2c3208a08f35dc8a77b63e31b4,0,data/packed_images/benign_packed/d8138c007355565baee82a670f120a091c1acd2c3208a08f35dc8a77b63e31b4.png
d83913288ebcfeccbbf524c0dd8c93b6b8c8ad87b55c1e30ca21cd3b85da54f7,0,data/packed_images/benign_packed/d83913288ebcfeccbbf524c0dd8c93b6b8c8ad87b55c1e30ca21cd3b85da54f7.png
d8441cc60d797d988c1c5bb33a274fe30ece18b7481dbf41cff8372afc054f42,0,data/packed_images/benign_packed/d8441cc60d797d988c1c5bb33a274fe30ece18b7481dbf41cff8372afc054f42.png
d8449378c539dcd3ee3abb5d2ae1220f84e324b0b3c37fd430b3d649e225c14f,0,data/packed_images/benign_packed/d8449378c539dcd3ee3abb5d2ae1220f84e324b0b3c37fd430b3d649e225c14f.png
d85f1827ab417d728627a132a97322770d56b2ae856dad1fee526663559c54f9,0,data/packed_images/benign_packed/d85f1827ab417d728627a132a97322770d56b2ae856dad1fee526663559c54f9.png
d87042311a540ae5a9f6a7d5f4c17906f2a50044cf669fc9e15a101e6cb9e7b3,0,data/packed_images/benign_packed/d87042311a540ae5a9f6a7d5f4c17906f2a50044cf669fc9e15a101e6cb9e7b3.png
d8721399d4aecd67057526336a01c2f892a0d8d28af601c46fb8bd0f778eb182,0,data/packed_images/benign_packed/d8721399d4aecd67057526336a01c2f892a0d8d28af601c46fb8bd0f778eb182.png
d878992fe48766c2d2e03fcd103b8805a702b07d20adfd94581523ff838e45b0,0,data/packed_images/benign_packed/d878992fe48766c2d2e03fcd103b8805a702b07d20adfd94581523ff838e45b0.png
d883cda7d867643d3679dc201fa88f13a2935fb1bae6386693c313aa1bf50416,0,data/packed_images/benign_packed/d883cda7d867643d3679dc201fa88f13a2935fb1bae6386693c313aa1bf50416.png
d897c55930a2186a6fdd55dd846d1004efcf4fcb175a640ed03ad93816e977d8,0,data/packed_images/benign_packed/d897c55930a2186a6fdd55dd846d1004efcf4fcb175a640ed03ad93816e977d8.png
d899c2f061952b3b97ab9cdbca2450290b0f005909ddd243ed0f4c511d32c198,0,data/packed_images/benign_packed/d899c2f061952b3b97ab9cdbca2450290b0f005909ddd243ed0f4c511d32c198.png
d89d5b6ee52ae16678f15bf522d286a704d69e3f8177ac7bcf572057ec5c7005,0,data/packed_images/benign_packed/d89d5b6ee52ae16678f15bf522d286a704d69e3f8177ac7bcf572057ec5c7005.png
d8a45609e1da6fac2ac9faccc5ee27fbbf2883f396dab664b16060e7d1a2d67c,0,data/packed_images/benign_packed/d8a45609e1da6fac2ac9faccc5ee27fbbf2883f396dab664b16060e7d1a2d67c.png
d8a6e3824ce9fddf0a9ef1deae7e3f1396a3fbc13adaadb11fcc0a86a4afddd7,0,data/packed_images/benign_packed/d8a6e3824ce9fddf0a9ef1deae7e3f1396a3fbc13adaadb11fcc0a86a4afddd7.png
d8a8724ac84b2ee0e2e95aa99cf5244db03525d69925e26631f61ed24c6f84d9,0,data/packed_images/benign_packed/d8a8724ac84b2ee0e2e95aa99cf5244db03525d69925e26631f61ed24c6f84d9.png
d8bdfee38646ab9ebb276e2cb267a9e3b1617222c45170a68236f23c4c745f3d,0,data/packed_images/benign_packed/d8bdfee38646ab9ebb276e2cb267a9e3b1617222c45170a68236f23c4c745f3d.png
d8c80dea85efade9304a289464dbaade2d3a9998437fd24d517f4e1035395ee4,0,data/packed_images/benign_packed/d8c80dea85efade9304a289464dbaade2d3a9998437fd24d517f4e1035395ee4.png
d910d1619c9aa5c966604f95bbd1b30d40f59eb25bc69444762c9c15f1a344e4,0,data/packed_images/benign_packed/d910d1619c9aa5c966604f95bbd1b30d40f59eb25bc69444762c9c15f1a344e4.png
d916c378edeae771e1cddcea678927b8777245f2716c42fb89f80bafd143ca10,0,data/packed_images/benign_packed/d916c378edeae771e1cddcea678927b8777245f2716c42fb89f80bafd143ca10.png
d94db82594538d6708c623b2e0d5a41f66b671f0e7eccd778769a2fad5630908,0,data/packed_images/benign_packed/d94db82594538d6708c623b2e0d5a41f66b671f0e7eccd778769a2fad5630908.png
d95c34fa5d06c3127b2123f419b0f6467d8f007a47a106c81d38b62aa7c20142,0,data/packed_images/benign_packed/d95c34fa5d06c3127b2123f419b0f6467d8f007a47a106c81d38b62aa7c20142.png
d9629da2be7f6f306cbcb2879262f05245869c3b41d652f274ce5430c71a0255,0,data/packed_images/benign_packed/d9629da2be7f6f306cbcb2879262f05245869c3b41d652f274ce5430c71a0255.png
d970667ddea3d1d632dfab6d24c9e472b2a3a0f4644dd2a14083cf3483fb21fa,0,data/packed_images/benign_packed/d970667ddea3d1d632dfab6d24c9e472b2a3a0f4644dd2a14083cf3483fb21fa.png
d984f346631aaaa3d8da254391b031def01f766a5ae34dfec7a6b361d131fdf1,0,data/packed_images/benign_packed/d984f346631aaaa3d8da254391b031def01f766a5ae34dfec7a6b361d131fdf1.png
d991a56580dcdd16a0d9410f5a8f2723187b8a7e5c30af22abc50f1ead889b84,0,data/packed_images/benign_packed/d991a56580dcdd16a0d9410f5a8f2723187b8a7e5c30af22abc50f1ead889b84.png
d9aa5e73cfb91878f60f16d8afe835b2c7ec8b3c71815dc81bba3447635f13ca,0,data/packed_images/benign_packed/d9aa5e73cfb91878f60f16d8afe835b2c7ec8b3c71815dc81bba3447635f13ca.png
d9ed0891495c9113ca424645e3114c96803b2fe792b7948692c71f93bd839977,0,data/packed_images/benign_packed/d9ed0891495c9113ca424645e3114c96803b2fe792b7948692c71f93bd839977.png
d9f1b6f7b2d4024a214c109e5337cb1809798fc50b993e9232bb2133f1fb9645,0,data/packed_images/benign_packed/d9f1b6f7b2d4024a214c109e5337cb1809798fc50b993e9232bb2133f1fb9645.png
d9f2efc4864b6eb69c4509ed80744c29209c5730eb1aa833f5aa422b50af0587,0,data/packed_images/benign_packed/d9f2efc4864b6eb69c4509ed80744c29209c5730eb1aa833f5aa422b50af0587.png
d9f86fc4a7292d8f206c4352fd6162f7db20274edcbd1b54433b1074852ae122,0,data/packed_images/benign_packed/d9f86fc4a7292d8f206c4352fd6162f7db20274edcbd1b54433b1074852ae122.png
da0f271dc7269cc13838d7141eac5fec03093dc5f8033f3b55324809c22ab760,0,data/packed_images/benign_packed/da0f271dc7269cc13838d7141eac5fec03093dc5f8033f3b55324809c22ab760.png
da11e51b6867e233c9dab60cf0edd93410ec6c382acf853d0b79005d3735b03a,0,data/packed_images/benign_packed/da11e51b6867e233c9dab60cf0edd93410ec6c382acf853d0b79005d3735b03a.png
da1968f7ad7f4fdb1bc77713b54f87d3ede41ebbf19bf86f4898eb902bafc30f,0,data/packed_images/benign_packed/da1968f7ad7f4fdb1bc77713b54f87d3ede41ebbf19bf86f4898eb902bafc30f.png
da261c5ace84b8fd9665e06d22ff1631c8c05cccd20859ebfcd85b0305523b76,0,data/packed_images/benign_packed/da261c5ace84b8fd9665e06d22ff1631c8c05cccd20859ebfcd85b0305523b76.png
da409ee821726e2bea2e27c88f55f58d842a08b863f71b30d55464e6acf4c8ee,0,data/packed_images/benign_packed/da409ee821726e2bea2e27c88f55f58d842a08b863f71b30d55464e6acf4c8ee.png
da4494aca54ddfab870cad9b9a24ee07e1cb3054461e35d0dfeaa5bbdeed1f30,0,data/packed_images/benign_packed/da4494aca54ddfab870cad9b9a24ee07e1cb3054461e35d0dfeaa5bbdeed1f30.png
da458a831cb0a78bcabb0023fb0af5936652f238261995d4689a82a24bd332c4,0,data/packed_images/benign_packed/da458a831cb0a78bcabb0023fb0af5936652f238261995d4689a82a24bd332c4.png
da475b74d15eddd457ee26155c59401e961ed498528a6339c75cc8904d0967b8,0,data/packed_images/benign_packed/da475b74d15eddd457ee26155c59401e961ed498528a6339c75cc8904d0967b8.png
da5238def728413ecf85c27cc7f5d4a8b625dd527088e3378b0f4eca29f37b67,0,data/packed_images/benign_packed/da5238def728413ecf85c27cc7f5d4a8b625dd527088e3378b0f4eca29f37b67.png
da7cb294fd0f748343eee1348b033702d601c400b0f156706bbd6da1571aea62,0,data/packed_images/benign_packed/da7cb294fd0f748343eee1348b033702d601c400b0f156706bbd6da1571aea62.png
da9d68aaba023a0c81097b5030282bd482304e117fccf5b57ceaab15e06a7018,0,data/packed_images/benign_packed/da9d68aaba023a0c81097b5030282bd482304e117fccf5b57ceaab15e06a7018.png
dab3fd85cb7664e90e3d8ad64ccb24a3b1888ee3aeef0fc9d3b03804077c80e1,0,data/packed_images/benign_packed/dab3fd85cb7664e90e3d8ad64ccb24a3b1888ee3aeef0fc9d3b03804077c80e1.png
dac1c429b13c314f3a0734906ec76cfcfd0f057a636e118897ba2a7878f72fea,0,data/packed_images/benign_packed/dac1c429b13c314f3a0734906ec76cfcfd0f057a636e118897ba2a7878f72fea.png
dac867476caa42ff8df8f5dfe869ffd56a18dadee17d47889afb69ed6519afbf,0,data/packed_images/benign_packed/dac867476caa42ff8df8f5dfe869ffd56a18dadee17d47889afb69ed6519afbf.png
dacce8074b81d8dd1cd644f6627b1da6d79a8babfd6c8ec4456b2b409eb754c8,0,data/packed_images/benign_packed/dacce8074b81d8dd1cd644f6627b1da6d79a8babfd6c8ec4456b2b409eb754c8.png
dae77fd05cebeedf11d2e97e3f8760da87a545d7322dc80c90ffd511630c4d2a,0,data/packed_images/benign_packed/dae77fd05cebeedf11d2e97e3f8760da87a545d7322dc80c90ffd511630c4d2a.png
daf40d9a2ec0f85748aa446e41c11cf7188fdfa0f00d84652a38699c5e04863a,0,data/packed_images/benign_packed/daf40d9a2ec0f85748aa446e41c11cf7188fdfa0f00d84652a38699c5e04863a.png
daff63c2c374463e0cf476b5cbadf2d58d0dade0bb0c29ddae543a69ba34fb93,0,data/packed_images/benign_packed/daff63c2c374463e0cf476b5cbadf2d58d0dade0bb0c29ddae543a69ba34fb93.png
db0a2c6920f5403814e30c1a28229ccd12ffeffaa43dc8eb0a7a641ed6c800e4,0,data/packed_images/benign_packed/db0a2c6920f5403814e30c1a28229ccd12ffeffaa43dc8eb0a7a641ed6c800e4.png
db192bce00f94c727a6d8c58563f3e1467a1badddd9814093333d355b1dae6b7,0,data/packed_images/benign_packed/db192bce00f94c727a6d8c58563f3e1467a1badddd9814093333d355b1dae6b7.png
db2109e9a8f24fadd5a905c868f7eb64804237da1c23ed6597ab834cc11f63e7,0,data/packed_images/benign_packed/db2109e9a8f24fadd5a905c868f7eb64804237da1c23ed6597ab834cc11f63e7.png
db473d55fc5eb39ce8d3d1451954273a8835ed6a06e2bc5a9834b263e5fb42a9,0,data/packed_images/benign_packed/db473d55fc5eb39ce8d3d1451954273a8835ed6a06e2bc5a9834b263e5fb42a9.png
db52146d609f4045420e9d9f72f727bc654afb27c8ab5823c356c0cca9ed4b5d,0,data/packed_images/benign_packed/db52146d609f4045420e9d9f72f727bc654afb27c8ab5823c356c0cca9ed4b5d.png
db6112e563b1e47b28cf16e666691617773b4ca4657571c6c479fe6831ddc2ff,0,data/packed_images/benign_packed/db6112e563b1e47b28cf16e666691617773b4ca4657571c6c479fe6831ddc2ff.png
db64bb1a9c155409dd1e75be3fb3243c1b703a621e2b16327df69bfc3d342c0e,0,data/packed_images/benign_packed/db64bb1a9c155409dd1e75be3fb3243c1b703a621e2b16327df69bfc3d342c0e.png
db6ae437c41a0269ec6333f6bdc3686d532ad7aadbde7cf9e481b4380211a410,0,data/packed_images/benign_packed/db6ae437c41a0269ec6333f6bdc3686d532ad7aadbde7cf9e481b4380211a410.png
db7cc84cc7274a3735f96b14d50ad10d4ee38828ed828cad305c822a7fef0072,0,data/packed_images/benign_packed/db7cc84cc7274a3735f96b14d50ad10d4ee38828ed828cad305c822a7fef0072.png
db97938928141c764433d5f068fd51e9a9fe50a77b654cdadb4888b3cfbb2a08,0,data/packed_images/benign_packed/db97938928141c764433d5f068fd51e9a9fe50a77b654cdadb4888b3cfbb2a08.png
dbae1de725fa02b5a156fc8acc80f8778548acbcd0319a8b1d6dd1d40c089284,0,data/packed_images/benign_packed/dbae1de725fa02b5a156fc8acc80f8778548acbcd0319a8b1d6dd1d40c089284.png
dbb58d4c6c435f88df000ea1c9ab3f42496c0aad6b7df66b5b46a84f58558ecd,0,data/packed_images/benign_packed/dbb58d4c6c435f88df000ea1c9ab3f42496c0aad6b7df66b5b46a84f58558ecd.png
dbd4f5f4ad2a5cf05be06224a9e45dee79aae5c6c77b9ed9c7f9bcde6b9c2267,0,data/packed_images/benign_packed/dbd4f5f4ad2a5cf05be06224a9e45dee79aae5c6c77b9ed9c7f9bcde6b9c2267.png
dbdaff5380d57abf6b7eac646ed404f5691c476c1f66317ce35df4aef59e64be,0,data/packed_images/benign_packed/dbdaff5380d57abf6b7eac646ed404f5691c476c1f66317ce35df4aef59e64be.png
dbe32d04cbebda8e02202198f473fdac2530f8331c6051ee59c3570995c95f92,0,data/packed_images/benign_packed/dbe32d04cbebda8e02202198f473fdac2530f8331c6051ee59c3570995c95f92.png
dc06b7bd26b10bd3fbb741024b90cd3dd80dc2d0ec8847fcb73b3d3e0ea3e06b,0,data/packed_images/benign_packed/dc06b7bd26b10bd3fbb741024b90cd3dd80dc2d0ec8847fcb73b3d3e0ea3e06b.png
dc0bc2045a57fcfadac7b011ed955e4c3b049c049aed6edd7bcaef60686024a6,0,data/packed_images/benign_packed/dc0bc2045a57fcfadac7b011ed955e4c3b049c049aed6edd7bcaef60686024a6.png
dc14743f0c58595e84d80cf3579f6d162d378312c6b017380a1e43c870f9f9fd,0,data/packed_images/benign_packed/dc14743f0c58595e84d80cf3579f6d162d378312c6b017380a1e43c870f9f9fd.png
dc15e2f2c5a28ed75f9b181960c9161c30ef298a2a9e201ad68bfea78c56530e,0,data/packed_images/benign_packed/dc15e2f2c5a28ed75f9b181960c9161c30ef298a2a9e201ad68bfea78c56530e.png
dc18cc80c68d13ef9030730688ae15fe7d9aa8d9273ae299ead5c49766e4fce1,0,data/packed_images/benign_packed/dc18cc80c68d13ef9030730688ae15fe7d9aa8d9273ae299ead5c49766e4fce1.png
dc19f55c7cf7d867e448b69b8c770e62636b19cd62265b2ae9da7fe002d062d9,0,data/packed_images/benign_packed/dc19f55c7cf7d867e448b69b8c770e62636b19cd62265b2ae9da7fe002d062d9.png
dc1c93a93bc83bea488e5c833d8404a75d1d84eb3733abc704d01679bd1e9ccc,0,data/packed_images/benign_packed/dc1c93a93bc83bea488e5c833d8404a75d1d84eb3733abc704d01679bd1e9ccc.png
dc39733c603b0a7aa1f5eb46fef56301f7edca137681fdd41ad4df292f18d87c,0,data/packed_images/benign_packed/dc39733c603b0a7aa1f5eb46fef56301f7edca137681fdd41ad4df292f18d87c.png
dc43ad125915c376c55ce954b85a778f5a45af448e0bcdb204a55dbcc4162873,0,data/packed_images/benign_packed/dc43ad125915c376c55ce954b85a778f5a45af448e0bcdb204a55dbcc4162873.png
dc4c41c95ce9aea8c1ddf7c3727d0f3b14fcf868e3e80f58922d7403d687974a,0,data/packed_images/benign_packed/dc4c41c95ce9aea8c1ddf7c3727d0f3b14fcf868e3e80f58922d7403d687974a.png
dc5465abe73543f4f8ad67985a9d73af630df1b95d0bd87123c334ad436c45e4,0,data/packed_images/benign_packed/dc5465abe73543f4f8ad67985a9d73af630df1b95d0bd87123c334ad436c45e4.png
dc66843f5a304362179f9fe4ca1a1d0b1249934e545c303c3ee353d061dd0ffa,0,data/packed_images/benign_packed/dc66843f5a304362179f9fe4ca1a1d0b1249934e545c303c3ee353d061dd0ffa.png
dc8237adefa2d8302508c247acfa59b4114f8e6b14106025e9c232c08f298c05,0,data/packed_images/benign_packed/dc8237adefa2d8302508c247acfa59b4114f8e6b14106025e9c232c08f298c05.png
dcac5eab09d5d754d033f16bbf8354de4a4db3e2c59931efb0c3019b2b8c9228,0,data/packed_images/benign_packed/dcac5eab09d5d754d033f16bbf8354de4a4db3e2c59931efb0c3019b2b8c9228.png
dcb8597465c6a14ab7f240c863ab1c3ea01a5f7963c8390f1511e28c9ef04d66,0,data/packed_images/benign_packed/dcb8597465c6a14ab7f240c863ab1c3ea01a5f7963c8390f1511e28c9ef04d66.png
dcbf09e553d48f191cec47c2f92d7afd932518b577dcf6b914b5165622094013,0,data/packed_images/benign_packed/dcbf09e553d48f191cec47c2f92d7afd932518b577dcf6b914b5165622094013.png
dcd8f4239f7121ab858af2c04d009c1222ac13a9d2ac92279b0c67117d724bd3,0,data/packed_images/benign_packed/dcd8f4239f7121ab858af2c04d009c1222ac13a9d2ac92279b0c67117d724bd3.png
dcf3c4f6024313eeb6f775ed343265d73be1ce1d5dde2f92195dbc32310c7fc9,0,data/packed_images/benign_packed/dcf3c4f6024313eeb6f775ed343265d73be1ce1d5dde2f92195dbc32310c7fc9.png
dcfb16db146c4d8e3ad5ac466c4245ab6252637f7806bb6a8b7c495d16f5abcb,0,data/packed_images/benign_packed/dcfb16db146c4d8e3ad5ac466c4245ab6252637f7806bb6a8b7c495d16f5abcb.png
dd0f1e023373fcd022c22c419b893c91bacc90e3a5731c9dfedc95ebab942622,0,data/packed_images/benign_packed/dd0f1e023373fcd022c22c419b893c91bacc90e3a5731c9dfedc95ebab942622.png
dd3ae6beda5923321ce93324f57f2f269d9e45d1689ba944a9f5d5bab44403b8,0,data/packed_images/benign_packed/dd3ae6beda5923321ce93324f57f2f269d9e45d1689ba944a9f5d5bab44403b8.png
dd77bc91baf7db0287ffebdf456766273aa969b07c9294d5878cd8aee994355e,0,data/packed_images/benign_packed/dd77bc91baf7db0287ffebdf456766273aa969b07c9294d5878cd8aee994355e.png
dd820a98337363e22b3d1aee781a2993025122b5ab8779dcba75ddaa1a8da7b8,0,data/packed_images/benign_packed/dd820a98337363e22b3d1aee781a2993025122b5ab8779dcba75ddaa1a8da7b8.png
dda13bb3b7226d120b1cfe8b598e8749774031afb527ad7ef826a56a76391e70,0,data/packed_images/benign_packed/dda13bb3b7226d120b1cfe8b598e8749774031afb527ad7ef826a56a76391e70.png
ddb348b0443d540a6e72477b111b50b094adcd490872c4786acbdcd093e07f8d,0,data/packed_images/benign_packed/ddb348b0443d540a6e72477b111b50b094adcd490872c4786acbdcd093e07f8d.png
ddbafd1e20ef8effabb97d70651eb33456a4a39694a621172fdc09d140b1abfb,0,data/packed_images/benign_packed/ddbafd1e20ef8effabb97d70651eb33456a4a39694a621172fdc09d140b1abfb.png
ddc24af2f48f072fc6a476d253b60a7619e7a8cb766e7a1c61637239381e085c,0,data/packed_images/benign_packed/ddc24af2f48f072fc6a476d253b60a7619e7a8cb766e7a1c61637239381e085c.png
ddc55ee5bbdcf914436f861ae61e1c337a29b76fd251785a268f80edecf33398,0,data/packed_images/benign_packed/ddc55ee5bbdcf914436f861ae61e1c337a29b76fd251785a268f80edecf33398.png
ddcaadbdd47bcba02c8d1880d456acc20732d21554977338ae507987ed04046e,0,data/packed_images/benign_packed/ddcaadbdd47bcba02c8d1880d456acc20732d21554977338ae507987ed04046e.png
ddcb8939e81bc4fe8a453713460602b80e5ed1c72bdd7ef6689274adf30aacf9,0,data/packed_images/benign_packed/ddcb8939e81bc4fe8a453713460602b80e5ed1c72bdd7ef6689274adf30aacf9.png
ddd82ce9d18112f53402fead757f13842cb574d61ea5a9159aede6f8e8adb67b,0,data/packed_images/benign_packed/ddd82ce9d18112f53402fead757f13842cb574d61ea5a9159aede6f8e8adb67b.png
ddd974ef07e94e36566cbb5845d639073fb9d90ae75c72c32445193ea433929f,0,data/packed_images/benign_packed/ddd974ef07e94e36566cbb5845d639073fb9d90ae75c72c32445193ea433929f.png
ddde64f0f55751763c1bcd53de9cdffc0d725d45a8476464a2a0422661813004,0,data/packed_images/benign_packed/ddde64f0f55751763c1bcd53de9cdffc0d725d45a8476464a2a0422661813004.png
dde9695454f7591298a8bbb85e19a34acaeec06d8acc08f0063af8b0152171e4,0,data/packed_images/benign_packed/dde9695454f7591298a8bbb85e19a34acaeec06d8acc08f0063af8b0152171e4.png
de18d08741d36679f6a4862aa1f6e7403cbb314b6770153585a019cd994dbc1e,0,data/packed_images/benign_packed/de18d08741d36679f6a4862aa1f6e7403cbb314b6770153585a019cd994dbc1e.png
de23111fac0a7ff4382fdddd62e6de66099bb790b0b7e729d652c693caa597e9,0,data/packed_images/benign_packed/de23111fac0a7ff4382fdddd62e6de66099bb790b0b7e729d652c693caa597e9.png
de2d114af3df793d3f2d107f3114b5451934768b206473b293b6b03a0c7fbec0,0,data/packed_images/benign_packed/de2d114af3df793d3f2d107f3114b5451934768b206473b293b6b03a0c7fbec0.png
de35794da189fb4c00627c8713f075a479dcd5ad114c73cf4c55f722db03d838,0,data/packed_images/benign_packed/de35794da189fb4c00627c8713f075a479dcd5ad114c73cf4c55f722db03d838.png
de781332405a6f25d3b45d442cadf6745c86060f32e16f85944b00cdae141f80,0,data/packed_images/benign_packed/de781332405a6f25d3b45d442cadf6745c86060f32e16f85944b00cdae141f80.png
de81891d9f950638de932c24022cd03f1b783a80305be66b9d26a7802831cfc2,0,data/packed_images/benign_packed/de81891d9f950638de932c24022cd03f1b783a80305be66b9d26a7802831cfc2.png
de8fec45a6b6522489a499979f56892c87c2dfe2cefa0cbd38323b5248a938cc,0,data/packed_images/benign_packed/de8fec45a6b6522489a499979f56892c87c2dfe2cefa0cbd38323b5248a938cc.png
de9156444d23ec4a747762309cf9115f0b1179450c9bfc7290a4f80919670f24,0,data/packed_images/benign_packed/de9156444d23ec4a747762309cf9115f0b1179450c9bfc7290a4f80919670f24.png
deb69c7d03ca72788466d6629a4a2bf2624a7d313e96708ac95bbcbda74f661a,0,data/packed_images/benign_packed/deb69c7d03ca72788466d6629a4a2bf2624a7d313e96708ac95bbcbda74f661a.png
deea1fd4fbf0ebd7e4e049bd326b9445d3cd735647b52188d900795529d1f8e0,0,data/packed_images/benign_packed/deea1fd4fbf0ebd7e4e049bd326b9445d3cd735647b52188d900795529d1f8e0.png
def0eda6871024efc76365117fa8203cc878d62112db61e53bda97023c961cbb,0,data/packed_images/benign_packed/def0eda6871024efc76365117fa8203cc878d62112db61e53bda97023c961cbb.png
df0688a3b6c074f6df10526cd9a6a826f462d3580f44a1298954459a88c18c70,0,data/packed_images/benign_packed/df0688a3b6c074f6df10526cd9a6a826f462d3580f44a1298954459a88c18c70.png
df351b5ae3e9cfb50d4251628c7c8131e75a8ba1ec585c5f2268b999ba608ba6,0,data/packed_images/benign_packed/df351b5ae3e9cfb50d4251628c7c8131e75a8ba1ec585c5f2268b999ba608ba6.png
df3be72be588f2b532738f0e78ea853f79facfb8bb26d4e5882de3fe1481780a,0,data/packed_images/benign_packed/df3be72be588f2b532738f0e78ea853f79facfb8bb26d4e5882de3fe1481780a.png
df7ddbea32acecc7fd6743002d211506ab75cb1685b4d2b708ea160c610a6f0d,0,data/packed_images/benign_packed/df7ddbea32acecc7fd6743002d211506ab75cb1685b4d2b708ea160c610a6f0d.png
dfa26f7e8071ef91f7e2fc3e86aa57e9a38b0a99c48b8d4ab3e6a46955736efa,0,data/packed_images/benign_packed/dfa26f7e8071ef91f7e2fc3e86aa57e9a38b0a99c48b8d4ab3e6a46955736efa.png
dfb6fa1f54bfa68dc2dfe93d7760ecf554df37fa2f809b7409eb59760ad66470,0,data/packed_images/benign_packed/dfb6fa1f54bfa68dc2dfe93d7760ecf554df37fa2f809b7409eb59760ad66470.png
dfbb3611a285960b082e5404016f521c34bed75977d05e8e728fe84219a90679,0,data/packed_images/benign_packed/dfbb3611a285960b082e5404016f521c34bed75977d05e8e728fe84219a90679.png
dfdcbc5a9cc9e9d6b0e4bc4def90758ffb9011b6c926f02b44d66d2b88dda8a1,0,data/packed_images/benign_packed/dfdcbc5a9cc9e9d6b0e4bc4def90758ffb9011b6c926f02b44d66d2b88dda8a1.png
e003d6e7e00b59586ff2899f303a1a15db579a67c42a70761b94474af9c82024,0,data/packed_images/benign_packed/e003d6e7e00b59586ff2899f303a1a15db579a67c42a70761b94474af9c82024.png
e00b1eb36b73203d48c5a5dfb5a451cf7804fce67ab94faf9878eb49b9497a53,0,data/packed_images/benign_packed/e00b1eb36b73203d48c5a5dfb5a451cf7804fce67ab94faf9878eb49b9497a53.png
e03a0a40a7a7404df0aac54460c3b8409d149a4f4ce930de81e74b2c3d4f32c4,0,data/packed_images/benign_packed/e03a0a40a7a7404df0aac54460c3b8409d149a4f4ce930de81e74b2c3d4f32c4.png
e04ffb426d1f0531bc0b0bc348cbc46d98a06e4edb161a65007cb6c497a34635,0,data/packed_images/benign_packed/e04ffb426d1f0531bc0b0bc348cbc46d98a06e4edb161a65007cb6c497a34635.png
e05ec70635c49125192930206a04d4cc2e2d5f371a09debdbf7193437eb49338,0,data/packed_images/benign_packed/e05ec70635c49125192930206a04d4cc2e2d5f371a09debdbf7193437eb49338.png
e089676c1e36b12d3b85a5d3ea928097726c63724bb3eb8edc18354435c68490,0,data/packed_images/benign_packed/e089676c1e36b12d3b85a5d3ea928097726c63724bb3eb8edc18354435c68490.png
e097793285f0d46c9b77756e3a926886a446151b076705a9f96447259d964659,0,data/packed_images/benign_packed/e097793285f0d46c9b77756e3a926886a446151b076705a9f96447259d964659.png
e09d60967b1158c9c7d7bce52110e66e203369e9b48ed7b4e45edeaab1d5f34c,0,data/packed_images/benign_packed/e09d60967b1158c9c7d7bce52110e66e203369e9b48ed7b4e45edeaab1d5f34c.png
e0b66601cc28ecb171c3d4b7ac690c667f47da6b6183bff80604c84c00d265ab,0,data/packed_images/benign_packed/e0b66601cc28ecb171c3d4b7ac690c667f47da6b6183bff80604c84c00d265ab.png
e0cb7b0b87d04c95145176c5ef5d07f98bbed29abf3b217e386b634b65e8d434,0,data/packed_images/benign_packed/e0cb7b0b87d04c95145176c5ef5d07f98bbed29abf3b217e386b634b65e8d434.png
e0d3ba153eaa3cda7ea75f809791da08036ab67d3e0abcc9ab5bc649b39a0cff,0,data/packed_images/benign_packed/e0d3ba153eaa3cda7ea75f809791da08036ab67d3e0abcc9ab5bc649b39a0cff.png
e0dc050159ebc3317df0bd772b8b7db08550cfa9dc57133d6dfb8299dc629f74,0,data/packed_images/benign_packed/e0dc050159ebc3317df0bd772b8b7db08550cfa9dc57133d6dfb8299dc629f74.png
e0e94961fc4187c3c9ffb0909e06203f31682cd3c3fb2dd0855013d601279192,0,data/packed_images/benign_packed/e0e94961fc4187c3c9ffb0909e06203f31682cd3c3fb2dd0855013d601279192.png
e10133f49597aa77d7a41265fbd6955cdf1337897af2cbed6e71d9667918a936,0,data/packed_images/benign_packed/e10133f49597aa77d7a41265fbd6955cdf1337897af2cbed6e71d9667918a936.png
e125e29617db5f1528a3e355b6f17b7fe7aba93e7a9b94de13edfe4dc32e6bdf,0,data/packed_images/benign_packed/e125e29617db5f1528a3e355b6f17b7fe7aba93e7a9b94de13edfe4dc32e6bdf.png
e135fb2c56dbcd50a0a17e5fdd698a17e8d9fdf43c54c089a9bcb67b4e69cb80,0,data/packed_images/benign_packed/e135fb2c56dbcd50a0a17e5fdd698a17e8d9fdf43c54c089a9bcb67b4e69cb80.png
e13b6309e3d6fce175f8d0c6414fe424fa4058000c280dc08246948b81fab048,0,data/packed_images/benign_packed/e13b6309e3d6fce175f8d0c6414fe424fa4058000c280dc08246948b81fab048.png
e187c7db3b7bd525bd8decb0fa7cffad1bad45146565528c1b7e6ec4982cece5,0,data/packed_images/benign_packed/e187c7db3b7bd525bd8decb0fa7cffad1bad45146565528c1b7e6ec4982cece5.png
e18c02ba480e83489976314a0a79441108faf4d246292eba1eadd36ce4fc6acd,0,data/packed_images/benign_packed/e18c02ba480e83489976314a0a79441108faf4d246292eba1eadd36ce4fc6acd.png
e206f38644d023162296dfe0dd29e87bb4d5599d52954d5f7c75387989c94757,0,data/packed_images/benign_packed/e206f38644d023162296dfe0dd29e87bb4d5599d52954d5f7c75387989c94757.png
e20e127ac88636393396e04c2de2cb76c686efd1654b660ad080a3b443c42eb8,0,data/packed_images/benign_packed/e20e127ac88636393396e04c2de2cb76c686efd1654b660ad080a3b443c42eb8.png
e22e70a8a6fa3587195b05931cb1b27d9b7d24cd41f72952690b5eb4e7b46f8e,0,data/packed_images/benign_packed/e22e70a8a6fa3587195b05931cb1b27d9b7d24cd41f72952690b5eb4e7b46f8e.png
e24ced5b4516567856104b0053f0bf0b4de9eb82a516f44355361310441a8a51,0,data/packed_images/benign_packed/e24ced5b4516567856104b0053f0bf0b4de9eb82a516f44355361310441a8a51.png
e26573bf8a8b859d65d3b5e258764384e269ea08fd25a5d68d6a25708798c42f,0,data/packed_images/benign_packed/e26573bf8a8b859d65d3b5e258764384e269ea08fd25a5d68d6a25708798c42f.png
e2802a4a7220255b319aeb7ddf7f5f6856c782748ed7412623a962dd91ac3917,0,data/packed_images/benign_packed/e2802a4a7220255b319aeb7ddf7f5f6856c782748ed7412623a962dd91ac3917.png
e2866fd0a6918aead30053c830ccfa2001e57cbc4491bbb353119b013c14eaaf,0,data/packed_images/benign_packed/e2866fd0a6918aead30053c830ccfa2001e57cbc4491bbb353119b013c14eaaf.png
e29835e30a82311d856dc8ac8ba70b5f10f9cd6465a76a0f6423ed1b36dad744,0,data/packed_images/benign_packed/e29835e30a82311d856dc8ac8ba70b5f10f9cd6465a76a0f6423ed1b36dad744.png
e2bb3956023da3ca0c6364e8e981aaec7474296faad9d518b6b8d94372052bdb,0,data/packed_images/benign_packed/e2bb3956023da3ca0c6364e8e981aaec7474296faad9d518b6b8d94372052bdb.png
e2f6a65635ad33be1b212655186b32cad2c14924c8e493f26ecc07925ab263ab,0,data/packed_images/benign_packed/e2f6a65635ad33be1b212655186b32cad2c14924c8e493f26ecc07925ab263ab.png
e30dea1734622f40e82e8bfc7f496414d7da410484561efb72caa6bb6d2d5fcb,0,data/packed_images/benign_packed/e30dea1734622f40e82e8bfc7f496414d7da410484561efb72caa6bb6d2d5fcb.png
e318936f317cc62404b2837f5c90c14e9b61000c40673129d329f11093a2f5df,0,data/packed_images/benign_packed/e318936f317cc62404b2837f5c90c14e9b61000c40673129d329f11093a2f5df.png
e31c1284a4c579cc6a5197e523cdcb9313bbe8bac7748e7e29e99e4bc693c4ce,0,data/packed_images/benign_packed/e31c1284a4c579cc6a5197e523cdcb9313bbe8bac7748e7e29e99e4bc693c4ce.png
e34ef07be1e6de192e007fa59413c9f07657d9d24ebb59b2049d3447ccc73110,0,data/packed_images/benign_packed/e34ef07be1e6de192e007fa59413c9f07657d9d24ebb59b2049d3447ccc73110.png
e3827378118993c34eced29d9de0ad006f356667d4e37be9776dfe59a7c3a24b,0,data/packed_images/benign_packed/e3827378118993c34eced29d9de0ad006f356667d4e37be9776dfe59a7c3a24b.png
e3b132f786f43df0d0f9c61bbb13d939c47bc1a85a3aaa8b3f36cfad378eb7c2,0,data/packed_images/benign_packed/e3b132f786f43df0d0f9c61bbb13d939c47bc1a85a3aaa8b3f36cfad378eb7c2.png
e3d34c7cf4f7bfd854bc14e3f0043fb58ad7196760bacd9efedf6631c88b2267,0,data/packed_images/benign_packed/e3d34c7cf4f7bfd854bc14e3f0043fb58ad7196760bacd9efedf6631c88b2267.png
e3de1b2d81488c0a4b696a8434969a832181edd80b066f78ac4c9a81b5d86051,0,data/packed_images/benign_packed/e3de1b2d81488c0a4b696a8434969a832181edd80b066f78ac4c9a81b5d86051.png
e4117525e4ae4d5a7a8ae82c2913726723b042c83eef96aa71c10a648002565a,0,data/packed_images/benign_packed/e4117525e4ae4d5a7a8ae82c2913726723b042c83eef96aa71c10a648002565a.png
e419885306c56a106745fd5fe34b85df9db0f1322fb8df5acba47ff861941781,0,data/packed_images/benign_packed/e419885306c56a106745fd5fe34b85df9db0f1322fb8df5acba47ff861941781.png
e42417a5b36266f96233a7220df4aa6ff0a2546987ca71ad2de12995c5fee76f,0,data/packed_images/benign_packed/e42417a5b36266f96233a7220df4aa6ff0a2546987ca71ad2de12995c5fee76f.png
e4242043bc4b31a0779d42f5c731be64e24aee6b0f5c13113cc022c828c7d836,0,data/packed_images/benign_packed/e4242043bc4b31a0779d42f5c731be64e24aee6b0f5c13113cc022c828c7d836.png
e42647afd2747ba0c5a5c2440b5a68a9f0139850782690e1f7f2abd01ff573f3,0,data/packed_images/benign_packed/e42647afd2747ba0c5a5c2440b5a68a9f0139850782690e1f7f2abd01ff573f3.png
e4536ed8c35fa71c055a03c7bbc23e601c03cf62202a3d9288caabad92c77d46,0,data/packed_images/benign_packed/e4536ed8c35fa71c055a03c7bbc23e601c03cf62202a3d9288caabad92c77d46.png
e45776071430a7a9688eb89611246b305251d4036e7a8ba9f781e2ad83707615,0,data/packed_images/benign_packed/e45776071430a7a9688eb89611246b305251d4036e7a8ba9f781e2ad83707615.png
e47a15466c6dbfcd85fda96e6b93b0321ec0497e24c09fff897cd93fedc60489,0,data/packed_images/benign_packed/e47a15466c6dbfcd85fda96e6b93b0321ec0497e24c09fff897cd93fedc60489.png
e47dcf74d50403b376c562e4121e359e5886e42fcc60b3fa8ba53e6826854c49,0,data/packed_images/benign_packed/e47dcf74d50403b376c562e4121e359e5886e42fcc60b3fa8ba53e6826854c49.png
e4a6ae021076460bf6286c053a97d0c352216ec3018f22550abf7197cc19da19,0,data/packed_images/benign_packed/e4a6ae021076460bf6286c053a97d0c352216ec3018f22550abf7197cc19da19.png
e4b34013521e8c90af64866e9c447365ce20f6fe7cced258df0d0a3075d5759f,0,data/packed_images/benign_packed/e4b34013521e8c90af64866e9c447365ce20f6fe7cced258df0d0a3075d5759f.png
e4b533a94e02c574780e4b333fcf0889f65ed00d39e32c0fbbda2116f185873f,0,data/packed_images/benign_packed/e4b533a94e02c574780e4b333fcf0889f65ed00d39e32c0fbbda2116f185873f.png
e4bfbe4817905dbf9ee384a86d3f01b1ccf4269e8ea819e6c98d6ee7d1372896,0,data/packed_images/benign_packed/e4bfbe4817905dbf9ee384a86d3f01b1ccf4269e8ea819e6c98d6ee7d1372896.png
e4cbcac3e88ab6162350628c7d047e51b8131a79538b1228a28ff787ac0868a4,0,data/packed_images/benign_packed/e4cbcac3e88ab6162350628c7d047e51b8131a79538b1228a28ff787ac0868a4.png
e4f1280a5a21e8365fda67f10867df642dd410c95f634158227bcc2f392aee24,0,data/packed_images/benign_packed/e4f1280a5a21e8365fda67f10867df642dd410c95f634158227bcc2f392aee24.png
e500914e16a9d1c27cc78ed3ffe18d026040fde8d6dbc355f4c50ea890fcc114,0,data/packed_images/benign_packed/e500914e16a9d1c27cc78ed3ffe18d026040fde8d6dbc355f4c50ea890fcc114.png
e5015af6432f4a98286d20a54987124f5be7aada0bf60baa727f186b12bfe013,0,data/packed_images/benign_packed/e5015af6432f4a98286d20a54987124f5be7aada0bf60baa727f186b12bfe013.png
e5046136486bb33b183b0f45023f9645cb6cdfd58604e6ef8a1f1563585a194d,0,data/packed_images/benign_packed/e5046136486bb33b183b0f45023f9645cb6cdfd58604e6ef8a1f1563585a194d.png
e506c184b3ffd2eced0869dd2512d3ba8639c3593436c7d66a293aa72ad454f4,0,data/packed_images/benign_packed/e506c184b3ffd2eced0869dd2512d3ba8639c3593436c7d66a293aa72ad454f4.png
e50f2c903d6526eca2be70268972c3f24338eb091bfab0611f3bf8c763499389,0,data/packed_images/benign_packed/e50f2c903d6526eca2be70268972c3f24338eb091bfab0611f3bf8c763499389.png
e51454931ec510214a8be81dc40f581f58ed854be88e02b48efe8550bc13cbe1,0,data/packed_images/benign_packed/e51454931ec510214a8be81dc40f581f58ed854be88e02b48efe8550bc13cbe1.png
e516e59f7502ec90a2ec3978a5d448411b791f453a29b60edce62b71d8e9b87e,0,data/packed_images/benign_packed/e516e59f7502ec90a2ec3978a5d448411b791f453a29b60edce62b71d8e9b87e.png
e5268417da656d440edeaf1a140e5c1b45073d3e716467765f36a6e2a1a32659,0,data/packed_images/benign_packed/e5268417da656d440edeaf1a140e5c1b45073d3e716467765f36a6e2a1a32659.png
e528cece2f9a562af7b5b274545ae1977f924331564bd0a2649f5a06f7843994,0,data/packed_images/benign_packed/e528cece2f9a562af7b5b274545ae1977f924331564bd0a2649f5a06f7843994.png
e53dc2de933a72fb55d865fb7c1c84c4fa837b55237516c05a5187874bdbf0f1,0,data/packed_images/benign_packed/e53dc2de933a72fb55d865fb7c1c84c4fa837b55237516c05a5187874bdbf0f1.png
e54d56f3c7e14c41594e039873b26a79be6472982dac2f848ab316ba6cf0f311,0,data/packed_images/benign_packed/e54d56f3c7e14c41594e039873b26a79be6472982dac2f848ab316ba6cf0f311.png
e58126d696b0d8209920bfa394d804ad131878a589b0ef4cf768e077e9c7d86d,0,data/packed_images/benign_packed/e58126d696b0d8209920bfa394d804ad131878a589b0ef4cf768e077e9c7d86d.png
e586f38cb2817ea190264e0bcee65909e76207cb025a9cc9843f57a2cb221135,0,data/packed_images/benign_packed/e586f38cb2817ea190264e0bcee65909e76207cb025a9cc9843f57a2cb221135.png
e58771a5a611292297cbb7e69be2fbdce01f5d96b02ac0e33ee9bcb1abfc3b6d,0,data/packed_images/benign_packed/e58771a5a611292297cbb7e69be2fbdce01f5d96b02ac0e33ee9bcb1abfc3b6d.png
e5b21741f461044b756e1317f1651b9e5c1917af8ae7d664f6acf48284a34b56,0,data/packed_images/benign_packed/e5b21741f461044b756e1317f1651b9e5c1917af8ae7d664f6acf48284a34b56.png
e5b6086d48f13a63dbca742abef243e00b6bfa359c03581f5daeea9d3a691ae7,0,data/packed_images/benign_packed/e5b6086d48f13a63dbca742abef243e00b6bfa359c03581f5daeea9d3a691ae7.png
e5d6b96f985cb6cb4c12e91d89503027e09f7482e413ad6bcfc824e9165a4ef8,0,data/packed_images/benign_packed/e5d6b96f985cb6cb4c12e91d89503027e09f7482e413ad6bcfc824e9165a4ef8.png
e5dfe859d950ab9e797f9d740e1b050a372535d0a4b1d407b1409dfe6f84f28b,0,data/packed_images/benign_packed/e5dfe859d950ab9e797f9d740e1b050a372535d0a4b1d407b1409dfe6f84f28b.png
e5e89ef3a4baaf96967a03034f591952f5597881fffdb8703c71bb1d5264b789,0,data/packed_images/benign_packed/e5e89ef3a4baaf96967a03034f591952f5597881fffdb8703c71bb1d5264b789.png
e5edbcbe152b74d29becac05065bcf3c74215384c0d8464a44b67a32a13e8ea3,0,data/packed_images/benign_packed/e5edbcbe152b74d29becac05065bcf3c74215384c0d8464a44b67a32a13e8ea3.png
e5f53e0899351c351f9bd82fa9ee1a1dec6663ce8553036c5179d3416517aba4,0,data/packed_images/benign_packed/e5f53e0899351c351f9bd82fa9ee1a1dec6663ce8553036c5179d3416517aba4.png
e5fe9e98390c2b125d8f6fb83e2a09f9cdfb03fb7f0092352b97e65db73810a7,0,data/packed_images/benign_packed/e5fe9e98390c2b125d8f6fb83e2a09f9cdfb03fb7f0092352b97e65db73810a7.png
e626246cbe2fa606571c011faa9284c265b619fe81b3628cfa6c93fd1ede48bc,0,data/packed_images/benign_packed/e626246cbe2fa606571c011faa9284c265b619fe81b3628cfa6c93fd1ede48bc.png
e65843dd08f0044bfebc429e3ced7e936dc83c2d304fe7774147b0db382e5965,0,data/packed_images/benign_packed/e65843dd08f0044bfebc429e3ced7e936dc83c2d304fe7774147b0db382e5965.png
e68119e382b279c5e1db4ef14002d29b1d8ef971b877022e1cde819369962dad,0,data/packed_images/benign_packed/e68119e382b279c5e1db4ef14002d29b1d8ef971b877022e1cde819369962dad.png
e689bd5de0e4a72ff9a73babab1a63bd8daf271ff4803bc80f9abbd23abbe169,0,data/packed_images/benign_packed/e689bd5de0e4a72ff9a73babab1a63bd8daf271ff4803bc80f9abbd23abbe169.png
e68f1fb3f329d481173c4b7c2216e069ec74c4fec6aca90f542add59a3851ef9,0,data/packed_images/benign_packed/e68f1fb3f329d481173c4b7c2216e069ec74c4fec6aca90f542add59a3851ef9.png
e69402fa0f57cd843805b98c2c0a21e0fcefd2eed7975741238c97a038148ddb,0,data/packed_images/benign_packed/e69402fa0f57cd843805b98c2c0a21e0fcefd2eed7975741238c97a038148ddb.png
e6a079f8639a603f9c432d81b75ff142fb718ff8674b3c31887dd57f5923dd8b,0,data/packed_images/benign_packed/e6a079f8639a603f9c432d81b75ff142fb718ff8674b3c31887dd57f5923dd8b.png
e6a8b1178167dc2684b67e2e694a63916899eb866977fc44042b5e311f47f3ca,0,data/packed_images/benign_packed/e6a8b1178167dc2684b67e2e694a63916899eb866977fc44042b5e311f47f3ca.png
e6b10dda443ee164b37becc1ee21b3877c1a01c5399843bbc9d09bcdcde9bebb,0,data/packed_images/benign_packed/e6b10dda443ee164b37becc1ee21b3877c1a01c5399843bbc9d09bcdcde9bebb.png
e6b2407939d39c4186cae5001211ca6dc04897beb5f448e5d9e83dd4fbe2de73,0,data/packed_images/benign_packed/e6b2407939d39c4186cae5001211ca6dc04897beb5f448e5d9e83dd4fbe2de73.png
e6b7b0625197a07f1325cc0d6feb9d43091219bfc3acff352d2606cdf64d26ac,0,data/packed_images/benign_packed/e6b7b0625197a07f1325cc0d6feb9d43091219bfc3acff352d2606cdf64d26ac.png
e6bb6a1726068b29075acdb4b82bb29ea0ade12a8fcce565fd65dbb753502f5f,0,data/packed_images/benign_packed/e6bb6a1726068b29075acdb4b82bb29ea0ade12a8fcce565fd65dbb753502f5f.png
e6c5beeeaa953d66de06134c11bb7be8f65776bfc7ac6f4d2f2cb2c4479d927e,0,data/packed_images/benign_packed/e6c5beeeaa953d66de06134c11bb7be8f65776bfc7ac6f4d2f2cb2c4479d927e.png
e6c6c4f14a6307937f3b06733bc278bf752f0582027528925f400aecd8055b9f,0,data/packed_images/benign_packed/e6c6c4f14a6307937f3b06733bc278bf752f0582027528925f400aecd8055b9f.png
e6d2c7f6d0b83ab394d0b18cd084162f25f7b5edb1972cd4e072752296baf984,0,data/packed_images/benign_packed/e6d2c7f6d0b83ab394d0b18cd084162f25f7b5edb1972cd4e072752296baf984.png
e6db5f1d1800c9f1d68480549c64381c4a6b358b446e0ac1802c0c767960c84c,0,data/packed_images/benign_packed/e6db5f1d1800c9f1d68480549c64381c4a6b358b446e0ac1802c0c767960c84c.png
e6e24bb42db2e1da8b6a5147bc6234da90f8602f6dc7e5697bde289753f5bf16,0,data/packed_images/benign_packed/e6e24bb42db2e1da8b6a5147bc6234da90f8602f6dc7e5697bde289753f5bf16.png
e6ebad2f8c1f82035f6c14922944b2a98be8da80446de8ed445a69a2520f04f2,0,data/packed_images/benign_packed/e6ebad2f8c1f82035f6c14922944b2a98be8da80446de8ed445a69a2520f04f2.png
e7016ef0aa3c9fce35b6f299a6f0bca6d3001c1fdc43771c52f43de159ccb1c2,0,data/packed_images/benign_packed/e7016ef0aa3c9fce35b6f299a6f0bca6d3001c1fdc43771c52f43de159ccb1c2.png
e70dbe710eaee1ccb4647c51c427a4a4c1787179de3d84276dab96c4809bf61b,0,data/packed_images/benign_packed/e70dbe710eaee1ccb4647c51c427a4a4c1787179de3d84276dab96c4809bf61b.png
e715efeef9942173088096630aa5583386e1b1122d1e35411bca09ef3a06f92f,0,data/packed_images/benign_packed/e715efeef9942173088096630aa5583386e1b1122d1e35411bca09ef3a06f92f.png
e72e680b680e16d3ece95f59c9386dbdb290e0ae0f7f0ee91ce79da9072b952e,0,data/packed_images/benign_packed/e72e680b680e16d3ece95f59c9386dbdb290e0ae0f7f0ee91ce79da9072b952e.png
e734550a8d37ccb69a2aecd5e97c09588397db6f4383ee00a9f67848451562a0,0,data/packed_images/benign_packed/e734550a8d37ccb69a2aecd5e97c09588397db6f4383ee00a9f67848451562a0.png
e7388ff8b7cdd6beca2d475bfc8a9c7b2e5d7eaadf56b7c332ee4038ec2e2a8d,0,data/packed_images/benign_packed/e7388ff8b7cdd6beca2d475bfc8a9c7b2e5d7eaadf56b7c332ee4038ec2e2a8d.png
e74165410ab5680cc995d997072b17f3baaf81a999cf8af59b3a241b2389bd77,0,data/packed_images/benign_packed/e74165410ab5680cc995d997072b17f3baaf81a999cf8af59b3a241b2389bd77.png
e761b4f1c8a09614d418c12c5e38cc7582579ec4659c2d008cb91f91d139ad8d,0,data/packed_images/benign_packed/e761b4f1c8a09614d418c12c5e38cc7582579ec4659c2d008cb91f91d139ad8d.png
e792def510df32142e2e96db2bb6e7bb991a1cd9bfb8b93986c814bfd8ecdf24,0,data/packed_images/benign_packed/e792def510df32142e2e96db2bb6e7bb991a1cd9bfb8b93986c814bfd8ecdf24.png
e7aacb46f96038fdc16cfefbd0161edc1ec09ec51d7184879ea0a966fa4ce6c7,0,data/packed_images/benign_packed/e7aacb46f96038fdc16cfefbd0161edc1ec09ec51d7184879ea0a966fa4ce6c7.png
e7b931bf87ac8babd5f772c93b772ac3c1d8ed15243c5b09d72edfc52f746c40,0,data/packed_images/benign_packed/e7b931bf87ac8babd5f772c93b772ac3c1d8ed15243c5b09d72edfc52f746c40.png
e7c06124ce4d270226a708b0ee83bc5b3389ad1841c1f791671029f544a9ab5b,0,data/packed_images/benign_packed/e7c06124ce4d270226a708b0ee83bc5b3389ad1841c1f791671029f544a9ab5b.png
e7c52a18cd390832e128a45643daa120396769bfc6a1387e33c863904777f72d,0,data/packed_images/benign_packed/e7c52a18cd390832e128a45643daa120396769bfc6a1387e33c863904777f72d.png
e828684b243fb1a78c381b0e3f52b82560f16489dde5437e76e9f0e0c29b8e92,0,data/packed_images/benign_packed/e828684b243fb1a78c381b0e3f52b82560f16489dde5437e76e9f0e0c29b8e92.png
e82d2242c6dc3a63873537bdace52b84b64e8d2bbe0695091d3687c1b64e0ffe,0,data/packed_images/benign_packed/e82d2242c6dc3a63873537bdace52b84b64e8d2bbe0695091d3687c1b64e0ffe.png
e848c597233c3dbea2d0836b873f05ceb296240c0d1c5438ce24fd87aada914f,0,data/packed_images/benign_packed/e848c597233c3dbea2d0836b873f05ceb296240c0d1c5438ce24fd87aada914f.png
e8524774c663b83d8920ceb48a61666e71f098fc0983edb8a32c263d273a1eca,0,data/packed_images/benign_packed/e8524774c663b83d8920ceb48a61666e71f098fc0983edb8a32c263d273a1eca.png
e86738131218d2fcf4d82034d5cd0940f9044628123323e7a334097df7913012,0,data/packed_images/benign_packed/e86738131218d2fcf4d82034d5cd0940f9044628123323e7a334097df7913012.png
e887e1f0c49b52ca4cc5de13aaf9dfe48ee0af74812e4f1cc79c41673badc41a,0,data/packed_images/benign_packed/e887e1f0c49b52ca4cc5de13aaf9dfe48ee0af74812e4f1cc79c41673badc41a.png
e8b49fb3fb504160fc78ac33766a3b7980b22918938fdcbcbf5ce2eb806c3a58,0,data/packed_images/benign_packed/e8b49fb3fb504160fc78ac33766a3b7980b22918938fdcbcbf5ce2eb806c3a58.png
e8b9f506ed5c8c9b325b91e33073f71cfd6c2eb3b5fabc06a99f85fd4c0b1acd,0,data/packed_images/benign_packed/e8b9f506ed5c8c9b325b91e33073f71cfd6c2eb3b5fabc06a99f85fd4c0b1acd.png
e8ee9a3e0225923435341d8674a79522f1a95d4f5b34b21698b4b6ce4fe60c3c,0,data/packed_images/benign_packed/e8ee9a3e0225923435341d8674a79522f1a95d4f5b34b21698b4b6ce4fe60c3c.png
e8f7eba70a8182fa9680679447a26c534e1408df9e498444b13963baf50054d2,0,data/packed_images/benign_packed/e8f7eba70a8182fa9680679447a26c534e1408df9e498444b13963baf50054d2.png
e905626a046fb6cb012bda7802e520764bc03e392ce37d5134f635cdceca2844,0,data/packed_images/benign_packed/e905626a046fb6cb012bda7802e520764bc03e392ce37d5134f635cdceca2844.png
e90d90d8b56c7a65273c4f03d206e23ef5f3808019781574aff369c66ef13642,0,data/packed_images/benign_packed/e90d90d8b56c7a65273c4f03d206e23ef5f3808019781574aff369c66ef13642.png
e929cae582e4f92f60ec607da7acb448e22742691a4992406dd893bf99f2955f,0,data/packed_images/benign_packed/e929cae582e4f92f60ec607da7acb448e22742691a4992406dd893bf99f2955f.png
e95e529332a0b13bbd1e0cf62a7408bbadb4a9fdd37c4d697dae08f4b78784f1,0,data/packed_images/benign_packed/e95e529332a0b13bbd1e0cf62a7408bbadb4a9fdd37c4d697dae08f4b78784f1.png
e960dc2d7d5956c01d663c03fb1b2a2bd66f22a8bddad0ebfb9ef26c8ae5cbe7,0,data/packed_images/benign_packed/e960dc2d7d5956c01d663c03fb1b2a2bd66f22a8bddad0ebfb9ef26c8ae5cbe7.png
e9a4cf5bf4c4075b025fe49fe4c457ac3e2fefd8a493d302adeabd053e49968e,0,data/packed_images/benign_packed/e9a4cf5bf4c4075b025fe49fe4c457ac3e2fefd8a493d302adeabd053e49968e.png
e9b1907fbefa8bc88c21112d90b99819670b26eb74d9f73957d4be86c6bea1e0,0,data/packed_images/benign_packed/e9b1907fbefa8bc88c21112d90b99819670b26eb74d9f73957d4be86c6bea1e0.png
e9bc3322525acfe84afd7cfc27f07f6d18bd0a07ccff726d8fd5a4800c188f75,0,data/packed_images/benign_packed/e9bc3322525acfe84afd7cfc27f07f6d18bd0a07ccff726d8fd5a4800c188f75.png
e9c61945c0c7b887ec786832af1056334968d890fc042f0c16b8d7f80a2c0c9a,0,data/packed_images/benign_packed/e9c61945c0c7b887ec786832af1056334968d890fc042f0c16b8d7f80a2c0c9a.png
e9cdd0e28fcf8b5f137944c2b5fade2b12e97b3e5eed83438cbf1f1dd22275f9,0,data/packed_images/benign_packed/e9cdd0e28fcf8b5f137944c2b5fade2b12e97b3e5eed83438cbf1f1dd22275f9.png
e9eb6b300ff31e35cbf59fc68fb9aad9e087f08eb4c6a88a247d621efdbdf9a9,0,data/packed_images/benign_packed/e9eb6b300ff31e35cbf59fc68fb9aad9e087f08eb4c6a88a247d621efdbdf9a9.png
e9fe6bc363105a235f6dc61165214a8a2467585717b277e36a1146a25c99af6b,0,data/packed_images/benign_packed/e9fe6bc363105a235f6dc61165214a8a2467585717b277e36a1146a25c99af6b.png
ea0c7413fc57ad741f3ee7667bf60e87068c0a55db1ad6f601d571541b0fa47d,0,data/packed_images/benign_packed/ea0c7413fc57ad741f3ee7667bf60e87068c0a55db1ad6f601d571541b0fa47d.png
ea201c925daa612893d5a142746f70cce6b976fd261b937961dcb12b41f2c8c5,0,data/packed_images/benign_packed/ea201c925daa612893d5a142746f70cce6b976fd261b937961dcb12b41f2c8c5.png
ea4e9134029cb4f9a8e80302bdcfa24db29ed262f9eab82e1d6c7624bfbac907,0,data/packed_images/benign_packed/ea4e9134029cb4f9a8e80302bdcfa24db29ed262f9eab82e1d6c7624bfbac907.png
ea515342e57d7497f7b5abd7b89e771669a5b64b35954a2c3ee49bfc0ee3938f,0,data/packed_images/benign_packed/ea515342e57d7497f7b5abd7b89e771669a5b64b35954a2c3ee49bfc0ee3938f.png
ea5db8f5b8a3a6fb0fbf3a6a3d571ac864152cfb20466d6b3e720db59d9e1064,0,data/packed_images/benign_packed/ea5db8f5b8a3a6fb0fbf3a6a3d571ac864152cfb20466d6b3e720db59d9e1064.png
ea6f5952125ecc5f03585510afc527b81f4c68e0c96a614154a7c1b3fd14f1c7,0,data/packed_images/benign_packed/ea6f5952125ecc5f03585510afc527b81f4c68e0c96a614154a7c1b3fd14f1c7.png
ea7486b4425a87fddd60542aaf0812a8db868f569886b894883702b362a05d2c,0,data/packed_images/benign_packed/ea7486b4425a87fddd60542aaf0812a8db868f569886b894883702b362a05d2c.png
ea76830f1e01378f1a6b18bff71217e856cc1c89921f682cb1d817d2f02fb5b9,0,data/packed_images/benign_packed/ea76830f1e01378f1a6b18bff71217e856cc1c89921f682cb1d817d2f02fb5b9.png
ea871ce351aaf4c03bf5151fff5937c18009cf694cdec6878efa9d1f6ea198e2,0,data/packed_images/benign_packed/ea871ce351aaf4c03bf5151fff5937c18009cf694cdec6878efa9d1f6ea198e2.png
eaa8395acf4bbb48715a6ad00730abca3b282c4a1ed56b85cb25c69e6c181cba,0,data/packed_images/benign_packed/eaa8395acf4bbb48715a6ad00730abca3b282c4a1ed56b85cb25c69e6c181cba.png
eac814cee400a078e2d549ba6e3d7bd09d1bc9805a1c6c9ec0610a0e558472a1,0,data/packed_images/benign_packed/eac814cee400a078e2d549ba6e3d7bd09d1bc9805a1c6c9ec0610a0e558472a1.png
ead3b647d6c0d5cbad9284310d8ca68682ff08cef279410c4a33bb7cae1bb2b4,0,data/packed_images/benign_packed/ead3b647d6c0d5cbad9284310d8ca68682ff08cef279410c4a33bb7cae1bb2b4.png
eade048c41669333fc0754570f9b39683b6530e8079212c8568cad362ed9aa45,0,data/packed_images/benign_packed/eade048c41669333fc0754570f9b39683b6530e8079212c8568cad362ed9aa45.png
eae317b0a4c2a83127e97c7df9fa03a5452a56c9d269c487e72b5091a418294d,0,data/packed_images/benign_packed/eae317b0a4c2a83127e97c7df9fa03a5452a56c9d269c487e72b5091a418294d.png
eae3b49ab47d26e22c14d17c68e413b39db28ec2652207e6d79b175f0ec35291,0,data/packed_images/benign_packed/eae3b49ab47d26e22c14d17c68e413b39db28ec2652207e6d79b175f0ec35291.png
eae4fd5db50763115badeaa1664b086a7da5ecee8d4e4fe6ea642ae57b8f6917,0,data/packed_images/benign_packed/eae4fd5db50763115badeaa1664b086a7da5ecee8d4e4fe6ea642ae57b8f6917.png
eaebe72673657a69d0600184a42568c3551205d71ce0928a270968b2c327e5ee,0,data/packed_images/benign_packed/eaebe72673657a69d0600184a42568c3551205d71ce0928a270968b2c327e5ee.png
eb0e82bd0a6a5995c2da2b781d279931abcdb224588cb40df1526a6dafa65e88,0,data/packed_images/benign_packed/eb0e82bd0a6a5995c2da2b781d279931abcdb224588cb40df1526a6dafa65e88.png
eb41bf23e10405efcad8bb3eb8972f431394113324717386362ac6406a5c6d75,0,data/packed_images/benign_packed/eb41bf23e10405efcad8bb3eb8972f431394113324717386362ac6406a5c6d75.png
eb428a76b06c98b853c870cb362b7037acfabe0ae94d4c82ef4418bdefda013c,0,data/packed_images/benign_packed/eb428a76b06c98b853c870cb362b7037acfabe0ae94d4c82ef4418bdefda013c.png
eb54947ccdd09262c18dddca7007ab763fbcfdca67733c78623a534c07d5e5b7,0,data/packed_images/benign_packed/eb54947ccdd09262c18dddca7007ab763fbcfdca67733c78623a534c07d5e5b7.png
eb72e1689851154dbba45fa416b9a8eb3e77ac954eec6c5836a5fba7cbc32809,0,data/packed_images/benign_packed/eb72e1689851154dbba45fa416b9a8eb3e77ac954eec6c5836a5fba7cbc32809.png
eb7b1c815931f369b4ffff6645697852a2c47b02ebf82fee73c464a2c4ba2399,0,data/packed_images/benign_packed/eb7b1c815931f369b4ffff6645697852a2c47b02ebf82fee73c464a2c4ba2399.png
eb8052b1988605859b21193becfd3af9f4dd54d952d5155c1feabff942bdb507,0,data/packed_images/benign_packed/eb8052b1988605859b21193becfd3af9f4dd54d952d5155c1feabff942bdb507.png
eb9449aaba20df597243899daf5b8e181f1ecd72041e5737f4f0db7fae6b77a7,0,data/packed_images/benign_packed/eb9449aaba20df597243899daf5b8e181f1ecd72041e5737f4f0db7fae6b77a7.png
eb9720fc3610ea5f2ea6d1f40b6d326cc65e1b35e699f591629013cb03c6e82d,0,data/packed_images/benign_packed/eb9720fc3610ea5f2ea6d1f40b6d326cc65e1b35e699f591629013cb03c6e82d.png
eb9981e9a34f6e9ce50d86b0287c100c4fa8588c9c006837e2f2841de2f9fbc9,0,data/packed_images/benign_packed/eb9981e9a34f6e9ce50d86b0287c100c4fa8588c9c006837e2f2841de2f9fbc9.png
eb9d039740b6e1aa9b691a7c4afbd14288137b2d599e3bda6ada9c292c1bb23f,0,data/packed_images/benign_packed/eb9d039740b6e1aa9b691a7c4afbd14288137b2d599e3bda6ada9c292c1bb23f.png
eba49954042506dfcb35a1e6ef882635193672f1a695876abe4d7f4f82eb3b3d,0,data/packed_images/benign_packed/eba49954042506dfcb35a1e6ef882635193672f1a695876abe4d7f4f82eb3b3d.png
ebd1bbee4697959448d9b54c38f3583e284c4338490f382f82d7dc1201c82fd1,0,data/packed_images/benign_packed/ebd1bbee4697959448d9b54c38f3583e284c4338490f382f82d7dc1201c82fd1.png
ebe139e495de76299dc357356c3b558382bb5ee5a355655389f1fc4297f35d26,0,data/packed_images/benign_packed/ebe139e495de76299dc357356c3b558382bb5ee5a355655389f1fc4297f35d26.png
ebf33a5442f183224db6d6f3bb7422a28a76bc85be1545a4fea2c061238f04f6,0,data/packed_images/benign_packed/ebf33a5442f183224db6d6f3bb7422a28a76bc85be1545a4fea2c061238f04f6.png
ec10bb69c57098cfc5d825861029d7f487b454ebb74171fb955758f7d1c4b7b3,0,data/packed_images/benign_packed/ec10bb69c57098cfc5d825861029d7f487b454ebb74171fb955758f7d1c4b7b3.png
ec2f973fed4f820a728e84f444c445b851972ee0c408d3635829dedb9ce9993a,0,data/packed_images/benign_packed/ec2f973fed4f820a728e84f444c445b851972ee0c408d3635829dedb9ce9993a.png
ec43b708a1a5a5f52136d996afbf1c2629ec8cafaa2f0cbe06d37c8ffd7eae2c,0,data/packed_images/benign_packed/ec43b708a1a5a5f52136d996afbf1c2629ec8cafaa2f0cbe06d37c8ffd7eae2c.png
ec495b608cd06f4d3c5ff398bd878f2835a0369ebfdc1c8717ca4a348338e482,0,data/packed_images/benign_packed/ec495b608cd06f4d3c5ff398bd878f2835a0369ebfdc1c8717ca4a348338e482.png
ec5a0e91a179ca5a498641305db91b494cb78e327fd60d16061de20ba5a9262b,0,data/packed_images/benign_packed/ec5a0e91a179ca5a498641305db91b494cb78e327fd60d16061de20ba5a9262b.png
ec68b5163cbb5f15e2fbe37fdf5fcb0d01dffbe53a460cb2cf668f31f0127ad5,0,data/packed_images/benign_packed/ec68b5163cbb5f15e2fbe37fdf5fcb0d01dffbe53a460cb2cf668f31f0127ad5.png
ec6c7b6c6e11211492d1353878592c95cdc34691cc3ec369f293b11949f0f943,0,data/packed_images/benign_packed/ec6c7b6c6e11211492d1353878592c95cdc34691cc3ec369f293b11949f0f943.png
ec6e61d51d70f7bca922cb25e44ffd01d06fcb5a2a00fdbb6f5ff95698f01acf,0,data/packed_images/benign_packed/ec6e61d51d70f7bca922cb25e44ffd01d06fcb5a2a00fdbb6f5ff95698f01acf.png
ec7604ab0abaa90a1c60d2ac8db4356238354b3952bbb5aa8784951eaddcd884,0,data/packed_images/benign_packed/ec7604ab0abaa90a1c60d2ac8db4356238354b3952bbb5aa8784951eaddcd884.png
ec8eeaeaeffa5ffc6ab73d738b2baf2dc8bdf8435f781c1947efd3adeccae799,0,data/packed_images/benign_packed/ec8eeaeaeffa5ffc6ab73d738b2baf2dc8bdf8435f781c1947efd3adeccae799.png
eca0296fbe57705bccdffe00ee622f1f91cdb5ee199bef158c22e2963fdfc439,0,data/packed_images/benign_packed/eca0296fbe57705bccdffe00ee622f1f91cdb5ee199bef158c22e2963fdfc439.png
ecac9510586e6134a714944509fb78d8e0ea82f261b3f6bddd8da6456b0fc5d2,0,data/packed_images/benign_packed/ecac9510586e6134a714944509fb78d8e0ea82f261b3f6bddd8da6456b0fc5d2.png
ecdbbb7acfdbfac8e5461847ddb976d30b86eb38a382d6137e9bf8c5e254905b,0,data/packed_images/benign_packed/ecdbbb7acfdbfac8e5461847ddb976d30b86eb38a382d6137e9bf8c5e254905b.png
ed0170d3de86da33e02bfa1605eec8ff6010583481b1c530843867c1939d2185,0,data/packed_images/benign_packed/ed0170d3de86da33e02bfa1605eec8ff6010583481b1c530843867c1939d2185.png
ed341d2bf7d18ba97d365716e7def8c09ec94d832a50e43805bcbd5c2db9bd66,0,data/packed_images/benign_packed/ed341d2bf7d18ba97d365716e7def8c09ec94d832a50e43805bcbd5c2db9bd66.png
ed46ca8cb5d111e37d8bfd8ecd2d310a2d0267a2f8e83b2e7a38f55139a8afff,0,data/packed_images/benign_packed/ed46ca8cb5d111e37d8bfd8ecd2d310a2d0267a2f8e83b2e7a38f55139a8afff.png
ed73a6609906e4b81851dcd9a14f619710aa890ed5567ad3cfe7acc76f943630,0,data/packed_images/benign_packed/ed73a6609906e4b81851dcd9a14f619710aa890ed5567ad3cfe7acc76f943630.png
ed8b55c9a84e79cb449c69820bf04ec30aad3ddde2ab4cfdd9582ea8d401b81e,0,data/packed_images/benign_packed/ed8b55c9a84e79cb449c69820bf04ec30aad3ddde2ab4cfdd9582ea8d401b81e.png
ed95b1141f32e8d2180b47426a1cbe89085764e744938e9bca98c5be411a52a6,0,data/packed_images/benign_packed/ed95b1141f32e8d2180b47426a1cbe89085764e744938e9bca98c5be411a52a6.png
eda3912398b1dc67eb8cdb1202ca8bc50079de27e21a6dbfa16e2b481bf8dcd0,0,data/packed_images/benign_packed/eda3912398b1dc67eb8cdb1202ca8bc50079de27e21a6dbfa16e2b481bf8dcd0.png
eda3e7fd5703c82ade90054a0856380a9c90b650572b298c5037c54f18f5155e,0,data/packed_images/benign_packed/eda3e7fd5703c82ade90054a0856380a9c90b650572b298c5037c54f18f5155e.png
edc559f5e663667b41163eece311e268760c9e1e575d95b7d3ecaaf999c306f0,0,data/packed_images/benign_packed/edc559f5e663667b41163eece311e268760c9e1e575d95b7d3ecaaf999c306f0.png
edcd20c4df5b62fd19e27d90f28e4548bbb33dc8e726103236c7d04106896f0d,0,data/packed_images/benign_packed/edcd20c4df5b62fd19e27d90f28e4548bbb33dc8e726103236c7d04106896f0d.png
ee0f0f2d44f634560cfee400549bfc516cd2a8275a086529e07944025d82a464,0,data/packed_images/benign_packed/ee0f0f2d44f634560cfee400549bfc516cd2a8275a086529e07944025d82a464.png
ee146222f94504848a1791e3d2a8a6a090bd018fe7a1a37653445e71a53521a9,0,data/packed_images/benign_packed/ee146222f94504848a1791e3d2a8a6a090bd018fe7a1a37653445e71a53521a9.png
ee1bc6c8dcbf9a3aba9afcd9163e6f2277d4187f7a7b43deac983ce26cd7c9b0,0,data/packed_images/benign_packed/ee1bc6c8dcbf9a3aba9afcd9163e6f2277d4187f7a7b43deac983ce26cd7c9b0.png
ee1e2499c6b633dc0f452d758b1e502d7ff3efa9dadf749000ec9985a5ebab2f,0,data/packed_images/benign_packed/ee1e2499c6b633dc0f452d758b1e502d7ff3efa9dadf749000ec9985a5ebab2f.png
ee2dab11820e4158e7cd9b33fb63d0b6e677bea0b8fc8eb17002bbc0b80e6b63,0,data/packed_images/benign_packed/ee2dab11820e4158e7cd9b33fb63d0b6e677bea0b8fc8eb17002bbc0b80e6b63.png
ee3af1fcd5e02115beeb7c2306148273142d9809fd672a2d07a09076788083bd,0,data/packed_images/benign_packed/ee3af1fcd5e02115beeb7c2306148273142d9809fd672a2d07a09076788083bd.png
ee413bf57e7fd579003b4fabe5a08e94a9e194a6ad1fbd0fd34dbf7d009bb68a,0,data/packed_images/benign_packed/ee413bf57e7fd579003b4fabe5a08e94a9e194a6ad1fbd0fd34dbf7d009bb68a.png
ee669ca99990c68acd0c8c311c1edb1bbb2c0aaeb4455fdeb9616bf3f57ce34d,0,data/packed_images/benign_packed/ee669ca99990c68acd0c8c311c1edb1bbb2c0aaeb4455fdeb9616bf3f57ce34d.png
ee6cd323020c53035480cb32df32a8bedc4b9293e1abcee1e95b73c8d484d1b7,0,data/packed_images/benign_packed/ee6cd323020c53035480cb32df32a8bedc4b9293e1abcee1e95b73c8d484d1b7.png
ee89bd669577c3476652c878a99b8b1fef2db6b26bf6387b2fec93f9703b804a,0,data/packed_images/benign_packed/ee89bd669577c3476652c878a99b8b1fef2db6b26bf6387b2fec93f9703b804a.png
eedb396d3a498949c4c41992f805486ff1b38d7392d32cc1adc5007f5c9692cb,0,data/packed_images/benign_packed/eedb396d3a498949c4c41992f805486ff1b38d7392d32cc1adc5007f5c9692cb.png
eeeb812432a223d99a7c3b3ab75139d444845021e2e59bacb2a01011cb3751f1,0,data/packed_images/benign_packed/eeeb812432a223d99a7c3b3ab75139d444845021e2e59bacb2a01011cb3751f1.png
ef1533a9b3fa29711591306070cc7bc92cdd7dd709a920389cc4ee818e95b130,0,data/packed_images/benign_packed/ef1533a9b3fa29711591306070cc7bc92cdd7dd709a920389cc4ee818e95b130.png
ef33eec3a02e64e672fa96ab3b9671d7144e2e7818ef8534a01e2f6f00b2fb94,0,data/packed_images/benign_packed/ef33eec3a02e64e672fa96ab3b9671d7144e2e7818ef8534a01e2f6f00b2fb94.png
ef48054901be980cbecf8762d4aade6eaa39115df7f6fdccec75680503dd6aeb,0,data/packed_images/benign_packed/ef48054901be980cbecf8762d4aade6eaa39115df7f6fdccec75680503dd6aeb.png
ef55c89c74fcc67f713e70e2523fcaaedccc5af4e5909acc463d7750e98ca30c,0,data/packed_images/benign_packed/ef55c89c74fcc67f713e70e2523fcaaedccc5af4e5909acc463d7750e98ca30c.png
ef5834020f5bb1a9c921eed246b0c131c6c15785dbca737ac7213b941d8a8427,0,data/packed_images/benign_packed/ef5834020f5bb1a9c921eed246b0c131c6c15785dbca737ac7213b941d8a8427.png
ef5891fc962408008f8ea2f535485408396bb8a311411373fb7c2905374dd102,0,data/packed_images/benign_packed/ef5891fc962408008f8ea2f535485408396bb8a311411373fb7c2905374dd102.png
ef70671f0525c802d6d3d6c71d04142080eaa27e430ab9cb926cbfb2911c1843,0,data/packed_images/benign_packed/ef70671f0525c802d6d3d6c71d04142080eaa27e430ab9cb926cbfb2911c1843.png
ef77bf7f24809fda49d80221a8580adc242ea2f031842bcf7f9fb9fa76d63690,0,data/packed_images/benign_packed/ef77bf7f24809fda49d80221a8580adc242ea2f031842bcf7f9fb9fa76d63690.png
ef77f80f47b6578194757d9972d61076ddd4e5ee95bb841abe0457bfc1772ae3,0,data/packed_images/benign_packed/ef77f80f47b6578194757d9972d61076ddd4e5ee95bb841abe0457bfc1772ae3.png
ef783fe8c85edf3eea470b91a3d3ee36292b7ec12ef2a959cf38e9fa5bf9f033,0,data/packed_images/benign_packed/ef783fe8c85edf3eea470b91a3d3ee36292b7ec12ef2a959cf38e9fa5bf9f033.png
ef80fddede691b820977bf03f67f1553d65ab650a39e609fdb1775a0269cecbc,0,data/packed_images/benign_packed/ef80fddede691b820977bf03f67f1553d65ab650a39e609fdb1775a0269cecbc.png
efa1edfa3c78e79c26c4256bac4ec72a01973fc8d04fef708dfcf5dd8fe1d808,0,data/packed_images/benign_packed/efa1edfa3c78e79c26c4256bac4ec72a01973fc8d04fef708dfcf5dd8fe1d808.png
efaea49ef810c8bfaca178e0e58f393be3b5d8bc4e72c157a533b05824063ded,0,data/packed_images/benign_packed/efaea49ef810c8bfaca178e0e58f393be3b5d8bc4e72c157a533b05824063ded.png
efc3324bf5dea534d7415f7ecf1378ccd9ed32109578c03b9870810d1b47d6e6,0,data/packed_images/benign_packed/efc3324bf5dea534d7415f7ecf1378ccd9ed32109578c03b9870810d1b47d6e6.png
efc61b0ffa2e42e1354d453751f47877793249a8ad39b2226baba74b4820b4c3,0,data/packed_images/benign_packed/efc61b0ffa2e42e1354d453751f47877793249a8ad39b2226baba74b4820b4c3.png
f02675fab9930729a76c42fcfe364160d5ed848f5f75783cf3d4ab4de47a6fc4,0,data/packed_images/benign_packed/f02675fab9930729a76c42fcfe364160d5ed848f5f75783cf3d4ab4de47a6fc4.png
f02c20eb8352ec9c9198c3d9c939a78b50b93baef0fe506f8e4b477cef491f5a,0,data/packed_images/benign_packed/f02c20eb8352ec9c9198c3d9c939a78b50b93baef0fe506f8e4b477cef491f5a.png
f03407389b43263195f8e3957869a7b41b7a61243c0865ba0ec0b2974b51a9e3,0,data/packed_images/benign_packed/f03407389b43263195f8e3957869a7b41b7a61243c0865ba0ec0b2974b51a9e3.png
f036de065c032ae7fb0b9f25ea238f69f907d4282385a04e202d716a62733a4b,0,data/packed_images/benign_packed/f036de065c032ae7fb0b9f25ea238f69f907d4282385a04e202d716a62733a4b.png
f073c031c787956ad68f2b5c8f512212071e3fff4610910cff8d2a2b81d3b50d,0,data/packed_images/benign_packed/f073c031c787956ad68f2b5c8f512212071e3fff4610910cff8d2a2b81d3b50d.png
f0870922e3c60d50b386944f4dde819cf1c71ec8dceb71fdb906e51482b3edb8,0,data/packed_images/benign_packed/f0870922e3c60d50b386944f4dde819cf1c71ec8dceb71fdb906e51482b3edb8.png
f08b1f597abb3647ab6e844282ded763e6078dbef6dd54b9d956ca419fac42fe,0,data/packed_images/benign_packed/f08b1f597abb3647ab6e844282ded763e6078dbef6dd54b9d956ca419fac42fe.png
f0a6f156d13150de6ebb094233e5ff78581fbdb77bd0ff8d083698c42bc8e13b,0,data/packed_images/benign_packed/f0a6f156d13150de6ebb094233e5ff78581fbdb77bd0ff8d083698c42bc8e13b.png
f0adbd08ffcf58ed20ef5f19952f3a24f5dfe9242e4f727304e799edb095cb21,0,data/packed_images/benign_packed/f0adbd08ffcf58ed20ef5f19952f3a24f5dfe9242e4f727304e799edb095cb21.png
f0c5adf74cdb6458738e57fbd51f056558311a69aedf6820fbb8ea6f3eece985,0,data/packed_images/benign_packed/f0c5adf74cdb6458738e57fbd51f056558311a69aedf6820fbb8ea6f3eece985.png
f0c85317295a2f34297aa8f6b6c48c2452d15700024c5f1492ed7ac1537a7c44,0,data/packed_images/benign_packed/f0c85317295a2f34297aa8f6b6c48c2452d15700024c5f1492ed7ac1537a7c44.png
f0cfcc1a9cd9b246b53fe14fa2f77975763a6de5fbb3a98cf5ea622be0c62cea,0,data/packed_images/benign_packed/f0cfcc1a9cd9b246b53fe14fa2f77975763a6de5fbb3a98cf5ea622be0c62cea.png
f0f9e3dd3b51f5bd06de68d78c51b432dff57c83e8833963e8ecec7daf0fe368,0,data/packed_images/benign_packed/f0f9e3dd3b51f5bd06de68d78c51b432dff57c83e8833963e8ecec7daf0fe368.png
f1021f3f854cf73292e21dcab26b8826efc050930beb1fef0ac77385a15e6c8d,0,data/packed_images/benign_packed/f1021f3f854cf73292e21dcab26b8826efc050930beb1fef0ac77385a15e6c8d.png
f13f03c60b48664b5ab5b294c32feb1ff2fd632f206ee6732d3ddffb919a8b57,0,data/packed_images/benign_packed/f13f03c60b48664b5ab5b294c32feb1ff2fd632f206ee6732d3ddffb919a8b57.png
f151d3d87ecefb57d5fe306eda25cd0b9b53a04ce53445ac4dfaf5c67ace90db,0,data/packed_images/benign_packed/f151d3d87ecefb57d5fe306eda25cd0b9b53a04ce53445ac4dfaf5c67ace90db.png
f15a226b96dbec6420521c16cf1e621c20d2339c5bec6b9816ebcd7e7ecb4c35,0,data/packed_images/benign_packed/f15a226b96dbec6420521c16cf1e621c20d2339c5bec6b9816ebcd7e7ecb4c35.png
f15efcab1780fe7d784a3cd3798f147fa249e81b7ef9a494b85dc7fdab084734,0,data/packed_images/benign_packed/f15efcab1780fe7d784a3cd3798f147fa249e81b7ef9a494b85dc7fdab084734.png
f178913b7906e4546f54e6423ffeafc83a1727d49ffa9f0c72ceab8ea707f9c2,0,data/packed_images/benign_packed/f178913b7906e4546f54e6423ffeafc83a1727d49ffa9f0c72ceab8ea707f9c2.png
f179f5ec2950440f90f8069d8a6bd5c7b96226c015e31a34060d782e8a7dc941,0,data/packed_images/benign_packed/f179f5ec2950440f90f8069d8a6bd5c7b96226c015e31a34060d782e8a7dc941.png
f19e4864febdcf249da9866e7bd8609370765dad2dfc8c131c722cd0523096e1,0,data/packed_images/benign_packed/f19e4864febdcf249da9866e7bd8609370765dad2dfc8c131c722cd0523096e1.png
f1a205016f8d0d098722b983a499513669321ce8f0b4a4af270f22f4bbc76b26,0,data/packed_images/benign_packed/f1a205016f8d0d098722b983a499513669321ce8f0b4a4af270f22f4bbc76b26.png
f1a3370893c7b1123dbc013155b39108571cc2aca7f07d48b92c98398f9c94b1,0,data/packed_images/benign_packed/f1a3370893c7b1123dbc013155b39108571cc2aca7f07d48b92c98398f9c94b1.png
f1bc7cfb5a8bd67997eee95397bebf212b408b00bb661e3f311a18f472fe6a33,0,data/packed_images/benign_packed/f1bc7cfb5a8bd67997eee95397bebf212b408b00bb661e3f311a18f472fe6a33.png
f1c4743cf938c1cf5cc472fa6315930781edf005e4714c3bc78f543b71456657,0,data/packed_images/benign_packed/f1c4743cf938c1cf5cc472fa6315930781edf005e4714c3bc78f543b71456657.png
f1cfe4cd1ea2cebd5f8e9062a3085791b220c223491b0ebb6a547f8be07c867c,0,data/packed_images/benign_packed/f1cfe4cd1ea2cebd5f8e9062a3085791b220c223491b0ebb6a547f8be07c867c.png
f1df598b3a619767f6380e622605b0ef2acacc8a49b4f7bef6bbdb13d93284ff,0,data/packed_images/benign_packed/f1df598b3a619767f6380e622605b0ef2acacc8a49b4f7bef6bbdb13d93284ff.png
f1ecc0ecb53ae8e18dfee20f395c656bb806f5f231c965f511d6bf8d9b50cc24,0,data/packed_images/benign_packed/f1ecc0ecb53ae8e18dfee20f395c656bb806f5f231c965f511d6bf8d9b50cc24.png
f2069a52880ec885ee7f0511186100eb7fada0411a2b4948fafea7735b878a18,0,data/packed_images/benign_packed/f2069a52880ec885ee7f0511186100eb7fada0411a2b4948fafea7735b878a18.png
f20f144ca6895112c229a9423cea68e51697fc0681fa922b2d0a4a3c6516f96b,0,data/packed_images/benign_packed/f20f144ca6895112c229a9423cea68e51697fc0681fa922b2d0a4a3c6516f96b.png
f224f0aa7b19a6e331a18e565fe4a54fb652ff6c8e09657ede61d11d296fe3ca,0,data/packed_images/benign_packed/f224f0aa7b19a6e331a18e565fe4a54fb652ff6c8e09657ede61d11d296fe3ca.png
f240a3f6052de061145fbb31605fd3c61bad67c0fee5c5282b81a12250f1ecba,0,data/packed_images/benign_packed/f240a3f6052de061145fbb31605fd3c61bad67c0fee5c5282b81a12250f1ecba.png
f25891889858a05c2443f15a7a35c625a8458e86f2e9f01b1ed116cd3ffd798a,0,data/packed_images/benign_packed/f25891889858a05c2443f15a7a35c625a8458e86f2e9f01b1ed116cd3ffd798a.png
f294e5f02831265cb041838f56e6654e1feacd53d6c28dad32ed3107f51f31a3,0,data/packed_images/benign_packed/f294e5f02831265cb041838f56e6654e1feacd53d6c28dad32ed3107f51f31a3.png
f2953e5842301a07357aa8176cd60dc6d12f41543d9f8541bd684c85a0b00c93,0,data/packed_images/benign_packed/f2953e5842301a07357aa8176cd60dc6d12f41543d9f8541bd684c85a0b00c93.png
f2ddf7aab4e600ce608184ed5de52123ba25769f32fe5538ea56d19887b431d4,0,data/packed_images/benign_packed/f2ddf7aab4e600ce608184ed5de52123ba25769f32fe5538ea56d19887b431d4.png
f2ebf3a17b714020bce26ca739f14205e806f21d476a59fe6c0d8173dc02f2ee,0,data/packed_images/benign_packed/f2ebf3a17b714020bce26ca739f14205e806f21d476a59fe6c0d8173dc02f2ee.png
f2fa79d20a62fc522774243ff1a53b97cb29a3b7ea96b4a46c28decd864edc1c,0,data/packed_images/benign_packed/f2fa79d20a62fc522774243ff1a53b97cb29a3b7ea96b4a46c28decd864edc1c.png
f2fb740bbfd6e84c090c2ca9768aa6c2c2e72c40ff975d3db79cac59cff0bd57,0,data/packed_images/benign_packed/f2fb740bbfd6e84c090c2ca9768aa6c2c2e72c40ff975d3db79cac59cff0bd57.png
f32b21ec6965d94ccbffa75ea01c61a5ac3f7625b73fa7b3c466dd34de08c94b,0,data/packed_images/benign_packed/f32b21ec6965d94ccbffa75ea01c61a5ac3f7625b73fa7b3c466dd34de08c94b.png
f32ddc3f8d148e865270ff76ad221f56f9bacf8080925c2cd4e148a4dd33d735,0,data/packed_images/benign_packed/f32ddc3f8d148e865270ff76ad221f56f9bacf8080925c2cd4e148a4dd33d735.png
f330b4e37048bca3e58e12fbd148b698761e3d91b0f7d3d984cea608fda5937c,0,data/packed_images/benign_packed/f330b4e37048bca3e58e12fbd148b698761e3d91b0f7d3d984cea608fda5937c.png
f33789966a1c69a7e458d4863bb181d7530ec443d1acd51c61df961e27517567,0,data/packed_images/benign_packed/f33789966a1c69a7e458d4863bb181d7530ec443d1acd51c61df961e27517567.png
f368ce0b0f0258379155aa87d69f86eabeadfd9516990a0bd7d4ea66bf5fcedd,0,data/packed_images/benign_packed/f368ce0b0f0258379155aa87d69f86eabeadfd9516990a0bd7d4ea66bf5fcedd.png
f376e222241bec66cd07405a340f6df82e7c1672dfcdd353f2e3ac93d15376bb,0,data/packed_images/benign_packed/f376e222241bec66cd07405a340f6df82e7c1672dfcdd353f2e3ac93d15376bb.png
f37d8f7491a542a402dea029dd989d149f0ccb5ef6596b0a35759469f431eac3,0,data/packed_images/benign_packed/f37d8f7491a542a402dea029dd989d149f0ccb5ef6596b0a35759469f431eac3.png
f3888cf05eecb4c22ef99d7aa7c5f8c4f61f055ff2807d57a6cc3738713a4ed9,0,data/packed_images/benign_packed/f3888cf05eecb4c22ef99d7aa7c5f8c4f61f055ff2807d57a6cc3738713a4ed9.png
f39c877e090b4e64d4998f4f29e3e92decb112ccb6a7852d1d0e56940adffbd9,0,data/packed_images/benign_packed/f39c877e090b4e64d4998f4f29e3e92decb112ccb6a7852d1d0e56940adffbd9.png
f3a6b18bc0b15221985311a8f55581e856de63201ce33aedc1a34b6e55a06d49,0,data/packed_images/benign_packed/f3a6b18bc0b15221985311a8f55581e856de63201ce33aedc1a34b6e55a06d49.png
f3aa9b72a3cf6ea0d0df974e86b96aabae57af9b3022d61f61ed8b583e4d9033,0,data/packed_images/benign_packed/f3aa9b72a3cf6ea0d0df974e86b96aabae57af9b3022d61f61ed8b583e4d9033.png
f3ac3a69de4b71803529afacfbbac52c6e9676511d8d9d028c36f9d4a9ec4fb3,0,data/packed_images/benign_packed/f3ac3a69de4b71803529afacfbbac52c6e9676511d8d9d028c36f9d4a9ec4fb3.png
f3ee17ccf9d2adaa9a5668138efa6822e1badf4f8c6221d06060fd87c58dee00,0,data/packed_images/benign_packed/f3ee17ccf9d2adaa9a5668138efa6822e1badf4f8c6221d06060fd87c58dee00.png
f3f431178f56efff7a8a69d61f4a35122e719c7aa0a22cc3b2d178ce8aa3f946,0,data/packed_images/benign_packed/f3f431178f56efff7a8a69d61f4a35122e719c7aa0a22cc3b2d178ce8aa3f946.png
f4163cbc464a82fce47442447351265a287561c8d64ecc2f2f97f5e73bcb4347,0,data/packed_images/benign_packed/f4163cbc464a82fce47442447351265a287561c8d64ecc2f2f97f5e73bcb4347.png
f422ef0e18177d9ee0edfd48863734a33932c077152a7dc5f66925a64f514dff,0,data/packed_images/benign_packed/f422ef0e18177d9ee0edfd48863734a33932c077152a7dc5f66925a64f514dff.png
f42f4982dc72fca7695a9fb4c1e32a27fccb4b9a244063878300a347c01634cf,0,data/packed_images/benign_packed/f42f4982dc72fca7695a9fb4c1e32a27fccb4b9a244063878300a347c01634cf.png
f462b585b19a31dd11e6da096c5cacb18161becdda7c5a70bc6361bf1d349dfd,0,data/packed_images/benign_packed/f462b585b19a31dd11e6da096c5cacb18161becdda7c5a70bc6361bf1d349dfd.png
f469a979aac96b9a00879fac39e899400b7db9efc28478f764bbace0f95d8e38,0,data/packed_images/benign_packed/f469a979aac96b9a00879fac39e899400b7db9efc28478f764bbace0f95d8e38.png
f47d3bf7855ac674db6592f642c729dc428a89ea6aa87874894c4bbc29527f65,0,data/packed_images/benign_packed/f47d3bf7855ac674db6592f642c729dc428a89ea6aa87874894c4bbc29527f65.png
f48f120bf76207dbb75e16626c89b00cb4ff4d9fb91a48df87740411ef440e75,0,data/packed_images/benign_packed/f48f120bf76207dbb75e16626c89b00cb4ff4d9fb91a48df87740411ef440e75.png
f493a90ed9c7d0428561ed212d54d123c579002d2db2cbd612015fc24d0ea1db,0,data/packed_images/benign_packed/f493a90ed9c7d0428561ed212d54d123c579002d2db2cbd612015fc24d0ea1db.png
f4969b283e93833a039258312b9eb3ed6d1bda5c834fc304abbc633b508935a7,0,data/packed_images/benign_packed/f4969b283e93833a039258312b9eb3ed6d1bda5c834fc304abbc633b508935a7.png
f4a88f9d9f71f94fb808af142579730a90c4d16dcd56055264c4c5e0697a09ea,0,data/packed_images/benign_packed/f4a88f9d9f71f94fb808af142579730a90c4d16dcd56055264c4c5e0697a09ea.png
f4b4749dc262e2530af172163806631ef2de1da5d0362892261555d0fdfbbb15,0,data/packed_images/benign_packed/f4b4749dc262e2530af172163806631ef2de1da5d0362892261555d0fdfbbb15.png
f4c246c0e6061d8ac135609533253cc5448e86185afb08a85865a452829b7f13,0,data/packed_images/benign_packed/f4c246c0e6061d8ac135609533253cc5448e86185afb08a85865a452829b7f13.png
f4ea930785ac7caa9eccff9dff1eefe72198a2a59f3e852cd6a2d8a08895ccf2,0,data/packed_images/benign_packed/f4ea930785ac7caa9eccff9dff1eefe72198a2a59f3e852cd6a2d8a08895ccf2.png
f4ee977188acfd4227e7e92ee9a7f2843f2041b7877ce87b6873f37e620b043d,0,data/packed_images/benign_packed/f4ee977188acfd4227e7e92ee9a7f2843f2041b7877ce87b6873f37e620b043d.png
f4fad4e9e147184a9947353f5c62139fdab7023e7005e805dfc9f9804ad2659a,0,data/packed_images/benign_packed/f4fad4e9e147184a9947353f5c62139fdab7023e7005e805dfc9f9804ad2659a.png
f5126cffd49e514ef3d77b715a58c355d5d8183108bdb365bd23373698b585af,0,data/packed_images/benign_packed/f5126cffd49e514ef3d77b715a58c355d5d8183108bdb365bd23373698b585af.png
f52e19ba4da44ab3ca36ffd388a8af158e15d48351f0dafd9edc5394f78c2fc0,0,data/packed_images/benign_packed/f52e19ba4da44ab3ca36ffd388a8af158e15d48351f0dafd9edc5394f78c2fc0.png
f5361a361c70fe9d813c2acd2e919c76c9da4d44287c8a164fc347855f3ccd2c,0,data/packed_images/benign_packed/f5361a361c70fe9d813c2acd2e919c76c9da4d44287c8a164fc347855f3ccd2c.png
f540e9dceb09d2827c39b3d5ccc34536f4d7910400ee64c288e8df7cee2f18fd,0,data/packed_images/benign_packed/f540e9dceb09d2827c39b3d5ccc34536f4d7910400ee64c288e8df7cee2f18fd.png
f5511b10a3ba531b7f56151734bd6f90d16d858d3a433b0d6f7abf4d651a1edc,0,data/packed_images/benign_packed/f5511b10a3ba531b7f56151734bd6f90d16d858d3a433b0d6f7abf4d651a1edc.png
f5551d0d23b7539addce6f62e0a55119c81af3d432bbda819481d6062e081755,0,data/packed_images/benign_packed/f5551d0d23b7539addce6f62e0a55119c81af3d432bbda819481d6062e081755.png
f557e3508b69b15abfec57509e18f7f51431a77d0c39df8e9a6b7aefd70c99c0,0,data/packed_images/benign_packed/f557e3508b69b15abfec57509e18f7f51431a77d0c39df8e9a6b7aefd70c99c0.png
f560fbd736db3b86b0507239fd3c37328539a1be151571200f2002f1798ea5c7,0,data/packed_images/benign_packed/f560fbd736db3b86b0507239fd3c37328539a1be151571200f2002f1798ea5c7.png
f57539a9546ae78b095effd75d221f1bce8007f8ca97e0f4b6d68216276923bc,0,data/packed_images/benign_packed/f57539a9546ae78b095effd75d221f1bce8007f8ca97e0f4b6d68216276923bc.png
f5c395acf4a238f5a2c820b7bc8b9de96fe14c00c3c25145ac367326b0fd6563,0,data/packed_images/benign_packed/f5c395acf4a238f5a2c820b7bc8b9de96fe14c00c3c25145ac367326b0fd6563.png
f5c3fa2b4ef254d36db3541e8e9a24f6649289daa589932549246629d2751e9d,0,data/packed_images/benign_packed/f5c3fa2b4ef254d36db3541e8e9a24f6649289daa589932549246629d2751e9d.png
f5c9052a5ffa426dd5f8f3e319cdc1d95ba1a2091802eee08ae10853a1305022,0,data/packed_images/benign_packed/f5c9052a5ffa426dd5f8f3e319cdc1d95ba1a2091802eee08ae10853a1305022.png
f5d39751b756535c3ec31227494185db620a210b81a6b73ea25be99dd10976d5,0,data/packed_images/benign_packed/f5d39751b756535c3ec31227494185db620a210b81a6b73ea25be99dd10976d5.png
f5daf1d69f14be51fb9fe3127fa7e57dadb158e7da45a0a32d5807f993ad9efe,0,data/packed_images/benign_packed/f5daf1d69f14be51fb9fe3127fa7e57dadb158e7da45a0a32d5807f993ad9efe.png
f5f635c0cf8252b81c8283ae7063e5bdbc7d608ee8798ec6064707b489339d5d,0,data/packed_images/benign_packed/f5f635c0cf8252b81c8283ae7063e5bdbc7d608ee8798ec6064707b489339d5d.png
f5f71a59cc7a52f39f46fd6390ef6707d4c59077df0bce1aa4776f51d49b23ba,0,data/packed_images/benign_packed/f5f71a59cc7a52f39f46fd6390ef6707d4c59077df0bce1aa4776f51d49b23ba.png
f61caf649570ffa44f821e94d0467ecf81d89db1bf126b2ee3eb6ea3fd00ba49,0,data/packed_images/benign_packed/f61caf649570ffa44f821e94d0467ecf81d89db1bf126b2ee3eb6ea3fd00ba49.png
f62393b8733671406db45c3d7480e911371fdec7576c3f10643d29c270da5cce,0,data/packed_images/benign_packed/f62393b8733671406db45c3d7480e911371fdec7576c3f10643d29c270da5cce.png
f623cf6a86e3edef377ba6895b4fc15cbc3945c379f57b46de7ebd07c813dd3d,0,data/packed_images/benign_packed/f623cf6a86e3edef377ba6895b4fc15cbc3945c379f57b46de7ebd07c813dd3d.png
f626af66e12035b9b7b041b075cb9daa213669635412eb8650a193ef6bf6a30b,0,data/packed_images/benign_packed/f626af66e12035b9b7b041b075cb9daa213669635412eb8650a193ef6bf6a30b.png
f6279abc2df21ebb550dd72d7042621d8a612c381a9189574022586d1a38d07c,0,data/packed_images/benign_packed/f6279abc2df21ebb550dd72d7042621d8a612c381a9189574022586d1a38d07c.png
f62df3de37282208e5ced87fb7608ce2e6880dbb18415e6017bea2366276e5d2,0,data/packed_images/benign_packed/f62df3de37282208e5ced87fb7608ce2e6880dbb18415e6017bea2366276e5d2.png
f64e65680aa39cdcfa7240ddb541e7e2a0923927a8d09ce13f00a65b8e011bd4,0,data/packed_images/benign_packed/f64e65680aa39cdcfa7240ddb541e7e2a0923927a8d09ce13f00a65b8e011bd4.png
f669339ee468f152a235ef733c203bece06290b34151d71d777567d2ae17b5c1,0,data/packed_images/benign_packed/f669339ee468f152a235ef733c203bece06290b34151d71d777567d2ae17b5c1.png
f679aa6fe6ed32847a71f95bf054bc0f6b703e94f651dad4067a9362fac14ed2,0,data/packed_images/benign_packed/f679aa6fe6ed32847a71f95bf054bc0f6b703e94f651dad4067a9362fac14ed2.png
f695f156fc4e2498b2e3ab9aa1a5483af84fdce9ea779c2aed93dae88b69ff6e,0,data/packed_images/benign_packed/f695f156fc4e2498b2e3ab9aa1a5483af84fdce9ea779c2aed93dae88b69ff6e.png
f6b18a7891f83ce2347f7521c4756acf9d12e35b61522b408203280698cc686c,0,data/packed_images/benign_packed/f6b18a7891f83ce2347f7521c4756acf9d12e35b61522b408203280698cc686c.png
f6ba2f61c4a59c1d5dc7414a5c4d160bbb7dc83e8daced5d640dcaae7b00542c,0,data/packed_images/benign_packed/f6ba2f61c4a59c1d5dc7414a5c4d160bbb7dc83e8daced5d640dcaae7b00542c.png
f6c70d449e1f64f2f67ceefa9504b11fd3bbe11e3c302938a34e3d4e0a64ffe3,0,data/packed_images/benign_packed/f6c70d449e1f64f2f67ceefa9504b11fd3bbe11e3c302938a34e3d4e0a64ffe3.png
f6cd7046962925c55a9c605483048c871979984ffc3d398c8c5e627e234a7559,0,data/packed_images/benign_packed/f6cd7046962925c55a9c605483048c871979984ffc3d398c8c5e627e234a7559.png
f6d76890fad5da1fac7d89c89af6326f7795ce3947034626221f476dda41a4fe,0,data/packed_images/benign_packed/f6d76890fad5da1fac7d89c89af6326f7795ce3947034626221f476dda41a4fe.png
f6f4951f98185ba8ddcdaa43f13b8106b9b667bb7f5ee027dc51b4bca4556adc,0,data/packed_images/benign_packed/f6f4951f98185ba8ddcdaa43f13b8106b9b667bb7f5ee027dc51b4bca4556adc.png
f6ff53af8767f91e5760cce8753f0be6dfd7d01ad779f4d1b03646642a97a580,0,data/packed_images/benign_packed/f6ff53af8767f91e5760cce8753f0be6dfd7d01ad779f4d1b03646642a97a580.png
f71253802f9aae53deef389288756d1b167fe22cdeb32e16e3cc11185b13c382,0,data/packed_images/benign_packed/f71253802f9aae53deef389288756d1b167fe22cdeb32e16e3cc11185b13c382.png
f71d6c7f1f355a518ae7b2fd774e0398c41508a149ebec8769e8a30fc23f9593,0,data/packed_images/benign_packed/f71d6c7f1f355a518ae7b2fd774e0398c41508a149ebec8769e8a30fc23f9593.png
f7238271d546f60f0d7e73372d32b54ae7464c01925843d62fd16412a951f4b7,0,data/packed_images/benign_packed/f7238271d546f60f0d7e73372d32b54ae7464c01925843d62fd16412a951f4b7.png
f7441382eceeb20b936156aa78b71fb300301f2cb5480e11ae7020f9b0f82b2b,0,data/packed_images/benign_packed/f7441382eceeb20b936156aa78b71fb300301f2cb5480e11ae7020f9b0f82b2b.png
f74b31352ddf7207deab1e2c2ff29c607c2cde022d458f2f2c5616445b85e8a1,0,data/packed_images/benign_packed/f74b31352ddf7207deab1e2c2ff29c607c2cde022d458f2f2c5616445b85e8a1.png
f75debd3735297f8bcea6dfe3ab8aad180153ff16f14b9853d1d12f424d997e5,0,data/packed_images/benign_packed/f75debd3735297f8bcea6dfe3ab8aad180153ff16f14b9853d1d12f424d997e5.png
f7639d080d2722c550c4e7728192d838f62520a412debde9f1d0ea1dc118003c,0,data/packed_images/benign_packed/f7639d080d2722c550c4e7728192d838f62520a412debde9f1d0ea1dc118003c.png
f7709a5af98089e599d92a0159abbb1747311751d9dcff8f7554d3968649aed8,0,data/packed_images/benign_packed/f7709a5af98089e599d92a0159abbb1747311751d9dcff8f7554d3968649aed8.png
f780f63913db481cc6dfd46f04f2fa8589dc237df030a386039338a860c98c41,0,data/packed_images/benign_packed/f780f63913db481cc6dfd46f04f2fa8589dc237df030a386039338a860c98c41.png
f78cb5d08caff3ba7faaba1ceb9364429d425858e62d654a039815a86e7d8357,0,data/packed_images/benign_packed/f78cb5d08caff3ba7faaba1ceb9364429d425858e62d654a039815a86e7d8357.png
f7a84acd9c59d270ae974233e2295fa3fd706220994adde78972913e6894039d,0,data/packed_images/benign_packed/f7a84acd9c59d270ae974233e2295fa3fd706220994adde78972913e6894039d.png
f7cb5d3347d5a13b8bcce06821ba75043fce87f298131e23155753b56a48297e,0,data/packed_images/benign_packed/f7cb5d3347d5a13b8bcce06821ba75043fce87f298131e23155753b56a48297e.png
f7d6716edc12d67896e06bf7db191e92bd89e7b921fe0ffe99123d56a0cb8eb0,0,data/packed_images/benign_packed/f7d6716edc12d67896e06bf7db191e92bd89e7b921fe0ffe99123d56a0cb8eb0.png
f7ea44c3a5252c178f4bdc07b255a1fc2f9f17b915e2d3c73fe8c54dcf3984ab,0,data/packed_images/benign_packed/f7ea44c3a5252c178f4bdc07b255a1fc2f9f17b915e2d3c73fe8c54dcf3984ab.png
f7ec569672caa19720540b32019a7998ce0362ccda29a1a44d20a72bfdaf17f3,0,data/packed_images/benign_packed/f7ec569672caa19720540b32019a7998ce0362ccda29a1a44d20a72bfdaf17f3.png
f7f367df5d0fb5e32113515339d928a51d4253b1c0e21854277f67d0b271fce3,0,data/packed_images/benign_packed/f7f367df5d0fb5e32113515339d928a51d4253b1c0e21854277f67d0b271fce3.png
f81d400f42447e5c3177343ee066801593d13f5b63dddc1440d2939447d7c583,0,data/packed_images/benign_packed/f81d400f42447e5c3177343ee066801593d13f5b63dddc1440d2939447d7c583.png
f83bd4056e8b0f8389e2f422d1503613e9a2409abdf00ed47769f6279c10046c,0,data/packed_images/benign_packed/f83bd4056e8b0f8389e2f422d1503613e9a2409abdf00ed47769f6279c10046c.png
f84ae082d0c06d4256daed4d2b7f9b7a6d5c79d59c0be667fb1dc2df5ff0721f,0,data/packed_images/benign_packed/f84ae082d0c06d4256daed4d2b7f9b7a6d5c79d59c0be667fb1dc2df5ff0721f.png
f85cdbeef84d8e28c97c63f0fd6dea3445440e2b56f50b8b068d21afeda5bfd8,0,data/packed_images/benign_packed/f85cdbeef84d8e28c97c63f0fd6dea3445440e2b56f50b8b068d21afeda5bfd8.png
f8636ccc37bbfc84107992b60e4226eb7237417112267ed64b08f72983ac4314,0,data/packed_images/benign_packed/f8636ccc37bbfc84107992b60e4226eb7237417112267ed64b08f72983ac4314.png
f89075cefa260d6f847a0b351cb8f3b0c88078a2e3c3d4c8cddeeeec401426c0,0,data/packed_images/benign_packed/f89075cefa260d6f847a0b351cb8f3b0c88078a2e3c3d4c8cddeeeec401426c0.png
f8a6dcd67ffd9886db81de8ec74f619dd2c56409ec00453a386e9c089e4bfdc3,0,data/packed_images/benign_packed/f8a6dcd67ffd9886db81de8ec74f619dd2c56409ec00453a386e9c089e4bfdc3.png
f8b9cfab7fffbc8f98e41aa439d72921dc180634a1febca2a9d41a0df35d3472,0,data/packed_images/benign_packed/f8b9cfab7fffbc8f98e41aa439d72921dc180634a1febca2a9d41a0df35d3472.png
f8bfadc869da5c87fde870c0282bb9a7d104e27583fbea9a6f5b7e34ffea8a55,0,data/packed_images/benign_packed/f8bfadc869da5c87fde870c0282bb9a7d104e27583fbea9a6f5b7e34ffea8a55.png
f8c3316672028460f43b83fd6f8df7ed879672fa4f8f9b63873256cb00ef29ef,0,data/packed_images/benign_packed/f8c3316672028460f43b83fd6f8df7ed879672fa4f8f9b63873256cb00ef29ef.png
f8c7ee3e4171cc008ef1f9c478f3f18ffa45226462e172bdb3948aa0116b757e,0,data/packed_images/benign_packed/f8c7ee3e4171cc008ef1f9c478f3f18ffa45226462e172bdb3948aa0116b757e.png
f8ce78b2bde7787ffef2b8b7f11c59c6e0fd4f7f760111cb79febc078111aa18,0,data/packed_images/benign_packed/f8ce78b2bde7787ffef2b8b7f11c59c6e0fd4f7f760111cb79febc078111aa18.png
f8d81888c62a45b2d32076a12635f79e37dd649d2a5acba90742d3735776f46a,0,data/packed_images/benign_packed/f8d81888c62a45b2d32076a12635f79e37dd649d2a5acba90742d3735776f46a.png
f8f7551e6e18371fc8ec9751c24384351982cbc7fd377ce4426da8e981b4701a,0,data/packed_images/benign_packed/f8f7551e6e18371fc8ec9751c24384351982cbc7fd377ce4426da8e981b4701a.png
f93034f9581a2392ac32bcdc7cffdba816cf4686f431d0a8bca55d0680693635,0,data/packed_images/benign_packed/f93034f9581a2392ac32bcdc7cffdba816cf4686f431d0a8bca55d0680693635.png
f941b0c61f2a87cc964cdcfec4d042b790d5ce36c0264895601a2e380d278039,0,data/packed_images/benign_packed/f941b0c61f2a87cc964cdcfec4d042b790d5ce36c0264895601a2e380d278039.png
f94b86456401b35bde0f5187ced6364277d30814d2566b95c8f8edca5bc016fb,0,data/packed_images/benign_packed/f94b86456401b35bde0f5187ced6364277d30814d2566b95c8f8edca5bc016fb.png
f94f9646f70c0d2a7305e0278bd57ec5a1b7c4e06076ad3803b0ade7277c64d4,0,data/packed_images/benign_packed/f94f9646f70c0d2a7305e0278bd57ec5a1b7c4e06076ad3803b0ade7277c64d4.png
f96f7ce5339642938e453db0941b69e7837a1f515874f955e07a439b69fbc78c,0,data/packed_images/benign_packed/f96f7ce5339642938e453db0941b69e7837a1f515874f955e07a439b69fbc78c.png
f981764cb5682abb3b87133b894fb30b9222d5f58f48d872660795090e878324,0,data/packed_images/benign_packed/f981764cb5682abb3b87133b894fb30b9222d5f58f48d872660795090e878324.png
f989de398e969df49c108ef53f5e152eb35f7a7d0e19974aa9f24a995e5c9e11,0,data/packed_images/benign_packed/f989de398e969df49c108ef53f5e152eb35f7a7d0e19974aa9f24a995e5c9e11.png
f99431202b37446135b44ed9bd62a7718027a2622707c31054f947efd40f6a8e,0,data/packed_images/benign_packed/f99431202b37446135b44ed9bd62a7718027a2622707c31054f947efd40f6a8e.png
f9ad748f7fabdf565762d2bc6bfea77b621bc71617a435dabfb4591e4cad7c62,0,data/packed_images/benign_packed/f9ad748f7fabdf565762d2bc6bfea77b621bc71617a435dabfb4591e4cad7c62.png
f9c4a2f6db451bb7063756bf9a5e06cd682ff75f7f0c934d9e33afca150545a5,0,data/packed_images/benign_packed/f9c4a2f6db451bb7063756bf9a5e06cd682ff75f7f0c934d9e33afca150545a5.png
f9d8f1dc63320c7015795d7d2b534ed4bbab163c911f1178bdd2a5feb60f49d3,0,data/packed_images/benign_packed/f9d8f1dc63320c7015795d7d2b534ed4bbab163c911f1178bdd2a5feb60f49d3.png
f9dc6f8241cf013d741d3abfdfaddfd7d92047210564f89f709867445bc4f945,0,data/packed_images/benign_packed/f9dc6f8241cf013d741d3abfdfaddfd7d92047210564f89f709867445bc4f945.png
fa076e3e5ecfd1c957743d9c90122d24c8f9bf1b00d8a7e452a46686f03550d4,0,data/packed_images/benign_packed/fa076e3e5ecfd1c957743d9c90122d24c8f9bf1b00d8a7e452a46686f03550d4.png
fa0ec752f2c65ec06d68b8d742f6690082b1a7c9751e56c8882413aa0020a7e6,0,data/packed_images/benign_packed/fa0ec752f2c65ec06d68b8d742f6690082b1a7c9751e56c8882413aa0020a7e6.png
fa113cacb64eb682c9009efe4ddb034d2e3f71c3d34d5c2b61890f40c3f1a5a4,0,data/packed_images/benign_packed/fa113cacb64eb682c9009efe4ddb034d2e3f71c3d34d5c2b61890f40c3f1a5a4.png
fa4b488078251b1e00d76c390d415dbd1c5728b9732380e83b324ba295685e64,0,data/packed_images/benign_packed/fa4b488078251b1e00d76c390d415dbd1c5728b9732380e83b324ba295685e64.png
fa5e60aab341d0f15237790f75a925dad44ec8ffc8a903fd9f3d0cd5a27c4de2,0,data/packed_images/benign_packed/fa5e60aab341d0f15237790f75a925dad44ec8ffc8a903fd9f3d0cd5a27c4de2.png
fa6f3561a228d0d85c41d709e005d0690da666bd15330d8b4f3a17b0edaedf84,0,data/packed_images/benign_packed/fa6f3561a228d0d85c41d709e005d0690da666bd15330d8b4f3a17b0edaedf84.png
fa7c499b2eef78d5c931af65bf0f273f7b03848641f057c0cbefaf6444354ba9,0,data/packed_images/benign_packed/fa7c499b2eef78d5c931af65bf0f273f7b03848641f057c0cbefaf6444354ba9.png
faa30e1ac7b983ef2dfad3056152dbc9e36e99ce9c4172d3766497ed7487731d,0,data/packed_images/benign_packed/faa30e1ac7b983ef2dfad3056152dbc9e36e99ce9c4172d3766497ed7487731d.png
fab0e64b1d103e625495568fc47a4dc307d24c13a9d0597050e7c6b4738fe5e0,0,data/packed_images/benign_packed/fab0e64b1d103e625495568fc47a4dc307d24c13a9d0597050e7c6b4738fe5e0.png
fab99627901d86b68c73f7dc3753d879b72d545f45970fe921a9b35c67bfe38e,0,data/packed_images/benign_packed/fab99627901d86b68c73f7dc3753d879b72d545f45970fe921a9b35c67bfe38e.png
fabc7c12fd6523338f8adb3fefcaed7f213afe95e784ef36ecdf42da67421ab1,0,data/packed_images/benign_packed/fabc7c12fd6523338f8adb3fefcaed7f213afe95e784ef36ecdf42da67421ab1.png
fad18c064434d6dc9ba450d147c6eff94b302591ea79a9f806b17e12f316757e,0,data/packed_images/benign_packed/fad18c064434d6dc9ba450d147c6eff94b302591ea79a9f806b17e12f316757e.png
fadf0cc5a2cb10055b17df60815c5210cba0c5255ba636b13fe8a480af297c99,0,data/packed_images/benign_packed/fadf0cc5a2cb10055b17df60815c5210cba0c5255ba636b13fe8a480af297c99.png
fae844af66657019ace9de3a1d0dc313aa4dfbe95a1d9608e64c1a23dd9d0360,0,data/packed_images/benign_packed/fae844af66657019ace9de3a1d0dc313aa4dfbe95a1d9608e64c1a23dd9d0360.png
faef2c4a5b5b2670ebf4f3f31a1720158f781ace7af97b473697dadf7d6d5b19,0,data/packed_images/benign_packed/faef2c4a5b5b2670ebf4f3f31a1720158f781ace7af97b473697dadf7d6d5b19.png
fb1645cb764f4f4811f11804cfe363e6ec5349bc8b2f7665a233ce6f1c228a7a,0,data/packed_images/benign_packed/fb1645cb764f4f4811f11804cfe363e6ec5349bc8b2f7665a233ce6f1c228a7a.png
fb1bf8df68c20c38e26c5b4bc7aa2a7dc1cfcc63b45b2592093531d6d739dbb7,0,data/packed_images/benign_packed/fb1bf8df68c20c38e26c5b4bc7aa2a7dc1cfcc63b45b2592093531d6d739dbb7.png
fb2c02f390c93e83df4961a8d96f128d9db96f7a3486003d6ec1877b73805dbf,0,data/packed_images/benign_packed/fb2c02f390c93e83df4961a8d96f128d9db96f7a3486003d6ec1877b73805dbf.png
fb3a8c76a2a4e5c69a64258089c9fac4d2e4863a5ec4ac868468615ff2489a74,0,data/packed_images/benign_packed/fb3a8c76a2a4e5c69a64258089c9fac4d2e4863a5ec4ac868468615ff2489a74.png
fb3e1efe6239379ab86e7bc8dff50055af966191242cce6ae817c31e382a7444,0,data/packed_images/benign_packed/fb3e1efe6239379ab86e7bc8dff50055af966191242cce6ae817c31e382a7444.png
fb44338d94454e5532994590b3fdcac6d455d98c9a2173543b632a62ff5b660c,0,data/packed_images/benign_packed/fb44338d94454e5532994590b3fdcac6d455d98c9a2173543b632a62ff5b660c.png
fb73d63f946a1fd1cbdff0efd14c0e749bea55c9264419460d8ac51a37053414,0,data/packed_images/benign_packed/fb73d63f946a1fd1cbdff0efd14c0e749bea55c9264419460d8ac51a37053414.png
fbb8557f73ab9a207bd67643fdcf9ae34527325d227c53707cebdf0d1c8c4658,0,data/packed_images/benign_packed/fbb8557f73ab9a207bd67643fdcf9ae34527325d227c53707cebdf0d1c8c4658.png
fbec42e66554bd60d2b384b4a2b6e653adeb1fe52747f9db611dafc913c03712,0,data/packed_images/benign_packed/fbec42e66554bd60d2b384b4a2b6e653adeb1fe52747f9db611dafc913c03712.png
fbf09d10a75e7cc54b7493f5d51bfaf5011d4d4bbb74462dde538af31f4cb0de,0,data/packed_images/benign_packed/fbf09d10a75e7cc54b7493f5d51bfaf5011d4d4bbb74462dde538af31f4cb0de.png
fc1166d69a9ddcb8772cb952a65a1872cc879911fefd1f7a97ef1dd10c534c30,0,data/packed_images/benign_packed/fc1166d69a9ddcb8772cb952a65a1872cc879911fefd1f7a97ef1dd10c534c30.png
fc2b141800f468c344548a4344d963c06be5b8998368d616c6de2a8c4912a118,0,data/packed_images/benign_packed/fc2b141800f468c344548a4344d963c06be5b8998368d616c6de2a8c4912a118.png
fc2d1da2c9df8ac912256285c7853b485d2f2b4d5621770ef4bd9849bf2b95b7,0,data/packed_images/benign_packed/fc2d1da2c9df8ac912256285c7853b485d2f2b4d5621770ef4bd9849bf2b95b7.png
fc373b3933db2efe15c884dbf0ec4fbb89fdebcdb7a93eb463ad3a97f673a909,0,data/packed_images/benign_packed/fc373b3933db2efe15c884dbf0ec4fbb89fdebcdb7a93eb463ad3a97f673a909.png
fc4c02bcd547093072a07d74ba3d466abf2a6d31c3d61a52896e2987e9500205,0,data/packed_images/benign_packed/fc4c02bcd547093072a07d74ba3d466abf2a6d31c3d61a52896e2987e9500205.png
fc50ca3916cc2e7c9ac21ae4c86485740e5e467cd9dd06d577f5af2edcb05265,0,data/packed_images/benign_packed/fc50ca3916cc2e7c9ac21ae4c86485740e5e467cd9dd06d577f5af2edcb05265.png
fc59fd1d854da45e559142b17a8d19f7918537066878f9609e2f76f61bef227f,0,data/packed_images/benign_packed/fc59fd1d854da45e559142b17a8d19f7918537066878f9609e2f76f61bef227f.png
fc5d35783a30822a1d418ee8f08130c450f4465c1dd68ce09241ab77e33c1931,0,data/packed_images/benign_packed/fc5d35783a30822a1d418ee8f08130c450f4465c1dd68ce09241ab77e33c1931.png
fc629c36cfe3384e8c74ce83ce489d4faee17fdb59220e0253f4b9b837431b08,0,data/packed_images/benign_packed/fc629c36cfe3384e8c74ce83ce489d4faee17fdb59220e0253f4b9b837431b08.png
fc79342ba16bd9215894736010cbad1c8eff963532b82339eda85388ba155a6e,0,data/packed_images/benign_packed/fc79342ba16bd9215894736010cbad1c8eff963532b82339eda85388ba155a6e.png
fc802fa89cb4eb10535885c4ffda1acab22e50ce8c3c1a049a144fa0932e94dc,0,data/packed_images/benign_packed/fc802fa89cb4eb10535885c4ffda1acab22e50ce8c3c1a049a144fa0932e94dc.png
fc83a837d4ed141869b3b7e957efb292d91f40f41090cac7bdfdfb57909e2740,0,data/packed_images/benign_packed/fc83a837d4ed141869b3b7e957efb292d91f40f41090cac7bdfdfb57909e2740.png
fc9532659d9c49c1672d177eda2fdc8f8826c95ed8f731d369a4556d040ad6fb,0,data/packed_images/benign_packed/fc9532659d9c49c1672d177eda2fdc8f8826c95ed8f731d369a4556d040ad6fb.png
fc985205a345cd0f69d3830da2cdfadb5a54c828f712e7c583629801f4083cbd,0,data/packed_images/benign_packed/fc985205a345cd0f69d3830da2cdfadb5a54c828f712e7c583629801f4083cbd.png
fcaac33922f1063b05f59f9ba25334b0bd6c26fa07673096f79c3a52eaa6bac4,0,data/packed_images/benign_packed/fcaac33922f1063b05f59f9ba25334b0bd6c26fa07673096f79c3a52eaa6bac4.png
fcaf4a9f4ad5c6ebc069daa27636f159a268cd1d53d26709eb819862e542913f,0,data/packed_images/benign_packed/fcaf4a9f4ad5c6ebc069daa27636f159a268cd1d53d26709eb819862e542913f.png
fcb5195dafeb1e78acaefa94dc693715c061989915ee16e0aeee72273baa6b54,0,data/packed_images/benign_packed/fcb5195dafeb1e78acaefa94dc693715c061989915ee16e0aeee72273baa6b54.png
fcd72c9e219dbffebd3c3efc5dc5f56ecad0e7f350ff82e3a340a17a6919f524,0,data/packed_images/benign_packed/fcd72c9e219dbffebd3c3efc5dc5f56ecad0e7f350ff82e3a340a17a6919f524.png
fcf18baa7d3a390aff28d4ed6b20af6e7b68cf52bdcc06ae3441bdcad742cfb4,0,data/packed_images/benign_packed/fcf18baa7d3a390aff28d4ed6b20af6e7b68cf52bdcc06ae3441bdcad742cfb4.png
fd268dd5630a1d8cd25e786597a5d9ff0ea1d63afffa89b62c5e1fcd47bd87da,0,data/packed_images/benign_packed/fd268dd5630a1d8cd25e786597a5d9ff0ea1d63afffa89b62c5e1fcd47bd87da.png
fd4b9e33392d9ce137f753e40d2583845e5bffa283b955de8e42b746ddd4248f,0,data/packed_images/benign_packed/fd4b9e33392d9ce137f753e40d2583845e5bffa283b955de8e42b746ddd4248f.png
fd58b439e480246fd246ea2aa0572f379f70036b7521487a6e5ae151378871a1,0,data/packed_images/benign_packed/fd58b439e480246fd246ea2aa0572f379f70036b7521487a6e5ae151378871a1.png
fd874bff6232eb6c73515370e330d4ce1531683a35fbcc20f6ce1d1f4f637507,0,data/packed_images/benign_packed/fd874bff6232eb6c73515370e330d4ce1531683a35fbcc20f6ce1d1f4f637507.png
fdc26128ef4e622395135af3ad3c7b3061fbdbc5eff3c3857abd06dff0b4db88,0,data/packed_images/benign_packed/fdc26128ef4e622395135af3ad3c7b3061fbdbc5eff3c3857abd06dff0b4db88.png
fddc5a7b3c5a357936fd60aabebb82ac9af7f07a3f539ec7c41b87cf08e9fd6e,0,data/packed_images/benign_packed/fddc5a7b3c5a357936fd60aabebb82ac9af7f07a3f539ec7c41b87cf08e9fd6e.png
fdebf4aec901dda4c4a9c7ec9c1c732bdeed98cbf180002c997e83fae9729c62,0,data/packed_images/benign_packed/fdebf4aec901dda4c4a9c7ec9c1c732bdeed98cbf180002c997e83fae9729c62.png
fdf4a10b30387750b6d08b9b050a6a166f03054a29a4ad3599674158b547c5d7,0,data/packed_images/benign_packed/fdf4a10b30387750b6d08b9b050a6a166f03054a29a4ad3599674158b547c5d7.png
fdfeb03723a977b97469e03d729f2dd19bfeac3811d75cbf426345327e1c7c80,0,data/packed_images/benign_packed/fdfeb03723a977b97469e03d729f2dd19bfeac3811d75cbf426345327e1c7c80.png
fe0a4cce68476f42c9fa34550b4a6149c23e88d19b573fd7bfdc5e127ddd6bed,0,data/packed_images/benign_packed/fe0a4cce68476f42c9fa34550b4a6149c23e88d19b573fd7bfdc5e127ddd6bed.png
fe2f8aa96b652b980a94aabbb7df00c6e6d6615958011d199a5a713106a7947a,0,data/packed_images/benign_packed/fe2f8aa96b652b980a94aabbb7df00c6e6d6615958011d199a5a713106a7947a.png
fe3ba55bb061659177c14fb1466414c3c5cc3db0ee3341b90b95e0e1e215d137,0,data/packed_images/benign_packed/fe3ba55bb061659177c14fb1466414c3c5cc3db0ee3341b90b95e0e1e215d137.png
fe532f8f013301597ea0904ec4fb0be96ada38bcd51ec38ab6331968f27c6118,0,data/packed_images/benign_packed/fe532f8f013301597ea0904ec4fb0be96ada38bcd51ec38ab6331968f27c6118.png
fe6d3e74a7fd4a3f6b17a39dd3506b81df622cd73e932b81f443f0f9704248a6,0,data/packed_images/benign_packed/fe6d3e74a7fd4a3f6b17a39dd3506b81df622cd73e932b81f443f0f9704248a6.png
fe9ea8f4c7fc2b32616a9f5a5aa82cebc30c3e7502fa4b17aaf04d1d6d57c858,0,data/packed_images/benign_packed/fe9ea8f4c7fc2b32616a9f5a5aa82cebc30c3e7502fa4b17aaf04d1d6d57c858.png
feb5b3512c236a338dd392ed46f27796be7621d7a6eb0cfae9e9518276c6ebe1,0,data/packed_images/benign_packed/feb5b3512c236a338dd392ed46f27796be7621d7a6eb0cfae9e9518276c6ebe1.png
feb5d66219b5a4e2e44ce9f782c2758c3e39a7e96e0852b71d53c5c7ca9f0c23,0,data/packed_images/benign_packed/feb5d66219b5a4e2e44ce9f782c2758c3e39a7e96e0852b71d53c5c7ca9f0c23.png
fecab3565dc3d5e7c25ec8711d0fe3a0c6a7c84e45de535fb286709d3483a971,0,data/packed_images/benign_packed/fecab3565dc3d5e7c25ec8711d0fe3a0c6a7c84e45de535fb286709d3483a971.png
fee7a6af3d89e31c04a4f3752db1eab756515f256e277e0a856330bf1d26e160,0,data/packed_images/benign_packed/fee7a6af3d89e31c04a4f3752db1eab756515f256e277e0a856330bf1d26e160.png
feea5f06ecc409cd9af699c6fec37799ac6ae7d56cc2f58b406491981809f200,0,data/packed_images/benign_packed/feea5f06ecc409cd9af699c6fec37799ac6ae7d56cc2f58b406491981809f200.png
fefaa7fbfff836755852a5e38a14d471f460acf193bab0d4c1568d232307a8b2,0,data/packed_images/benign_packed/fefaa7fbfff836755852a5e38a14d471f460acf193bab0d4c1568d232307a8b2.png
ff12cb8f11f68ff26132410ffca1c914c2aebe00fcbc1e789b3e0e90be62f300,0,data/packed_images/benign_packed/ff12cb8f11f68ff26132410ffca1c914c2aebe00fcbc1e789b3e0e90be62f300.png
ff3a27c79a9938205bb158f87c020fa24a42612c8b6b0c4a66ad95471bc26ba5,0,data/packed_images/benign_packed/ff3a27c79a9938205bb158f87c020fa24a42612c8b6b0c4a66ad95471bc26ba5.png
ff7579d094c361f877c11932d131eb2da173d6d3c1cfc609afb9924ee5afc728,0,data/packed_images/benign_packed/ff7579d094c361f877c11932d131eb2da173d6d3c1cfc609afb9924ee5afc728.png
ff7f36ec905613abbbb6acd8e3f869f9bbb9a501b174f6149a33cf0ac85854ec,0,data/packed_images/benign_packed/ff7f36ec905613abbbb6acd8e3f869f9bbb9a501b174f6149a33cf0ac85854ec.png
ff8fbef9d2a77fd13b7499318cbd9ebd6b6fb3f03edbefcfc57521b0d9e3ca64,0,data/packed_images/benign_packed/ff8fbef9d2a77fd13b7499318cbd9ebd6b6fb3f03edbefcfc57521b0d9e3ca64.png
ff9bce88fbe7a5a0ae37aa39cadf019d3f5c057f336017ea171cd26d6519d343,0,data/packed_images/benign_packed/ff9bce88fbe7a5a0ae37aa39cadf019d3f5c057f336017ea171cd26d6519d343.png
ffa8a6d8492c2afaea7d97236817afa2691c561f651f817dc53cd0dcb0cb2779,0,data/packed_images/benign_packed/ffa8a6d8492c2afaea7d97236817afa2691c561f651f817dc53cd0dcb0cb2779.png
ffac977bfce3404de5a7988530358a68cc111621924422537566d58dcb788fcc,0,data/packed_images/benign_packed/ffac977bfce3404de5a7988530358a68cc111621924422537566d58dcb788fcc.png
ffc5b0457eeaa1337fb6f7bccc4c38389df6c1eff45180d9b9b381e5edfcc755,0,data/packed_images/benign_packed/ffc5b0457eeaa1337fb6f7bccc4c38389df6c1eff45180d9b9b381e5edfcc755.png
ffe2b9894c534d826f3033216cfad146b0ecc4f8dc65832281567f55267c8e25,0,data/packed_images/benign_packed/ffe2b9894c534d826f3033216cfad146b0ecc4f8dc65832281567f55267c8e25.png
fffcdace754e1601e07472f41fd6a7c6371f3354e530435ac0e6d633485a2973,0,data/packed_images/benign_packed/fffcdace754e1601e07472f41fd6a7c6371f3354e530435ac0e6d633485a2973.png
