sha256,label,image_path
70cfae499466e35078c063bd5a41690dc55fbda33d905837b7afafe60de3abb8,1,data/malware_images/images/Gozi/70cfae499466e35078c063bd5a41690dc55fbda33d905837b7afafe60de3abb8.png
caba0898e6a61f9047143049b7b020ebd70f019fd2ede0e4b0c0a8739e5aad6e,1,data/malware_images/images/njrat/caba0898e6a61f9047143049b7b020ebd70f019fd2ede0e4b0c0a8739e5aad6e.png
06ad83d0199d3ebd584f19c41b747d7409cc71cc6dc84baf51819e2f1e1cc691,1,data/malware_images/images/Trickbot/06ad83d0199d3ebd584f19c41b747d7409cc71cc6dc84baf51819e2f1e1cc691.png
30e5b9e24a1a9f79088eb4f7a0a3d4ddb631759ccf2be4bf000dd1e4393a4a5d,1,data/malware_images/images/Gozi/30e5b9e24a1a9f79088eb4f7a0a3d4ddb631759ccf2be4bf000dd1e4393a4a5d.png
e35c82ce9caa98bf2c40096d77e466e360625fb0579e3b9c44283bb8a88938f5,0,data/benign_original/benign/e35c82ce9caa98bf2c40096d77e466e360625fb0579e3b9c44283bb8a88938f5.png
e40f02f83a5747b8b47cbc21fc7c54e6b81b7b92c86410ccc62795274f639385,0,data/benign_original/benign/e40f02f83a5747b8b47cbc21fc7c54e6b81b7b92c86410ccc62795274f639385.png
badc69230c3a7ea3c726209c29983b26cd9c0f908d302a754c813f2b03b1608a,1,data/malware_images/images/IcedID/badc69230c3a7ea3c726209c29983b26cd9c0f908d302a754c813f2b03b1608a.png
b29169de76d5638cf45c31c129c2105b9d9cf967e8596b27938ec92ba846b734,1,data/malware_images/images/njrat/b29169de76d5638cf45c31c129c2105b9d9cf967e8596b27938ec92ba846b734.png
fedb54eef0fb7a61514fd4273f5f13535de1082f55bfb5f7b05a1016f495dcdb,0,data/benign_original/benign/fedb54eef0fb7a61514fd4273f5f13535de1082f55bfb5f7b05a1016f495dcdb.png
c145de8c64aae63bb029938693681dac16f58e3a9d9b56baeadadf2578b05842,0,data/benign_original/benign/c145de8c64aae63bb029938693681dac16f58e3a9d9b56baeadadf2578b05842.png
0e73886d15f788471581cbf3864703206fd96eb79e4683ffa332463507fdcda4,0,data/benign_original/benign/0e73886d15f788471581cbf3864703206fd96eb79e4683ffa332463507fdcda4.png
667fba10a1775750b3b63be899f4b097841c71ce531f52366bd47b6b4c474a0f,0,data/benign_original/benign/667fba10a1775750b3b63be899f4b097841c71ce531f52366bd47b6b4c474a0f.png
d4d22a42f8307b64ffeeaa26275000213a940c1792231db0911678d7bbb2cfb9,1,data/malware_images/images/GuLoader/d4d22a42f8307b64ffeeaa26275000213a940c1792231db0911678d7bbb2cfb9.png
fcecb2ff1888460d579a283841041e76db0eef0a5141e7adce9d940d257a1cbe,0,data/benign_original/benign/fcecb2ff1888460d579a283841041e76db0eef0a5141e7adce9d940d257a1cbe.png
83afc75f65ad5530c22029c5840fd2973767627d2d9eea24f43fb6315d048b6c,1,data/malware_images/images/Trickbot/83afc75f65ad5530c22029c5840fd2973767627d2d9eea24f43fb6315d048b6c.png
bcc7d1d7f5b1be260f7c2a916e0d22e7cd988b9ba847ce0cac47ac98091efb27,1,data/malware_images/images/Gozi/bcc7d1d7f5b1be260f7c2a916e0d22e7cd988b9ba847ce0cac47ac98091efb27.png
8e73f4dbd13dd1cf8475bab8fae351b8a05507e429bd3b3700fca13dc764d66a,1,data/malware_images/images/GuLoader/8e73f4dbd13dd1cf8475bab8fae351b8a05507e429bd3b3700fca13dc764d66a.png
87932619be6e86d93f1b43c1b1e0ac1eb49195c9eb1cdc8264222100be76e220,1,data/malware_images/images/Gozi/87932619be6e86d93f1b43c1b1e0ac1eb49195c9eb1cdc8264222100be76e220.png
02a0f0ca09124280d353b6f522ce320f17a58f143693d9042bcabbd3b3091f80,1,data/malware_images/images/GuLoader/02a0f0ca09124280d353b6f522ce320f17a58f143693d9042bcabbd3b3091f80.png
e88031a0ee7e62abcb9da6d54f8747a5de43ff4f0ce5cc1ea033941bec7ff36c,0,data/benign_original/benign/e88031a0ee7e62abcb9da6d54f8747a5de43ff4f0ce5cc1ea033941bec7ff36c.png
aadfc55101d371c5e60290fa5d7cf8c8190c39f524c12b6210295706d2ddb351,1,data/malware_images/images/Trickbot/aadfc55101d371c5e60290fa5d7cf8c8190c39f524c12b6210295706d2ddb351.png
cc8687345e7ac20c2dcd21321634c191a035d145f442d0a403584fd77e72b1a1,0,data/benign_original/benign/cc8687345e7ac20c2dcd21321634c191a035d145f442d0a403584fd77e72b1a1.png
dc6388f41af56fc4ad485e90c3602622f7978bd2ad791b27d5f8637e595f21b1,1,data/malware_images/images/IcedID/dc6388f41af56fc4ad485e90c3602622f7978bd2ad791b27d5f8637e595f21b1.png
3f1bfc4be00fa0c07778a986e81bf21453ba45f76fecd261d7e88e7db76a15a1,0,data/benign_original/benign/3f1bfc4be00fa0c07778a986e81bf21453ba45f76fecd261d7e88e7db76a15a1.png
fa2706f3b6a3884ea2d1fa03a8da457f8fc668fad5b9f55e77d74aa9ef0d28dc,0,data/benign_original/benign/fa2706f3b6a3884ea2d1fa03a8da457f8fc668fad5b9f55e77d74aa9ef0d28dc.png
d38483ecb3ef2610302665d94b06cfe69aed831436337a491a998524c4c261f9,0,data/benign_original/benign/d38483ecb3ef2610302665d94b06cfe69aed831436337a491a998524c4c261f9.png
df0b5d6ca7ba81e22d98e1f4dafe4d222ce496c31299e4189d8d773d9b70d6ec,1,data/malware_images/images/IcedID/df0b5d6ca7ba81e22d98e1f4dafe4d222ce496c31299e4189d8d773d9b70d6ec.png
f014622b0544cc48298f8450dfb83a4eea9365a19f684dddd86b192f70d66235,0,data/benign_original/benign/f014622b0544cc48298f8450dfb83a4eea9365a19f684dddd86b192f70d66235.png
60939dd4c12a90d44e021e79be83dc3339139ee922759a0b1055ab558b2a814f,1,data/malware_images/images/njrat/60939dd4c12a90d44e021e79be83dc3339139ee922759a0b1055ab558b2a814f.png
b64ef283dbd9d2cf0adf828c32364899763c726f579db42ecda8afbdafe275f6,0,data/benign_original/benign/b64ef283dbd9d2cf0adf828c32364899763c726f579db42ecda8afbdafe275f6.png
eef79c664fcc36ecba552847d675efcc90e302316f739638c4b2cfbc083ede94,0,data/benign_original/benign/eef79c664fcc36ecba552847d675efcc90e302316f739638c4b2cfbc083ede94.png
fe3ba55bb061659177c14fb1466414c3c5cc3db0ee3341b90b95e0e1e215d137,0,data/benign_original/benign/fe3ba55bb061659177c14fb1466414c3c5cc3db0ee3341b90b95e0e1e215d137.png
c1e37f085c8ba73db205a3476f3f6a16a0a913a932aa88090754155823293f45,0,data/benign_original/benign/c1e37f085c8ba73db205a3476f3f6a16a0a913a932aa88090754155823293f45.png
2844b24385ae3e9ed11105b02ca87b7bc0e49ee5086739138640ca42b6b60df3,0,data/benign_original/benign/2844b24385ae3e9ed11105b02ca87b7bc0e49ee5086739138640ca42b6b60df3.png
77bfe57005d7d29dd60d810c6f2a1daeefee51ee52fa98d4d6d5693c8a06034a,1,data/malware_images/images/Trickbot/77bfe57005d7d29dd60d810c6f2a1daeefee51ee52fa98d4d6d5693c8a06034a.png
cc4a3d790633b5b02ac03e5a1ad097412f3b42a3adb860cd85a468a7619f7ffc,0,data/benign_original/benign/cc4a3d790633b5b02ac03e5a1ad097412f3b42a3adb860cd85a468a7619f7ffc.png
e12b057304ac1a417a55aefe015ab67179370dcc3f9acfb3fc2c375c75b5680b,0,data/benign_original/benign/e12b057304ac1a417a55aefe015ab67179370dcc3f9acfb3fc2c375c75b5680b.png
1a0957b5bc93cb34aae0e66277552a7bfbe8431beda2fa42d75eef20a9e2b52b,1,data/malware_images/images/njrat/1a0957b5bc93cb34aae0e66277552a7bfbe8431beda2fa42d75eef20a9e2b52b.png
fad3424c4d0be2ddabfd94c98da17d7632ed2b549b0216ac5075ba0624a0cfc8,0,data/benign_original/benign/fad3424c4d0be2ddabfd94c98da17d7632ed2b549b0216ac5075ba0624a0cfc8.png
b05ad9417028b9777f69422caa01ae9fd22c7bfe542bc6e7de2649e28a4ea643,0,data/benign_original/benign/b05ad9417028b9777f69422caa01ae9fd22c7bfe542bc6e7de2649e28a4ea643.png
d883cda7d867643d3679dc201fa88f13a2935fb1bae6386693c313aa1bf50416,0,data/benign_original/benign/d883cda7d867643d3679dc201fa88f13a2935fb1bae6386693c313aa1bf50416.png
bce9cb009248874f8bcfe6eea1a77bec253086da9503fdba71d51f35d76ed7d1,0,data/benign_original/benign/bce9cb009248874f8bcfe6eea1a77bec253086da9503fdba71d51f35d76ed7d1.png
77168234eb706333e4835666a00a8fd8e110959660c97e5c5528ed3a3d0f5081,1,data/malware_images/images/GuLoader/77168234eb706333e4835666a00a8fd8e110959660c97e5c5528ed3a3d0f5081.png
fc629c36cfe3384e8c74ce83ce489d4faee17fdb59220e0253f4b9b837431b08,0,data/benign_original/benign/fc629c36cfe3384e8c74ce83ce489d4faee17fdb59220e0253f4b9b837431b08.png
ec774b1725b817296e6ab84c4664d3c409e6c638f70033af187bc558e1fe21c8,0,data/benign_original/benign/ec774b1725b817296e6ab84c4664d3c409e6c638f70033af187bc558e1fe21c8.png
cb840303e3e92c9901c37bc40894b4bd52e9ef77c82fca085925712cf046a4af,0,data/benign_original/benign/cb840303e3e92c9901c37bc40894b4bd52e9ef77c82fca085925712cf046a4af.png
c5f69a258fc609d42e6d50903e9b4449027f4d332faa8daec04bdc3cb9286d4b,0,data/benign_original/benign/c5f69a258fc609d42e6d50903e9b4449027f4d332faa8daec04bdc3cb9286d4b.png
c42b322d0bb40c8e61c53ad7d701dd32c4b8a3c8370b41110e59a7a325396983,1,data/malware_images/images/Gozi/c42b322d0bb40c8e61c53ad7d701dd32c4b8a3c8370b41110e59a7a325396983.png
0fa2721f9583ee945d3909290c0ead73dcf4e3cb5739a6f4423f3da6899fd602,1,data/malware_images/images/njrat/0fa2721f9583ee945d3909290c0ead73dcf4e3cb5739a6f4423f3da6899fd602.png
e6026501ad4056ff2f1655b0afdfe8923bc6e8fbad67e1e9ef56e3002f49fbb9,0,data/benign_original/benign/e6026501ad4056ff2f1655b0afdfe8923bc6e8fbad67e1e9ef56e3002f49fbb9.png
17a668f3305fac7f963ff6f609d062e8dec14c7f7e5d8057748dd769efc91d2e,1,data/malware_images/images/Gozi/17a668f3305fac7f963ff6f609d062e8dec14c7f7e5d8057748dd769efc91d2e.png
f6e08ce986d530a633717a046d130b07f02ed1ed6fec6d7e0c981dcb1b961491,0,data/benign_original/benign/f6e08ce986d530a633717a046d130b07f02ed1ed6fec6d7e0c981dcb1b961491.png
77ded4f64eec0094fdfa843dfe4f36a559fbf8fa5c39fda7b63013def76ace7b,1,data/malware_images/images/Gozi/77ded4f64eec0094fdfa843dfe4f36a559fbf8fa5c39fda7b63013def76ace7b.png
fbb4e4339bbb0bce98f6de368a927d77cfcd15067f178d80f626da35f9a08981,1,data/malware_images/images/Trickbot/fbb4e4339bbb0bce98f6de368a927d77cfcd15067f178d80f626da35f9a08981.png
153e5b1b4b51f9f27c38a24577764a9873ea08467348b5a2db04f2a13c49e291,1,data/malware_images/images/njrat/153e5b1b4b51f9f27c38a24577764a9873ea08467348b5a2db04f2a13c49e291.png
da2962d4ea662fd5c4867eb68775a84764d94a3713002797d2f70a3039e8458d,0,data/benign_original/benign/da2962d4ea662fd5c4867eb68775a84764d94a3713002797d2f70a3039e8458d.png
8efa3aea51c2da764f118b7808fa096c3e3a841b676b1e046cdd6ad50cf8af3d,1,data/malware_images/images/IcedID/8efa3aea51c2da764f118b7808fa096c3e3a841b676b1e046cdd6ad50cf8af3d.png
c8263221d49196fb9780081254507dca26f103fa47370e31cb3741bcf87b4872,0,data/benign_original/benign/c8263221d49196fb9780081254507dca26f103fa47370e31cb3741bcf87b4872.png
b2a1598ca5692b40b70786dd78f8e08ac6c88758d3fc0a60e060c10813612eea,0,data/benign_original/benign/b2a1598ca5692b40b70786dd78f8e08ac6c88758d3fc0a60e060c10813612eea.png
66f7b791ad2fba2a0f3d9730a463b0653f9c336923f23fc3826bc80079538d62,1,data/malware_images/images/njrat/66f7b791ad2fba2a0f3d9730a463b0653f9c336923f23fc3826bc80079538d62.png
147192b01741bc0862d13b7d9c47345d04962e9b26a9abb5a606256131f85a0d,0,data/benign_original/benign/147192b01741bc0862d13b7d9c47345d04962e9b26a9abb5a606256131f85a0d.png
fb96204df18c14ffba19f1523670f29e190fbbec6d96c0680a6c65f2239f64d1,1,data/malware_images/images/Trickbot/fb96204df18c14ffba19f1523670f29e190fbbec6d96c0680a6c65f2239f64d1.png
a4a276ab86c1c3ad080faf135d324a37f305af5cc53ac1915bb233a70d9eaedb,1,data/malware_images/images/Heodo/a4a276ab86c1c3ad080faf135d324a37f305af5cc53ac1915bb233a70d9eaedb.png
96487abb17fc905506f1be48d51ea17bb652515d8e5f40a4f524daebe98a6efa,1,data/malware_images/images/GuLoader/96487abb17fc905506f1be48d51ea17bb652515d8e5f40a4f524daebe98a6efa.png
c2ffd23361864a4c402f049f46bbb9d91c590501c82fafb8440b4d2aed90a44a,0,data/benign_original/benign/c2ffd23361864a4c402f049f46bbb9d91c590501c82fafb8440b4d2aed90a44a.png
3971ceef2e3211632090b013f09b37d9fab234ee8c771abecd8cc18844456089,1,data/malware_images/images/Trickbot/3971ceef2e3211632090b013f09b37d9fab234ee8c771abecd8cc18844456089.png
bbfe57a40732cc50045ae4c3b47b45082b8146778ea60ce0148562be279657fa,1,data/malware_images/images/Gozi/bbfe57a40732cc50045ae4c3b47b45082b8146778ea60ce0148562be279657fa.png
95a191b5e1728a1dc9a0007719ae7adba5be88b1ae5e8919185c91a201148a51,1,data/malware_images/images/njrat/95a191b5e1728a1dc9a0007719ae7adba5be88b1ae5e8919185c91a201148a51.png
ffe9d351078d5daa92eb1588d1804707c8d0f4ba60b0b61d7395e58b59890209,1,data/malware_images/images/Gozi/ffe9d351078d5daa92eb1588d1804707c8d0f4ba60b0b61d7395e58b59890209.png
d2dc98b3d9cbfebd92d16aeb6be475b68ec30943503014e33b645e5ca7de2cfb,0,data/benign_original/benign/d2dc98b3d9cbfebd92d16aeb6be475b68ec30943503014e33b645e5ca7de2cfb.png
e64fbac3491b4693e79a3f7b0db1d788f93608d3fc82133edf25a868c80d2153,0,data/benign_original/benign/e64fbac3491b4693e79a3f7b0db1d788f93608d3fc82133edf25a868c80d2153.png
3672a3deb363bedf0aa915426dc77f7e94920670801297036850450fb089a30f,1,data/malware_images/images/GuLoader/3672a3deb363bedf0aa915426dc77f7e94920670801297036850450fb089a30f.png
b8f53e514bf5f505d9cbb9be5109930807748bde195579646d1ca684b0dcb532,1,data/malware_images/images/njrat/b8f53e514bf5f505d9cbb9be5109930807748bde195579646d1ca684b0dcb532.png
46736f1fee7090f627ca9f9523b2e5e022a4bcb67544aa0086757238079990a6,1,data/malware_images/images/Heodo/46736f1fee7090f627ca9f9523b2e5e022a4bcb67544aa0086757238079990a6.png
f38a18da44181fc1eb7c5a2d8e323491506ad5141cf7e49545712963e0a1a4d9,1,data/malware_images/images/njrat/f38a18da44181fc1eb7c5a2d8e323491506ad5141cf7e49545712963e0a1a4d9.png
f75a833cd8e669dbfbbfaa5173d41e2a4e5bae5a56f6929be6537df1f571928d,0,data/benign_original/benign/f75a833cd8e669dbfbbfaa5173d41e2a4e5bae5a56f6929be6537df1f571928d.png
26f2e577524304ed552d8665b44963eae8453a962de1a9cc093a16e84ed2a527,0,data/benign_original/benign/26f2e577524304ed552d8665b44963eae8453a962de1a9cc093a16e84ed2a527.png
b5b0b458e530c100248bafe9243812ffb15119d045a8cde354c8cc6689682450,0,data/benign_original/benign/b5b0b458e530c100248bafe9243812ffb15119d045a8cde354c8cc6689682450.png
c914c29cf6e77236a9c48b2bb6ecd7fd7cf29dcd0c29d178c7cbce41e5c5c4e7,0,data/benign_original/benign/c914c29cf6e77236a9c48b2bb6ecd7fd7cf29dcd0c29d178c7cbce41e5c5c4e7.png
f6bc405db3da4e4df654329c7f4edadffc03a033f29d645ac786bf05e28f5735,1,data/malware_images/images/njrat/f6bc405db3da4e4df654329c7f4edadffc03a033f29d645ac786bf05e28f5735.png
02067a8419dc011a977a7f84edb67c3b9e8925248f132d2ee863c5576a29a0b9,1,data/malware_images/images/GuLoader/02067a8419dc011a977a7f84edb67c3b9e8925248f132d2ee863c5576a29a0b9.png
0b15c0b9439a075403d061d7f3a1934a9f9e3004b235f2c313c1d325ddfed73f,1,data/malware_images/images/Trickbot/0b15c0b9439a075403d061d7f3a1934a9f9e3004b235f2c313c1d325ddfed73f.png
24edac9264424b9c5cd0f6986bc6af55569d9ebdfef58f21cbdd38f3232cc1f6,1,data/malware_images/images/Trickbot/24edac9264424b9c5cd0f6986bc6af55569d9ebdfef58f21cbdd38f3232cc1f6.png
a37e7848c6ea3428fd3d8edb79420a9baf5fb504fee854826ed5cfddd46413f6,1,data/malware_images/images/Trickbot/a37e7848c6ea3428fd3d8edb79420a9baf5fb504fee854826ed5cfddd46413f6.png
d9aa5e73cfb91878f60f16d8afe835b2c7ec8b3c71815dc81bba3447635f13ca,0,data/benign_original/benign/d9aa5e73cfb91878f60f16d8afe835b2c7ec8b3c71815dc81bba3447635f13ca.png
d8c12c2d42fe0c0444f51d4f8ddb55a5833d67dc9dcd794e5ab1d6b1956bc57e,0,data/benign_original/benign/d8c12c2d42fe0c0444f51d4f8ddb55a5833d67dc9dcd794e5ab1d6b1956bc57e.png
8f8f21fe9bc655bec9ef76aac2c5d26c5230268d27c21f43d8aab30e9cfff433,1,data/malware_images/images/Heodo/8f8f21fe9bc655bec9ef76aac2c5d26c5230268d27c21f43d8aab30e9cfff433.png
2454d64559ffdaf95915ebea1ad0a5310fa2ef724e42d8e510e4cac97078e80f,1,data/malware_images/images/njrat/2454d64559ffdaf95915ebea1ad0a5310fa2ef724e42d8e510e4cac97078e80f.png
9578c73e32a49d27b99b2114639831d359a73de4f895dd2a86cc15439e64fb8b,1,data/malware_images/images/njrat/9578c73e32a49d27b99b2114639831d359a73de4f895dd2a86cc15439e64fb8b.png
bf54c25e14aeb2c9f1781aee58736bf9e9b54fa48386373d29d4b1cb3e65e262,0,data/benign_original/benign/bf54c25e14aeb2c9f1781aee58736bf9e9b54fa48386373d29d4b1cb3e65e262.png
e34bd5c18692a523e0dfd53f9e1261e4442cb8b52c4f442b2b2e5986c1e66e4e,0,data/benign_original/benign/e34bd5c18692a523e0dfd53f9e1261e4442cb8b52c4f442b2b2e5986c1e66e4e.png
b56be4fbf6a1bbf95bfe95af19f8b48be6577bfd2056d2f01d0ac1ee10b0f91d,0,data/benign_original/benign/b56be4fbf6a1bbf95bfe95af19f8b48be6577bfd2056d2f01d0ac1ee10b0f91d.png
b0984c997a89495e10de014110abcf9f59f36b74bcaf914db4ff6dfdd85a54af,0,data/benign_original/benign/b0984c997a89495e10de014110abcf9f59f36b74bcaf914db4ff6dfdd85a54af.png
bde7342edff751cbd2687030122ee4eae5b05bd2a9da2eb0acea482516a8ba09,0,data/benign_original/benign/bde7342edff751cbd2687030122ee4eae5b05bd2a9da2eb0acea482516a8ba09.png
71325ea9483292726f6604855b3cb1ed907d957515b83661382de2b9f33c7e2e,1,data/malware_images/images/IcedID/71325ea9483292726f6604855b3cb1ed907d957515b83661382de2b9f33c7e2e.png
b457fdc0e5b994ce8eeea4249c30804cc3c41b65fb59e521fd88c7b247d39cf2,0,data/benign_original/benign/b457fdc0e5b994ce8eeea4249c30804cc3c41b65fb59e521fd88c7b247d39cf2.png
bca0e092936d9fedebd18617b837cb33d84a9ed20c903642466f283939146751,0,data/benign_original/benign/bca0e092936d9fedebd18617b837cb33d84a9ed20c903642466f283939146751.png
d875a43cac91f8a5340cb55ea0b806804b7de097797f26773eec1ec461bdfb0b,0,data/benign_original/benign/d875a43cac91f8a5340cb55ea0b806804b7de097797f26773eec1ec461bdfb0b.png
d208cc455e9bae5d4244bd3ba2bf9fb78d0d756766093afdfdbddbc56a229fb2,0,data/benign_original/benign/d208cc455e9bae5d4244bd3ba2bf9fb78d0d756766093afdfdbddbc56a229fb2.png
5fc6e8ad6e542064ced0420da4666363c10b3467d9bc03778f6a9bf04c35d98a,1,data/malware_images/images/Gozi/5fc6e8ad6e542064ced0420da4666363c10b3467d9bc03778f6a9bf04c35d98a.png
758fb4cebdfa9af4fe610365837d5b427cf8bcde69e2680342e3a8aa47677507,1,data/malware_images/images/Trickbot/758fb4cebdfa9af4fe610365837d5b427cf8bcde69e2680342e3a8aa47677507.png
fad251b5ca8636364522c9b18368dcf905ba13bb7435c58a3aa30a57186d8da5,0,data/benign_original/benign/fad251b5ca8636364522c9b18368dcf905ba13bb7435c58a3aa30a57186d8da5.png
bb2e015b6989879b977213ef2642e86ab19d0048a452fbf81e8215249d0c1a80,0,data/benign_original/benign/bb2e015b6989879b977213ef2642e86ab19d0048a452fbf81e8215249d0c1a80.png
7fdbfa815da4c4170dfafcbb527f93a50327a117b4246d3b229a085557b8fdc1,1,data/malware_images/images/Trickbot/7fdbfa815da4c4170dfafcbb527f93a50327a117b4246d3b229a085557b8fdc1.png
ef858261dc19fc4907b7758d5c4d8db66579a27b1477c7dad343eb6f8ea7abb0,0,data/benign_original/benign/ef858261dc19fc4907b7758d5c4d8db66579a27b1477c7dad343eb6f8ea7abb0.png
208a8cfdd915e43d58459d4e082efbbf58c649933c09c18c52bc95d34f9725ce,1,data/malware_images/images/njrat/208a8cfdd915e43d58459d4e082efbbf58c649933c09c18c52bc95d34f9725ce.png
eda4264323d99e9e6b09242af3095bae4e4e679adba25ca9e896756958e18518,1,data/malware_images/images/Gozi/eda4264323d99e9e6b09242af3095bae4e4e679adba25ca9e896756958e18518.png
adf4775535b8a79df81a847a8eddcc7569ca973306112a8bc0f46610614650d2,1,data/malware_images/images/IcedID/adf4775535b8a79df81a847a8eddcc7569ca973306112a8bc0f46610614650d2.png
be92741dfe3fa0f4d2badd5feea1ab241edd71ef115a351276b3065c3b6483be,0,data/benign_original/benign/be92741dfe3fa0f4d2badd5feea1ab241edd71ef115a351276b3065c3b6483be.png
5ee7f4fa96c8ce5981516e6f3d62520ad9240002517ecf354f7659c8c7c41ce3,1,data/malware_images/images/Heodo/5ee7f4fa96c8ce5981516e6f3d62520ad9240002517ecf354f7659c8c7c41ce3.png
c332c96e17a99e59531be6e0caea0404816c879397d2f35a8f3befd2a9bef510,0,data/benign_original/benign/c332c96e17a99e59531be6e0caea0404816c879397d2f35a8f3befd2a9bef510.png
7371ddedc26db5fb2d9080870a422d8f6236a03133dd74b5f8fc62c437cf1b51,0,data/benign_original/benign/7371ddedc26db5fb2d9080870a422d8f6236a03133dd74b5f8fc62c437cf1b51.png
48d93371a262f43c1c14a95eee867403ffccb24271e8252fda0101a4b1fa29ea,1,data/malware_images/images/Heodo/48d93371a262f43c1c14a95eee867403ffccb24271e8252fda0101a4b1fa29ea.png
86d5e2c5f6d63b1cee922999a4efbb30f0ec16577e1a2df9ea31eea826b723d7,0,data/benign_original/benign/86d5e2c5f6d63b1cee922999a4efbb30f0ec16577e1a2df9ea31eea826b723d7.png
0cf9ce17aeee086bf3085133f76a2ec2856900ac84a5dc017bbd0f4d46bbb40f,1,data/malware_images/images/GuLoader/0cf9ce17aeee086bf3085133f76a2ec2856900ac84a5dc017bbd0f4d46bbb40f.png
dedbcf292a33b8295491583aec35f78d4f1550d4f62c056a7f7be29331c5585d,1,data/malware_images/images/Heodo/dedbcf292a33b8295491583aec35f78d4f1550d4f62c056a7f7be29331c5585d.png
bf147ddb8c1a55b26e9614a83e913fa2452fe491d349fe4d97f76761527e8d13,1,data/malware_images/images/njrat/bf147ddb8c1a55b26e9614a83e913fa2452fe491d349fe4d97f76761527e8d13.png
e01d66acad3bfd485e7248b2f08e000a8d57a23305539d72da1663a08cf141c7,1,data/malware_images/images/IcedID/e01d66acad3bfd485e7248b2f08e000a8d57a23305539d72da1663a08cf141c7.png
6f3eedae94fd2a42e7fadfcf625e9d221b3533692216942ba806941014f000a3,1,data/malware_images/images/Gozi/6f3eedae94fd2a42e7fadfcf625e9d221b3533692216942ba806941014f000a3.png
eadbac604efe1ea0272d1285f48e358541978aa1d198ef0420b0e522c793b8b4,0,data/benign_original/benign/eadbac604efe1ea0272d1285f48e358541978aa1d198ef0420b0e522c793b8b4.png
db163041864fe4048edce7d900de9369470a4a3a4ccba986a253789d744d590b,1,data/malware_images/images/njrat/db163041864fe4048edce7d900de9369470a4a3a4ccba986a253789d744d590b.png
7eefd57356823c18bba568575a8dadf25d75a004340776f203e2e2bce5510f8f,1,data/malware_images/images/njrat/7eefd57356823c18bba568575a8dadf25d75a004340776f203e2e2bce5510f8f.png
bcce86190aec3372a0f467fe18a8183cdf73142ab846ee62c27e12d2a4bc0cf5,0,data/benign_original/benign/bcce86190aec3372a0f467fe18a8183cdf73142ab846ee62c27e12d2a4bc0cf5.png
fc1166d69a9ddcb8772cb952a65a1872cc879911fefd1f7a97ef1dd10c534c30,0,data/benign_original/benign/fc1166d69a9ddcb8772cb952a65a1872cc879911fefd1f7a97ef1dd10c534c30.png
0046bd7fcac157a26760233005eb69becf1b5bdcf864da87c2009518d9d84f23,1,data/malware_images/images/Trickbot/0046bd7fcac157a26760233005eb69becf1b5bdcf864da87c2009518d9d84f23.png
cf66de1f114f7c382804fbdddd4ae70aa07ecf1df324e95e78bb41139b50cf72,0,data/benign_original/benign/cf66de1f114f7c382804fbdddd4ae70aa07ecf1df324e95e78bb41139b50cf72.png
b8f1a129df74bd4304793753fcb24c6ecbfcc9f60b5f587f5839317cc33d3afd,0,data/benign_original/benign/b8f1a129df74bd4304793753fcb24c6ecbfcc9f60b5f587f5839317cc33d3afd.png
fc3ea3c4c622f21a81eaff120ce630f168627746643888060b9b289ea3cc8e90,0,data/benign_original/benign/fc3ea3c4c622f21a81eaff120ce630f168627746643888060b9b289ea3cc8e90.png
39809e932a99ffb6b9b92e50718c5c9e31c097ed11fae3a7d637ead8c38fbd22,1,data/malware_images/images/IcedID/39809e932a99ffb6b9b92e50718c5c9e31c097ed11fae3a7d637ead8c38fbd22.png
d02e617c74e021da90ab2f69fe5751a43dc86008815128eea998d01366e78643,1,data/malware_images/images/Gozi/d02e617c74e021da90ab2f69fe5751a43dc86008815128eea998d01366e78643.png
b663c2807fdf217fdc5cf9694b6a8ef1f07c7b9df12df5aca88342666593032a,0,data/benign_original/benign/b663c2807fdf217fdc5cf9694b6a8ef1f07c7b9df12df5aca88342666593032a.png
dd0951ad341e6ee453d0cc40ee4ff4969848885ea773d7a282a862abf7abf159,0,data/benign_original/benign/dd0951ad341e6ee453d0cc40ee4ff4969848885ea773d7a282a862abf7abf159.png
b493bf6d7085eb97d17dd6516345e65277d3a60b848f11aef283dbba759435e1,0,data/benign_original/benign/b493bf6d7085eb97d17dd6516345e65277d3a60b848f11aef283dbba759435e1.png
e8a9df3ddebf33d1b11b689d405a72c80ef16631b09a6bfc6837f26700c8b621,0,data/benign_original/benign/e8a9df3ddebf33d1b11b689d405a72c80ef16631b09a6bfc6837f26700c8b621.png
78f19af83f885463a4e512a170c6aa990c8d173a3ad34198076f312754ef8e08,1,data/malware_images/images/Trickbot/78f19af83f885463a4e512a170c6aa990c8d173a3ad34198076f312754ef8e08.png
d92559999a21f3cfbe180182587fd0709b8ab601a1cb586e93843a3732016d68,1,data/malware_images/images/njrat/d92559999a21f3cfbe180182587fd0709b8ab601a1cb586e93843a3732016d68.png
453218e88be57f6e03e026b64a88fc5268a9a87c01611bc08ea791a4f259d89a,1,data/malware_images/images/Gozi/453218e88be57f6e03e026b64a88fc5268a9a87c01611bc08ea791a4f259d89a.png
d59e1af7ccf6cd41ad04dd1a8dc8c59ceb93e2684bb6de89975819d0e9ddf888,1,data/malware_images/images/Trickbot/d59e1af7ccf6cd41ad04dd1a8dc8c59ceb93e2684bb6de89975819d0e9ddf888.png
f1c9a33c9d0f9003de1e885fc761f55b33004c5d44c6f087886d75ed3e0bfa94,0,data/benign_original/benign/f1c9a33c9d0f9003de1e885fc761f55b33004c5d44c6f087886d75ed3e0bfa94.png
c7739012562be8188e394bbefcaaf04358f48a8043511c72d4baba664241fead,0,data/benign_original/benign/c7739012562be8188e394bbefcaaf04358f48a8043511c72d4baba664241fead.png
34b20abf63b89c74082a69140ae096f7c9768007a9a5ca86b6300a47053e0018,1,data/malware_images/images/GuLoader/34b20abf63b89c74082a69140ae096f7c9768007a9a5ca86b6300a47053e0018.png
6617979630def30c8a103baceedd1ddb972a53b984de91682aa93451faf833bb,1,data/malware_images/images/GuLoader/6617979630def30c8a103baceedd1ddb972a53b984de91682aa93451faf833bb.png
f7a84acd9c59d270ae974233e2295fa3fd706220994adde78972913e6894039d,0,data/benign_original/benign/f7a84acd9c59d270ae974233e2295fa3fd706220994adde78972913e6894039d.png
3a44fa455ada6aede5098355efc22825ac336a3faa18d7695054fcf3a7bbffc0,0,data/benign_original/benign/3a44fa455ada6aede5098355efc22825ac336a3faa18d7695054fcf3a7bbffc0.png
21fa4f5d8c2cb308ccc24e50c267192ea8ab49a4e6a650cf12ceb3d03a1d6c33,1,data/malware_images/images/Gozi/21fa4f5d8c2cb308ccc24e50c267192ea8ab49a4e6a650cf12ceb3d03a1d6c33.png
0e03857d8092046a029b954a11b54103b24199258979fb3b78cccb8bcaf627ec,1,data/malware_images/images/GuLoader/0e03857d8092046a029b954a11b54103b24199258979fb3b78cccb8bcaf627ec.png
c99334ffad747832a3e8089e05269b213b7f3a9262e03d4376c36e87718d00b7,0,data/benign_original/benign/c99334ffad747832a3e8089e05269b213b7f3a9262e03d4376c36e87718d00b7.png
4095c33ca52203420d14bf3402cdbae1f237a221c270fae8b302a0e06664ad6c,0,data/benign_original/benign/4095c33ca52203420d14bf3402cdbae1f237a221c270fae8b302a0e06664ad6c.png
75b2e7fc7a83b5d8c0a0613063bb85e95f0140b30351bba50a20b8c0df12292f,1,data/malware_images/images/Trickbot/75b2e7fc7a83b5d8c0a0613063bb85e95f0140b30351bba50a20b8c0df12292f.png
fbfc1b7c4ed342911b2f3faa8d70e33436210620cb34296267283ab82f612068,1,data/malware_images/images/njrat/fbfc1b7c4ed342911b2f3faa8d70e33436210620cb34296267283ab82f612068.png
4a495b476cc33e6be712a77184626725ec10e3f31b89d3c53010bd620bcd0cbb,0,data/benign_original/benign/4a495b476cc33e6be712a77184626725ec10e3f31b89d3c53010bd620bcd0cbb.png
50627d0516944503312951774b8b7586f9409f312b7742347697996c10ead658,1,data/malware_images/images/IcedID/50627d0516944503312951774b8b7586f9409f312b7742347697996c10ead658.png
499e4f33ba1aba07fd9712135b602100164ab96b72bef8d9f9905c5e336b8b86,1,data/malware_images/images/njrat/499e4f33ba1aba07fd9712135b602100164ab96b72bef8d9f9905c5e336b8b86.png
bccacb3d4d94bf0ffbe0b2ff26d4de7bdb0b400fbf88ad2894371c066a17480e,1,data/malware_images/images/njrat/bccacb3d4d94bf0ffbe0b2ff26d4de7bdb0b400fbf88ad2894371c066a17480e.png
b8b65fac514cb8b167eee1426b292e00506d347a5269a17bc76a4c9f28323b98,1,data/malware_images/images/njrat/b8b65fac514cb8b167eee1426b292e00506d347a5269a17bc76a4c9f28323b98.png
554eca6d0a016fdedd8fd51175f2117038059bf0431925161c2c64f50abbfa80,1,data/malware_images/images/GuLoader/554eca6d0a016fdedd8fd51175f2117038059bf0431925161c2c64f50abbfa80.png
4d96c3174270c15eb577221bc253988f44554f1d5c45904cab9ed0f031f9d6f3,1,data/malware_images/images/GuLoader/4d96c3174270c15eb577221bc253988f44554f1d5c45904cab9ed0f031f9d6f3.png
bce54367987e99e4111e00a5f9e36f9f8a54e4caa3fa2230694dd088b0119393,0,data/benign_original/benign/bce54367987e99e4111e00a5f9e36f9f8a54e4caa3fa2230694dd088b0119393.png
b2753e0ae6991dbc17d0527d325b06bc33028bf35b56705ced3b122957bc811b,0,data/benign_original/benign/b2753e0ae6991dbc17d0527d325b06bc33028bf35b56705ced3b122957bc811b.png
a299a3d1d838adc37ea985039650b7b32428d3787a0b7e31feeafcb831eb984d,1,data/malware_images/images/IcedID/a299a3d1d838adc37ea985039650b7b32428d3787a0b7e31feeafcb831eb984d.png
e9e643722767e6dc2458c66e61f6a1ea1aba915bdc52058b06eb89a29aa8fec8,1,data/malware_images/images/IcedID/e9e643722767e6dc2458c66e61f6a1ea1aba915bdc52058b06eb89a29aa8fec8.png
27d591d9f4f1c5c4f3f6ae8f975b1a0ed7d2ffb5277348e59cd32ef5c57e6168,1,data/malware_images/images/GuLoader/27d591d9f4f1c5c4f3f6ae8f975b1a0ed7d2ffb5277348e59cd32ef5c57e6168.png
b5ed620d5406454bd1a3616fc4613cc8242ba27ccfa82ecca25ef8e7275cb419,0,data/benign_original/benign/b5ed620d5406454bd1a3616fc4613cc8242ba27ccfa82ecca25ef8e7275cb419.png
f87af21bd474be829395ca31f364c7963cbb8f67f9f04df5d5253df4a128cdba,1,data/malware_images/images/njrat/f87af21bd474be829395ca31f364c7963cbb8f67f9f04df5d5253df4a128cdba.png
c1d5b4b63391ac463206c166fd565a7a2e76227ca4d98506a08f0e9abfbbbc25,0,data/benign_original/benign/c1d5b4b63391ac463206c166fd565a7a2e76227ca4d98506a08f0e9abfbbbc25.png
614ca772d0fe91ff6bab507f04df6417bfb56576a7f9ed5b9a2c2d68bf4daf76,1,data/malware_images/images/Trickbot/614ca772d0fe91ff6bab507f04df6417bfb56576a7f9ed5b9a2c2d68bf4daf76.png
f9dd288c9895973f8db1856d172779041c6dee173ad1ef53b1727fc85cb6b75f,0,data/benign_original/benign/f9dd288c9895973f8db1856d172779041c6dee173ad1ef53b1727fc85cb6b75f.png
ff88c43f1645c0be62555340fd7de84733ead793579db9dbcb65dbb698adb243,1,data/malware_images/images/Gozi/ff88c43f1645c0be62555340fd7de84733ead793579db9dbcb65dbb698adb243.png
23ee36c32f198966a793d71f9e2f0b4e0b8c1429202f38f2fab3a25c692c5c64,1,data/malware_images/images/njrat/23ee36c32f198966a793d71f9e2f0b4e0b8c1429202f38f2fab3a25c692c5c64.png
b00227663669d89fc6f1f76cd03a30a09ffe174b3c314a65580822eef94fd281,0,data/benign_original/benign/b00227663669d89fc6f1f76cd03a30a09ffe174b3c314a65580822eef94fd281.png
c0d2a11b73afc7c8eac5bb1ccf60002e5b132df23a18bd9dc8385eeb7992b283,0,data/benign_original/benign/c0d2a11b73afc7c8eac5bb1ccf60002e5b132df23a18bd9dc8385eeb7992b283.png
a5d9ffc80b57f0144f4fc99b8ee1061247372134f80b25f8bcbfabfa058e5e53,1,data/malware_images/images/Gozi/a5d9ffc80b57f0144f4fc99b8ee1061247372134f80b25f8bcbfabfa058e5e53.png
52e5ccee227c8383423207f90090c8583d2cf019e761982320cc80daf84d9d06,0,data/benign_original/benign/52e5ccee227c8383423207f90090c8583d2cf019e761982320cc80daf84d9d06.png
dc4700667c8e5f28209b5dde7b26136c25a136243583a7e71262273801a6550a,0,data/benign_original/benign/dc4700667c8e5f28209b5dde7b26136c25a136243583a7e71262273801a6550a.png
1f6d32e74350bba48e44144984455eca9819f2246999d8aa38fc04de20093191,0,data/benign_original/benign/1f6d32e74350bba48e44144984455eca9819f2246999d8aa38fc04de20093191.png
7b8c91665d7a96b5f38a4bb8b81796ec80df1c281c65da378c4df82912671e25,1,data/malware_images/images/Gozi/7b8c91665d7a96b5f38a4bb8b81796ec80df1c281c65da378c4df82912671e25.png
40448ac4d77204f07911c0b53293d8c82591e0dca53b0eed9b4453d6133eff58,1,data/malware_images/images/GuLoader/40448ac4d77204f07911c0b53293d8c82591e0dca53b0eed9b4453d6133eff58.png
db775655fd923e29509402556f86002dd9aea062cdcdba7073e1057a67b5ce50,0,data/benign_original/benign/db775655fd923e29509402556f86002dd9aea062cdcdba7073e1057a67b5ce50.png
b38f37d9a84a50c75fea300cfce623744eea015f461cbd730bc7eb867cc7943e,0,data/benign_original/benign/b38f37d9a84a50c75fea300cfce623744eea015f461cbd730bc7eb867cc7943e.png
94b6568161f1ef4b7d50438569a7d36741e8e79fbef880e96ba12b219883fb68,1,data/malware_images/images/Heodo/94b6568161f1ef4b7d50438569a7d36741e8e79fbef880e96ba12b219883fb68.png
ea4f45374990b1008af4042df643d576bf5e4039b5378d6f6db9a9e19902c309,0,data/benign_original/benign/ea4f45374990b1008af4042df643d576bf5e4039b5378d6f6db9a9e19902c309.png
dde4dc698ca0a70911c4d57c749e0d00b24534da8650d87bdd2ab64c727c446e,0,data/benign_original/benign/dde4dc698ca0a70911c4d57c749e0d00b24534da8650d87bdd2ab64c727c446e.png
f5ead975f27590c7aa8e191ea9e413597542e0a665e6641f27e9011a18b3a4b5,1,data/malware_images/images/Trickbot/f5ead975f27590c7aa8e191ea9e413597542e0a665e6641f27e9011a18b3a4b5.png
8c9ef230dca673aac444ac93606c39cc249973efb9ccaddfc8c95a17096861a2,1,data/malware_images/images/Gozi/8c9ef230dca673aac444ac93606c39cc249973efb9ccaddfc8c95a17096861a2.png
0adfb7b98f0f8881ec17cc79bed9440b8bb68c1af85314d47e55f4ba7fb4ace6,1,data/malware_images/images/njrat/0adfb7b98f0f8881ec17cc79bed9440b8bb68c1af85314d47e55f4ba7fb4ace6.png
23dcad63c4343df1b6e7ede1935e2dfe2be1a13793ed9153824a6cb32c2ae85b,0,data/benign_original/benign/23dcad63c4343df1b6e7ede1935e2dfe2be1a13793ed9153824a6cb32c2ae85b.png
da1968f7ad7f4fdb1bc77713b54f87d3ede41ebbf19bf86f4898eb902bafc30f,0,data/benign_original/benign/da1968f7ad7f4fdb1bc77713b54f87d3ede41ebbf19bf86f4898eb902bafc30f.png
be1e5a82d29437306a1bacb40bd2b658aa21a52adb85a6025144cba9e71714f3,0,data/benign_original/benign/be1e5a82d29437306a1bacb40bd2b658aa21a52adb85a6025144cba9e71714f3.png
e2e9f818b40c42272c5cc1c40dac2e506fd5717d4fb81df4287a76b1c3aadc52,0,data/benign_original/benign/e2e9f818b40c42272c5cc1c40dac2e506fd5717d4fb81df4287a76b1c3aadc52.png
235e1db88bd290728ce6724f85235b8071c5e1fcbdb707a5cedb5f834e5c6992,1,data/malware_images/images/GuLoader/235e1db88bd290728ce6724f85235b8071c5e1fcbdb707a5cedb5f834e5c6992.png
f0c838d686ce796863f400ff6b8a331dafff5e717fd55b2b4be105624f0160f4,0,data/benign_original/benign/f0c838d686ce796863f400ff6b8a331dafff5e717fd55b2b4be105624f0160f4.png
c2b56b5c04a0307b1020b7a2ddf74581dfa1fee9fd900f658f37732b054a20a4,0,data/benign_original/benign/c2b56b5c04a0307b1020b7a2ddf74581dfa1fee9fd900f658f37732b054a20a4.png
53ff5e67f28a26c7f8941762c910ae158019790bdbffbafe8a04d4dfb9d17352,1,data/malware_images/images/Trickbot/53ff5e67f28a26c7f8941762c910ae158019790bdbffbafe8a04d4dfb9d17352.png
e5ee3728165285ba087cfddfb39daf6945b5c9b0c7f06dd86229dadb7e8f98e3,0,data/benign_original/benign/e5ee3728165285ba087cfddfb39daf6945b5c9b0c7f06dd86229dadb7e8f98e3.png
c1b904268701a6a11201061cf3c2fb050fe1fa3d77fd5c5e231fbdc53fb6bca1,1,data/malware_images/images/IcedID/c1b904268701a6a11201061cf3c2fb050fe1fa3d77fd5c5e231fbdc53fb6bca1.png
31c494defe810bb683f6f33ef13a8bcba160f56b0de83f471ca493fff10006ad,1,data/malware_images/images/Gozi/31c494defe810bb683f6f33ef13a8bcba160f56b0de83f471ca493fff10006ad.png
c28aaa24e26ad5c1b94360cbee8e7ddd404ab3e82d58a73b363437e0fdcfdcea,0,data/benign_original/benign/c28aaa24e26ad5c1b94360cbee8e7ddd404ab3e82d58a73b363437e0fdcfdcea.png
d2a37c819f57c6d69a855a44a51433bb4a7d14b49dafeab892a6efc14fa02d0e,0,data/benign_original/benign/d2a37c819f57c6d69a855a44a51433bb4a7d14b49dafeab892a6efc14fa02d0e.png
a54b4d3ba528301409e3f5ba27a1d3b3d8bf9ad5d6f0d43354535f98132d980b,1,data/malware_images/images/njrat/a54b4d3ba528301409e3f5ba27a1d3b3d8bf9ad5d6f0d43354535f98132d980b.png
4ae54b6a0b63b3fcf80ae0de0af6e781a71a47eae760b36858c23b2b15039171,1,data/malware_images/images/Trickbot/4ae54b6a0b63b3fcf80ae0de0af6e781a71a47eae760b36858c23b2b15039171.png
bc626e23065262755afc69cf152d01cba544d0aecaf353f62ac7dd0a3c446a0b,0,data/benign_original/benign/bc626e23065262755afc69cf152d01cba544d0aecaf353f62ac7dd0a3c446a0b.png
ef15499afa3f8134c5fafd4fb848bd6fbe6c2a8339c51325af36772586452314,1,data/malware_images/images/Trickbot/ef15499afa3f8134c5fafd4fb848bd6fbe6c2a8339c51325af36772586452314.png
d836d3fb996003a3394ae268296207db003fc1fda2a02d5180f3ae1876f1de47,0,data/benign_original/benign/d836d3fb996003a3394ae268296207db003fc1fda2a02d5180f3ae1876f1de47.png
4003fb5981943e2e801bcef53c4e548a7c06c875382cdbd6d596fbf0e4029eae,1,data/malware_images/images/Trickbot/4003fb5981943e2e801bcef53c4e548a7c06c875382cdbd6d596fbf0e4029eae.png
d4f0402b38120943d5be040787f21af3df579a004b7eaece439656b3b4f44b6a,1,data/malware_images/images/GuLoader/d4f0402b38120943d5be040787f21af3df579a004b7eaece439656b3b4f44b6a.png
b75c624d8f025fa422642abd2cc423e760309f6cf4175da4e63fa823d2f5d969,0,data/benign_original/benign/b75c624d8f025fa422642abd2cc423e760309f6cf4175da4e63fa823d2f5d969.png
fd2caa28493ea76021b93641958238b7a933f4f6db1a2070be03cc81d87d8307,0,data/benign_original/benign/fd2caa28493ea76021b93641958238b7a933f4f6db1a2070be03cc81d87d8307.png
c49196fbcc615b4145c095b26fd716cb4540b0b7a58693eaa987ebc485e20865,1,data/malware_images/images/njrat/c49196fbcc615b4145c095b26fd716cb4540b0b7a58693eaa987ebc485e20865.png
d18b4b69fd472ab88c9e384fefecbbbcd8e9d11b7c3c7849d36901fb42aceeed,0,data/benign_original/benign/d18b4b69fd472ab88c9e384fefecbbbcd8e9d11b7c3c7849d36901fb42aceeed.png
cda188226fc1f3511a36b2f0e024638835f7cc05d9eab218bb1a7b86975c5c08,1,data/malware_images/images/Trickbot/cda188226fc1f3511a36b2f0e024638835f7cc05d9eab218bb1a7b86975c5c08.png
b75d8cec1488c9df04b44471c5d7ddbf9fccd4f9532b1ba824eacf2e4ac54d15,0,data/benign_original/benign/b75d8cec1488c9df04b44471c5d7ddbf9fccd4f9532b1ba824eacf2e4ac54d15.png
6f5471b3ddddeeafb73e3d901b2f24bf14b06ef3c430325d0f38155e42c5e93a,1,data/malware_images/images/njrat/6f5471b3ddddeeafb73e3d901b2f24bf14b06ef3c430325d0f38155e42c5e93a.png
c159de691a3793383947640c921207970ffddda02a1d91f9ca01e8300cc8ea41,0,data/benign_original/benign/c159de691a3793383947640c921207970ffddda02a1d91f9ca01e8300cc8ea41.png
e3f7ed6464b39fe74ab6b41bbf67670908bc36ec78327441ef1ed2216fbfa3f9,0,data/benign_original/benign/e3f7ed6464b39fe74ab6b41bbf67670908bc36ec78327441ef1ed2216fbfa3f9.png
21d2091535e185099867947c8422dd04846ad754ab6e519b1a3d68a9b5ed8487,1,data/malware_images/images/Trickbot/21d2091535e185099867947c8422dd04846ad754ab6e519b1a3d68a9b5ed8487.png
279fc389e61e7aa32b0a287a354358d89f664a256b286cd7dd57094036ec03c7,1,data/malware_images/images/Gozi/279fc389e61e7aa32b0a287a354358d89f664a256b286cd7dd57094036ec03c7.png
ff52242b0861930e580ad6f9c680a1bbf29cdef2cb7dc1374ccc5a50361ea20d,0,data/benign_original/benign/ff52242b0861930e580ad6f9c680a1bbf29cdef2cb7dc1374ccc5a50361ea20d.png
b78caad4e90c3118083b3655721fb8fb550be261025b1352a42a8cb811d4af86,0,data/benign_original/benign/b78caad4e90c3118083b3655721fb8fb550be261025b1352a42a8cb811d4af86.png
ed8c1b104dedaa275bc6b761137cd641320f836ede3281ea54a5703e3a9ccec0,0,data/benign_original/benign/ed8c1b104dedaa275bc6b761137cd641320f836ede3281ea54a5703e3a9ccec0.png
e2c853b24f26a0adb781331863b5d8749d4e092322c04eca6b38fa35f0fa1ff4,0,data/benign_original/benign/e2c853b24f26a0adb781331863b5d8749d4e092322c04eca6b38fa35f0fa1ff4.png
36157d0255c4bfad89aba0953132380de242b317cba23650b357bd986f9009c9,1,data/malware_images/images/Heodo/36157d0255c4bfad89aba0953132380de242b317cba23650b357bd986f9009c9.png
b138e0d1a693e9d6798afd6ec3578efbff5d86f12aec0c946d307173df8fb4cc,0,data/benign_original/benign/b138e0d1a693e9d6798afd6ec3578efbff5d86f12aec0c946d307173df8fb4cc.png
c8a1fd23b831c97ecaaf88bd6bd7fc0f25cf17456c36ca08a9f2467414ddc610,0,data/benign_original/benign/c8a1fd23b831c97ecaaf88bd6bd7fc0f25cf17456c36ca08a9f2467414ddc610.png
eca0296fbe57705bccdffe00ee622f1f91cdb5ee199bef158c22e2963fdfc439,0,data/benign_original/benign/eca0296fbe57705bccdffe00ee622f1f91cdb5ee199bef158c22e2963fdfc439.png
c2f09cbaf7102dba25d4f5bd0aa326eb08b269906d87d53f44b9e992099a5ecc,0,data/benign_original/benign/c2f09cbaf7102dba25d4f5bd0aa326eb08b269906d87d53f44b9e992099a5ecc.png
d3e3a0df97b139586068e1f85a1fa056b4060f61b60f463d2681f59cd886cdf8,0,data/benign_original/benign/d3e3a0df97b139586068e1f85a1fa056b4060f61b60f463d2681f59cd886cdf8.png
cb97330351a303d2329cec972ae1f01499e8a03bac0665a81b2e2d9e2a838978,0,data/benign_original/benign/cb97330351a303d2329cec972ae1f01499e8a03bac0665a81b2e2d9e2a838978.png
c209282b399ec6b5e59e137faac1cc782107984aaf4b1ee9d67bae4dffe6bbd7,0,data/benign_original/benign/c209282b399ec6b5e59e137faac1cc782107984aaf4b1ee9d67bae4dffe6bbd7.png
c25ab8ed0427ec5ab40d7e68e58b88a677274defa6ae5c40a24a2d53841c8518,0,data/benign_original/benign/c25ab8ed0427ec5ab40d7e68e58b88a677274defa6ae5c40a24a2d53841c8518.png
9232b6d6b4b6c85b54681f911a6ef3a84e6093b17d25e373f2864a44e1c6c13c,1,data/malware_images/images/Gozi/9232b6d6b4b6c85b54681f911a6ef3a84e6093b17d25e373f2864a44e1c6c13c.png
7aca169a81eaa943602d6f235d978a2606d7ec5343b0579bef2180d8a3a97d45,1,data/malware_images/images/Gozi/7aca169a81eaa943602d6f235d978a2606d7ec5343b0579bef2180d8a3a97d45.png
aa1c66821155d2d77cdc8e114c2b9cdf5bcc5ea35ecfd7d3681e254882080cca,1,data/malware_images/images/IcedID/aa1c66821155d2d77cdc8e114c2b9cdf5bcc5ea35ecfd7d3681e254882080cca.png
3f89164ed5a92a004a8eb27b7537cd04754c9fadc151932051bc680c27a8471f,1,data/malware_images/images/Gozi/3f89164ed5a92a004a8eb27b7537cd04754c9fadc151932051bc680c27a8471f.png
fbe1805e56e3309fc79a6036d0d8318b03e271ed912bdac49a15f2b0749754ef,1,data/malware_images/images/Gozi/fbe1805e56e3309fc79a6036d0d8318b03e271ed912bdac49a15f2b0749754ef.png
fc20cde527888c0df374a82d024975037f23ad121d0bdfcdc8afea3a4e3037f8,0,data/benign_original/benign/fc20cde527888c0df374a82d024975037f23ad121d0bdfcdc8afea3a4e3037f8.png
e3bb8c334350185803b3863f71d6fced186b373e8768bb537e371dff11f74386,1,data/malware_images/images/njrat/e3bb8c334350185803b3863f71d6fced186b373e8768bb537e371dff11f74386.png
f3b8ff57248d9b3f224a511ba4c73d1fd6e416745d13d9b290c02a5a9b4f2679,1,data/malware_images/images/Gozi/f3b8ff57248d9b3f224a511ba4c73d1fd6e416745d13d9b290c02a5a9b4f2679.png
c17ee22de6897f89917d1b60c176028bee0a0c2d990f918b83c59669ce599a80,0,data/benign_original/benign/c17ee22de6897f89917d1b60c176028bee0a0c2d990f918b83c59669ce599a80.png
f2de5429d3fea497031119027bf0e0fd1209af386c6b5627dfeb10917edebb3e,0,data/benign_original/benign/f2de5429d3fea497031119027bf0e0fd1209af386c6b5627dfeb10917edebb3e.png
feeab67cc62f36ddd08ed0de72441aa8ef15cf52cb3bf604fc1c2b583e6a0406,0,data/benign_original/benign/feeab67cc62f36ddd08ed0de72441aa8ef15cf52cb3bf604fc1c2b583e6a0406.png
f3254e2de426e97eba3f761d8c7599b92f9aed24cd2a85b2519ca46583fcfea9,1,data/malware_images/images/Trickbot/f3254e2de426e97eba3f761d8c7599b92f9aed24cd2a85b2519ca46583fcfea9.png
1262d63aabec1fe6b68df348419485b7bbe4fecec2bac3cdcc4fe42b12d24d96,1,data/malware_images/images/GuLoader/1262d63aabec1fe6b68df348419485b7bbe4fecec2bac3cdcc4fe42b12d24d96.png
a62b3eee50f4a13c51ead571ac9707f74f38b5ba2b68eaead7f08f933bc97a2a,1,data/malware_images/images/Trickbot/a62b3eee50f4a13c51ead571ac9707f74f38b5ba2b68eaead7f08f933bc97a2a.png
2950bf30dac3ff3f0c287b86a50a0eb2260c3e637e60cb0c5bf42a4dd5347738,1,data/malware_images/images/Trickbot/2950bf30dac3ff3f0c287b86a50a0eb2260c3e637e60cb0c5bf42a4dd5347738.png
f0c9207f7b1f656fab31a4d554f0caf10ccffc485a1c83b6269704698e94ab24,1,data/malware_images/images/Trickbot/f0c9207f7b1f656fab31a4d554f0caf10ccffc485a1c83b6269704698e94ab24.png
62bdea365fc6288732deef4802af669c0613d3266d7c12b2c0a80ecb316ac7be,0,data/benign_original/benign/62bdea365fc6288732deef4802af669c0613d3266d7c12b2c0a80ecb316ac7be.png
ec7eb3bc8a7ad1b91b9863822a6d4fa3053ce14214dad7403bf24eb6906a40fe,0,data/benign_original/benign/ec7eb3bc8a7ad1b91b9863822a6d4fa3053ce14214dad7403bf24eb6906a40fe.png
e5fe9e98390c2b125d8f6fb83e2a09f9cdfb03fb7f0092352b97e65db73810a7,0,data/benign_original/benign/e5fe9e98390c2b125d8f6fb83e2a09f9cdfb03fb7f0092352b97e65db73810a7.png
bbf64c4a39218b2ca9e20fa0b3d04991f24236cc5424871403b2a835a29ddd1c,1,data/malware_images/images/Heodo/bbf64c4a39218b2ca9e20fa0b3d04991f24236cc5424871403b2a835a29ddd1c.png
d27ef8fec27f9bd91781dd3a6fd1b16b9744da96bfd8a0177ec22e2c99e6af5c,0,data/benign_original/benign/d27ef8fec27f9bd91781dd3a6fd1b16b9744da96bfd8a0177ec22e2c99e6af5c.png
e7bcd48b2948a278876343900aa3ee30cab266e6fa26c3031eee5dd846983ce2,1,data/malware_images/images/IcedID/e7bcd48b2948a278876343900aa3ee30cab266e6fa26c3031eee5dd846983ce2.png
f62cf888695dc4c6a275c026bbf93f9b2964e7153e57292a3ad27d34c3132fee,0,data/benign_original/benign/f62cf888695dc4c6a275c026bbf93f9b2964e7153e57292a3ad27d34c3132fee.png
c81d2ba041084b44f12a9c656de61fcbdd581ab71216b21a406cd4bd7114b9ec,0,data/benign_original/benign/c81d2ba041084b44f12a9c656de61fcbdd581ab71216b21a406cd4bd7114b9ec.png
e8988e3233f3ff479e9d7952c98078d2ad38175e8ea086f0fb112574f06285fc,1,data/malware_images/images/Gozi/e8988e3233f3ff479e9d7952c98078d2ad38175e8ea086f0fb112574f06285fc.png
72140cd87c7b181794aaf13e8b01f1896c7dfdcd76292bbe11ff950a1630b036,1,data/malware_images/images/IcedID/72140cd87c7b181794aaf13e8b01f1896c7dfdcd76292bbe11ff950a1630b036.png
c401d84d6d82653679244c92888cd3c83a1fe9bc9435dac0e5f6cdf42d80bce2,0,data/benign_original/benign/c401d84d6d82653679244c92888cd3c83a1fe9bc9435dac0e5f6cdf42d80bce2.png
d9677ec0d8a956bee45c9a7ba5c478b32d240b9fb0ba6279bf85f6772fc64abc,0,data/benign_original/benign/d9677ec0d8a956bee45c9a7ba5c478b32d240b9fb0ba6279bf85f6772fc64abc.png
45de04fff6b76075a2bf0c2354e4d8951b390cbe72d0e5c53b162228d6489b9a,0,data/benign_original/benign/45de04fff6b76075a2bf0c2354e4d8951b390cbe72d0e5c53b162228d6489b9a.png
f95810442584e75e6d53ccf1f4403f8ad0de83181aea52a7d2228bec4f439669,1,data/malware_images/images/Gozi/f95810442584e75e6d53ccf1f4403f8ad0de83181aea52a7d2228bec4f439669.png
e0416b595c9c2119a14f970e33d57f68dc3af7523892b665e01651f0680fe5bb,0,data/benign_original/benign/e0416b595c9c2119a14f970e33d57f68dc3af7523892b665e01651f0680fe5bb.png
9f4c2a040871517b8a8c6987890c0b11d38f7cb4b0cd889172bd03e88ba10553,1,data/malware_images/images/IcedID/9f4c2a040871517b8a8c6987890c0b11d38f7cb4b0cd889172bd03e88ba10553.png
9994eeb6d4be3bef6ae8ea0c5abb24cf79781826fffd1c3919ce478f50446180,1,data/malware_images/images/njrat/9994eeb6d4be3bef6ae8ea0c5abb24cf79781826fffd1c3919ce478f50446180.png
fc1d2554281f1e54b56fe4a31e12cb4c1ff6e12293054108a5850b763ea1c7ce,1,data/malware_images/images/njrat/fc1d2554281f1e54b56fe4a31e12cb4c1ff6e12293054108a5850b763ea1c7ce.png
d11f49cceb75957df9dde57b197a71b081579d2a63eaf294974e5d03dbb6a558,1,data/malware_images/images/GuLoader/d11f49cceb75957df9dde57b197a71b081579d2a63eaf294974e5d03dbb6a558.png
ab304e57f6e3e3b4f66ce55edf60eeb23c1af66a0488b9d2bea2025e1db1421a,1,data/malware_images/images/GuLoader/ab304e57f6e3e3b4f66ce55edf60eeb23c1af66a0488b9d2bea2025e1db1421a.png
e0b6c41768163fb36842cd84c8eb2b9288fb62ea28d8e907b6731388d8c754b1,0,data/benign_original/benign/e0b6c41768163fb36842cd84c8eb2b9288fb62ea28d8e907b6731388d8c754b1.png
a5de5b2ce78060edc794c4514727fd4fc43511d58c8e01690453c2d9f85d26a1,1,data/malware_images/images/Gozi/a5de5b2ce78060edc794c4514727fd4fc43511d58c8e01690453c2d9f85d26a1.png
ce6e51ab9d45e2555cec4cc21eae79584f23fe843c04313d6a2ffc21e0fddd49,1,data/malware_images/images/IcedID/ce6e51ab9d45e2555cec4cc21eae79584f23fe843c04313d6a2ffc21e0fddd49.png
9c0d41e2b35105dbd7244b592690fd10e94dc2e4678533fa44343632164f9d4b,1,data/malware_images/images/Gozi/9c0d41e2b35105dbd7244b592690fd10e94dc2e4678533fa44343632164f9d4b.png
dbc3a84d3c36361b7108e30842c90d24e7a0e56637a4e48d7d71df7af432fdd5,1,data/malware_images/images/Heodo/dbc3a84d3c36361b7108e30842c90d24e7a0e56637a4e48d7d71df7af432fdd5.png
d6082b9467fee2c2142a6f09ecf14008f554f4bd17ad50ccbcee7453b8c0a9eb,0,data/benign_original/benign/d6082b9467fee2c2142a6f09ecf14008f554f4bd17ad50ccbcee7453b8c0a9eb.png
cd7c420002de735a33e549fe92e3c2cddfb819876810e2e588720c4488fb9578,0,data/benign_original/benign/cd7c420002de735a33e549fe92e3c2cddfb819876810e2e588720c4488fb9578.png
d0ab8a9f97343b3671c7d076a92260289bacfee6370cd4b1600c25affa832f1e,0,data/benign_original/benign/d0ab8a9f97343b3671c7d076a92260289bacfee6370cd4b1600c25affa832f1e.png
40973d2b21fc99adda02a0785133fbf4ec53602d8e26c79503ef357234b6b579,0,data/benign_original/benign/40973d2b21fc99adda02a0785133fbf4ec53602d8e26c79503ef357234b6b579.png
c2317949bd87078559c1899a6a8ffec88a957b6b598b8a422db46f4a1b1ff31d,1,data/malware_images/images/Trickbot/c2317949bd87078559c1899a6a8ffec88a957b6b598b8a422db46f4a1b1ff31d.png
a44f96f1d75b5291f4299db1767b0d80f46145662033a1565148cf9932d6dae7,1,data/malware_images/images/njrat/a44f96f1d75b5291f4299db1767b0d80f46145662033a1565148cf9932d6dae7.png
d8cb004d4e8894ab4ca769c3cec9a37b7fab336dcda1e6e9a15975dc64cef370,0,data/benign_original/benign/d8cb004d4e8894ab4ca769c3cec9a37b7fab336dcda1e6e9a15975dc64cef370.png
ed715adbebecdb41e9b30c30d6c5c56f2a25e812f8ee6eebcb0e5ecf713d5223,1,data/malware_images/images/Gozi/ed715adbebecdb41e9b30c30d6c5c56f2a25e812f8ee6eebcb0e5ecf713d5223.png
f7e9749e22196a7cbdaae5e5b0aa4f77063dd8c8021dbd02171acc2f4e35cea6,0,data/benign_original/benign/f7e9749e22196a7cbdaae5e5b0aa4f77063dd8c8021dbd02171acc2f4e35cea6.png
aa5c061ec9439ef4611f0f2915808ffb942e0967a7938304113e54c655b0d77f,1,data/malware_images/images/Trickbot/aa5c061ec9439ef4611f0f2915808ffb942e0967a7938304113e54c655b0d77f.png
f73d47535a4fa049299561b92957c12ad7e3debbd22501be8751788e88d2453f,1,data/malware_images/images/Trickbot/f73d47535a4fa049299561b92957c12ad7e3debbd22501be8751788e88d2453f.png
4c3cc26ef555d8597c5edd7bc5f9f23b1d4ca4ac49e53a2deeed66bb94fc7bb7,1,data/malware_images/images/GuLoader/4c3cc26ef555d8597c5edd7bc5f9f23b1d4ca4ac49e53a2deeed66bb94fc7bb7.png
9a5bb23d248717d857e1746b11dbe538c9f187439767fdfc0b453cc470e8df2d,1,data/malware_images/images/GuLoader/9a5bb23d248717d857e1746b11dbe538c9f187439767fdfc0b453cc470e8df2d.png
a052385de3483e52b7a365b265a53eca7e910d8a4f1ca67299b848240b9611b7,0,data/benign_original/benign/a052385de3483e52b7a365b265a53eca7e910d8a4f1ca67299b848240b9611b7.png
90be0d99ec15f989c211d791cceb95856333d15ae8ec1762f3c16daf0938c2c0,1,data/malware_images/images/Trickbot/90be0d99ec15f989c211d791cceb95856333d15ae8ec1762f3c16daf0938c2c0.png
c852dd4140a95fc03222863c9eb796e79dcd7b542c0ee9ae7ed089b24a342b6b,0,data/benign_original/benign/c852dd4140a95fc03222863c9eb796e79dcd7b542c0ee9ae7ed089b24a342b6b.png
f0caf48005d504dfb402e3ef4b137187e9ffa0d903099222560d7f4a8885358d,1,data/malware_images/images/njrat/f0caf48005d504dfb402e3ef4b137187e9ffa0d903099222560d7f4a8885358d.png
c40f00822749fafa92327a637f20e209ce94100b29e921f5bbbd1546427b47a3,0,data/benign_original/benign/c40f00822749fafa92327a637f20e209ce94100b29e921f5bbbd1546427b47a3.png
2d49b1fe3da354221f225b3d9f99647f41c82eb2248acec1d79ddf62422f6f43,1,data/malware_images/images/GuLoader/2d49b1fe3da354221f225b3d9f99647f41c82eb2248acec1d79ddf62422f6f43.png
1c344888c75ef573d259b23a96f8e1869094ebab109ede37cb6a9d0cdc8d186e,0,data/benign_original/benign/1c344888c75ef573d259b23a96f8e1869094ebab109ede37cb6a9d0cdc8d186e.png
d8c52934a943e16308f61867785534a806e841930e2ad010ad5a3b7633183e0f,0,data/benign_original/benign/d8c52934a943e16308f61867785534a806e841930e2ad010ad5a3b7633183e0f.png
f1df598b3a619767f6380e622605b0ef2acacc8a49b4f7bef6bbdb13d93284ff,0,data/benign_original/benign/f1df598b3a619767f6380e622605b0ef2acacc8a49b4f7bef6bbdb13d93284ff.png
e506c184b3ffd2eced0869dd2512d3ba8639c3593436c7d66a293aa72ad454f4,0,data/benign_original/benign/e506c184b3ffd2eced0869dd2512d3ba8639c3593436c7d66a293aa72ad454f4.png
344c8c5dceb22b732dad7d1053fcea10b0a4edfb4a13d824458b455b44bc23d9,1,data/malware_images/images/Trickbot/344c8c5dceb22b732dad7d1053fcea10b0a4edfb4a13d824458b455b44bc23d9.png
079a2a4be6a17ac3dbf734be79538047c1b06302184be7cf08fde01112d0b974,1,data/malware_images/images/njrat/079a2a4be6a17ac3dbf734be79538047c1b06302184be7cf08fde01112d0b974.png
e7e226431c20e3b6f02d84fd1b7863495c47bb30808a6f5cfcb8e22639e077b3,0,data/benign_original/benign/e7e226431c20e3b6f02d84fd1b7863495c47bb30808a6f5cfcb8e22639e077b3.png
b668aaae5798845d7ce6533fdda63ae01e5543f76b4913b654718521c0387a0b,1,data/malware_images/images/Gozi/b668aaae5798845d7ce6533fdda63ae01e5543f76b4913b654718521c0387a0b.png
8c47c335c57f857f24dddb9a444822f27a9334a092257c5a333ed22a1d9c7b5f,1,data/malware_images/images/IcedID/8c47c335c57f857f24dddb9a444822f27a9334a092257c5a333ed22a1d9c7b5f.png
1df53409a812ae25621495f8b816683a7bdd6cda0bfe2de6ba3be0334e84dc74,0,data/benign_original/benign/1df53409a812ae25621495f8b816683a7bdd6cda0bfe2de6ba3be0334e84dc74.png
f2c9e0d65b6adc008f65a031066e3ab2c0be3b112d6e8e618de398d6bd69a0c5,0,data/benign_original/benign/f2c9e0d65b6adc008f65a031066e3ab2c0be3b112d6e8e618de398d6bd69a0c5.png
ef5891fc962408008f8ea2f535485408396bb8a311411373fb7c2905374dd102,0,data/benign_original/benign/ef5891fc962408008f8ea2f535485408396bb8a311411373fb7c2905374dd102.png
5c58655d1282ffbee5b0ba2f5a699671a4bea99082e49b4fa5dadbd5145a0dfb,1,data/malware_images/images/Gozi/5c58655d1282ffbee5b0ba2f5a699671a4bea99082e49b4fa5dadbd5145a0dfb.png
fcd72c9e219dbffebd3c3efc5dc5f56ecad0e7f350ff82e3a340a17a6919f524,0,data/benign_original/benign/fcd72c9e219dbffebd3c3efc5dc5f56ecad0e7f350ff82e3a340a17a6919f524.png
eb5a0c340a3adde1c26bd04f8525af271f0946fe2b66a00931ba7d2413c40545,0,data/benign_original/benign/eb5a0c340a3adde1c26bd04f8525af271f0946fe2b66a00931ba7d2413c40545.png
d4e541f0ad8b021f8fdddce372d3cd38f53d602f3fadf63a9eaa31bd09692f9c,0,data/benign_original/benign/d4e541f0ad8b021f8fdddce372d3cd38f53d602f3fadf63a9eaa31bd09692f9c.png
c325f5ae2660dd57d6ee92dccc91d6e46fc13875dfbe4e006de6bd1236cae146,0,data/benign_original/benign/c325f5ae2660dd57d6ee92dccc91d6e46fc13875dfbe4e006de6bd1236cae146.png
83e40b278674e314ea6f50fd07fda54d109df8ce332a684763d003c8b2a864c2,0,data/benign_original/benign/83e40b278674e314ea6f50fd07fda54d109df8ce332a684763d003c8b2a864c2.png
de800dec1c5bdc13fef2e631b62ae5bc5a0c21c16203ed5c5e36c589f56def91,0,data/benign_original/benign/de800dec1c5bdc13fef2e631b62ae5bc5a0c21c16203ed5c5e36c589f56def91.png
993cc911f445959aa63c6f272ed38b58a497db9d98ac52a8d54d68e4c61eb8a9,1,data/malware_images/images/Heodo/993cc911f445959aa63c6f272ed38b58a497db9d98ac52a8d54d68e4c61eb8a9.png
d13c0de3c15c28296fb8cef3a78bdd99402b52bbe47dc8f910d3a138ce4819ec,0,data/benign_original/benign/d13c0de3c15c28296fb8cef3a78bdd99402b52bbe47dc8f910d3a138ce4819ec.png
9649a74ce359b8454ce412ad3c4be867ab52d1072a63fa56463a421aa43fa1b2,1,data/malware_images/images/njrat/9649a74ce359b8454ce412ad3c4be867ab52d1072a63fa56463a421aa43fa1b2.png
da6c9fa1d9f183bc0040f719e3814d8a918310e107efcfc2854ac873b7ae9d9a,0,data/benign_original/benign/da6c9fa1d9f183bc0040f719e3814d8a918310e107efcfc2854ac873b7ae9d9a.png
e64427aea0f0ebfa12746a10ceb93704d1f200154d7a434218209b280f6bdbda,0,data/benign_original/benign/e64427aea0f0ebfa12746a10ceb93704d1f200154d7a434218209b280f6bdbda.png
029afe41cf483d777bfa2608cf6b14d9b69faab8b09b94c693f609e78a996b58,1,data/malware_images/images/njrat/029afe41cf483d777bfa2608cf6b14d9b69faab8b09b94c693f609e78a996b58.png
cfb47a371aa23de4aba0124fef30ce534a088d5e2855a8fd3bbad45c0740c27b,0,data/benign_original/benign/cfb47a371aa23de4aba0124fef30ce534a088d5e2855a8fd3bbad45c0740c27b.png
dfc6e7c8cd5d6ddc488c4b4e534cd0c95c8a2ae1f0e124b250b1acdd478bb32c,1,data/malware_images/images/Gozi/dfc6e7c8cd5d6ddc488c4b4e534cd0c95c8a2ae1f0e124b250b1acdd478bb32c.png
352837f7f48c65bab461ad1a4b907226f08604cf13390f8e187daf08e0da7aa5,1,data/malware_images/images/GuLoader/352837f7f48c65bab461ad1a4b907226f08604cf13390f8e187daf08e0da7aa5.png
3ab58a49c5634a26cb2f625a97ad065d8f03d8dce711e2581e3521e2bae2b6c8,1,data/malware_images/images/GuLoader/3ab58a49c5634a26cb2f625a97ad065d8f03d8dce711e2581e3521e2bae2b6c8.png
0dfd9b9733913d7e1fc1ca19798b9ed57c2d4138ae5fa1ad9c6e12f1dee7062c,0,data/benign_original/benign/0dfd9b9733913d7e1fc1ca19798b9ed57c2d4138ae5fa1ad9c6e12f1dee7062c.png
88ec1f01619de1296a93e19cbdf9fd14564217fde42e396c65f278b5a0327a6d,0,data/benign_original/benign/88ec1f01619de1296a93e19cbdf9fd14564217fde42e396c65f278b5a0327a6d.png
763045778cf8977b3da1f081ce871cf57570cfafa98d9d4c0334e554a0d77ac3,1,data/malware_images/images/IcedID/763045778cf8977b3da1f081ce871cf57570cfafa98d9d4c0334e554a0d77ac3.png
c2a113d9284ccd781346d5b4635537343ac74d897b5ef255bf15da4402ffaf83,0,data/benign_original/benign/c2a113d9284ccd781346d5b4635537343ac74d897b5ef255bf15da4402ffaf83.png
e683390a3c835318f88fce66779c0b424f6097db580aa541ee45e99174130347,1,data/malware_images/images/Gozi/e683390a3c835318f88fce66779c0b424f6097db580aa541ee45e99174130347.png
209280cbe0960634238fd3363bf0f311fe8620c7a38ba06e12c23b6614cdc67b,1,data/malware_images/images/GuLoader/209280cbe0960634238fd3363bf0f311fe8620c7a38ba06e12c23b6614cdc67b.png
ee98cc027bbce339e7dfe0b7757be233e38fb8bc95226f3992b376858f3cff80,0,data/benign_original/benign/ee98cc027bbce339e7dfe0b7757be233e38fb8bc95226f3992b376858f3cff80.png
e33d944cb07adf2a5455b54497efdebfb217b77ba50aa5a613d9aa3879514ec4,0,data/benign_original/benign/e33d944cb07adf2a5455b54497efdebfb217b77ba50aa5a613d9aa3879514ec4.png
b2f658985506ffcfaaa845e881d9deed5c5afad786753be060d8da6e1ec7e44d,0,data/benign_original/benign/b2f658985506ffcfaaa845e881d9deed5c5afad786753be060d8da6e1ec7e44d.png
a45f209badc9cd8d0c7164a3a3593771f14fb52eadfd62a1a0b31a92c31af526,1,data/malware_images/images/IcedID/a45f209badc9cd8d0c7164a3a3593771f14fb52eadfd62a1a0b31a92c31af526.png
5c06b00830e828ac09b88c7afcd94dc5a28b238333400d51af06fda58d99b81d,1,data/malware_images/images/IcedID/5c06b00830e828ac09b88c7afcd94dc5a28b238333400d51af06fda58d99b81d.png
c8c178ffceaad0b87503d1045d2dc6f7fe431ed08b86a9a210b4b0325a401a8d,1,data/malware_images/images/njrat/c8c178ffceaad0b87503d1045d2dc6f7fe431ed08b86a9a210b4b0325a401a8d.png
e7867dad4d09c3e96846460497ed49fb67fd3ac84b47fd00f051f2d6d48b842d,0,data/benign_original/benign/e7867dad4d09c3e96846460497ed49fb67fd3ac84b47fd00f051f2d6d48b842d.png
fac9ded22f2a956b26e51f40a7d161c75a5c1e5ad5c2a545a2f1fc5fd2b066a2,0,data/benign_original/benign/fac9ded22f2a956b26e51f40a7d161c75a5c1e5ad5c2a545a2f1fc5fd2b066a2.png
249604488f5145ceee176cb5345c7d3c10b28f8645b7e7b7ad43fff90e3e1141,1,data/malware_images/images/IcedID/249604488f5145ceee176cb5345c7d3c10b28f8645b7e7b7ad43fff90e3e1141.png
4493f22bb876f8c94418e1617f7ebda8cb58d2a0abbe7ac1ea8a0d9d03a2c481,1,data/malware_images/images/Trickbot/4493f22bb876f8c94418e1617f7ebda8cb58d2a0abbe7ac1ea8a0d9d03a2c481.png
09737df6d496910572e99333adbf3de605241de4a672b6235552d3447bf32426,1,data/malware_images/images/Trickbot/09737df6d496910572e99333adbf3de605241de4a672b6235552d3447bf32426.png
dba67ec7a7ce016c238893260e21737a6738f611e3bb7cef80d2bb47ddd7d140,1,data/malware_images/images/IcedID/dba67ec7a7ce016c238893260e21737a6738f611e3bb7cef80d2bb47ddd7d140.png
6f4e027d6a43811701f9f73b69e77a83e51336457284fb7925dcbed71b13820c,1,data/malware_images/images/Trickbot/6f4e027d6a43811701f9f73b69e77a83e51336457284fb7925dcbed71b13820c.png
7bede57bc7d5e493a892bf339f23bbcd24c87eb460de7343b6cd068fcba9e3c3,0,data/benign_original/benign/7bede57bc7d5e493a892bf339f23bbcd24c87eb460de7343b6cd068fcba9e3c3.png
b426deb2d675c57a9f8bde805b027d0c9e2da4e4abd4945f2740aa663d58a6cf,0,data/benign_original/benign/b426deb2d675c57a9f8bde805b027d0c9e2da4e4abd4945f2740aa663d58a6cf.png
44639ea41979b4c2128df89a16f8d1c277e16ddad27372bcb33e6956de3eeb90,1,data/malware_images/images/Trickbot/44639ea41979b4c2128df89a16f8d1c277e16ddad27372bcb33e6956de3eeb90.png
647df4453044059c24cfcc2e37824159f29474bdc0b5755ae1a832d019aba289,0,data/benign_original/benign/647df4453044059c24cfcc2e37824159f29474bdc0b5755ae1a832d019aba289.png
d87042311a540ae5a9f6a7d5f4c17906f2a50044cf669fc9e15a101e6cb9e7b3,0,data/benign_original/benign/d87042311a540ae5a9f6a7d5f4c17906f2a50044cf669fc9e15a101e6cb9e7b3.png
b07271f2b09f1defb7a03932c2dc89ede06ea4598446b74c10f73b5c602cb993,0,data/benign_original/benign/b07271f2b09f1defb7a03932c2dc89ede06ea4598446b74c10f73b5c602cb993.png
ff84091bb6f0eee80d98d41baf3ea143b48502d3933c0d9097abdf99618ffcf8,1,data/malware_images/images/Gozi/ff84091bb6f0eee80d98d41baf3ea143b48502d3933c0d9097abdf99618ffcf8.png
da7845453d787d9cd51eb4a3db852ddaece2e5036d5c8e2f361bbbe66639c061,1,data/malware_images/images/Trickbot/da7845453d787d9cd51eb4a3db852ddaece2e5036d5c8e2f361bbbe66639c061.png
f77bab6952ca835a5708a5036862845e3f6b219a86be3d3f93bbdbe2b426109f,1,data/malware_images/images/njrat/f77bab6952ca835a5708a5036862845e3f6b219a86be3d3f93bbdbe2b426109f.png
30f099660904079afcd445409cfd2eca735fab49dda522f03ed60d47f9f21bdc,1,data/malware_images/images/IcedID/30f099660904079afcd445409cfd2eca735fab49dda522f03ed60d47f9f21bdc.png
6d18824807eff95fa0f954a096e12956fe309244582383c9e36756e3370ed208,1,data/malware_images/images/Trickbot/6d18824807eff95fa0f954a096e12956fe309244582383c9e36756e3370ed208.png
d8898efeb49df0853ddaa95b1a44436d2fabb075c4ebc68ba4b8a9de293a1f52,0,data/benign_original/benign/d8898efeb49df0853ddaa95b1a44436d2fabb075c4ebc68ba4b8a9de293a1f52.png
d1e69fdfe46062abfde1fa02a24d530d21c63278720516a9d2d1ccff94aac94d,0,data/benign_original/benign/d1e69fdfe46062abfde1fa02a24d530d21c63278720516a9d2d1ccff94aac94d.png
bc0fb7d9efe3a5ca1cd7aa29d24f264be0f87249c54c4b5d738a01f2f85f77d1,0,data/benign_original/benign/bc0fb7d9efe3a5ca1cd7aa29d24f264be0f87249c54c4b5d738a01f2f85f77d1.png
7481b61d95c45a5ebb6dfc318a8a62f1524f815fb8fccc8859b373570c049538,0,data/benign_original/benign/7481b61d95c45a5ebb6dfc318a8a62f1524f815fb8fccc8859b373570c049538.png
de03ade5ed745c4d18d9fd198f018539d7cbc8daea89e58a117efc402416c649,0,data/benign_original/benign/de03ade5ed745c4d18d9fd198f018539d7cbc8daea89e58a117efc402416c649.png
7dccbba3dd0e7a899a0cfc01bbf1d7625fcc06f1704be9231782cfc9bccc6b73,1,data/malware_images/images/njrat/7dccbba3dd0e7a899a0cfc01bbf1d7625fcc06f1704be9231782cfc9bccc6b73.png
d6853075547d7e303efd60354d911a2ff18edba582cda2fa59d91a2e5dcf9e98,0,data/benign_original/benign/d6853075547d7e303efd60354d911a2ff18edba582cda2fa59d91a2e5dcf9e98.png
a9691e506636f78293fac9fcdd9bfa1efb3c94b45452d0351ed8db489d65cee8,1,data/malware_images/images/IcedID/a9691e506636f78293fac9fcdd9bfa1efb3c94b45452d0351ed8db489d65cee8.png
b2984baf48fd5bf12e74a6178e67a4d060c7a665382085bfaea33e9260b5fbde,1,data/malware_images/images/njrat/b2984baf48fd5bf12e74a6178e67a4d060c7a665382085bfaea33e9260b5fbde.png
89441cca04cfaebcacaa194a59d78e1fee62fc3c608704401a2dd1035d71d8de,0,data/benign_original/benign/89441cca04cfaebcacaa194a59d78e1fee62fc3c608704401a2dd1035d71d8de.png
675b4aeed4bce9d181124c95b30e2129032410e5864005271022290e8d9273a8,1,data/malware_images/images/Trickbot/675b4aeed4bce9d181124c95b30e2129032410e5864005271022290e8d9273a8.png
7151410f3e22084418ffb5d71dccff09ba4fb109fa71fea254406139bccfd7b0,1,data/malware_images/images/IcedID/7151410f3e22084418ffb5d71dccff09ba4fb109fa71fea254406139bccfd7b0.png
3156e0bf478c2c3badde50c80cae0e4e74e619b6e596086ad8092ee6e6199654,1,data/malware_images/images/Gozi/3156e0bf478c2c3badde50c80cae0e4e74e619b6e596086ad8092ee6e6199654.png
c273a7b182e3af1bbed0f5b728af5fb0e603b9f1713b72886739345c307a7f29,0,data/benign_original/benign/c273a7b182e3af1bbed0f5b728af5fb0e603b9f1713b72886739345c307a7f29.png
fbee2c888fd29a51cce3ae81a88aea37829826881e92032358a697d79897578f,0,data/benign_original/benign/fbee2c888fd29a51cce3ae81a88aea37829826881e92032358a697d79897578f.png
705cb458ff741f1a9f5fd040b2fbd2d3021681e1aac90af4e17a62fc627bf8bd,1,data/malware_images/images/Trickbot/705cb458ff741f1a9f5fd040b2fbd2d3021681e1aac90af4e17a62fc627bf8bd.png
b288eb94904813686c89b62b94508469771b0675983c1fbab0d2a385492dfdc9,0,data/benign_original/benign/b288eb94904813686c89b62b94508469771b0675983c1fbab0d2a385492dfdc9.png
db64bb1a9c155409dd1e75be3fb3243c1b703a621e2b16327df69bfc3d342c0e,0,data/benign_original/benign/db64bb1a9c155409dd1e75be3fb3243c1b703a621e2b16327df69bfc3d342c0e.png
c53e0f2ba4d0ff61ed41d31cb5671c96ba8a98afbf32f1e76cd88e5061c20370,1,data/malware_images/images/IcedID/c53e0f2ba4d0ff61ed41d31cb5671c96ba8a98afbf32f1e76cd88e5061c20370.png
270f6e7751d9866ca0334ce84e955f2789cd7a07c2a765e90539016b071fd950,0,data/benign_original/benign/270f6e7751d9866ca0334ce84e955f2789cd7a07c2a765e90539016b071fd950.png
e599e71a138f8f57b972840fe35af8b3220985e99b678f19d1d8abb0d47ac436,1,data/malware_images/images/Trickbot/e599e71a138f8f57b972840fe35af8b3220985e99b678f19d1d8abb0d47ac436.png
056ef243d86778e7a84a840a8562f14ae6dcf1a00492bc82c74b2d1e3c165056,0,data/benign_original/benign/056ef243d86778e7a84a840a8562f14ae6dcf1a00492bc82c74b2d1e3c165056.png
b4eb31112cb2d0686ea3e88ab33569a0c902cb14331bb5f12a206d6f61b6b1fe,1,data/malware_images/images/Trickbot/b4eb31112cb2d0686ea3e88ab33569a0c902cb14331bb5f12a206d6f61b6b1fe.png
71a7510db851cccfd979e181dfeb069bf47ca311835c4805ba893437eb04e13f,1,data/malware_images/images/Gozi/71a7510db851cccfd979e181dfeb069bf47ca311835c4805ba893437eb04e13f.png
54256f630247bd09af0bc01c2dafe121b8d7334b4bbd1f36092da2e66e3983c5,1,data/malware_images/images/Gozi/54256f630247bd09af0bc01c2dafe121b8d7334b4bbd1f36092da2e66e3983c5.png
c5166c1e376aa87e529b93669a40b0d9de2a78e2a8996c800b3505d61a58abd8,1,data/malware_images/images/Trickbot/c5166c1e376aa87e529b93669a40b0d9de2a78e2a8996c800b3505d61a58abd8.png
e34ef07be1e6de192e007fa59413c9f07657d9d24ebb59b2049d3447ccc73110,0,data/benign_original/benign/e34ef07be1e6de192e007fa59413c9f07657d9d24ebb59b2049d3447ccc73110.png
c7e2dd173f4c53dca7c098e56a9c451b926033fbaf984924fce2a3bbbc9821a9,0,data/benign_original/benign/c7e2dd173f4c53dca7c098e56a9c451b926033fbaf984924fce2a3bbbc9821a9.png
00eea85752664955047caad7d6280bc7bf1ab91c61eb9a2542c26b747a12e963,0,data/benign_original/benign/00eea85752664955047caad7d6280bc7bf1ab91c61eb9a2542c26b747a12e963.png
ce365d04be99efe6734d9364b2ee4507a207809c54d25541787bc2667b508b94,0,data/benign_original/benign/ce365d04be99efe6734d9364b2ee4507a207809c54d25541787bc2667b508b94.png
f540e9dceb09d2827c39b3d5ccc34536f4d7910400ee64c288e8df7cee2f18fd,0,data/benign_original/benign/f540e9dceb09d2827c39b3d5ccc34536f4d7910400ee64c288e8df7cee2f18fd.png
69cef8fa1209f02ef528ee93959c7c5e20a10e603b8a4251ba673d4cfd9e4b5e,1,data/malware_images/images/njrat/69cef8fa1209f02ef528ee93959c7c5e20a10e603b8a4251ba673d4cfd9e4b5e.png
e47dcf74d50403b376c562e4121e359e5886e42fcc60b3fa8ba53e6826854c49,0,data/benign_original/benign/e47dcf74d50403b376c562e4121e359e5886e42fcc60b3fa8ba53e6826854c49.png
a95efda438fdee4b4866287c2cfe9d89772a46c5d9d22377c8c63e43b2c93295,1,data/malware_images/images/IcedID/a95efda438fdee4b4866287c2cfe9d89772a46c5d9d22377c8c63e43b2c93295.png
d8bdfee38646ab9ebb276e2cb267a9e3b1617222c45170a68236f23c4c745f3d,0,data/benign_original/benign/d8bdfee38646ab9ebb276e2cb267a9e3b1617222c45170a68236f23c4c745f3d.png
e2331e2b63b9ce41262900596425e5e16003402603432792e2ab348d0d6afa11,1,data/malware_images/images/Trickbot/e2331e2b63b9ce41262900596425e5e16003402603432792e2ab348d0d6afa11.png
caaffbb1e04082773558571e95bbc5cb302614406292710e6104ab85fcf3927e,1,data/malware_images/images/IcedID/caaffbb1e04082773558571e95bbc5cb302614406292710e6104ab85fcf3927e.png
96370eb43195afe3dcff3d5dbf0788f31be272b846dee330cec9a209e92469b6,1,data/malware_images/images/Trickbot/96370eb43195afe3dcff3d5dbf0788f31be272b846dee330cec9a209e92469b6.png
f3357275a172306eb8940b31a9cb61e499ac6fb30b5b7f65d36fe3551143f38c,1,data/malware_images/images/njrat/f3357275a172306eb8940b31a9cb61e499ac6fb30b5b7f65d36fe3551143f38c.png
e7c52a18cd390832e128a45643daa120396769bfc6a1387e33c863904777f72d,0,data/benign_original/benign/e7c52a18cd390832e128a45643daa120396769bfc6a1387e33c863904777f72d.png
bbf78b5fa17f5545ee34137874c4feaf707fa556256bc74bee80d58782cdd719,1,data/malware_images/images/njrat/bbf78b5fa17f5545ee34137874c4feaf707fa556256bc74bee80d58782cdd719.png
62e8db45cb438205641ee57e8b486f0884ad6d4f3e8e5906f38aa157d301f718,0,data/benign_original/benign/62e8db45cb438205641ee57e8b486f0884ad6d4f3e8e5906f38aa157d301f718.png
b0dedf5c1bb312516908b1a8ca3bcb83abda409aef2bb773b9642649713438b0,0,data/benign_original/benign/b0dedf5c1bb312516908b1a8ca3bcb83abda409aef2bb773b9642649713438b0.png
c47cd2a8ffb8ffb94658239b7ec164f0d07c456f93db4d9ad052de8cb560ea67,1,data/malware_images/images/Gozi/c47cd2a8ffb8ffb94658239b7ec164f0d07c456f93db4d9ad052de8cb560ea67.png
df91e3d8c094bb91bbc717a36ff7d42302b5f362aedde2333fac71cd42010a28,1,data/malware_images/images/njrat/df91e3d8c094bb91bbc717a36ff7d42302b5f362aedde2333fac71cd42010a28.png
754d17d48af7cfce94b80e05709943f2e4c119a7dde35f34ca0261672236212a,1,data/malware_images/images/njrat/754d17d48af7cfce94b80e05709943f2e4c119a7dde35f34ca0261672236212a.png
3b5568867f991dfaf0d5717181b66889e3b4a1ab311037463fe6823e44752fe2,1,data/malware_images/images/Gozi/3b5568867f991dfaf0d5717181b66889e3b4a1ab311037463fe6823e44752fe2.png
8e0aa02ea34b646cef7bd9c2f5092b1bc0c6e287c846c0874bb4332dd210a323,1,data/malware_images/images/IcedID/8e0aa02ea34b646cef7bd9c2f5092b1bc0c6e287c846c0874bb4332dd210a323.png
a8e5c35c643c5455b352c8166d45074229e26b75d9689c2d9077a877d2362606,1,data/malware_images/images/Gozi/a8e5c35c643c5455b352c8166d45074229e26b75d9689c2d9077a877d2362606.png
1a4b8543391d0ddfd919feddd5b09021c8441d971643eaae92f4e6ad114bab87,1,data/malware_images/images/IcedID/1a4b8543391d0ddfd919feddd5b09021c8441d971643eaae92f4e6ad114bab87.png
0edae896c82accd8703457f84d1f2de7a345c60a9643b2499c6ad798b94f621a,1,data/malware_images/images/njrat/0edae896c82accd8703457f84d1f2de7a345c60a9643b2499c6ad798b94f621a.png
3d34785f2f6c2f6e58e7372104e74ceac405f58427785f654d39136182d7cb5d,1,data/malware_images/images/IcedID/3d34785f2f6c2f6e58e7372104e74ceac405f58427785f654d39136182d7cb5d.png
1d3214d9f81bb6f5b143565c7e404e1f88026e05cd5ca24d5830924847c19dcb,1,data/malware_images/images/Trickbot/1d3214d9f81bb6f5b143565c7e404e1f88026e05cd5ca24d5830924847c19dcb.png
0d23b6f46e848a65911518e6658488070a7462cd605cfc3737a6bb1ef71cceac,0,data/benign_original/benign/0d23b6f46e848a65911518e6658488070a7462cd605cfc3737a6bb1ef71cceac.png
d2adfcd133a4b83c0004007b566de51f88c65535d4bca8aa1407acc9e3d50175,1,data/malware_images/images/Gozi/d2adfcd133a4b83c0004007b566de51f88c65535d4bca8aa1407acc9e3d50175.png
8bd042a9cba68f9d2fb8805abf49ffc0dc989e05df78876059f671fcfd759661,1,data/malware_images/images/GuLoader/8bd042a9cba68f9d2fb8805abf49ffc0dc989e05df78876059f671fcfd759661.png
0429883ec148fde5feedc2ca8ccc0c6969b4c2ec7581d9afb7acadf069c3844b,1,data/malware_images/images/njrat/0429883ec148fde5feedc2ca8ccc0c6969b4c2ec7581d9afb7acadf069c3844b.png
fbec42e66554bd60d2b384b4a2b6e653adeb1fe52747f9db611dafc913c03712,0,data/benign_original/benign/fbec42e66554bd60d2b384b4a2b6e653adeb1fe52747f9db611dafc913c03712.png
2c8b6b0497ac12ab7641342e07eca16b661b31e81444798799d4b186306a9a77,0,data/benign_original/benign/2c8b6b0497ac12ab7641342e07eca16b661b31e81444798799d4b186306a9a77.png
1e8b22f803f4096534c3f2e008588f178ece5d8953996825d76b98eb3a43174e,1,data/malware_images/images/Gozi/1e8b22f803f4096534c3f2e008588f178ece5d8953996825d76b98eb3a43174e.png
b0899997fa2b8441044063327f072d6dc9edf4665651cb43862680494e6bf87f,0,data/benign_original/benign/b0899997fa2b8441044063327f072d6dc9edf4665651cb43862680494e6bf87f.png
fb2c02f390c93e83df4961a8d96f128d9db96f7a3486003d6ec1877b73805dbf,0,data/benign_original/benign/fb2c02f390c93e83df4961a8d96f128d9db96f7a3486003d6ec1877b73805dbf.png
1677d160b38b55b8e27e0c012a5ebb1a2ac34d87e515ca82412d9d3465507d80,0,data/benign_original/benign/1677d160b38b55b8e27e0c012a5ebb1a2ac34d87e515ca82412d9d3465507d80.png
b25fea916f252b73c8b4955c6938cce01bae2c7aa3578d0dad3681c7ea1a9c35,0,data/benign_original/benign/b25fea916f252b73c8b4955c6938cce01bae2c7aa3578d0dad3681c7ea1a9c35.png
661f94e6edb8ac51fd9b7831a45102586aec2fb596ca799c709b806784ff0785,1,data/malware_images/images/GuLoader/661f94e6edb8ac51fd9b7831a45102586aec2fb596ca799c709b806784ff0785.png
0152b036d984ca50d05a8301e08275fe0f81cdb0077d525fce33690a02657d3f,1,data/malware_images/images/Gozi/0152b036d984ca50d05a8301e08275fe0f81cdb0077d525fce33690a02657d3f.png
f3918f4318e4562d8c016d3a0a91780471f06e65f305135eb8e8554ae9d07504,0,data/benign_original/benign/f3918f4318e4562d8c016d3a0a91780471f06e65f305135eb8e8554ae9d07504.png
174bd9677dde95fa4596df6e8c042780ea8be1e47504ee8d3beeb7e9c06ec7c7,1,data/malware_images/images/Trickbot/174bd9677dde95fa4596df6e8c042780ea8be1e47504ee8d3beeb7e9c06ec7c7.png
e922573d47477ceeb20c2d379089d39364f0c0272f5ce18a50755391718e05b5,0,data/benign_original/benign/e922573d47477ceeb20c2d379089d39364f0c0272f5ce18a50755391718e05b5.png
c018ff57df67d621dbd641ab6e9961337f0e9b0c7be00ead83898ab3fdcd8675,0,data/benign_original/benign/c018ff57df67d621dbd641ab6e9961337f0e9b0c7be00ead83898ab3fdcd8675.png
b97fa585735d0e68044cd7c39a903ddef943a3b78946f78fee72c7e0b4965986,1,data/malware_images/images/GuLoader/b97fa585735d0e68044cd7c39a903ddef943a3b78946f78fee72c7e0b4965986.png
b8709a0d94df64f37f997373ca3686aa4071ce1da9a407bcfee2fdb0ce9d096c,1,data/malware_images/images/GuLoader/b8709a0d94df64f37f997373ca3686aa4071ce1da9a407bcfee2fdb0ce9d096c.png
b7914c8d50d7770ac4bd89508b1db997e000b23da32f5076f0646eb38d834087,0,data/benign_original/benign/b7914c8d50d7770ac4bd89508b1db997e000b23da32f5076f0646eb38d834087.png
5dad316f13bfad0dc5609d4df8fade8cb4ca358b734c13e6ea4970081038375b,1,data/malware_images/images/IcedID/5dad316f13bfad0dc5609d4df8fade8cb4ca358b734c13e6ea4970081038375b.png
44d930680be5bf1a56282202673f9b7ac13c6c2808136ad3e2bb53a06e46d3b4,1,data/malware_images/images/Heodo/44d930680be5bf1a56282202673f9b7ac13c6c2808136ad3e2bb53a06e46d3b4.png
12a084d24cab2449998586aa059d17dda4cb2bea381826aa294e454e7b3de394,1,data/malware_images/images/Trickbot/12a084d24cab2449998586aa059d17dda4cb2bea381826aa294e454e7b3de394.png
e52a3d0c73ef08a11c55185b1c3872162fe7427534df0e1f7ac23739696ee789,0,data/benign_original/benign/e52a3d0c73ef08a11c55185b1c3872162fe7427534df0e1f7ac23739696ee789.png
f52e19ba4da44ab3ca36ffd388a8af158e15d48351f0dafd9edc5394f78c2fc0,0,data/benign_original/benign/f52e19ba4da44ab3ca36ffd388a8af158e15d48351f0dafd9edc5394f78c2fc0.png
800403949e76ea5119dbca660ef59120b819557a9db2208dd52345855399c0b5,1,data/malware_images/images/Trickbot/800403949e76ea5119dbca660ef59120b819557a9db2208dd52345855399c0b5.png
fb93811a325ab59af45cdaeb57d47a8b1dacfdb19b87cefd1366cb0680250f1a,0,data/benign_original/benign/fb93811a325ab59af45cdaeb57d47a8b1dacfdb19b87cefd1366cb0680250f1a.png
882784b8fbd8aeeb390588fa68a3ec986966778498d9c538c9d493d7643f9679,1,data/malware_images/images/njrat/882784b8fbd8aeeb390588fa68a3ec986966778498d9c538c9d493d7643f9679.png
686dbdd1993e0a6efdcdf33f20d8538f200f8166c57db016cbf342d112d396bd,1,data/malware_images/images/GuLoader/686dbdd1993e0a6efdcdf33f20d8538f200f8166c57db016cbf342d112d396bd.png
b7a83f51eae2824e9259ffe567f0fb42177d7b02674be760eb88df270459d8bf,0,data/benign_original/benign/b7a83f51eae2824e9259ffe567f0fb42177d7b02674be760eb88df270459d8bf.png
ec36fcc4e2f2bc1724cc77e1ada773c3713242709ba248da115c355c71b70b1b,1,data/malware_images/images/njrat/ec36fcc4e2f2bc1724cc77e1ada773c3713242709ba248da115c355c71b70b1b.png
c7cd74ce80dd72ad084ac4716e11153b704e30d7896d844144a39cff6e75bec4,0,data/benign_original/benign/c7cd74ce80dd72ad084ac4716e11153b704e30d7896d844144a39cff6e75bec4.png
bea4c5a07695e89586b789a786861688d2cb133eaf4aaf916129f601ace55918,0,data/benign_original/benign/bea4c5a07695e89586b789a786861688d2cb133eaf4aaf916129f601ace55918.png
efe0f8fd6ab169e6aa2f54468fd46e228ccde933944aa179e14de433d21f31de,0,data/benign_original/benign/efe0f8fd6ab169e6aa2f54468fd46e228ccde933944aa179e14de433d21f31de.png
e5d2c4a8b0c8ed21c0a16452789d360be99570c8efe3840e625615a2dc198705,0,data/benign_original/benign/e5d2c4a8b0c8ed21c0a16452789d360be99570c8efe3840e625615a2dc198705.png
87cd62cf9035d1af6e5e4a32a95ee8eb32ed067840f86c027f2ae6348ded3178,1,data/malware_images/images/njrat/87cd62cf9035d1af6e5e4a32a95ee8eb32ed067840f86c027f2ae6348ded3178.png
e5dc5291c92617c1b42d182c0dada35e8ad931997710be688f6b7f836c4c3562,1,data/malware_images/images/Heodo/e5dc5291c92617c1b42d182c0dada35e8ad931997710be688f6b7f836c4c3562.png
b1757e7af45a365cb4903cc1c8293648173c8a39805e25b127dd7286eb91ce10,1,data/malware_images/images/Gozi/b1757e7af45a365cb4903cc1c8293648173c8a39805e25b127dd7286eb91ce10.png
f0713862b4e2fada33840fadf5ef495327be65c8a35f9428d8e365363a9eb44a,1,data/malware_images/images/GuLoader/f0713862b4e2fada33840fadf5ef495327be65c8a35f9428d8e365363a9eb44a.png
61422e082aca1bb6a4abd3271332453993bbb320a08fa39941bd1cecf16159d3,1,data/malware_images/images/GuLoader/61422e082aca1bb6a4abd3271332453993bbb320a08fa39941bd1cecf16159d3.png
654512ba13cb405d6b839c46b229c1a6d506fbe3749861d8973f484edf9ef791,1,data/malware_images/images/GuLoader/654512ba13cb405d6b839c46b229c1a6d506fbe3749861d8973f484edf9ef791.png
e51c8678fd602a21c249b369e833966019935132476f9434da896bef808ba3b1,0,data/benign_original/benign/e51c8678fd602a21c249b369e833966019935132476f9434da896bef808ba3b1.png
c6d93ae492f6a2b687c64cc388cf0a483f44428b843c5b384c156f018a2cf63c,1,data/malware_images/images/njrat/c6d93ae492f6a2b687c64cc388cf0a483f44428b843c5b384c156f018a2cf63c.png
b953ea0cf84c34fc9986fd68a2db442ec1f1f6263c6f96ed9f9a036a9f2c41b6,0,data/benign_original/benign/b953ea0cf84c34fc9986fd68a2db442ec1f1f6263c6f96ed9f9a036a9f2c41b6.png
60201212710b397546633f7a9ed640522e5c728f07d48ac3a6481b3b27cbf1aa,1,data/malware_images/images/njrat/60201212710b397546633f7a9ed640522e5c728f07d48ac3a6481b3b27cbf1aa.png
c60ebcad6dcbc20fd27872ee4ae92b83950420867ab7a4769bac9d1a4f25e067,0,data/benign_original/benign/c60ebcad6dcbc20fd27872ee4ae92b83950420867ab7a4769bac9d1a4f25e067.png
20aa773ce4d4e0709faeba02937cc789c114e726f6336c1dcd6c206f00514af2,1,data/malware_images/images/njrat/20aa773ce4d4e0709faeba02937cc789c114e726f6336c1dcd6c206f00514af2.png
a97c0c1cff1bac187454dc1f923fec19a17c209e217af26a2479d4b247151fb1,1,data/malware_images/images/Gozi/a97c0c1cff1bac187454dc1f923fec19a17c209e217af26a2479d4b247151fb1.png
f5c9052a5ffa426dd5f8f3e319cdc1d95ba1a2091802eee08ae10853a1305022,0,data/benign_original/benign/f5c9052a5ffa426dd5f8f3e319cdc1d95ba1a2091802eee08ae10853a1305022.png
bc3b3a09acedcfff41cc5de975cb313a653b805ba4d4d455cb80cd81a9c690bc,0,data/benign_original/benign/bc3b3a09acedcfff41cc5de975cb313a653b805ba4d4d455cb80cd81a9c690bc.png
4499dc522a910ad383ad064172d9abaab4331f45aa9bf09568387cb826870c67,1,data/malware_images/images/njrat/4499dc522a910ad383ad064172d9abaab4331f45aa9bf09568387cb826870c67.png
6b2eb4a0767e551244e0d8e253550332dad808025ebfae65a31ef4376df94deb,1,data/malware_images/images/IcedID/6b2eb4a0767e551244e0d8e253550332dad808025ebfae65a31ef4376df94deb.png
47ae084ef854a1c6664595f4369b15d386c95219f850584f2ae9e65b41c6441f,0,data/benign_original/benign/47ae084ef854a1c6664595f4369b15d386c95219f850584f2ae9e65b41c6441f.png
fea3cff8272dfac6102bb508da5531b9d9a87fa5d81bc6006353acc81d0d0e07,0,data/benign_original/benign/fea3cff8272dfac6102bb508da5531b9d9a87fa5d81bc6006353acc81d0d0e07.png
139dad2a06dedce7365ae6cec7a74a84897c899fbd67efd7edb040eaa41f1c1a,1,data/malware_images/images/Trickbot/139dad2a06dedce7365ae6cec7a74a84897c899fbd67efd7edb040eaa41f1c1a.png
f7783cefde26951c53bfac0ef2299589417219568cb1d42a1856f971335ba6fb,1,data/malware_images/images/Trickbot/f7783cefde26951c53bfac0ef2299589417219568cb1d42a1856f971335ba6fb.png
facde0e704274720ee04a9d32b03010da863ca34c1cf7e55bea2e2705c0b7e6d,0,data/benign_original/benign/facde0e704274720ee04a9d32b03010da863ca34c1cf7e55bea2e2705c0b7e6d.png
daf237638b387de778216611bc9e0ae29f525bdf71f4a8fe8a419e8000b332bb,0,data/benign_original/benign/daf237638b387de778216611bc9e0ae29f525bdf71f4a8fe8a419e8000b332bb.png
5ec2198d8ee3d15c25b0868d397eccb0b1b9b4c75594b64906f8251160bd07a1,1,data/malware_images/images/GuLoader/5ec2198d8ee3d15c25b0868d397eccb0b1b9b4c75594b64906f8251160bd07a1.png
c18aea75c96d33512a2c8e34322674dcca4094e93f5dbd9ba26305ea5848fada,0,data/benign_original/benign/c18aea75c96d33512a2c8e34322674dcca4094e93f5dbd9ba26305ea5848fada.png
e6c6c4f14a6307937f3b06733bc278bf752f0582027528925f400aecd8055b9f,0,data/benign_original/benign/e6c6c4f14a6307937f3b06733bc278bf752f0582027528925f400aecd8055b9f.png
2bdbd53d3ee98405667b623e44a3d2bb2310c0dc3e6ff3e316038b94c4dc93fc,1,data/malware_images/images/Gozi/2bdbd53d3ee98405667b623e44a3d2bb2310c0dc3e6ff3e316038b94c4dc93fc.png
db389bec3d1829525ec0a36a5275d5b8f82f371c89844bf73ec2dd33da2de33c,0,data/benign_original/benign/db389bec3d1829525ec0a36a5275d5b8f82f371c89844bf73ec2dd33da2de33c.png
b0779dddc24e425e43d44db35750bddc8393f9a68c0ed6374f32b9270cb5dd2c,0,data/benign_original/benign/b0779dddc24e425e43d44db35750bddc8393f9a68c0ed6374f32b9270cb5dd2c.png
c551a54f1fdb1d35fa4274db46390b2e12a2b6733b0583d4a899ed2f3afef14c,0,data/benign_original/benign/c551a54f1fdb1d35fa4274db46390b2e12a2b6733b0583d4a899ed2f3afef14c.png
e72585060ffc4e5a7e78c10d1e7620d8c02802328e43c831030d07fded2aa53d,0,data/benign_original/benign/e72585060ffc4e5a7e78c10d1e7620d8c02802328e43c831030d07fded2aa53d.png
8ddd6a5e068a27b5f09f0ad6aa6073312c1d2bffbc02a4a5ac9c7859138dff73,1,data/malware_images/images/Gozi/8ddd6a5e068a27b5f09f0ad6aa6073312c1d2bffbc02a4a5ac9c7859138dff73.png
a32ab4f95e13d4ed4c56d3769f4c2559aa55ed8c0d30851482a4b0bd75028155,1,data/malware_images/images/Trickbot/a32ab4f95e13d4ed4c56d3769f4c2559aa55ed8c0d30851482a4b0bd75028155.png
af48e8273d95af3a9e6ca245dd6410c700d77974e0aa5dac8e22e53b31d12749,0,data/benign_original/benign/af48e8273d95af3a9e6ca245dd6410c700d77974e0aa5dac8e22e53b31d12749.png
eb40c43d6593f7dadf2e66140c12e4665e968f8cda9c8e45833ba936e7f7614f,0,data/benign_original/benign/eb40c43d6593f7dadf2e66140c12e4665e968f8cda9c8e45833ba936e7f7614f.png
cc6dfa5b01c3ebbab69e7a8c2a7c0183bbd522a381223b07fb5fc5d1f0fe5acf,0,data/benign_original/benign/cc6dfa5b01c3ebbab69e7a8c2a7c0183bbd522a381223b07fb5fc5d1f0fe5acf.png
e400bf8019dc0caf98865aea07429f8581ac5b004b9759a1c62f2d7bccbcb3a4,0,data/benign_original/benign/e400bf8019dc0caf98865aea07429f8581ac5b004b9759a1c62f2d7bccbcb3a4.png
3cabaea8d39d84efe8037fd1b78107a7000491ed1dcaa91fd954ca5dcb61fdc2,0,data/benign_original/benign/3cabaea8d39d84efe8037fd1b78107a7000491ed1dcaa91fd954ca5dcb61fdc2.png
7fa852a4f447b40517da555dbc64888b5283ef6d6f17233175023336ac546933,1,data/malware_images/images/Trickbot/7fa852a4f447b40517da555dbc64888b5283ef6d6f17233175023336ac546933.png
87ef24333f804a21deec13716575f20ab696559af945a49cc9b4e88d2369cfb3,1,data/malware_images/images/Gozi/87ef24333f804a21deec13716575f20ab696559af945a49cc9b4e88d2369cfb3.png
4034c710ef15fc9f912432d31817bd98a100d909c1c97b09dbcf58c8ca6b9d81,1,data/malware_images/images/IcedID/4034c710ef15fc9f912432d31817bd98a100d909c1c97b09dbcf58c8ca6b9d81.png
b3436fd22097ed01e2c52c16179acf5f13139df15c8d77b36bc06fd73ba23544,0,data/benign_original/benign/b3436fd22097ed01e2c52c16179acf5f13139df15c8d77b36bc06fd73ba23544.png
75b7971116bc93808372209737c5f272cde2b5409722dd7a13c5b780f98743ef,0,data/benign_original/benign/75b7971116bc93808372209737c5f272cde2b5409722dd7a13c5b780f98743ef.png
f8f078436e7a6b122189715b839a772d856ccb8f29267c348404e45a410c0d05,0,data/benign_original/benign/f8f078436e7a6b122189715b839a772d856ccb8f29267c348404e45a410c0d05.png
0d6dbae4e6c2e4ce311351154acc68be2d1dfd624a23811a33ee2d3d60492920,1,data/malware_images/images/GuLoader/0d6dbae4e6c2e4ce311351154acc68be2d1dfd624a23811a33ee2d3d60492920.png
c9da9b0eb3a4e8dcc9080546bc74d922d179d186493a9af7473c42fb49ded1db,0,data/benign_original/benign/c9da9b0eb3a4e8dcc9080546bc74d922d179d186493a9af7473c42fb49ded1db.png
dc10ceb16db0b7e17532432b65bc083dad365b06be20d4f3801ae0ef38369b6c,0,data/benign_original/benign/dc10ceb16db0b7e17532432b65bc083dad365b06be20d4f3801ae0ef38369b6c.png
efbfbcefa4c090c46a1b7273f44a4136d4a701b21dce7e96d0bdbea4980e1e9d,0,data/benign_original/benign/efbfbcefa4c090c46a1b7273f44a4136d4a701b21dce7e96d0bdbea4980e1e9d.png
590d590c2593556fbb87ffc7dc8c92db2a3110f4846bebf28c0d510e707554fc,1,data/malware_images/images/Trickbot/590d590c2593556fbb87ffc7dc8c92db2a3110f4846bebf28c0d510e707554fc.png
321f4ae3cfd8f66dc03ada17ef544cb17b453a6dde036447c2c54cbe9925cf25,1,data/malware_images/images/GuLoader/321f4ae3cfd8f66dc03ada17ef544cb17b453a6dde036447c2c54cbe9925cf25.png
d2b27fd402f22ad56dc9217b11c5bc7a5d8fdbdd0b21330e991bac3c333ecc13,0,data/benign_original/benign/d2b27fd402f22ad56dc9217b11c5bc7a5d8fdbdd0b21330e991bac3c333ecc13.png
9599887f65b068f4bf319e69c7c303165b40189fb4ac31f5e73d2f4133550458,1,data/malware_images/images/Trickbot/9599887f65b068f4bf319e69c7c303165b40189fb4ac31f5e73d2f4133550458.png
dd22e039c3d31e3a2cddd125ccca9ed5c400dc41a2ab57b01d5bfe87fa7a1525,0,data/benign_original/benign/dd22e039c3d31e3a2cddd125ccca9ed5c400dc41a2ab57b01d5bfe87fa7a1525.png
e623ef730f170ce312e057c2f940953198f0f13cff9a3c97326676cd6eb8aa0b,0,data/benign_original/benign/e623ef730f170ce312e057c2f940953198f0f13cff9a3c97326676cd6eb8aa0b.png
4d7eb9c9089141f466c01f7c7b68e92022e67aa04ef97afde4ce9c1fbd25a3ee,1,data/malware_images/images/GuLoader/4d7eb9c9089141f466c01f7c7b68e92022e67aa04ef97afde4ce9c1fbd25a3ee.png
d544297ee475f4338afbc5e4e5b63bdd4d8c04999649b2c16ac7b4dce10e3db9,0,data/benign_original/benign/d544297ee475f4338afbc5e4e5b63bdd4d8c04999649b2c16ac7b4dce10e3db9.png
eb0c00ccb89b20a4b4d242b8a55683186ef9635d1bdd8ceb6327572170f2392e,0,data/benign_original/benign/eb0c00ccb89b20a4b4d242b8a55683186ef9635d1bdd8ceb6327572170f2392e.png
b91e8b3d8835f03f2eb11fd159267bbc01eec23e0ac127fec340968da4f79249,0,data/benign_original/benign/b91e8b3d8835f03f2eb11fd159267bbc01eec23e0ac127fec340968da4f79249.png
4e6444baf61bba9f9ef1747aeb3ebc31151769e0666b8259d342ed2008e73844,1,data/malware_images/images/GuLoader/4e6444baf61bba9f9ef1747aeb3ebc31151769e0666b8259d342ed2008e73844.png
ed8447552d8a45783acf19ca3fe180c10628ea6846d65cd3e8dadb63d9028469,0,data/benign_original/benign/ed8447552d8a45783acf19ca3fe180c10628ea6846d65cd3e8dadb63d9028469.png
43f6440819114c71e2312a956672c8b2a4aa82e4c9ca230c3cf6b456b5b46d51,1,data/malware_images/images/IcedID/43f6440819114c71e2312a956672c8b2a4aa82e4c9ca230c3cf6b456b5b46d51.png
b2f6d661315f24e9bed72e9af4580f371dbffabd9fc6242fcfcd02c519a6f470,0,data/benign_original/benign/b2f6d661315f24e9bed72e9af4580f371dbffabd9fc6242fcfcd02c519a6f470.png
edf1fbb7770d5d8e4daaf40ac72a4fac4cb5983d076cfe413e29786e59123953,0,data/benign_original/benign/edf1fbb7770d5d8e4daaf40ac72a4fac4cb5983d076cfe413e29786e59123953.png
fb9b901516c88bfb84fc1142e6da07616ed0a20bfebbccf84076a119a4f704ba,1,data/malware_images/images/njrat/fb9b901516c88bfb84fc1142e6da07616ed0a20bfebbccf84076a119a4f704ba.png
bff8ed6fb8d736ad790d7306d45715c9a3858a00a6b5be7251d3126020339e54,1,data/malware_images/images/GuLoader/bff8ed6fb8d736ad790d7306d45715c9a3858a00a6b5be7251d3126020339e54.png
9d8ae896d4b157ef03dfa758280598d473ede6a6a74f9b7a3ed602c42eb987d8,1,data/malware_images/images/Heodo/9d8ae896d4b157ef03dfa758280598d473ede6a6a74f9b7a3ed602c42eb987d8.png
f29afb0833ca821906b8eb5e3184a2724361d22e2f1d92cca2e167b27a5f0662,0,data/benign_original/benign/f29afb0833ca821906b8eb5e3184a2724361d22e2f1d92cca2e167b27a5f0662.png
c272c0704ba8371417fc8d5056bb39f2a93812066bdce2f60a2f8b173f2da839,0,data/benign_original/benign/c272c0704ba8371417fc8d5056bb39f2a93812066bdce2f60a2f8b173f2da839.png
0860c94c0acccc20627106344c4fe3ba07b9ad0802f07dd6895e9dee72edf1f0,1,data/malware_images/images/njrat/0860c94c0acccc20627106344c4fe3ba07b9ad0802f07dd6895e9dee72edf1f0.png
bbf9c6eefc94013dafd2fd64b4db431fc1f1f1e36d3a657c7813b0704177eb40,0,data/benign_original/benign/bbf9c6eefc94013dafd2fd64b4db431fc1f1f1e36d3a657c7813b0704177eb40.png
b7efa647a93bd17535b018ac037f39e1f4cb6cdea4f3a67d902964cb8011b092,0,data/benign_original/benign/b7efa647a93bd17535b018ac037f39e1f4cb6cdea4f3a67d902964cb8011b092.png
ef2a7f259f8679d0c85e476d9aa165780718e5dc030f3be55af88a4921c53cf8,1,data/malware_images/images/njrat/ef2a7f259f8679d0c85e476d9aa165780718e5dc030f3be55af88a4921c53cf8.png
b07719834e2229634191084e6acba7e278918a019d6039c8adf00144af27269b,0,data/benign_original/benign/b07719834e2229634191084e6acba7e278918a019d6039c8adf00144af27269b.png
068a23c64e4dbb828803cab2527d006f4a79107638a5773a6de55183c0a270d0,1,data/malware_images/images/Gozi/068a23c64e4dbb828803cab2527d006f4a79107638a5773a6de55183c0a270d0.png
66aff62cc726c9c58f515fa3624e3d1f9b181008c173d7659296dd875adb1a9e,1,data/malware_images/images/GuLoader/66aff62cc726c9c58f515fa3624e3d1f9b181008c173d7659296dd875adb1a9e.png
e5c6eb60211ec6b21425f7cd63d597109dfd4c867b5645b52d05684be59097fd,0,data/benign_original/benign/e5c6eb60211ec6b21425f7cd63d597109dfd4c867b5645b52d05684be59097fd.png
b2530ebd731ec5ab3eba726e7225d67e8086b4b5f428d689c5d5e2b571788996,0,data/benign_original/benign/b2530ebd731ec5ab3eba726e7225d67e8086b4b5f428d689c5d5e2b571788996.png
bfadcaa6ad58bf7b8b32f7a87b417d4f5524af79df156b63a3be6f94884b6427,0,data/benign_original/benign/bfadcaa6ad58bf7b8b32f7a87b417d4f5524af79df156b63a3be6f94884b6427.png
f78f5eeea8bfec17ed985d71b265dd5be1bb90f781004a6a473e2e116abe144e,1,data/malware_images/images/GuLoader/f78f5eeea8bfec17ed985d71b265dd5be1bb90f781004a6a473e2e116abe144e.png
6e6d0a4438cd57a613a61a4c40f1a73e4492a9e3bef584b6baebcbbb40a510df,1,data/malware_images/images/Gozi/6e6d0a4438cd57a613a61a4c40f1a73e4492a9e3bef584b6baebcbbb40a510df.png
c7fd1d9a9cd1fd3351c43763d262ba441d725ad6e34f6a842edb8ce77ac7a614,1,data/malware_images/images/IcedID/c7fd1d9a9cd1fd3351c43763d262ba441d725ad6e34f6a842edb8ce77ac7a614.png
7f68708a415404b0247e00e2a51cf6d9e28f61fc9accb93b46d3c9bdc05ad370,0,data/benign_original/benign/7f68708a415404b0247e00e2a51cf6d9e28f61fc9accb93b46d3c9bdc05ad370.png
121ae52814e12a816b25602c6db7ae2a86af12b1b11e9c06874b9b03c3c81e98,1,data/malware_images/images/GuLoader/121ae52814e12a816b25602c6db7ae2a86af12b1b11e9c06874b9b03c3c81e98.png
c46992815ec208b0c4107f208566dfb5720cd846e923864c22a61fc8b3e2340d,0,data/benign_original/benign/c46992815ec208b0c4107f208566dfb5720cd846e923864c22a61fc8b3e2340d.png
2efcce9b5a6d00d77b626ea68640b7de08916b731effcc0e61058278c874e6f5,1,data/malware_images/images/Gozi/2efcce9b5a6d00d77b626ea68640b7de08916b731effcc0e61058278c874e6f5.png
ded5bb4b061eab5285086deaef456e35718acf9f1197d91eee637c853f0dc8b5,0,data/benign_original/benign/ded5bb4b061eab5285086deaef456e35718acf9f1197d91eee637c853f0dc8b5.png
8650fddaff2d7c4f60e182123477f5cabd114dacd92d13588325fd4012651b4e,1,data/malware_images/images/Heodo/8650fddaff2d7c4f60e182123477f5cabd114dacd92d13588325fd4012651b4e.png
ebc1095fd05a371fa90e33317a93fd0cec970bb47014254a7bc3f2e1c347ac47,0,data/benign_original/benign/ebc1095fd05a371fa90e33317a93fd0cec970bb47014254a7bc3f2e1c347ac47.png
c33d8b5589880c1a82f257555f5dea36190e409cff9b2980ab80b314ccb11bae,1,data/malware_images/images/njrat/c33d8b5589880c1a82f257555f5dea36190e409cff9b2980ab80b314ccb11bae.png
83ee9ad6358cc6fa18169cbf25b379789d6e9e02290779fee912b57fc1cf1a77,1,data/malware_images/images/IcedID/83ee9ad6358cc6fa18169cbf25b379789d6e9e02290779fee912b57fc1cf1a77.png
e6a079f8639a603f9c432d81b75ff142fb718ff8674b3c31887dd57f5923dd8b,0,data/benign_original/benign/e6a079f8639a603f9c432d81b75ff142fb718ff8674b3c31887dd57f5923dd8b.png
bd8922c7a2555d6f2a0ecf6a5982d11631ec49e74e6c5cc972d67173fc8482c2,0,data/benign_original/benign/bd8922c7a2555d6f2a0ecf6a5982d11631ec49e74e6c5cc972d67173fc8482c2.png
a2e683ed3b00ce43517b0ffa99177b19e18ab4c0a27198082e2197801f22b0ed,1,data/malware_images/images/IcedID/a2e683ed3b00ce43517b0ffa99177b19e18ab4c0a27198082e2197801f22b0ed.png
c9d6ba43bb07468bdb0ce25a66a8bbb5d019ed66e543e18a3d90117b9093a9fd,0,data/benign_original/benign/c9d6ba43bb07468bdb0ce25a66a8bbb5d019ed66e543e18a3d90117b9093a9fd.png
34c9285a6b094968258fffe94cb3339c1715cbc6b8db1d309f7075eb0afda2d0,1,data/malware_images/images/GuLoader/34c9285a6b094968258fffe94cb3339c1715cbc6b8db1d309f7075eb0afda2d0.png
9b082507269464e82283631c336d646356fe13eaad771ae227d3225821b86b54,1,data/malware_images/images/Gozi/9b082507269464e82283631c336d646356fe13eaad771ae227d3225821b86b54.png
7dbd994c57818613129946d3251c5a7854ebfaa486f2a59a77c49a71ad88c00c,1,data/malware_images/images/IcedID/7dbd994c57818613129946d3251c5a7854ebfaa486f2a59a77c49a71ad88c00c.png
8514350774c155cddcfcb5d80d1e9b1aa1dc8f5e5617d4171df5e6695bd76bb5,1,data/malware_images/images/Gozi/8514350774c155cddcfcb5d80d1e9b1aa1dc8f5e5617d4171df5e6695bd76bb5.png
62b5c02f0f0fa8f19972848bdf2d4dc957267864da151adcf97fec4eda5df709,1,data/malware_images/images/Heodo/62b5c02f0f0fa8f19972848bdf2d4dc957267864da151adcf97fec4eda5df709.png
af57b10c447987a229a987ab288674278098e3a02236d62adfd761a73cf658aa,1,data/malware_images/images/Trickbot/af57b10c447987a229a987ab288674278098e3a02236d62adfd761a73cf658aa.png
c9ff173c19d77bb7c5683d65608d876b7577faba3be3bdfb08880344d189ef6f,0,data/benign_original/benign/c9ff173c19d77bb7c5683d65608d876b7577faba3be3bdfb08880344d189ef6f.png
ba8f651e18dc3d43543d6f26b7b2c82831bf9a09b476ce4b018fd2fdcd24423f,1,data/malware_images/images/IcedID/ba8f651e18dc3d43543d6f26b7b2c82831bf9a09b476ce4b018fd2fdcd24423f.png
c289e8f3e6cb6675e2d84a886eb5bec19bc12f01bbc672e40305ab5e23329486,1,data/malware_images/images/Gozi/c289e8f3e6cb6675e2d84a886eb5bec19bc12f01bbc672e40305ab5e23329486.png
fb3a8c76a2a4e5c69a64258089c9fac4d2e4863a5ec4ac868468615ff2489a74,0,data/benign_original/benign/fb3a8c76a2a4e5c69a64258089c9fac4d2e4863a5ec4ac868468615ff2489a74.png
f2ebf3a17b714020bce26ca739f14205e806f21d476a59fe6c0d8173dc02f2ee,0,data/benign_original/benign/f2ebf3a17b714020bce26ca739f14205e806f21d476a59fe6c0d8173dc02f2ee.png
14ba5f94a671a38e16b5166ebca44ddacd6fde3226015676f9c369c992b5d2f8,1,data/malware_images/images/njrat/14ba5f94a671a38e16b5166ebca44ddacd6fde3226015676f9c369c992b5d2f8.png
aad98ba2e98e2545fedfc76032b9d71128c7cca65d071c81f81a7081fdd94ed5,1,data/malware_images/images/Trickbot/aad98ba2e98e2545fedfc76032b9d71128c7cca65d071c81f81a7081fdd94ed5.png
8eaac79108455d13b9ba6696108a2f5a734c02463b208a5d399d3a70ea792498,1,data/malware_images/images/GuLoader/8eaac79108455d13b9ba6696108a2f5a734c02463b208a5d399d3a70ea792498.png
9af30215eaefe201c77ed5e0888baa74f9e997dcc72ed96653a16d327c87b9f0,1,data/malware_images/images/Gozi/9af30215eaefe201c77ed5e0888baa74f9e997dcc72ed96653a16d327c87b9f0.png
833093ebf45feb3ae1193a04173bc4e980a78af63e4755f0e1493744381cc79b,1,data/malware_images/images/njrat/833093ebf45feb3ae1193a04173bc4e980a78af63e4755f0e1493744381cc79b.png
e3c15f94383f31061dcdc2feff9a5dfabefc0ee022593fd3b01b528de7ace4aa,0,data/benign_original/benign/e3c15f94383f31061dcdc2feff9a5dfabefc0ee022593fd3b01b528de7ace4aa.png
6c982b79a8e7e3fb9254db554c5ef13dd148fae9ee56a158b0901b8ee7ab59d9,1,data/malware_images/images/Trickbot/6c982b79a8e7e3fb9254db554c5ef13dd148fae9ee56a158b0901b8ee7ab59d9.png
5dce5d84b6bf52189b574f41453a2d907975bdd07b0e00fec6c048c8308f44f6,1,data/malware_images/images/Trickbot/5dce5d84b6bf52189b574f41453a2d907975bdd07b0e00fec6c048c8308f44f6.png
ebdddca106ebf45bc8c70b5f0cb904bba23dfbffd03ffb50ca134d93b12d4c12,0,data/benign_original/benign/ebdddca106ebf45bc8c70b5f0cb904bba23dfbffd03ffb50ca134d93b12d4c12.png
4ec25976fb8182a1138ac3d4f853fa52e13548259ba88e6db778500e7234286a,1,data/malware_images/images/Trickbot/4ec25976fb8182a1138ac3d4f853fa52e13548259ba88e6db778500e7234286a.png
f5e01bc8c2221b285fd0a3d701714415a5acdbfcaeb1c7f25fa746d932efecdc,0,data/benign_original/benign/f5e01bc8c2221b285fd0a3d701714415a5acdbfcaeb1c7f25fa746d932efecdc.png
f8d2b22e9ec1413dd77f81e53597d97200834dc902175ab17607636d4cdd9e26,0,data/benign_original/benign/f8d2b22e9ec1413dd77f81e53597d97200834dc902175ab17607636d4cdd9e26.png
4ef0dc8736215db02685aa6e2fa7b916441c0d9fb738cfcbd2453a8527dc83b8,1,data/malware_images/images/Gozi/4ef0dc8736215db02685aa6e2fa7b916441c0d9fb738cfcbd2453a8527dc83b8.png
c8ad8f098bd877be27ed332654f43e94795fff88908c8cf43f1af495b9140443,0,data/benign_original/benign/c8ad8f098bd877be27ed332654f43e94795fff88908c8cf43f1af495b9140443.png
d5efc42f10137cb465bcc098f0a3f5440a86ae59059526c6fb4bfce46bf1be83,1,data/malware_images/images/Trickbot/d5efc42f10137cb465bcc098f0a3f5440a86ae59059526c6fb4bfce46bf1be83.png
2fe961e9bb79716d74f6d4c44e54b685a13d0bf9dc4a9c2e97425178b1cfd43e,1,data/malware_images/images/Gozi/2fe961e9bb79716d74f6d4c44e54b685a13d0bf9dc4a9c2e97425178b1cfd43e.png
eb88efc16414d72a9aab7b35ba4c92f3e48b38960d03076c0f5639599b94aed7,0,data/benign_original/benign/eb88efc16414d72a9aab7b35ba4c92f3e48b38960d03076c0f5639599b94aed7.png
bc4660dc237469fbc12b99b5d83f007b4ea49932046adecc5cbb64a4dc2f10ec,1,data/malware_images/images/njrat/bc4660dc237469fbc12b99b5d83f007b4ea49932046adecc5cbb64a4dc2f10ec.png
ea10207126ae0aefd678dbe7c0bd4a45df7e54c2f30767cbc44e1a5bd1bf6fa4,1,data/malware_images/images/Trickbot/ea10207126ae0aefd678dbe7c0bd4a45df7e54c2f30767cbc44e1a5bd1bf6fa4.png
caf68c696e8f34db1c88306da8d20fc141add8d163f64874eac3f0dea87a5514,0,data/benign_original/benign/caf68c696e8f34db1c88306da8d20fc141add8d163f64874eac3f0dea87a5514.png
b2ae2ccfcfdf3593d51d27e871db50ee35a3e2f5aabbcec60175ad434181f73b,1,data/malware_images/images/Gozi/b2ae2ccfcfdf3593d51d27e871db50ee35a3e2f5aabbcec60175ad434181f73b.png
fd29c1ffb731a3dd241e2256bf19fee15443a5c501ca6b139d5738343762ae04,1,data/malware_images/images/njrat/fd29c1ffb731a3dd241e2256bf19fee15443a5c501ca6b139d5738343762ae04.png
bf11319eb6be15633e47ab8f247d1acc9a9ecdf37181fc0ddfe9388ab82ac90a,0,data/benign_original/benign/bf11319eb6be15633e47ab8f247d1acc9a9ecdf37181fc0ddfe9388ab82ac90a.png
3b8f8c5da5f2aa72adb56a42195330329e279ffbc1958fd568008fc8e5916b70,1,data/malware_images/images/GuLoader/3b8f8c5da5f2aa72adb56a42195330329e279ffbc1958fd568008fc8e5916b70.png
84f059c97836f74b86621dbbbd2a4f1c44cc89f9a27efe6bdd03dc6cc46a4fbe,0,data/benign_original/benign/84f059c97836f74b86621dbbbd2a4f1c44cc89f9a27efe6bdd03dc6cc46a4fbe.png
a62d2a1314e1528fecbdce2a7aee197b360bf686e87e30172d8e2cac708c8e50,1,data/malware_images/images/Heodo/a62d2a1314e1528fecbdce2a7aee197b360bf686e87e30172d8e2cac708c8e50.png
e4cd1a415a00bc216e6e322c38bd3a14e42c7b96276edb093df5d558e3802088,1,data/malware_images/images/IcedID/e4cd1a415a00bc216e6e322c38bd3a14e42c7b96276edb093df5d558e3802088.png
df0688a3b6c074f6df10526cd9a6a826f462d3580f44a1298954459a88c18c70,0,data/benign_original/benign/df0688a3b6c074f6df10526cd9a6a826f462d3580f44a1298954459a88c18c70.png
8e8ca471a9f9af066d0c6bc50224b2a42047babcf74fefa7a2746e2177148743,1,data/malware_images/images/GuLoader/8e8ca471a9f9af066d0c6bc50224b2a42047babcf74fefa7a2746e2177148743.png
c24f04b2bdcd9211e49853ec874c6d5c1bc6487b09c378d185aa37cceea5c4c5,0,data/benign_original/benign/c24f04b2bdcd9211e49853ec874c6d5c1bc6487b09c378d185aa37cceea5c4c5.png
e0b66601cc28ecb171c3d4b7ac690c667f47da6b6183bff80604c84c00d265ab,0,data/benign_original/benign/e0b66601cc28ecb171c3d4b7ac690c667f47da6b6183bff80604c84c00d265ab.png
bdb3ef3710cd4a0d97fa98d616a8b770c422bb2346193a3c77b6d0ccffa090a9,0,data/benign_original/benign/bdb3ef3710cd4a0d97fa98d616a8b770c422bb2346193a3c77b6d0ccffa090a9.png
cd31e41dbb658f329312485662aba9c1d280b0a0c0646ff12763a66412ff9fdc,0,data/benign_original/benign/cd31e41dbb658f329312485662aba9c1d280b0a0c0646ff12763a66412ff9fdc.png
cee1433d222711bc67b04424da977a27fb9d44ff4bdba7010d3754792612e9cc,0,data/benign_original/benign/cee1433d222711bc67b04424da977a27fb9d44ff4bdba7010d3754792612e9cc.png
d2ffe32ebb96461215d8740a7095ad8f34c70e626dd6d16fde684b8350adcdfa,0,data/benign_original/benign/d2ffe32ebb96461215d8740a7095ad8f34c70e626dd6d16fde684b8350adcdfa.png
baf97b076533cd82aa7b4c27825db7a782a053804bbcdadd8905e19b6f653bd6,0,data/benign_original/benign/baf97b076533cd82aa7b4c27825db7a782a053804bbcdadd8905e19b6f653bd6.png
40e409d6d969a6b0def9b987792488050111302f1317a6c763e0fe1840ba1832,1,data/malware_images/images/Gozi/40e409d6d969a6b0def9b987792488050111302f1317a6c763e0fe1840ba1832.png
d509bd916092f22b3bfe7707aaae948ce710613741ed0e2c958ddc0296f98b3a,0,data/benign_original/benign/d509bd916092f22b3bfe7707aaae948ce710613741ed0e2c958ddc0296f98b3a.png
a824d759029f7686d3bb9470b7dde68ab9949aeed6a175fbdf2c691bebdf08e0,1,data/malware_images/images/Gozi/a824d759029f7686d3bb9470b7dde68ab9949aeed6a175fbdf2c691bebdf08e0.png
5f45455780932616a1109057e76b4e6ad3444db6371405b96152379ac100767c,1,data/malware_images/images/njrat/5f45455780932616a1109057e76b4e6ad3444db6371405b96152379ac100767c.png
430baccc296eb874ff85e317d31cde4c79be222594f283062e988761cbcde0c9,1,data/malware_images/images/njrat/430baccc296eb874ff85e317d31cde4c79be222594f283062e988761cbcde0c9.png
d6bc5d9a16a34c592b8ba23f6a5c3359b06d3d4fdc1215419e1b6e4bd8b6844b,1,data/malware_images/images/GuLoader/d6bc5d9a16a34c592b8ba23f6a5c3359b06d3d4fdc1215419e1b6e4bd8b6844b.png
c15c68c429a498ceb2faad98498b16840f4711cc4efe20f109ca21760a7b0ec5,0,data/benign_original/benign/c15c68c429a498ceb2faad98498b16840f4711cc4efe20f109ca21760a7b0ec5.png
85da638b093b59f607a0aae9200f137b0703810a5013a0a8b0facf2cee6ebf11,1,data/malware_images/images/IcedID/85da638b093b59f607a0aae9200f137b0703810a5013a0a8b0facf2cee6ebf11.png
0d32d8e9f08132c54b1ea96ce24f6e8a77a83789f0e16f71094c5b04a85fe1d1,1,data/malware_images/images/GuLoader/0d32d8e9f08132c54b1ea96ce24f6e8a77a83789f0e16f71094c5b04a85fe1d1.png
66f515d85f086c7823906bb42a0b46f1f3e2b8855c6387cf813d05ccfedb8680,1,data/malware_images/images/Trickbot/66f515d85f086c7823906bb42a0b46f1f3e2b8855c6387cf813d05ccfedb8680.png
c960960d87651944fd8350833b0bcb545aa19bbc784bee6952286f7e29f2c8aa,0,data/benign_original/benign/c960960d87651944fd8350833b0bcb545aa19bbc784bee6952286f7e29f2c8aa.png
30c043d23444b8debd67c45ab98114c18960849b3c13e69883962c393975a467,1,data/malware_images/images/GuLoader/30c043d23444b8debd67c45ab98114c18960849b3c13e69883962c393975a467.png
a29c3ad530bd8fd10a56b9ba18e63ba721f94b5ba8176bf0663d2d2b2ca93a69,0,data/benign_original/benign/a29c3ad530bd8fd10a56b9ba18e63ba721f94b5ba8176bf0663d2d2b2ca93a69.png
b624949df8b0e3a6153fdfb730a7c6f4990b6592ee0d922e1788433d276610f3,0,data/benign_original/benign/b624949df8b0e3a6153fdfb730a7c6f4990b6592ee0d922e1788433d276610f3.png
d197285f37378d669afe2da7d3c60dcb93c118acf0d059d14ca67dcd73708ed2,1,data/malware_images/images/IcedID/d197285f37378d669afe2da7d3c60dcb93c118acf0d059d14ca67dcd73708ed2.png
26d1868cbab233eaee02d3a9026e23ea8f7b1c7335c9fc7bc7035f0914824cf2,1,data/malware_images/images/Gozi/26d1868cbab233eaee02d3a9026e23ea8f7b1c7335c9fc7bc7035f0914824cf2.png
f115158c75ce3ebb1d8016e91cd13531f6ed9191b37d7cf4adca9724cc092db1,0,data/benign_original/benign/f115158c75ce3ebb1d8016e91cd13531f6ed9191b37d7cf4adca9724cc092db1.png
e633c58c91139d538123ec0cde1be1d73d558da103cd98e113078ebb8f42825d,0,data/benign_original/benign/e633c58c91139d538123ec0cde1be1d73d558da103cd98e113078ebb8f42825d.png
dd4fdd315ffe4381559e8c14017da5f3c88c68094b380d153f73b99f04d6c274,0,data/benign_original/benign/dd4fdd315ffe4381559e8c14017da5f3c88c68094b380d153f73b99f04d6c274.png
ac91ee90e062cbc0e567362739b2c16de48e16accac7a31bf0c9d2ae42be4a5a,0,data/benign_original/benign/ac91ee90e062cbc0e567362739b2c16de48e16accac7a31bf0c9d2ae42be4a5a.png
ed36e4398c8bcccc7c7f34f0134620b30f8989c2c99c6244175b2a7d769e4a9f,0,data/benign_original/benign/ed36e4398c8bcccc7c7f34f0134620b30f8989c2c99c6244175b2a7d769e4a9f.png
8eb8ab2331a0ed117b49d51afed86b610a59e0b53cde9f0e1442e66c252d0282,1,data/malware_images/images/IcedID/8eb8ab2331a0ed117b49d51afed86b610a59e0b53cde9f0e1442e66c252d0282.png
463a0a1424b898c1965fb52a4a5fa8082014fb39bcdaab4c661989fffcaa0109,1,data/malware_images/images/IcedID/463a0a1424b898c1965fb52a4a5fa8082014fb39bcdaab4c661989fffcaa0109.png
e7fe1929282502da50c29c7dac1e0e2b808ce1a4fdb357902bf43739f11ed599,0,data/benign_original/benign/e7fe1929282502da50c29c7dac1e0e2b808ce1a4fdb357902bf43739f11ed599.png
fe4d94970553cd7601c6e0a9e6a246d885abba1479ebd1da4b80e53f83e7875b,1,data/malware_images/images/njrat/fe4d94970553cd7601c6e0a9e6a246d885abba1479ebd1da4b80e53f83e7875b.png
e39773ca5d79987acf6795a94c3af4cadb7c527faa0e794d6102836d363d329c,0,data/benign_original/benign/e39773ca5d79987acf6795a94c3af4cadb7c527faa0e794d6102836d363d329c.png
5fb4432e6512bb74cf3b533e90d41df35ce1d2c67e76517198321899089dc0f9,1,data/malware_images/images/Trickbot/5fb4432e6512bb74cf3b533e90d41df35ce1d2c67e76517198321899089dc0f9.png
0d6313e1fb27f0081a9e7baba887c5d9cf52ed132a087c838e91c77a8b509eaf,1,data/malware_images/images/Gozi/0d6313e1fb27f0081a9e7baba887c5d9cf52ed132a087c838e91c77a8b509eaf.png
ee2dab11820e4158e7cd9b33fb63d0b6e677bea0b8fc8eb17002bbc0b80e6b63,0,data/benign_original/benign/ee2dab11820e4158e7cd9b33fb63d0b6e677bea0b8fc8eb17002bbc0b80e6b63.png
d99bcefd8bfd31dfbc29054be11b7a23447808e14db0e2302ffe3d48f8c176e4,1,data/malware_images/images/Gozi/d99bcefd8bfd31dfbc29054be11b7a23447808e14db0e2302ffe3d48f8c176e4.png
aadefa57f1e278a33686883f653bcabd53ea52f5931957cbc3e17683398fb3bd,0,data/benign_original/benign/aadefa57f1e278a33686883f653bcabd53ea52f5931957cbc3e17683398fb3bd.png
3d8b868359f623a9441e336d32c360352bf819114052599d3c85ab69e60d1de9,0,data/benign_original/benign/3d8b868359f623a9441e336d32c360352bf819114052599d3c85ab69e60d1de9.png
53bf65d1d387bff6035b8b257064c64a7571018f046a42005c0eeff0766dc746,1,data/malware_images/images/njrat/53bf65d1d387bff6035b8b257064c64a7571018f046a42005c0eeff0766dc746.png
f6f4951f98185ba8ddcdaa43f13b8106b9b667bb7f5ee027dc51b4bca4556adc,0,data/benign_original/benign/f6f4951f98185ba8ddcdaa43f13b8106b9b667bb7f5ee027dc51b4bca4556adc.png
ad68b56b6446fd68c2763dc2a4ea0cbde15771fe9151595c2ad56990242c1859,1,data/malware_images/images/GuLoader/ad68b56b6446fd68c2763dc2a4ea0cbde15771fe9151595c2ad56990242c1859.png
17314d9e48839344dafc7dbdb9af89ad08603a106fb09eda8f74af42dd8a8252,1,data/malware_images/images/GuLoader/17314d9e48839344dafc7dbdb9af89ad08603a106fb09eda8f74af42dd8a8252.png
24a70a8984d118f4b560dc4657f3bf686ad64b1884fef9282cfa2f8ff6044391,1,data/malware_images/images/IcedID/24a70a8984d118f4b560dc4657f3bf686ad64b1884fef9282cfa2f8ff6044391.png
43eca724c286d49d5809199a43b4f5483f943470e5ff6735c6b90732140c54f3,1,data/malware_images/images/Gozi/43eca724c286d49d5809199a43b4f5483f943470e5ff6735c6b90732140c54f3.png
e6a1ef1f7c1957c50a3d9c1d70c0f7b0d8badc7f279cd056eb179dc256bfefda,0,data/benign_original/benign/e6a1ef1f7c1957c50a3d9c1d70c0f7b0d8badc7f279cd056eb179dc256bfefda.png
3d66cce4ae30cbf82afc3c5777b723340c244131b14bb2700fa61e2a9c7e1f3b,1,data/malware_images/images/njrat/3d66cce4ae30cbf82afc3c5777b723340c244131b14bb2700fa61e2a9c7e1f3b.png
fcaf4a9f4ad5c6ebc069daa27636f159a268cd1d53d26709eb819862e542913f,0,data/benign_original/benign/fcaf4a9f4ad5c6ebc069daa27636f159a268cd1d53d26709eb819862e542913f.png
65ab725aa981b93b5f3ca28ea8f5257235f6974abe8fb5b03086cc1f9c6aa41b,1,data/malware_images/images/GuLoader/65ab725aa981b93b5f3ca28ea8f5257235f6974abe8fb5b03086cc1f9c6aa41b.png
e70e28b0f0fd9ca707dcc37e2ef5e28f81d3f8fb27892f80a92f7f3093df1869,1,data/malware_images/images/IcedID/e70e28b0f0fd9ca707dcc37e2ef5e28f81d3f8fb27892f80a92f7f3093df1869.png
4a5fe72160ae5a32d792fbdb951ccc4f734b1a1d801f74beebf520a347409c20,1,data/malware_images/images/Trickbot/4a5fe72160ae5a32d792fbdb951ccc4f734b1a1d801f74beebf520a347409c20.png
d5ecd475bcc040e1b4b1e0d4927a462aa7e8fab048470d855764855351860d49,1,data/malware_images/images/IcedID/d5ecd475bcc040e1b4b1e0d4927a462aa7e8fab048470d855764855351860d49.png
b0166e7d6084b01540de31ae1284b22a38a01910dec73fb9235e92ee92e96f9f,0,data/benign_original/benign/b0166e7d6084b01540de31ae1284b22a38a01910dec73fb9235e92ee92e96f9f.png
f19e4864febdcf249da9866e7bd8609370765dad2dfc8c131c722cd0523096e1,0,data/benign_original/benign/f19e4864febdcf249da9866e7bd8609370765dad2dfc8c131c722cd0523096e1.png
85f8716f1a34c62372794b8c74cee10444d261db90064ffe19e6da11b3b7fbe6,1,data/malware_images/images/IcedID/85f8716f1a34c62372794b8c74cee10444d261db90064ffe19e6da11b3b7fbe6.png
c1dc52285b9b9c38bdcfd347559f64b0de7394a8f66714e3b9148216fc91a411,1,data/malware_images/images/njrat/c1dc52285b9b9c38bdcfd347559f64b0de7394a8f66714e3b9148216fc91a411.png
d58911c57d59b4917f6bb722c6975f7072397d79fc2ec922de1507d25e4e5493,1,data/malware_images/images/Heodo/d58911c57d59b4917f6bb722c6975f7072397d79fc2ec922de1507d25e4e5493.png
ae4999d60549ecc2d9888cb2137a25c8627b9aa32eb72853e567d06e7f83695b,1,data/malware_images/images/Heodo/ae4999d60549ecc2d9888cb2137a25c8627b9aa32eb72853e567d06e7f83695b.png
d7f6a14858f199d7e8a784ba992755643123e51d6eeb0f91009eda0282f38f3b,0,data/benign_original/benign/d7f6a14858f199d7e8a784ba992755643123e51d6eeb0f91009eda0282f38f3b.png
9c9ab16f3a94bde179d66cb45b1f50af58ec4b849ce103dafea33f5aef4d888c,0,data/benign_original/benign/9c9ab16f3a94bde179d66cb45b1f50af58ec4b849ce103dafea33f5aef4d888c.png
b71b2081906133f5e748b3f32155c73d25248e2fedc7675b876293b128c6d932,0,data/benign_original/benign/b71b2081906133f5e748b3f32155c73d25248e2fedc7675b876293b128c6d932.png
d894062069e0d2967a0ca5655892f29e511d37dd5de5f5dc02e7ed54f2e4fe45,1,data/malware_images/images/GuLoader/d894062069e0d2967a0ca5655892f29e511d37dd5de5f5dc02e7ed54f2e4fe45.png
c8b8984ebd9ee3d8b990d096ff8db1a926e9f9b91361ec10b1c40746f20bf80f,0,data/benign_original/benign/c8b8984ebd9ee3d8b990d096ff8db1a926e9f9b91361ec10b1c40746f20bf80f.png
85da776d71387fc7d0db12a3709c4cf8cca0e937cad33398b9d47448154eb92f,0,data/benign_original/benign/85da776d71387fc7d0db12a3709c4cf8cca0e937cad33398b9d47448154eb92f.png
ded1a64ebd165901f2a790ab8d7fd0aa3ae2f97738868d2d1add45e033efe738,1,data/malware_images/images/GuLoader/ded1a64ebd165901f2a790ab8d7fd0aa3ae2f97738868d2d1add45e033efe738.png
d47e8c71a8d7cd1722e5b09574c818f4db65ecb4e9696fedbe738ff29f0a6305,1,data/malware_images/images/njrat/d47e8c71a8d7cd1722e5b09574c818f4db65ecb4e9696fedbe738ff29f0a6305.png
27442c2dbdef8c0cb2ff118773a0c1d90ce619139c0d4bdb20e799f6ec421853,0,data/benign_original/benign/27442c2dbdef8c0cb2ff118773a0c1d90ce619139c0d4bdb20e799f6ec421853.png
fdb3847ee7646c8ef552974bbf2e24377ee3fc5da7197418c681dd2536d53eb5,0,data/benign_original/benign/fdb3847ee7646c8ef552974bbf2e24377ee3fc5da7197418c681dd2536d53eb5.png
33211cda9f0fa955f377b63b801e705354f841a143a6ddca20bfcbea30b4f393,1,data/malware_images/images/Heodo/33211cda9f0fa955f377b63b801e705354f841a143a6ddca20bfcbea30b4f393.png
a54c7315e18e6db9180774536f2ceac4d011def7e514fa6391dbf3e4278bb8e0,1,data/malware_images/images/Heodo/a54c7315e18e6db9180774536f2ceac4d011def7e514fa6391dbf3e4278bb8e0.png
b176aea4086a2fb7b899c8459e211e7523587264c0b5c2abfc2117afbb292176,0,data/benign_original/benign/b176aea4086a2fb7b899c8459e211e7523587264c0b5c2abfc2117afbb292176.png
5aff2efacfc032413b238a0c3d776e21da2a8d01761679820d6a9ce3d8dda2fe,1,data/malware_images/images/Gozi/5aff2efacfc032413b238a0c3d776e21da2a8d01761679820d6a9ce3d8dda2fe.png
2bfacbd57a9e51a8492a3b0d71fe7df2a974604fb580eeba8a2acc41c678e800,1,data/malware_images/images/Gozi/2bfacbd57a9e51a8492a3b0d71fe7df2a974604fb580eeba8a2acc41c678e800.png
c98091ed44cd76e438ce2e7a9c71b57d37ff45903d365162040af94fa143b9f5,1,data/malware_images/images/GuLoader/c98091ed44cd76e438ce2e7a9c71b57d37ff45903d365162040af94fa143b9f5.png
f7520d43549934d17d63e087a02883c12ef5a48c50d0b503e3c64d51ba32201a,1,data/malware_images/images/njrat/f7520d43549934d17d63e087a02883c12ef5a48c50d0b503e3c64d51ba32201a.png
b22dc5d5b64b027c3912d1cf9e890b4e7c007cee2e8b46cbbd4676758142d0fe,1,data/malware_images/images/Trickbot/b22dc5d5b64b027c3912d1cf9e890b4e7c007cee2e8b46cbbd4676758142d0fe.png
69bc3e840c7aeb2c0eaa156a23c7717fb2352c7a4e1a28deedfbc25b79b27b82,1,data/malware_images/images/njrat/69bc3e840c7aeb2c0eaa156a23c7717fb2352c7a4e1a28deedfbc25b79b27b82.png
1d09828ae5db07bbb421259cdeda0ee597cc1b5c5377ef7b05ee307814ecb9fc,1,data/malware_images/images/Trickbot/1d09828ae5db07bbb421259cdeda0ee597cc1b5c5377ef7b05ee307814ecb9fc.png
e3936d05a6f6931946763895cb68f9afc1708643c41c78a179dce0b87f3abc08,1,data/malware_images/images/GuLoader/e3936d05a6f6931946763895cb68f9afc1708643c41c78a179dce0b87f3abc08.png
f213321913056c8f3ac8fc6c544438a6ec6e1c8ab82a8b7c595147c3db770c82,1,data/malware_images/images/Trickbot/f213321913056c8f3ac8fc6c544438a6ec6e1c8ab82a8b7c595147c3db770c82.png
b36bfc20b9846cd4ee5fb953d150fb2b6bd4905da9faa4475b96b7cd73541203,0,data/benign_original/benign/b36bfc20b9846cd4ee5fb953d150fb2b6bd4905da9faa4475b96b7cd73541203.png
d56dab29d24b1378bcd861d457f5a09fbaec43a28264736d4d5eaf6fd7e8ff38,1,data/malware_images/images/Gozi/d56dab29d24b1378bcd861d457f5a09fbaec43a28264736d4d5eaf6fd7e8ff38.png
c39580e604f912dba6c0851196ce4d1f23bab945edeb9275fa01920ceead5f24,1,data/malware_images/images/Gozi/c39580e604f912dba6c0851196ce4d1f23bab945edeb9275fa01920ceead5f24.png
c76f0f5ab7dc235735d4d86565d3d83282a27b8ec3be24b293b75b7082969254,0,data/benign_original/benign/c76f0f5ab7dc235735d4d86565d3d83282a27b8ec3be24b293b75b7082969254.png
e8b24d7c8dd0898bf688705afa305bab577fbd5a83bd260f2d07ed29bbc80dff,1,data/malware_images/images/IcedID/e8b24d7c8dd0898bf688705afa305bab577fbd5a83bd260f2d07ed29bbc80dff.png
00fe589b0df87bf0c5ddf9f2bb4f9d28423d5d811f57a8b9ed25749283600721,1,data/malware_images/images/Trickbot/00fe589b0df87bf0c5ddf9f2bb4f9d28423d5d811f57a8b9ed25749283600721.png
d164cb20e5b60531061dd9b25f22fd3d0cdbb1e6e36fc5a120056b0546b5917e,0,data/benign_original/benign/d164cb20e5b60531061dd9b25f22fd3d0cdbb1e6e36fc5a120056b0546b5917e.png
466a4dd1f5a19b06a962a4d2f6ab0ac4cc3036864dbea333cf9aa0ac5b0ba20b,1,data/malware_images/images/Trickbot/466a4dd1f5a19b06a962a4d2f6ab0ac4cc3036864dbea333cf9aa0ac5b0ba20b.png
e49d5c2351061c1b7e0caeada1ff5556dc13d2d00c4be6df254c80b06e736268,0,data/benign_original/benign/e49d5c2351061c1b7e0caeada1ff5556dc13d2d00c4be6df254c80b06e736268.png
7c0ef13ac13d75c25f912bd98542c02758bca277a5063d993a073257282171cb,1,data/malware_images/images/Gozi/7c0ef13ac13d75c25f912bd98542c02758bca277a5063d993a073257282171cb.png
deda6a66a27e6abc11d787069a24fb6e795c7a9adb9cbaf3fb69f19efd2a6891,0,data/benign_original/benign/deda6a66a27e6abc11d787069a24fb6e795c7a9adb9cbaf3fb69f19efd2a6891.png
f3ba5d0b27ff406dcd1c624aee919f394d231b878f040ec23e36c7f0cf81df99,1,data/malware_images/images/IcedID/f3ba5d0b27ff406dcd1c624aee919f394d231b878f040ec23e36c7f0cf81df99.png
0f3bb1fdb067328d9bd1d7f1467bb697c315373b899e823f4adcc91cfba2d297,0,data/benign_original/benign/0f3bb1fdb067328d9bd1d7f1467bb697c315373b899e823f4adcc91cfba2d297.png
3422f2fbef0b4135b4e85c7bcfeaccc2a399ab2681080bc53733628af6b215b6,0,data/benign_original/benign/3422f2fbef0b4135b4e85c7bcfeaccc2a399ab2681080bc53733628af6b215b6.png
04631dabeccc7d887cc5317c6de48266272f1c90920d644c08895bc956ba3b3b,0,data/benign_original/benign/04631dabeccc7d887cc5317c6de48266272f1c90920d644c08895bc956ba3b3b.png
fd73acb018af2a07a72fc191c6fb05ee961cda3071473fa2e2002918e361a189,0,data/benign_original/benign/fd73acb018af2a07a72fc191c6fb05ee961cda3071473fa2e2002918e361a189.png
5d4a8635a8bd54c96eb76c61ba879998437d96bc72557ef2be44183797e49149,1,data/malware_images/images/njrat/5d4a8635a8bd54c96eb76c61ba879998437d96bc72557ef2be44183797e49149.png
e42417a5b36266f96233a7220df4aa6ff0a2546987ca71ad2de12995c5fee76f,0,data/benign_original/benign/e42417a5b36266f96233a7220df4aa6ff0a2546987ca71ad2de12995c5fee76f.png
b8a91bec1fbb34606ed5326aad78af0d07c7915be86cfd595cc4c222504e98b1,0,data/benign_original/benign/b8a91bec1fbb34606ed5326aad78af0d07c7915be86cfd595cc4c222504e98b1.png
883cc609acca75e91cfb785ca60971c5ef69bd7e5657c97dd9e9d61162363473,1,data/malware_images/images/Trickbot/883cc609acca75e91cfb785ca60971c5ef69bd7e5657c97dd9e9d61162363473.png
fa5e60aab341d0f15237790f75a925dad44ec8ffc8a903fd9f3d0cd5a27c4de2,0,data/benign_original/benign/fa5e60aab341d0f15237790f75a925dad44ec8ffc8a903fd9f3d0cd5a27c4de2.png
560bd1386532455e57936b3ed3c344f07cb9fe547b7836623b25eda37a35acbc,1,data/malware_images/images/njrat/560bd1386532455e57936b3ed3c344f07cb9fe547b7836623b25eda37a35acbc.png
51ef2b9bd201dab894f2e1b65c6ff2de1ab48f7b67a3f2219a173e562d123923,1,data/malware_images/images/IcedID/51ef2b9bd201dab894f2e1b65c6ff2de1ab48f7b67a3f2219a173e562d123923.png
b6945772a59de357280ca57e9bcb6e68925529cfb71f99fe448e4202792be613,1,data/malware_images/images/Heodo/b6945772a59de357280ca57e9bcb6e68925529cfb71f99fe448e4202792be613.png
cdc7ffd23c1fc0c494e24e0ba41c869dacfc86b86a525d54143b185dc9215cf1,0,data/benign_original/benign/cdc7ffd23c1fc0c494e24e0ba41c869dacfc86b86a525d54143b185dc9215cf1.png
c9896d16c35ba2a453d24e7643d7b34e5c2353f63ea6eb7a527a542ebcf4e49a,0,data/benign_original/benign/c9896d16c35ba2a453d24e7643d7b34e5c2353f63ea6eb7a527a542ebcf4e49a.png
c08a789356b53440060fe739c5a94d90e4b43682135ded533457e133c51beca1,1,data/malware_images/images/Gozi/c08a789356b53440060fe739c5a94d90e4b43682135ded533457e133c51beca1.png
d5d78b0373c0768628e88affca10718ac767e6f2347e4ce3b5a15a4223703b4a,0,data/benign_original/benign/d5d78b0373c0768628e88affca10718ac767e6f2347e4ce3b5a15a4223703b4a.png
ca28d8fe52e8f1f0f9da93b978398a5218325fdc3de800072c232e80060e4e2c,0,data/benign_original/benign/ca28d8fe52e8f1f0f9da93b978398a5218325fdc3de800072c232e80060e4e2c.png
ddb421f82a35c6940a671406821b00746fb54ffd3e7f02b014a4993b1d606ed2,0,data/benign_original/benign/ddb421f82a35c6940a671406821b00746fb54ffd3e7f02b014a4993b1d606ed2.png
f3530dbc0c33152b4f1f6a6a097a0f6e776e07005e334b2d4d08030a16628e7a,0,data/benign_original/benign/f3530dbc0c33152b4f1f6a6a097a0f6e776e07005e334b2d4d08030a16628e7a.png
4ac565360c199789ecfe2405a2093a8060e6c2a3478409be627aa7cba6f48951,0,data/benign_original/benign/4ac565360c199789ecfe2405a2093a8060e6c2a3478409be627aa7cba6f48951.png
4aae94a8fa4fda9e6ae9c485b432e2bff7a1020bfc24982e16e4f0ec7608413a,1,data/malware_images/images/Trickbot/4aae94a8fa4fda9e6ae9c485b432e2bff7a1020bfc24982e16e4f0ec7608413a.png
186a5a753a64beac48fd4ddcac48ec2c1354d1ac56f7fd6a6569b85a3739b9e9,1,data/malware_images/images/Trickbot/186a5a753a64beac48fd4ddcac48ec2c1354d1ac56f7fd6a6569b85a3739b9e9.png
135aecd78ba525b2cbb5547b3e43d5713fd43e3e5a9c14452fc6e25ce85998fc,1,data/malware_images/images/IcedID/135aecd78ba525b2cbb5547b3e43d5713fd43e3e5a9c14452fc6e25ce85998fc.png
61322bfef06e7fda9e84ad05a402f63f3ece7013120081ca2d3cdbfd4cfbc807,1,data/malware_images/images/njrat/61322bfef06e7fda9e84ad05a402f63f3ece7013120081ca2d3cdbfd4cfbc807.png
f361cc71c2dbc72e1a67c0c3b5072615924f86050703d3ed9aed4dd195f4a9ee,1,data/malware_images/images/Gozi/f361cc71c2dbc72e1a67c0c3b5072615924f86050703d3ed9aed4dd195f4a9ee.png
bdd53b175d0b7ac8208e61a98a25be80b4a13f4560afe88cd46c2cb6411e7663,1,data/malware_images/images/Trickbot/bdd53b175d0b7ac8208e61a98a25be80b4a13f4560afe88cd46c2cb6411e7663.png
c40c747e69d806f151a755e87fb089c1111ae7ea3e28fdc698151cf8093a6326,0,data/benign_original/benign/c40c747e69d806f151a755e87fb089c1111ae7ea3e28fdc698151cf8093a6326.png
21a4430cb8cc3c64857141e25af70cbf230ef805675f9dd3bf2d279048213adf,1,data/malware_images/images/Trickbot/21a4430cb8cc3c64857141e25af70cbf230ef805675f9dd3bf2d279048213adf.png
f9311afde24b55ed226488889b290fd7e13b491266aabaa62ab6726fc361b06e,0,data/benign_original/benign/f9311afde24b55ed226488889b290fd7e13b491266aabaa62ab6726fc361b06e.png
37d7fbdb6b52bc374940b2a61812efe22dd63cfe7e89a02b5b1c5a2aa31e237b,1,data/malware_images/images/GuLoader/37d7fbdb6b52bc374940b2a61812efe22dd63cfe7e89a02b5b1c5a2aa31e237b.png
c3e0c8ce2d7aeb890c6dfb23f0a4fa1c8273935074409f5ed756f1a0874a349d,1,data/malware_images/images/Gozi/c3e0c8ce2d7aeb890c6dfb23f0a4fa1c8273935074409f5ed756f1a0874a349d.png
d976432b6a33484ded6feff4a917adbaa73e9d26fb1439271f52a7baf1a26644,0,data/benign_original/benign/d976432b6a33484ded6feff4a917adbaa73e9d26fb1439271f52a7baf1a26644.png
a144073e9b6a387310903fed5f9f59dc04901000959110f0ced9cc910a691d92,0,data/benign_original/benign/a144073e9b6a387310903fed5f9f59dc04901000959110f0ced9cc910a691d92.png
d416892c97402444ed116d8fdba4db1f824a2614c003566a5731b6e014537e88,0,data/benign_original/benign/d416892c97402444ed116d8fdba4db1f824a2614c003566a5731b6e014537e88.png
c04d0e7c8567af3831ac9dfe9144ac2d30cce5cdb35db87c1a10d39e354026dc,1,data/malware_images/images/njrat/c04d0e7c8567af3831ac9dfe9144ac2d30cce5cdb35db87c1a10d39e354026dc.png
3027df855cd3207c99dbd2dc1d4534f728046202c16277c24c39855632089e76,0,data/benign_original/benign/3027df855cd3207c99dbd2dc1d4534f728046202c16277c24c39855632089e76.png
282f6f7fb0c5b0de73b72301646791901ae28c8c69cc25cf47b2ff773cb5dc20,0,data/benign_original/benign/282f6f7fb0c5b0de73b72301646791901ae28c8c69cc25cf47b2ff773cb5dc20.png
1fc02c2bbb954f1fbfee85140618025b23c6d3a8a793b28909139a43e68e6adb,1,data/malware_images/images/IcedID/1fc02c2bbb954f1fbfee85140618025b23c6d3a8a793b28909139a43e68e6adb.png
d8c4404dba5a4523b7f4d0bb809f715d1bcd171d2137df5c60affcd960d94216,0,data/benign_original/benign/d8c4404dba5a4523b7f4d0bb809f715d1bcd171d2137df5c60affcd960d94216.png
ecdbbb7acfdbfac8e5461847ddb976d30b86eb38a382d6137e9bf8c5e254905b,0,data/benign_original/benign/ecdbbb7acfdbfac8e5461847ddb976d30b86eb38a382d6137e9bf8c5e254905b.png
ecaca9ae95e94dbc976c80721085e6fc8ae36d47e905d784fcc3d178275d9de0,1,data/malware_images/images/IcedID/ecaca9ae95e94dbc976c80721085e6fc8ae36d47e905d784fcc3d178275d9de0.png
c7846604c4277e2b6e61507f8b8e69f3cbe83300a9fc5acc34117c7e52215d88,1,data/malware_images/images/Trickbot/c7846604c4277e2b6e61507f8b8e69f3cbe83300a9fc5acc34117c7e52215d88.png
26c44b6826d0815ee578721d72d8125968341d6fd3ba9e9f1a6e5193310c27b0,1,data/malware_images/images/njrat/26c44b6826d0815ee578721d72d8125968341d6fd3ba9e9f1a6e5193310c27b0.png
3517067834c67dfe59fc941b96ef30a24c946cf9d03e0ba3ef641a5031674b54,1,data/malware_images/images/IcedID/3517067834c67dfe59fc941b96ef30a24c946cf9d03e0ba3ef641a5031674b54.png
d9066eeb042293372001502958abe0ab382d4fc605b9a6ee61792eccff5c6c66,0,data/benign_original/benign/d9066eeb042293372001502958abe0ab382d4fc605b9a6ee61792eccff5c6c66.png
3869de46f081e1373e68f81564b9bb4684f56844aa7dc59fa5a8f2d8eddeef9a,1,data/malware_images/images/IcedID/3869de46f081e1373e68f81564b9bb4684f56844aa7dc59fa5a8f2d8eddeef9a.png
fa7942a25cea90d890bca23298576191b75723375e2106d8ada228a85bfcfa7f,1,data/malware_images/images/njrat/fa7942a25cea90d890bca23298576191b75723375e2106d8ada228a85bfcfa7f.png
c92f5e3f22cbe98ed0fef8c3bf161539a4290eaeb8ea6140e67d26c0550aa3ae,0,data/benign_original/benign/c92f5e3f22cbe98ed0fef8c3bf161539a4290eaeb8ea6140e67d26c0550aa3ae.png
63d55128088857806534c494ecb3f451354b1601a09ee3485300881c286351b7,1,data/malware_images/images/IcedID/63d55128088857806534c494ecb3f451354b1601a09ee3485300881c286351b7.png
f8636ccc37bbfc84107992b60e4226eb7237417112267ed64b08f72983ac4314,0,data/benign_original/benign/f8636ccc37bbfc84107992b60e4226eb7237417112267ed64b08f72983ac4314.png
7cff7ae7346815fe3a00a5b541e6cebe874f456bdc6ee6d25ac6dce211dade8a,1,data/malware_images/images/njrat/7cff7ae7346815fe3a00a5b541e6cebe874f456bdc6ee6d25ac6dce211dade8a.png
2914f2c331ac721a23b4f42a541eae836cfb940567a9048969bcfd0acf96a031,1,data/malware_images/images/njrat/2914f2c331ac721a23b4f42a541eae836cfb940567a9048969bcfd0acf96a031.png
163b0dbdbeb27d581695908c409f25a926613547da8cc08e844e2a93307bd9aa,1,data/malware_images/images/GuLoader/163b0dbdbeb27d581695908c409f25a926613547da8cc08e844e2a93307bd9aa.png
d4b434dc8bef0c0c2bd6935fec98cb27cf15121cf68c8e6809d7d4526e04eb50,1,data/malware_images/images/IcedID/d4b434dc8bef0c0c2bd6935fec98cb27cf15121cf68c8e6809d7d4526e04eb50.png
b0499ee87b23129f1528c5cf57728518a3a66aa1a2eb200fb0700bc6ad78546e,0,data/benign_original/benign/b0499ee87b23129f1528c5cf57728518a3a66aa1a2eb200fb0700bc6ad78546e.png
f5d2246abcc2fe6ae9c75d958080fa301053613c4342bf931c51b89bdae3c9d9,0,data/benign_original/benign/f5d2246abcc2fe6ae9c75d958080fa301053613c4342bf931c51b89bdae3c9d9.png
394ecd747f9b75d73b9d9fb0e393c754ce030e1cccf6c2544fd6eb54578cd517,1,data/malware_images/images/Gozi/394ecd747f9b75d73b9d9fb0e393c754ce030e1cccf6c2544fd6eb54578cd517.png
f15a226b96dbec6420521c16cf1e621c20d2339c5bec6b9816ebcd7e7ecb4c35,0,data/benign_original/benign/f15a226b96dbec6420521c16cf1e621c20d2339c5bec6b9816ebcd7e7ecb4c35.png
3707f19a40b8b5196bf6bf35dab58bd6e0b586533f47ee4f803f9f991ec5a77a,1,data/malware_images/images/GuLoader/3707f19a40b8b5196bf6bf35dab58bd6e0b586533f47ee4f803f9f991ec5a77a.png
b85e964144a64d78fc54b4e6bae83ba6e1c7179f0a820f361c27f58842b6940a,1,data/malware_images/images/njrat/b85e964144a64d78fc54b4e6bae83ba6e1c7179f0a820f361c27f58842b6940a.png
d60b26d279cf58e6c860e026b7784038b3d00656cc319c2a91557b26308434ab,0,data/benign_original/benign/d60b26d279cf58e6c860e026b7784038b3d00656cc319c2a91557b26308434ab.png
b3dd5fabb9c05eaab15d95ba49d626cee83c8374bf2d965532d3214fdcfbf032,1,data/malware_images/images/Gozi/b3dd5fabb9c05eaab15d95ba49d626cee83c8374bf2d965532d3214fdcfbf032.png
dec9aa80ad429dfe99695c87c73b1721e68ee77997d5d04737e2f0a3214db1d8,1,data/malware_images/images/Trickbot/dec9aa80ad429dfe99695c87c73b1721e68ee77997d5d04737e2f0a3214db1d8.png
8c421ff35f676e2a886e33879a324da5660a9d94dd77edc1791f431c124402a4,1,data/malware_images/images/Gozi/8c421ff35f676e2a886e33879a324da5660a9d94dd77edc1791f431c124402a4.png
cbd75294a341b8e4c6d6e82396eac5d47538946d6678dab8f35009f0eaa2013e,1,data/malware_images/images/njrat/cbd75294a341b8e4c6d6e82396eac5d47538946d6678dab8f35009f0eaa2013e.png
b2693db5d5954f3a2303d9c30343422362d0b64e3bdd3c0c7385caa98afdbf49,1,data/malware_images/images/IcedID/b2693db5d5954f3a2303d9c30343422362d0b64e3bdd3c0c7385caa98afdbf49.png
e22209fa6f374c267757ea8e6647209c7f831c8639d4a279d55223d35b06f507,0,data/benign_original/benign/e22209fa6f374c267757ea8e6647209c7f831c8639d4a279d55223d35b06f507.png
f1893efc3d832aa8cdf62776349ac97f2a6d74a6fecdd74ad4db35f5fcf3229a,1,data/malware_images/images/Gozi/f1893efc3d832aa8cdf62776349ac97f2a6d74a6fecdd74ad4db35f5fcf3229a.png
b7e7f2b3f6382d2296821dc8d5323061d5f1ab1fef0fb387f1d442297ff66293,0,data/benign_original/benign/b7e7f2b3f6382d2296821dc8d5323061d5f1ab1fef0fb387f1d442297ff66293.png
e9b682ee52dfde4c8a0386a4ff978fa4309b6cb66e0f45d5a0f7bd4a3ca19233,0,data/benign_original/benign/e9b682ee52dfde4c8a0386a4ff978fa4309b6cb66e0f45d5a0f7bd4a3ca19233.png
d9f2efc4864b6eb69c4509ed80744c29209c5730eb1aa833f5aa422b50af0587,0,data/benign_original/benign/d9f2efc4864b6eb69c4509ed80744c29209c5730eb1aa833f5aa422b50af0587.png
80c4c5f0116f0d9867b3ebdb343ea2241afa1722ecdf9e3d1b7df34c61f4c62d,1,data/malware_images/images/njrat/80c4c5f0116f0d9867b3ebdb343ea2241afa1722ecdf9e3d1b7df34c61f4c62d.png
b7b7baaf50f901ba166ec6023be9c2d83d1da990d3f4f59429efda3e7abf8622,0,data/benign_original/benign/b7b7baaf50f901ba166ec6023be9c2d83d1da990d3f4f59429efda3e7abf8622.png
1d083467cb9fbd7d2b21fcd4f8f9cb0c36718d0a327052313f46a2a83bd715e2,0,data/benign_original/benign/1d083467cb9fbd7d2b21fcd4f8f9cb0c36718d0a327052313f46a2a83bd715e2.png
d7da9af371c9b6720f9ec43d7eb1c8199d5884466909027776bab07578f00fdf,0,data/benign_original/benign/d7da9af371c9b6720f9ec43d7eb1c8199d5884466909027776bab07578f00fdf.png
ee022f70e46b7bafd48007d5c4a69ec31265afdd082f475a16d603be2b152875,0,data/benign_original/benign/ee022f70e46b7bafd48007d5c4a69ec31265afdd082f475a16d603be2b152875.png
099f34fbc082c2a39e16ddf98704811c46773fe975b473d5d516aae148ad6b50,1,data/malware_images/images/Gozi/099f34fbc082c2a39e16ddf98704811c46773fe975b473d5d516aae148ad6b50.png
c638b72e309636be1022d0bacd2f55e6b33e079ad74cd2561dc41eaf1a828f84,0,data/benign_original/benign/c638b72e309636be1022d0bacd2f55e6b33e079ad74cd2561dc41eaf1a828f84.png
355de2645c0630efcbbe0fffa82b4d980dc8a39125f1f98eb1bb5a3dc02ed3dd,1,data/malware_images/images/njrat/355de2645c0630efcbbe0fffa82b4d980dc8a39125f1f98eb1bb5a3dc02ed3dd.png
5dc4cbc6280763e29bf4dc85dd8efbd99839281afb1b1b2781ee88f9a3d033f5,1,data/malware_images/images/Gozi/5dc4cbc6280763e29bf4dc85dd8efbd99839281afb1b1b2781ee88f9a3d033f5.png
fa72b6895baf61bd876f11c2fb88255cc07d4a8cba0925b88b1b61a3f56c2492,0,data/benign_original/benign/fa72b6895baf61bd876f11c2fb88255cc07d4a8cba0925b88b1b61a3f56c2492.png
c775dbe62c617a7f3638b45460bc828eda13f9f51f34293e75ff471a6d68f1bb,1,data/malware_images/images/njrat/c775dbe62c617a7f3638b45460bc828eda13f9f51f34293e75ff471a6d68f1bb.png
256873a8419bd5553511b23fad2bef56901669fc2c7891c89315f68fcedb1ff5,1,data/malware_images/images/njrat/256873a8419bd5553511b23fad2bef56901669fc2c7891c89315f68fcedb1ff5.png
c9a07f213ef6b18ff67911874374a1bbfece635658eecc6fbc2076326e4ab099,1,data/malware_images/images/njrat/c9a07f213ef6b18ff67911874374a1bbfece635658eecc6fbc2076326e4ab099.png
4fd7381da4abee025f769dcb1c86d37547492eeba052592d20c194f26480ff10,1,data/malware_images/images/Gozi/4fd7381da4abee025f769dcb1c86d37547492eeba052592d20c194f26480ff10.png
3149f335cf736a3ea84a9372395811cd9a8738438ce65352af0d8a188145ab5e,1,data/malware_images/images/njrat/3149f335cf736a3ea84a9372395811cd9a8738438ce65352af0d8a188145ab5e.png
b958fb921a0e3bcc14962b3771f610e972526713f70bd36437b3f299fd252e52,1,data/malware_images/images/Gozi/b958fb921a0e3bcc14962b3771f610e972526713f70bd36437b3f299fd252e52.png
b03ef76f1c276ddeff6befa1680474c98574ed1702505d4e5c8890df7226cac9,0,data/benign_original/benign/b03ef76f1c276ddeff6befa1680474c98574ed1702505d4e5c8890df7226cac9.png
c7e67ac0f24c5b2ad057a6508e972371491a32a82a87bb68373463d60efaafa5,0,data/benign_original/benign/c7e67ac0f24c5b2ad057a6508e972371491a32a82a87bb68373463d60efaafa5.png
e528cece2f9a562af7b5b274545ae1977f924331564bd0a2649f5a06f7843994,0,data/benign_original/benign/e528cece2f9a562af7b5b274545ae1977f924331564bd0a2649f5a06f7843994.png
e30dea1734622f40e82e8bfc7f496414d7da410484561efb72caa6bb6d2d5fcb,0,data/benign_original/benign/e30dea1734622f40e82e8bfc7f496414d7da410484561efb72caa6bb6d2d5fcb.png
226c062632c3efca237814978b0443bdeb43fe5418ad508716f671f19f56c051,0,data/benign_original/benign/226c062632c3efca237814978b0443bdeb43fe5418ad508716f671f19f56c051.png
c449f3a61e14abdbeb5aca18181b812382c7b72dfab88b4d6ee8613c4d61f1df,0,data/benign_original/benign/c449f3a61e14abdbeb5aca18181b812382c7b72dfab88b4d6ee8613c4d61f1df.png
460642b649da0834153e33a4c59958a1f28049706d174b31a9260dfb1e1e7f7d,1,data/malware_images/images/GuLoader/460642b649da0834153e33a4c59958a1f28049706d174b31a9260dfb1e1e7f7d.png
772aeef6d9eead10c4e82f353f19add32e46ab08640ec5118489ba6084d1cb04,1,data/malware_images/images/njrat/772aeef6d9eead10c4e82f353f19add32e46ab08640ec5118489ba6084d1cb04.png
ef3955653cb3c648db242d5a60f3ba9c3dcc0f76b527692fa1c0a08cc9206ac2,0,data/benign_original/benign/ef3955653cb3c648db242d5a60f3ba9c3dcc0f76b527692fa1c0a08cc9206ac2.png
df8081bba0cc5af481a62e0906afe9772c0c0b6cde705260f6ef1a5b1bebad1c,0,data/benign_original/benign/df8081bba0cc5af481a62e0906afe9772c0c0b6cde705260f6ef1a5b1bebad1c.png
203abd8483ce4c39aad342bad6f863f2c0abdadd84470c2962cb9cc41c5478d9,0,data/benign_original/benign/203abd8483ce4c39aad342bad6f863f2c0abdadd84470c2962cb9cc41c5478d9.png
f9e63320c3a3c14847155de9abdbbf38e44866500402d8985312d92f149df23b,1,data/malware_images/images/IcedID/f9e63320c3a3c14847155de9abdbbf38e44866500402d8985312d92f149df23b.png
bbc379a276772d2e403c193065d255388051b0e98e0b3e649875ae19bb8ebf74,1,data/malware_images/images/njrat/bbc379a276772d2e403c193065d255388051b0e98e0b3e649875ae19bb8ebf74.png
ccd29e453d3f3fec842b3e2249ae962cb1968c83d9a0bf0744c6d6aabe0f4caf,0,data/benign_original/benign/ccd29e453d3f3fec842b3e2249ae962cb1968c83d9a0bf0744c6d6aabe0f4caf.png
c8471b7844f713e84934db93fdd897577c6554ce9175367f1c38f36e4cc68f2e,0,data/benign_original/benign/c8471b7844f713e84934db93fdd897577c6554ce9175367f1c38f36e4cc68f2e.png
d0dbd465fe1149e5b1605357ba1a8f1ee8eb84cf8f4226481b1b03236b80f6df,0,data/benign_original/benign/d0dbd465fe1149e5b1605357ba1a8f1ee8eb84cf8f4226481b1b03236b80f6df.png
b7aec4ae4197097c7e7828c7e23e6ab73af20a19458f82b795219ac16513e9b6,0,data/benign_original/benign/b7aec4ae4197097c7e7828c7e23e6ab73af20a19458f82b795219ac16513e9b6.png
dcf3c4f6024313eeb6f775ed343265d73be1ce1d5dde2f92195dbc32310c7fc9,0,data/benign_original/benign/dcf3c4f6024313eeb6f775ed343265d73be1ce1d5dde2f92195dbc32310c7fc9.png
fa98edefab6320f64d946ad9b4e634327c2aeb4266b2cc7efb710b0ec31915ee,1,data/malware_images/images/GuLoader/fa98edefab6320f64d946ad9b4e634327c2aeb4266b2cc7efb710b0ec31915ee.png
28d1ce2d141fcfc52b6b8a81f5424920ba2818a14e8ac201446697ff977082de,1,data/malware_images/images/njrat/28d1ce2d141fcfc52b6b8a81f5424920ba2818a14e8ac201446697ff977082de.png
2547a02fada44b52de1bbdbc27709a8d33e8a7e24031d57a0443e0d42f4cb56b,1,data/malware_images/images/Heodo/2547a02fada44b52de1bbdbc27709a8d33e8a7e24031d57a0443e0d42f4cb56b.png
c53121ed7d5011a51ab74fa2d1ae671725007f13004072afd2d1f1763dfce81a,0,data/benign_original/benign/c53121ed7d5011a51ab74fa2d1ae671725007f13004072afd2d1f1763dfce81a.png
92a21062a5697b5ac7050d82b5279443d444f4a3852c485b857774a31d0f290f,1,data/malware_images/images/Trickbot/92a21062a5697b5ac7050d82b5279443d444f4a3852c485b857774a31d0f290f.png
d78f016b073ddd833f8cc0a90a9a506dd8bdf7477fd887614180d0ef0a5ea033,0,data/benign_original/benign/d78f016b073ddd833f8cc0a90a9a506dd8bdf7477fd887614180d0ef0a5ea033.png
1ad7c58942200a9ef80b4e70dbeb67e01338ea070102fbbd3ef1908bb6bbfdba,1,data/malware_images/images/GuLoader/1ad7c58942200a9ef80b4e70dbeb67e01338ea070102fbbd3ef1908bb6bbfdba.png
bf5c5728412bb22e445e0c705a233ec3b6e59bada3ee07686964fbf782472eaa,0,data/benign_original/benign/bf5c5728412bb22e445e0c705a233ec3b6e59bada3ee07686964fbf782472eaa.png
3f523c19240a01bddc08e46ec22904e4dd57e820f45759c98e58efd3c91daa84,1,data/malware_images/images/Trickbot/3f523c19240a01bddc08e46ec22904e4dd57e820f45759c98e58efd3c91daa84.png
f0b622e75a80fed1422a711fef2a1eb6edb5c2cba352bf7752e7f1f42180572c,1,data/malware_images/images/Gozi/f0b622e75a80fed1422a711fef2a1eb6edb5c2cba352bf7752e7f1f42180572c.png
e7016ef0aa3c9fce35b6f299a6f0bca6d3001c1fdc43771c52f43de159ccb1c2,0,data/benign_original/benign/e7016ef0aa3c9fce35b6f299a6f0bca6d3001c1fdc43771c52f43de159ccb1c2.png
3d5020c35ad6a63105574ae4aa216b3490bc3ff3df3423bb72d2e11bf0e0f218,0,data/benign_original/benign/3d5020c35ad6a63105574ae4aa216b3490bc3ff3df3423bb72d2e11bf0e0f218.png
ec6e61d51d70f7bca922cb25e44ffd01d06fcb5a2a00fdbb6f5ff95698f01acf,0,data/benign_original/benign/ec6e61d51d70f7bca922cb25e44ffd01d06fcb5a2a00fdbb6f5ff95698f01acf.png
3325529c15a672685a63001584b28079dda4d59df343aec9750c8f5116e52617,1,data/malware_images/images/Gozi/3325529c15a672685a63001584b28079dda4d59df343aec9750c8f5116e52617.png
a424039a96d86ff186981223fe2e78392135fd2ba7a574d73840c4d56a381e39,0,data/benign_original/benign/a424039a96d86ff186981223fe2e78392135fd2ba7a574d73840c4d56a381e39.png
c503b8c10a00208300a9e3852fe955ea32a2e9e7d6ba978f8dcb229f793b1b64,0,data/benign_original/benign/c503b8c10a00208300a9e3852fe955ea32a2e9e7d6ba978f8dcb229f793b1b64.png
ec588c5d6c693da096e9ff8993b5355adefa666893f10b85cd8152767e90fab6,0,data/benign_original/benign/ec588c5d6c693da096e9ff8993b5355adefa666893f10b85cd8152767e90fab6.png
96e1776c94c1177014f4c46d151e179607a130b217dac3a03a38e5d257f5ccca,0,data/benign_original/benign/96e1776c94c1177014f4c46d151e179607a130b217dac3a03a38e5d257f5ccca.png
dec2f291a52537a0bad36388b357f47da08ed1bd365cb801ca5c742d102316c6,0,data/benign_original/benign/dec2f291a52537a0bad36388b357f47da08ed1bd365cb801ca5c742d102316c6.png
9f1297d209e7ba88856b62b4e93267bad669974b6a6c4899f54f68e0a7ead298,0,data/benign_original/benign/9f1297d209e7ba88856b62b4e93267bad669974b6a6c4899f54f68e0a7ead298.png
e2648053f2d4f219974710d988e77ae912058c6f36ebdfd70628cf17492c0bc9,0,data/benign_original/benign/e2648053f2d4f219974710d988e77ae912058c6f36ebdfd70628cf17492c0bc9.png
24aa30b015fbc74b303e445b3fdccf3d87b24a53344e042421a789234d5b2aca,1,data/malware_images/images/Trickbot/24aa30b015fbc74b303e445b3fdccf3d87b24a53344e042421a789234d5b2aca.png
fc08885434f9b2677ca7076bc2651218335dfb40141fa7fe49558bd3c7eb4e5a,1,data/malware_images/images/njrat/fc08885434f9b2677ca7076bc2651218335dfb40141fa7fe49558bd3c7eb4e5a.png
7a22d72f8b63c01f660f96127346233544f5a297fa09353f35937fcbd0212198,1,data/malware_images/images/Heodo/7a22d72f8b63c01f660f96127346233544f5a297fa09353f35937fcbd0212198.png
1942eef844625a5a32f43039077701cb9223ba1a781395c8bc9d21e810870cfb,1,data/malware_images/images/GuLoader/1942eef844625a5a32f43039077701cb9223ba1a781395c8bc9d21e810870cfb.png
f7e7436ea74ef9b606a44352d71cf11b167f2ac68a2a37191b63c0e269a031ad,1,data/malware_images/images/Trickbot/f7e7436ea74ef9b606a44352d71cf11b167f2ac68a2a37191b63c0e269a031ad.png
9331d92038a7c3ee89dbdb00d6334250f3e6913f01d393503a69d8b7f2fe4c5b,1,data/malware_images/images/njrat/9331d92038a7c3ee89dbdb00d6334250f3e6913f01d393503a69d8b7f2fe4c5b.png
c9ea31b213b8c0bf21cba3d988fce9091db961814085ff0c9c8e76fd0e78470a,0,data/benign_original/benign/c9ea31b213b8c0bf21cba3d988fce9091db961814085ff0c9c8e76fd0e78470a.png
5742a6e4d66027e7d77787447687a9798c22de28d18d4f14cfba0982a4b2a74b,1,data/malware_images/images/GuLoader/5742a6e4d66027e7d77787447687a9798c22de28d18d4f14cfba0982a4b2a74b.png
feb3427eaebbf1394110bce1fc29bd38d05241f1931b6f1c6edb227dc8e2d05c,0,data/benign_original/benign/feb3427eaebbf1394110bce1fc29bd38d05241f1931b6f1c6edb227dc8e2d05c.png
6607504503e9ea674447c3f5c2cc7abb9616e1a17689df1ccba9c0df122b2876,1,data/malware_images/images/Heodo/6607504503e9ea674447c3f5c2cc7abb9616e1a17689df1ccba9c0df122b2876.png
c7a4621dce77ccf65bea1df187ff84d258ccb8a20a79c3120c9c8585fa0aff7e,0,data/benign_original/benign/c7a4621dce77ccf65bea1df187ff84d258ccb8a20a79c3120c9c8585fa0aff7e.png
3ca96b622f4af8cfdf1d65b9c1c2ee118bc924753ad95d3376b97c6f08153a54,0,data/benign_original/benign/3ca96b622f4af8cfdf1d65b9c1c2ee118bc924753ad95d3376b97c6f08153a54.png
435fb59379dcbbc4831926f93196705de81fa9ee6c7e106fe99d4ffd58f8fd28,1,data/malware_images/images/IcedID/435fb59379dcbbc4831926f93196705de81fa9ee6c7e106fe99d4ffd58f8fd28.png
f940989914449c633272230a78c83fa587844971075734d6f10644aa5a354dcb,0,data/benign_original/benign/f940989914449c633272230a78c83fa587844971075734d6f10644aa5a354dcb.png
67c79632c233079e451064d8a9c1774b3d8cb7f462330b00f9cea33654f4dac1,1,data/malware_images/images/Gozi/67c79632c233079e451064d8a9c1774b3d8cb7f462330b00f9cea33654f4dac1.png
7984df6018af3f340757e48e5fb6105c6476c1832c23cb3ec9e0b8a08623436e,1,data/malware_images/images/Trickbot/7984df6018af3f340757e48e5fb6105c6476c1832c23cb3ec9e0b8a08623436e.png
e9fd3e49f8def0b1d8f0af5aa7e4f97d8ebc42399758fe501e918eb9d86bed00,0,data/benign_original/benign/e9fd3e49f8def0b1d8f0af5aa7e4f97d8ebc42399758fe501e918eb9d86bed00.png
10587da0677bce0b2dc71caaa56276dc6b950e875544520251a8aac3074862f5,0,data/benign_original/benign/10587da0677bce0b2dc71caaa56276dc6b950e875544520251a8aac3074862f5.png
5b650ef6be4143cad97601ad536b42b14a35340a9b180dabf981f3347fa14a98,1,data/malware_images/images/njrat/5b650ef6be4143cad97601ad536b42b14a35340a9b180dabf981f3347fa14a98.png
cd219cd951e2cc41468dd0478f9896bd6d8d4f628a0914d9c3a16f5d65ac02dc,0,data/benign_original/benign/cd219cd951e2cc41468dd0478f9896bd6d8d4f628a0914d9c3a16f5d65ac02dc.png
fbf8e1a354457640ec280317991bfa7915df4932d47a8d123ebf1bb809f74ebd,1,data/malware_images/images/njrat/fbf8e1a354457640ec280317991bfa7915df4932d47a8d123ebf1bb809f74ebd.png
7e46c68e57c8133f8568d673bc893919cd4892f159183101f160b46a09ec48e9,1,data/malware_images/images/njrat/7e46c68e57c8133f8568d673bc893919cd4892f159183101f160b46a09ec48e9.png
e333ee8df8edc262e5fe1c6c8bb448da22870204b2cbfff8a663571ca5cc4f0e,1,data/malware_images/images/IcedID/e333ee8df8edc262e5fe1c6c8bb448da22870204b2cbfff8a663571ca5cc4f0e.png
341f33c1103bf6340261fe146a5bded870d67a30e6a55ad9ef503fad17f33e60,1,data/malware_images/images/GuLoader/341f33c1103bf6340261fe146a5bded870d67a30e6a55ad9ef503fad17f33e60.png
0524d1cc0e49105631e29f5e13f5dd2d1eb580899297b29cf67aa9644da62e20,0,data/benign_original/benign/0524d1cc0e49105631e29f5e13f5dd2d1eb580899297b29cf67aa9644da62e20.png
d3d5f039c87c81568cc54ca54db1af8818499bd79200a2499aa350930bdf9834,0,data/benign_original/benign/d3d5f039c87c81568cc54ca54db1af8818499bd79200a2499aa350930bdf9834.png
c5f729070509fed0e892d7f3f9e38c703390e27a936e3737a22d4ac76915ccfc,1,data/malware_images/images/Trickbot/c5f729070509fed0e892d7f3f9e38c703390e27a936e3737a22d4ac76915ccfc.png
39763b9851a6b87da54699ba9ed40e475fe9f6c8b07b0c7a43c914fbfa0b1f45,1,data/malware_images/images/Trickbot/39763b9851a6b87da54699ba9ed40e475fe9f6c8b07b0c7a43c914fbfa0b1f45.png
a2facd812cc5a1b3bdbfc135fde8602599cbf2e93b39dea20e111fe1ff03e05d,1,data/malware_images/images/Trickbot/a2facd812cc5a1b3bdbfc135fde8602599cbf2e93b39dea20e111fe1ff03e05d.png
b596ad2fa8cf15a52b4a18838803e30888c578f04c06a9b115c43f2b515963db,0,data/benign_original/benign/b596ad2fa8cf15a52b4a18838803e30888c578f04c06a9b115c43f2b515963db.png
759776f80fe7a312191286caf08c1e28bfbee5596ce1861607999bb74e450268,1,data/malware_images/images/Gozi/759776f80fe7a312191286caf08c1e28bfbee5596ce1861607999bb74e450268.png
4c7f4ef1eb3e65898289f894b064195bc98471dc4f2ec162889e604e43127bb9,1,data/malware_images/images/njrat/4c7f4ef1eb3e65898289f894b064195bc98471dc4f2ec162889e604e43127bb9.png
dc0df8f5ee0e898e069643a84cbc8154d6191f081665e245f1a9e2085028062f,1,data/malware_images/images/Gozi/dc0df8f5ee0e898e069643a84cbc8154d6191f081665e245f1a9e2085028062f.png
f1bc7cfb5a8bd67997eee95397bebf212b408b00bb661e3f311a18f472fe6a33,0,data/benign_original/benign/f1bc7cfb5a8bd67997eee95397bebf212b408b00bb661e3f311a18f472fe6a33.png
bf59b232d96ddffc5e4a31b8d0ad9773e2b61fd81f728f675d606b23ad3b0142,0,data/benign_original/benign/bf59b232d96ddffc5e4a31b8d0ad9773e2b61fd81f728f675d606b23ad3b0142.png
b21615343a2441323eda63896b5948931c068cf1cc506fe941c81e9021721bd8,0,data/benign_original/benign/b21615343a2441323eda63896b5948931c068cf1cc506fe941c81e9021721bd8.png
34acae8326e697f6d17bdb1eaed27bba7cf719d4e7ae117735de424a56fd5f3d,1,data/malware_images/images/GuLoader/34acae8326e697f6d17bdb1eaed27bba7cf719d4e7ae117735de424a56fd5f3d.png
bd1672fb56a995cc5f0502bab002b1d315b604058ba699759cd9ad865691ebf8,0,data/benign_original/benign/bd1672fb56a995cc5f0502bab002b1d315b604058ba699759cd9ad865691ebf8.png
eba49954042506dfcb35a1e6ef882635193672f1a695876abe4d7f4f82eb3b3d,0,data/benign_original/benign/eba49954042506dfcb35a1e6ef882635193672f1a695876abe4d7f4f82eb3b3d.png
3df47f4ebe158f4394bd3e0c2052262e92192998c0637c259629b8e75fe85203,0,data/benign_original/benign/3df47f4ebe158f4394bd3e0c2052262e92192998c0637c259629b8e75fe85203.png
c860daab67ce2cde30c2d82085b7882178e39b17db9a889b7498d872921e4e1f,1,data/malware_images/images/njrat/c860daab67ce2cde30c2d82085b7882178e39b17db9a889b7498d872921e4e1f.png
502550bb95bda20958e00074ef510b1fef2d0652b6e145a89a51fb2e5455793a,0,data/benign_original/benign/502550bb95bda20958e00074ef510b1fef2d0652b6e145a89a51fb2e5455793a.png
f9d8f1dc63320c7015795d7d2b534ed4bbab163c911f1178bdd2a5feb60f49d3,0,data/benign_original/benign/f9d8f1dc63320c7015795d7d2b534ed4bbab163c911f1178bdd2a5feb60f49d3.png
d736b4ed7574ada5dd609bb2370cb8d52a9ef1aa20afb3734438c2141fda8ee1,0,data/benign_original/benign/d736b4ed7574ada5dd609bb2370cb8d52a9ef1aa20afb3734438c2141fda8ee1.png
d30a60079374cf4496c458e54c471b8d53de84ec6c55f04f64cce7fcd31b3d26,0,data/benign_original/benign/d30a60079374cf4496c458e54c471b8d53de84ec6c55f04f64cce7fcd31b3d26.png
314e930ffd26fea3bf07ead6a44f4a1ded4d353ed5c6cdeb7b634efcbae0e563,1,data/malware_images/images/GuLoader/314e930ffd26fea3bf07ead6a44f4a1ded4d353ed5c6cdeb7b634efcbae0e563.png
1266fa18e0ae0fa01e2cf72e9055c62ccb1712ee52f94ec80d26ce27196e6897,1,data/malware_images/images/Gozi/1266fa18e0ae0fa01e2cf72e9055c62ccb1712ee52f94ec80d26ce27196e6897.png
d4279c465a54afb5b1a9f32f87f5b2508c2e1730d7e98febed526af63c6dd24f,1,data/malware_images/images/njrat/d4279c465a54afb5b1a9f32f87f5b2508c2e1730d7e98febed526af63c6dd24f.png
1a6955d26907b3c83f10ede259494ff2d68ab210e1090cb6806e05d1dca36869,0,data/benign_original/benign/1a6955d26907b3c83f10ede259494ff2d68ab210e1090cb6806e05d1dca36869.png
b592082b37941785db7efeaa6c293bc4f6105e4cf5688d9fb1796d5853cbd782,0,data/benign_original/benign/b592082b37941785db7efeaa6c293bc4f6105e4cf5688d9fb1796d5853cbd782.png
c68a61c260454c0aeb051ddb2bed52cbca44b96d50046017cbc351b41f225dc0,0,data/benign_original/benign/c68a61c260454c0aeb051ddb2bed52cbca44b96d50046017cbc351b41f225dc0.png
7c5761e717bf8f194564c45a4153218e01311c183ed86a2a87dea414c6ab05a1,1,data/malware_images/images/Trickbot/7c5761e717bf8f194564c45a4153218e01311c183ed86a2a87dea414c6ab05a1.png
b4484e07093bfa0f36c525955de630fb8ebf27cfc5c0c6299d9d68d399ca9dd8,0,data/benign_original/benign/b4484e07093bfa0f36c525955de630fb8ebf27cfc5c0c6299d9d68d399ca9dd8.png
08cef06ba147f4700a469596196f3e0643956874f834c481600898227416f310,1,data/malware_images/images/IcedID/08cef06ba147f4700a469596196f3e0643956874f834c481600898227416f310.png
50291fb5edd36f2d5a467e0beed36433f35a118e220984afb775924135a62e20,1,data/malware_images/images/njrat/50291fb5edd36f2d5a467e0beed36433f35a118e220984afb775924135a62e20.png
c8123e802b108c2385b8ba42a7f34eb2eb6bc2fb09bc677ba5397018820c4771,1,data/malware_images/images/IcedID/c8123e802b108c2385b8ba42a7f34eb2eb6bc2fb09bc677ba5397018820c4771.png
8b038ad84a4c75c08baee7fedcf154cc6e292d697e3c5abcf72b4c83a150318a,1,data/malware_images/images/njrat/8b038ad84a4c75c08baee7fedcf154cc6e292d697e3c5abcf72b4c83a150318a.png
ce51b0ee72b3e8f412a0fb238c8a2cb7f874d7732fd93e4ec216ec2e01e8f6cd,0,data/benign_original/benign/ce51b0ee72b3e8f412a0fb238c8a2cb7f874d7732fd93e4ec216ec2e01e8f6cd.png
b0fb3ae8052084fcadeb802bf1a33bebbd0c9c75320f2cb584026ba0c568e3ad,0,data/benign_original/benign/b0fb3ae8052084fcadeb802bf1a33bebbd0c9c75320f2cb584026ba0c568e3ad.png
c5b7f55c933d55dc6deca461397fbbe745af5a88e189d987e56ac5fba41bc042,0,data/benign_original/benign/c5b7f55c933d55dc6deca461397fbbe745af5a88e189d987e56ac5fba41bc042.png
c3a1a61decc703ab9565a92216f2c48e40264f42721ef86b3e169111f1a960e1,0,data/benign_original/benign/c3a1a61decc703ab9565a92216f2c48e40264f42721ef86b3e169111f1a960e1.png
55bca504c5ff798d6c5d4431eff4dda8df6ebfca0db4d86b0f1bf770ff550a0f,1,data/malware_images/images/njrat/55bca504c5ff798d6c5d4431eff4dda8df6ebfca0db4d86b0f1bf770ff550a0f.png
e13c8ff41ffe91dd7f9f71bd68e1c2107e69e627ffbf6563f04db705e4e80e87,0,data/benign_original/benign/e13c8ff41ffe91dd7f9f71bd68e1c2107e69e627ffbf6563f04db705e4e80e87.png
899bb9a7cbead03d1f6be39d2798cd9c8075be00a3001411e13bb5f20c8a9364,1,data/malware_images/images/njrat/899bb9a7cbead03d1f6be39d2798cd9c8075be00a3001411e13bb5f20c8a9364.png
51eff422517b23d1263be0e5616260d3d8056bc9430a75f1d36a98b0358ec398,0,data/benign_original/benign/51eff422517b23d1263be0e5616260d3d8056bc9430a75f1d36a98b0358ec398.png
d9113cb6652a2dabf333a77b4e0de2e43855c0a05e0ba0e0858358312ddc85d1,0,data/benign_original/benign/d9113cb6652a2dabf333a77b4e0de2e43855c0a05e0ba0e0858358312ddc85d1.png
d041aa70e4a07035c446f38d9f23308737b21f02fa0daca17af326161a557f9c,0,data/benign_original/benign/d041aa70e4a07035c446f38d9f23308737b21f02fa0daca17af326161a557f9c.png
d005fd0cecd3a1c4bd88ebbde2c11c7e72177fe9370a3e738d2490adc0c1ec39,0,data/benign_original/benign/d005fd0cecd3a1c4bd88ebbde2c11c7e72177fe9370a3e738d2490adc0c1ec39.png
39e448031d7cb594cc7bd9aff595e5b7832714c12756b8cd898ed98684421e7e,1,data/malware_images/images/IcedID/39e448031d7cb594cc7bd9aff595e5b7832714c12756b8cd898ed98684421e7e.png
fb19bd02f50bbe12f39d4230bff7dad0f094c6c40d225b5d6ec84b7265f96f51,0,data/benign_original/benign/fb19bd02f50bbe12f39d4230bff7dad0f094c6c40d225b5d6ec84b7265f96f51.png
db43bcbe88f003977a952ff950a798703564f8fda59b1831ae7767742d68cb26,0,data/benign_original/benign/db43bcbe88f003977a952ff950a798703564f8fda59b1831ae7767742d68cb26.png
608a6d504e869d45085842b6c0c86539e36d64b6c64b0fb196b6f110b1586ee6,1,data/malware_images/images/GuLoader/608a6d504e869d45085842b6c0c86539e36d64b6c64b0fb196b6f110b1586ee6.png
ffcb095f6ffc77fc3362020fcc25291148d7a59999dc0ff99f6af1a88ca270f0,0,data/benign_original/benign/ffcb095f6ffc77fc3362020fcc25291148d7a59999dc0ff99f6af1a88ca270f0.png
e70403487df45afd8d9656d15170849ea64c7e2661a48561230bb49f1eb11a61,0,data/benign_original/benign/e70403487df45afd8d9656d15170849ea64c7e2661a48561230bb49f1eb11a61.png
427b49ec4c313e4ac4e17ca887a9d0f13c54093579458109cb2bfd1e35abcc3d,1,data/malware_images/images/Heodo/427b49ec4c313e4ac4e17ca887a9d0f13c54093579458109cb2bfd1e35abcc3d.png
0f6e5ae663c6836af0408607f8814f3f14180e5e76f9202cd33e06928c2ebc99,0,data/benign_original/benign/0f6e5ae663c6836af0408607f8814f3f14180e5e76f9202cd33e06928c2ebc99.png
dfa0c14670f8df1eac3e005262e901622c0ec1ccdcc91fd8aedb93da5a32ad64,1,data/malware_images/images/njrat/dfa0c14670f8df1eac3e005262e901622c0ec1ccdcc91fd8aedb93da5a32ad64.png
6a31c8cbcae6c7265e2f357de28e874153efacd3070a835e41cf84aa5feb0646,1,data/malware_images/images/Trickbot/6a31c8cbcae6c7265e2f357de28e874153efacd3070a835e41cf84aa5feb0646.png
d4b01d7301cf4c7737f70e5be824405acbfd726c4792404ec1e6fb73fa4fb0bf,0,data/benign_original/benign/d4b01d7301cf4c7737f70e5be824405acbfd726c4792404ec1e6fb73fa4fb0bf.png
d7757fd744ac00e0cc39a1cb61b2e119f88a4254f111ef1259943081e2f2ff68,0,data/benign_original/benign/d7757fd744ac00e0cc39a1cb61b2e119f88a4254f111ef1259943081e2f2ff68.png
69828c857d4824b9f850b1e0597d2c134c91114b7a0774c41dffe33b0eb23721,0,data/benign_original/benign/69828c857d4824b9f850b1e0597d2c134c91114b7a0774c41dffe33b0eb23721.png
f0870922e3c60d50b386944f4dde819cf1c71ec8dceb71fdb906e51482b3edb8,0,data/benign_original/benign/f0870922e3c60d50b386944f4dde819cf1c71ec8dceb71fdb906e51482b3edb8.png
9933dc3e75e388a9d6b7f267acbce8877cfc28e744efb438afb07581aa60c2b0,1,data/malware_images/images/njrat/9933dc3e75e388a9d6b7f267acbce8877cfc28e744efb438afb07581aa60c2b0.png
b75ef0d9be5c111341dab495301c5939495487c2a76eb2ec1d1eac393e6efc5e,0,data/benign_original/benign/b75ef0d9be5c111341dab495301c5939495487c2a76eb2ec1d1eac393e6efc5e.png
f82f09ef86f1b0f90e672bc8cadc7e076177dbdaf199b29a9e4579aa6fba6086,1,data/malware_images/images/njrat/f82f09ef86f1b0f90e672bc8cadc7e076177dbdaf199b29a9e4579aa6fba6086.png
af2c0ca836ea6360a98b15426c91d27e265b5e6ccdc7458d93a3c442fc502d78,1,data/malware_images/images/Trickbot/af2c0ca836ea6360a98b15426c91d27e265b5e6ccdc7458d93a3c442fc502d78.png
83f92878bf8aba64b4612f0fade72f7ab7f99de12d3679d1143d967f0e6b2d49,1,data/malware_images/images/njrat/83f92878bf8aba64b4612f0fade72f7ab7f99de12d3679d1143d967f0e6b2d49.png
eb89af5911a60d892a685181c397d32b72c61dc2ad77dd45b8cac0fbb7602b84,0,data/benign_original/benign/eb89af5911a60d892a685181c397d32b72c61dc2ad77dd45b8cac0fbb7602b84.png
af00266260bf7f326fe2aa82f5eebc199c83f0be899e1f2b89c63c02dddd8a61,0,data/benign_original/benign/af00266260bf7f326fe2aa82f5eebc199c83f0be899e1f2b89c63c02dddd8a61.png
dd01f84fde65dcbd42de8beb21ae8fc06c5eaef73e378ad19a72eb98ed0ab54f,0,data/benign_original/benign/dd01f84fde65dcbd42de8beb21ae8fc06c5eaef73e378ad19a72eb98ed0ab54f.png
d344483585dfbca35c3ec890b155c0a956a22d05fbba429362b139c2f1ce2a60,0,data/benign_original/benign/d344483585dfbca35c3ec890b155c0a956a22d05fbba429362b139c2f1ce2a60.png
8f03c75dbf16f2b3c9ec82f979072ac746499c950c86e56d655ccc1a943282f3,0,data/benign_original/benign/8f03c75dbf16f2b3c9ec82f979072ac746499c950c86e56d655ccc1a943282f3.png
bb0ea6b46f062a7b536524f9b3cafc24ab2d2743e43ea267600383ba68616389,1,data/malware_images/images/Gozi/bb0ea6b46f062a7b536524f9b3cafc24ab2d2743e43ea267600383ba68616389.png
4a222b602fba21c1679cdb179bbcc7d1543c7c63d8305cf284f0f57f108c34e1,1,data/malware_images/images/IcedID/4a222b602fba21c1679cdb179bbcc7d1543c7c63d8305cf284f0f57f108c34e1.png
fbcdddc39b86052214a80a7d5bd2698dba8cb325565f70e6993eff62f95e32e3,0,data/benign_original/benign/fbcdddc39b86052214a80a7d5bd2698dba8cb325565f70e6993eff62f95e32e3.png
c2208b6febf227475632cc011744fae99546113cd0ef702a6628ccd3df9193cc,0,data/benign_original/benign/c2208b6febf227475632cc011744fae99546113cd0ef702a6628ccd3df9193cc.png
cb1c99e5dc1284a2886b06f42a0234fe281a06e81b33666ac308422ea0838902,0,data/benign_original/benign/cb1c99e5dc1284a2886b06f42a0234fe281a06e81b33666ac308422ea0838902.png
fdf7fc5c647ddb84ce2d1718e06ce25404c3ea4efa7717d03db3295c3fa7ea93,0,data/benign_original/benign/fdf7fc5c647ddb84ce2d1718e06ce25404c3ea4efa7717d03db3295c3fa7ea93.png
e93f725893e778afdadfa136ec57a9339542471e33435c815d0a057f15b2c973,0,data/benign_original/benign/e93f725893e778afdadfa136ec57a9339542471e33435c815d0a057f15b2c973.png
77146703fc5c722e50ccc571bcfcf55278f5cc86574f4b470ed382bf66447945,1,data/malware_images/images/njrat/77146703fc5c722e50ccc571bcfcf55278f5cc86574f4b470ed382bf66447945.png
736df3de2f01d842d12e0bedb26d75f1e358da28c1e0f46aacf04643ec27d338,1,data/malware_images/images/IcedID/736df3de2f01d842d12e0bedb26d75f1e358da28c1e0f46aacf04643ec27d338.png
328f19bea424b0e266a403317a13dbfa2ed5caff2b47296a1efd0a50eec2c7ea,1,data/malware_images/images/Trickbot/328f19bea424b0e266a403317a13dbfa2ed5caff2b47296a1efd0a50eec2c7ea.png
8854450fead134b24fabf4b805434fcfddf25d2179048410728f8901e0fe0906,0,data/benign_original/benign/8854450fead134b24fabf4b805434fcfddf25d2179048410728f8901e0fe0906.png
cf579f50e4fd8ff0ad4ca87331d033ebbba01cbfe16649e8b3ab53f556d7c10a,0,data/benign_original/benign/cf579f50e4fd8ff0ad4ca87331d033ebbba01cbfe16649e8b3ab53f556d7c10a.png
b464f51534fb2e3154c4ae44f0e299ab5c73cf905c370edcd6ae46ffe292c179,0,data/benign_original/benign/b464f51534fb2e3154c4ae44f0e299ab5c73cf905c370edcd6ae46ffe292c179.png
2693d41f577fc18e9ed64eacb68b93a0e142c38f85a11a2142907287d00d3683,1,data/malware_images/images/Heodo/2693d41f577fc18e9ed64eacb68b93a0e142c38f85a11a2142907287d00d3683.png
b5ac0c9ba8223ccf677a78f9049cc8b4669c78dfe4f93e70f6054372e2c8acce,0,data/benign_original/benign/b5ac0c9ba8223ccf677a78f9049cc8b4669c78dfe4f93e70f6054372e2c8acce.png
b51159eb8ecfd2274bad8d135efd27457363852a872ba0e7c9d2f125a37766f0,0,data/benign_original/benign/b51159eb8ecfd2274bad8d135efd27457363852a872ba0e7c9d2f125a37766f0.png
884ef8d4d49a6c98b25f93302c1f5d56ba1bfcf73364ee0e641d94c5b300deef,1,data/malware_images/images/njrat/884ef8d4d49a6c98b25f93302c1f5d56ba1bfcf73364ee0e641d94c5b300deef.png
b04b5d50e05d34207f75c0a8eaf1866faaf13f7aad916a3e6c3942be99a90c1a,1,data/malware_images/images/Gozi/b04b5d50e05d34207f75c0a8eaf1866faaf13f7aad916a3e6c3942be99a90c1a.png
9421892fa51285985906aba241abfab89c72210c31ece8f5150219d0518d88fc,0,data/benign_original/benign/9421892fa51285985906aba241abfab89c72210c31ece8f5150219d0518d88fc.png
0f65778aca1bb70c05d9ce3bac655fdd2fce2dd80ca43e606dd3927fac7f4e58,1,data/malware_images/images/IcedID/0f65778aca1bb70c05d9ce3bac655fdd2fce2dd80ca43e606dd3927fac7f4e58.png
b3a40e1d85f1e1608acf07414a8dea2730c0de0d824bc6165856b8fe00e8ed3d,1,data/malware_images/images/njrat/b3a40e1d85f1e1608acf07414a8dea2730c0de0d824bc6165856b8fe00e8ed3d.png
c6bca6b944c0a3943c35ee822360800a13b2b62f9640cb5180d37f8118c4dd20,0,data/benign_original/benign/c6bca6b944c0a3943c35ee822360800a13b2b62f9640cb5180d37f8118c4dd20.png
c5f0ff0b9d187056fe3421392242a5d72298e10d52662ee8eff67e6310bac4a5,0,data/benign_original/benign/c5f0ff0b9d187056fe3421392242a5d72298e10d52662ee8eff67e6310bac4a5.png
f5aa3b88ed88bda3c7dc361e836cbf9f848b941f78e0a51d449e76dceff72744,0,data/benign_original/benign/f5aa3b88ed88bda3c7dc361e836cbf9f848b941f78e0a51d449e76dceff72744.png
61ade1e011b6f07df344472b6b35b03b8b58d2ef43572647dee538c37ebc821f,1,data/malware_images/images/Heodo/61ade1e011b6f07df344472b6b35b03b8b58d2ef43572647dee538c37ebc821f.png
b10d02956a4b7642d36d67b4d3da4e2fe5d39c80199b2f4e65b9d876aa66dd3d,0,data/benign_original/benign/b10d02956a4b7642d36d67b4d3da4e2fe5d39c80199b2f4e65b9d876aa66dd3d.png
608c9793c4e7a8ccd7ac8899133de7ff7c6e78528fe1e4dc03e19999b435c101,0,data/benign_original/benign/608c9793c4e7a8ccd7ac8899133de7ff7c6e78528fe1e4dc03e19999b435c101.png
d450598224c200a67dc641f7b658157b10dfbf2b51b45ad6ceb4836b8181395b,0,data/benign_original/benign/d450598224c200a67dc641f7b658157b10dfbf2b51b45ad6ceb4836b8181395b.png
2c968556fcad7ebb9a866b21a9f3f3dfcd0ca490caf8f6b2ecdb423b9d24d3ef,0,data/benign_original/benign/2c968556fcad7ebb9a866b21a9f3f3dfcd0ca490caf8f6b2ecdb423b9d24d3ef.png
b97f89957de59d3a218ed617e6acb9136e3279f9dec3f864ec32d9b29b77ec6e,1,data/malware_images/images/GuLoader/b97f89957de59d3a218ed617e6acb9136e3279f9dec3f864ec32d9b29b77ec6e.png
6778d6756f384d4cb9e93b058f29fc6c5d8623e0b5ed81ab48cf10464cbd2609,0,data/benign_original/benign/6778d6756f384d4cb9e93b058f29fc6c5d8623e0b5ed81ab48cf10464cbd2609.png
7b3850e39e8474d1f218df0d2ba21a3315759ebed9b40957f6336d313103ffb6,1,data/malware_images/images/Trickbot/7b3850e39e8474d1f218df0d2ba21a3315759ebed9b40957f6336d313103ffb6.png
961588c90fe84a65e9aff3b98a95cd46d581add783ce639065665a01a16530f5,1,data/malware_images/images/IcedID/961588c90fe84a65e9aff3b98a95cd46d581add783ce639065665a01a16530f5.png
9674047cdeb47955d21e5b75cb78691622f0bc322a0476ecc5eb1c93e4644373,1,data/malware_images/images/njrat/9674047cdeb47955d21e5b75cb78691622f0bc322a0476ecc5eb1c93e4644373.png
7b6a2c47f68bdabc73a7dc13ffc5d8c241419161c13f88f85de0e4ab5e5ca7f2,0,data/benign_original/benign/7b6a2c47f68bdabc73a7dc13ffc5d8c241419161c13f88f85de0e4ab5e5ca7f2.png
3d2ee5a3765cf80d67489df898a93ffd48141722dc928c3da4e490e04f6a588d,1,data/malware_images/images/Trickbot/3d2ee5a3765cf80d67489df898a93ffd48141722dc928c3da4e490e04f6a588d.png
0076ddaac89c4adec2d75ecf27ca7fa814797961e792539cc9153184d7e07b53,1,data/malware_images/images/Trickbot/0076ddaac89c4adec2d75ecf27ca7fa814797961e792539cc9153184d7e07b53.png
7690b3f141152e6bebf78096aeb63413b8bf76f7c9bb09f70e1759705de79b34,0,data/benign_original/benign/7690b3f141152e6bebf78096aeb63413b8bf76f7c9bb09f70e1759705de79b34.png
34607bb19a8aeb34d6077a35702c926844158c8bba7548fa327157890a2547c9,1,data/malware_images/images/njrat/34607bb19a8aeb34d6077a35702c926844158c8bba7548fa327157890a2547c9.png
21367308d3881303640dc350c7f26389ea5f3c1c6d6fe2bc1d0d099bb3b039b1,1,data/malware_images/images/Trickbot/21367308d3881303640dc350c7f26389ea5f3c1c6d6fe2bc1d0d099bb3b039b1.png
6e8101ca0f66e6e5a38e17c76921c3217775f533297989d41abbfbfb1cd9291b,1,data/malware_images/images/Gozi/6e8101ca0f66e6e5a38e17c76921c3217775f533297989d41abbfbfb1cd9291b.png
a128bdfd9ccc0737d7fe955d49c44d17cfb119a832178aef3df23af772a2c04e,1,data/malware_images/images/njrat/a128bdfd9ccc0737d7fe955d49c44d17cfb119a832178aef3df23af772a2c04e.png
d8696bb1bb00378f313b4233025339061344148b54dd1a531c39302456e5f0c7,0,data/benign_original/benign/d8696bb1bb00378f313b4233025339061344148b54dd1a531c39302456e5f0c7.png
83f31a0debd4d9b85a25370045789d49efafe8f8d328d38ebd85782484dada91,1,data/malware_images/images/IcedID/83f31a0debd4d9b85a25370045789d49efafe8f8d328d38ebd85782484dada91.png
e9a9d281c1a708aaae366f82fd6a1742f65da2918cc4fa5eaaaada0be24277d9,0,data/benign_original/benign/e9a9d281c1a708aaae366f82fd6a1742f65da2918cc4fa5eaaaada0be24277d9.png
2638193efec132dcfe5ffefed325f247b872d257db7b0d099f96d05fd6aa8389,1,data/malware_images/images/Trickbot/2638193efec132dcfe5ffefed325f247b872d257db7b0d099f96d05fd6aa8389.png
2ac38cff5b9d784f8e68cdefcc4252218e90abef23263a8b86a707d3bc518291,1,data/malware_images/images/GuLoader/2ac38cff5b9d784f8e68cdefcc4252218e90abef23263a8b86a707d3bc518291.png
d4daab6448cab62e16091169f451e9b455a3607df6ceabccdd0610473d419a6c,1,data/malware_images/images/IcedID/d4daab6448cab62e16091169f451e9b455a3607df6ceabccdd0610473d419a6c.png
dc95c82fdae48a838f8001d2683aa3f3c0bb29f2a676a33204542a2316be1c22,0,data/benign_original/benign/dc95c82fdae48a838f8001d2683aa3f3c0bb29f2a676a33204542a2316be1c22.png
bf162220f2b1ae2d08e1cce16f77a990b36a95e76e636171923b8a40f750cf19,0,data/benign_original/benign/bf162220f2b1ae2d08e1cce16f77a990b36a95e76e636171923b8a40f750cf19.png
eb4c01207fb5882cbb29d285c8be55134b91d347d4221d522638d383e046c06a,0,data/benign_original/benign/eb4c01207fb5882cbb29d285c8be55134b91d347d4221d522638d383e046c06a.png
97f72679ab2027844c5be82a727a8f8ad2c79faed2cfd300e666263b6ebaf168,1,data/malware_images/images/Gozi/97f72679ab2027844c5be82a727a8f8ad2c79faed2cfd300e666263b6ebaf168.png
f1c2d0901a67d26ecb9916631bbc3289e407331082f25aeeb378bcd7bbb01fe2,0,data/benign_original/benign/f1c2d0901a67d26ecb9916631bbc3289e407331082f25aeeb378bcd7bbb01fe2.png
f2f44eec27272e3c0005982960896ab57da9a745ab2d4a1249da3fc8eddfad30,1,data/malware_images/images/Gozi/f2f44eec27272e3c0005982960896ab57da9a745ab2d4a1249da3fc8eddfad30.png
74c2d430eb964fbf5b3a1e37bb6f8770e571ef8998f71d945a479bba4a42d2cc,1,data/malware_images/images/IcedID/74c2d430eb964fbf5b3a1e37bb6f8770e571ef8998f71d945a479bba4a42d2cc.png
d113a7236dcc4d149c34f38d0b570edfbf79dbe6c38c89ab03f9226d21e5adfb,1,data/malware_images/images/Heodo/d113a7236dcc4d149c34f38d0b570edfbf79dbe6c38c89ab03f9226d21e5adfb.png
668af7dbb9ad403f1a1bdaa6e9745f81f55822a1b41433e288e41e8df16c0e19,1,data/malware_images/images/Gozi/668af7dbb9ad403f1a1bdaa6e9745f81f55822a1b41433e288e41e8df16c0e19.png
f6b35355faed8f6e0abb9fab797dd06d30d1ede67fbd5b60c3160836a615bc36,1,data/malware_images/images/njrat/f6b35355faed8f6e0abb9fab797dd06d30d1ede67fbd5b60c3160836a615bc36.png
96eb5b7136a0080c976d43876f84a609f94a8664a0e47bd0a826c557d461f16f,1,data/malware_images/images/njrat/96eb5b7136a0080c976d43876f84a609f94a8664a0e47bd0a826c557d461f16f.png
530001e38045813d7276694c428b64b4dc5a15b77f2b3cc757f64b8d34bcf815,1,data/malware_images/images/IcedID/530001e38045813d7276694c428b64b4dc5a15b77f2b3cc757f64b8d34bcf815.png
f3d9ede5c7a3e9e62b5e396cd9e541cba7f0e695cd15801b7d08d4e885d4421e,0,data/benign_original/benign/f3d9ede5c7a3e9e62b5e396cd9e541cba7f0e695cd15801b7d08d4e885d4421e.png
ed384b7f5efea452a5c23b8c68dc7ed07178b4f6f4162b04448118ee2b5ef684,1,data/malware_images/images/GuLoader/ed384b7f5efea452a5c23b8c68dc7ed07178b4f6f4162b04448118ee2b5ef684.png
b886719afffe44dae835e6b085507aff801da237d2fccde2176ac0ff88988bf4,0,data/benign_original/benign/b886719afffe44dae835e6b085507aff801da237d2fccde2176ac0ff88988bf4.png
2836a4f91412138272afc29469275e462786a1f7e623719865b4f37548cd3474,1,data/malware_images/images/Heodo/2836a4f91412138272afc29469275e462786a1f7e623719865b4f37548cd3474.png
f2e0bf2ee8bc1a6682d5b4be9377669f7109766a221e12232f1cbe6acd00c8fa,0,data/benign_original/benign/f2e0bf2ee8bc1a6682d5b4be9377669f7109766a221e12232f1cbe6acd00c8fa.png
f796d6ff90fe49028328dbda70798729093e2c666535b16f16e8b5a251295f59,1,data/malware_images/images/Gozi/f796d6ff90fe49028328dbda70798729093e2c666535b16f16e8b5a251295f59.png
b6a15a9ee41b219fab20783f638a13c6d83b9bb9c4915d83e09695e665448a32,0,data/benign_original/benign/b6a15a9ee41b219fab20783f638a13c6d83b9bb9c4915d83e09695e665448a32.png
d3063cd5fe97f722c832952f027aa558f827dc53d641be599d467405671fa8d2,0,data/benign_original/benign/d3063cd5fe97f722c832952f027aa558f827dc53d641be599d467405671fa8d2.png
bd81cf5c9b127519dbeb284e699e9d7545ee1130e655fd6a4e66b959e9d9aaac,0,data/benign_original/benign/bd81cf5c9b127519dbeb284e699e9d7545ee1130e655fd6a4e66b959e9d9aaac.png
e2c7dca12fe5b3b2bc6ed3ca91357ded951fe247b0aab965bef3f99eede4017b,0,data/benign_original/benign/e2c7dca12fe5b3b2bc6ed3ca91357ded951fe247b0aab965bef3f99eede4017b.png
e51075a1813ff855a373ac155a00ae92b196a7819c837dcecb21cf0f3dcd4a2f,1,data/malware_images/images/Gozi/e51075a1813ff855a373ac155a00ae92b196a7819c837dcecb21cf0f3dcd4a2f.png
51027814382de83de0c8489339cf10298388029f3d9f8359caf3235b985f5584,1,data/malware_images/images/njrat/51027814382de83de0c8489339cf10298388029f3d9f8359caf3235b985f5584.png
fc452a5bf717769b72f87b19a3690fda0f693c7ae14a01cdc829ba420c61163c,1,data/malware_images/images/Gozi/fc452a5bf717769b72f87b19a3690fda0f693c7ae14a01cdc829ba420c61163c.png
3667b7518f2634bfd589f12fe1fd6e7ec1701030529dd3ece0b04705e76e5e06,1,data/malware_images/images/GuLoader/3667b7518f2634bfd589f12fe1fd6e7ec1701030529dd3ece0b04705e76e5e06.png
2a40ab63e0da2da3c16ecbee0eab68f7572fb765788f87f9d5c446994bb7cd24,1,data/malware_images/images/IcedID/2a40ab63e0da2da3c16ecbee0eab68f7572fb765788f87f9d5c446994bb7cd24.png
0c2d1a82e5752227f70d785ad9a5a20b977b212c150c5c24d624f2a9b7ffe075,1,data/malware_images/images/njrat/0c2d1a82e5752227f70d785ad9a5a20b977b212c150c5c24d624f2a9b7ffe075.png
2171947c8bc08fd32025d883f0668feefa0a43b4519889172df3dbc5f5ffe8d1,1,data/malware_images/images/njrat/2171947c8bc08fd32025d883f0668feefa0a43b4519889172df3dbc5f5ffe8d1.png
a2b8b26a26557c2f69ffa6250bc8638450726e37ce3b4f4b8a4b9d4c5a80983f,1,data/malware_images/images/Gozi/a2b8b26a26557c2f69ffa6250bc8638450726e37ce3b4f4b8a4b9d4c5a80983f.png
2d48da1024de31d61a9eb3a45417de7756392c41a7dfe9239d198df7ce591bc2,1,data/malware_images/images/IcedID/2d48da1024de31d61a9eb3a45417de7756392c41a7dfe9239d198df7ce591bc2.png
3a2dd75b5f317ddf6ca0f7fe6c7f1ef35a0b20bd2e2e7ac3f8eb167733f8f8f9,1,data/malware_images/images/Trickbot/3a2dd75b5f317ddf6ca0f7fe6c7f1ef35a0b20bd2e2e7ac3f8eb167733f8f8f9.png
d35703f44664675c1b6296459d3d748d016b60e98749b13df9adf5e408a9ffb5,0,data/benign_original/benign/d35703f44664675c1b6296459d3d748d016b60e98749b13df9adf5e408a9ffb5.png
05f384ffd4833663e2620c4fd5c4edfa03e35c524e9cd405652dfa7ff69a0879,1,data/malware_images/images/Gozi/05f384ffd4833663e2620c4fd5c4edfa03e35c524e9cd405652dfa7ff69a0879.png
f5b6677732f54f712963a2b90224cb5f645b42befa517495800470d59a9a69dd,1,data/malware_images/images/Gozi/f5b6677732f54f712963a2b90224cb5f645b42befa517495800470d59a9a69dd.png
e690cbd19b9ca80398251b709544428ad56b83866c940c13a50af30162e25ac9,0,data/benign_original/benign/e690cbd19b9ca80398251b709544428ad56b83866c940c13a50af30162e25ac9.png
add21ef971600689a113b04c8ff49bed55a984e5119d5badbc24266063ec0975,1,data/malware_images/images/njrat/add21ef971600689a113b04c8ff49bed55a984e5119d5badbc24266063ec0975.png
08592502ed3b90f0e48a7642019008e767f5f0072c77082a407ca6e108f5ed7f,1,data/malware_images/images/Gozi/08592502ed3b90f0e48a7642019008e767f5f0072c77082a407ca6e108f5ed7f.png
2a922ebe7edb08480baa1721ce1b5185fb5af7f64ec0f128d6a7a37711784815,0,data/benign_original/benign/2a922ebe7edb08480baa1721ce1b5185fb5af7f64ec0f128d6a7a37711784815.png
d505b31200204d0854d67244dfddab81552937571e321d3f5520c5be8fcbc283,0,data/benign_original/benign/d505b31200204d0854d67244dfddab81552937571e321d3f5520c5be8fcbc283.png
44b243078780fae89a84ea0db444fd813a7b0dd80d5371d19c1fb22a28b164d9,1,data/malware_images/images/njrat/44b243078780fae89a84ea0db444fd813a7b0dd80d5371d19c1fb22a28b164d9.png
c94ae23e37aa37ca8327efef1f7c2a07789c083aaf343afcd0bde77d9453b013,0,data/benign_original/benign/c94ae23e37aa37ca8327efef1f7c2a07789c083aaf343afcd0bde77d9453b013.png
ecd7ff4cd6728e3e079f3ff0ba671fe4ca8e48606788b34209eb22e7b51b383d,0,data/benign_original/benign/ecd7ff4cd6728e3e079f3ff0ba671fe4ca8e48606788b34209eb22e7b51b383d.png
ef33eec3a02e64e672fa96ab3b9671d7144e2e7818ef8534a01e2f6f00b2fb94,0,data/benign_original/benign/ef33eec3a02e64e672fa96ab3b9671d7144e2e7818ef8534a01e2f6f00b2fb94.png
db52146d609f4045420e9d9f72f727bc654afb27c8ab5823c356c0cca9ed4b5d,0,data/benign_original/benign/db52146d609f4045420e9d9f72f727bc654afb27c8ab5823c356c0cca9ed4b5d.png
5f44a62a928691259f4cc6ac14395adfaa70d5ea0b8a6ee3089176abd659e92e,1,data/malware_images/images/IcedID/5f44a62a928691259f4cc6ac14395adfaa70d5ea0b8a6ee3089176abd659e92e.png
750d5e5f32eda7dad8b6439f8ac1800542fc27b66a8b89af498bae20dee15cad,1,data/malware_images/images/njrat/750d5e5f32eda7dad8b6439f8ac1800542fc27b66a8b89af498bae20dee15cad.png
cc898d465db6b8dff4d92aa1da5c792314fd41a0b33301baad57f3e1206bcfc4,0,data/benign_original/benign/cc898d465db6b8dff4d92aa1da5c792314fd41a0b33301baad57f3e1206bcfc4.png
8126f308c6848cce16f4e27bb2f0743c3b074247364d5daf3a08553bc1d157a9,0,data/benign_original/benign/8126f308c6848cce16f4e27bb2f0743c3b074247364d5daf3a08553bc1d157a9.png
bdfe12d66d23d2dc816e53e3c6529ca8bad831593d713460d1e95dcbae6ef237,1,data/malware_images/images/IcedID/bdfe12d66d23d2dc816e53e3c6529ca8bad831593d713460d1e95dcbae6ef237.png
552a5f602259b002a3cd0da3aea3b625c99a3674d79e7800fa6266e685e1135a,1,data/malware_images/images/njrat/552a5f602259b002a3cd0da3aea3b625c99a3674d79e7800fa6266e685e1135a.png
b5ef9e5a90e740cce009c8c3a93dd2715e0d67d2fea2b108edd164009952205a,0,data/benign_original/benign/b5ef9e5a90e740cce009c8c3a93dd2715e0d67d2fea2b108edd164009952205a.png
aacf35b1e59235a7216f84201b18845fabccc4748a13fd696aceaeba02a2ea72,1,data/malware_images/images/njrat/aacf35b1e59235a7216f84201b18845fabccc4748a13fd696aceaeba02a2ea72.png
dbfdd9906827edada6d6bb63194a7b952f6e5f7592f59f2a9b7ff0dbe9dd01c0,1,data/malware_images/images/GuLoader/dbfdd9906827edada6d6bb63194a7b952f6e5f7592f59f2a9b7ff0dbe9dd01c0.png
2218de663c222634c69b485241c067b38759c2e18f535ae712dafb8e65d8af4f,1,data/malware_images/images/GuLoader/2218de663c222634c69b485241c067b38759c2e18f535ae712dafb8e65d8af4f.png
257fe290eb9d63d6d55207ac2298db8ec1e76170cc6a00c06a41e242ef24518a,1,data/malware_images/images/GuLoader/257fe290eb9d63d6d55207ac2298db8ec1e76170cc6a00c06a41e242ef24518a.png
2a29e1eaaff50f90c2a25a9be52a72ae194c2fe302f905818d90f7d5fb9c0437,1,data/malware_images/images/Trickbot/2a29e1eaaff50f90c2a25a9be52a72ae194c2fe302f905818d90f7d5fb9c0437.png
c2086a985956435ea408500ddeab2134ae5c627d28ee3779173d6c20321db6da,1,data/malware_images/images/Gozi/c2086a985956435ea408500ddeab2134ae5c627d28ee3779173d6c20321db6da.png
d5e2868d0eaab6056d49a9f2a35842e0d2390e84beed0e352ed3cb19f3dc380e,1,data/malware_images/images/IcedID/d5e2868d0eaab6056d49a9f2a35842e0d2390e84beed0e352ed3cb19f3dc380e.png
cc6c2fdf1c34fa82036165b111f91220bcf7e43aab79dfb284f982f0590bebb1,0,data/benign_original/benign/cc6c2fdf1c34fa82036165b111f91220bcf7e43aab79dfb284f982f0590bebb1.png
c5f001c1a88e34f4614e6d6163509bf9878bf79c1a787c8d8a0d11bfa91026e6,1,data/malware_images/images/Heodo/c5f001c1a88e34f4614e6d6163509bf9878bf79c1a787c8d8a0d11bfa91026e6.png
1faaeabc23e415ec50a9fb89feaf02f6571f9c29cc086dd465e464c6f62fab73,1,data/malware_images/images/GuLoader/1faaeabc23e415ec50a9fb89feaf02f6571f9c29cc086dd465e464c6f62fab73.png
e6d41113d3f6a4e2cae9a0521e54b1cf620b2d34f88e0a6da21d84534e8a0f20,0,data/benign_original/benign/e6d41113d3f6a4e2cae9a0521e54b1cf620b2d34f88e0a6da21d84534e8a0f20.png
492dcef032f8704c783f258d3d99c7a9f98dbd3a68ce4c66f155b4979f6502b8,0,data/benign_original/benign/492dcef032f8704c783f258d3d99c7a9f98dbd3a68ce4c66f155b4979f6502b8.png
bf5db08feb923a86fcb43f5facab00d9f9e9b77301bd7b42959a453ecd5777e0,1,data/malware_images/images/IcedID/bf5db08feb923a86fcb43f5facab00d9f9e9b77301bd7b42959a453ecd5777e0.png
ea73bd0bb371def1d0acabcf0433ab1d80531adf4b128b53f1338566aa9cc84e,0,data/benign_original/benign/ea73bd0bb371def1d0acabcf0433ab1d80531adf4b128b53f1338566aa9cc84e.png
32897c7da5120a2e717281bbaacd5869b1c69a67804117c0505f1940f64f4339,1,data/malware_images/images/Gozi/32897c7da5120a2e717281bbaacd5869b1c69a67804117c0505f1940f64f4339.png
af59ce0aeb5f08ba35213b7933c8eac8ba829a0ddc788098e7a813210b37d333,1,data/malware_images/images/Trickbot/af59ce0aeb5f08ba35213b7933c8eac8ba829a0ddc788098e7a813210b37d333.png
f2b939f848b1b3371c0255a0493daabbc6c1776a34d895058d6a27072ea8ba1d,0,data/benign_original/benign/f2b939f848b1b3371c0255a0493daabbc6c1776a34d895058d6a27072ea8ba1d.png
d5fdf6585b3afb5b8b4692779e722f9e36a9cb63611713eade2ab1063ed0bab6,1,data/malware_images/images/GuLoader/d5fdf6585b3afb5b8b4692779e722f9e36a9cb63611713eade2ab1063ed0bab6.png
cf1160dd950a5a6e140b7253a750f5bcd42f11c8e42c57267ed16f1aa71ed1c9,0,data/benign_original/benign/cf1160dd950a5a6e140b7253a750f5bcd42f11c8e42c57267ed16f1aa71ed1c9.png
d46531eeee9b689982e07bf2a5f7a80efd28b07805cd854d50387a31c2765f33,1,data/malware_images/images/Trickbot/d46531eeee9b689982e07bf2a5f7a80efd28b07805cd854d50387a31c2765f33.png
b5312240f304fb516fe1669ad60592fa2157ed92d6a6ab1b0269d7f02fcf17bd,1,data/malware_images/images/Gozi/b5312240f304fb516fe1669ad60592fa2157ed92d6a6ab1b0269d7f02fcf17bd.png
b68838c88dbe15182f8ae5d6fa98f3e2bdc7cca7798c000ff89be2fb7ed8789c,0,data/benign_original/benign/b68838c88dbe15182f8ae5d6fa98f3e2bdc7cca7798c000ff89be2fb7ed8789c.png
31ecae630eb538eb7779e284d595bd95aeb4ab00a6dc88108f190862df4aa507,1,data/malware_images/images/Gozi/31ecae630eb538eb7779e284d595bd95aeb4ab00a6dc88108f190862df4aa507.png
da4494aca54ddfab870cad9b9a24ee07e1cb3054461e35d0dfeaa5bbdeed1f30,0,data/benign_original/benign/da4494aca54ddfab870cad9b9a24ee07e1cb3054461e35d0dfeaa5bbdeed1f30.png
f008661af1e7d0f0feb9160d024610538a83c2fcdcbd442ccd8ad0573325b900,0,data/benign_original/benign/f008661af1e7d0f0feb9160d024610538a83c2fcdcbd442ccd8ad0573325b900.png
611a159dab9ea0c0c470015c31490e77c3b3be94447fa1b227ac148228cf17e3,1,data/malware_images/images/IcedID/611a159dab9ea0c0c470015c31490e77c3b3be94447fa1b227ac148228cf17e3.png
a8d558789475077bba174dd3b42e5d120d203162bdadb62d69706d096215b036,1,data/malware_images/images/Trickbot/a8d558789475077bba174dd3b42e5d120d203162bdadb62d69706d096215b036.png
d329fcd31c3cac9f4968ccdc58f9efcb300e9117a37eb43c3e4110d228612185,1,data/malware_images/images/GuLoader/d329fcd31c3cac9f4968ccdc58f9efcb300e9117a37eb43c3e4110d228612185.png
d9dded0d36642c346aa05be45a13458f3fbd53dbc9b6b40e89087c963caca169,0,data/benign_original/benign/d9dded0d36642c346aa05be45a13458f3fbd53dbc9b6b40e89087c963caca169.png
fc29d46eb1a1128428f00b760849bba327c3dbc3493a9d9df34ab51820217279,1,data/malware_images/images/Trickbot/fc29d46eb1a1128428f00b760849bba327c3dbc3493a9d9df34ab51820217279.png
bab154bb72cc4702c08d26e137e4ca74628ea1078b5a388c89f7ee6f447e6bad,0,data/benign_original/benign/bab154bb72cc4702c08d26e137e4ca74628ea1078b5a388c89f7ee6f447e6bad.png
e33cd39ced95e22727f4c043da6a5dca822941fa87c34e1fac4f3c325cd59829,0,data/benign_original/benign/e33cd39ced95e22727f4c043da6a5dca822941fa87c34e1fac4f3c325cd59829.png
5caa3ff8a6875fa3549aed22753c921a0188a0e71cbbc274e3c05e4a7149edf5,1,data/malware_images/images/Trickbot/5caa3ff8a6875fa3549aed22753c921a0188a0e71cbbc274e3c05e4a7149edf5.png
d48bd7c50cc69b4f73766563fde6a1444b64a725acb7b988e75bdc54b945d383,1,data/malware_images/images/GuLoader/d48bd7c50cc69b4f73766563fde6a1444b64a725acb7b988e75bdc54b945d383.png
850970e2dfb4f52b461b6daf8bed02469a391ec1d4c1d9251ab427e06a282225,1,data/malware_images/images/IcedID/850970e2dfb4f52b461b6daf8bed02469a391ec1d4c1d9251ab427e06a282225.png
c52c0dbbcaadae016302857165629b33ae2ffffc780cded8b134759ccc73fe2c,0,data/benign_original/benign/c52c0dbbcaadae016302857165629b33ae2ffffc780cded8b134759ccc73fe2c.png
850ac2098bb60a3709ff8fd16e5fe8160d1e7326da76fcd90c3190ba389ac568,1,data/malware_images/images/Trickbot/850ac2098bb60a3709ff8fd16e5fe8160d1e7326da76fcd90c3190ba389ac568.png
beefdd64f766d534f56f70c4a9c897b710bfd747b9d56b30b813a83b620be9d9,1,data/malware_images/images/Trickbot/beefdd64f766d534f56f70c4a9c897b710bfd747b9d56b30b813a83b620be9d9.png
00a013d75beff21e85eff53e026e68d562501c91ed117d8404d0ae14f6f962ca,0,data/benign_original/benign/00a013d75beff21e85eff53e026e68d562501c91ed117d8404d0ae14f6f962ca.png
bc112e7aefa1ef4b19809738ac242e762a18ced5db148ac6fadec5a1d1a83106,0,data/benign_original/benign/bc112e7aefa1ef4b19809738ac242e762a18ced5db148ac6fadec5a1d1a83106.png
d92f6533198074a84e94a407ef48d02de0d247078b2d197e3f822785fa3a0ac3,0,data/benign_original/benign/d92f6533198074a84e94a407ef48d02de0d247078b2d197e3f822785fa3a0ac3.png
fea1c76420499313ff3ba00e2164bc375d563a6e79f00d5393f077beb01dc712,1,data/malware_images/images/Trickbot/fea1c76420499313ff3ba00e2164bc375d563a6e79f00d5393f077beb01dc712.png
b86327495846fe08b5d767f7d4a0f4bde8aeccae0baa299a29a58e36a1c6097c,0,data/benign_original/benign/b86327495846fe08b5d767f7d4a0f4bde8aeccae0baa299a29a58e36a1c6097c.png
f53db39b5b3ec5988dc5f5119df5aa5776cd804176b67947ab5c89fca1dc3f97,0,data/benign_original/benign/f53db39b5b3ec5988dc5f5119df5aa5776cd804176b67947ab5c89fca1dc3f97.png
39606abcb55751b90eb93d47ffa8b2cf6b2f3f8f0cd5155dafc34d4eb07f5ed5,1,data/malware_images/images/GuLoader/39606abcb55751b90eb93d47ffa8b2cf6b2f3f8f0cd5155dafc34d4eb07f5ed5.png
f932627af102f3baad812cbf35a7964bd8cc2dbc1791e25a09659a90d1140394,0,data/benign_original/benign/f932627af102f3baad812cbf35a7964bd8cc2dbc1791e25a09659a90d1140394.png
b1a95a04cbdca12bd84cfe3f86e8ac11f33752171347ee1435fce13e5bff5195,0,data/benign_original/benign/b1a95a04cbdca12bd84cfe3f86e8ac11f33752171347ee1435fce13e5bff5195.png
e462eb3d41db54988ce3be46ced60b0073f8d939a9946cda67fb1df3c8afe0a1,0,data/benign_original/benign/e462eb3d41db54988ce3be46ced60b0073f8d939a9946cda67fb1df3c8afe0a1.png
b3b356cdca34cb5023cd8f49025e23128f1e86dd0d4865d62bc42f775f1acca8,0,data/benign_original/benign/b3b356cdca34cb5023cd8f49025e23128f1e86dd0d4865d62bc42f775f1acca8.png
b19df7069dc2884dc94026608f9fd4bd3f0f2543802c41dc19b78474c866d2e6,1,data/malware_images/images/njrat/b19df7069dc2884dc94026608f9fd4bd3f0f2543802c41dc19b78474c866d2e6.png
e6f74e5db80b5174c7d6bbe494a038a119d016c49ce51b17fb758774095e8ad4,1,data/malware_images/images/IcedID/e6f74e5db80b5174c7d6bbe494a038a119d016c49ce51b17fb758774095e8ad4.png
67b5efbc83e4d8d00c11977f09a36e55b903f6797dcf1aaac7d69bfb5198664d,1,data/malware_images/images/njrat/67b5efbc83e4d8d00c11977f09a36e55b903f6797dcf1aaac7d69bfb5198664d.png
49444de3a25d04f93e05233a2a243738c5dac6482c99715c372615aadd05b3e8,1,data/malware_images/images/GuLoader/49444de3a25d04f93e05233a2a243738c5dac6482c99715c372615aadd05b3e8.png
e9817ab05123e1596b395569b95f6efe303dbba35a1f1232160c7b8bc18be616,0,data/benign_original/benign/e9817ab05123e1596b395569b95f6efe303dbba35a1f1232160c7b8bc18be616.png
d9400c2413fdf6fdf7103bab452c6b87b279f325059b718fa41e58caf3bab131,0,data/benign_original/benign/d9400c2413fdf6fdf7103bab452c6b87b279f325059b718fa41e58caf3bab131.png
e0693cd5152e7a31d75f2f81bb16d3e68d16ae3efa6bd84dce419aa7c49f2a9f,1,data/malware_images/images/IcedID/e0693cd5152e7a31d75f2f81bb16d3e68d16ae3efa6bd84dce419aa7c49f2a9f.png
c423bbf2f92754fee4248af315b80497a1ff3f9b1a3454ebe1a3021ac53ee462,0,data/benign_original/benign/c423bbf2f92754fee4248af315b80497a1ff3f9b1a3454ebe1a3021ac53ee462.png
555715833d0a4354bc655ab818259fd310347a2eb5d696dcbb22236a2ea7a9cd,1,data/malware_images/images/Heodo/555715833d0a4354bc655ab818259fd310347a2eb5d696dcbb22236a2ea7a9cd.png
e5c76cb027d464a88ad1963391c9aac1c49dd8ae6f5ee633b4b4f858068ffa08,0,data/benign_original/benign/e5c76cb027d464a88ad1963391c9aac1c49dd8ae6f5ee633b4b4f858068ffa08.png
c80244555d43a2847c45b1f8d8fb0437ce454c622712c00faf414dda959d627d,0,data/benign_original/benign/c80244555d43a2847c45b1f8d8fb0437ce454c622712c00faf414dda959d627d.png
05c73c13c3635fab5c7daa5bcae4ea3a21ec0bd620291762cd13c03cd786b438,0,data/benign_original/benign/05c73c13c3635fab5c7daa5bcae4ea3a21ec0bd620291762cd13c03cd786b438.png
a2695a114496aeb074d88971d67591765205defb248688b017b65cbbaa804a8d,1,data/malware_images/images/njrat/a2695a114496aeb074d88971d67591765205defb248688b017b65cbbaa804a8d.png
a28e8b9eb2f43a1ca7bc6d668542d52d8a41644e23546bd3437eab9ed9d15b38,1,data/malware_images/images/GuLoader/a28e8b9eb2f43a1ca7bc6d668542d52d8a41644e23546bd3437eab9ed9d15b38.png
996d663495ef1d96ee9fca68c07a4173910824b4956214edd0af1c53501608d7,1,data/malware_images/images/GuLoader/996d663495ef1d96ee9fca68c07a4173910824b4956214edd0af1c53501608d7.png
cda2725cbd92594eea5d1a1e860b1cfb51ef14851afc1d50c0d4354623b77e36,0,data/benign_original/benign/cda2725cbd92594eea5d1a1e860b1cfb51ef14851afc1d50c0d4354623b77e36.png
f7df2fc6c007aa22af62210420d1f16df04f3cfd9ada02d29952af3d3783556e,0,data/benign_original/benign/f7df2fc6c007aa22af62210420d1f16df04f3cfd9ada02d29952af3d3783556e.png
ca6710ac624c4badd89606d2d46270b68a494b9778a109477955f6403d77493e,0,data/benign_original/benign/ca6710ac624c4badd89606d2d46270b68a494b9778a109477955f6403d77493e.png
405865f8af5ff082926927140e1915d1f77f63d3dcd703b3f0fe72102fd80abd,0,data/benign_original/benign/405865f8af5ff082926927140e1915d1f77f63d3dcd703b3f0fe72102fd80abd.png
f957d05021f700ae9aea9cee5ff002cf182e35a904f31a882a9dd0e53fb335f5,0,data/benign_original/benign/f957d05021f700ae9aea9cee5ff002cf182e35a904f31a882a9dd0e53fb335f5.png
bca985c770aa1e0a1b09ef4d55cb6125612b2a35a050ce62921081fbeded887b,0,data/benign_original/benign/bca985c770aa1e0a1b09ef4d55cb6125612b2a35a050ce62921081fbeded887b.png
d3d8a8e35cb6cd2bac3bac85c2c3a7557aa82e6cec20b4945d147b7527342d99,0,data/benign_original/benign/d3d8a8e35cb6cd2bac3bac85c2c3a7557aa82e6cec20b4945d147b7527342d99.png
d2715460955f7277168cbeb7d24cbfecf8786f8afd94a87404a362f2467daad0,1,data/malware_images/images/Trickbot/d2715460955f7277168cbeb7d24cbfecf8786f8afd94a87404a362f2467daad0.png
eb5aaeb8a39d3090c4ae2e7ee28a048a51f5d481fd83c05e7d209c0184cadc98,1,data/malware_images/images/GuLoader/eb5aaeb8a39d3090c4ae2e7ee28a048a51f5d481fd83c05e7d209c0184cadc98.png
efc3324bf5dea534d7415f7ecf1378ccd9ed32109578c03b9870810d1b47d6e6,0,data/benign_original/benign/efc3324bf5dea534d7415f7ecf1378ccd9ed32109578c03b9870810d1b47d6e6.png
3c125dd701c76b591ed6aaf42f8aa0108ef9f71a5bd7c7a83dbd74f23c06b9c3,1,data/malware_images/images/Trickbot/3c125dd701c76b591ed6aaf42f8aa0108ef9f71a5bd7c7a83dbd74f23c06b9c3.png
6710908e460538d2c1bcb4364fec7291647a500df9dc165efc57b774b582015e,1,data/malware_images/images/GuLoader/6710908e460538d2c1bcb4364fec7291647a500df9dc165efc57b774b582015e.png
a00bba529bba6a3cdfc3c0f1bd790b251ccfb14bbf7e382cf1ed0855eee947b4,1,data/malware_images/images/Gozi/a00bba529bba6a3cdfc3c0f1bd790b251ccfb14bbf7e382cf1ed0855eee947b4.png
0b0eba05a2c8b4cd258c04ead9e7eaeabac1e0c4e1fc07a3eecb48ade3422712,1,data/malware_images/images/Trickbot/0b0eba05a2c8b4cd258c04ead9e7eaeabac1e0c4e1fc07a3eecb48ade3422712.png
c96832435596d4d188dd2990a53987e7fc012cddb70fd712ac576b49f70a562d,1,data/malware_images/images/Trickbot/c96832435596d4d188dd2990a53987e7fc012cddb70fd712ac576b49f70a562d.png
7178f62c1be4286a852d1ed31c987bac471a5bd295fc6f7ef592c97234458515,1,data/malware_images/images/GuLoader/7178f62c1be4286a852d1ed31c987bac471a5bd295fc6f7ef592c97234458515.png
c13c860d26b5d8102d8e36b354258faa7e71bc9d1b063ae03bec266bec91922b,0,data/benign_original/benign/c13c860d26b5d8102d8e36b354258faa7e71bc9d1b063ae03bec266bec91922b.png
0cc7e4969ad046d55937ee5bef3c457625850dfec796c6bbc69d30eb7c5e38ac,1,data/malware_images/images/njrat/0cc7e4969ad046d55937ee5bef3c457625850dfec796c6bbc69d30eb7c5e38ac.png
03423958a6175e9162bd53c6f6323cc7c701af1be2b24c5ef60c31c8d2be302f,1,data/malware_images/images/IcedID/03423958a6175e9162bd53c6f6323cc7c701af1be2b24c5ef60c31c8d2be302f.png
ffafd32ecf6e27d033f98230c1ad10f1e72d44c6b1316a1fb8c1b8186b5f6d42,0,data/benign_original/benign/ffafd32ecf6e27d033f98230c1ad10f1e72d44c6b1316a1fb8c1b8186b5f6d42.png
26074f573c462a9b6a0c297bc0dde17f57177483c626fbe70b4e21dd365c57e0,1,data/malware_images/images/Heodo/26074f573c462a9b6a0c297bc0dde17f57177483c626fbe70b4e21dd365c57e0.png
d97b51ddc7d0a774fe90eb28f414a01f8d4fc6f4884d48cea952f0fafd634c68,1,data/malware_images/images/IcedID/d97b51ddc7d0a774fe90eb28f414a01f8d4fc6f4884d48cea952f0fafd634c68.png
beff41df9e3a3d49f540720bf5eb587a1e407ff14bb411801246ff6264542ab7,0,data/benign_original/benign/beff41df9e3a3d49f540720bf5eb587a1e407ff14bb411801246ff6264542ab7.png
fb79aa9861b147460e71653b2c01129cc0911efc6c1f97c6377d96f47d651da2,0,data/benign_original/benign/fb79aa9861b147460e71653b2c01129cc0911efc6c1f97c6377d96f47d651da2.png
ac9585a2b073ae83bd5447fa7be6aecd242a4b70c024bd200fd691c763878fe1,1,data/malware_images/images/njrat/ac9585a2b073ae83bd5447fa7be6aecd242a4b70c024bd200fd691c763878fe1.png
4dda012c8c57a4d06b5a405ecc0362e4f25a259b96545010113f02894a79fe81,1,data/malware_images/images/Gozi/4dda012c8c57a4d06b5a405ecc0362e4f25a259b96545010113f02894a79fe81.png
f5f635c0cf8252b81c8283ae7063e5bdbc7d608ee8798ec6064707b489339d5d,0,data/benign_original/benign/f5f635c0cf8252b81c8283ae7063e5bdbc7d608ee8798ec6064707b489339d5d.png
c530a21d1704688f69168de95d24fbf2060fdcb4b7afcc0fda9035906a8c565d,1,data/malware_images/images/njrat/c530a21d1704688f69168de95d24fbf2060fdcb4b7afcc0fda9035906a8c565d.png
c16fdd82e758c84b0ff262580eced07dc9cd31ed5522ceef8e19dae89012c1d8,0,data/benign_original/benign/c16fdd82e758c84b0ff262580eced07dc9cd31ed5522ceef8e19dae89012c1d8.png
b7499da4e5ef13884443d0d6de091d26ad1a82981b7aff0487135f5d9f54e6a5,0,data/benign_original/benign/b7499da4e5ef13884443d0d6de091d26ad1a82981b7aff0487135f5d9f54e6a5.png
3ed0c2f392e66a7f7c5baedf84b632ba2ac5bfa1c524ea1a084da34bc00f98e5,1,data/malware_images/images/Trickbot/3ed0c2f392e66a7f7c5baedf84b632ba2ac5bfa1c524ea1a084da34bc00f98e5.png
77bb9beb8318e0e3fd93efbb987a8109a83339e661437dbf2aa569a1ecbda8ec,1,data/malware_images/images/Trickbot/77bb9beb8318e0e3fd93efbb987a8109a83339e661437dbf2aa569a1ecbda8ec.png
bd1d2b4d6ac9ec8abda800be9b58b4c016a5aae50ffdc24379fe2f666191b095,0,data/benign_original/benign/bd1d2b4d6ac9ec8abda800be9b58b4c016a5aae50ffdc24379fe2f666191b095.png
ce81c92833af5988d16e298ba07c8a30870e8b642d338099accffd4eca9de01d,0,data/benign_original/benign/ce81c92833af5988d16e298ba07c8a30870e8b642d338099accffd4eca9de01d.png
66e164388672cc2a63fe9cf2b600c901a321dd7c8d8be421a7ad5a3ebca048c0,0,data/benign_original/benign/66e164388672cc2a63fe9cf2b600c901a321dd7c8d8be421a7ad5a3ebca048c0.png
58708f4f20813442260ac0983ad6edb8666c4173606debef497d546bec2b1a2a,1,data/malware_images/images/IcedID/58708f4f20813442260ac0983ad6edb8666c4173606debef497d546bec2b1a2a.png
85e5b1567f105a9c82956a6e2865594c5dab7b932a4835a927190445ab44ec28,0,data/benign_original/benign/85e5b1567f105a9c82956a6e2865594c5dab7b932a4835a927190445ab44ec28.png
d004e7f5a2683c2f991d18c6330dafba18acb0248c3274cdf1fe8296e69895ec,0,data/benign_original/benign/d004e7f5a2683c2f991d18c6330dafba18acb0248c3274cdf1fe8296e69895ec.png
425db7d95db0b2c050278e6c748baff4f22cc24a32942d37fc3b5f5ef2c09884,1,data/malware_images/images/GuLoader/425db7d95db0b2c050278e6c748baff4f22cc24a32942d37fc3b5f5ef2c09884.png
9a0b8d04aac91f001774fb5c66bc9ad34dcbf1bdddfa487979b513d8e2c23fe4,1,data/malware_images/images/njrat/9a0b8d04aac91f001774fb5c66bc9ad34dcbf1bdddfa487979b513d8e2c23fe4.png
e905d102585b22c6df04f219af5cbdbfa7bc165979e9788b62df6dcc165e10f4,0,data/benign_original/benign/e905d102585b22c6df04f219af5cbdbfa7bc165979e9788b62df6dcc165e10f4.png
92c9586c472eb0346e2e1423f5707e99667c7bb03f5497145b22fc1a9b3a9b77,1,data/malware_images/images/GuLoader/92c9586c472eb0346e2e1423f5707e99667c7bb03f5497145b22fc1a9b3a9b77.png
c688c6b0f5bd44c8d37e810000892ce8d0e2225f1dd04a92d454fd60c7cdc779,1,data/malware_images/images/GuLoader/c688c6b0f5bd44c8d37e810000892ce8d0e2225f1dd04a92d454fd60c7cdc779.png
fbb8557f73ab9a207bd67643fdcf9ae34527325d227c53707cebdf0d1c8c4658,0,data/benign_original/benign/fbb8557f73ab9a207bd67643fdcf9ae34527325d227c53707cebdf0d1c8c4658.png
0187e9e6a60bde3c0e8e67214e7a3e2166a4aede0dee2fd6852651f869be3fe1,1,data/malware_images/images/Gozi/0187e9e6a60bde3c0e8e67214e7a3e2166a4aede0dee2fd6852651f869be3fe1.png
eefa08d95fe3273638d5597cc1c51781412eaf87fa3e8d2877a56c8f22c7c973,1,data/malware_images/images/IcedID/eefa08d95fe3273638d5597cc1c51781412eaf87fa3e8d2877a56c8f22c7c973.png
dec79b3440d741c7b8f93a4b8d5acc79dc3cdd437ecbb7bdcd9a10c970a5408b,0,data/benign_original/benign/dec79b3440d741c7b8f93a4b8d5acc79dc3cdd437ecbb7bdcd9a10c970a5408b.png
e681c73a6417d56e035c9570d504848baa8abd0c790e8bd924a11a37d2754899,0,data/benign_original/benign/e681c73a6417d56e035c9570d504848baa8abd0c790e8bd924a11a37d2754899.png
786abb1408bb611030fba7e6e3e8f57d98e4744f7ba50e0fad5d534c14ac6be3,1,data/malware_images/images/Gozi/786abb1408bb611030fba7e6e3e8f57d98e4744f7ba50e0fad5d534c14ac6be3.png
eade048c41669333fc0754570f9b39683b6530e8079212c8568cad362ed9aa45,0,data/benign_original/benign/eade048c41669333fc0754570f9b39683b6530e8079212c8568cad362ed9aa45.png
cd48756e96740f84a2aacd6c308997a4a36a953cd77f50cb54c27915a5c5c302,0,data/benign_original/benign/cd48756e96740f84a2aacd6c308997a4a36a953cd77f50cb54c27915a5c5c302.png
ee01b01fbb047bbeabc6fd119ca91797f00bc7b59d8dab2c7f5a60e6b056972d,0,data/benign_original/benign/ee01b01fbb047bbeabc6fd119ca91797f00bc7b59d8dab2c7f5a60e6b056972d.png
c5c9b8c0e7f67e4d300a3d75d867ef1f179d7b408c3bdc28916c5085f02b1a77,0,data/benign_original/benign/c5c9b8c0e7f67e4d300a3d75d867ef1f179d7b408c3bdc28916c5085f02b1a77.png
0543a97e10bd3864b81a643c4b3ebe13f41272cec13da0a59f6d62c237e4e2cc,1,data/malware_images/images/Trickbot/0543a97e10bd3864b81a643c4b3ebe13f41272cec13da0a59f6d62c237e4e2cc.png
b6a28f12663e7530acaad346bf77762d891fe17847130a237c5983fba80b3f68,0,data/benign_original/benign/b6a28f12663e7530acaad346bf77762d891fe17847130a237c5983fba80b3f68.png
a0eb36acf241f41c4eaf49fa1d9d15aa5b1438ae7be2fa4ba22eafa43faf2a94,1,data/malware_images/images/njrat/a0eb36acf241f41c4eaf49fa1d9d15aa5b1438ae7be2fa4ba22eafa43faf2a94.png
90d3580e187b631a9150bbb4a640b84c6fa990437febdc42f687cc7b3ce1deac,1,data/malware_images/images/Gozi/90d3580e187b631a9150bbb4a640b84c6fa990437febdc42f687cc7b3ce1deac.png
e8a606e9d843fab1eb4e0dbe5887c53d4fdd53df4c165232e3adb52b0e104d96,0,data/benign_original/benign/e8a606e9d843fab1eb4e0dbe5887c53d4fdd53df4c165232e3adb52b0e104d96.png
c2fb53d0ed5c02cead96b0d1cc496598158b22e2454eb8c885b4456aa36cab6f,0,data/benign_original/benign/c2fb53d0ed5c02cead96b0d1cc496598158b22e2454eb8c885b4456aa36cab6f.png
fa26bd81285260967e3e85478ea4be76091a2513b8da36746dda8112b8708457,1,data/malware_images/images/Gozi/fa26bd81285260967e3e85478ea4be76091a2513b8da36746dda8112b8708457.png
ccb974c24ddfa7446278ca55fc8b236d0605d2caaf273db8390d1813fc70cd5b,0,data/benign_original/benign/ccb974c24ddfa7446278ca55fc8b236d0605d2caaf273db8390d1813fc70cd5b.png
b66b33393b54a2388af9198b8b6f38ddb4bc8fd40141819c8f1b6a6b97683eae,0,data/benign_original/benign/b66b33393b54a2388af9198b8b6f38ddb4bc8fd40141819c8f1b6a6b97683eae.png
d6d811768d315ac1fafcb356b040f522375192510a93ef94a5cfb22001a6de61,0,data/benign_original/benign/d6d811768d315ac1fafcb356b040f522375192510a93ef94a5cfb22001a6de61.png
cee1326dabbadfe29618dd0adb1618f4fccd9f1924d8e3944edf4ae04504ea1a,0,data/benign_original/benign/cee1326dabbadfe29618dd0adb1618f4fccd9f1924d8e3944edf4ae04504ea1a.png
bd0f479d25efdff29a2fb8724675d98ee2d557a1b5d8b555b2b39108f1a46ce0,0,data/benign_original/benign/bd0f479d25efdff29a2fb8724675d98ee2d557a1b5d8b555b2b39108f1a46ce0.png
7588c648467a20e9dc7e81fcb747904cba11cae72c9274a342950bd82093171d,1,data/malware_images/images/Trickbot/7588c648467a20e9dc7e81fcb747904cba11cae72c9274a342950bd82093171d.png
df4a6dd9e85e2599d3b6b3c47f0ca609ca8461a02c0e72aed5d8627e077386e8,0,data/benign_original/benign/df4a6dd9e85e2599d3b6b3c47f0ca609ca8461a02c0e72aed5d8627e077386e8.png
fc1574ecd38e5365e03b35d95619294561052554e40cb8f245ae5a686ad258f1,0,data/benign_original/benign/fc1574ecd38e5365e03b35d95619294561052554e40cb8f245ae5a686ad258f1.png
04d092351f3eb335d96df86dc1bdde977db38207ff9ceabeaf4b2a55522b9070,1,data/malware_images/images/IcedID/04d092351f3eb335d96df86dc1bdde977db38207ff9ceabeaf4b2a55522b9070.png
16a1928bf416ba93de69031fd4641d2026916b5798f715c36508538445f7d30b,1,data/malware_images/images/njrat/16a1928bf416ba93de69031fd4641d2026916b5798f715c36508538445f7d30b.png
db8614cba759ad1ece3160d80fb4538ba9be5ab6a65a9a8ce35f8acf6dc9359b,0,data/benign_original/benign/db8614cba759ad1ece3160d80fb4538ba9be5ab6a65a9a8ce35f8acf6dc9359b.png
8d3e20eec3066ae31bfec63dfc5def83ec3fb788456c18fd6f7cbec9d7689cd3,0,data/benign_original/benign/8d3e20eec3066ae31bfec63dfc5def83ec3fb788456c18fd6f7cbec9d7689cd3.png
11821d3169a9ba9204a98e24855299c83695155c9b2f03a94c3b046a97b9b855,1,data/malware_images/images/njrat/11821d3169a9ba9204a98e24855299c83695155c9b2f03a94c3b046a97b9b855.png
e734550a8d37ccb69a2aecd5e97c09588397db6f4383ee00a9f67848451562a0,0,data/benign_original/benign/e734550a8d37ccb69a2aecd5e97c09588397db6f4383ee00a9f67848451562a0.png
d911c86f32f1b14f9371a0a87b57d78a97b2a9971fd15fcf562957cdc5f81d64,0,data/benign_original/benign/d911c86f32f1b14f9371a0a87b57d78a97b2a9971fd15fcf562957cdc5f81d64.png
f4706bccffa5466c02b27239932abd82afb65a24fb04d14697644f8f9ddd5e6f,0,data/benign_original/benign/f4706bccffa5466c02b27239932abd82afb65a24fb04d14697644f8f9ddd5e6f.png
05b68547cddebd3ed640b6ad5d3bcedb6bc6f28655fc27e79a83158af135b774,1,data/malware_images/images/njrat/05b68547cddebd3ed640b6ad5d3bcedb6bc6f28655fc27e79a83158af135b774.png
aa7da7a2626283ac6f13814e42665a2875ec0ee1a0eb0b0d0e5ddf0de3a97ecd,1,data/malware_images/images/Trickbot/aa7da7a2626283ac6f13814e42665a2875ec0ee1a0eb0b0d0e5ddf0de3a97ecd.png
d0e73cedcbc7c221016cd5098c2c9d5ece599c59ce0935ae0bf2470efa344502,0,data/benign_original/benign/d0e73cedcbc7c221016cd5098c2c9d5ece599c59ce0935ae0bf2470efa344502.png
ca7c50311550cf18c758203e677f3e45277f5de65f2c214ee55f2efb77cbce0d,1,data/malware_images/images/IcedID/ca7c50311550cf18c758203e677f3e45277f5de65f2c214ee55f2efb77cbce0d.png
b863e60a104b7bb75a4ea0fd3a493cfe72c84ae8bf0cc4844554cf8afea0f77a,0,data/benign_original/benign/b863e60a104b7bb75a4ea0fd3a493cfe72c84ae8bf0cc4844554cf8afea0f77a.png
b0fedb5fc4232c07ff1161ddcc830cf11596ba2653cc7cea1d5666b4bab1f276,1,data/malware_images/images/njrat/b0fedb5fc4232c07ff1161ddcc830cf11596ba2653cc7cea1d5666b4bab1f276.png
c08e4f1b081a4c270c9e71877232f983a47f148f214df1cb9ff5ef529ad0b848,1,data/malware_images/images/IcedID/c08e4f1b081a4c270c9e71877232f983a47f148f214df1cb9ff5ef529ad0b848.png
e912bd8aa72fdcf9c6c705e449e25291bd9aa9a44317ac0e58c18a353b20f82e,0,data/benign_original/benign/e912bd8aa72fdcf9c6c705e449e25291bd9aa9a44317ac0e58c18a353b20f82e.png
e0dc050159ebc3317df0bd772b8b7db08550cfa9dc57133d6dfb8299dc629f74,0,data/benign_original/benign/e0dc050159ebc3317df0bd772b8b7db08550cfa9dc57133d6dfb8299dc629f74.png
31be15bca048be274cf57fe357a7fe192fdf045cd2c93c2e13a42972db30ddf8,1,data/malware_images/images/njrat/31be15bca048be274cf57fe357a7fe192fdf045cd2c93c2e13a42972db30ddf8.png
d80086610ee350980055cde63e2803c7bb4846ba8098c8d48d84ab3c44e85bb0,0,data/benign_original/benign/d80086610ee350980055cde63e2803c7bb4846ba8098c8d48d84ab3c44e85bb0.png
d5ccf9039136d23649240cd3879f6e9d40dae0dff2a5cfcdefc8535f93587c38,1,data/malware_images/images/Gozi/d5ccf9039136d23649240cd3879f6e9d40dae0dff2a5cfcdefc8535f93587c38.png
393f233a22192181d83dfb79819f5ff2975a58a4d5bf147703301beecf9d60ce,1,data/malware_images/images/njrat/393f233a22192181d83dfb79819f5ff2975a58a4d5bf147703301beecf9d60ce.png
ff87844648c0e1da40aea7bb418bb8b2011f5c55f7a6c3d43228e3c0cf5c33b8,1,data/malware_images/images/IcedID/ff87844648c0e1da40aea7bb418bb8b2011f5c55f7a6c3d43228e3c0cf5c33b8.png
7f7c4f226cfdced09a0b80d449489c10f037b089c82f631ebaada1735207bc25,1,data/malware_images/images/Heodo/7f7c4f226cfdced09a0b80d449489c10f037b089c82f631ebaada1735207bc25.png
bb9fe4a327d212aabedcdc7e133e0994eddbde53612750320a53948d5f627597,0,data/benign_original/benign/bb9fe4a327d212aabedcdc7e133e0994eddbde53612750320a53948d5f627597.png
935f91831660ee71d2c279cca8608a00c9095ab4b25e1d46502f8888c4947a01,1,data/malware_images/images/njrat/935f91831660ee71d2c279cca8608a00c9095ab4b25e1d46502f8888c4947a01.png
218492484161b023b855004ffaa7e235a14f6444d6c616e7ac465191e44156c0,0,data/benign_original/benign/218492484161b023b855004ffaa7e235a14f6444d6c616e7ac465191e44156c0.png
c6b7b2ad7742dde5dd8d1a35fdc1c185e586e551ad9c74d3fb21759cd8ca4da8,0,data/benign_original/benign/c6b7b2ad7742dde5dd8d1a35fdc1c185e586e551ad9c74d3fb21759cd8ca4da8.png
3930e11d2024ec1b8ce53ec3d2ac1ef79a96f03d0cb319ed82cadc8990bb3b27,1,data/malware_images/images/IcedID/3930e11d2024ec1b8ce53ec3d2ac1ef79a96f03d0cb319ed82cadc8990bb3b27.png
5ded803a1ddcaece5aa36264aa3f1c1f98c8fc54cf1ff8215127c7a444b45484,1,data/malware_images/images/Trickbot/5ded803a1ddcaece5aa36264aa3f1c1f98c8fc54cf1ff8215127c7a444b45484.png
0c9baed0badb2431a9b173609d3990ccbba7cba4455ba0e8ebe6267d8b4ae3ef,0,data/benign_original/benign/0c9baed0badb2431a9b173609d3990ccbba7cba4455ba0e8ebe6267d8b4ae3ef.png
fa741b6470a9b6487881cd10a4f13faf226260fb9ada84b8c2cb145a595c230b,0,data/benign_original/benign/fa741b6470a9b6487881cd10a4f13faf226260fb9ada84b8c2cb145a595c230b.png
f9d541bb554f9dc0df3a28e6c4eab0e0d426770521a2d30a80ff3559787f87c0,0,data/benign_original/benign/f9d541bb554f9dc0df3a28e6c4eab0e0d426770521a2d30a80ff3559787f87c0.png
c532c516703be218a4a421b3488b588cf8636cf24bf070610f2021ef6ebe5a56,0,data/benign_original/benign/c532c516703be218a4a421b3488b588cf8636cf24bf070610f2021ef6ebe5a56.png
29ae907901b116a8d656672706e9f3f9467c84c914c47a65176c6a2e9a428ffe,0,data/benign_original/benign/29ae907901b116a8d656672706e9f3f9467c84c914c47a65176c6a2e9a428ffe.png
f8bfadc869da5c87fde870c0282bb9a7d104e27583fbea9a6f5b7e34ffea8a55,0,data/benign_original/benign/f8bfadc869da5c87fde870c0282bb9a7d104e27583fbea9a6f5b7e34ffea8a55.png
e04d6e71187d48e516364df5e1d57005cf6d3bf581510ef944ae7f7480693a58,1,data/malware_images/images/njrat/e04d6e71187d48e516364df5e1d57005cf6d3bf581510ef944ae7f7480693a58.png
cceaad345bc5e688b1a6183f14ed42a870866bf1861452e522ed5e4356a8e035,1,data/malware_images/images/njrat/cceaad345bc5e688b1a6183f14ed42a870866bf1861452e522ed5e4356a8e035.png
f586880e7c2d2991e4cc097fd515c0578af818ba1f57ece0dba2c8626161d22d,1,data/malware_images/images/njrat/f586880e7c2d2991e4cc097fd515c0578af818ba1f57ece0dba2c8626161d22d.png
fb1b29768e74d69b9dd3fa70f5fde51d2796ca5112d3f016afda5b6644bbae5e,0,data/benign_original/benign/fb1b29768e74d69b9dd3fa70f5fde51d2796ca5112d3f016afda5b6644bbae5e.png
d591c1fa5490022d011d0babc427cfc0576c56c153d48b3c8d55e25296a16660,0,data/benign_original/benign/d591c1fa5490022d011d0babc427cfc0576c56c153d48b3c8d55e25296a16660.png
d3d81d73dafe8f4416dcdef8e953026952c048fea3020d196260b33e693d85e1,0,data/benign_original/benign/d3d81d73dafe8f4416dcdef8e953026952c048fea3020d196260b33e693d85e1.png
72eb2dc730e3574dcb204d37fcfb35cf91bacd8087d6028d743cb0992c874244,1,data/malware_images/images/GuLoader/72eb2dc730e3574dcb204d37fcfb35cf91bacd8087d6028d743cb0992c874244.png
dc66843f5a304362179f9fe4ca1a1d0b1249934e545c303c3ee353d061dd0ffa,0,data/benign_original/benign/dc66843f5a304362179f9fe4ca1a1d0b1249934e545c303c3ee353d061dd0ffa.png
0a9055100b10ba145a65334aa2b316bc30722cd75539c6dcca168da6263040a6,1,data/malware_images/images/GuLoader/0a9055100b10ba145a65334aa2b316bc30722cd75539c6dcca168da6263040a6.png
50b55b6f0ece35b30db3ceac5a06c37a39141d4419dac0c2b08cb6fd4de15dcb,1,data/malware_images/images/IcedID/50b55b6f0ece35b30db3ceac5a06c37a39141d4419dac0c2b08cb6fd4de15dcb.png
e61735cbe73e4866541627b83817896cb0a3e5232c88cd5f4fb2e2c27295620e,1,data/malware_images/images/Gozi/e61735cbe73e4866541627b83817896cb0a3e5232c88cd5f4fb2e2c27295620e.png
a22f5cc6371cf993cac40f066a86d758227265c9454b5c06de175b17e17f9b1c,0,data/benign_original/benign/a22f5cc6371cf993cac40f066a86d758227265c9454b5c06de175b17e17f9b1c.png
542f8e3aa22902147d0f12d7ad7c57ea968650564d1db993970058d06a5f2d71,1,data/malware_images/images/Gozi/542f8e3aa22902147d0f12d7ad7c57ea968650564d1db993970058d06a5f2d71.png
7512d31675594b4ba15d50b7d6a20de23a7406d22123ee7fd9165d9980c8e304,1,data/malware_images/images/Trickbot/7512d31675594b4ba15d50b7d6a20de23a7406d22123ee7fd9165d9980c8e304.png
f7e62e7c24289f5af6e280ad51bedc5bc82d0fafc98a2fdf7a846668264df28c,0,data/benign_original/benign/f7e62e7c24289f5af6e280ad51bedc5bc82d0fafc98a2fdf7a846668264df28c.png
f12cfd75e4480755d912a14b1d8f87b3334be19d84e8d5831b3a803f97875e1c,0,data/benign_original/benign/f12cfd75e4480755d912a14b1d8f87b3334be19d84e8d5831b3a803f97875e1c.png
1ef419552f20d5ec277c1017a083d5b7cc77cc619a8944283fd7fb24e58a6557,1,data/malware_images/images/Trickbot/1ef419552f20d5ec277c1017a083d5b7cc77cc619a8944283fd7fb24e58a6557.png
a474de3c80ff2a299a39ec48acb5d02fd383a38730c6612c0af64ceaa3b5725f,1,data/malware_images/images/Trickbot/a474de3c80ff2a299a39ec48acb5d02fd383a38730c6612c0af64ceaa3b5725f.png
cfbfa5f909903aa3fe08d2f41a08f7fb8934534ecd6ab87034bf589c087d315e,0,data/benign_original/benign/cfbfa5f909903aa3fe08d2f41a08f7fb8934534ecd6ab87034bf589c087d315e.png
d4d8e5b32e519ad4738dca8e09ef70b0c971f366b7055b4af5cf61da3f3536f5,0,data/benign_original/benign/d4d8e5b32e519ad4738dca8e09ef70b0c971f366b7055b4af5cf61da3f3536f5.png
9578342358ff79b911163d709a9dc19cad65102a33405db7f97d6f26322866bd,0,data/benign_original/benign/9578342358ff79b911163d709a9dc19cad65102a33405db7f97d6f26322866bd.png
4d7278b3235e2993e277b03fc8153ca2581d7806d4178fd6cae412468da9b113,0,data/benign_original/benign/4d7278b3235e2993e277b03fc8153ca2581d7806d4178fd6cae412468da9b113.png
7f950bc31a7a30c03b8e703b1f59673a787674452e9c258e8343f9504486a559,1,data/malware_images/images/GuLoader/7f950bc31a7a30c03b8e703b1f59673a787674452e9c258e8343f9504486a559.png
c9cbcec4b7cdb9c9dca4de1795e95ce4f4e74b263814b4424d70a76b17f85104,0,data/benign_original/benign/c9cbcec4b7cdb9c9dca4de1795e95ce4f4e74b263814b4424d70a76b17f85104.png
d7cd850cfe80c3bca0965cb54a0b6ed253c84e73a6024e9fb28e8dc566d64bda,0,data/benign_original/benign/d7cd850cfe80c3bca0965cb54a0b6ed253c84e73a6024e9fb28e8dc566d64bda.png
1d916a05e07aa61bb84504cd7cf70e920549dde98a3eafebfde3e13d3137df24,1,data/malware_images/images/IcedID/1d916a05e07aa61bb84504cd7cf70e920549dde98a3eafebfde3e13d3137df24.png
49545ac232947f35d2a9e0e32bd8c106f188b2b4fe412f6a492af3ee928fbd5e,1,data/malware_images/images/IcedID/49545ac232947f35d2a9e0e32bd8c106f188b2b4fe412f6a492af3ee928fbd5e.png
dd3dc55eb2d0667d600f00aee4493bd55cebdd878fc5f90aa37dc17753f910d9,0,data/benign_original/benign/dd3dc55eb2d0667d600f00aee4493bd55cebdd878fc5f90aa37dc17753f910d9.png
a32942109763f13605823aba9241a0b1b4f0feed87141a136d796dd6535d25f8,1,data/malware_images/images/Gozi/a32942109763f13605823aba9241a0b1b4f0feed87141a136d796dd6535d25f8.png
e2a833ff62e249ac55f7c8b303dde50a46abcd4f5086c3c24ecd6d4d20a974b8,0,data/benign_original/benign/e2a833ff62e249ac55f7c8b303dde50a46abcd4f5086c3c24ecd6d4d20a974b8.png
6f06cf7295e9301a4358854569f7d53dcf77319a94a76b45e60ebc72b88c2087,1,data/malware_images/images/GuLoader/6f06cf7295e9301a4358854569f7d53dcf77319a94a76b45e60ebc72b88c2087.png
9151ccd149d7b0df138c7ed93e565fc2db3e531b135384f4f479627b944c1da8,1,data/malware_images/images/IcedID/9151ccd149d7b0df138c7ed93e565fc2db3e531b135384f4f479627b944c1da8.png
ab70b9ea05c74109550a361fe87229667204e610d5717aa00e7edbf2fdcef510,1,data/malware_images/images/njrat/ab70b9ea05c74109550a361fe87229667204e610d5717aa00e7edbf2fdcef510.png
d09b28044abfb507aa6b79ddd742cb4cd4abf3cef6e0e40bb6cebca2a8cb8fc3,0,data/benign_original/benign/d09b28044abfb507aa6b79ddd742cb4cd4abf3cef6e0e40bb6cebca2a8cb8fc3.png
6fb77f025210f6eafed61a9216a3d9df986d352a5594f62547990fc0880e6e43,1,data/malware_images/images/GuLoader/6fb77f025210f6eafed61a9216a3d9df986d352a5594f62547990fc0880e6e43.png
63a6ac8758577828923bee61a30dc4ddbc6e2a624ed1f3348595a6fd29a41974,1,data/malware_images/images/GuLoader/63a6ac8758577828923bee61a30dc4ddbc6e2a624ed1f3348595a6fd29a41974.png
fa32a99237813c4d23ff4c8316fead97b80694011e9cdfc55bf39e01c9041471,0,data/benign_original/benign/fa32a99237813c4d23ff4c8316fead97b80694011e9cdfc55bf39e01c9041471.png
9a38991461288014473dd1d6de00238a69d14ff36bc5a555ac4d88479da1e0af,0,data/benign_original/benign/9a38991461288014473dd1d6de00238a69d14ff36bc5a555ac4d88479da1e0af.png
8b42292720589ce90e3d4b6d2eed1dab9f8f46827bf424975901902ccb6441ad,0,data/benign_original/benign/8b42292720589ce90e3d4b6d2eed1dab9f8f46827bf424975901902ccb6441ad.png
59202b2d72c032c170a1cdf7b42636f4c0d19a1eb846b97214fd02af8de8409f,1,data/malware_images/images/njrat/59202b2d72c032c170a1cdf7b42636f4c0d19a1eb846b97214fd02af8de8409f.png
c29c1ff179ff4f46ef914601e5223dc3f4c1ba391ae34d14b69cb24cde0c76d0,0,data/benign_original/benign/c29c1ff179ff4f46ef914601e5223dc3f4c1ba391ae34d14b69cb24cde0c76d0.png
20e3dc90a3e83b6202e2a7f4603b60e5e859639cb68693426c400b13aaeabd78,0,data/benign_original/benign/20e3dc90a3e83b6202e2a7f4603b60e5e859639cb68693426c400b13aaeabd78.png
f14431824c13d5a4c8091cd4b8774f353a17d42927c9944260652c223ea76a61,0,data/benign_original/benign/f14431824c13d5a4c8091cd4b8774f353a17d42927c9944260652c223ea76a61.png
32254603a1a2c2fd61ff9e9edd50bad88096f2d8e2e7abc0f24639ee687b1ffc,1,data/malware_images/images/Trickbot/32254603a1a2c2fd61ff9e9edd50bad88096f2d8e2e7abc0f24639ee687b1ffc.png
a949a372d364a5043427eb1577c008168da96d8aaf6384169324c6826d579e2f,1,data/malware_images/images/njrat/a949a372d364a5043427eb1577c008168da96d8aaf6384169324c6826d579e2f.png
ea34357041fdfa7f47c065bd91bcaceac1a7dad60a434b15ce9d53fe5c79398f,0,data/benign_original/benign/ea34357041fdfa7f47c065bd91bcaceac1a7dad60a434b15ce9d53fe5c79398f.png
dcb5d275f67264d2a6ba2429d46561fe284d3abf1e12c5f600424e0189cfd5d3,0,data/benign_original/benign/dcb5d275f67264d2a6ba2429d46561fe284d3abf1e12c5f600424e0189cfd5d3.png
e4b533a94e02c574780e4b333fcf0889f65ed00d39e32c0fbbda2116f185873f,0,data/benign_original/benign/e4b533a94e02c574780e4b333fcf0889f65ed00d39e32c0fbbda2116f185873f.png
822274ca6ca55e83e10c5c9f246a84c7cfb96851d38d78a2270e735fbd048c5e,0,data/benign_original/benign/822274ca6ca55e83e10c5c9f246a84c7cfb96851d38d78a2270e735fbd048c5e.png
708b92054e5c018985fd1893be204bf93037af33ceedef043865d8d0728238b7,1,data/malware_images/images/Gozi/708b92054e5c018985fd1893be204bf93037af33ceedef043865d8d0728238b7.png
558bbf4ebdadef33fbbdd72fc6f6dd2a7ea30d04f695bbc2e449a662352d048f,1,data/malware_images/images/njrat/558bbf4ebdadef33fbbdd72fc6f6dd2a7ea30d04f695bbc2e449a662352d048f.png
aaa78177b4da93fbc0c41d864470b4b9408ba36476dd07b6365f35f71ed63c36,1,data/malware_images/images/Gozi/aaa78177b4da93fbc0c41d864470b4b9408ba36476dd07b6365f35f71ed63c36.png
d2a19f169f78955014f2308c5257facb6e9745573ed33aeeddf52557452595ba,1,data/malware_images/images/IcedID/d2a19f169f78955014f2308c5257facb6e9745573ed33aeeddf52557452595ba.png
fcf2370b21418d4dead8209767c516ee8b074a093f97551edfa72979318e2b87,0,data/benign_original/benign/fcf2370b21418d4dead8209767c516ee8b074a093f97551edfa72979318e2b87.png
bfe689c68b0d786c674cc6a42f9a7b83de7c5d48c007856896affade6623f44f,0,data/benign_original/benign/bfe689c68b0d786c674cc6a42f9a7b83de7c5d48c007856896affade6623f44f.png
e862f329258d9675a3067e45e0a747a64be6db5857694f9d82ddaf548beab970,0,data/benign_original/benign/e862f329258d9675a3067e45e0a747a64be6db5857694f9d82ddaf548beab970.png
fdb824ef08ce26ac90261fa1360859e8aaa9e355604af61ef71d8cefe27092fa,0,data/benign_original/benign/fdb824ef08ce26ac90261fa1360859e8aaa9e355604af61ef71d8cefe27092fa.png
d219c98a92215ffc04f260b24b85b425b5a0ee32a3b60f4bcf99bd1c13a5f4c8,0,data/benign_original/benign/d219c98a92215ffc04f260b24b85b425b5a0ee32a3b60f4bcf99bd1c13a5f4c8.png
ec856c6ac203d1a4d686fe0387e07f2488818e5318882a797a6d3d87300c6669,0,data/benign_original/benign/ec856c6ac203d1a4d686fe0387e07f2488818e5318882a797a6d3d87300c6669.png
c87e404f87473e9b57ada5fd261dca75fa2485256c6c45fcd12c80b0cd836f85,0,data/benign_original/benign/c87e404f87473e9b57ada5fd261dca75fa2485256c6c45fcd12c80b0cd836f85.png
c845d091a060520675309673246e766d1e61bd90ee0e46e1ba46fc08e1cd1ead,1,data/malware_images/images/GuLoader/c845d091a060520675309673246e766d1e61bd90ee0e46e1ba46fc08e1cd1ead.png
f5c8bac7c9e7816dbcb4259ad9f74fd838cb19116320a1fddd05b062fb574dd8,0,data/benign_original/benign/f5c8bac7c9e7816dbcb4259ad9f74fd838cb19116320a1fddd05b062fb574dd8.png
da9d68aaba023a0c81097b5030282bd482304e117fccf5b57ceaab15e06a7018,0,data/benign_original/benign/da9d68aaba023a0c81097b5030282bd482304e117fccf5b57ceaab15e06a7018.png
d929cb4aba6446c52dd3754287aa058743d219290fad93906756c550d55d5335,0,data/benign_original/benign/d929cb4aba6446c52dd3754287aa058743d219290fad93906756c550d55d5335.png
9776d6321771a3d00c6e5f1eefaef41103936569963a61b6b321d1ee1ae06263,0,data/benign_original/benign/9776d6321771a3d00c6e5f1eefaef41103936569963a61b6b321d1ee1ae06263.png
f7327bbcfb91c63b7c6982f79770dafc966c14a825fff173d1e5936bb7d71a80,0,data/benign_original/benign/f7327bbcfb91c63b7c6982f79770dafc966c14a825fff173d1e5936bb7d71a80.png
b6f9770ecd6fef3a5189fa2a8fbe8117b0dbbe35bebc5ee9b793fa6c9bd28e38,0,data/benign_original/benign/b6f9770ecd6fef3a5189fa2a8fbe8117b0dbbe35bebc5ee9b793fa6c9bd28e38.png
cb74dee42632148ae96441e6f4098047c6bb17e4825d6445f566c9b3d432de5a,0,data/benign_original/benign/cb74dee42632148ae96441e6f4098047c6bb17e4825d6445f566c9b3d432de5a.png
cf06cf8c0bf2be6e8bfacab7d82ace909216ba729df1315c03b4f04777534450,0,data/benign_original/benign/cf06cf8c0bf2be6e8bfacab7d82ace909216ba729df1315c03b4f04777534450.png
2e92d98fecb9edec0ef64d5441894b316f97755344e365460c463dd9dfebe775,1,data/malware_images/images/Gozi/2e92d98fecb9edec0ef64d5441894b316f97755344e365460c463dd9dfebe775.png
72b335e93b3655a212f5f6a977e9760b112fcd557d9dc1cd2026125d9caa6204,1,data/malware_images/images/GuLoader/72b335e93b3655a212f5f6a977e9760b112fcd557d9dc1cd2026125d9caa6204.png
ba27536db363cf3a604908ecd21ca5b81b0b20e3f6f0447628b82e34240ae67a,1,data/malware_images/images/njrat/ba27536db363cf3a604908ecd21ca5b81b0b20e3f6f0447628b82e34240ae67a.png
e30001c350daa6f046df51266ecd951e1e438f0d79b09d045cbe86f9b8506877,1,data/malware_images/images/IcedID/e30001c350daa6f046df51266ecd951e1e438f0d79b09d045cbe86f9b8506877.png
e265bbf3f727ff892423b3e24b5368ab4f694c86334bf68ae62ff20dfd7ce5b6,1,data/malware_images/images/GuLoader/e265bbf3f727ff892423b3e24b5368ab4f694c86334bf68ae62ff20dfd7ce5b6.png
c749df60bdfc14b32882785604bd122b7af1640ca5d51839b74324999d93af19,0,data/benign_original/benign/c749df60bdfc14b32882785604bd122b7af1640ca5d51839b74324999d93af19.png
4b9c636319829a3520de0d883dbdd5c6551351b0500f13c485332e32d218bf31,1,data/malware_images/images/njrat/4b9c636319829a3520de0d883dbdd5c6551351b0500f13c485332e32d218bf31.png
967ea109385c23aa2c0a841295eb33b1f25d25b836903cbabe33a9c1fb2ee267,1,data/malware_images/images/GuLoader/967ea109385c23aa2c0a841295eb33b1f25d25b836903cbabe33a9c1fb2ee267.png
e49b1d862fc8afa0065dd2ec6bc8c8a0d0922bc4c7243645a11abdbe47ceb631,0,data/benign_original/benign/e49b1d862fc8afa0065dd2ec6bc8c8a0d0922bc4c7243645a11abdbe47ceb631.png
c99347a9ccba228445311db4a00dff6ee85a6f6730ef085ef929523324fc7fe4,1,data/malware_images/images/Trickbot/c99347a9ccba228445311db4a00dff6ee85a6f6730ef085ef929523324fc7fe4.png
eb5714935f07a4cdf4b1a5842d2bfd35050cc124837957bee0a48cf810a9058d,0,data/benign_original/benign/eb5714935f07a4cdf4b1a5842d2bfd35050cc124837957bee0a48cf810a9058d.png
70675a4cf1d467e2fea9e25dc63ef9c1ac3a6211c49fcb4a7d9377bac564193f,1,data/malware_images/images/Gozi/70675a4cf1d467e2fea9e25dc63ef9c1ac3a6211c49fcb4a7d9377bac564193f.png
eab4838f96c662b999db1371d3b03c498788f499a11033a80b5274863e6ccbd4,1,data/malware_images/images/Trickbot/eab4838f96c662b999db1371d3b03c498788f499a11033a80b5274863e6ccbd4.png
fef2c3661653b6c1f2a27713f2c16ea6dba5fd37977b6e1d7a5e85af9043af48,0,data/benign_original/benign/fef2c3661653b6c1f2a27713f2c16ea6dba5fd37977b6e1d7a5e85af9043af48.png
e2780cc3fd45975874b54af0935971ad312e6dcfaa4a9f262867b4d17ad1aae7,0,data/benign_original/benign/e2780cc3fd45975874b54af0935971ad312e6dcfaa4a9f262867b4d17ad1aae7.png
fed9e44ddb370d622427fbda5d67440fb3435f1461f8c3331ffff1e1abba560b,1,data/malware_images/images/GuLoader/fed9e44ddb370d622427fbda5d67440fb3435f1461f8c3331ffff1e1abba560b.png
1c0778a3db31ee325573b62590df7de2db9b474cd1cc20bbf79f50a5e74b5824,1,data/malware_images/images/Heodo/1c0778a3db31ee325573b62590df7de2db9b474cd1cc20bbf79f50a5e74b5824.png
eb72e1689851154dbba45fa416b9a8eb3e77ac954eec6c5836a5fba7cbc32809,0,data/benign_original/benign/eb72e1689851154dbba45fa416b9a8eb3e77ac954eec6c5836a5fba7cbc32809.png
fa315b06249e3c2de10394bef1d9482ca0845a47143a45ad25b8d23b1d4a9dfa,1,data/malware_images/images/Gozi/fa315b06249e3c2de10394bef1d9482ca0845a47143a45ad25b8d23b1d4a9dfa.png
d1a55061bcb42f69b7cf35e2985d48e30c7a90f0bc668e90390f465b36bd0161,0,data/benign_original/benign/d1a55061bcb42f69b7cf35e2985d48e30c7a90f0bc668e90390f465b36bd0161.png
f0a9af89b81cc667bdd486880cb5d6436636ae44289a425bd4772dc235702408,0,data/benign_original/benign/f0a9af89b81cc667bdd486880cb5d6436636ae44289a425bd4772dc235702408.png
399ab46808ea5f38e32fe482bb4d632d4942d6ee00e9846fbe26e8996c4c6cc5,1,data/malware_images/images/Gozi/399ab46808ea5f38e32fe482bb4d632d4942d6ee00e9846fbe26e8996c4c6cc5.png
f5511b10a3ba531b7f56151734bd6f90d16d858d3a433b0d6f7abf4d651a1edc,0,data/benign_original/benign/f5511b10a3ba531b7f56151734bd6f90d16d858d3a433b0d6f7abf4d651a1edc.png
b468c36a35c22ab67f379b5243c748b7cceef51b763bbe6af9bde64790765fea,1,data/malware_images/images/njrat/b468c36a35c22ab67f379b5243c748b7cceef51b763bbe6af9bde64790765fea.png
9398d1ad2a5aaf2d85a84262dbd31a637efc49d3eabfd6eddefc00dd2593bc9e,1,data/malware_images/images/njrat/9398d1ad2a5aaf2d85a84262dbd31a637efc49d3eabfd6eddefc00dd2593bc9e.png
c95480832ae82e143bf7d0757310feda61a9b5ee0964b7040c4c662ab03daf1f,0,data/benign_original/benign/c95480832ae82e143bf7d0757310feda61a9b5ee0964b7040c4c662ab03daf1f.png
ba50319cb962a805a2ee36041c033ae720272176bf73a75937d5a40dec79612b,1,data/malware_images/images/Trickbot/ba50319cb962a805a2ee36041c033ae720272176bf73a75937d5a40dec79612b.png
a9e0729527f5db3a12dd4178a6d1236fe6d6fbebc092b8eb21a42942a619ff99,1,data/malware_images/images/njrat/a9e0729527f5db3a12dd4178a6d1236fe6d6fbebc092b8eb21a42942a619ff99.png
b4a045535f244c5ff4a0e323df1bb77a70ed24bd54c4468a64b021e69eef92c4,0,data/benign_original/benign/b4a045535f244c5ff4a0e323df1bb77a70ed24bd54c4468a64b021e69eef92c4.png
eacb41e4165edec268236859c182104743e4faa962828ad697e1aaf2111a8a64,0,data/benign_original/benign/eacb41e4165edec268236859c182104743e4faa962828ad697e1aaf2111a8a64.png
65c7672903a95032843cea3a9b0f1dca81a491e54f9808e848b8186272180310,0,data/benign_original/benign/65c7672903a95032843cea3a9b0f1dca81a491e54f9808e848b8186272180310.png
1b1cdda185cc1eda6a0d2ad955e376fc8e32224ddbf0518b084b31c7c8488ea9,1,data/malware_images/images/Gozi/1b1cdda185cc1eda6a0d2ad955e376fc8e32224ddbf0518b084b31c7c8488ea9.png
b9adf482dd33d6a3eb0c994f4d50f023c12e978cbda959dc0ababf0c9fde2d9a,1,data/malware_images/images/Gozi/b9adf482dd33d6a3eb0c994f4d50f023c12e978cbda959dc0ababf0c9fde2d9a.png
f0f2e28f8e9a01522a72cb6bd45785dd71ecb953d2205e385e968d2d5dad0238,0,data/benign_original/benign/f0f2e28f8e9a01522a72cb6bd45785dd71ecb953d2205e385e968d2d5dad0238.png
bc7d846b7c1e9993e3ce082c7a26bb8031ccaf9ab953c79d4ec25d763d0af084,0,data/benign_original/benign/bc7d846b7c1e9993e3ce082c7a26bb8031ccaf9ab953c79d4ec25d763d0af084.png
ef55c89c74fcc67f713e70e2523fcaaedccc5af4e5909acc463d7750e98ca30c,0,data/benign_original/benign/ef55c89c74fcc67f713e70e2523fcaaedccc5af4e5909acc463d7750e98ca30c.png
f8c98bc0a58ee12ab10a3ac3277f77fed484ae54654f5fad7aca0f4a54d8d160,0,data/benign_original/benign/f8c98bc0a58ee12ab10a3ac3277f77fed484ae54654f5fad7aca0f4a54d8d160.png
b4d3be641b7c782b780e6e7d84db7f1b9d99b9d538684257166562f857ebc79e,0,data/benign_original/benign/b4d3be641b7c782b780e6e7d84db7f1b9d99b9d538684257166562f857ebc79e.png
92e2fca0eadfe77e1df43a7057501371fffd9da1ea71be9afb80eaa4e615de38,1,data/malware_images/images/Trickbot/92e2fca0eadfe77e1df43a7057501371fffd9da1ea71be9afb80eaa4e615de38.png
ccaa3d075eca8fa00e6e9fa2a11ef66558ff56fa402bed83b62d6c410acad4a4,1,data/malware_images/images/Trickbot/ccaa3d075eca8fa00e6e9fa2a11ef66558ff56fa402bed83b62d6c410acad4a4.png
c372369ede10c6ee658e1a941b884f62baf937d2b5fb0dc3b67b6f2d52ec9b45,0,data/benign_original/benign/c372369ede10c6ee658e1a941b884f62baf937d2b5fb0dc3b67b6f2d52ec9b45.png
d2218d3ee75279b19eb493d6c90adcbcb43be1f30cf121a5a201b43be4cae07e,0,data/benign_original/benign/d2218d3ee75279b19eb493d6c90adcbcb43be1f30cf121a5a201b43be4cae07e.png
f43ab3678a3ac3865c092b4ffc7fca56746262cd9fc4f72b4a833790a986592d,1,data/malware_images/images/GuLoader/f43ab3678a3ac3865c092b4ffc7fca56746262cd9fc4f72b4a833790a986592d.png
61f9dcdfdfff63894a2520134b87ae8f29a5738958db7d3f80b64abafce9e9fd,1,data/malware_images/images/njrat/61f9dcdfdfff63894a2520134b87ae8f29a5738958db7d3f80b64abafce9e9fd.png
a5b6deb455845311db511677ae3674dfc4a7d506d5a84fb0dc6c229230028e15,0,data/benign_original/benign/a5b6deb455845311db511677ae3674dfc4a7d506d5a84fb0dc6c229230028e15.png
689290a8b842a0fd09f5ce00654d64d70d0be3e19e2ca60d5dd3d199d3e09054,1,data/malware_images/images/njrat/689290a8b842a0fd09f5ce00654d64d70d0be3e19e2ca60d5dd3d199d3e09054.png
aa7590338047238d9425d9a72fdfcc1a24edf0f3b06c07676a12452dfc94eb60,1,data/malware_images/images/Gozi/aa7590338047238d9425d9a72fdfcc1a24edf0f3b06c07676a12452dfc94eb60.png
d88bc18c0a5158a9ab764e80fae23f7792dc4ba823b2401767352b5d08f6ead4,0,data/benign_original/benign/d88bc18c0a5158a9ab764e80fae23f7792dc4ba823b2401767352b5d08f6ead4.png
f1241f815d809d63b4ad09b124d9fe3e70eeb2999df44becbc419f1928e2161e,0,data/benign_original/benign/f1241f815d809d63b4ad09b124d9fe3e70eeb2999df44becbc419f1928e2161e.png
39ec40864c475ee1634b2aedf37e0e7d2a9e27cbd1e3a6c9e357537c49165961,0,data/benign_original/benign/39ec40864c475ee1634b2aedf37e0e7d2a9e27cbd1e3a6c9e357537c49165961.png
236ce18355976917cfab8d676b56c10be6a174dcb91b944b058131e074d9fbf3,1,data/malware_images/images/Gozi/236ce18355976917cfab8d676b56c10be6a174dcb91b944b058131e074d9fbf3.png
cf0f39dcd356bc0e4564bc5eaddc88120ff9e90d3ce20eeeaeae0024fd994228,0,data/benign_original/benign/cf0f39dcd356bc0e4564bc5eaddc88120ff9e90d3ce20eeeaeae0024fd994228.png
b2ad552e53778bb3be8f1b494fe678850e0024ab3f38c4f35a250f058f281b77,0,data/benign_original/benign/b2ad552e53778bb3be8f1b494fe678850e0024ab3f38c4f35a250f058f281b77.png
f291bed7451bf2485250b3ebeed132e7f56712d856b316b6fb8f88a4a205d0a3,1,data/malware_images/images/IcedID/f291bed7451bf2485250b3ebeed132e7f56712d856b316b6fb8f88a4a205d0a3.png
1b70916e2d3e600ed8f1bb48d9b784669e5c77b9129befb0609425f91880192c,1,data/malware_images/images/Trickbot/1b70916e2d3e600ed8f1bb48d9b784669e5c77b9129befb0609425f91880192c.png
7658b34b60b7762b6f7e3800ba71eb37a7ea1abe59bdf5ff645c7dbe954b0138,0,data/benign_original/benign/7658b34b60b7762b6f7e3800ba71eb37a7ea1abe59bdf5ff645c7dbe954b0138.png
202bec0f63167ed57fcb55db48c9830a5323d72c662d9a58b691d16ce4db8c1e,0,data/benign_original/benign/202bec0f63167ed57fcb55db48c9830a5323d72c662d9a58b691d16ce4db8c1e.png
c8e32a4ca6cae4e6e48146a7340ca3655f9c9c1c56d3190c2f1f3058cacb5283,0,data/benign_original/benign/c8e32a4ca6cae4e6e48146a7340ca3655f9c9c1c56d3190c2f1f3058cacb5283.png
908bff2e80e1754ff8f2f53d4d4fbbebf440f84a91929c13658eb78bc5029d50,1,data/malware_images/images/Gozi/908bff2e80e1754ff8f2f53d4d4fbbebf440f84a91929c13658eb78bc5029d50.png
47e72c038b44b9b350fc5a063df6ae97fe206e4e38328e161e66ae01f3662232,1,data/malware_images/images/Trickbot/47e72c038b44b9b350fc5a063df6ae97fe206e4e38328e161e66ae01f3662232.png
e516e59f7502ec90a2ec3978a5d448411b791f453a29b60edce62b71d8e9b87e,0,data/benign_original/benign/e516e59f7502ec90a2ec3978a5d448411b791f453a29b60edce62b71d8e9b87e.png
e9c61945c0c7b887ec786832af1056334968d890fc042f0c16b8d7f80a2c0c9a,0,data/benign_original/benign/e9c61945c0c7b887ec786832af1056334968d890fc042f0c16b8d7f80a2c0c9a.png
5ee2663695d49ed0705a925e7c6c6c779dd54d92b53fae38bb454978c84b3435,1,data/malware_images/images/njrat/5ee2663695d49ed0705a925e7c6c6c779dd54d92b53fae38bb454978c84b3435.png
fabc7c12fd6523338f8adb3fefcaed7f213afe95e784ef36ecdf42da67421ab1,0,data/benign_original/benign/fabc7c12fd6523338f8adb3fefcaed7f213afe95e784ef36ecdf42da67421ab1.png
dbe3b5a03137ca36ea974137b192e574f0215093b27bfb167ce6be2ff3087d9b,1,data/malware_images/images/Trickbot/dbe3b5a03137ca36ea974137b192e574f0215093b27bfb167ce6be2ff3087d9b.png
35c42e6608785707b2d4d87728ba8cf0c4e768457b208fd7177d86dc7539ce50,1,data/malware_images/images/Heodo/35c42e6608785707b2d4d87728ba8cf0c4e768457b208fd7177d86dc7539ce50.png
c906bbbcdc39baeff580b76874f39a8c433dfabd37fae1dd1b0b46f18f4c0ef2,0,data/benign_original/benign/c906bbbcdc39baeff580b76874f39a8c433dfabd37fae1dd1b0b46f18f4c0ef2.png
1392af38980ae18dea6cf1f2a504e2cbe0c5a39afd1d35de3f5b6406115b3b2b,1,data/malware_images/images/Trickbot/1392af38980ae18dea6cf1f2a504e2cbe0c5a39afd1d35de3f5b6406115b3b2b.png
bd0546715d8eb52e3cae99aca13b266646a923a5892a60304902f9ece1610faa,0,data/benign_original/benign/bd0546715d8eb52e3cae99aca13b266646a923a5892a60304902f9ece1610faa.png
f33a81a444e5f2e98f4f93c4e568e5e568458a1553bad3dedc4414a4300f3736,0,data/benign_original/benign/f33a81a444e5f2e98f4f93c4e568e5e568458a1553bad3dedc4414a4300f3736.png
e17d31f86baab3ce9d628646f80a2fe4e946b678e36a1318f4fa740532fa48fa,1,data/malware_images/images/Gozi/e17d31f86baab3ce9d628646f80a2fe4e946b678e36a1318f4fa740532fa48fa.png
03aed529543ac4ce2d9bb6b325f59686a06f1e9df112cf719a8e5222fffda801,0,data/benign_original/benign/03aed529543ac4ce2d9bb6b325f59686a06f1e9df112cf719a8e5222fffda801.png
4f903255b1c80afe77667604fa8f5648918f97348380277ba4cb3a48b2141850,0,data/benign_original/benign/4f903255b1c80afe77667604fa8f5648918f97348380277ba4cb3a48b2141850.png
be45aef0889b03e2243282a912f41580e8566db666a782c26a1d4d7988799d03,0,data/benign_original/benign/be45aef0889b03e2243282a912f41580e8566db666a782c26a1d4d7988799d03.png
f7ea44c3a5252c178f4bdc07b255a1fc2f9f17b915e2d3c73fe8c54dcf3984ab,0,data/benign_original/benign/f7ea44c3a5252c178f4bdc07b255a1fc2f9f17b915e2d3c73fe8c54dcf3984ab.png
b2e33d5bd280ea70f0ee4f8b9651f556f39d4f25061cae8e4189a5f09c7ace6c,1,data/malware_images/images/Trickbot/b2e33d5bd280ea70f0ee4f8b9651f556f39d4f25061cae8e4189a5f09c7ace6c.png
7192195b74576c7da57600ee0dc92546495f804f275de4345bd3f8c891eeb2f9,1,data/malware_images/images/Trickbot/7192195b74576c7da57600ee0dc92546495f804f275de4345bd3f8c891eeb2f9.png
bf8dbb7e9fb62178fc2771b163ca180167b5972270c243bb857f5fbbbcdeaaaa,0,data/benign_original/benign/bf8dbb7e9fb62178fc2771b163ca180167b5972270c243bb857f5fbbbcdeaaaa.png
89518688079c340bf998dd98e1e1126f4d6e0f12004ec86e59ecbe03df1af648,0,data/benign_original/benign/89518688079c340bf998dd98e1e1126f4d6e0f12004ec86e59ecbe03df1af648.png
ccffd0661d5ad4a100b529250772b2957be0dfc262b7e47cd350c18cdf4d8c97,0,data/benign_original/benign/ccffd0661d5ad4a100b529250772b2957be0dfc262b7e47cd350c18cdf4d8c97.png
b694aa94d3fe0a392abe9d910a4163dc3bbf663fe295da855806e2c67521459a,0,data/benign_original/benign/b694aa94d3fe0a392abe9d910a4163dc3bbf663fe295da855806e2c67521459a.png
c06c490f730415a1dcadc178420a9db424eb9912f0ab862c93c51b5b755be2a8,0,data/benign_original/benign/c06c490f730415a1dcadc178420a9db424eb9912f0ab862c93c51b5b755be2a8.png
c7ad419d5084785caae0c893220de08ca4c016fc5c0d3a45250b61264c826293,0,data/benign_original/benign/c7ad419d5084785caae0c893220de08ca4c016fc5c0d3a45250b61264c826293.png
ed1ec3061f72a9e277a102a293591c0d9b6c5f9d34891f5ddb6cbca55f1f2596,0,data/benign_original/benign/ed1ec3061f72a9e277a102a293591c0d9b6c5f9d34891f5ddb6cbca55f1f2596.png
9e9d314dab7a3bf6141ebcd7ca02526e5926150082349eed0afb6cfec7f1e537,1,data/malware_images/images/Trickbot/9e9d314dab7a3bf6141ebcd7ca02526e5926150082349eed0afb6cfec7f1e537.png
373d0778d083a04943032826a3571e5e8d450a9535f5a901db43c791200a774d,0,data/benign_original/benign/373d0778d083a04943032826a3571e5e8d450a9535f5a901db43c791200a774d.png
c7ac5f99f241b39369e98c7d11c3ed9c97eb6b77f4cebf44acecf5f99b1fc8b9,0,data/benign_original/benign/c7ac5f99f241b39369e98c7d11c3ed9c97eb6b77f4cebf44acecf5f99b1fc8b9.png
6cb0c6c55411375878184fba0feeee93c99c7f184818449e548ef875486ec38a,1,data/malware_images/images/njrat/6cb0c6c55411375878184fba0feeee93c99c7f184818449e548ef875486ec38a.png
60b19233a71bb337521d787cbb5af4253c76de3c9f8dda52dc435feed3a27c62,0,data/benign_original/benign/60b19233a71bb337521d787cbb5af4253c76de3c9f8dda52dc435feed3a27c62.png
ce855661bee82c5ca77c80f20a7a5d95a6cb644ed043019fd6ebc7343189abb2,0,data/benign_original/benign/ce855661bee82c5ca77c80f20a7a5d95a6cb644ed043019fd6ebc7343189abb2.png
c9bec37593e059cd90e1c55e098e8499a96db0f205e958b9a4e3ef390424214a,0,data/benign_original/benign/c9bec37593e059cd90e1c55e098e8499a96db0f205e958b9a4e3ef390424214a.png
d32a5abea7c5d5f3e1aa9632d3b49cfa2a81169badcbfb12470c6f2aedb91f09,0,data/benign_original/benign/d32a5abea7c5d5f3e1aa9632d3b49cfa2a81169badcbfb12470c6f2aedb91f09.png
8cfb55087fa8e4c1e7bcc580d767cf2c884c1b8c890ad240c1e7009810af6736,0,data/benign_original/benign/8cfb55087fa8e4c1e7bcc580d767cf2c884c1b8c890ad240c1e7009810af6736.png
f66f23a728f5cd63a28c19a8eb8164b1c9805ad0e74d2b15cba4013e5f19dd42,1,data/malware_images/images/njrat/f66f23a728f5cd63a28c19a8eb8164b1c9805ad0e74d2b15cba4013e5f19dd42.png
d8721399d4aecd67057526336a01c2f892a0d8d28af601c46fb8bd0f778eb182,0,data/benign_original/benign/d8721399d4aecd67057526336a01c2f892a0d8d28af601c46fb8bd0f778eb182.png
f7ec569672caa19720540b32019a7998ce0362ccda29a1a44d20a72bfdaf17f3,0,data/benign_original/benign/f7ec569672caa19720540b32019a7998ce0362ccda29a1a44d20a72bfdaf17f3.png
d7def8858824734ac6207714a17160820fe199cad63f5f70795937a3e7ee5b6e,0,data/benign_original/benign/d7def8858824734ac6207714a17160820fe199cad63f5f70795937a3e7ee5b6e.png
a79b2ea4e8db2dd2e6729d73534d1a03083e17d7a2d598cfed22c07076f0679b,1,data/malware_images/images/Trickbot/a79b2ea4e8db2dd2e6729d73534d1a03083e17d7a2d598cfed22c07076f0679b.png
c077c3622a982da88651820ac9d01abb5985a645584cae161ddf19115821e67a,1,data/malware_images/images/njrat/c077c3622a982da88651820ac9d01abb5985a645584cae161ddf19115821e67a.png
5796cc2994f387f529e63b252b64496c7eea788cb1b6dd413a2501a8b6adada1,0,data/benign_original/benign/5796cc2994f387f529e63b252b64496c7eea788cb1b6dd413a2501a8b6adada1.png
539c339c67f87349e48c9c48faf7d38673f53f8fbf8ee5ba8f67a2f670092ba3,1,data/malware_images/images/IcedID/539c339c67f87349e48c9c48faf7d38673f53f8fbf8ee5ba8f67a2f670092ba3.png
bedbcb43340c9c07dc601b696dfa3278df0c68ecfce2a4fd893a7b5e56a01de1,1,data/malware_images/images/njrat/bedbcb43340c9c07dc601b696dfa3278df0c68ecfce2a4fd893a7b5e56a01de1.png
e7dc80fb19050120a9664924025cae0754c80cf95971457e2f4a2e979521bc09,1,data/malware_images/images/Heodo/e7dc80fb19050120a9664924025cae0754c80cf95971457e2f4a2e979521bc09.png
f025cecef0b8aaefb3f1f65e37fac25c58d75353e9b921ab343ca23ff5f1d380,0,data/benign_original/benign/f025cecef0b8aaefb3f1f65e37fac25c58d75353e9b921ab343ca23ff5f1d380.png
69040cacea68c86159731cd1d2c46963d51bd3701877053d5d43947cd17149f3,1,data/malware_images/images/IcedID/69040cacea68c86159731cd1d2c46963d51bd3701877053d5d43947cd17149f3.png
be14464dedcc731cfbf959feafecdf5822e41594df5e335c4399a368905d6b82,0,data/benign_original/benign/be14464dedcc731cfbf959feafecdf5822e41594df5e335c4399a368905d6b82.png
f0ecb001b6c5b2593fa6987596fc0c0ba0200f1b8bbf0afa439357a1db23ad5b,0,data/benign_original/benign/f0ecb001b6c5b2593fa6987596fc0c0ba0200f1b8bbf0afa439357a1db23ad5b.png
17f665e582c1158ae9e138cbb674a97d5142622a1aaffefc32f73ceb48b76844,1,data/malware_images/images/Gozi/17f665e582c1158ae9e138cbb674a97d5142622a1aaffefc32f73ceb48b76844.png
ea4e9134029cb4f9a8e80302bdcfa24db29ed262f9eab82e1d6c7624bfbac907,0,data/benign_original/benign/ea4e9134029cb4f9a8e80302bdcfa24db29ed262f9eab82e1d6c7624bfbac907.png
40bdcc7f90d2bfa4b99928367f6ffca14065037637ae63940e5022b0ad7f648c,1,data/malware_images/images/njrat/40bdcc7f90d2bfa4b99928367f6ffca14065037637ae63940e5022b0ad7f648c.png
be64e14666e3b5a9b51951943662186f9943fc163a11d4f19a2e792099704106,0,data/benign_original/benign/be64e14666e3b5a9b51951943662186f9943fc163a11d4f19a2e792099704106.png
6fc390362022c89def5130b107e348ea2768c310dfc8c73fd0521cab3223c1d1,1,data/malware_images/images/Gozi/6fc390362022c89def5130b107e348ea2768c310dfc8c73fd0521cab3223c1d1.png
0bac073dd46fd8ac5c68c735f7d8ddecd264107e5163a23ce4f0d1d64823c709,1,data/malware_images/images/IcedID/0bac073dd46fd8ac5c68c735f7d8ddecd264107e5163a23ce4f0d1d64823c709.png
7974d6324dbba7811d9a59dd5784751536a35689a50609e2739ba3370c70aa43,1,data/malware_images/images/Trickbot/7974d6324dbba7811d9a59dd5784751536a35689a50609e2739ba3370c70aa43.png
6293fc09961bd84077922f4dd77f9baf777ccf27b114bc570e021933aeb2d56c,1,data/malware_images/images/njrat/6293fc09961bd84077922f4dd77f9baf777ccf27b114bc570e021933aeb2d56c.png
f4b4749dc262e2530af172163806631ef2de1da5d0362892261555d0fdfbbb15,0,data/benign_original/benign/f4b4749dc262e2530af172163806631ef2de1da5d0362892261555d0fdfbbb15.png
fa2704a2b401f4c80b73ace6206085d92b23e4a7b31147ee64f749b08631f8c7,1,data/malware_images/images/GuLoader/fa2704a2b401f4c80b73ace6206085d92b23e4a7b31147ee64f749b08631f8c7.png
89e54f19c04bb28c90f0ee75419a149c8178f9841435a20be727506d0c9506d3,1,data/malware_images/images/GuLoader/89e54f19c04bb28c90f0ee75419a149c8178f9841435a20be727506d0c9506d3.png
d3a38a3902ebdea7e4f36c2de15bb3e515638dc1d3a5ac6f7d6489e93d1eeb23,0,data/benign_original/benign/d3a38a3902ebdea7e4f36c2de15bb3e515638dc1d3a5ac6f7d6489e93d1eeb23.png
f5cad84947ed80047edb5ccb213286921635ce6bebb57f5e4c0f6d2a62fe2e2f,0,data/benign_original/benign/f5cad84947ed80047edb5ccb213286921635ce6bebb57f5e4c0f6d2a62fe2e2f.png
debe465591a7973ef6ea3f6c2113b5fcc024831d4272f68c17bf317d3034e3e6,0,data/benign_original/benign/debe465591a7973ef6ea3f6c2113b5fcc024831d4272f68c17bf317d3034e3e6.png
d953ffa85f6b625887ea761600c7bde84dd97e2ae394fd252ff6a94bf6ff3ebc,1,data/malware_images/images/Trickbot/d953ffa85f6b625887ea761600c7bde84dd97e2ae394fd252ff6a94bf6ff3ebc.png
c58a2d4ab8d21b2a06d2184e282658dca149331d4f5d5ee4f9ffc7a89b432fd9,0,data/benign_original/benign/c58a2d4ab8d21b2a06d2184e282658dca149331d4f5d5ee4f9ffc7a89b432fd9.png
dfbd6148377c7df482fa436ab2af0ae05a4351e108f71e957ea0ede06ad1e4a2,0,data/benign_original/benign/dfbd6148377c7df482fa436ab2af0ae05a4351e108f71e957ea0ede06ad1e4a2.png
d731f6f7bc08738cfcef59a48db416d343c2043e2cbc14716d902dfd182fedf5,0,data/benign_original/benign/d731f6f7bc08738cfcef59a48db416d343c2043e2cbc14716d902dfd182fedf5.png
3a58b6a2f3d61ce467d8cbd7963b2224adeccfe5dc865eee164b7879f325a460,1,data/malware_images/images/GuLoader/3a58b6a2f3d61ce467d8cbd7963b2224adeccfe5dc865eee164b7879f325a460.png
b30e34d288493fb4c65f73f2d247ce34697ec96ce7c3260ffe9598b4f697cee8,0,data/benign_original/benign/b30e34d288493fb4c65f73f2d247ce34697ec96ce7c3260ffe9598b4f697cee8.png
23be804db20cb450cf53fc82143ac34b9e741035c511af3e5c9880e7b3a70b3a,1,data/malware_images/images/IcedID/23be804db20cb450cf53fc82143ac34b9e741035c511af3e5c9880e7b3a70b3a.png
b9d5b3d8bdd0e3f5fe92c306dd5ca0fddd8f95fb4ef746e30b089ec33748dbdb,0,data/benign_original/benign/b9d5b3d8bdd0e3f5fe92c306dd5ca0fddd8f95fb4ef746e30b089ec33748dbdb.png
53417d3ce7de4c95761a9a2e9d26e5f135cae402cf732bc7d5004ab360257cc0,1,data/malware_images/images/Trickbot/53417d3ce7de4c95761a9a2e9d26e5f135cae402cf732bc7d5004ab360257cc0.png
4cde1735b0bd09f0ad3ca84856ac023f212bc5732dcb19f8ccb1aacb0f75bb61,0,data/benign_original/benign/4cde1735b0bd09f0ad3ca84856ac023f212bc5732dcb19f8ccb1aacb0f75bb61.png
dbae1de725fa02b5a156fc8acc80f8778548acbcd0319a8b1d6dd1d40c089284,0,data/benign_original/benign/dbae1de725fa02b5a156fc8acc80f8778548acbcd0319a8b1d6dd1d40c089284.png
f20ad63d1750e8fd74ded1fcc8d6d3955d5cb6ab21a5167cc86314dfc36a94d9,0,data/benign_original/benign/f20ad63d1750e8fd74ded1fcc8d6d3955d5cb6ab21a5167cc86314dfc36a94d9.png
6103b1c38fc1eed6098eccf623cc093d0d54288d08ed5e90849f06688fe8b250,1,data/malware_images/images/Gozi/6103b1c38fc1eed6098eccf623cc093d0d54288d08ed5e90849f06688fe8b250.png
ed73a6609906e4b81851dcd9a14f619710aa890ed5567ad3cfe7acc76f943630,0,data/benign_original/benign/ed73a6609906e4b81851dcd9a14f619710aa890ed5567ad3cfe7acc76f943630.png
bc417e9f1c8357e0dc71c7564d0b0da5851ec85e4c800a7f4ad2fcd825865b95,0,data/benign_original/benign/bc417e9f1c8357e0dc71c7564d0b0da5851ec85e4c800a7f4ad2fcd825865b95.png
1290981c6a086eebf15a962ea55626ef7e44daa4cdb0743f98ef7747f47f0842,1,data/malware_images/images/njrat/1290981c6a086eebf15a962ea55626ef7e44daa4cdb0743f98ef7747f47f0842.png
d27db19db72691d403d38243719346bca79efb3f81b6c44d9fd3cd9dfff83b9d,1,data/malware_images/images/njrat/d27db19db72691d403d38243719346bca79efb3f81b6c44d9fd3cd9dfff83b9d.png
b67a3b021819d8f8425fde8f3843fcb225378ddc1ce761bab8d29251342201d5,0,data/benign_original/benign/b67a3b021819d8f8425fde8f3843fcb225378ddc1ce761bab8d29251342201d5.png
af4f6308343a0141f8f48d21b5f7e1946c2983f69841d03399628d558ae03c46,0,data/benign_original/benign/af4f6308343a0141f8f48d21b5f7e1946c2983f69841d03399628d558ae03c46.png
d6c74e8c3a63cf1c7b3b1a97ac68005d052a012e3b96d21f6583336aec7598ce,0,data/benign_original/benign/d6c74e8c3a63cf1c7b3b1a97ac68005d052a012e3b96d21f6583336aec7598ce.png
6e74c0a5e9fa324676f2986f1445852b1f18bd18ecb8581c68d2bd21839f90d6,1,data/malware_images/images/Trickbot/6e74c0a5e9fa324676f2986f1445852b1f18bd18ecb8581c68d2bd21839f90d6.png
f1b36cdf28c3f1d82e0386652b3b5643e8669168a22d432afb91765c29b86e3d,1,data/malware_images/images/Trickbot/f1b36cdf28c3f1d82e0386652b3b5643e8669168a22d432afb91765c29b86e3d.png
f9ad748f7fabdf565762d2bc6bfea77b621bc71617a435dabfb4591e4cad7c62,0,data/benign_original/benign/f9ad748f7fabdf565762d2bc6bfea77b621bc71617a435dabfb4591e4cad7c62.png
f7bc0e7b1a3f57977fec35320a0662fc081ef25084cc2c5eee4462a488efda97,0,data/benign_original/benign/f7bc0e7b1a3f57977fec35320a0662fc081ef25084cc2c5eee4462a488efda97.png
b4b55dd378059d234517ddec13bb7e075b127963c408f8c339512c4ceccebf55,0,data/benign_original/benign/b4b55dd378059d234517ddec13bb7e075b127963c408f8c339512c4ceccebf55.png
c61afa66051fc4082897dd01d8841f7c8ead2695e3ec039ae811359f253356f0,0,data/benign_original/benign/c61afa66051fc4082897dd01d8841f7c8ead2695e3ec039ae811359f253356f0.png
97fb0f05128aa1ebff695dfee7ac228ee21a3d53a8a4e26bd4f6d58a0991c310,1,data/malware_images/images/IcedID/97fb0f05128aa1ebff695dfee7ac228ee21a3d53a8a4e26bd4f6d58a0991c310.png
c257ecfa00a19bf920b315801720be0b55920e7d1682c66e6ad7a5343c9a8aba,0,data/benign_original/benign/c257ecfa00a19bf920b315801720be0b55920e7d1682c66e6ad7a5343c9a8aba.png
cc68086a386ca81efea58ec440b68e23d62a6c9016babcc233d1bcd5514467fb,0,data/benign_original/benign/cc68086a386ca81efea58ec440b68e23d62a6c9016babcc233d1bcd5514467fb.png
f08b274b88cca456e57c5fc26bc349f123a9123dac73aae49385e6e47c6daabf,0,data/benign_original/benign/f08b274b88cca456e57c5fc26bc349f123a9123dac73aae49385e6e47c6daabf.png
c53f89084426a63f9fdbd785516a3eafbec9426d91401447434f156920038b23,0,data/benign_original/benign/c53f89084426a63f9fdbd785516a3eafbec9426d91401447434f156920038b23.png
02cc015b975cc79fe21ada088bc4ef5e7ad0ae281a3eb6e85f5a573ef4b761b3,1,data/malware_images/images/njrat/02cc015b975cc79fe21ada088bc4ef5e7ad0ae281a3eb6e85f5a573ef4b761b3.png
4926266b9c11332204f2f3f37146b135226b197e49a8da88b1602e235a90d8a0,1,data/malware_images/images/IcedID/4926266b9c11332204f2f3f37146b135226b197e49a8da88b1602e235a90d8a0.png
93aa4a1bfa91143f0225356807f1a9afac15d1fadb0cdf23732f53d089199f95,1,data/malware_images/images/Gozi/93aa4a1bfa91143f0225356807f1a9afac15d1fadb0cdf23732f53d089199f95.png
58b643110837bffe7e7a8280e9600d6b1e6e369128bc828489d157fc55ecb3ca,1,data/malware_images/images/njrat/58b643110837bffe7e7a8280e9600d6b1e6e369128bc828489d157fc55ecb3ca.png
dc3aeeea03f17e9f0fc21275ee892ec00f1a28cfeb53ed001488e0486c465cee,0,data/benign_original/benign/dc3aeeea03f17e9f0fc21275ee892ec00f1a28cfeb53ed001488e0486c465cee.png
f978cb57621a8ae2d12a1af7d5aac6337adce3dc9e618c0171a1fe698af59c2a,0,data/benign_original/benign/f978cb57621a8ae2d12a1af7d5aac6337adce3dc9e618c0171a1fe698af59c2a.png
ba2f218e7ef098f08b767390cc0fcafd2cca6d4a2a685906362a9b30cb991771,0,data/benign_original/benign/ba2f218e7ef098f08b767390cc0fcafd2cca6d4a2a685906362a9b30cb991771.png
d02632126acc31940d5927c082161f3fd5a39fc4c7713e617fec2f0f86d65e61,0,data/benign_original/benign/d02632126acc31940d5927c082161f3fd5a39fc4c7713e617fec2f0f86d65e61.png
91beb7c43da3dd723c9d44629ab656b4f913c5ec111d1d362279938645f7edd3,1,data/malware_images/images/Trickbot/91beb7c43da3dd723c9d44629ab656b4f913c5ec111d1d362279938645f7edd3.png
f62e8f54909e4b22d33927fcfc27476f0422fab1d27491e02a3a2ee3d7247d0f,1,data/malware_images/images/Gozi/f62e8f54909e4b22d33927fcfc27476f0422fab1d27491e02a3a2ee3d7247d0f.png
3a26e84b22e7665a55f0857da23a05e3ef3ed430242b6f7635909981cdbeba94,0,data/benign_original/benign/3a26e84b22e7665a55f0857da23a05e3ef3ed430242b6f7635909981cdbeba94.png
7a86bd2bfbfc42cb42a117019d2493771101881d3bd6719d41a86f9997ba0feb,1,data/malware_images/images/njrat/7a86bd2bfbfc42cb42a117019d2493771101881d3bd6719d41a86f9997ba0feb.png
278d40dc4e9144a9153d016a417713af54d51162075403ead29cf5aab269bf22,1,data/malware_images/images/Gozi/278d40dc4e9144a9153d016a417713af54d51162075403ead29cf5aab269bf22.png
c8a4c1aafe5b0604be461f147c3e051c46f161597721b4fa7268f811178c83be,0,data/benign_original/benign/c8a4c1aafe5b0604be461f147c3e051c46f161597721b4fa7268f811178c83be.png
e093a9c1784db78983e42144488007700306b6825eeb88a81eddc396b12a68ab,0,data/benign_original/benign/e093a9c1784db78983e42144488007700306b6825eeb88a81eddc396b12a68ab.png
3f2c7f661e8613d8fde12919afa48c3a2f931926406327409941d31081031b62,1,data/malware_images/images/IcedID/3f2c7f661e8613d8fde12919afa48c3a2f931926406327409941d31081031b62.png
1a0738251e550466cd8d44fb9ca97084752d2175506865aef28a2bb93f5407b4,1,data/malware_images/images/njrat/1a0738251e550466cd8d44fb9ca97084752d2175506865aef28a2bb93f5407b4.png
dbb58d4c6c435f88df000ea1c9ab3f42496c0aad6b7df66b5b46a84f58558ecd,0,data/benign_original/benign/dbb58d4c6c435f88df000ea1c9ab3f42496c0aad6b7df66b5b46a84f58558ecd.png
6ae58e05e226ed3476b1c3d8463dd49c7ab0aee54164f69b491780c7b4ac59a4,0,data/benign_original/benign/6ae58e05e226ed3476b1c3d8463dd49c7ab0aee54164f69b491780c7b4ac59a4.png
7f58301039be3f4696a431ebe72d76fce3df1e83d6ee1265bdcb27e0e45d63ab,1,data/malware_images/images/GuLoader/7f58301039be3f4696a431ebe72d76fce3df1e83d6ee1265bdcb27e0e45d63ab.png
d75f4b032b390985dfae9d622820dd8faaa0675e0c2beb09991f9fdba031489c,0,data/benign_original/benign/d75f4b032b390985dfae9d622820dd8faaa0675e0c2beb09991f9fdba031489c.png
acb1e6b35991e4f6a91a377ab8817627c7a93a12d0601dc08681a2d3e6ff9d1f,1,data/malware_images/images/Gozi/acb1e6b35991e4f6a91a377ab8817627c7a93a12d0601dc08681a2d3e6ff9d1f.png
0aa2727753d68654ada04a86531c216b15754fe0fabb38bf5db9c9bd4d8933a8,1,data/malware_images/images/IcedID/0aa2727753d68654ada04a86531c216b15754fe0fabb38bf5db9c9bd4d8933a8.png
6c52a2b9a73512dc84a8acfee5eb553593d2a9a3fc02b5c03cc3520d8da3aca6,0,data/benign_original/benign/6c52a2b9a73512dc84a8acfee5eb553593d2a9a3fc02b5c03cc3520d8da3aca6.png
8e6b3ac16114b12a26a952e2712b2c7937221ac911140bcb8f64e293d2b5489d,1,data/malware_images/images/Gozi/8e6b3ac16114b12a26a952e2712b2c7937221ac911140bcb8f64e293d2b5489d.png
829cc632f09bbbc0e0c03fe26495b1037bbd41ac3bbd59cea70e4172ed4105ff,1,data/malware_images/images/njrat/829cc632f09bbbc0e0c03fe26495b1037bbd41ac3bbd59cea70e4172ed4105ff.png
9df28abb1508795d2bd27c636e43dec8a9b6b4bf58a469644ef6863b9b92c8a7,1,data/malware_images/images/Trickbot/9df28abb1508795d2bd27c636e43dec8a9b6b4bf58a469644ef6863b9b92c8a7.png
a084d297f26b39b4edc89b4ec2c006039240c7b6b97ad030f361047b3cb8c6b8,1,data/malware_images/images/njrat/a084d297f26b39b4edc89b4ec2c006039240c7b6b97ad030f361047b3cb8c6b8.png
9896e2dcaf28cc3945b4756d02dd0783a498e2b44559997ffa4fb1d413260ed1,1,data/malware_images/images/njrat/9896e2dcaf28cc3945b4756d02dd0783a498e2b44559997ffa4fb1d413260ed1.png
cddfc53fe03f5cbf404f25303edfe3cdcbe10cacc8cf3bd5f67d2ad3366a2aea,0,data/benign_original/benign/cddfc53fe03f5cbf404f25303edfe3cdcbe10cacc8cf3bd5f67d2ad3366a2aea.png
dfc8695620f709882f755cd5141b37772b05ce4e2bd9a677e94ff25ad0cbb554,1,data/malware_images/images/njrat/dfc8695620f709882f755cd5141b37772b05ce4e2bd9a677e94ff25ad0cbb554.png
c5a8e909214e4bbbe21591ea8d176dbcb520646b9eeb4cb0f4105f54d448a2a4,0,data/benign_original/benign/c5a8e909214e4bbbe21591ea8d176dbcb520646b9eeb4cb0f4105f54d448a2a4.png
f4bc71d60fc5d28a6f6eff967428055f2cdd0189e5cb8d336842baa7a13de2bf,0,data/benign_original/benign/f4bc71d60fc5d28a6f6eff967428055f2cdd0189e5cb8d336842baa7a13de2bf.png
cdc410fc7ec76c6fec7439539c0c459a71ea6ccc0f8c434a278ceb20705488f2,1,data/malware_images/images/njrat/cdc410fc7ec76c6fec7439539c0c459a71ea6ccc0f8c434a278ceb20705488f2.png
a62f7282cf4bebf47c5bcc380b5f475169b63e9debf4ca203aba4ec790739174,1,data/malware_images/images/njrat/a62f7282cf4bebf47c5bcc380b5f475169b63e9debf4ca203aba4ec790739174.png
e19251111d6c2a8ad9ffedd972d36a1f4a6e6dd1138e3b53d26fcef36ae4511d,0,data/benign_original/benign/e19251111d6c2a8ad9ffedd972d36a1f4a6e6dd1138e3b53d26fcef36ae4511d.png
c93dce99519a3204d4cf1249be676c9851bca005e497787fec5b0e2423379e87,0,data/benign_original/benign/c93dce99519a3204d4cf1249be676c9851bca005e497787fec5b0e2423379e87.png
8cf5d337ce3239c379a6f64b6018fb5bf2d39ef7f48d813c1c882f5a239703ce,0,data/benign_original/benign/8cf5d337ce3239c379a6f64b6018fb5bf2d39ef7f48d813c1c882f5a239703ce.png
d7824dca688af5c90d651bc30caa853290445f543dc0d2ade8630499477ba4dc,1,data/malware_images/images/Trickbot/d7824dca688af5c90d651bc30caa853290445f543dc0d2ade8630499477ba4dc.png
dc3402c4fa57f1c60a7951e79b0a595d24902ca23bd3174631101a05480a83f8,1,data/malware_images/images/njrat/dc3402c4fa57f1c60a7951e79b0a595d24902ca23bd3174631101a05480a83f8.png
faf1f56d120a35b09d29d6db19796883381f11da9c08d7fd5f62db8135d1ead9,1,data/malware_images/images/Trickbot/faf1f56d120a35b09d29d6db19796883381f11da9c08d7fd5f62db8135d1ead9.png
681d45256158fcf7f5b98bebd0f7aa327c439457515a44e59fb1cf7fba7261a8,1,data/malware_images/images/Heodo/681d45256158fcf7f5b98bebd0f7aa327c439457515a44e59fb1cf7fba7261a8.png
f7778c91700d5bcb01e3b02a7a6eb89c5dd69ac270fbd89c6c9e90a3c5bca3b9,0,data/benign_original/benign/f7778c91700d5bcb01e3b02a7a6eb89c5dd69ac270fbd89c6c9e90a3c5bca3b9.png
3df1d8e873a1ddadb097e22a8218c55506f28c6d26787a572ba438154a41c29b,1,data/malware_images/images/Trickbot/3df1d8e873a1ddadb097e22a8218c55506f28c6d26787a572ba438154a41c29b.png
410c16494e829d16cb2fabaf6f0b7ddd010c45a559f9b3f9f19dab431999adf4,1,data/malware_images/images/Gozi/410c16494e829d16cb2fabaf6f0b7ddd010c45a559f9b3f9f19dab431999adf4.png
cb2f40f88e3bd2a3c8d509c34950792e5d2071b08e6d8a934d08c1bc265e761e,0,data/benign_original/benign/cb2f40f88e3bd2a3c8d509c34950792e5d2071b08e6d8a934d08c1bc265e761e.png
81f7c328aef1d0b652a4e7b4157b34f2b462ace5c2f2483350b1a5e156ce8adb,1,data/malware_images/images/GuLoader/81f7c328aef1d0b652a4e7b4157b34f2b462ace5c2f2483350b1a5e156ce8adb.png
eb9449aaba20df597243899daf5b8e181f1ecd72041e5737f4f0db7fae6b77a7,0,data/benign_original/benign/eb9449aaba20df597243899daf5b8e181f1ecd72041e5737f4f0db7fae6b77a7.png
7e663ff86c78f5eded5cec27ba0d023c6792c9666eb4dcb3cdf1ceb10db20cfe,0,data/benign_original/benign/7e663ff86c78f5eded5cec27ba0d023c6792c9666eb4dcb3cdf1ceb10db20cfe.png
b990e54170d8a55543752a670d7914eb6897a48145ce41749648c82857cd7ebf,0,data/benign_original/benign/b990e54170d8a55543752a670d7914eb6897a48145ce41749648c82857cd7ebf.png
765500e5e5af3c7320a36073ad19d4ba4bd15a21a5c65e2ed61eabfc428244c7,1,data/malware_images/images/GuLoader/765500e5e5af3c7320a36073ad19d4ba4bd15a21a5c65e2ed61eabfc428244c7.png
8e9353fc3c070861eb933c7c33f2d08d7c015496e81b90d48d9ea6d6700ed1ed,0,data/benign_original/benign/8e9353fc3c070861eb933c7c33f2d08d7c015496e81b90d48d9ea6d6700ed1ed.png
7c0bbab3f18139d2c613ce8260f08c72ff7148bf62635ad1d840540a0a24a485,1,data/malware_images/images/Gozi/7c0bbab3f18139d2c613ce8260f08c72ff7148bf62635ad1d840540a0a24a485.png
df697417314e4261cc8c01d9454d142032fa0fd350eade1424e76d369131d8aa,0,data/benign_original/benign/df697417314e4261cc8c01d9454d142032fa0fd350eade1424e76d369131d8aa.png
84d40596a0ced24a3063fe20dcfb09df2a9a5aca096ceee81698c265e9c5f8cc,1,data/malware_images/images/Trickbot/84d40596a0ced24a3063fe20dcfb09df2a9a5aca096ceee81698c265e9c5f8cc.png
0acb67fc0dbdff601d076398de95cf0cfcc5f7978b8c4e6285d105927e9dab83,1,data/malware_images/images/GuLoader/0acb67fc0dbdff601d076398de95cf0cfcc5f7978b8c4e6285d105927e9dab83.png
e86ebc230bd876432fc7cc4a7fa5ac256a210552658cf7cf4df0cf4af7e71296,1,data/malware_images/images/Heodo/e86ebc230bd876432fc7cc4a7fa5ac256a210552658cf7cf4df0cf4af7e71296.png
b70e95c6a86d06a52313457d6c502960f180bffdf5b923a035672cb309175818,0,data/benign_original/benign/b70e95c6a86d06a52313457d6c502960f180bffdf5b923a035672cb309175818.png
4963a6954c4cedc517c349d72647fb30dca5f8ecb9d27034ecafa9a39e262701,0,data/benign_original/benign/4963a6954c4cedc517c349d72647fb30dca5f8ecb9d27034ecafa9a39e262701.png
d0b55519c39ad283edef2c139fd8b6fb6a61f125883ae83b58d405c859696059,0,data/benign_original/benign/d0b55519c39ad283edef2c139fd8b6fb6a61f125883ae83b58d405c859696059.png
b08a33f7bbf38864b6fc6d71bf72079373f02f72731aede637710dc7e6c0319f,0,data/benign_original/benign/b08a33f7bbf38864b6fc6d71bf72079373f02f72731aede637710dc7e6c0319f.png
cda51e3de5e0bd7e53519d4b92ae6375b64da2649710f2a38d0676d3b22ec736,0,data/benign_original/benign/cda51e3de5e0bd7e53519d4b92ae6375b64da2649710f2a38d0676d3b22ec736.png
12e0fdc89be7ca25ba7bb8756481a3bd68dac422f5bd08b368b4ed62ff7e54e3,1,data/malware_images/images/Gozi/12e0fdc89be7ca25ba7bb8756481a3bd68dac422f5bd08b368b4ed62ff7e54e3.png
dfbea0231ab65276d8c4672999ae7088bc4849fef8e280d6b8663fd319adf420,0,data/benign_original/benign/dfbea0231ab65276d8c4672999ae7088bc4849fef8e280d6b8663fd319adf420.png
df502b191ad86e5ab3590809c247da67ae999c89b560a106569f9851005c9a58,0,data/benign_original/benign/df502b191ad86e5ab3590809c247da67ae999c89b560a106569f9851005c9a58.png
23ddfe8f635720b1e43d2908f502fd7fa7e4696e175ae5ae008b1e588cd823ee,1,data/malware_images/images/Trickbot/23ddfe8f635720b1e43d2908f502fd7fa7e4696e175ae5ae008b1e588cd823ee.png
3e472f9bb6ff7d05c153d332dd2deb6e56631c4e85472a8c04a140ca18e46b13,1,data/malware_images/images/njrat/3e472f9bb6ff7d05c153d332dd2deb6e56631c4e85472a8c04a140ca18e46b13.png
ae720a2ea816e163642964777bfa0f2f2a52bf64e69d0c695cd33803dcb1dde4,1,data/malware_images/images/Trickbot/ae720a2ea816e163642964777bfa0f2f2a52bf64e69d0c695cd33803dcb1dde4.png
18b5feed82cc289525e5fbf42f096e77eb1722d9b134dd508b6a86a9b9cc1596,1,data/malware_images/images/Gozi/18b5feed82cc289525e5fbf42f096e77eb1722d9b134dd508b6a86a9b9cc1596.png
d14183f7d03bd71ed5ed2857c201352b8acd9f5e703e6c78990e47ca4cf8c229,0,data/benign_original/benign/d14183f7d03bd71ed5ed2857c201352b8acd9f5e703e6c78990e47ca4cf8c229.png
743b0bd67e604e9e69acffcc8c7d56d8294de21c11c1a16cbeea94f82b6e5fa4,1,data/malware_images/images/GuLoader/743b0bd67e604e9e69acffcc8c7d56d8294de21c11c1a16cbeea94f82b6e5fa4.png
cd9fc956102cf5139b193eee1624aa8401ab8236f0a811e6c437dde5dc90ffbf,0,data/benign_original/benign/cd9fc956102cf5139b193eee1624aa8401ab8236f0a811e6c437dde5dc90ffbf.png
7bc9d1453bb84033fd82500f10db64cbf221c4286ed3eba7928249dae6d67675,1,data/malware_images/images/Gozi/7bc9d1453bb84033fd82500f10db64cbf221c4286ed3eba7928249dae6d67675.png
ec0991124c9c31385de523f2519e89eb0552c0b240ef0f76eac97c6d259906f6,0,data/benign_original/benign/ec0991124c9c31385de523f2519e89eb0552c0b240ef0f76eac97c6d259906f6.png
f369e30fd81082121a647df35059bef5bec1195fb240ca1b622ebcce75a4bacb,1,data/malware_images/images/GuLoader/f369e30fd81082121a647df35059bef5bec1195fb240ca1b622ebcce75a4bacb.png
ef567eae00554cc6ca21a2676ef490f88b11c4f3ed64e003fa78321bcbaa01dc,0,data/benign_original/benign/ef567eae00554cc6ca21a2676ef490f88b11c4f3ed64e003fa78321bcbaa01dc.png
f328d4e2f257e02d6a5152829e12cf747e59462db241d4c44ac5b342c4c11add,0,data/benign_original/benign/f328d4e2f257e02d6a5152829e12cf747e59462db241d4c44ac5b342c4c11add.png
e7963645e0d1db08e300614d4c5fa7194bd8173e9ab7a5558859e6b232ed3241,0,data/benign_original/benign/e7963645e0d1db08e300614d4c5fa7194bd8173e9ab7a5558859e6b232ed3241.png
8a8547cc086e815c22f3abb2d5c928c42221007515352863d4565e34cab02309,1,data/malware_images/images/Gozi/8a8547cc086e815c22f3abb2d5c928c42221007515352863d4565e34cab02309.png
b51fbd5359342b46cafa23f454bb8f3a592d363cb651dd8784341555049c03cd,0,data/benign_original/benign/b51fbd5359342b46cafa23f454bb8f3a592d363cb651dd8784341555049c03cd.png
f23da60109de4fe017cc9a31b9c7ff9678be76f8aa9507b25743f9d98c75c7af,0,data/benign_original/benign/f23da60109de4fe017cc9a31b9c7ff9678be76f8aa9507b25743f9d98c75c7af.png
6e6a69b8584b2da246d9bd09316898d59154159a57e87fb4c8bdd02071f85cd6,1,data/malware_images/images/IcedID/6e6a69b8584b2da246d9bd09316898d59154159a57e87fb4c8bdd02071f85cd6.png
d217ca3eb6196e1ec8371159504f9e027f85670677a01dcf66727ad6bd5af376,1,data/malware_images/images/Heodo/d217ca3eb6196e1ec8371159504f9e027f85670677a01dcf66727ad6bd5af376.png
c1c5a893f7eda8d1117078dc8fbdb74abb46e362cb517a3dfd61d88d20e311c1,0,data/benign_original/benign/c1c5a893f7eda8d1117078dc8fbdb74abb46e362cb517a3dfd61d88d20e311c1.png
205038d7649a68cc09d95957515621ec572a78705b421954dabb75af31b2448c,1,data/malware_images/images/Trickbot/205038d7649a68cc09d95957515621ec572a78705b421954dabb75af31b2448c.png
051329b4ccb54a317d1e02d5912585c21fc887fe551ae3e3a97c671aa50bb55b,1,data/malware_images/images/IcedID/051329b4ccb54a317d1e02d5912585c21fc887fe551ae3e3a97c671aa50bb55b.png
ac2fa7bbcaf49836b1646f576e9794878f5458726bf4ed91627b388005f8b0bc,0,data/benign_original/benign/ac2fa7bbcaf49836b1646f576e9794878f5458726bf4ed91627b388005f8b0bc.png
04720bfdcf20864606b17eabea2b9ead471c1fbd71bf8ce8246edb7247b5d148,0,data/benign_original/benign/04720bfdcf20864606b17eabea2b9ead471c1fbd71bf8ce8246edb7247b5d148.png
d28e64cda6ac0288c986d20b88523171bfaf4da190674f396dccb36b86cab8f5,1,data/malware_images/images/Gozi/d28e64cda6ac0288c986d20b88523171bfaf4da190674f396dccb36b86cab8f5.png
ea816a801d2882a3da04ae2b9ac3e20e0959a95d18dfb17c55bb786b3ba2c743,1,data/malware_images/images/GuLoader/ea816a801d2882a3da04ae2b9ac3e20e0959a95d18dfb17c55bb786b3ba2c743.png
079d6a63995df2cc1fe6a800354d6e9dfd5e0713884e72936b0878b674a49f25,1,data/malware_images/images/njrat/079d6a63995df2cc1fe6a800354d6e9dfd5e0713884e72936b0878b674a49f25.png
537bb013b6a0355a7cd93dfb789969aeb6a74659f92212c5678c199c39715e97,1,data/malware_images/images/Trickbot/537bb013b6a0355a7cd93dfb789969aeb6a74659f92212c5678c199c39715e97.png
6a07e270c189e9059526fc2570c7e4039f1140115e2f8544bba2b6f5923ac2ce,1,data/malware_images/images/GuLoader/6a07e270c189e9059526fc2570c7e4039f1140115e2f8544bba2b6f5923ac2ce.png
f4df6e543dfa257b4df9d4808036a71a4c78c691e4290e9f3d0f021e211532cf,1,data/malware_images/images/Heodo/f4df6e543dfa257b4df9d4808036a71a4c78c691e4290e9f3d0f021e211532cf.png
b295373a490bc40d100f666e120ab5c71fbdb9eb2efc2e484c96a7b0920fd09d,0,data/benign_original/benign/b295373a490bc40d100f666e120ab5c71fbdb9eb2efc2e484c96a7b0920fd09d.png
fe7f300d97e06e25f30bc98499b710d3cf0e952760d5b28478621567451c342a,0,data/benign_original/benign/fe7f300d97e06e25f30bc98499b710d3cf0e952760d5b28478621567451c342a.png
d3a8550fd9d8a3d1993fb1a0d1f6ecb0603685d319517766623c44fc1e65a398,0,data/benign_original/benign/d3a8550fd9d8a3d1993fb1a0d1f6ecb0603685d319517766623c44fc1e65a398.png
2090709916a41cfe9ae1ebf1fd4e1dc13803e1cbefac6b796a79311cb5a95e2b,1,data/malware_images/images/GuLoader/2090709916a41cfe9ae1ebf1fd4e1dc13803e1cbefac6b796a79311cb5a95e2b.png
b06ffc976a4583888c4b2ae7b7a02bb644623980a8f8eb2bde6eb6c3b5152aca,0,data/benign_original/benign/b06ffc976a4583888c4b2ae7b7a02bb644623980a8f8eb2bde6eb6c3b5152aca.png
6a47e59902717f6568359f6e9ce7830acec23526d9ab06f381bff148b41eb0d6,1,data/malware_images/images/Gozi/6a47e59902717f6568359f6e9ce7830acec23526d9ab06f381bff148b41eb0d6.png
ba9655532fb011a724c5c58356d4d4f9af6c46915aac025a1da3597f6648fcfb,0,data/benign_original/benign/ba9655532fb011a724c5c58356d4d4f9af6c46915aac025a1da3597f6648fcfb.png
f94b34e20013dbd1405e7b20255c128f1f015d351bab07bfa59f8c3448741ca1,0,data/benign_original/benign/f94b34e20013dbd1405e7b20255c128f1f015d351bab07bfa59f8c3448741ca1.png
f2362096a21c802fc89d9813e823f08a1e2ee76c972f863d604c2aa7f4a377e1,0,data/benign_original/benign/f2362096a21c802fc89d9813e823f08a1e2ee76c972f863d604c2aa7f4a377e1.png
5fb82f7ee9e79dbb68dde864188eb5dfafb9b2e0845ef0d81437333e60136c88,1,data/malware_images/images/Gozi/5fb82f7ee9e79dbb68dde864188eb5dfafb9b2e0845ef0d81437333e60136c88.png
c6b12dea5737c13462eb9597d69bdd139d5700ec7d9677dcc0a7d492e25db7be,0,data/benign_original/benign/c6b12dea5737c13462eb9597d69bdd139d5700ec7d9677dcc0a7d492e25db7be.png
c15f6e03c6b986559b44e903fe1cc13c266f50b41fac7bf8b059195c3319dd2c,1,data/malware_images/images/njrat/c15f6e03c6b986559b44e903fe1cc13c266f50b41fac7bf8b059195c3319dd2c.png
1f154758faeafdd279d8e7408e810da0da9763781187e33b219532af102db4d0,1,data/malware_images/images/Gozi/1f154758faeafdd279d8e7408e810da0da9763781187e33b219532af102db4d0.png
4b679c3139fa05c5df74d154d163fd044f91d6f125cde854037e899a0ee94ea1,1,data/malware_images/images/Gozi/4b679c3139fa05c5df74d154d163fd044f91d6f125cde854037e899a0ee94ea1.png
772af0f7012857db67cc335c4f4148537ec70cdcc622095643b64822bd07fb8c,1,data/malware_images/images/njrat/772af0f7012857db67cc335c4f4148537ec70cdcc622095643b64822bd07fb8c.png
06a92d78131078448860b18843f07975eca540964515de754d7efb70ce773e11,1,data/malware_images/images/njrat/06a92d78131078448860b18843f07975eca540964515de754d7efb70ce773e11.png
c861ae1201c1ae259c05a3e297e98749eddbadaf649d60aba55f6706f2057652,0,data/benign_original/benign/c861ae1201c1ae259c05a3e297e98749eddbadaf649d60aba55f6706f2057652.png
ee6570b952ddf8ad82c1434510e5a163eca8bc8d1cdb2f60222b98da8aae5fb1,1,data/malware_images/images/Heodo/ee6570b952ddf8ad82c1434510e5a163eca8bc8d1cdb2f60222b98da8aae5fb1.png
8e527462577df42ee1e5ec4c0a60a25275c1d65f12059312428ca27aacc38fb7,1,data/malware_images/images/Trickbot/8e527462577df42ee1e5ec4c0a60a25275c1d65f12059312428ca27aacc38fb7.png
af58e0c90c05fd9c109820889540996fae391ffeafc6350dc5c66e8771da1026,1,data/malware_images/images/njrat/af58e0c90c05fd9c109820889540996fae391ffeafc6350dc5c66e8771da1026.png
e6d77e80e058a29c942f845b8036c1fcbef9854c447575454c13b65f78614156,0,data/benign_original/benign/e6d77e80e058a29c942f845b8036c1fcbef9854c447575454c13b65f78614156.png
a115ee85fe3de9fd1da2aceb7d9bf0827107a343ceabc6763f2b120cb880c6c4,1,data/malware_images/images/njrat/a115ee85fe3de9fd1da2aceb7d9bf0827107a343ceabc6763f2b120cb880c6c4.png
f0f90c3add0f3b558baa328d4183ccb92589a85f0388e58ecaafa72fb58a16c5,1,data/malware_images/images/Gozi/f0f90c3add0f3b558baa328d4183ccb92589a85f0388e58ecaafa72fb58a16c5.png
2ec69ce4e9d202950617b3cbcfe5d58c1cdb5c95c8977141e6d972eb9d542801,1,data/malware_images/images/njrat/2ec69ce4e9d202950617b3cbcfe5d58c1cdb5c95c8977141e6d972eb9d542801.png
ec7aa7a15922903a25cf927c17fa3f6b12dad8678d104cf174652c5ff5f2d125,0,data/benign_original/benign/ec7aa7a15922903a25cf927c17fa3f6b12dad8678d104cf174652c5ff5f2d125.png
ddd32c2b59b66e1acaef3206dd82df78df4cfa2e3f29983a15271036139c4faf,0,data/benign_original/benign/ddd32c2b59b66e1acaef3206dd82df78df4cfa2e3f29983a15271036139c4faf.png
ffe96ae257a0d4980c39f364aa86832c4fa3fae798204c12040dd99352ed3bde,1,data/malware_images/images/Trickbot/ffe96ae257a0d4980c39f364aa86832c4fa3fae798204c12040dd99352ed3bde.png
53fcc304e0345e5af82a2f4cdaf1a7ede1a28f3e577675e31a04ab5123ccba02,1,data/malware_images/images/GuLoader/53fcc304e0345e5af82a2f4cdaf1a7ede1a28f3e577675e31a04ab5123ccba02.png
dac89632b34333c9b1eaca9bdcbc8fb5010067cb43d07eff9f5d94f7f58ff77a,0,data/benign_original/benign/dac89632b34333c9b1eaca9bdcbc8fb5010067cb43d07eff9f5d94f7f58ff77a.png
e28e294eae30688dd3a87a8e81d15715402f2e60cbd800a6dbe80142ca2c0bf4,0,data/benign_original/benign/e28e294eae30688dd3a87a8e81d15715402f2e60cbd800a6dbe80142ca2c0bf4.png
f8ac91d71c4174a35e07fc42229a97924bbb0e480cfdd0b11f3fbb4921e15056,0,data/benign_original/benign/f8ac91d71c4174a35e07fc42229a97924bbb0e480cfdd0b11f3fbb4921e15056.png
d42b9752a427e3283929b8a839c15d8f161840e9b053181c6ad2f88c2597e5a1,0,data/benign_original/benign/d42b9752a427e3283929b8a839c15d8f161840e9b053181c6ad2f88c2597e5a1.png
ba50fac33254e2ed71aff54fb5964033c0246a5122600742f875eab48dbc73c2,0,data/benign_original/benign/ba50fac33254e2ed71aff54fb5964033c0246a5122600742f875eab48dbc73c2.png
f3a6b18bc0b15221985311a8f55581e856de63201ce33aedc1a34b6e55a06d49,0,data/benign_original/benign/f3a6b18bc0b15221985311a8f55581e856de63201ce33aedc1a34b6e55a06d49.png
b1984e46bebbd05b17e89a0dd8a411c62316687267d67d3cc3e0f242c326f6aa,0,data/benign_original/benign/b1984e46bebbd05b17e89a0dd8a411c62316687267d67d3cc3e0f242c326f6aa.png
e495986b2a71369f3aab7f985ba5352aa527616d3306d92757fc6a835546e87e,0,data/benign_original/benign/e495986b2a71369f3aab7f985ba5352aa527616d3306d92757fc6a835546e87e.png
e15e175581173bb19a26a05cb7cf4ca26ce681a1d328e84341267a24be882f65,1,data/malware_images/images/GuLoader/e15e175581173bb19a26a05cb7cf4ca26ce681a1d328e84341267a24be882f65.png
c7d2298f925acb155efca3f522a60eef03d54e58c529b51fad0906cf67e31072,0,data/benign_original/benign/c7d2298f925acb155efca3f522a60eef03d54e58c529b51fad0906cf67e31072.png
ce5d332b2d4750d7a203ae797e7de423632bb16284ec2c12c04a63e8295bd887,1,data/malware_images/images/GuLoader/ce5d332b2d4750d7a203ae797e7de423632bb16284ec2c12c04a63e8295bd887.png
fc05fd5034021e7a641d1a7a1fb46340e5df828ec038dee48dc154881a207a3b,0,data/benign_original/benign/fc05fd5034021e7a641d1a7a1fb46340e5df828ec038dee48dc154881a207a3b.png
8666568119eeaa7af9cd210670acb86eeef2b0d77fb833e4c5a5177dd3cc7378,1,data/malware_images/images/Trickbot/8666568119eeaa7af9cd210670acb86eeef2b0d77fb833e4c5a5177dd3cc7378.png
e83f8faeef9f2ef01fea86ce1f116ad75af96c68d55dc223222a43c727892c3f,0,data/benign_original/benign/e83f8faeef9f2ef01fea86ce1f116ad75af96c68d55dc223222a43c727892c3f.png
8d32038c3b7cb259e462a077bfc86f64b478c38e4fff6ff9fe3ed0e741c87fa0,1,data/malware_images/images/njrat/8d32038c3b7cb259e462a077bfc86f64b478c38e4fff6ff9fe3ed0e741c87fa0.png
b35ff6ee113ffba0bfedf5acbf4e4922c68bc1e342aed38bc33e208ff806981a,0,data/benign_original/benign/b35ff6ee113ffba0bfedf5acbf4e4922c68bc1e342aed38bc33e208ff806981a.png
99f7eff0c8c9ded04023375bca954f5df27f5dc92033e7b8cbe87bf5c1406e07,1,data/malware_images/images/Trickbot/99f7eff0c8c9ded04023375bca954f5df27f5dc92033e7b8cbe87bf5c1406e07.png
48f477c0e4bbd9090ccc351302523fc8db1d9a94ecea1a7d90059e01757dc8a9,0,data/benign_original/benign/48f477c0e4bbd9090ccc351302523fc8db1d9a94ecea1a7d90059e01757dc8a9.png
8fc301b92c9145011a8f6a4f1e25c2c5c12a0bc25bac4325412d22d68e20f344,1,data/malware_images/images/njrat/8fc301b92c9145011a8f6a4f1e25c2c5c12a0bc25bac4325412d22d68e20f344.png
037be04d284eee9be089afbc6c1b6d70152f400fd303609c175eaf2acc73bcff,1,data/malware_images/images/njrat/037be04d284eee9be089afbc6c1b6d70152f400fd303609c175eaf2acc73bcff.png
d10784534d15234cc95a6b105885c8d785fd58f995e9f5799487581c18af1e03,0,data/benign_original/benign/d10784534d15234cc95a6b105885c8d785fd58f995e9f5799487581c18af1e03.png
7fd2d6334786adf1849a096e5709201f708cf981273fa2179b293871be4f3408,0,data/benign_original/benign/7fd2d6334786adf1849a096e5709201f708cf981273fa2179b293871be4f3408.png
3ef7a144877d2a35f82128c6f3d4d4e3d85a885588971dba54b51c15c4cab3ac,1,data/malware_images/images/njrat/3ef7a144877d2a35f82128c6f3d4d4e3d85a885588971dba54b51c15c4cab3ac.png
ea8fe98d7010c282d1dadec5be4ea567cad3b5772d9ac94b9bb7cff4c91b42ea,0,data/benign_original/benign/ea8fe98d7010c282d1dadec5be4ea567cad3b5772d9ac94b9bb7cff4c91b42ea.png
ba57aefc7df8397b5976d2ee7aeea5195644462f978ed65c98a55e4cc611e76a,0,data/benign_original/benign/ba57aefc7df8397b5976d2ee7aeea5195644462f978ed65c98a55e4cc611e76a.png
dcff37eac3e2e9571f4348f4941dc834c2d9cad045607626daf39b1b960ab26a,0,data/benign_original/benign/dcff37eac3e2e9571f4348f4941dc834c2d9cad045607626daf39b1b960ab26a.png
60cb915575571cb1875f15b6d19763bdf52535186c877867c1536e0df8c93fd9,1,data/malware_images/images/IcedID/60cb915575571cb1875f15b6d19763bdf52535186c877867c1536e0df8c93fd9.png
c21ee8e2030ead6d0bbcf7921c5e35f047101909ef4fbd54d7695130f35b7aca,0,data/benign_original/benign/c21ee8e2030ead6d0bbcf7921c5e35f047101909ef4fbd54d7695130f35b7aca.png
f23809150b9ab8cdde2e38049987f158ebd23f72e25488620c5da003da308b50,1,data/malware_images/images/Gozi/f23809150b9ab8cdde2e38049987f158ebd23f72e25488620c5da003da308b50.png
42f9e10113f04d60ab45760862f8c371e9d1a3f5f6f3d9457ed5d1f299bc0a38,0,data/benign_original/benign/42f9e10113f04d60ab45760862f8c371e9d1a3f5f6f3d9457ed5d1f299bc0a38.png
afefbced2b6b777bcaf43bccf71e6b7d062d676e595b5f9f254f4e261323159b,0,data/benign_original/benign/afefbced2b6b777bcaf43bccf71e6b7d062d676e595b5f9f254f4e261323159b.png
2f4f292a787841cda822a4a5c98b4dc3ed242d0b9051af0aaaf26baf707082c6,1,data/malware_images/images/GuLoader/2f4f292a787841cda822a4a5c98b4dc3ed242d0b9051af0aaaf26baf707082c6.png
d9443a9570059400c38e6852e7c51041e0b822d86c0df052af5fde42f1021c41,0,data/benign_original/benign/d9443a9570059400c38e6852e7c51041e0b822d86c0df052af5fde42f1021c41.png
464d6f177b27f77e27c20eba1dc0ee6e85ec4eb1715043c6af6deffb63982fd4,0,data/benign_original/benign/464d6f177b27f77e27c20eba1dc0ee6e85ec4eb1715043c6af6deffb63982fd4.png
2345f0d09655d6b337781eaf954cebca86f99ee04f1430e69cf1753024d0da74,1,data/malware_images/images/Gozi/2345f0d09655d6b337781eaf954cebca86f99ee04f1430e69cf1753024d0da74.png
b155a83cd2a33da9c9b89b8f979c42a3d39edf54e0d2937d3cffc22bd8b4274d,0,data/benign_original/benign/b155a83cd2a33da9c9b89b8f979c42a3d39edf54e0d2937d3cffc22bd8b4274d.png
ba38f08588d75d7ffd054253f4afd1d9803c2c0f5f390f35214c0b552840793d,1,data/malware_images/images/njrat/ba38f08588d75d7ffd054253f4afd1d9803c2c0f5f390f35214c0b552840793d.png
f0dc0efcd9d6cb23cd57f3b26e390e337d8237f1d699b30196d4eacb1d67b300,1,data/malware_images/images/Trickbot/f0dc0efcd9d6cb23cd57f3b26e390e337d8237f1d699b30196d4eacb1d67b300.png
ddc55ee5bbdcf914436f861ae61e1c337a29b76fd251785a268f80edecf33398,0,data/benign_original/benign/ddc55ee5bbdcf914436f861ae61e1c337a29b76fd251785a268f80edecf33398.png
9490b7c92ea125e0d31a3f3242f8a87f8e7cf5a23c003c2423422e3f740fd92c,1,data/malware_images/images/Gozi/9490b7c92ea125e0d31a3f3242f8a87f8e7cf5a23c003c2423422e3f740fd92c.png
40f107443010938f054a8a4cd781ee85a039aa24873d96504b61e6fe2a843222,1,data/malware_images/images/GuLoader/40f107443010938f054a8a4cd781ee85a039aa24873d96504b61e6fe2a843222.png
ab1f26c4c0e9babd0feed715e3d4b835ed68395492f2af089343eeba2005d25b,0,data/benign_original/benign/ab1f26c4c0e9babd0feed715e3d4b835ed68395492f2af089343eeba2005d25b.png
67fadfeccc66c338d0575516ac5acec9788e5be437e6924478292f92dcd4a8da,0,data/benign_original/benign/67fadfeccc66c338d0575516ac5acec9788e5be437e6924478292f92dcd4a8da.png
fd1d9a0bdcb2a7efb0fb761b303741cd262e10279b2d26c87be5b9bcd2c435f9,1,data/malware_images/images/njrat/fd1d9a0bdcb2a7efb0fb761b303741cd262e10279b2d26c87be5b9bcd2c435f9.png
d87b0327ba2b98557d06df81cad2ef2f7b41dbc542d861ab82434f1ab2d81200,0,data/benign_original/benign/d87b0327ba2b98557d06df81cad2ef2f7b41dbc542d861ab82434f1ab2d81200.png
f992f53cc0ee7931cf78e3aedd86fcd5109c25525a7cd8bfcbc28ff189987a7a,0,data/benign_original/benign/f992f53cc0ee7931cf78e3aedd86fcd5109c25525a7cd8bfcbc28ff189987a7a.png
26c86f34572cbf285c030bfe691770189343873dec993b629c37c40403bf9a4d,1,data/malware_images/images/njrat/26c86f34572cbf285c030bfe691770189343873dec993b629c37c40403bf9a4d.png
d494a2d941d8e6ac01dd413ac239a7d0e2becab856469975f9123f48a4e767f2,1,data/malware_images/images/njrat/d494a2d941d8e6ac01dd413ac239a7d0e2becab856469975f9123f48a4e767f2.png
4dec83fe986aca50f7975be4dc5287be2958b750569b9d1fcc75fb0cfacdb92a,1,data/malware_images/images/Gozi/4dec83fe986aca50f7975be4dc5287be2958b750569b9d1fcc75fb0cfacdb92a.png
18ef1715677de1aee41945784481cbcaa16c4e99753340b8844d2f9ad4c60b36,0,data/benign_original/benign/18ef1715677de1aee41945784481cbcaa16c4e99753340b8844d2f9ad4c60b36.png
c6d2999a955536317d26c8af91c2dab6ebe510fee1654137a0a8ea5f646c7714,1,data/malware_images/images/Trickbot/c6d2999a955536317d26c8af91c2dab6ebe510fee1654137a0a8ea5f646c7714.png
65b15324213d78f631c008da88303e6f49acaa5f995ffe20155a826a37883f99,1,data/malware_images/images/IcedID/65b15324213d78f631c008da88303e6f49acaa5f995ffe20155a826a37883f99.png
e4f239a82db383e571446b8f7fe3561342a3a3887d1b187ce389301d0457bba1,0,data/benign_original/benign/e4f239a82db383e571446b8f7fe3561342a3a3887d1b187ce389301d0457bba1.png
5f395718effb9e12ba89e7cbf74a8913aa145758e0833f683b47b72233e90ab4,1,data/malware_images/images/Gozi/5f395718effb9e12ba89e7cbf74a8913aa145758e0833f683b47b72233e90ab4.png
dca67959eadf6ccace9df76ca422544a5e2f1448ba7e8d71c6b371148c965777,1,data/malware_images/images/njrat/dca67959eadf6ccace9df76ca422544a5e2f1448ba7e8d71c6b371148c965777.png
da6ef1fb5836ab2b9530e5e41c129c9c7e7eaa54acfb9679961111046debab99,1,data/malware_images/images/njrat/da6ef1fb5836ab2b9530e5e41c129c9c7e7eaa54acfb9679961111046debab99.png
e6743d334651a9ac913b150c190378d79cfacffca4eee5bad305ebea2e877afc,1,data/malware_images/images/njrat/e6743d334651a9ac913b150c190378d79cfacffca4eee5bad305ebea2e877afc.png
ec2f973fed4f820a728e84f444c445b851972ee0c408d3635829dedb9ce9993a,0,data/benign_original/benign/ec2f973fed4f820a728e84f444c445b851972ee0c408d3635829dedb9ce9993a.png
da9672275e3bd304a795e908d5cf024c2dee08bda1a081f049151adbb7285d6f,0,data/benign_original/benign/da9672275e3bd304a795e908d5cf024c2dee08bda1a081f049151adbb7285d6f.png
3bd40348ad92e7e9fa3451df6f3e58935600f88003d5fd25fcd964940094cbdc,1,data/malware_images/images/Gozi/3bd40348ad92e7e9fa3451df6f3e58935600f88003d5fd25fcd964940094cbdc.png
2611cfa6bcd3f7091295874a0ec377d442b3075a546c6bbc9d07060a9c31cd49,1,data/malware_images/images/njrat/2611cfa6bcd3f7091295874a0ec377d442b3075a546c6bbc9d07060a9c31cd49.png
34eef7135516b1b79cd63b00b3a7262f713bdf3e3bd8d974e51a4233bdece30d,1,data/malware_images/images/GuLoader/34eef7135516b1b79cd63b00b3a7262f713bdf3e3bd8d974e51a4233bdece30d.png
3ef3619c3a30eb03404764d7267199efdda86e88b6f4f5ba20e641ffd253eecf,1,data/malware_images/images/IcedID/3ef3619c3a30eb03404764d7267199efdda86e88b6f4f5ba20e641ffd253eecf.png
e85852b2eb1df4630498aac28227830a76f3bfb99ed15f7ecdcc9b547a34e6b4,0,data/benign_original/benign/e85852b2eb1df4630498aac28227830a76f3bfb99ed15f7ecdcc9b547a34e6b4.png
f5bf492fe568eb57d2e7111b1c3927f1ee897b5a1109bc68ebe011a2dfdef2fe,0,data/benign_original/benign/f5bf492fe568eb57d2e7111b1c3927f1ee897b5a1109bc68ebe011a2dfdef2fe.png
f888221496147b75d54210c499498b02780082a4e241575c7374adf58c38d902,1,data/malware_images/images/GuLoader/f888221496147b75d54210c499498b02780082a4e241575c7374adf58c38d902.png
ccae475b281127a3280a51906a2ab50248c8b7f75c34e93c5bd62ccc0fded850,1,data/malware_images/images/njrat/ccae475b281127a3280a51906a2ab50248c8b7f75c34e93c5bd62ccc0fded850.png
c121e622cba664c953fea40474370b12362f9473502f8e971c9ef3153b3a87f7,0,data/benign_original/benign/c121e622cba664c953fea40474370b12362f9473502f8e971c9ef3153b3a87f7.png
73b29f398f562053377df537749cf01eb9d7545dc1be1f5f1af38802d390569d,1,data/malware_images/images/Gozi/73b29f398f562053377df537749cf01eb9d7545dc1be1f5f1af38802d390569d.png
d14f79a87b3eb45c277615f60cc3cce935e2c193d3cb5d299f58b1b73d2477f1,0,data/benign_original/benign/d14f79a87b3eb45c277615f60cc3cce935e2c193d3cb5d299f58b1b73d2477f1.png
6544a829f9f12862f119082a1c194be87d3cbaf588546bdba140a58c8cf89036,0,data/benign_original/benign/6544a829f9f12862f119082a1c194be87d3cbaf588546bdba140a58c8cf89036.png
bb9dd4a326ea63c7a74f7d49932014396824ddf22f88ac6431db103f5884aa9d,0,data/benign_original/benign/bb9dd4a326ea63c7a74f7d49932014396824ddf22f88ac6431db103f5884aa9d.png
dbe9da94c9e7bd581e8d842dd10d62fbde8347ac59e6f82a96387b81352e4e3d,0,data/benign_original/benign/dbe9da94c9e7bd581e8d842dd10d62fbde8347ac59e6f82a96387b81352e4e3d.png
845d91eb6a8f0a630970249fad1e3aefade136454021298e14653bd5c35b52b1,1,data/malware_images/images/njrat/845d91eb6a8f0a630970249fad1e3aefade136454021298e14653bd5c35b52b1.png
882a95450c7b8feea26feb3fd30b45123abb30551db552d9eec36c48d10e83fd,1,data/malware_images/images/Trickbot/882a95450c7b8feea26feb3fd30b45123abb30551db552d9eec36c48d10e83fd.png
c1e3a442b6a01c446b206790d2c1126cee7b1c44c97ac520cb88db0b0425f9bd,1,data/malware_images/images/IcedID/c1e3a442b6a01c446b206790d2c1126cee7b1c44c97ac520cb88db0b0425f9bd.png
6f1dea0b9fec9e4fd3c771c8a209c7853b41dee61d9e5cb1d11247e5d0fa60b0,1,data/malware_images/images/njrat/6f1dea0b9fec9e4fd3c771c8a209c7853b41dee61d9e5cb1d11247e5d0fa60b0.png
e74ff01d6412f87caf49182bdf1cae9e6d7200a3c176e37b7ff14b158f1a7433,1,data/malware_images/images/GuLoader/e74ff01d6412f87caf49182bdf1cae9e6d7200a3c176e37b7ff14b158f1a7433.png
f85afb050106918014dc983e45bc4616fee35bfd3dd89dd235cb3575c5f8d5c2,0,data/benign_original/benign/f85afb050106918014dc983e45bc4616fee35bfd3dd89dd235cb3575c5f8d5c2.png
3cf71a3be67568968cc8155d52041619f60042c5cb7fc6c3c75c839205bfb8cd,1,data/malware_images/images/GuLoader/3cf71a3be67568968cc8155d52041619f60042c5cb7fc6c3c75c839205bfb8cd.png
3aba3e9614bb207e3e1eea4a4b7375cabc0c9e5dd498c66fbda6d82744ac9867,1,data/malware_images/images/IcedID/3aba3e9614bb207e3e1eea4a4b7375cabc0c9e5dd498c66fbda6d82744ac9867.png
48b1a92588acbffde14a7629f2733bfa00e75bdc76ed1b1435d4b9d283394f8f,1,data/malware_images/images/Gozi/48b1a92588acbffde14a7629f2733bfa00e75bdc76ed1b1435d4b9d283394f8f.png
be4769172efd32bf0facadcb190517e9a9c28aeb4823d2e3b73ff187070debd9,0,data/benign_original/benign/be4769172efd32bf0facadcb190517e9a9c28aeb4823d2e3b73ff187070debd9.png
c9c132f072547b21e06dd82cfcc8e44c17299f3c06a688b612ef515abc0a07e4,0,data/benign_original/benign/c9c132f072547b21e06dd82cfcc8e44c17299f3c06a688b612ef515abc0a07e4.png
b86d8fb4e244e24f341aa23b4e185f7f0e5ca3d4f73ec1a748e2e2a1f1645f9e,0,data/benign_original/benign/b86d8fb4e244e24f341aa23b4e185f7f0e5ca3d4f73ec1a748e2e2a1f1645f9e.png
3dfb74874b9c0b32b66ce96a97170fc430fed51a7cfdbf361e6c4febe2935e5d,1,data/malware_images/images/IcedID/3dfb74874b9c0b32b66ce96a97170fc430fed51a7cfdbf361e6c4febe2935e5d.png
dc1df51abc40692856ba7e784f515ebd9d68f952ed064c41fecce0733e1934b5,0,data/benign_original/benign/dc1df51abc40692856ba7e784f515ebd9d68f952ed064c41fecce0733e1934b5.png
e141c1e5843b35ce2cb21870b2c8d4ee6e251e81a040999ef91088d504e6517a,0,data/benign_original/benign/e141c1e5843b35ce2cb21870b2c8d4ee6e251e81a040999ef91088d504e6517a.png
feb5b3512c236a338dd392ed46f27796be7621d7a6eb0cfae9e9518276c6ebe1,0,data/benign_original/benign/feb5b3512c236a338dd392ed46f27796be7621d7a6eb0cfae9e9518276c6ebe1.png
d3b00a7e3b21c636a1fb766d8706b6bc656f15c246481a5b22eb481ced66dbbe,0,data/benign_original/benign/d3b00a7e3b21c636a1fb766d8706b6bc656f15c246481a5b22eb481ced66dbbe.png
b4e4124508f097497216e61044dcfd77d86017e8967f00dd7a38d1e9e598cf43,1,data/malware_images/images/Gozi/b4e4124508f097497216e61044dcfd77d86017e8967f00dd7a38d1e9e598cf43.png
d6d125570f5921f57b6283b13dc4932e44369391872636c86767616df1ac0b9c,1,data/malware_images/images/njrat/d6d125570f5921f57b6283b13dc4932e44369391872636c86767616df1ac0b9c.png
0df0a487b38b5d9bdbc8e2c05ba4c639dfe09969f5f68c85da43b46c16a48f6b,1,data/malware_images/images/GuLoader/0df0a487b38b5d9bdbc8e2c05ba4c639dfe09969f5f68c85da43b46c16a48f6b.png
dbe32d04cbebda8e02202198f473fdac2530f8331c6051ee59c3570995c95f92,0,data/benign_original/benign/dbe32d04cbebda8e02202198f473fdac2530f8331c6051ee59c3570995c95f92.png
5c16a29cf3c297635c1d40f3c26e85a147f6c9a1de2fb1dfe9836a3c3b547057,1,data/malware_images/images/njrat/5c16a29cf3c297635c1d40f3c26e85a147f6c9a1de2fb1dfe9836a3c3b547057.png
4881256521a7ace4c7ed514c229535af949d6e296e7717f76d986abb2534fcc6,1,data/malware_images/images/GuLoader/4881256521a7ace4c7ed514c229535af949d6e296e7717f76d986abb2534fcc6.png
67edfc1e02c58e5fa4e316b1e140bb2d66407b875993a889029a6146861809da,1,data/malware_images/images/Gozi/67edfc1e02c58e5fa4e316b1e140bb2d66407b875993a889029a6146861809da.png
cb8cde3767d8e38655f63aaa24e43c5c4b0aa629dd57af7e79b24d079d2bc605,0,data/benign_original/benign/cb8cde3767d8e38655f63aaa24e43c5c4b0aa629dd57af7e79b24d079d2bc605.png
f04f7769994ad27ce07a885b62b30b4e17416e6f79a216317915dc7805329aa7,1,data/malware_images/images/Heodo/f04f7769994ad27ce07a885b62b30b4e17416e6f79a216317915dc7805329aa7.png
63b02ad3e16e03c71c0661087fbd8119e4ab9aa0713fa099921feda220f27af3,1,data/malware_images/images/Gozi/63b02ad3e16e03c71c0661087fbd8119e4ab9aa0713fa099921feda220f27af3.png
67b8515bda76fa51fbf5a3fa1731c776be35774d759007bb2b75901c83cf248d,1,data/malware_images/images/Trickbot/67b8515bda76fa51fbf5a3fa1731c776be35774d759007bb2b75901c83cf248d.png
c4ff7f68bbdae61e0a2c8762f5553fd99882852e25ed6fec949fcf5216ed2aaf,0,data/benign_original/benign/c4ff7f68bbdae61e0a2c8762f5553fd99882852e25ed6fec949fcf5216ed2aaf.png
c8c5f7a33661c4d533f40a9239420a1a8745992a45207accb311bc4e9af122fb,0,data/benign_original/benign/c8c5f7a33661c4d533f40a9239420a1a8745992a45207accb311bc4e9af122fb.png
b1e4c523233d8acb6f01f6724507c9d1c025ba8cdca984b40b7c0bd98448ef8b,0,data/benign_original/benign/b1e4c523233d8acb6f01f6724507c9d1c025ba8cdca984b40b7c0bd98448ef8b.png
e69402fa0f57cd843805b98c2c0a21e0fcefd2eed7975741238c97a038148ddb,0,data/benign_original/benign/e69402fa0f57cd843805b98c2c0a21e0fcefd2eed7975741238c97a038148ddb.png
0fbcedf08d9e262137afba702687b2de15822149e4a282b9249907134e5ef151,0,data/benign_original/benign/0fbcedf08d9e262137afba702687b2de15822149e4a282b9249907134e5ef151.png
4f9ee40b7d76b088cefa490c13237ad5bcfac195dbbac32d5f14d002189fa2c9,1,data/malware_images/images/Trickbot/4f9ee40b7d76b088cefa490c13237ad5bcfac195dbbac32d5f14d002189fa2c9.png
00121fcfdd4dd59e2cc603ddaae415fd17d782f0e89bf663beece329f7c168bd,1,data/malware_images/images/Trickbot/00121fcfdd4dd59e2cc603ddaae415fd17d782f0e89bf663beece329f7c168bd.png
ed272a73e61d3ddc0f6d70e54387bb7f07821ebbf91dfa6fde536c5c1dabfc2e,1,data/malware_images/images/njrat/ed272a73e61d3ddc0f6d70e54387bb7f07821ebbf91dfa6fde536c5c1dabfc2e.png
0f3147230c5cb47f3ef1aee503ea9368b53ef582815eb94e79cb5cc3fa7a5455,1,data/malware_images/images/Heodo/0f3147230c5cb47f3ef1aee503ea9368b53ef582815eb94e79cb5cc3fa7a5455.png
6d598b39ecf384c57da9034aacaa4b6775f644c4b51f0b907711f35aa2cd8047,1,data/malware_images/images/Trickbot/6d598b39ecf384c57da9034aacaa4b6775f644c4b51f0b907711f35aa2cd8047.png
823eb07c909c332450374977a21f944ef0cbf2bed7403971053fa4e61b3b02f2,1,data/malware_images/images/njrat/823eb07c909c332450374977a21f944ef0cbf2bed7403971053fa4e61b3b02f2.png
59f126b8835f10e846aff45b9cdba86dd627a4eab8aa25441d8e0e97036bf63d,1,data/malware_images/images/njrat/59f126b8835f10e846aff45b9cdba86dd627a4eab8aa25441d8e0e97036bf63d.png
57d1d4ea8ba37942a6c6e2db8190d2daf105dec86c5533e7b816c4faa2891c3e,1,data/malware_images/images/Trickbot/57d1d4ea8ba37942a6c6e2db8190d2daf105dec86c5533e7b816c4faa2891c3e.png
ddf66bb9e514b8fc2458b812408b0eb8fa4076e69e2c65e176d310864158ea38,1,data/malware_images/images/Trickbot/ddf66bb9e514b8fc2458b812408b0eb8fa4076e69e2c65e176d310864158ea38.png
c48e413f67204c5cb95fe511601460695666070586efc2370b1a72ec96ee139c,0,data/benign_original/benign/c48e413f67204c5cb95fe511601460695666070586efc2370b1a72ec96ee139c.png
f1a6b50255ea131758aeeef68fab18c749aca2168d1d6be208f68961d2e47be5,0,data/benign_original/benign/f1a6b50255ea131758aeeef68fab18c749aca2168d1d6be208f68961d2e47be5.png
48004e1a43344b272e186b0074655191dbf5520c746871b458e97dd519bd1e8d,1,data/malware_images/images/Trickbot/48004e1a43344b272e186b0074655191dbf5520c746871b458e97dd519bd1e8d.png
be31f8bc3ebd66fd9e55bb9d1f43cb7350dcb2c57d931bb361f8aad43940e796,0,data/benign_original/benign/be31f8bc3ebd66fd9e55bb9d1f43cb7350dcb2c57d931bb361f8aad43940e796.png
52c90aa57a38c5864085da2b2df44d4279a46c81d9b2e00bc7f9d4eaabcd2cbb,0,data/benign_original/benign/52c90aa57a38c5864085da2b2df44d4279a46c81d9b2e00bc7f9d4eaabcd2cbb.png
fc2d12c018cf4c09548f6eed9747137ab520664d6f2f9478db9d96d9ecc1a60d,1,data/malware_images/images/Gozi/fc2d12c018cf4c09548f6eed9747137ab520664d6f2f9478db9d96d9ecc1a60d.png
eab99f6eec3151de5c9037ce8763b6d98d51d0932171aeb151640bb749a9fe88,0,data/benign_original/benign/eab99f6eec3151de5c9037ce8763b6d98d51d0932171aeb151640bb749a9fe88.png
ce9318d682132ec72f84376d4c5bc67d97a9b55d811e0c53dbf56663adba052a,0,data/benign_original/benign/ce9318d682132ec72f84376d4c5bc67d97a9b55d811e0c53dbf56663adba052a.png
211bb94adab96e189a7a51ba8a7abd65bac0349728e6ca0708a4972cc7ad5b3e,1,data/malware_images/images/Gozi/211bb94adab96e189a7a51ba8a7abd65bac0349728e6ca0708a4972cc7ad5b3e.png
9dcec0be6a5886456ca7f286b3453de92be6752b088fd8f5f3e49aacbf268444,1,data/malware_images/images/IcedID/9dcec0be6a5886456ca7f286b3453de92be6752b088fd8f5f3e49aacbf268444.png
f62c18b00f87907a37c167dea4774e62593f769f796880776a837bb669f687ef,0,data/benign_original/benign/f62c18b00f87907a37c167dea4774e62593f769f796880776a837bb669f687ef.png
e38217ef2be169bf2066e9330520984bf04f39cfcf2b3e6643cb7f1a3124bb08,0,data/benign_original/benign/e38217ef2be169bf2066e9330520984bf04f39cfcf2b3e6643cb7f1a3124bb08.png
ba8f8eec63856153897b1fdf960577f2a506ca7705c4a06554033305a4b98ceb,0,data/benign_original/benign/ba8f8eec63856153897b1fdf960577f2a506ca7705c4a06554033305a4b98ceb.png
4c33d7c85ae6b19144edea55df4663fb476aaf102d86d812e624f22ae9c81213,0,data/benign_original/benign/4c33d7c85ae6b19144edea55df4663fb476aaf102d86d812e624f22ae9c81213.png
e09755fd3d305a65619846f8b1a1f65008c51f39e2842b2a89e5f5d37013d17b,1,data/malware_images/images/Gozi/e09755fd3d305a65619846f8b1a1f65008c51f39e2842b2a89e5f5d37013d17b.png
96bba127b43b518ff8714242dee393e5aa7aabff75a6df80cf45d9da1dbbdc94,1,data/malware_images/images/GuLoader/96bba127b43b518ff8714242dee393e5aa7aabff75a6df80cf45d9da1dbbdc94.png
d86afeb17cbb2776a0a96398c1b546a9762f0cb3f9bb8adb49f1ce79e594c338,0,data/benign_original/benign/d86afeb17cbb2776a0a96398c1b546a9762f0cb3f9bb8adb49f1ce79e594c338.png
495f293d66ce389f13170eb3d3156183dac4af875b2032b2dd96062212f81f1d,1,data/malware_images/images/Heodo/495f293d66ce389f13170eb3d3156183dac4af875b2032b2dd96062212f81f1d.png
e5eee9ea8b3cf4c9e65411a9f64fab73ae91c63db3cbeeac0a8df8a83ca4f179,0,data/benign_original/benign/e5eee9ea8b3cf4c9e65411a9f64fab73ae91c63db3cbeeac0a8df8a83ca4f179.png
cc7e49b1cb0eeb770032248630a4352b7a420705788684ca94af2f7492ed46f0,0,data/benign_original/benign/cc7e49b1cb0eeb770032248630a4352b7a420705788684ca94af2f7492ed46f0.png
060fb50d465602d9430f4f2132c14c0b758ddda70dea9ab92bd0985e4a37d895,1,data/malware_images/images/Trickbot/060fb50d465602d9430f4f2132c14c0b758ddda70dea9ab92bd0985e4a37d895.png
5708fb705ad807570bb1611853bc205e353a13301a175aa73d97b26f638ac4af,1,data/malware_images/images/Gozi/5708fb705ad807570bb1611853bc205e353a13301a175aa73d97b26f638ac4af.png
7850c199221973f8b76c8567f7e7cec2ce840069974672f6170107726a7cfde0,1,data/malware_images/images/IcedID/7850c199221973f8b76c8567f7e7cec2ce840069974672f6170107726a7cfde0.png
1942ffcb0378786e9e6476c711c8636e476ab440f745062bd73c1e752f611ae1,0,data/benign_original/benign/1942ffcb0378786e9e6476c711c8636e476ab440f745062bd73c1e752f611ae1.png
8b658db99f95a84d2dade78aeccec5be93b25392ffc80f78b457c3523827e7d2,0,data/benign_original/benign/8b658db99f95a84d2dade78aeccec5be93b25392ffc80f78b457c3523827e7d2.png
d36071884086b10b302c2acd43c33d15fe73369b927ba9002d32db9409567241,0,data/benign_original/benign/d36071884086b10b302c2acd43c33d15fe73369b927ba9002d32db9409567241.png
287d0ecfcd57406c1ba9f1fd075660c71e0facce44a0676fa37fbd24337e543c,1,data/malware_images/images/IcedID/287d0ecfcd57406c1ba9f1fd075660c71e0facce44a0676fa37fbd24337e543c.png
c1b87a0856f66646b477457184a8bf2a21c18271c140a6156074e877ee13ef26,0,data/benign_original/benign/c1b87a0856f66646b477457184a8bf2a21c18271c140a6156074e877ee13ef26.png
cfd1c2d34feb7d94f282e97bf762a99bfa7309dc7353d96dfe4aadc187d26c67,0,data/benign_original/benign/cfd1c2d34feb7d94f282e97bf762a99bfa7309dc7353d96dfe4aadc187d26c67.png
f5c675a78e1ceb19126c0a218591be162be57e08ebf92da035e8b3adfa8367bd,1,data/malware_images/images/GuLoader/f5c675a78e1ceb19126c0a218591be162be57e08ebf92da035e8b3adfa8367bd.png
3485a54aaddd3a9993a458638d67aca67ef59723547f0519c1e7b2d7555e0670,1,data/malware_images/images/njrat/3485a54aaddd3a9993a458638d67aca67ef59723547f0519c1e7b2d7555e0670.png
cf29aac4fc3bc4da19f2d8789fb8082c97e74b36698b88c60427007fc109c372,0,data/benign_original/benign/cf29aac4fc3bc4da19f2d8789fb8082c97e74b36698b88c60427007fc109c372.png
cf9cd3a37106a31de68ed8832455f712ac3189a8b3a40725112cbb6bcce94675,0,data/benign_original/benign/cf9cd3a37106a31de68ed8832455f712ac3189a8b3a40725112cbb6bcce94675.png
45100eae0d92ac2d1142ffd48e6b478c78ca3707601705e867e0e6597e385c5d,1,data/malware_images/images/IcedID/45100eae0d92ac2d1142ffd48e6b478c78ca3707601705e867e0e6597e385c5d.png
6b1ab8912b049fb317ae11442e69d43bfe7bec329578397aca357141ecca7c7f,1,data/malware_images/images/Trickbot/6b1ab8912b049fb317ae11442e69d43bfe7bec329578397aca357141ecca7c7f.png
d2ee332f32f881ec50352b9242da57f372e858f3262e03ec543ac9a1908ff440,0,data/benign_original/benign/d2ee332f32f881ec50352b9242da57f372e858f3262e03ec543ac9a1908ff440.png
b911d8d1debedd47b9c599e62b24a27405441a12ee8b7d749e56b59ee53d4fba,0,data/benign_original/benign/b911d8d1debedd47b9c599e62b24a27405441a12ee8b7d749e56b59ee53d4fba.png
b497bcf8d8acaf7a9fcde5cc4afbb7ecce2b665a7a8f8847d498923bb975d885,0,data/benign_original/benign/b497bcf8d8acaf7a9fcde5cc4afbb7ecce2b665a7a8f8847d498923bb975d885.png
08f5ef616dbe41f67df7fe1deadf6cefb27b67ea6d92526eacfd12b4d5835f5a,1,data/malware_images/images/njrat/08f5ef616dbe41f67df7fe1deadf6cefb27b67ea6d92526eacfd12b4d5835f5a.png
d9f3259ed6dd002da5c299ed2d2541bcb9525d7725a23b7ef338ac8dc3622125,0,data/benign_original/benign/d9f3259ed6dd002da5c299ed2d2541bcb9525d7725a23b7ef338ac8dc3622125.png
fe9657b85008bd33aabe09474a59cc7e1f4ba7865865ace11bb621d8147d31ed,0,data/benign_original/benign/fe9657b85008bd33aabe09474a59cc7e1f4ba7865865ace11bb621d8147d31ed.png
6ccf507e97708d9639db6aa0cfd580473b10681e29728aedcfbfd416d68dfa7d,1,data/malware_images/images/njrat/6ccf507e97708d9639db6aa0cfd580473b10681e29728aedcfbfd416d68dfa7d.png
b43bdd50b3447b34269da6cb006942a16fcca55778d2032c966ccd2c058239f1,0,data/benign_original/benign/b43bdd50b3447b34269da6cb006942a16fcca55778d2032c966ccd2c058239f1.png
c004bcb9a1b88873e36495a529c5e4614040d66a66880e34ab0d158ad09623a8,1,data/malware_images/images/GuLoader/c004bcb9a1b88873e36495a529c5e4614040d66a66880e34ab0d158ad09623a8.png
e9008c0e96caeb0ab39ec9ea54a346d054d2f09804233c554162db8302a39d2e,1,data/malware_images/images/Gozi/e9008c0e96caeb0ab39ec9ea54a346d054d2f09804233c554162db8302a39d2e.png
b7f1686784c1825556e2bc76339b7d791b463001cf88ceb73ce2ac0170fe119a,1,data/malware_images/images/Trickbot/b7f1686784c1825556e2bc76339b7d791b463001cf88ceb73ce2ac0170fe119a.png
77a515e1386c93a5d4279ba333c7f5913cdbaf0c93fa53a3d20d28883583aa96,0,data/benign_original/benign/77a515e1386c93a5d4279ba333c7f5913cdbaf0c93fa53a3d20d28883583aa96.png
de0bcae9cd335ee410c4f630eb2b2aae99e0becb6724b687a275332cdf7ab061,0,data/benign_original/benign/de0bcae9cd335ee410c4f630eb2b2aae99e0becb6724b687a275332cdf7ab061.png
75ecd5d9f78fbcc887e9ee5559c4a470eacdbffb248f63a2008ad91dd1d5947f,1,data/malware_images/images/IcedID/75ecd5d9f78fbcc887e9ee5559c4a470eacdbffb248f63a2008ad91dd1d5947f.png
54c0fd259482c0182d9fe95d07de7b6525b2e6e0f091e155044ec1c81effd7f4,1,data/malware_images/images/Trickbot/54c0fd259482c0182d9fe95d07de7b6525b2e6e0f091e155044ec1c81effd7f4.png
f76b0e2dfc97b1f59d735b940c992c779206e08f967b9d69f65923be6178124d,0,data/benign_original/benign/f76b0e2dfc97b1f59d735b940c992c779206e08f967b9d69f65923be6178124d.png
6427f0361a3101a575c54575674ca52a241b8b295954609ce2dd5d5200c0b3a8,1,data/malware_images/images/njrat/6427f0361a3101a575c54575674ca52a241b8b295954609ce2dd5d5200c0b3a8.png
bcce8a27b2e1e586064b62eb86bb476f095e53cd8cd6712d0d700ab14d92e240,0,data/benign_original/benign/bcce8a27b2e1e586064b62eb86bb476f095e53cd8cd6712d0d700ab14d92e240.png
c691aca875e93170fe2fefea018214d940d65d13ca63084c0815fed8355e51aa,0,data/benign_original/benign/c691aca875e93170fe2fefea018214d940d65d13ca63084c0815fed8355e51aa.png
eee3532d5338d41ce8e847612f96fe21321663da856c2de2a45cfdafbb27ba71,0,data/benign_original/benign/eee3532d5338d41ce8e847612f96fe21321663da856c2de2a45cfdafbb27ba71.png
ffa8a6d8492c2afaea7d97236817afa2691c561f651f817dc53cd0dcb0cb2779,0,data/benign_original/benign/ffa8a6d8492c2afaea7d97236817afa2691c561f651f817dc53cd0dcb0cb2779.png
7eef714fc5db03b3f45f8e2226e4c3876864f2baa13ca1730324147ca6957c96,0,data/benign_original/benign/7eef714fc5db03b3f45f8e2226e4c3876864f2baa13ca1730324147ca6957c96.png
e26573bf8a8b859d65d3b5e258764384e269ea08fd25a5d68d6a25708798c42f,0,data/benign_original/benign/e26573bf8a8b859d65d3b5e258764384e269ea08fd25a5d68d6a25708798c42f.png
f7238271d546f60f0d7e73372d32b54ae7464c01925843d62fd16412a951f4b7,0,data/benign_original/benign/f7238271d546f60f0d7e73372d32b54ae7464c01925843d62fd16412a951f4b7.png
5d2496409bc45e1e74efbc0c0802af37b26f077beb91ae8ed55ffb0cfe4bdc79,0,data/benign_original/benign/5d2496409bc45e1e74efbc0c0802af37b26f077beb91ae8ed55ffb0cfe4bdc79.png
88074ad5ef81ea04eff4d7992518f1e3c8070ef0798bd4eb41f652422b89bf11,1,data/malware_images/images/njrat/88074ad5ef81ea04eff4d7992518f1e3c8070ef0798bd4eb41f652422b89bf11.png
53ce707d338c0e2b41d5206f32333112c7ca512c29dd0a86bf52dfdbd679abb3,1,data/malware_images/images/IcedID/53ce707d338c0e2b41d5206f32333112c7ca512c29dd0a86bf52dfdbd679abb3.png
c60e63b9379343fbe9873f92ce9395086460d058f9a3390bc7c00b2bbbb7de6d,1,data/malware_images/images/njrat/c60e63b9379343fbe9873f92ce9395086460d058f9a3390bc7c00b2bbbb7de6d.png
bbb44461205442d3644ee3137f495777b46d2cc9cc2039a6138571037c843342,1,data/malware_images/images/njrat/bbb44461205442d3644ee3137f495777b46d2cc9cc2039a6138571037c843342.png
b55630466b512b94b043679750486282258b1225c109b0342e17d1b959f29653,0,data/benign_original/benign/b55630466b512b94b043679750486282258b1225c109b0342e17d1b959f29653.png
634de4133f7682703e21d4f98fdf1f5d761edf17882a8b37622c95d0182e582f,1,data/malware_images/images/IcedID/634de4133f7682703e21d4f98fdf1f5d761edf17882a8b37622c95d0182e582f.png
da52dddf3fb5de8859dd962bc96eeb267fc4e723682c3defec35672be1441e5e,1,data/malware_images/images/GuLoader/da52dddf3fb5de8859dd962bc96eeb267fc4e723682c3defec35672be1441e5e.png
4888f20f69768fe2eceaab071e1866782db2076b0321e28b72cdf454d6385c35,1,data/malware_images/images/GuLoader/4888f20f69768fe2eceaab071e1866782db2076b0321e28b72cdf454d6385c35.png
1c5d62faf52292128204dad49f16f2d4fd96d93c98a1091b81f7eb759bb1ca52,1,data/malware_images/images/Gozi/1c5d62faf52292128204dad49f16f2d4fd96d93c98a1091b81f7eb759bb1ca52.png
a465bb38250994671f200d8c66cfc0718354bc8974713ba6f9f3eb15a4acec7d,1,data/malware_images/images/GuLoader/a465bb38250994671f200d8c66cfc0718354bc8974713ba6f9f3eb15a4acec7d.png
8a3b07e5579c9bd0f7e52dd0bc94558b79db88ad8bd8f2287ae343e3e4c05533,1,data/malware_images/images/Gozi/8a3b07e5579c9bd0f7e52dd0bc94558b79db88ad8bd8f2287ae343e3e4c05533.png
b34a7e635132f271dcd6eb28ebf62389120eb4ccbc3c75231bedb1c909c19b39,0,data/benign_original/benign/b34a7e635132f271dcd6eb28ebf62389120eb4ccbc3c75231bedb1c909c19b39.png
7eb57edf1c6f856e1d745e736d01e5af90d75a3c3c44196eb137282748baa943,1,data/malware_images/images/IcedID/7eb57edf1c6f856e1d745e736d01e5af90d75a3c3c44196eb137282748baa943.png
4174aa307e33ea995f4d8961d15f03948f3d5cf0dc79aff067fbcf0646cb8ab6,1,data/malware_images/images/njrat/4174aa307e33ea995f4d8961d15f03948f3d5cf0dc79aff067fbcf0646cb8ab6.png
b6286b87365645972bb25fc978ccfe7215964d3cbc401e57ba428b4864d7f05d,0,data/benign_original/benign/b6286b87365645972bb25fc978ccfe7215964d3cbc401e57ba428b4864d7f05d.png
ee1e5a594eabe32c219f38b174c673ead99d4961ce1a09909cdd9afacfbc3c81,1,data/malware_images/images/IcedID/ee1e5a594eabe32c219f38b174c673ead99d4961ce1a09909cdd9afacfbc3c81.png
f941b0c61f2a87cc964cdcfec4d042b790d5ce36c0264895601a2e380d278039,0,data/benign_original/benign/f941b0c61f2a87cc964cdcfec4d042b790d5ce36c0264895601a2e380d278039.png
193559a7079b2d7d1792fff34df64fc55978a1e30a5346a85adadcf8336e97ac,1,data/malware_images/images/Trickbot/193559a7079b2d7d1792fff34df64fc55978a1e30a5346a85adadcf8336e97ac.png
c4ed8f65c5a0dbf325482a69ab9f8cbd8c97d6120b87ce90ac4cba54ac7d377a,0,data/benign_original/benign/c4ed8f65c5a0dbf325482a69ab9f8cbd8c97d6120b87ce90ac4cba54ac7d377a.png
f02f557a59201bb4072b6c3b572a1b19797b8c537554dd0f79f85c8dd4746109,1,data/malware_images/images/njrat/f02f557a59201bb4072b6c3b572a1b19797b8c537554dd0f79f85c8dd4746109.png
557b9a386992cb43f7fba817c603942c51d2d6f03bc78cdddeb4b2fad2b3cf41,1,data/malware_images/images/Gozi/557b9a386992cb43f7fba817c603942c51d2d6f03bc78cdddeb4b2fad2b3cf41.png
d677bf4d447c4943c480234c38bea3a6744efb76b7ea68e32945d5aefed37efe,1,data/malware_images/images/Trickbot/d677bf4d447c4943c480234c38bea3a6744efb76b7ea68e32945d5aefed37efe.png
346b977e05b99881c7ec168c2fa0b68f84ec633d764eb52dd9795e372f45b1b4,1,data/malware_images/images/Gozi/346b977e05b99881c7ec168c2fa0b68f84ec633d764eb52dd9795e372f45b1b4.png
ce52ac3e21a15601de9e092f8d50999a9f42178ef4604d8a037074a983aef16b,0,data/benign_original/benign/ce52ac3e21a15601de9e092f8d50999a9f42178ef4604d8a037074a983aef16b.png
ff7222b433477e4794dbfd8b0ad34dc4e6397c7673fe431c6710c6e77a69b78c,1,data/malware_images/images/IcedID/ff7222b433477e4794dbfd8b0ad34dc4e6397c7673fe431c6710c6e77a69b78c.png
686bf1774b5c836356d355f0685c9ef7e937283a0064f703249a5086bae27531,0,data/benign_original/benign/686bf1774b5c836356d355f0685c9ef7e937283a0064f703249a5086bae27531.png
e82d2242c6dc3a63873537bdace52b84b64e8d2bbe0695091d3687c1b64e0ffe,0,data/benign_original/benign/e82d2242c6dc3a63873537bdace52b84b64e8d2bbe0695091d3687c1b64e0ffe.png
6083dd3402a00d72b505d62e80213fef8b4eb15534c01c599277bd8a8e047d88,1,data/malware_images/images/Trickbot/6083dd3402a00d72b505d62e80213fef8b4eb15534c01c599277bd8a8e047d88.png
c3afcf2e6f64303f8377793255b38f6d677ca8eab9eddae65693c1235d05a1ae,0,data/benign_original/benign/c3afcf2e6f64303f8377793255b38f6d677ca8eab9eddae65693c1235d05a1ae.png
e049faa6233096de5bebec0065eecc515fdb1765742cb7d73cd15061a7354de4,0,data/benign_original/benign/e049faa6233096de5bebec0065eecc515fdb1765742cb7d73cd15061a7354de4.png
ea8df2deaef8eea4c6d8a316c6b1a9327b4ad6c720ffda87da65166cedaf2836,1,data/malware_images/images/njrat/ea8df2deaef8eea4c6d8a316c6b1a9327b4ad6c720ffda87da65166cedaf2836.png
c1203c04f86071ae48b679e23a4e6baadff8ce8eebf24158699474050294c137,1,data/malware_images/images/Trickbot/c1203c04f86071ae48b679e23a4e6baadff8ce8eebf24158699474050294c137.png
daff63c2c374463e0cf476b5cbadf2d58d0dade0bb0c29ddae543a69ba34fb93,0,data/benign_original/benign/daff63c2c374463e0cf476b5cbadf2d58d0dade0bb0c29ddae543a69ba34fb93.png
e05bf9d3c5fb71cd64e5d543f30f63e6f5474542ba6f657a8333b600affd920a,0,data/benign_original/benign/e05bf9d3c5fb71cd64e5d543f30f63e6f5474542ba6f657a8333b600affd920a.png
5eeaff8f0215c9d59315dacb4e03b4afc8a3451e6878d3c8347886b84b68840b,1,data/malware_images/images/Trickbot/5eeaff8f0215c9d59315dacb4e03b4afc8a3451e6878d3c8347886b84b68840b.png
f0982a907ab496ea7730c94cc4ab330de5112f3599459f684a9b0f566fdf689e,1,data/malware_images/images/njrat/f0982a907ab496ea7730c94cc4ab330de5112f3599459f684a9b0f566fdf689e.png
1b399f61e57266427a5fceb4f3df6a337304832e24579c43385b59cfd660e068,0,data/benign_original/benign/1b399f61e57266427a5fceb4f3df6a337304832e24579c43385b59cfd660e068.png
da97458433211f9901d8028600bdded7c5a01f1eecebacc488cd02eaa093b5d8,1,data/malware_images/images/njrat/da97458433211f9901d8028600bdded7c5a01f1eecebacc488cd02eaa093b5d8.png
f38245f05ef8fed0c8847e7f9b7a3e5b865e8a32b7d836513a4b8f06963cfbef,0,data/benign_original/benign/f38245f05ef8fed0c8847e7f9b7a3e5b865e8a32b7d836513a4b8f06963cfbef.png
4e34959fc64a858ee136eadbe68b417e972db2e4f1261f28a80fedc36b9ca94d,1,data/malware_images/images/GuLoader/4e34959fc64a858ee136eadbe68b417e972db2e4f1261f28a80fedc36b9ca94d.png
3d1ac5f16b486805bfea6e9152cc60251b7e8f4a8580187afef978347e523f46,0,data/benign_original/benign/3d1ac5f16b486805bfea6e9152cc60251b7e8f4a8580187afef978347e523f46.png
6bb70e81edc34e15d9798b317300d7758042db033a91efd7a40efa5e45a3cfa5,0,data/benign_original/benign/6bb70e81edc34e15d9798b317300d7758042db033a91efd7a40efa5e45a3cfa5.png
f2771e7307f0a2ce36ff0fd0d7c5f6e810c1610ec6dabbf92e472db071fadf8b,1,data/malware_images/images/IcedID/f2771e7307f0a2ce36ff0fd0d7c5f6e810c1610ec6dabbf92e472db071fadf8b.png
4d9a58a098d1489842f18a4692b49989b1f0adbc32992628dddc095d84eb83cd,1,data/malware_images/images/Heodo/4d9a58a098d1489842f18a4692b49989b1f0adbc32992628dddc095d84eb83cd.png
827c8b3a6a54056b200d288c60b29c59e4f67dd9144e96ac79ebc79ece4f4997,0,data/benign_original/benign/827c8b3a6a54056b200d288c60b29c59e4f67dd9144e96ac79ebc79ece4f4997.png
5175d4069b4f41b697f937821124fd31db2fcace8f5542eb245340231a1771a4,1,data/malware_images/images/Trickbot/5175d4069b4f41b697f937821124fd31db2fcace8f5542eb245340231a1771a4.png
ed34d4eba0bc7d434f32bb9bca0147632592656ddf0c2aa892fbee54b0850ff1,1,data/malware_images/images/njrat/ed34d4eba0bc7d434f32bb9bca0147632592656ddf0c2aa892fbee54b0850ff1.png
ca145f79b7b6c1b83e3edd47cb458c98d68a0b343aceb1a3de12949c566a9d36,1,data/malware_images/images/GuLoader/ca145f79b7b6c1b83e3edd47cb458c98d68a0b343aceb1a3de12949c566a9d36.png
b772266d1493844fb2713a1316281f13784552ee3bebd39daaa95b909591e145,0,data/benign_original/benign/b772266d1493844fb2713a1316281f13784552ee3bebd39daaa95b909591e145.png
de8d08d01291df93821314176381f3d1ae863e6c5584a7f8ea42f0b94b15ef65,0,data/benign_original/benign/de8d08d01291df93821314176381f3d1ae863e6c5584a7f8ea42f0b94b15ef65.png
d7ac8d3bc7add86afaa3fba2f642c6af9474c26ecdbf060f1a104ab990e90465,0,data/benign_original/benign/d7ac8d3bc7add86afaa3fba2f642c6af9474c26ecdbf060f1a104ab990e90465.png
dc81ccbe500b5172e67f7e2e66ee4acb3fc99840c8e40962c9d36bb0cf32e3f2,0,data/benign_original/benign/dc81ccbe500b5172e67f7e2e66ee4acb3fc99840c8e40962c9d36bb0cf32e3f2.png
d410fcb90a74115f865460be1028372b62fb283e9e1db5eabdc84a530e13c218,0,data/benign_original/benign/d410fcb90a74115f865460be1028372b62fb283e9e1db5eabdc84a530e13c218.png
2f3f4acdc6c9e5008c2f89a09e0734616213390882b7828494b5320164583495,1,data/malware_images/images/Trickbot/2f3f4acdc6c9e5008c2f89a09e0734616213390882b7828494b5320164583495.png
7230968208169f32697afe22a58dd045687f5c64c5c20b0d0471e4b9aa37c783,0,data/benign_original/benign/7230968208169f32697afe22a58dd045687f5c64c5c20b0d0471e4b9aa37c783.png
b0a70c59a259d6e110e6dcd10aff261f75cc391f23c18cc1b256fe1dc66613fa,0,data/benign_original/benign/b0a70c59a259d6e110e6dcd10aff261f75cc391f23c18cc1b256fe1dc66613fa.png
c95170baa0f71e6bed043b964001a8142ae26e97a20188ab4ba1944e4cb687c8,0,data/benign_original/benign/c95170baa0f71e6bed043b964001a8142ae26e97a20188ab4ba1944e4cb687c8.png
fb038a3f6029aacb251d4c79fad083865ef2a01efbbd94572ada383dcf6e2f57,0,data/benign_original/benign/fb038a3f6029aacb251d4c79fad083865ef2a01efbbd94572ada383dcf6e2f57.png
fb70c93a69e7d848c11f0befa3aa50225caff99d5b944a910ada51534e7d6e15,0,data/benign_original/benign/fb70c93a69e7d848c11f0befa3aa50225caff99d5b944a910ada51534e7d6e15.png
275ce54f0c6d9728c780d4faca7048929c129a518b0a14ff0f7295240821c238,1,data/malware_images/images/IcedID/275ce54f0c6d9728c780d4faca7048929c129a518b0a14ff0f7295240821c238.png
b471f272c4c7c35ab41b611d458ea91ac3111e6172af17307362a566992441c3,0,data/benign_original/benign/b471f272c4c7c35ab41b611d458ea91ac3111e6172af17307362a566992441c3.png
dc42b8fc1af85390d9027f2a96d78462357916919ae12e3d2d695f58404fd492,0,data/benign_original/benign/dc42b8fc1af85390d9027f2a96d78462357916919ae12e3d2d695f58404fd492.png
b12f546989ee80b0f657f8a784a6523cd959239f06b4eb13f02ddde3e039f517,0,data/benign_original/benign/b12f546989ee80b0f657f8a784a6523cd959239f06b4eb13f02ddde3e039f517.png
7f45f05deb1dea02a6047b09fd8a140abad5959407e363df3011e9250551a493,1,data/malware_images/images/Gozi/7f45f05deb1dea02a6047b09fd8a140abad5959407e363df3011e9250551a493.png
b00b024aed951ae739d0a32bdcc9fbb0a2c00063a21b74ea7cf8037db713ebd3,0,data/benign_original/benign/b00b024aed951ae739d0a32bdcc9fbb0a2c00063a21b74ea7cf8037db713ebd3.png
bd3858131a4361c1578b067b3a4d5e6f0fb39a9c751746b0029d4ae3ca5a5cb5,0,data/benign_original/benign/bd3858131a4361c1578b067b3a4d5e6f0fb39a9c751746b0029d4ae3ca5a5cb5.png
3ade913d64b215c53ea446147f59738d870c8f46e7f4cbd10b2212e804ab6f73,1,data/malware_images/images/GuLoader/3ade913d64b215c53ea446147f59738d870c8f46e7f4cbd10b2212e804ab6f73.png
ebf0d8a9efaffe98c9bc9aabb24d9dee32a7662dca50e4010cc706c091463375,1,data/malware_images/images/njrat/ebf0d8a9efaffe98c9bc9aabb24d9dee32a7662dca50e4010cc706c091463375.png
d9749fc39e9144bee82a44de853670e775de0e69f8a0f94857db6f7426d81425,0,data/benign_original/benign/d9749fc39e9144bee82a44de853670e775de0e69f8a0f94857db6f7426d81425.png
edd266d4636b34441d3cb1f9a0e91ab3543bdfceb1ae5f70c2a86df6ac824bc4,0,data/benign_original/benign/edd266d4636b34441d3cb1f9a0e91ab3543bdfceb1ae5f70c2a86df6ac824bc4.png
ebe139e495de76299dc357356c3b558382bb5ee5a355655389f1fc4297f35d26,0,data/benign_original/benign/ebe139e495de76299dc357356c3b558382bb5ee5a355655389f1fc4297f35d26.png
02a7af94b1f84a7a79fb1c962149dee01dfc4dda896600466ae36ee1b245cb43,1,data/malware_images/images/Trickbot/02a7af94b1f84a7a79fb1c962149dee01dfc4dda896600466ae36ee1b245cb43.png
fedac35ed36da99e7bbac63f6e7909a8a8d99db90df95d9041d4afd76c519ace,0,data/benign_original/benign/fedac35ed36da99e7bbac63f6e7909a8a8d99db90df95d9041d4afd76c519ace.png
ef0e1c8217ff645ec599683ebbef4dad00cea679866fa1a6eebb42efd065bddc,0,data/benign_original/benign/ef0e1c8217ff645ec599683ebbef4dad00cea679866fa1a6eebb42efd065bddc.png
c2bcfcf14b112031c227ef54fd8abbfb274967ee8ea34a1e90ad337ae1a6df41,0,data/benign_original/benign/c2bcfcf14b112031c227ef54fd8abbfb274967ee8ea34a1e90ad337ae1a6df41.png
9a7c41627b07636a2f1a3bd48809f2dc10b4ef0e5276386fbfc96dc3ca9204f0,1,data/malware_images/images/njrat/9a7c41627b07636a2f1a3bd48809f2dc10b4ef0e5276386fbfc96dc3ca9204f0.png
ed561dd12f9cbdd028370a521b65d12d8742a230715d30cb82f1f28f340da93e,1,data/malware_images/images/Trickbot/ed561dd12f9cbdd028370a521b65d12d8742a230715d30cb82f1f28f340da93e.png
e5431fafc8aa54e4d435d320895391ae610e6fcb34c8dd12ba7733a560acdcc4,0,data/benign_original/benign/e5431fafc8aa54e4d435d320895391ae610e6fcb34c8dd12ba7733a560acdcc4.png
6330fe8bea5a24a599204547337cdccaa7b6dc82569b1b28d638f9fb2a5d1718,1,data/malware_images/images/GuLoader/6330fe8bea5a24a599204547337cdccaa7b6dc82569b1b28d638f9fb2a5d1718.png
7c49537e88d2cd6076b3fa728ebb6f4cbad5ef9866570753bb2ea4bfbed65046,1,data/malware_images/images/Gozi/7c49537e88d2cd6076b3fa728ebb6f4cbad5ef9866570753bb2ea4bfbed65046.png
4438467f45eedf09a6ddf01129a914bd3846bc7771bc15bfb512b85337b5d108,1,data/malware_images/images/IcedID/4438467f45eedf09a6ddf01129a914bd3846bc7771bc15bfb512b85337b5d108.png
b9c8e9952765eb70bf29f84620cc584840d997da73d14fc23acdf481988b0968,0,data/benign_original/benign/b9c8e9952765eb70bf29f84620cc584840d997da73d14fc23acdf481988b0968.png
0097f8df7b54303683d652ad413b16562de6b077fcc88fac1d49cdaa7ff7a61c,1,data/malware_images/images/GuLoader/0097f8df7b54303683d652ad413b16562de6b077fcc88fac1d49cdaa7ff7a61c.png
d6f886087611c51957103d96cf0846be6c3b2dc1c1612c295828ca98a5db9225,0,data/benign_original/benign/d6f886087611c51957103d96cf0846be6c3b2dc1c1612c295828ca98a5db9225.png
3f1df06d331a2cf0be46435feee1fd964bdf2428dfe5af580c1f295ee8911c70,1,data/malware_images/images/Trickbot/3f1df06d331a2cf0be46435feee1fd964bdf2428dfe5af580c1f295ee8911c70.png
c94f901213f9d647051ca563977722c2c7a7cc1f381c3e8c7fe4e7ec81fd1eb5,1,data/malware_images/images/Gozi/c94f901213f9d647051ca563977722c2c7a7cc1f381c3e8c7fe4e7ec81fd1eb5.png
448ef2796ee9f2d7b8d19ebff14a709b3ee0dfac37319577a7518190547e47c6,0,data/benign_original/benign/448ef2796ee9f2d7b8d19ebff14a709b3ee0dfac37319577a7518190547e47c6.png
8b3c93f710c564e70a0e2bb77b1243d34b3965a9723600d5cb12a31f03de72f1,1,data/malware_images/images/njrat/8b3c93f710c564e70a0e2bb77b1243d34b3965a9723600d5cb12a31f03de72f1.png
d2417f1de20723c96e8b53342db5e338c443fb4f56e3d732a364d0ac9d1dd8ca,0,data/benign_original/benign/d2417f1de20723c96e8b53342db5e338c443fb4f56e3d732a364d0ac9d1dd8ca.png
fa094bff6d87bb0eba8f67b9e9732f7c5036e1dc8d9ef362699360ad02db766f,1,data/malware_images/images/IcedID/fa094bff6d87bb0eba8f67b9e9732f7c5036e1dc8d9ef362699360ad02db766f.png
cae8b4d8837f9c91e253a2f12cc797247a3d92a81e2219eb291cf294c39653ee,1,data/malware_images/images/IcedID/cae8b4d8837f9c91e253a2f12cc797247a3d92a81e2219eb291cf294c39653ee.png
c7a67e0554f219ea84ac5e7dfa28bc02e1ddfa7be4c92151c035d5a84c5d4b75,0,data/benign_original/benign/c7a67e0554f219ea84ac5e7dfa28bc02e1ddfa7be4c92151c035d5a84c5d4b75.png
f9601ab6242b4a31667cff010680e4cab77557a549239b7602aa3680a7d949ed,1,data/malware_images/images/IcedID/f9601ab6242b4a31667cff010680e4cab77557a549239b7602aa3680a7d949ed.png
d230eb2983a9ad8fcb9275b1d553de971655bc9fadb0487fd650957b0455d6c9,0,data/benign_original/benign/d230eb2983a9ad8fcb9275b1d553de971655bc9fadb0487fd650957b0455d6c9.png
c166496095542a51d8dfc8cbeb83c85db71a683695e0dd7e6341f32cdceb20c6,0,data/benign_original/benign/c166496095542a51d8dfc8cbeb83c85db71a683695e0dd7e6341f32cdceb20c6.png
e01608bba21713d2a2b5cf1b42acb505d1b5d31f0d079df20dfdfa12425d3496,0,data/benign_original/benign/e01608bba21713d2a2b5cf1b42acb505d1b5d31f0d079df20dfdfa12425d3496.png
ece291548741cfa88e0924aecf93cb1fbff986e8e7f5eecf222c01004fff2670,1,data/malware_images/images/njrat/ece291548741cfa88e0924aecf93cb1fbff986e8e7f5eecf222c01004fff2670.png
c10a01e7fa4f2ab44767c48b5b05cc285c7ffb242f5355d2e276e41ce26f0db8,0,data/benign_original/benign/c10a01e7fa4f2ab44767c48b5b05cc285c7ffb242f5355d2e276e41ce26f0db8.png
3ee85890123d055a495f8761011d566ec73f2ecfa27ce546a8b6414f18917dfe,1,data/malware_images/images/Gozi/3ee85890123d055a495f8761011d566ec73f2ecfa27ce546a8b6414f18917dfe.png
b6a95ae1e4d594f86d2c8d0a44c00e4a8c78932b870b606b5f1c92f8563ed07c,0,data/benign_original/benign/b6a95ae1e4d594f86d2c8d0a44c00e4a8c78932b870b606b5f1c92f8563ed07c.png
dce747827fc20d412da8229b20a9901c990608fb3679600afbd6958b88d746b9,1,data/malware_images/images/Heodo/dce747827fc20d412da8229b20a9901c990608fb3679600afbd6958b88d746b9.png
c1e92d7ebecd706c7bb6c2785461e380263fd5dd89f88270f4b7e6a8f72c8659,0,data/benign_original/benign/c1e92d7ebecd706c7bb6c2785461e380263fd5dd89f88270f4b7e6a8f72c8659.png
a8f04561b8cab65feb9b2b294f3e53b45fea214113ad520bcb7d3cd37240803d,1,data/malware_images/images/Trickbot/a8f04561b8cab65feb9b2b294f3e53b45fea214113ad520bcb7d3cd37240803d.png
6c128029b6b3128fc0a632325716e76882929a50cdb2bb1809d3bb9c3400c1da,1,data/malware_images/images/njrat/6c128029b6b3128fc0a632325716e76882929a50cdb2bb1809d3bb9c3400c1da.png
4441869631f184e292844790ca4d365cb4e81cfe36b2933b452fedc80a71a1bd,1,data/malware_images/images/IcedID/4441869631f184e292844790ca4d365cb4e81cfe36b2933b452fedc80a71a1bd.png
d76eb2510b4bbf54ceb93ff113fd6ee98cc04874fcea256105d0a2fd33834f4e,0,data/benign_original/benign/d76eb2510b4bbf54ceb93ff113fd6ee98cc04874fcea256105d0a2fd33834f4e.png
28ce4ddcb0b611c1977cb71647909afd1fe8fa6e2374b40bc297617554749304,1,data/malware_images/images/Gozi/28ce4ddcb0b611c1977cb71647909afd1fe8fa6e2374b40bc297617554749304.png
03b06a9e103ded2d1f5754ee188d6a9c62ca37b84200f167f4cf074ebaa92f8f,1,data/malware_images/images/njrat/03b06a9e103ded2d1f5754ee188d6a9c62ca37b84200f167f4cf074ebaa92f8f.png
6a4f2f9449a30f46bea64f2badc07c7d8a783a176f76fc2e051247a32b6eee92,1,data/malware_images/images/njrat/6a4f2f9449a30f46bea64f2badc07c7d8a783a176f76fc2e051247a32b6eee92.png
deb3981a2c46fbfd17bd1ea436b1a2f87f46d6bdcf4205128af80dad9d6aee4f,0,data/benign_original/benign/deb3981a2c46fbfd17bd1ea436b1a2f87f46d6bdcf4205128af80dad9d6aee4f.png
693ebb1b8182bd2a68f127b74e7a0dde279d97dfd30a5a5796a87ddcc9356d2a,1,data/malware_images/images/Trickbot/693ebb1b8182bd2a68f127b74e7a0dde279d97dfd30a5a5796a87ddcc9356d2a.png
f843cd00d9aff9a902dd7c98d6137639a10bd84904d81a085c28a3b29f8223c1,0,data/benign_original/benign/f843cd00d9aff9a902dd7c98d6137639a10bd84904d81a085c28a3b29f8223c1.png
d2df2ab61a554eedd961209f8717b3a97c0996ca680b1c65733861050a2832cf,1,data/malware_images/images/Trickbot/d2df2ab61a554eedd961209f8717b3a97c0996ca680b1c65733861050a2832cf.png
4b1b03646ded9c1b3e0101c1f5b387ef8dbca4533c296b9bc5219b8c95983ad0,1,data/malware_images/images/njrat/4b1b03646ded9c1b3e0101c1f5b387ef8dbca4533c296b9bc5219b8c95983ad0.png
9ed92ebc8b6cf8b5716f821db89d62312b5d46cc3845c79d4dae99b7033ea8d8,1,data/malware_images/images/IcedID/9ed92ebc8b6cf8b5716f821db89d62312b5d46cc3845c79d4dae99b7033ea8d8.png
8aaf7e97960e9bc08487682382b2dc6b3b290b0d120855353b893e453cdc4326,0,data/benign_original/benign/8aaf7e97960e9bc08487682382b2dc6b3b290b0d120855353b893e453cdc4326.png
30e76f37938413ff5ffcd80ec35bc4ca353a64a5aa3a197a00cc23eb11ad8f8b,0,data/benign_original/benign/30e76f37938413ff5ffcd80ec35bc4ca353a64a5aa3a197a00cc23eb11ad8f8b.png
ea01f383b43070155d6ce02e6123e53f4aa29488b087f631c9ee4c8afa9da674,1,data/malware_images/images/IcedID/ea01f383b43070155d6ce02e6123e53f4aa29488b087f631c9ee4c8afa9da674.png
fecc1365cc1a49cc521cb2d849a71fb10bea2cca3d45cbb7cd81e0b2aacf6620,0,data/benign_original/benign/fecc1365cc1a49cc521cb2d849a71fb10bea2cca3d45cbb7cd81e0b2aacf6620.png
bb9e42432283f07c8d7b9c2b5f9a72fb8178e5c5bad48a541be9ccee91ad8660,0,data/benign_original/benign/bb9e42432283f07c8d7b9c2b5f9a72fb8178e5c5bad48a541be9ccee91ad8660.png
e7647532a382d3aa6a07fd45844d90fa29cd1d3905fdc893e7ac5d0063d09276,0,data/benign_original/benign/e7647532a382d3aa6a07fd45844d90fa29cd1d3905fdc893e7ac5d0063d09276.png
cf1104b545fb5a933541534a304739e6bca2439ff5d2ef6e3e5fc059ccb4050b,0,data/benign_original/benign/cf1104b545fb5a933541534a304739e6bca2439ff5d2ef6e3e5fc059ccb4050b.png
f2bf1718437a2cba753a9e9f5da1bf516908e8787de68298104ec6cba566bcf4,1,data/malware_images/images/njrat/f2bf1718437a2cba753a9e9f5da1bf516908e8787de68298104ec6cba566bcf4.png
503fb048bee516f4ec90fbcfa5b01ae18575e00f1b4238f1d38bcade2420d5d7,1,data/malware_images/images/Trickbot/503fb048bee516f4ec90fbcfa5b01ae18575e00f1b4238f1d38bcade2420d5d7.png
d5192c3733c56150ebd47950989b34b8bbe500169e6744c34cbd68cef0f14de8,1,data/malware_images/images/IcedID/d5192c3733c56150ebd47950989b34b8bbe500169e6744c34cbd68cef0f14de8.png
fc27a281fa9e46e5d15557ba0e3abc64a5601869e19339f4138cb4c2929624d0,0,data/benign_original/benign/fc27a281fa9e46e5d15557ba0e3abc64a5601869e19339f4138cb4c2929624d0.png
b748c37f14082e151acc4c6677f19cdcd2cd26b6a8c7d6e768a090e8aecbb698,1,data/malware_images/images/njrat/b748c37f14082e151acc4c6677f19cdcd2cd26b6a8c7d6e768a090e8aecbb698.png
d61b30a1229479227788ba58efc2648a5faa02f522ae1d24cc9c9dc052a28945,0,data/benign_original/benign/d61b30a1229479227788ba58efc2648a5faa02f522ae1d24cc9c9dc052a28945.png
e6d2c7f6d0b83ab394d0b18cd084162f25f7b5edb1972cd4e072752296baf984,0,data/benign_original/benign/e6d2c7f6d0b83ab394d0b18cd084162f25f7b5edb1972cd4e072752296baf984.png
c8e25ee1363bbd595f4783537fc1028f427a8ed0d7a1940dab3bd67abfc53f85,1,data/malware_images/images/Gozi/c8e25ee1363bbd595f4783537fc1028f427a8ed0d7a1940dab3bd67abfc53f85.png
568a4dae9810114a99e28f70c4b3daa29ecdfa9757675f61b2947f578c5f2c05,1,data/malware_images/images/njrat/568a4dae9810114a99e28f70c4b3daa29ecdfa9757675f61b2947f578c5f2c05.png
d58eaa3347f803a299dbdf12f93b44126a77014664804258d5afb25a6da25a09,0,data/benign_original/benign/d58eaa3347f803a299dbdf12f93b44126a77014664804258d5afb25a6da25a09.png
e23e77b8201f234540e6be172851328e48d0aa76e3b149449b090d5f6824a649,0,data/benign_original/benign/e23e77b8201f234540e6be172851328e48d0aa76e3b149449b090d5f6824a649.png
fe6c0de1471535fb2fabb167f7dd8eceb587ee9fb1a873afea30453719c2b80f,1,data/malware_images/images/IcedID/fe6c0de1471535fb2fabb167f7dd8eceb587ee9fb1a873afea30453719c2b80f.png
54605638380151e63c23aa77cb6ecf309fb943eb9f7e4d96c1dce197c2bddf21,1,data/malware_images/images/Gozi/54605638380151e63c23aa77cb6ecf309fb943eb9f7e4d96c1dce197c2bddf21.png
b60720984116506b99fd5c3b633d3804c375c75ed6e302844dae1f66c4400fb6,0,data/benign_original/benign/b60720984116506b99fd5c3b633d3804c375c75ed6e302844dae1f66c4400fb6.png
a71aa1ff58118ec6ca9cd4cdb4daf51eed8484ed0dffabad893e30803e06c62f,1,data/malware_images/images/njrat/a71aa1ff58118ec6ca9cd4cdb4daf51eed8484ed0dffabad893e30803e06c62f.png
d8cff1c326755b4d958187e02dc71701814c9dc982aedbb85b6c5563e5747da6,0,data/benign_original/benign/d8cff1c326755b4d958187e02dc71701814c9dc982aedbb85b6c5563e5747da6.png
dd3e0dc1e5a98f0b8fb90d8898a464b2562b11bb2905bd8aa4e9aab8f93e9e5c,0,data/benign_original/benign/dd3e0dc1e5a98f0b8fb90d8898a464b2562b11bb2905bd8aa4e9aab8f93e9e5c.png
bdaff6126c2588acd0f6bc92a3bf1c902596a280271340e2dfdd4f6a5539c4d7,1,data/malware_images/images/njrat/bdaff6126c2588acd0f6bc92a3bf1c902596a280271340e2dfdd4f6a5539c4d7.png
41ef7596040dce2264dc630d2b2b48c255175dbd3b64550405e85f7acdb465bc,1,data/malware_images/images/Trickbot/41ef7596040dce2264dc630d2b2b48c255175dbd3b64550405e85f7acdb465bc.png
8ae9a72b45764de26190fe3367f958027e1e0d67a87637ab733fe743a6434667,1,data/malware_images/images/GuLoader/8ae9a72b45764de26190fe3367f958027e1e0d67a87637ab733fe743a6434667.png
fabb7efb7154eb355cc5dcf92cbd11c83e5e9f7da781f051bc30857de695f2b7,0,data/benign_original/benign/fabb7efb7154eb355cc5dcf92cbd11c83e5e9f7da781f051bc30857de695f2b7.png
6e4ea398639a0218b3f656408f916184d4ac1634709b34f0acd6d9022711a766,1,data/malware_images/images/Gozi/6e4ea398639a0218b3f656408f916184d4ac1634709b34f0acd6d9022711a766.png
78c72acc6e07b9df2966b2056b372f38c8b0a11003768c34af861ff4dd2346b9,1,data/malware_images/images/Gozi/78c72acc6e07b9df2966b2056b372f38c8b0a11003768c34af861ff4dd2346b9.png
fe617cc8748560a1e12e58559fdf192c5888babff4ae62e386617293d5fc20b0,0,data/benign_original/benign/fe617cc8748560a1e12e58559fdf192c5888babff4ae62e386617293d5fc20b0.png
be03023d11b122d60b84e91cf1c3b807ef93b455cc3308330033f56e53bd4720,0,data/benign_original/benign/be03023d11b122d60b84e91cf1c3b807ef93b455cc3308330033f56e53bd4720.png
fa8949da882bd317bc4b975dac2514553258a79a3ec0e7bb2e029f61e131ed66,1,data/malware_images/images/GuLoader/fa8949da882bd317bc4b975dac2514553258a79a3ec0e7bb2e029f61e131ed66.png
11f4bc85330b9313c13aaa8aab98d935ff99ae8cfc47e997f2e81d64a748a3de,1,data/malware_images/images/Heodo/11f4bc85330b9313c13aaa8aab98d935ff99ae8cfc47e997f2e81d64a748a3de.png
f41874d6cc46cc74fb90dc4e83009e9715a18de6d73ea63f0be644c72b3f4169,0,data/benign_original/benign/f41874d6cc46cc74fb90dc4e83009e9715a18de6d73ea63f0be644c72b3f4169.png
b0bbe8c23925d8a7025cfe3311a38219476d841e5ab7ed6b4757bc7a69382c53,0,data/benign_original/benign/b0bbe8c23925d8a7025cfe3311a38219476d841e5ab7ed6b4757bc7a69382c53.png
c66ffecf95a3925512ce848dc3226a48d2a4da5a478e56b2c047a9030c2a778c,0,data/benign_original/benign/c66ffecf95a3925512ce848dc3226a48d2a4da5a478e56b2c047a9030c2a778c.png
ba1a4ae1f2155524be33ae4addcc907881d1b4e64c4a8090f4f77d1ad1e87cd0,1,data/malware_images/images/Gozi/ba1a4ae1f2155524be33ae4addcc907881d1b4e64c4a8090f4f77d1ad1e87cd0.png
ff0980e43eb227bc57de78796e95ca023acf81897be3fc135ccff87fa9a638e6,0,data/benign_original/benign/ff0980e43eb227bc57de78796e95ca023acf81897be3fc135ccff87fa9a638e6.png
71e6be58ec8b1ff4ff5f76ce7ba5a1605fd03404a35c17a81809e613a90fa121,1,data/malware_images/images/IcedID/71e6be58ec8b1ff4ff5f76ce7ba5a1605fd03404a35c17a81809e613a90fa121.png
19bae63e35482e9815569a783349f73c0f2c4929f529f271c4076d69c92745d0,1,data/malware_images/images/Trickbot/19bae63e35482e9815569a783349f73c0f2c4929f529f271c4076d69c92745d0.png
25f59abfbdb775126b69112b260fae983e35bd6da0e6e13ad8fc7343da8540ec,1,data/malware_images/images/njrat/25f59abfbdb775126b69112b260fae983e35bd6da0e6e13ad8fc7343da8540ec.png
dcb6994a58ba6320cc89b09261e4f13102a04e7cd62a8a0a0e42bbe69af9a722,0,data/benign_original/benign/dcb6994a58ba6320cc89b09261e4f13102a04e7cd62a8a0a0e42bbe69af9a722.png
e06904e7b2cd5be19bd05b7ec99b8912e18e830a8fa586442c54598bbd4b8dc5,0,data/benign_original/benign/e06904e7b2cd5be19bd05b7ec99b8912e18e830a8fa586442c54598bbd4b8dc5.png
cf576ff11e89eb8d3825d6f545fb23a33be36955ee4e2208ad16a7b9df2c67df,1,data/malware_images/images/njrat/cf576ff11e89eb8d3825d6f545fb23a33be36955ee4e2208ad16a7b9df2c67df.png
5590586aa5618c66218cbf4b70a04f7bff2efc3ed6786ae4a83f69d9f44f0bbe,1,data/malware_images/images/Gozi/5590586aa5618c66218cbf4b70a04f7bff2efc3ed6786ae4a83f69d9f44f0bbe.png
6e4849e0d92ae82380bf4bb6773a1ff27863038838a021ccade723e2adab5d73,0,data/benign_original/benign/6e4849e0d92ae82380bf4bb6773a1ff27863038838a021ccade723e2adab5d73.png
83968322ee41293c915a37779c384b39d1a0429303ed831291da984e7ff6877f,1,data/malware_images/images/GuLoader/83968322ee41293c915a37779c384b39d1a0429303ed831291da984e7ff6877f.png
3f9c00f6723ec4cdc7daedf53e900bfbc4c15bb910415c30ab39e4898c8e211c,1,data/malware_images/images/GuLoader/3f9c00f6723ec4cdc7daedf53e900bfbc4c15bb910415c30ab39e4898c8e211c.png
bbf23d57bee1cf498f101d2a6dc52116a28d31ab9231c6858f5f1f9824bd5cac,0,data/benign_original/benign/bbf23d57bee1cf498f101d2a6dc52116a28d31ab9231c6858f5f1f9824bd5cac.png
d08eceecafdce076fc7f9e1bef061a7a67eb09ca6f97c2f77e2f3da8a0cc998b,0,data/benign_original/benign/d08eceecafdce076fc7f9e1bef061a7a67eb09ca6f97c2f77e2f3da8a0cc998b.png
d9170677f3114909ca877d41694cfaa9a3643eb671bd6432f3d9d9caf7dcda1a,1,data/malware_images/images/Trickbot/d9170677f3114909ca877d41694cfaa9a3643eb671bd6432f3d9d9caf7dcda1a.png
0727bb0cfd046e9c9b57c0e23b6fe1664a369cfdd2aaf7efa78a22e5dfb3f4f2,0,data/benign_original/benign/0727bb0cfd046e9c9b57c0e23b6fe1664a369cfdd2aaf7efa78a22e5dfb3f4f2.png
fc69637262c3ccd722552ece430c078195f3999934cccabdb2fcf0a6e2fe9446,1,data/malware_images/images/GuLoader/fc69637262c3ccd722552ece430c078195f3999934cccabdb2fcf0a6e2fe9446.png
829143bf8437b121fdaa057445c15d0d52a33db4e032a172e62ac5bb07493c23,0,data/benign_original/benign/829143bf8437b121fdaa057445c15d0d52a33db4e032a172e62ac5bb07493c23.png
b498316653944048795ed798dfd45407333fcb5e8948a2913c26ff2a860910cb,0,data/benign_original/benign/b498316653944048795ed798dfd45407333fcb5e8948a2913c26ff2a860910cb.png
76fb667ad2391d21470d6b0d0f3321e90c1757f05fa76e658d567de36294d32d,1,data/malware_images/images/Gozi/76fb667ad2391d21470d6b0d0f3321e90c1757f05fa76e658d567de36294d32d.png
ff1709597a1a4f7a3b4e99339cedf8634c09615658ec7d0ee7c729d0a944b73f,0,data/benign_original/benign/ff1709597a1a4f7a3b4e99339cedf8634c09615658ec7d0ee7c729d0a944b73f.png
b9c7509ebbeae6d496fbb90d16dca2bcdac8db1288fd7c0ffa4b8ebe2f3eac5f,0,data/benign_original/benign/b9c7509ebbeae6d496fbb90d16dca2bcdac8db1288fd7c0ffa4b8ebe2f3eac5f.png
31825aa3fcadba744458d4244542d37c873ed5f7130cd90e5f6ab70fe5936989,1,data/malware_images/images/Heodo/31825aa3fcadba744458d4244542d37c873ed5f7130cd90e5f6ab70fe5936989.png
ba2edae9a33c03b53c67b7da4503c7b961d5c5eaa3a8fefc7c99a78e8606ebe3,0,data/benign_original/benign/ba2edae9a33c03b53c67b7da4503c7b961d5c5eaa3a8fefc7c99a78e8606ebe3.png
94aa044af536864b0126b945a20ca29ccad0f3471d8ee3516c10b065ed49739f,1,data/malware_images/images/Gozi/94aa044af536864b0126b945a20ca29ccad0f3471d8ee3516c10b065ed49739f.png
d3e32c162458cdb0205801cb5f21b31db7c09a23b06d8239e10ff95366347766,0,data/benign_original/benign/d3e32c162458cdb0205801cb5f21b31db7c09a23b06d8239e10ff95366347766.png
d3700ab07b19ea08239bb011c3321a3f781db60a051aeb68c1d95f28c5a3eb35,0,data/benign_original/benign/d3700ab07b19ea08239bb011c3321a3f781db60a051aeb68c1d95f28c5a3eb35.png
fbcae980f2d759f55d105a997718bed1049673ea29c26095686d707d65a0ab5e,1,data/malware_images/images/Heodo/fbcae980f2d759f55d105a997718bed1049673ea29c26095686d707d65a0ab5e.png
0efc996352133e10bf665c66cb97493553f90dc3fa7059a43566ee4041154780,1,data/malware_images/images/Gozi/0efc996352133e10bf665c66cb97493553f90dc3fa7059a43566ee4041154780.png
c5babf38646f2074681e4a53d9289f96b73dfc89bae73b2bf147748b7a6ed445,0,data/benign_original/benign/c5babf38646f2074681e4a53d9289f96b73dfc89bae73b2bf147748b7a6ed445.png
637e11e485d2be10739a1afb6e377a17d78200098652ee9ad3a4083e9900cb27,1,data/malware_images/images/Trickbot/637e11e485d2be10739a1afb6e377a17d78200098652ee9ad3a4083e9900cb27.png
4ed80b78467fcd78c5e7d7823dbaa37d5c34a0b0d0b9e27c903e3174f1458796,0,data/benign_original/benign/4ed80b78467fcd78c5e7d7823dbaa37d5c34a0b0d0b9e27c903e3174f1458796.png
c0dc1db1544f66555b76b35504adcdc0df296063bfe250a5dc322d2356f1bff1,1,data/malware_images/images/Heodo/c0dc1db1544f66555b76b35504adcdc0df296063bfe250a5dc322d2356f1bff1.png
58874be8f273ca4835c8d26b43454d2af3b35f8a139712bd73e4ce6035d67a5a,1,data/malware_images/images/Trickbot/58874be8f273ca4835c8d26b43454d2af3b35f8a139712bd73e4ce6035d67a5a.png
bb6d22555aad3510ec96713f5ea4158d7bc02b75c8b344694654c8c8e0dccb98,0,data/benign_original/benign/bb6d22555aad3510ec96713f5ea4158d7bc02b75c8b344694654c8c8e0dccb98.png
e47a1e22435ef23a4d65f1ae0987ec87a9985c043dc8af76bc5539f98f5ce8bf,0,data/benign_original/benign/e47a1e22435ef23a4d65f1ae0987ec87a9985c043dc8af76bc5539f98f5ce8bf.png
e1e68a416d404c0f940e6f141bc5b13eb6f0a1f9c0689c25af26f8059f341c47,0,data/benign_original/benign/e1e68a416d404c0f940e6f141bc5b13eb6f0a1f9c0689c25af26f8059f341c47.png
eff2aa975d6b4839848957bd701816a525ab7bee5afc039e426f4c8a302709fb,1,data/malware_images/images/Trickbot/eff2aa975d6b4839848957bd701816a525ab7bee5afc039e426f4c8a302709fb.png
62f65d6430f0c83d4968c68e7f7dc67dcfa61ad0182b88ad684d9b0275da12b7,1,data/malware_images/images/njrat/62f65d6430f0c83d4968c68e7f7dc67dcfa61ad0182b88ad684d9b0275da12b7.png
db4505209c05195eda57a9af9715cd0bd641ae89a892ee508b77f5342ecec5ec,0,data/benign_original/benign/db4505209c05195eda57a9af9715cd0bd641ae89a892ee508b77f5342ecec5ec.png
27209ac50bf74bfcf636a33261f055704854334c2bbb88a4cfe24c3124c80837,1,data/malware_images/images/njrat/27209ac50bf74bfcf636a33261f055704854334c2bbb88a4cfe24c3124c80837.png
45310ab9b43a84346d6c41c5286fab15c4921920461aa2c58ecf375d6070d4ef,1,data/malware_images/images/GuLoader/45310ab9b43a84346d6c41c5286fab15c4921920461aa2c58ecf375d6070d4ef.png
282bfca7e0d52f4d3f0bbd443a56e52b0b7a5444a489ff51478e5cbc91aa2c94,0,data/benign_original/benign/282bfca7e0d52f4d3f0bbd443a56e52b0b7a5444a489ff51478e5cbc91aa2c94.png
cf79ef74ffd6b323f0f26ffae4b7898d0d226d83de7cf4c5fd2930b9b8ea5b89,0,data/benign_original/benign/cf79ef74ffd6b323f0f26ffae4b7898d0d226d83de7cf4c5fd2930b9b8ea5b89.png
cdfb21fdd2537b2422f693cf27d22e1a7a6b1f52e09a72499b731eea27040d45,1,data/malware_images/images/GuLoader/cdfb21fdd2537b2422f693cf27d22e1a7a6b1f52e09a72499b731eea27040d45.png
418711f03f264707476ddd4ccfac4b910758cb3b72bc67755f24bd29101322c3,1,data/malware_images/images/njrat/418711f03f264707476ddd4ccfac4b910758cb3b72bc67755f24bd29101322c3.png
bcb1c1c7d445a0367bde6a6baaecc48a160762079175108dac8ae4ae64ae57fb,0,data/benign_original/benign/bcb1c1c7d445a0367bde6a6baaecc48a160762079175108dac8ae4ae64ae57fb.png
fcb5195dafeb1e78acaefa94dc693715c061989915ee16e0aeee72273baa6b54,0,data/benign_original/benign/fcb5195dafeb1e78acaefa94dc693715c061989915ee16e0aeee72273baa6b54.png
0ab3b273902918a617fca743185cdcae29f33be32324e761033038ce9d9ead60,1,data/malware_images/images/njrat/0ab3b273902918a617fca743185cdcae29f33be32324e761033038ce9d9ead60.png
633ff3b6aaa8e5f5220afd140b1181c3980177de59058f219134379649a7a295,1,data/malware_images/images/Heodo/633ff3b6aaa8e5f5220afd140b1181c3980177de59058f219134379649a7a295.png
cd6b0cdeb6970f3aa22c0b7f5a9ce70ec5d4643d02a42b49dc4a679cc06b1f11,0,data/benign_original/benign/cd6b0cdeb6970f3aa22c0b7f5a9ce70ec5d4643d02a42b49dc4a679cc06b1f11.png
c9615489b37f29412a4a195745c77f82515693afc33b6f0704439856d081e072,0,data/benign_original/benign/c9615489b37f29412a4a195745c77f82515693afc33b6f0704439856d081e072.png
e9875f1f3279e3bd42b36c071974d9108802919070fcb4a29218858895feb4d6,1,data/malware_images/images/Gozi/e9875f1f3279e3bd42b36c071974d9108802919070fcb4a29218858895feb4d6.png
247167972eb7f9d15e4cadf82078d6ecaf61ac3f6eee6fc1b52f704bfde0a29a,1,data/malware_images/images/GuLoader/247167972eb7f9d15e4cadf82078d6ecaf61ac3f6eee6fc1b52f704bfde0a29a.png
e58771a5a611292297cbb7e69be2fbdce01f5d96b02ac0e33ee9bcb1abfc3b6d,0,data/benign_original/benign/e58771a5a611292297cbb7e69be2fbdce01f5d96b02ac0e33ee9bcb1abfc3b6d.png
b86b34ee7dd3c9d28652aa403b4b5c64e92d9bd9c63fb3f4fd5141cb38dc380a,0,data/benign_original/benign/b86b34ee7dd3c9d28652aa403b4b5c64e92d9bd9c63fb3f4fd5141cb38dc380a.png
f7090349bba51ea85e67126d67aa32abfdc90fae08841721464ad042f6a142aa,0,data/benign_original/benign/f7090349bba51ea85e67126d67aa32abfdc90fae08841721464ad042f6a142aa.png
3b0fd1cd0eb83c48df1472510556295bb1a7552deb4f935a340043a0208829ca,1,data/malware_images/images/njrat/3b0fd1cd0eb83c48df1472510556295bb1a7552deb4f935a340043a0208829ca.png
bef6d2772e9400b3dc87f5e308f4e95cf31857e0865f75ed97107886a5f8c224,0,data/benign_original/benign/bef6d2772e9400b3dc87f5e308f4e95cf31857e0865f75ed97107886a5f8c224.png
e8393d514d2ae1c4c826a2313708efdfc0b7f382b0bb8a6e50ba99301ed5d07f,0,data/benign_original/benign/e8393d514d2ae1c4c826a2313708efdfc0b7f382b0bb8a6e50ba99301ed5d07f.png
f67e9e6b22c59a4863128ba647043abaa16204076e2902b428fbe70208fec335,1,data/malware_images/images/GuLoader/f67e9e6b22c59a4863128ba647043abaa16204076e2902b428fbe70208fec335.png
bcde359f5ce2c1009317bb2aea2622b7c20907a93b554b0bedba074f0554f3ae,1,data/malware_images/images/Trickbot/bcde359f5ce2c1009317bb2aea2622b7c20907a93b554b0bedba074f0554f3ae.png
91afc972ecda76c6e2d5d04f9aa0319a10783bfd1cd1699783d052faa8e907e6,1,data/malware_images/images/Gozi/91afc972ecda76c6e2d5d04f9aa0319a10783bfd1cd1699783d052faa8e907e6.png
d5b7e39b158ca6d64d10713b69d7baea9ba9c686a9442c9d7217f6914c6a955d,0,data/benign_original/benign/d5b7e39b158ca6d64d10713b69d7baea9ba9c686a9442c9d7217f6914c6a955d.png
4e6878db8d54213e7c8003b023547f32957285e1335875cee3052da37efcfcaf,1,data/malware_images/images/IcedID/4e6878db8d54213e7c8003b023547f32957285e1335875cee3052da37efcfcaf.png
deb96a76c4d9b93096dbce2ba182c63829454e8fda95a8d01098ecd7fabee640,0,data/benign_original/benign/deb96a76c4d9b93096dbce2ba182c63829454e8fda95a8d01098ecd7fabee640.png
e57d1d3aa26babf3418e746d739e24b95f62badf88cfa8695daaf12dd33272d3,0,data/benign_original/benign/e57d1d3aa26babf3418e746d739e24b95f62badf88cfa8695daaf12dd33272d3.png
fb44338d94454e5532994590b3fdcac6d455d98c9a2173543b632a62ff5b660c,0,data/benign_original/benign/fb44338d94454e5532994590b3fdcac6d455d98c9a2173543b632a62ff5b660c.png
5e0ba8b2a90fe33fdeca4a2ce956111a95337c725208cebd7ce25a4a458a3b1d,1,data/malware_images/images/IcedID/5e0ba8b2a90fe33fdeca4a2ce956111a95337c725208cebd7ce25a4a458a3b1d.png
aef79ab258cbe315ecb181c91c4c8aaa6b500480b4c8c91c96c25ece5ae489c5,0,data/benign_original/benign/aef79ab258cbe315ecb181c91c4c8aaa6b500480b4c8c91c96c25ece5ae489c5.png
3e728b4377bd8efecaf613b11693a98b7b0560f499123d086a10ca782c73b2e8,0,data/benign_original/benign/3e728b4377bd8efecaf613b11693a98b7b0560f499123d086a10ca782c73b2e8.png
e69e44fc681f3d7c7c5b1c969a19b9317c9a66d98507d87938f4e9b4db948a4f,1,data/malware_images/images/Trickbot/e69e44fc681f3d7c7c5b1c969a19b9317c9a66d98507d87938f4e9b4db948a4f.png
b0561973ced0aa00a7126b3d9f45359a730ed176770105228e79f7b969a4f855,0,data/benign_original/benign/b0561973ced0aa00a7126b3d9f45359a730ed176770105228e79f7b969a4f855.png
afc899999170db0e2ddb99d449d36d06524dab794ea359d38bd799263e778803,0,data/benign_original/benign/afc899999170db0e2ddb99d449d36d06524dab794ea359d38bd799263e778803.png
0b11f3778d1d96107421fbc33a8867aaa27a270398456b9714967f5b66d47fa1,0,data/benign_original/benign/0b11f3778d1d96107421fbc33a8867aaa27a270398456b9714967f5b66d47fa1.png
b58d1ee3d0f83a34999cfd4baa657c8a56993ca17be4284f658aaa067227e9ac,0,data/benign_original/benign/b58d1ee3d0f83a34999cfd4baa657c8a56993ca17be4284f658aaa067227e9ac.png
fd70366a0abed417301e2a312927e5697e8ded01a50c830b408978fb61ff9241,1,data/malware_images/images/GuLoader/fd70366a0abed417301e2a312927e5697e8ded01a50c830b408978fb61ff9241.png
610c374d9fcc17102ba7dc8ee3ec5cb569c60d0e86f25b004dfe8d24781f8310,1,data/malware_images/images/njrat/610c374d9fcc17102ba7dc8ee3ec5cb569c60d0e86f25b004dfe8d24781f8310.png
f920db9719c9c385c04e1db33eeb5172a122d4982234986829a2b7276136eb2c,0,data/benign_original/benign/f920db9719c9c385c04e1db33eeb5172a122d4982234986829a2b7276136eb2c.png
eb8076990be750348a9bb2b6147c3ddccca42883ae5290f8dbce3fc074fde513,0,data/benign_original/benign/eb8076990be750348a9bb2b6147c3ddccca42883ae5290f8dbce3fc074fde513.png
c19f0f58518d482c6ce5da4ba3710dbafaec9d25cb1fba400cf355dfb99284b3,1,data/malware_images/images/Gozi/c19f0f58518d482c6ce5da4ba3710dbafaec9d25cb1fba400cf355dfb99284b3.png
7568cee52e04e89241a680b5bac1f9266115402f86e73b50cf4feac3e1ff8700,0,data/benign_original/benign/7568cee52e04e89241a680b5bac1f9266115402f86e73b50cf4feac3e1ff8700.png
b6eafa072bd0dbbca07b1557946334dbe005af07b76cec8f082087fc5ea06adb,0,data/benign_original/benign/b6eafa072bd0dbbca07b1557946334dbe005af07b76cec8f082087fc5ea06adb.png
fc2d1da2c9df8ac912256285c7853b485d2f2b4d5621770ef4bd9849bf2b95b7,0,data/benign_original/benign/fc2d1da2c9df8ac912256285c7853b485d2f2b4d5621770ef4bd9849bf2b95b7.png
4c5f2a526e2d2d81f4d8482f100bb096beb0ff7b6db9db27a9ce1fbf5b13b5af,1,data/malware_images/images/Trickbot/4c5f2a526e2d2d81f4d8482f100bb096beb0ff7b6db9db27a9ce1fbf5b13b5af.png
e79d93aabb342b62317552313221cabf14fdb3ff0686aa20cdf2abb3e7c4f1a3,0,data/benign_original/benign/e79d93aabb342b62317552313221cabf14fdb3ff0686aa20cdf2abb3e7c4f1a3.png
c5f725dc7d81233208b3113884d5056552a319d068f0aa5c2e1a189f2c07afd7,0,data/benign_original/benign/c5f725dc7d81233208b3113884d5056552a319d068f0aa5c2e1a189f2c07afd7.png
22fd2e8b0e5f77dc6ee8c434efed1df15742f0deb6940b3fa714893cde3c2980,1,data/malware_images/images/Gozi/22fd2e8b0e5f77dc6ee8c434efed1df15742f0deb6940b3fa714893cde3c2980.png
4df39fd80257e14192e2d2edc4500883edd7921e0be92d664ec4b995d8f82f24,1,data/malware_images/images/IcedID/4df39fd80257e14192e2d2edc4500883edd7921e0be92d664ec4b995d8f82f24.png
7bdb44b6363e3b185573f4c7e08e78201174fd692f18fc2882a95f8ba455bb5e,1,data/malware_images/images/GuLoader/7bdb44b6363e3b185573f4c7e08e78201174fd692f18fc2882a95f8ba455bb5e.png
9b6b6c9558bd4c23e93403c13cdbc120c95cf08854a04519e5c560accf164893,1,data/malware_images/images/Gozi/9b6b6c9558bd4c23e93403c13cdbc120c95cf08854a04519e5c560accf164893.png
b85e6caf4a068f3f8a284868cfdc318438770a1997c52f2ce55c4c5220cfcfba,1,data/malware_images/images/IcedID/b85e6caf4a068f3f8a284868cfdc318438770a1997c52f2ce55c4c5220cfcfba.png
fa9b8bf36c9588045d905e38b82bdf67326c285707b152d1f4c341c76dcea518,0,data/benign_original/benign/fa9b8bf36c9588045d905e38b82bdf67326c285707b152d1f4c341c76dcea518.png
574fdee6f02885494fade6efab72183f0978a39eea34dc5c2b1ac738c238da0d,0,data/benign_original/benign/574fdee6f02885494fade6efab72183f0978a39eea34dc5c2b1ac738c238da0d.png
da6270ee2ef4fc41d3d6c07808d3bccd6c58f3bae53cab00a6c45e857416619a,0,data/benign_original/benign/da6270ee2ef4fc41d3d6c07808d3bccd6c58f3bae53cab00a6c45e857416619a.png
def3a5e756b9aa772d1110aec73ebd47ace9d57a239c52f4cdaf86f636014d09,0,data/benign_original/benign/def3a5e756b9aa772d1110aec73ebd47ace9d57a239c52f4cdaf86f636014d09.png
bba79478c1ff8498a9e6521d9e64ef82d51172416e2b6f94098c5e4726de8bee,0,data/benign_original/benign/bba79478c1ff8498a9e6521d9e64ef82d51172416e2b6f94098c5e4726de8bee.png
7cf512d74a58fe94c5662f4ee208ae10b04a48fc5473fc8785624b6887befd20,0,data/benign_original/benign/7cf512d74a58fe94c5662f4ee208ae10b04a48fc5473fc8785624b6887befd20.png
967d8f31c3fbea181d33f8a5e97e7353d172153665fb59265ebc4110b147598f,1,data/malware_images/images/Trickbot/967d8f31c3fbea181d33f8a5e97e7353d172153665fb59265ebc4110b147598f.png
c3f010bf7456d69d3e6b75260fee5de11a95fb488f00a71a489dd86f82bbb41a,0,data/benign_original/benign/c3f010bf7456d69d3e6b75260fee5de11a95fb488f00a71a489dd86f82bbb41a.png
b812b1c5b0a7834fe3699d769f7cdb365adee7bcdde784836a7229a4d819799b,0,data/benign_original/benign/b812b1c5b0a7834fe3699d769f7cdb365adee7bcdde784836a7229a4d819799b.png
501e1d2b16a601a2ae546186a17d8619b6ea4024fa2b5910cb60df79e7e7b203,0,data/benign_original/benign/501e1d2b16a601a2ae546186a17d8619b6ea4024fa2b5910cb60df79e7e7b203.png
f3af7d7613c59a132546ea5470ad114a1bb7164a5c7032d2e89cdbf76eee4d8e,0,data/benign_original/benign/f3af7d7613c59a132546ea5470ad114a1bb7164a5c7032d2e89cdbf76eee4d8e.png
dadf7b6aa39bbe512529e9587abcbac57c22ace6a9b1fa7776090ad10fad9049,0,data/benign_original/benign/dadf7b6aa39bbe512529e9587abcbac57c22ace6a9b1fa7776090ad10fad9049.png
f81b6184f2beef4d6553ad52ede3a9041003b0f777ca93616684624b94d8409c,1,data/malware_images/images/GuLoader/f81b6184f2beef4d6553ad52ede3a9041003b0f777ca93616684624b94d8409c.png
f13360797a173be8d497592c198c9761f5fb4a44989bc92e6189531384d6f378,1,data/malware_images/images/njrat/f13360797a173be8d497592c198c9761f5fb4a44989bc92e6189531384d6f378.png
7a3bf1aa7dad02fe50ab35318d1299022e7940eb933b91f2d1ec11bbed5896ec,1,data/malware_images/images/Trickbot/7a3bf1aa7dad02fe50ab35318d1299022e7940eb933b91f2d1ec11bbed5896ec.png
f6bfdf5a7e212b97b11dbf6a3b80b560f6f14b99ed85b5c3997205180b29ceca,0,data/benign_original/benign/f6bfdf5a7e212b97b11dbf6a3b80b560f6f14b99ed85b5c3997205180b29ceca.png
3420bb201817ff2ceb811a81d43faf881e961ca1a0e6d578ffaab466ab22c9f4,1,data/malware_images/images/njrat/3420bb201817ff2ceb811a81d43faf881e961ca1a0e6d578ffaab466ab22c9f4.png
c00a9f6d40f02b21bc19b10c9d4d617abb0c0b5b059c653619e12157421b0480,0,data/benign_original/benign/c00a9f6d40f02b21bc19b10c9d4d617abb0c0b5b059c653619e12157421b0480.png
bc9a43ddc9d9b53c00cd1d4fad4c6c421056c6c4713d00c886c1593464863cc8,0,data/benign_original/benign/bc9a43ddc9d9b53c00cd1d4fad4c6c421056c6c4713d00c886c1593464863cc8.png
93d8d978d20c9d57c18cb15708629373a593436172c0c5ad259b8399fe7f62b9,1,data/malware_images/images/IcedID/93d8d978d20c9d57c18cb15708629373a593436172c0c5ad259b8399fe7f62b9.png
250cfc3bf5271e6a5cdd6ebe240865bf2f960c877590b679c878181b42f85341,1,data/malware_images/images/njrat/250cfc3bf5271e6a5cdd6ebe240865bf2f960c877590b679c878181b42f85341.png
e43b636c82a8b81a403346a7467dd0e52fdd070f523cca769d7468c2a471acec,0,data/benign_original/benign/e43b636c82a8b81a403346a7467dd0e52fdd070f523cca769d7468c2a471acec.png
4d1e7ce0ed18606c7865aedaaa0a7721b589a49d728ecb1a5fc9748f37741bb7,1,data/malware_images/images/IcedID/4d1e7ce0ed18606c7865aedaaa0a7721b589a49d728ecb1a5fc9748f37741bb7.png
5fa84e5764d380053767763f07082d97d8e4e91bb042745f6341e6a23b530827,1,data/malware_images/images/njrat/5fa84e5764d380053767763f07082d97d8e4e91bb042745f6341e6a23b530827.png
c74f6fa76944f237d76aaf40d8fdbfe835bdd5a43c1c09f9ba4cd28af8827fbb,0,data/benign_original/benign/c74f6fa76944f237d76aaf40d8fdbfe835bdd5a43c1c09f9ba4cd28af8827fbb.png
e1d5d9a9009427bf9f79e770a0da6cad17ee6ed7b37fa6ee24ace8fe2dd65b5d,0,data/benign_original/benign/e1d5d9a9009427bf9f79e770a0da6cad17ee6ed7b37fa6ee24ace8fe2dd65b5d.png
9f7e36217000449754932b83113336d822e8f76efdb3511e6d3fe14fce2f8612,1,data/malware_images/images/njrat/9f7e36217000449754932b83113336d822e8f76efdb3511e6d3fe14fce2f8612.png
93d4d1c0a510b8a71ca6a8f5c8df121f83057e5eaa6cb3e2673e1934a77c7748,1,data/malware_images/images/Gozi/93d4d1c0a510b8a71ca6a8f5c8df121f83057e5eaa6cb3e2673e1934a77c7748.png
31a51475efa61899f9136416538b6c0b008131dd8e7cb75aadcd306c66afcb8a,1,data/malware_images/images/njrat/31a51475efa61899f9136416538b6c0b008131dd8e7cb75aadcd306c66afcb8a.png
648fa862ce3d2230c2754a31f45d20b74f70d8648a9ad5897ba0d6a35627b592,1,data/malware_images/images/IcedID/648fa862ce3d2230c2754a31f45d20b74f70d8648a9ad5897ba0d6a35627b592.png
e25b273f6a972b762edce8d790fb0d9470d96e53692428307ea1838fa2ff09f0,0,data/benign_original/benign/e25b273f6a972b762edce8d790fb0d9470d96e53692428307ea1838fa2ff09f0.png
6240727df14fda7a67dc81c2bdfab6f28e468377b918e4293fc6a130ad8d2a81,1,data/malware_images/images/njrat/6240727df14fda7a67dc81c2bdfab6f28e468377b918e4293fc6a130ad8d2a81.png
b70f172b3ad0f07e7915f27a097a6b8c755c37766fc197e224492e9a43f9455b,0,data/benign_original/benign/b70f172b3ad0f07e7915f27a097a6b8c755c37766fc197e224492e9a43f9455b.png
03a424fc93d692901bc1ca02b532934101c5448d093c9b0d74fa927f14304bd3,1,data/malware_images/images/njrat/03a424fc93d692901bc1ca02b532934101c5448d093c9b0d74fa927f14304bd3.png
b540d728b225f82795a5f7d53ed576ec28b0ddad6d1d6fa9a242859aee78a3dd,0,data/benign_original/benign/b540d728b225f82795a5f7d53ed576ec28b0ddad6d1d6fa9a242859aee78a3dd.png
ab50338c2aa20e4db95c9e4b399ae883e96f8890632c9f23d4a2e44fe445924b,1,data/malware_images/images/njrat/ab50338c2aa20e4db95c9e4b399ae883e96f8890632c9f23d4a2e44fe445924b.png
a116fc54986d51362d61bb990aebc2b293d093f335919319a2575c3d8a3df6e3,1,data/malware_images/images/njrat/a116fc54986d51362d61bb990aebc2b293d093f335919319a2575c3d8a3df6e3.png
002918b64a3994da8010c0fe97a6da954cc4d4aa3a099f044268f88cca2b6d3b,1,data/malware_images/images/Gozi/002918b64a3994da8010c0fe97a6da954cc4d4aa3a099f044268f88cca2b6d3b.png
3611be7ee60f1adb4a14f2d5d307d7375fb8a9013d0ae24af5e639bcc524a595,1,data/malware_images/images/Trickbot/3611be7ee60f1adb4a14f2d5d307d7375fb8a9013d0ae24af5e639bcc524a595.png
af170c7f78f2cf50e201629a3003544e28a30c8aa793326f3be3f524e37fabc0,0,data/benign_original/benign/af170c7f78f2cf50e201629a3003544e28a30c8aa793326f3be3f524e37fabc0.png
e8ce2fc9936957e5562804f9e72a2e0f96b680605947ab9ea9c881548aafd6df,1,data/malware_images/images/GuLoader/e8ce2fc9936957e5562804f9e72a2e0f96b680605947ab9ea9c881548aafd6df.png
e9eb6b300ff31e35cbf59fc68fb9aad9e087f08eb4c6a88a247d621efdbdf9a9,0,data/benign_original/benign/e9eb6b300ff31e35cbf59fc68fb9aad9e087f08eb4c6a88a247d621efdbdf9a9.png
f6204acfaf5b611f3d970a483d6929ec7a37cbc31e5c8977e7267f20026fb1ea,1,data/malware_images/images/njrat/f6204acfaf5b611f3d970a483d6929ec7a37cbc31e5c8977e7267f20026fb1ea.png
eeeb812432a223d99a7c3b3ab75139d444845021e2e59bacb2a01011cb3751f1,0,data/benign_original/benign/eeeb812432a223d99a7c3b3ab75139d444845021e2e59bacb2a01011cb3751f1.png
0e49ced6331da16deb263cc7cbfdc8a6a3433a71f5c67cb64c7980a18faec884,1,data/malware_images/images/njrat/0e49ced6331da16deb263cc7cbfdc8a6a3433a71f5c67cb64c7980a18faec884.png
23e672e1c94cc4dc6af971fc62c0ec84c3bcf38e997acd9bea1bea72d707e46a,1,data/malware_images/images/IcedID/23e672e1c94cc4dc6af971fc62c0ec84c3bcf38e997acd9bea1bea72d707e46a.png
f89075cefa260d6f847a0b351cb8f3b0c88078a2e3c3d4c8cddeeeec401426c0,0,data/benign_original/benign/f89075cefa260d6f847a0b351cb8f3b0c88078a2e3c3d4c8cddeeeec401426c0.png
b510c1781eb410e554f2833d4b6e44d1297d280e8a52cb9f4ee75ecc038426ab,1,data/malware_images/images/GuLoader/b510c1781eb410e554f2833d4b6e44d1297d280e8a52cb9f4ee75ecc038426ab.png
bec512150b97ff91ca31871134364d9d849c66a321190c88211e3cc24812555c,0,data/benign_original/benign/bec512150b97ff91ca31871134364d9d849c66a321190c88211e3cc24812555c.png
b7f1e448857a90d7ee719e7ca927dce40e9ee6c7d909bbcee2b6b9ae3465a529,0,data/benign_original/benign/b7f1e448857a90d7ee719e7ca927dce40e9ee6c7d909bbcee2b6b9ae3465a529.png
d3573e71ea72dd679c0bb999beec47a150495d6876787caa2afe615801e28583,0,data/benign_original/benign/d3573e71ea72dd679c0bb999beec47a150495d6876787caa2afe615801e28583.png
b7baf4cbaa1c58c0592281e81e469b62ac08a214ac7157f939eaeec56e6678cb,0,data/benign_original/benign/b7baf4cbaa1c58c0592281e81e469b62ac08a214ac7157f939eaeec56e6678cb.png
e98b07ca60ea27b79f08543d4c6ab61b47366a5f49898622f2ee90f7d12ada55,1,data/malware_images/images/IcedID/e98b07ca60ea27b79f08543d4c6ab61b47366a5f49898622f2ee90f7d12ada55.png
8d6dd0bcac93df3622489a4b2f0b95636acef4371085ff0b280321fbf09379c1,1,data/malware_images/images/Trickbot/8d6dd0bcac93df3622489a4b2f0b95636acef4371085ff0b280321fbf09379c1.png
cfcc72f5c577d926712f467175daefaddc77a8ec66db29714bcffae22c5cd7d8,1,data/malware_images/images/GuLoader/cfcc72f5c577d926712f467175daefaddc77a8ec66db29714bcffae22c5cd7d8.png
050171bc07ebcd963ce724b6b66ff8d1b6c1258e2676c59fd36db0384427bb59,0,data/benign_original/benign/050171bc07ebcd963ce724b6b66ff8d1b6c1258e2676c59fd36db0384427bb59.png
c83df1e3e21b36046c453cc3cf9a0cbe3539558ce8bc8dd0b7ebabf5b7634d5c,0,data/benign_original/benign/c83df1e3e21b36046c453cc3cf9a0cbe3539558ce8bc8dd0b7ebabf5b7634d5c.png
ca7a7fa94995334dc0194be316c68d7c30818126f82f01fcc032b04aac6180cb,0,data/benign_original/benign/ca7a7fa94995334dc0194be316c68d7c30818126f82f01fcc032b04aac6180cb.png
461509400e7505dd553124d4ee95c073cc9031d73c8380cafed0cc9bc8b696cc,1,data/malware_images/images/IcedID/461509400e7505dd553124d4ee95c073cc9031d73c8380cafed0cc9bc8b696cc.png
da458a831cb0a78bcabb0023fb0af5936652f238261995d4689a82a24bd332c4,0,data/benign_original/benign/da458a831cb0a78bcabb0023fb0af5936652f238261995d4689a82a24bd332c4.png
f37428e6435ea5e9e696ef0f6190c1af26674a275948258473e8d5cc6cab8160,0,data/benign_original/benign/f37428e6435ea5e9e696ef0f6190c1af26674a275948258473e8d5cc6cab8160.png
d66c619299abe02f79768e6412a62ac5b39857aa1339285de233779119fdb36b,0,data/benign_original/benign/d66c619299abe02f79768e6412a62ac5b39857aa1339285de233779119fdb36b.png
f5189277b5ac83b754462f259188b0e876706cec5a56bf6f5c35539f1d6510cd,0,data/benign_original/benign/f5189277b5ac83b754462f259188b0e876706cec5a56bf6f5c35539f1d6510cd.png
efe04b9e6a8164a4b78ba1c775ddadc6b1ff276ce5e154bf37162b59056d4b5e,1,data/malware_images/images/njrat/efe04b9e6a8164a4b78ba1c775ddadc6b1ff276ce5e154bf37162b59056d4b5e.png
7c53acee7824ea0477db0e72c89a65beb383e86d8cd05c23ec51be9a704ea22b,1,data/malware_images/images/Trickbot/7c53acee7824ea0477db0e72c89a65beb383e86d8cd05c23ec51be9a704ea22b.png
c90ba23a7935a5a6143d4a97d05e120c6955a83ff035bbab5c1ab4eabd539003,0,data/benign_original/benign/c90ba23a7935a5a6143d4a97d05e120c6955a83ff035bbab5c1ab4eabd539003.png
f0e3eaa63e7951c37ad7147a63c35b1372b54dd8654abae42c607b65eae18ea2,1,data/malware_images/images/Trickbot/f0e3eaa63e7951c37ad7147a63c35b1372b54dd8654abae42c607b65eae18ea2.png
7899aae710988b1ddf4fca1d1f70a5f57fcb67b8491ab935e82f2ed46eda0bfb,1,data/malware_images/images/Gozi/7899aae710988b1ddf4fca1d1f70a5f57fcb67b8491ab935e82f2ed46eda0bfb.png
cc4adc09e357c101945652e77b100b46dc0e0f575073f5d2b9b0a20c959cdf8d,1,data/malware_images/images/njrat/cc4adc09e357c101945652e77b100b46dc0e0f575073f5d2b9b0a20c959cdf8d.png
e441f53c525af44ce777d64c9b06a83c1c8955ea8230abf579ffd4a0a8926b09,0,data/benign_original/benign/e441f53c525af44ce777d64c9b06a83c1c8955ea8230abf579ffd4a0a8926b09.png
0f3a249f2ba260490f5648612adb1f6ab1714fb08792ccd97c3f6374941388a6,1,data/malware_images/images/Gozi/0f3a249f2ba260490f5648612adb1f6ab1714fb08792ccd97c3f6374941388a6.png
df6a46c9abec880112313295d419134fef95cd21127038241063ffbc5000be00,0,data/benign_original/benign/df6a46c9abec880112313295d419134fef95cd21127038241063ffbc5000be00.png
bdc92dc7951e406ecf0716d96734dce5d53e105744c36579656fb7d1b5fff379,0,data/benign_original/benign/bdc92dc7951e406ecf0716d96734dce5d53e105744c36579656fb7d1b5fff379.png
ecac9510586e6134a714944509fb78d8e0ea82f261b3f6bddd8da6456b0fc5d2,0,data/benign_original/benign/ecac9510586e6134a714944509fb78d8e0ea82f261b3f6bddd8da6456b0fc5d2.png
df8b72fbc5b86764cdbd998a0cbdbe404f3253f1a51029d5b46a778feb4839a1,1,data/malware_images/images/GuLoader/df8b72fbc5b86764cdbd998a0cbdbe404f3253f1a51029d5b46a778feb4839a1.png
2e94e1703467bbc54c7cae5937add02bf584c17f9f4872ea8b538e9ad5867886,1,data/malware_images/images/njrat/2e94e1703467bbc54c7cae5937add02bf584c17f9f4872ea8b538e9ad5867886.png
fc483754462d2219e186a2c174e1ced3a5f30b648f04a3b0a7d1421e63569af2,0,data/benign_original/benign/fc483754462d2219e186a2c174e1ced3a5f30b648f04a3b0a7d1421e63569af2.png
e6f0ee752413ab2972aee2a9b0340c5b07648635fa1479146c75f88f6c518193,0,data/benign_original/benign/e6f0ee752413ab2972aee2a9b0340c5b07648635fa1479146c75f88f6c518193.png
d9bfb0ef6d5d91f9da013b307c1fe39ec36c6682f7ce3cff5e2cdfe26b41a6a1,0,data/benign_original/benign/d9bfb0ef6d5d91f9da013b307c1fe39ec36c6682f7ce3cff5e2cdfe26b41a6a1.png
b4611fee5b2f91172ee8c3ffad96c677f3d648c9bf4e04bb5949a2e8b1d8ba6d,0,data/benign_original/benign/b4611fee5b2f91172ee8c3ffad96c677f3d648c9bf4e04bb5949a2e8b1d8ba6d.png
b87496c3521a18fdc008076555107d5d8d92120a2abd3a28859a7dc2fa5135c8,0,data/benign_original/benign/b87496c3521a18fdc008076555107d5d8d92120a2abd3a28859a7dc2fa5135c8.png
90bcf814ca9e14d7bc710495b666ff1be96c7cd02387935d8a4a477d5e56c916,1,data/malware_images/images/njrat/90bcf814ca9e14d7bc710495b666ff1be96c7cd02387935d8a4a477d5e56c916.png
c4e4c6d2efac839018418be171a95b9e1737ef993005be2cacb42b4771f88c61,0,data/benign_original/benign/c4e4c6d2efac839018418be171a95b9e1737ef993005be2cacb42b4771f88c61.png
f44f5ab3498c21b098c8d2d823f29c990113b9ef98d429e0c0eed152d5761bfb,0,data/benign_original/benign/f44f5ab3498c21b098c8d2d823f29c990113b9ef98d429e0c0eed152d5761bfb.png
821be1e8af5933e6e15a26ad13587b850b2c25dc2ba583aecdf9673320d5f62d,1,data/malware_images/images/GuLoader/821be1e8af5933e6e15a26ad13587b850b2c25dc2ba583aecdf9673320d5f62d.png
b5b08608fd83bd1a776d14c15a5b90545c2bc72a41d92ad6bef9022391d930f0,0,data/benign_original/benign/b5b08608fd83bd1a776d14c15a5b90545c2bc72a41d92ad6bef9022391d930f0.png
490b24ae49c3a9a3c8f580ed6847c8c96f9027e5be9b122e49728c7dc8ee0498,1,data/malware_images/images/njrat/490b24ae49c3a9a3c8f580ed6847c8c96f9027e5be9b122e49728c7dc8ee0498.png
df0ecedc7d52e4249af3fd9d74c7e8ec5e56c6334042cfdcb7bcfdfb63cab8fa,0,data/benign_original/benign/df0ecedc7d52e4249af3fd9d74c7e8ec5e56c6334042cfdcb7bcfdfb63cab8fa.png
de62405310da1fc99bae72ef69cac5f6a7c328860a7d49305edc1537d3bf3102,1,data/malware_images/images/IcedID/de62405310da1fc99bae72ef69cac5f6a7c328860a7d49305edc1537d3bf3102.png
e06d1c2f007eaec5f527a7afeb5e016cb42c85441d725a4187a12a5e21a2be2f,0,data/benign_original/benign/e06d1c2f007eaec5f527a7afeb5e016cb42c85441d725a4187a12a5e21a2be2f.png
d26b7cee885938b9e39be73089dd0c41bcddce096cd1733fd7126b1a4e05e2cd,0,data/benign_original/benign/d26b7cee885938b9e39be73089dd0c41bcddce096cd1733fd7126b1a4e05e2cd.png
9c318d2c11fee8e2282c32af7e8e5e796147660e7dd755ac42e8eb1c6ff3a2c2,1,data/malware_images/images/Trickbot/9c318d2c11fee8e2282c32af7e8e5e796147660e7dd755ac42e8eb1c6ff3a2c2.png
b947929a2eb373ca547896b5bb3932140a51fdf68a093ac78407e19b9659b5aa,1,data/malware_images/images/IcedID/b947929a2eb373ca547896b5bb3932140a51fdf68a093ac78407e19b9659b5aa.png
b42a33d9aeea2bdcf101f8ad791e724fcb5a56352686c3b3160424e36b80e84e,0,data/benign_original/benign/b42a33d9aeea2bdcf101f8ad791e724fcb5a56352686c3b3160424e36b80e84e.png
e59553f404c4c23e804f934c6f25dc4f58b26cd4776726dae6f95c41cdd49a2a,0,data/benign_original/benign/e59553f404c4c23e804f934c6f25dc4f58b26cd4776726dae6f95c41cdd49a2a.png
dfe1eb32e450bf1213d588f68736835803e707a386e04ab3f4230921c992ca57,0,data/benign_original/benign/dfe1eb32e450bf1213d588f68736835803e707a386e04ab3f4230921c992ca57.png
733405308b4906d5b71c0af5a17540e5dd16a78dd64ae3844c33c863eafe4934,1,data/malware_images/images/Gozi/733405308b4906d5b71c0af5a17540e5dd16a78dd64ae3844c33c863eafe4934.png
5261874485f9fe16a78a558734e8652f93db1d544f3be331e7f6adc06f43ee98,1,data/malware_images/images/njrat/5261874485f9fe16a78a558734e8652f93db1d544f3be331e7f6adc06f43ee98.png
49f0ff9807e26ef36ac569e35fa391522472272a9af4dbfca04b0057e4d71d99,1,data/malware_images/images/GuLoader/49f0ff9807e26ef36ac569e35fa391522472272a9af4dbfca04b0057e4d71d99.png
babc49669870a77848dfcb57d2a7f2b0be02ed36b504f7c93369d74b2b4a43a0,0,data/benign_original/benign/babc49669870a77848dfcb57d2a7f2b0be02ed36b504f7c93369d74b2b4a43a0.png
6a53a62fe35949c47d638b8e3c8e1b5177bb413eef9159a069a87658d503350c,1,data/malware_images/images/njrat/6a53a62fe35949c47d638b8e3c8e1b5177bb413eef9159a069a87658d503350c.png
c0255a19289c91cfc155d42b5965014898dc50f16c8dfc683f35ddb258b2670e,0,data/benign_original/benign/c0255a19289c91cfc155d42b5965014898dc50f16c8dfc683f35ddb258b2670e.png
b17caf4e860deeb9d2625934b9e7eba83e87ef9854875071f54ef91c09c60b87,0,data/benign_original/benign/b17caf4e860deeb9d2625934b9e7eba83e87ef9854875071f54ef91c09c60b87.png
de18d08741d36679f6a4862aa1f6e7403cbb314b6770153585a019cd994dbc1e,0,data/benign_original/benign/de18d08741d36679f6a4862aa1f6e7403cbb314b6770153585a019cd994dbc1e.png
732bae2336d711a5cf12ccfa6961a74204e1b73239412ee5c5854fe37452d3e3,1,data/malware_images/images/Gozi/732bae2336d711a5cf12ccfa6961a74204e1b73239412ee5c5854fe37452d3e3.png
fc50281725e3089180dbb8643bcb6f19bf6e9e0bc60aa2ba890b7d90aa3c8507,0,data/benign_original/benign/fc50281725e3089180dbb8643bcb6f19bf6e9e0bc60aa2ba890b7d90aa3c8507.png
11e539a659db77e56b85608659f513e4f97b2b2d6a757b4376141eeecd3728f5,1,data/malware_images/images/IcedID/11e539a659db77e56b85608659f513e4f97b2b2d6a757b4376141eeecd3728f5.png
1d4d610f1df4a3cafbae0d9e65acf9d94d4792335ccc9583c676e9fb2153accf,1,data/malware_images/images/Heodo/1d4d610f1df4a3cafbae0d9e65acf9d94d4792335ccc9583c676e9fb2153accf.png
89e881e0beb8adc93f3b45e835e68355e855d951a44d18153b7f042989b353e0,1,data/malware_images/images/IcedID/89e881e0beb8adc93f3b45e835e68355e855d951a44d18153b7f042989b353e0.png
de4628b4cb8dd6da7415278589439aab3607b9667ab64abe010d8c6ae2b50a27,0,data/benign_original/benign/de4628b4cb8dd6da7415278589439aab3607b9667ab64abe010d8c6ae2b50a27.png
ce29641f8aa451278ecc7db939d51db4be2e0f1b2947749eff8c988c11006400,0,data/benign_original/benign/ce29641f8aa451278ecc7db939d51db4be2e0f1b2947749eff8c988c11006400.png
f42f4982dc72fca7695a9fb4c1e32a27fccb4b9a244063878300a347c01634cf,0,data/benign_original/benign/f42f4982dc72fca7695a9fb4c1e32a27fccb4b9a244063878300a347c01634cf.png
c77997c03b3a2f09fcd5484c2cb55a96d2082b4b3bcd0ca492077a965e2dd130,0,data/benign_original/benign/c77997c03b3a2f09fcd5484c2cb55a96d2082b4b3bcd0ca492077a965e2dd130.png
f097fe01213e16b03ae9d2ec5567910a0af81a77aaa22bbda7a9b4c50961b97a,1,data/malware_images/images/Trickbot/f097fe01213e16b03ae9d2ec5567910a0af81a77aaa22bbda7a9b4c50961b97a.png
f8a0cc18117ef1d69eb60364662fed627b0722cc534e7c063261960b3806650c,1,data/malware_images/images/GuLoader/f8a0cc18117ef1d69eb60364662fed627b0722cc534e7c063261960b3806650c.png
8bc26373fc7a9bbdd4bcab1227d76970d25c070589dd24415c3c3a8fb02f6f8e,0,data/benign_original/benign/8bc26373fc7a9bbdd4bcab1227d76970d25c070589dd24415c3c3a8fb02f6f8e.png
f13f81085495824956c6a35825e379ead3a6a0348bacda30495dfc54b917fad2,0,data/benign_original/benign/f13f81085495824956c6a35825e379ead3a6a0348bacda30495dfc54b917fad2.png
f685b8f905e9699ca0a77745888844f15dea152f0fccaa94dedd121339cb8786,0,data/benign_original/benign/f685b8f905e9699ca0a77745888844f15dea152f0fccaa94dedd121339cb8786.png
d40bcdcc0d6cef2a0afd5858b60f71d327924dc8a7edaaaf88bcaee76759369f,0,data/benign_original/benign/d40bcdcc0d6cef2a0afd5858b60f71d327924dc8a7edaaaf88bcaee76759369f.png
d6e7528b62458c4dc0c72a265533ddbcf42aa4871ad629826c550b2bb08f0a2b,0,data/benign_original/benign/d6e7528b62458c4dc0c72a265533ddbcf42aa4871ad629826c550b2bb08f0a2b.png
96e77706123512b6eb8b458250f8ec78becfd53c17f016bd1e61a5b7ddea2cc4,1,data/malware_images/images/njrat/96e77706123512b6eb8b458250f8ec78becfd53c17f016bd1e61a5b7ddea2cc4.png
e9933e63533f7db1fa81927996cea1fb87f66e26613502852f5135bc91c6daf2,0,data/benign_original/benign/e9933e63533f7db1fa81927996cea1fb87f66e26613502852f5135bc91c6daf2.png
b8662d664ffd4e9c0fc4ff0ae83cacf995444d8f0f3c94d1f1d0a71f10242487,0,data/benign_original/benign/b8662d664ffd4e9c0fc4ff0ae83cacf995444d8f0f3c94d1f1d0a71f10242487.png
9d8c14be9d95cec94ff98f9c524399ade8524496787dd0f6cfe55044c3dae233,1,data/malware_images/images/IcedID/9d8c14be9d95cec94ff98f9c524399ade8524496787dd0f6cfe55044c3dae233.png
e05cd9baffcab93a69c0243df7646f5dba3069d18778cba64aba7bbc154aa85c,1,data/malware_images/images/GuLoader/e05cd9baffcab93a69c0243df7646f5dba3069d18778cba64aba7bbc154aa85c.png
bf2a67c9a402f906afb41f77a332eeb0fcb7d04b3787156070623eabd4c3b021,0,data/benign_original/benign/bf2a67c9a402f906afb41f77a332eeb0fcb7d04b3787156070623eabd4c3b021.png
d4f298d6bab0963eaa669cb43a3e3f61834bb6ca1a8d08a059b70731c3b4476b,0,data/benign_original/benign/d4f298d6bab0963eaa669cb43a3e3f61834bb6ca1a8d08a059b70731c3b4476b.png
f425e779f596f838ff3da5665f10fbb92ee49966fccb324bda7c27948671363a,1,data/malware_images/images/njrat/f425e779f596f838ff3da5665f10fbb92ee49966fccb324bda7c27948671363a.png
d25a610f735383649e5e4d48cd370fee127c04e101cf8e922e96d4ce88991cd9,1,data/malware_images/images/Gozi/d25a610f735383649e5e4d48cd370fee127c04e101cf8e922e96d4ce88991cd9.png
1d67a78a85100f6be1da61ddf1b8945d5e3c114a61e8ac505e7a18653633c1d2,1,data/malware_images/images/GuLoader/1d67a78a85100f6be1da61ddf1b8945d5e3c114a61e8ac505e7a18653633c1d2.png
4a8a483deb6c7fb2704e2013aa3672da932b5f0f0b5a70f4c5316798f6e83361,1,data/malware_images/images/Trickbot/4a8a483deb6c7fb2704e2013aa3672da932b5f0f0b5a70f4c5316798f6e83361.png
6a60a0513e92aeb4e5d162f21e6209d0cffdcd16e34aa8ce3b24cd506dc43bef,1,data/malware_images/images/Trickbot/6a60a0513e92aeb4e5d162f21e6209d0cffdcd16e34aa8ce3b24cd506dc43bef.png
5dcf031a4bed052dda60d8229b23a9db53b012868f1012438d40032835ac34d7,0,data/benign_original/benign/5dcf031a4bed052dda60d8229b23a9db53b012868f1012438d40032835ac34d7.png
dfb84f9897234ca35567a463102cfc5b04d71f1ed34ab42621ff29e94bcf8ddf,1,data/malware_images/images/GuLoader/dfb84f9897234ca35567a463102cfc5b04d71f1ed34ab42621ff29e94bcf8ddf.png
f5551d0d23b7539addce6f62e0a55119c81af3d432bbda819481d6062e081755,0,data/benign_original/benign/f5551d0d23b7539addce6f62e0a55119c81af3d432bbda819481d6062e081755.png
d789fb66e25c327406d6e00605c42408498eb14a784782ff1035ea2889cd6ed0,0,data/benign_original/benign/d789fb66e25c327406d6e00605c42408498eb14a784782ff1035ea2889cd6ed0.png
a37228b4f506ba3e0c19aac4cff3ff3158fc53a3bdeb1dee6fc77a0a9868b3ac,1,data/malware_images/images/Trickbot/a37228b4f506ba3e0c19aac4cff3ff3158fc53a3bdeb1dee6fc77a0a9868b3ac.png
3e1b8febf5f7c0c794dad1a6ae195de982e8c0940997568a370c6fb21511d98a,1,data/malware_images/images/GuLoader/3e1b8febf5f7c0c794dad1a6ae195de982e8c0940997568a370c6fb21511d98a.png
ab7765cafe9cab11e9e2d5ff1a1fffa3fdc7fb9cb8c1e35874f56ea9d3432042,1,data/malware_images/images/IcedID/ab7765cafe9cab11e9e2d5ff1a1fffa3fdc7fb9cb8c1e35874f56ea9d3432042.png
e2fba34c896cac6038e718d7d89723bfc6e938fd62bdd834b95855704fe92015,0,data/benign_original/benign/e2fba34c896cac6038e718d7d89723bfc6e938fd62bdd834b95855704fe92015.png
0bb0c8e2536e2cf89e8f779b92189a14a76db05f0ea168029452934a5ae40d90,1,data/malware_images/images/IcedID/0bb0c8e2536e2cf89e8f779b92189a14a76db05f0ea168029452934a5ae40d90.png
81c5ffc8bbff3f6b0f2ce30966a4ff8e964b3602343d1746721311336c453be0,0,data/benign_original/benign/81c5ffc8bbff3f6b0f2ce30966a4ff8e964b3602343d1746721311336c453be0.png
04b6a35bc504401989b9e674c57c9e84d0cbdbbd9d8ce0ce83d7ceca0b7175ed,0,data/benign_original/benign/04b6a35bc504401989b9e674c57c9e84d0cbdbbd9d8ce0ce83d7ceca0b7175ed.png
6eb44116a019e49107717f978f4069e5bb4060899c2a98af7a17210ab303738f,1,data/malware_images/images/Gozi/6eb44116a019e49107717f978f4069e5bb4060899c2a98af7a17210ab303738f.png
408589023bb854b36f53560281d36b6ccb343cc1824533d9e00c9732ac102815,1,data/malware_images/images/Gozi/408589023bb854b36f53560281d36b6ccb343cc1824533d9e00c9732ac102815.png
31bc4f7d38dd9b421851e9e4fd89490ea861035f94b0487ff6e80a5b4a0872f9,1,data/malware_images/images/Gozi/31bc4f7d38dd9b421851e9e4fd89490ea861035f94b0487ff6e80a5b4a0872f9.png
de5da2008e231c60a227d6700248953651e0242542f07027e400760283b91d42,1,data/malware_images/images/GuLoader/de5da2008e231c60a227d6700248953651e0242542f07027e400760283b91d42.png
f63cf37c55774ed6838c0588e1279fd805db9ae24f05cbaf71b19d92193e7909,0,data/benign_original/benign/f63cf37c55774ed6838c0588e1279fd805db9ae24f05cbaf71b19d92193e7909.png
fb7de28e08622c7099c76409690767dba40852f7bd7a02b5a65149240f0e25c1,1,data/malware_images/images/Trickbot/fb7de28e08622c7099c76409690767dba40852f7bd7a02b5a65149240f0e25c1.png
150bc84103a182333fa76ebdbc55769240877076252dea1e3ff398272019ce4a,1,data/malware_images/images/GuLoader/150bc84103a182333fa76ebdbc55769240877076252dea1e3ff398272019ce4a.png
b8e44c2a0d3ee1d5ee398ef557f852b80fba132d239d8e982fbe73a64d030804,0,data/benign_original/benign/b8e44c2a0d3ee1d5ee398ef557f852b80fba132d239d8e982fbe73a64d030804.png
bc94687bf4051b3d2ef3fceba098c5ba5036767433afc924833866bc860e38b3,0,data/benign_original/benign/bc94687bf4051b3d2ef3fceba098c5ba5036767433afc924833866bc860e38b3.png
da00756a4ace0ab5a81b21287f4027e82cf51b2828312bdb5666f05211f773ef,0,data/benign_original/benign/da00756a4ace0ab5a81b21287f4027e82cf51b2828312bdb5666f05211f773ef.png
dad6229600eb17c91ad9ddae5481379a6d06b08147d840e20648f8e36d56844e,0,data/benign_original/benign/dad6229600eb17c91ad9ddae5481379a6d06b08147d840e20648f8e36d56844e.png
d48433f1e07a229f364e0307191e45bb56ef80b0acf2ed04a3c2179607ea9bf0,0,data/benign_original/benign/d48433f1e07a229f364e0307191e45bb56ef80b0acf2ed04a3c2179607ea9bf0.png
f1cfb446b52f2f9ad6f071139ca0e509fc876787dc595c08a31182eeb05b91b4,1,data/malware_images/images/Trickbot/f1cfb446b52f2f9ad6f071139ca0e509fc876787dc595c08a31182eeb05b91b4.png
b354fea791d05973e65997e9ef4b1e32359cdc86b6b5e38e745cbae43516e110,1,data/malware_images/images/njrat/b354fea791d05973e65997e9ef4b1e32359cdc86b6b5e38e745cbae43516e110.png
54b5a9d4964628097caa5389be308d3306ad5feb01144cf13af0892799da41cb,1,data/malware_images/images/IcedID/54b5a9d4964628097caa5389be308d3306ad5feb01144cf13af0892799da41cb.png
ebda3d0f42a337880c4b2d262730986e20abcfda2b66f6d91f0ec82d5607552d,1,data/malware_images/images/njrat/ebda3d0f42a337880c4b2d262730986e20abcfda2b66f6d91f0ec82d5607552d.png
fff764b24ed5c9f8116b1028a39721c6c3098e0153ed368283d3f4ad4539247b,1,data/malware_images/images/GuLoader/fff764b24ed5c9f8116b1028a39721c6c3098e0153ed368283d3f4ad4539247b.png
f67e56a7d4dd50d72381811cc2ce398add28b976c98829b5bbff03a0cd765cae,0,data/benign_original/benign/f67e56a7d4dd50d72381811cc2ce398add28b976c98829b5bbff03a0cd765cae.png
c5b07dcb83d583f8d5dffe63b8fc53d0531f2acd3a5fb9eeaf561ac457fac8aa,0,data/benign_original/benign/c5b07dcb83d583f8d5dffe63b8fc53d0531f2acd3a5fb9eeaf561ac457fac8aa.png
f85cdbeef84d8e28c97c63f0fd6dea3445440e2b56f50b8b068d21afeda5bfd8,0,data/benign_original/benign/f85cdbeef84d8e28c97c63f0fd6dea3445440e2b56f50b8b068d21afeda5bfd8.png
b465cb3eec5644b9e0898bff7cf05a28f131394acfd5674d55c78813ca9b111c,1,data/malware_images/images/Trickbot/b465cb3eec5644b9e0898bff7cf05a28f131394acfd5674d55c78813ca9b111c.png
8e104cc58e62de0eab837ac09b01d30e85f79045cc1803fa2ef4eafbdbd41e8d,0,data/benign_original/benign/8e104cc58e62de0eab837ac09b01d30e85f79045cc1803fa2ef4eafbdbd41e8d.png
a16712926d257e57ffa3215a7232179301cacba7e08f69203d12a4cc764d6581,1,data/malware_images/images/Gozi/a16712926d257e57ffa3215a7232179301cacba7e08f69203d12a4cc764d6581.png
83d280fb871c5242734b43653ef247dda9f699b37b0db8864ef6de1227e825e2,1,data/malware_images/images/Trickbot/83d280fb871c5242734b43653ef247dda9f699b37b0db8864ef6de1227e825e2.png
5e0da19a904adb77eb34209c56c344f1ed9e7172d910f14c3eb5bf156e5bb5b5,1,data/malware_images/images/Heodo/5e0da19a904adb77eb34209c56c344f1ed9e7172d910f14c3eb5bf156e5bb5b5.png
eaebe72673657a69d0600184a42568c3551205d71ce0928a270968b2c327e5ee,0,data/benign_original/benign/eaebe72673657a69d0600184a42568c3551205d71ce0928a270968b2c327e5ee.png
e500914e16a9d1c27cc78ed3ffe18d026040fde8d6dbc355f4c50ea890fcc114,0,data/benign_original/benign/e500914e16a9d1c27cc78ed3ffe18d026040fde8d6dbc355f4c50ea890fcc114.png
b4e29050d3dbe88b47276563170f0cdce84ed9482e355d6ab53f6bbaf18c3fc4,0,data/benign_original/benign/b4e29050d3dbe88b47276563170f0cdce84ed9482e355d6ab53f6bbaf18c3fc4.png
cb31ee45964ea2819dd6309564c81891d6767d7fbe0540b4ea34335090c194c6,0,data/benign_original/benign/cb31ee45964ea2819dd6309564c81891d6767d7fbe0540b4ea34335090c194c6.png
1cfced22a3a4434b65d6bad2265165a9b0ee83c1804c56d66e7382dbe92da3fc,1,data/malware_images/images/Gozi/1cfced22a3a4434b65d6bad2265165a9b0ee83c1804c56d66e7382dbe92da3fc.png
6189f20726884a79b8bfca2b0d7a2c5fb514a5a751452400b561533c8d544b78,1,data/malware_images/images/Gozi/6189f20726884a79b8bfca2b0d7a2c5fb514a5a751452400b561533c8d544b78.png
f22439962187e053f6a5dfa280d3ac2e3448ca470edd5c13f062d5ba1764381b,1,data/malware_images/images/njrat/f22439962187e053f6a5dfa280d3ac2e3448ca470edd5c13f062d5ba1764381b.png
f3b557bcc69fab91d7cd1703675c2585e8133a234fc6d582799b0f3d63409bd0,0,data/benign_original/benign/f3b557bcc69fab91d7cd1703675c2585e8133a234fc6d582799b0f3d63409bd0.png
d0ff5f6bb94961d4c17f0709297a6b5a5fa323c9ac82f4fe27187912b4b13cf3,0,data/benign_original/benign/d0ff5f6bb94961d4c17f0709297a6b5a5fa323c9ac82f4fe27187912b4b13cf3.png
d23cc274079e2b95ad6354cb76b2cc09bb53a5e7e32ac23a740832f5459c9894,0,data/benign_original/benign/d23cc274079e2b95ad6354cb76b2cc09bb53a5e7e32ac23a740832f5459c9894.png
945a6922750be4e5751ee64b364e4e24830e99571803693c496d0f240c27b64c,1,data/malware_images/images/Heodo/945a6922750be4e5751ee64b364e4e24830e99571803693c496d0f240c27b64c.png
0471e60928f063e745c09f31d0eeba329ff26aa33889cf78b41006acba73eaad,1,data/malware_images/images/IcedID/0471e60928f063e745c09f31d0eeba329ff26aa33889cf78b41006acba73eaad.png
6861325a45debe8aeb1846e4b10b50b3244bad5a13bbc348b65fe1ec6a58118e,1,data/malware_images/images/njrat/6861325a45debe8aeb1846e4b10b50b3244bad5a13bbc348b65fe1ec6a58118e.png
7705fa87126fed83b26578594380903268c9e2876b07375fdca0198730149e94,1,data/malware_images/images/GuLoader/7705fa87126fed83b26578594380903268c9e2876b07375fdca0198730149e94.png
73f3b5c2bbc0fec8069b83e0306d3ae8b98816bec8bb778ae28281da6bcdc490,1,data/malware_images/images/Gozi/73f3b5c2bbc0fec8069b83e0306d3ae8b98816bec8bb778ae28281da6bcdc490.png
93a924da3e0e9c7cd63fc756581678664aea34e2f4a79bb1c7440be38445c037,1,data/malware_images/images/njrat/93a924da3e0e9c7cd63fc756581678664aea34e2f4a79bb1c7440be38445c037.png
97a465e7931dc8e1937f751d01dae7e05d3963c6abb8bf58bcc8faec10831018,1,data/malware_images/images/Trickbot/97a465e7931dc8e1937f751d01dae7e05d3963c6abb8bf58bcc8faec10831018.png
ddc0de988b73ddca97226fb7099e7bbfe74251c4d478d09a1bd16ea3514a0101,0,data/benign_original/benign/ddc0de988b73ddca97226fb7099e7bbfe74251c4d478d09a1bd16ea3514a0101.png
d3956c1f5ac09bccd4107992f9590771fa37d69a7f910c798d9c393a58cf4d69,0,data/benign_original/benign/d3956c1f5ac09bccd4107992f9590771fa37d69a7f910c798d9c393a58cf4d69.png
db62af14455dac8d3163b8561dbdc3e671c0d521e4944bf837518afd2ebf3e83,0,data/benign_original/benign/db62af14455dac8d3163b8561dbdc3e671c0d521e4944bf837518afd2ebf3e83.png
ac481ab5f1da52a12135c750757803c0dc18e1c2a3207a47336d943c627ca9b8,1,data/malware_images/images/njrat/ac481ab5f1da52a12135c750757803c0dc18e1c2a3207a47336d943c627ca9b8.png
faf3e5142d260ffea6e3d05f8c22403f47a1d3b45aae183ffc42cef7b239fdfc,0,data/benign_original/benign/faf3e5142d260ffea6e3d05f8c22403f47a1d3b45aae183ffc42cef7b239fdfc.png
72bc39297e239de515b1384d1df053109eb71567ddc3b94cf7b27ad3a5ad31fe,0,data/benign_original/benign/72bc39297e239de515b1384d1df053109eb71567ddc3b94cf7b27ad3a5ad31fe.png
de5b14fe7a421e500eb495f487f4afb7b09f2ff90817f2ecec76135dc2f52d97,0,data/benign_original/benign/de5b14fe7a421e500eb495f487f4afb7b09f2ff90817f2ecec76135dc2f52d97.png
7d35dbc6332359e95da5b35f879b28138b045d3ea56a6daac7c155e11e73f07e,1,data/malware_images/images/Gozi/7d35dbc6332359e95da5b35f879b28138b045d3ea56a6daac7c155e11e73f07e.png
c9515e6037be94251c215d5ab9997e68df5b024d008d2adb0b58c9e3cca68af0,0,data/benign_original/benign/c9515e6037be94251c215d5ab9997e68df5b024d008d2adb0b58c9e3cca68af0.png
593da57cdd02f4cc3a5125ce5707c222dd922f2936d16492ba21ac6c345ec6b0,0,data/benign_original/benign/593da57cdd02f4cc3a5125ce5707c222dd922f2936d16492ba21ac6c345ec6b0.png
c4617cd94408d13e68d3dd75920911a56a1b1bae0fb19c035b156ec4a3cdefd5,0,data/benign_original/benign/c4617cd94408d13e68d3dd75920911a56a1b1bae0fb19c035b156ec4a3cdefd5.png
e419678919c19b486931cd51d756feeb47c0868c07d029a0c61022b7c9812795,1,data/malware_images/images/Gozi/e419678919c19b486931cd51d756feeb47c0868c07d029a0c61022b7c9812795.png
eebb763b42a528e3704cedebd9c0c89e7673cc468bd29a84c08fec0d10214514,0,data/benign_original/benign/eebb763b42a528e3704cedebd9c0c89e7673cc468bd29a84c08fec0d10214514.png
b2baee0507b7696fc1c65f8cb17fb4faa025b21e706f17966f7ac82dd8c366c7,1,data/malware_images/images/njrat/b2baee0507b7696fc1c65f8cb17fb4faa025b21e706f17966f7ac82dd8c366c7.png
eddf477a3c7f394c87fc5b3e58c89dd9f7d2d29b48de6aa73c396160b2d3c076,0,data/benign_original/benign/eddf477a3c7f394c87fc5b3e58c89dd9f7d2d29b48de6aa73c396160b2d3c076.png
50a9095bcc7445c99ce2156f89174b099e34ae2baac3e2aa78e21420437cdb90,1,data/malware_images/images/Trickbot/50a9095bcc7445c99ce2156f89174b099e34ae2baac3e2aa78e21420437cdb90.png
bdef25ce457b36c95f9dfbaed93d8a6c17b741cc987df1a9c920987081d1a30c,1,data/malware_images/images/Trickbot/bdef25ce457b36c95f9dfbaed93d8a6c17b741cc987df1a9c920987081d1a30c.png
f11a99836ea69ca62ff3036200bf1861f51b245ae7c320a83934f4f257f54fd9,0,data/benign_original/benign/f11a99836ea69ca62ff3036200bf1861f51b245ae7c320a83934f4f257f54fd9.png
826f1dcfcf1317f15d84c5434e6c767732dd7248a7ac4d08b6a2a849acd78a55,1,data/malware_images/images/Gozi/826f1dcfcf1317f15d84c5434e6c767732dd7248a7ac4d08b6a2a849acd78a55.png
919719fcf4ce89588309224d1a73c8518ea6632b818c05135baa7822e4ddcfcd,1,data/malware_images/images/Gozi/919719fcf4ce89588309224d1a73c8518ea6632b818c05135baa7822e4ddcfcd.png
e5015af6432f4a98286d20a54987124f5be7aada0bf60baa727f186b12bfe013,0,data/benign_original/benign/e5015af6432f4a98286d20a54987124f5be7aada0bf60baa727f186b12bfe013.png
94349d76ec1a0c4f60d8d6b59e5dd0883a533a17c9a7c7a87cab5d4540e5d4ea,1,data/malware_images/images/IcedID/94349d76ec1a0c4f60d8d6b59e5dd0883a533a17c9a7c7a87cab5d4540e5d4ea.png
fac0d524aa65f80845368721f0212c680259ad42290588a4d9adb313f46eb387,1,data/malware_images/images/Gozi/fac0d524aa65f80845368721f0212c680259ad42290588a4d9adb313f46eb387.png
cf36506454b7bb3afea53106ea0d6219d91c0031b121fdc52b7a05527766a3db,0,data/benign_original/benign/cf36506454b7bb3afea53106ea0d6219d91c0031b121fdc52b7a05527766a3db.png
bea4a28914661d6b96f19150a9231d4718a4566ac737c2703c146dd04cf594b9,1,data/malware_images/images/Trickbot/bea4a28914661d6b96f19150a9231d4718a4566ac737c2703c146dd04cf594b9.png
610f85736bb98477798dc8c0c76ddca54032db662b7eac7b73ffa08326f7329c,1,data/malware_images/images/Gozi/610f85736bb98477798dc8c0c76ddca54032db662b7eac7b73ffa08326f7329c.png
a84da88d30017633824c0731d6637a80c1fe97c40f9d6421b39c94b367b35a2f,1,data/malware_images/images/IcedID/a84da88d30017633824c0731d6637a80c1fe97c40f9d6421b39c94b367b35a2f.png
bd9252723c933b1d0cc08ef47e6ae8a95373975ee2d60098c9aa59f2b9b2fd8b,1,data/malware_images/images/GuLoader/bd9252723c933b1d0cc08ef47e6ae8a95373975ee2d60098c9aa59f2b9b2fd8b.png
e8ee9a3e0225923435341d8674a79522f1a95d4f5b34b21698b4b6ce4fe60c3c,0,data/benign_original/benign/e8ee9a3e0225923435341d8674a79522f1a95d4f5b34b21698b4b6ce4fe60c3c.png
fb75efa8434d35a049d6608b6534df5c0716d33eb373f63cda5333796e16f1ec,1,data/malware_images/images/Gozi/fb75efa8434d35a049d6608b6534df5c0716d33eb373f63cda5333796e16f1ec.png
f7cb5d3347d5a13b8bcce06821ba75043fce87f298131e23155753b56a48297e,0,data/benign_original/benign/f7cb5d3347d5a13b8bcce06821ba75043fce87f298131e23155753b56a48297e.png
735c3e8627ad36781f4f81fa79a265f90c3e22562a0991a7dea4d52427724baa,0,data/benign_original/benign/735c3e8627ad36781f4f81fa79a265f90c3e22562a0991a7dea4d52427724baa.png
d3922fce8b35b165c86a49abb2073a2f166da5269eb8272a1363d88612c8a527,0,data/benign_original/benign/d3922fce8b35b165c86a49abb2073a2f166da5269eb8272a1363d88612c8a527.png
d053f4ef1bff072e476589e4c60968e663fc3901d5ae08f93c6bae5eafbee665,0,data/benign_original/benign/d053f4ef1bff072e476589e4c60968e663fc3901d5ae08f93c6bae5eafbee665.png
e05045233ee90b0fd9d5fba44cd9cda8fabaf9c2f0ede04d9ded0efcdf901ced,0,data/benign_original/benign/e05045233ee90b0fd9d5fba44cd9cda8fabaf9c2f0ede04d9ded0efcdf901ced.png
a06e087b5e65669a5015a3669ddd66258c52530af7613207ee21e14c330b5b75,1,data/malware_images/images/Trickbot/a06e087b5e65669a5015a3669ddd66258c52530af7613207ee21e14c330b5b75.png
e53dc2de933a72fb55d865fb7c1c84c4fa837b55237516c05a5187874bdbf0f1,0,data/benign_original/benign/e53dc2de933a72fb55d865fb7c1c84c4fa837b55237516c05a5187874bdbf0f1.png
7fbdca56ddc65972ff22388b31d87a3fc2da0b0ca44cfbcab3467e54a6fbdc30,0,data/benign_original/benign/7fbdca56ddc65972ff22388b31d87a3fc2da0b0ca44cfbcab3467e54a6fbdc30.png
48331be81db4474aa078c976b4635737b87f10974b11832fbdcc387bb6869fc8,0,data/benign_original/benign/48331be81db4474aa078c976b4635737b87f10974b11832fbdcc387bb6869fc8.png
b0951b48f0c9065c9c4a2a00d6a41f58509f6f2b9e0bb0cb02801d8253f91553,1,data/malware_images/images/GuLoader/b0951b48f0c9065c9c4a2a00d6a41f58509f6f2b9e0bb0cb02801d8253f91553.png
a43c9fce2349892bcd1029bc47afbdcc92bf53c28d93c4762d501a1b4203ed9d,1,data/malware_images/images/Trickbot/a43c9fce2349892bcd1029bc47afbdcc92bf53c28d93c4762d501a1b4203ed9d.png
e06b5f4533493ccaa14084aaa0a1fede0c9e99f20948561de7559749c931ebf9,0,data/benign_original/benign/e06b5f4533493ccaa14084aaa0a1fede0c9e99f20948561de7559749c931ebf9.png
bf850f34545e3b0c998bf55c9f816522e7e3524d85913b65813d514061d5a78e,0,data/benign_original/benign/bf850f34545e3b0c998bf55c9f816522e7e3524d85913b65813d514061d5a78e.png
b5c1444604cc5e12ab9850226517858b96866b2ef021ee61a2558234b1ceffe3,0,data/benign_original/benign/b5c1444604cc5e12ab9850226517858b96866b2ef021ee61a2558234b1ceffe3.png
f679aa6fe6ed32847a71f95bf054bc0f6b703e94f651dad4067a9362fac14ed2,0,data/benign_original/benign/f679aa6fe6ed32847a71f95bf054bc0f6b703e94f651dad4067a9362fac14ed2.png
82df2d9ba67f275874caca138baea0b54e90ffd727d561072243a9d9026569ae,1,data/malware_images/images/njrat/82df2d9ba67f275874caca138baea0b54e90ffd727d561072243a9d9026569ae.png
2f1300d3537219771960fd7d4e6e5e95ed1fcb0f48ee488dd2e281e9405b5820,0,data/benign_original/benign/2f1300d3537219771960fd7d4e6e5e95ed1fcb0f48ee488dd2e281e9405b5820.png
e90d90d8b56c7a65273c4f03d206e23ef5f3808019781574aff369c66ef13642,0,data/benign_original/benign/e90d90d8b56c7a65273c4f03d206e23ef5f3808019781574aff369c66ef13642.png
bf108490b438fbb46db2f4e3b9d7e9d39b418d694dfbf4ddea456430d3d065c1,0,data/benign_original/benign/bf108490b438fbb46db2f4e3b9d7e9d39b418d694dfbf4ddea456430d3d065c1.png
dbac78af08256fb38d822813e274038945451f1baf8d7089cfa8682f97c5ca63,0,data/benign_original/benign/dbac78af08256fb38d822813e274038945451f1baf8d7089cfa8682f97c5ca63.png
82f6755bf6dac43b0082e56d26d5a54d3e5fb9d3c91e18cccdd4756113e3a50c,1,data/malware_images/images/GuLoader/82f6755bf6dac43b0082e56d26d5a54d3e5fb9d3c91e18cccdd4756113e3a50c.png
802cc10a923727e9728fb99ba97f249a1321e5b94779148c1290ce8907a846e7,1,data/malware_images/images/Trickbot/802cc10a923727e9728fb99ba97f249a1321e5b94779148c1290ce8907a846e7.png
bdcc23f4adea6cd81ed4b307526e68fc1bf5a6e688a611df79aeac821b40cffe,0,data/benign_original/benign/bdcc23f4adea6cd81ed4b307526e68fc1bf5a6e688a611df79aeac821b40cffe.png
58b1c01a434e6ffe0e349a9e07eebba8c88408acee9d98c7411982cb8a3ecdcc,1,data/malware_images/images/Trickbot/58b1c01a434e6ffe0e349a9e07eebba8c88408acee9d98c7411982cb8a3ecdcc.png
f62393b8733671406db45c3d7480e911371fdec7576c3f10643d29c270da5cce,0,data/benign_original/benign/f62393b8733671406db45c3d7480e911371fdec7576c3f10643d29c270da5cce.png
c94c022aaad74f54b575bab6e92c2f822f9a74e722fca0eadb755fc27a60930d,0,data/benign_original/benign/c94c022aaad74f54b575bab6e92c2f822f9a74e722fca0eadb755fc27a60930d.png
f3c2e067fe2f4a821029b9685ab6cbef58d89d9c4e7e1fc464b710e756b4c5cd,1,data/malware_images/images/Gozi/f3c2e067fe2f4a821029b9685ab6cbef58d89d9c4e7e1fc464b710e756b4c5cd.png
eed345ff23696597086620d2fccc2e0033c5d2475ddc26593af2b673408e2179,0,data/benign_original/benign/eed345ff23696597086620d2fccc2e0033c5d2475ddc26593af2b673408e2179.png
cfdf1496a343c26a1d779cef6adf80f716b1334f01d48dfaef9ce4a6dc484020,1,data/malware_images/images/IcedID/cfdf1496a343c26a1d779cef6adf80f716b1334f01d48dfaef9ce4a6dc484020.png
d0924deda5561d75a817eadf3a436201af994e8655a1607fe8b79158bd227458,1,data/malware_images/images/njrat/d0924deda5561d75a817eadf3a436201af994e8655a1607fe8b79158bd227458.png
d8619ab7066af14878548719f8737ec110df19badbdd3d6394a941127c268d19,1,data/malware_images/images/IcedID/d8619ab7066af14878548719f8737ec110df19badbdd3d6394a941127c268d19.png
b6800c2ca4bfec26c8b8553beee774f4ebab741b1a48adcccce79f07062977be,0,data/benign_original/benign/b6800c2ca4bfec26c8b8553beee774f4ebab741b1a48adcccce79f07062977be.png
f5f7a9b726da1f57bdd0cd18e22cb7962566ccea08e2c5dfe197a600cc6bde4e,0,data/benign_original/benign/f5f7a9b726da1f57bdd0cd18e22cb7962566ccea08e2c5dfe197a600cc6bde4e.png
23bf4825d17959f442c2a75fc44e5bfac819819d1fbfb4c7afd914c47d2b9b82,1,data/malware_images/images/njrat/23bf4825d17959f442c2a75fc44e5bfac819819d1fbfb4c7afd914c47d2b9b82.png
f96d915c2d51346fe1a35a7d0b7acef7a3734af2c75579085fce9d1a29e0f2e6,0,data/benign_original/benign/f96d915c2d51346fe1a35a7d0b7acef7a3734af2c75579085fce9d1a29e0f2e6.png
b6e51aea7cf024ba2463751b69989dc32188767b5b7259475c4ebf25cefacc26,0,data/benign_original/benign/b6e51aea7cf024ba2463751b69989dc32188767b5b7259475c4ebf25cefacc26.png
1f3432c132e24d367fe067b8096a500386e1daba4270f6d2fbed821da0e065f1,1,data/malware_images/images/Gozi/1f3432c132e24d367fe067b8096a500386e1daba4270f6d2fbed821da0e065f1.png
77e5a7191c67661016b9724de27702246421684e21fe203db08c3484ab36c30d,0,data/benign_original/benign/77e5a7191c67661016b9724de27702246421684e21fe203db08c3484ab36c30d.png
6adde9b136b943e8919605dc9b302fe5a7de4a037237da9959fac80743719c61,0,data/benign_original/benign/6adde9b136b943e8919605dc9b302fe5a7de4a037237da9959fac80743719c61.png
ee92683e528d37fa162ebd9b64d9f6c91fc8c61db48480396a31113c9f0fc332,0,data/benign_original/benign/ee92683e528d37fa162ebd9b64d9f6c91fc8c61db48480396a31113c9f0fc332.png
c01acbe46fda875d7f21fc218768a82a74daa49bc6584d9c2d2706de2ac327d7,1,data/malware_images/images/Gozi/c01acbe46fda875d7f21fc218768a82a74daa49bc6584d9c2d2706de2ac327d7.png
ce65a7fca2d01220e85eb823c0d9f89bc4605b98d7874c4ed7842917cc1692d1,0,data/benign_original/benign/ce65a7fca2d01220e85eb823c0d9f89bc4605b98d7874c4ed7842917cc1692d1.png
c6e826dff5b8366b58a123ffbc6f61825d67c617e1fa6a803f2cb45120a4b34f,0,data/benign_original/benign/c6e826dff5b8366b58a123ffbc6f61825d67c617e1fa6a803f2cb45120a4b34f.png
393f0958827c2d8797349dae61078c5fba896cbb4a9114f61c1076b7d7b80e38,1,data/malware_images/images/Trickbot/393f0958827c2d8797349dae61078c5fba896cbb4a9114f61c1076b7d7b80e38.png
609e31ea76f18dfea881714286f5162cadd463e5bd48bf8ce44409567089e008,1,data/malware_images/images/Trickbot/609e31ea76f18dfea881714286f5162cadd463e5bd48bf8ce44409567089e008.png
b8950c90d698ff0b76c1db350347c35deff6ab1454dd76850eed455b8db5b8d3,0,data/benign_original/benign/b8950c90d698ff0b76c1db350347c35deff6ab1454dd76850eed455b8db5b8d3.png
8f2357461e61502b9c25c60017ff806638e7342479a9ddc46dcfd4eb633d14b4,1,data/malware_images/images/njrat/8f2357461e61502b9c25c60017ff806638e7342479a9ddc46dcfd4eb633d14b4.png
835311c50b675c6303b6ec069e6dd090ea490e6ed4a6a6621e856a4bf6f8dcc6,1,data/malware_images/images/IcedID/835311c50b675c6303b6ec069e6dd090ea490e6ed4a6a6621e856a4bf6f8dcc6.png
81a5fe2a6a478c776f6f78e948d91429be859e60ea114fa31264c4219c02d1b0,1,data/malware_images/images/Gozi/81a5fe2a6a478c776f6f78e948d91429be859e60ea114fa31264c4219c02d1b0.png
ef664e89947b28073ecc3b7d918d3ceab51b80d15e4e733670ff21aa9e9efaa2,0,data/benign_original/benign/ef664e89947b28073ecc3b7d918d3ceab51b80d15e4e733670ff21aa9e9efaa2.png
cf6b9d50566fe49c0832696344f466b61f66c29ff41670d83ea6503a85b391e8,0,data/benign_original/benign/cf6b9d50566fe49c0832696344f466b61f66c29ff41670d83ea6503a85b391e8.png
ba2d6be9f8aa8f43a070e4f38b22664cd78502e7de1dd3f4d61bb9e39b540c11,0,data/benign_original/benign/ba2d6be9f8aa8f43a070e4f38b22664cd78502e7de1dd3f4d61bb9e39b540c11.png
d0b2ca86887e172094101a0c46987221c2c378c5be0afd83f5e014815f48a3bf,1,data/malware_images/images/IcedID/d0b2ca86887e172094101a0c46987221c2c378c5be0afd83f5e014815f48a3bf.png
feb3383b37f8ce3ccf0129fbfb2206b7ded27b69aa033eec3bb3862baa1c11ce,0,data/benign_original/benign/feb3383b37f8ce3ccf0129fbfb2206b7ded27b69aa033eec3bb3862baa1c11ce.png
322faaaa59d1a8290462dcb75abd05deb645689b4516040a9f0e848e57b92577,0,data/benign_original/benign/322faaaa59d1a8290462dcb75abd05deb645689b4516040a9f0e848e57b92577.png
1d30e649ff621b9ac65995d6311075306695cac6df6b864db8cda13cc2403007,1,data/malware_images/images/Trickbot/1d30e649ff621b9ac65995d6311075306695cac6df6b864db8cda13cc2403007.png
d4cf3c3a4b38cca655c735b8757efe72612d0fff1cfc9d6cc869478d0f15ad29,1,data/malware_images/images/Trickbot/d4cf3c3a4b38cca655c735b8757efe72612d0fff1cfc9d6cc869478d0f15ad29.png
a316f685773d9729affe12ed5cb26cd7c5e4f0272f211c0befbee7ea8d6fc7ad,1,data/malware_images/images/IcedID/a316f685773d9729affe12ed5cb26cd7c5e4f0272f211c0befbee7ea8d6fc7ad.png
d7e7c6bd3d53da836c3360bfc783951c67e2b5465767d2ac3124cc80f41135f2,0,data/benign_original/benign/d7e7c6bd3d53da836c3360bfc783951c67e2b5465767d2ac3124cc80f41135f2.png
c4d40672659a0edf4a9c47a152e864e140268a861008a94612e364154032881c,0,data/benign_original/benign/c4d40672659a0edf4a9c47a152e864e140268a861008a94612e364154032881c.png
541c870536f63dd8b9eb7406fec6031505c59f5c21c8a6f581e5b29349a4a92b,1,data/malware_images/images/GuLoader/541c870536f63dd8b9eb7406fec6031505c59f5c21c8a6f581e5b29349a4a92b.png
f6279abc2df21ebb550dd72d7042621d8a612c381a9189574022586d1a38d07c,0,data/benign_original/benign/f6279abc2df21ebb550dd72d7042621d8a612c381a9189574022586d1a38d07c.png
dc3423e1039424f90a5c43e578fbf2761b22dc844d5b00864842d813874b51ec,1,data/malware_images/images/IcedID/dc3423e1039424f90a5c43e578fbf2761b22dc844d5b00864842d813874b51ec.png
e6bfb3662ab4b1969a73441dbe35c96d51441b6bff8cf1fe7430bd5b246ca605,0,data/benign_original/benign/e6bfb3662ab4b1969a73441dbe35c96d51441b6bff8cf1fe7430bd5b246ca605.png
f5c395acf4a238f5a2c820b7bc8b9de96fe14c00c3c25145ac367326b0fd6563,0,data/benign_original/benign/f5c395acf4a238f5a2c820b7bc8b9de96fe14c00c3c25145ac367326b0fd6563.png
e72460e5c465b83dd469ec964a4b1707e16caa80be4d51977573dcfdb3841f65,0,data/benign_original/benign/e72460e5c465b83dd469ec964a4b1707e16caa80be4d51977573dcfdb3841f65.png
65869818ebd85b9dd0ae9675e55f94f23b376c2b72c98de2113a56f242fc860b,1,data/malware_images/images/Trickbot/65869818ebd85b9dd0ae9675e55f94f23b376c2b72c98de2113a56f242fc860b.png
e5ea25ae9d3ced6b1fcab9b27b5933775bad6bc1a7b6cc707a2ac1dac9e0108d,1,data/malware_images/images/Trickbot/e5ea25ae9d3ced6b1fcab9b27b5933775bad6bc1a7b6cc707a2ac1dac9e0108d.png
c0f9b03cf874c54d4f6455c482fe6e5a0169e9f39f370ba247f3b4091d89cca7,0,data/benign_original/benign/c0f9b03cf874c54d4f6455c482fe6e5a0169e9f39f370ba247f3b4091d89cca7.png
c16b6e6f85ab7ea83518c67f7e1c10be0ef3218ee590bcee939e01b0c437e1bd,0,data/benign_original/benign/c16b6e6f85ab7ea83518c67f7e1c10be0ef3218ee590bcee939e01b0c437e1bd.png
448f6390c213c83f2f8d874047eeb80131a522a0751020a21a2e413cdb8b3675,0,data/benign_original/benign/448f6390c213c83f2f8d874047eeb80131a522a0751020a21a2e413cdb8b3675.png
dd4c4983421f77fef3019802e7f881fd2dfec2e51e0d86fbd09fb17fbe87e086,1,data/malware_images/images/njrat/dd4c4983421f77fef3019802e7f881fd2dfec2e51e0d86fbd09fb17fbe87e086.png
706d17f8918076d94553487e8a8a51c2145ae4530a4ab9993c3b0e0480edf57c,1,data/malware_images/images/GuLoader/706d17f8918076d94553487e8a8a51c2145ae4530a4ab9993c3b0e0480edf57c.png
af1314349a37d7d69d2269efae8f59b170de196e762d16ad992d88f19972c161,0,data/benign_original/benign/af1314349a37d7d69d2269efae8f59b170de196e762d16ad992d88f19972c161.png
c09444638b207f64b009e8e6009db3e42c101b10fe26bc8bc415f26f8627923b,1,data/malware_images/images/njrat/c09444638b207f64b009e8e6009db3e42c101b10fe26bc8bc415f26f8627923b.png
e70c3ca4d098407f3fb1d7339710a6c1283006a1fa4a5d37691c04f445059656,0,data/benign_original/benign/e70c3ca4d098407f3fb1d7339710a6c1283006a1fa4a5d37691c04f445059656.png
f8dec47c69d225551ae101236be38ea50944b01e14f64a8e5d4758c8e20ec6bb,1,data/malware_images/images/GuLoader/f8dec47c69d225551ae101236be38ea50944b01e14f64a8e5d4758c8e20ec6bb.png
5a071e20a23c845332e288fe02f2601518c8f1c1de1871d24a0530b09841157f,0,data/benign_original/benign/5a071e20a23c845332e288fe02f2601518c8f1c1de1871d24a0530b09841157f.png
5069c3e89ab5e79ff53991f175ff2f113c147c7351beda4e52374fae4f90853c,1,data/malware_images/images/IcedID/5069c3e89ab5e79ff53991f175ff2f113c147c7351beda4e52374fae4f90853c.png
de378bd19d0242548481a24c71b186862de9946d33c13431314bf6596b716768,0,data/benign_original/benign/de378bd19d0242548481a24c71b186862de9946d33c13431314bf6596b716768.png
fa4b488078251b1e00d76c390d415dbd1c5728b9732380e83b324ba295685e64,0,data/benign_original/benign/fa4b488078251b1e00d76c390d415dbd1c5728b9732380e83b324ba295685e64.png
cff2c37b4d08440a00d2691a91f99b334bf35d66f951bb731dc81b87f47700f6,1,data/malware_images/images/Trickbot/cff2c37b4d08440a00d2691a91f99b334bf35d66f951bb731dc81b87f47700f6.png
8aa1ff4cc0e80dd51450d224fd8d8eb4783e1cf5fedb3271d90701f319992c0a,1,data/malware_images/images/IcedID/8aa1ff4cc0e80dd51450d224fd8d8eb4783e1cf5fedb3271d90701f319992c0a.png
0d3a18ae0018427bbf053669e07bcc3cd9bc248b04a6dd0c082694d20818b56c,1,data/malware_images/images/IcedID/0d3a18ae0018427bbf053669e07bcc3cd9bc248b04a6dd0c082694d20818b56c.png
c2afb060320b016f4ea2ed26b9545e7a92aa920ab6d5f432b785b60a9bb46452,0,data/benign_original/benign/c2afb060320b016f4ea2ed26b9545e7a92aa920ab6d5f432b785b60a9bb46452.png
d4faa633f05f30934be80b7fe18a149190ce80bb2d74b329e0e5540cb822a92f,1,data/malware_images/images/Trickbot/d4faa633f05f30934be80b7fe18a149190ce80bb2d74b329e0e5540cb822a92f.png
d65b478801e3828cc36eaaf8ceeef5cc6429ce16b51299c4f8fe4c424101fd86,1,data/malware_images/images/Trickbot/d65b478801e3828cc36eaaf8ceeef5cc6429ce16b51299c4f8fe4c424101fd86.png
7305353cdf7ec679f061ab67a564559c95bd41330ab873af32e509c04cc10b9b,1,data/malware_images/images/IcedID/7305353cdf7ec679f061ab67a564559c95bd41330ab873af32e509c04cc10b9b.png
2fda3eebcc3e73d2fcd4b5a3c5092b3b0b1cf56fb6e9915de9f69bdbc1dd40cb,1,data/malware_images/images/njrat/2fda3eebcc3e73d2fcd4b5a3c5092b3b0b1cf56fb6e9915de9f69bdbc1dd40cb.png
c7b38cce9e39f904080a01997029f25eed2dae5abeacae19f90edac0842d0e7b,0,data/benign_original/benign/c7b38cce9e39f904080a01997029f25eed2dae5abeacae19f90edac0842d0e7b.png
c66a4d352ed249cafe427728b6c8d4eda8da23c6bef48f993beb236a6c765f35,1,data/malware_images/images/njrat/c66a4d352ed249cafe427728b6c8d4eda8da23c6bef48f993beb236a6c765f35.png
e8b03d2e2f16d44d8ce2272bb7f19c80c3006215b00624c79c204c70f54d1d83,1,data/malware_images/images/Trickbot/e8b03d2e2f16d44d8ce2272bb7f19c80c3006215b00624c79c204c70f54d1d83.png
5e53e26a8d9319b7cd0286a693c6bae98c361dd7a0cdd122491861de763d4323,1,data/malware_images/images/GuLoader/5e53e26a8d9319b7cd0286a693c6bae98c361dd7a0cdd122491861de763d4323.png
1a71cf61d78960fa05c7925c51f31fa3fb7fbda20d2a3ef35eac66056bc67143,1,data/malware_images/images/njrat/1a71cf61d78960fa05c7925c51f31fa3fb7fbda20d2a3ef35eac66056bc67143.png
d2e5e19d72b348597fbc87a4581cb36a07d763746d312654f0270f3e5bdb93a6,0,data/benign_original/benign/d2e5e19d72b348597fbc87a4581cb36a07d763746d312654f0270f3e5bdb93a6.png
822303d174f957273613351bce7870d4755b7209ee40a4fa338679f93eb88273,1,data/malware_images/images/GuLoader/822303d174f957273613351bce7870d4755b7209ee40a4fa338679f93eb88273.png
b0930d9ea3af6788fbc40d54af3ae6e099150d9e8b311bd3df5edff964aec214,0,data/benign_original/benign/b0930d9ea3af6788fbc40d54af3ae6e099150d9e8b311bd3df5edff964aec214.png
c472a624ef74a0c8121681679be999edb638dcebcd5391ef7172e6d0a76a2e02,0,data/benign_original/benign/c472a624ef74a0c8121681679be999edb638dcebcd5391ef7172e6d0a76a2e02.png
e3b3563743b88b8e8d0e23f6c357124c49678a633245510b724070bb6b1b342c,1,data/malware_images/images/Trickbot/e3b3563743b88b8e8d0e23f6c357124c49678a633245510b724070bb6b1b342c.png
7bbfd3cdb378e8b5b966dcd76b83f1c4ed9004db4843d4ea4aef3cece3e04a67,1,data/malware_images/images/IcedID/7bbfd3cdb378e8b5b966dcd76b83f1c4ed9004db4843d4ea4aef3cece3e04a67.png
8b131945b9bb90f5b6e7344fa4a1e571907b3164d62cf5175329433cc2964a2e,1,data/malware_images/images/Trickbot/8b131945b9bb90f5b6e7344fa4a1e571907b3164d62cf5175329433cc2964a2e.png
b1e31a390090f5cf702231368b8da3da88679c45ba9f98775ee03806dbd31f87,1,data/malware_images/images/njrat/b1e31a390090f5cf702231368b8da3da88679c45ba9f98775ee03806dbd31f87.png
4a6604cb3a9a6570eaacffb681b3ccd28d2521f03bb449f1a205525dd8172046,1,data/malware_images/images/Gozi/4a6604cb3a9a6570eaacffb681b3ccd28d2521f03bb449f1a205525dd8172046.png
bcc32febaeb808e57310e87a09b3413b7186e4784258a2ac0480ef3deca7f6fc,0,data/benign_original/benign/bcc32febaeb808e57310e87a09b3413b7186e4784258a2ac0480ef3deca7f6fc.png
7e8b09ca792fd945744d03e09125cf83cb4ac94bbeb97f64fa36091eed60fcdd,1,data/malware_images/images/Trickbot/7e8b09ca792fd945744d03e09125cf83cb4ac94bbeb97f64fa36091eed60fcdd.png
d12128f39d3936bbae4a5655c4c5a4f2da30e80cce34426f99799bf2ecbff8ba,0,data/benign_original/benign/d12128f39d3936bbae4a5655c4c5a4f2da30e80cce34426f99799bf2ecbff8ba.png
36835ca51dbb39b58bdc6caad1d6d1f13ab9b9e54cd7943873a34e5fa20d5250,1,data/malware_images/images/Trickbot/36835ca51dbb39b58bdc6caad1d6d1f13ab9b9e54cd7943873a34e5fa20d5250.png
92d68dfbe47286b258e7fd209e679b117376758d47ad8bd68769263c56a94f95,1,data/malware_images/images/Trickbot/92d68dfbe47286b258e7fd209e679b117376758d47ad8bd68769263c56a94f95.png
d25f3b317cc7de1597ff30ca83c9cd7b15e20f4719946f3e18a9244a1c732f61,0,data/benign_original/benign/d25f3b317cc7de1597ff30ca83c9cd7b15e20f4719946f3e18a9244a1c732f61.png
b5c736fae376428f3e4eb83eeb1b5fcc40a3cdd132fab5e176a94179af86ca6f,0,data/benign_original/benign/b5c736fae376428f3e4eb83eeb1b5fcc40a3cdd132fab5e176a94179af86ca6f.png
1f7a2d419df3b95ade7f400446abeefaf3c872e8e6033a7e6ac413b17addbaf4,0,data/benign_original/benign/1f7a2d419df3b95ade7f400446abeefaf3c872e8e6033a7e6ac413b17addbaf4.png
5ca3d1fa70d2f1598340abcf182391c0463fac5a53160d648bb6afd9ac98718c,1,data/malware_images/images/Trickbot/5ca3d1fa70d2f1598340abcf182391c0463fac5a53160d648bb6afd9ac98718c.png
e586f38cb2817ea190264e0bcee65909e76207cb025a9cc9843f57a2cb221135,0,data/benign_original/benign/e586f38cb2817ea190264e0bcee65909e76207cb025a9cc9843f57a2cb221135.png
e0b1c175506c8e56eb9c90c7b96d736e4a60617371f2e41ed5a62e7bc217eca6,1,data/malware_images/images/IcedID/e0b1c175506c8e56eb9c90c7b96d736e4a60617371f2e41ed5a62e7bc217eca6.png
ad978432ad4d995652043b35737ecc5b7ab1560b92369ab2e9ee27d87d846b5a,1,data/malware_images/images/Heodo/ad978432ad4d995652043b35737ecc5b7ab1560b92369ab2e9ee27d87d846b5a.png
3d2d12103e20f7d20f54c3cab60a66d6e7deee7db68a2c2f1d396a710554451e,1,data/malware_images/images/GuLoader/3d2d12103e20f7d20f54c3cab60a66d6e7deee7db68a2c2f1d396a710554451e.png
f5c6a2c4e712496e8204a047e6f73fd6749ee19c0a461114387a0d96de48cdd8,0,data/benign_original/benign/f5c6a2c4e712496e8204a047e6f73fd6749ee19c0a461114387a0d96de48cdd8.png
548323389700ad339d45b349014ceb3abfdf845b65a410872da7e68965ad7cb2,1,data/malware_images/images/GuLoader/548323389700ad339d45b349014ceb3abfdf845b65a410872da7e68965ad7cb2.png
d85623e40ad2ce2710913d1033fc78e3c0c7151837f4af41bf592ceb5bf68cdf,1,data/malware_images/images/njrat/d85623e40ad2ce2710913d1033fc78e3c0c7151837f4af41bf592ceb5bf68cdf.png
9de6b4a9210da64680f2f5d607c19d671c6de5331550e2bf5a6ffafc3ca3a545,1,data/malware_images/images/Heodo/9de6b4a9210da64680f2f5d607c19d671c6de5331550e2bf5a6ffafc3ca3a545.png
b5bca2548051f7a0bccedd44ae018dfe9df7632ecb9c7c7ff98a6aadecc985b3,1,data/malware_images/images/Gozi/b5bca2548051f7a0bccedd44ae018dfe9df7632ecb9c7c7ff98a6aadecc985b3.png
253af6bb3c7415b92c05c70a9893ad9cb736d8139c0dfeddce3719a731a7fceb,1,data/malware_images/images/IcedID/253af6bb3c7415b92c05c70a9893ad9cb736d8139c0dfeddce3719a731a7fceb.png
e4665b6114a64a52c2612dc4792ac7a830b2655d94c138c5aaa08eca2e9a9987,0,data/benign_original/benign/e4665b6114a64a52c2612dc4792ac7a830b2655d94c138c5aaa08eca2e9a9987.png
b623ce5d80a9fdaa581d544fd33250d0ea233429dca1d0fd4334a8002ae017c4,0,data/benign_original/benign/b623ce5d80a9fdaa581d544fd33250d0ea233429dca1d0fd4334a8002ae017c4.png
5b42e78b490a55d45167ba6e03135c0ca7484bfa03a86ce9ee129aeba2252439,1,data/malware_images/images/IcedID/5b42e78b490a55d45167ba6e03135c0ca7484bfa03a86ce9ee129aeba2252439.png
2092c0a2cde5dbeff3b5b1a3120dbcf1bf637d7bf42c15388de82a4b667be409,1,data/malware_images/images/Gozi/2092c0a2cde5dbeff3b5b1a3120dbcf1bf637d7bf42c15388de82a4b667be409.png
b25e024efdf7212c0d84a648531a2db5c6ef16b2b85e65750e4eb99eef250547,0,data/benign_original/benign/b25e024efdf7212c0d84a648531a2db5c6ef16b2b85e65750e4eb99eef250547.png
d9ed0891495c9113ca424645e3114c96803b2fe792b7948692c71f93bd839977,0,data/benign_original/benign/d9ed0891495c9113ca424645e3114c96803b2fe792b7948692c71f93bd839977.png
9785383c1d5c4f3129f0bbaa5fa3f36eecd55b23d49155ef301e0b30d485ec36,1,data/malware_images/images/Gozi/9785383c1d5c4f3129f0bbaa5fa3f36eecd55b23d49155ef301e0b30d485ec36.png
551a6250ab06a2a6144691bf47bce3439a52377c3dcfc3a192a11c49ce5de8ee,0,data/benign_original/benign/551a6250ab06a2a6144691bf47bce3439a52377c3dcfc3a192a11c49ce5de8ee.png
eca63fc5c873ce8b36c507e2b9a88caaea9617c84669886b15f6bc38bd0024c6,0,data/benign_original/benign/eca63fc5c873ce8b36c507e2b9a88caaea9617c84669886b15f6bc38bd0024c6.png
a4c3fdf413d36bfde8fc752e1c601c7011d55258865e6bd4573b8d7c2c76672a,1,data/malware_images/images/Gozi/a4c3fdf413d36bfde8fc752e1c601c7011d55258865e6bd4573b8d7c2c76672a.png
bbe49e5a78839ff45e810d4d0e99457d0421f9dd03b08f00a8cdbe750a21a07f,0,data/benign_original/benign/bbe49e5a78839ff45e810d4d0e99457d0421f9dd03b08f00a8cdbe750a21a07f.png
dacce8074b81d8dd1cd644f6627b1da6d79a8babfd6c8ec4456b2b409eb754c8,0,data/benign_original/benign/dacce8074b81d8dd1cd644f6627b1da6d79a8babfd6c8ec4456b2b409eb754c8.png
f1e90be6e5b78ca45f84677ac9e17ffb1eb1d8854ee483cf5efa288f27645505,0,data/benign_original/benign/f1e90be6e5b78ca45f84677ac9e17ffb1eb1d8854ee483cf5efa288f27645505.png
bbd8249325f230c297151abbeef96928c400b667302521069ddcf916d24e1de2,0,data/benign_original/benign/bbd8249325f230c297151abbeef96928c400b667302521069ddcf916d24e1de2.png
bd0bb23a35eaeb24dd86a89a614ac17f330a164fcb0182c4da0b191b7be3f52d,1,data/malware_images/images/IcedID/bd0bb23a35eaeb24dd86a89a614ac17f330a164fcb0182c4da0b191b7be3f52d.png
8b0616ce987ace16b24eb2a7c1f22f766ff8fd8ec35e250a2122df8df658a0d3,1,data/malware_images/images/GuLoader/8b0616ce987ace16b24eb2a7c1f22f766ff8fd8ec35e250a2122df8df658a0d3.png
8e342676ea2bb2cee9720ee731351bf380e109b773899ad8bdcdea965885b97d,1,data/malware_images/images/IcedID/8e342676ea2bb2cee9720ee731351bf380e109b773899ad8bdcdea965885b97d.png
cb3c74d6fcc091f4eb7c67ee5eb5f76c1c973dea8b1c6b851fcca62c2a9d8aa8,0,data/benign_original/benign/cb3c74d6fcc091f4eb7c67ee5eb5f76c1c973dea8b1c6b851fcca62c2a9d8aa8.png
4d42711b63f90ff9af3d6c8e4edb3ff08cab6fe5131d9a43f4d10d1ca51f7378,0,data/benign_original/benign/4d42711b63f90ff9af3d6c8e4edb3ff08cab6fe5131d9a43f4d10d1ca51f7378.png
d1b654af18026bbaed8722177270e3f3ebb5634287c71962971c73af297f3a8a,0,data/benign_original/benign/d1b654af18026bbaed8722177270e3f3ebb5634287c71962971c73af297f3a8a.png
eaa527c146d8ebc1e3d1c0a999950a28bf668f8e7fa3aa57cd446d3ee3ca56b8,1,data/malware_images/images/njrat/eaa527c146d8ebc1e3d1c0a999950a28bf668f8e7fa3aa57cd446d3ee3ca56b8.png
cfe10984552d3879fd74f662106fb77bcf0ae9372303139814b05f5504c385dd,0,data/benign_original/benign/cfe10984552d3879fd74f662106fb77bcf0ae9372303139814b05f5504c385dd.png
e3d02b5c2a31782b3eab6fdefe7aef2663e130518f8397e203748d5a3004ca91,0,data/benign_original/benign/e3d02b5c2a31782b3eab6fdefe7aef2663e130518f8397e203748d5a3004ca91.png
f96c3803a5fcd291a9ebac8b857aaad1cf6fe51c78c084b0b2e3e2f57e16ad11,0,data/benign_original/benign/f96c3803a5fcd291a9ebac8b857aaad1cf6fe51c78c084b0b2e3e2f57e16ad11.png
4e5aac1267b4dd6d72ba7903928e3101fe0088af21611cfe6ebae5919ada75ce,0,data/benign_original/benign/4e5aac1267b4dd6d72ba7903928e3101fe0088af21611cfe6ebae5919ada75ce.png
e1b025c286894a3b4745118fbc8c97f224121ca150bffb93031bb268ed5aed5a,1,data/malware_images/images/njrat/e1b025c286894a3b4745118fbc8c97f224121ca150bffb93031bb268ed5aed5a.png
ccccd967eaed92d2f76cb57a4e5984ced36fd1337d0b8128b523a8c3c0c7d2ad,0,data/benign_original/benign/ccccd967eaed92d2f76cb57a4e5984ced36fd1337d0b8128b523a8c3c0c7d2ad.png
b9f131c187efbc61f0f2a15e8f48072e1068152dd56cfb6be9a5515de77bd00a,0,data/benign_original/benign/b9f131c187efbc61f0f2a15e8f48072e1068152dd56cfb6be9a5515de77bd00a.png
d28eb6a508a6a944cf876b3d816e6b4253cd7180f7a4a9c2ff38bb7b000f6f3c,0,data/benign_original/benign/d28eb6a508a6a944cf876b3d816e6b4253cd7180f7a4a9c2ff38bb7b000f6f3c.png
eed7558c53247a51f831dd8b48c5078fb759f2e4363dfb70b2ef64ec4e273784,0,data/benign_original/benign/eed7558c53247a51f831dd8b48c5078fb759f2e4363dfb70b2ef64ec4e273784.png
9c4078d401f7ebc70caa2050740e2562e1c7a2c98d3ff17e9fe590685ac647a6,0,data/benign_original/benign/9c4078d401f7ebc70caa2050740e2562e1c7a2c98d3ff17e9fe590685ac647a6.png
b3bb19b4a93ce198c0eba50fb08db61539d6c54ed0c227bded1780bd868a51f0,0,data/benign_original/benign/b3bb19b4a93ce198c0eba50fb08db61539d6c54ed0c227bded1780bd868a51f0.png
fb0e06683cc86efabe025360273325c4053074f54f1c9892a5b893ddea471eaa,1,data/malware_images/images/njrat/fb0e06683cc86efabe025360273325c4053074f54f1c9892a5b893ddea471eaa.png
12cef2471fe89e3659dcdafcf93ca523f47a58c65b4ddbb68cf04083b43def45,1,data/malware_images/images/Gozi/12cef2471fe89e3659dcdafcf93ca523f47a58c65b4ddbb68cf04083b43def45.png
dc0bc2045a57fcfadac7b011ed955e4c3b049c049aed6edd7bcaef60686024a6,0,data/benign_original/benign/dc0bc2045a57fcfadac7b011ed955e4c3b049c049aed6edd7bcaef60686024a6.png
65c303e09d7694b52064b6c5b8ec25b281f8a245bdd69c2f94b5cf15061e3560,1,data/malware_images/images/Gozi/65c303e09d7694b52064b6c5b8ec25b281f8a245bdd69c2f94b5cf15061e3560.png
534c62e83426371cf47f8896702e216df5951be50da73a0fdbd26d2f7333105a,0,data/benign_original/benign/534c62e83426371cf47f8896702e216df5951be50da73a0fdbd26d2f7333105a.png
976998e174db4da6dc10448e9cedf5bd2e5e29742b1871b272a135528c62df51,1,data/malware_images/images/Trickbot/976998e174db4da6dc10448e9cedf5bd2e5e29742b1871b272a135528c62df51.png
eea6fbb5a67ab274585ade6ee28ec6e658fa19dc132309bc10ba221ac212c794,0,data/benign_original/benign/eea6fbb5a67ab274585ade6ee28ec6e658fa19dc132309bc10ba221ac212c794.png
ea70b5a5335385ca5e15ac60cd0fb2a7f1da14f7173953c85ad25ceaa6cb76c8,0,data/benign_original/benign/ea70b5a5335385ca5e15ac60cd0fb2a7f1da14f7173953c85ad25ceaa6cb76c8.png
78c52562ba7751a9f1e5ac9ae75eaac1851874bce15ae7af8385ecca24070f99,1,data/malware_images/images/Gozi/78c52562ba7751a9f1e5ac9ae75eaac1851874bce15ae7af8385ecca24070f99.png
b06d6de547e2f172c5922e47786750e64d0038668c2cca7581f38c4ff02af7a4,1,data/malware_images/images/IcedID/b06d6de547e2f172c5922e47786750e64d0038668c2cca7581f38c4ff02af7a4.png
3ea144be5a68c473fe15114272b2b37c768ed00441ce26c02125b4f8d7b37687,1,data/malware_images/images/Gozi/3ea144be5a68c473fe15114272b2b37c768ed00441ce26c02125b4f8d7b37687.png
ac72f0d9240361e3934074af3b51dbd2bb76b2fa9fa82dbbf4c68ffb20fb07b1,1,data/malware_images/images/Gozi/ac72f0d9240361e3934074af3b51dbd2bb76b2fa9fa82dbbf4c68ffb20fb07b1.png
691484e4df83d6f592a0ddebd8bd1afffc4568205a3b7f51c11c549124a1150c,1,data/malware_images/images/IcedID/691484e4df83d6f592a0ddebd8bd1afffc4568205a3b7f51c11c549124a1150c.png
c894226623fda76dd06b7799eb609c1604bfc598a809f175f6149863683e646c,0,data/benign_original/benign/c894226623fda76dd06b7799eb609c1604bfc598a809f175f6149863683e646c.png
4d7144c292e2944adcf1e13a1b733a3459536f4252c3991941995e63b986bdb4,1,data/malware_images/images/njrat/4d7144c292e2944adcf1e13a1b733a3459536f4252c3991941995e63b986bdb4.png
0a42e65707b699bda8baa54e4b80e4b3eba79dee5c5348af249e901dfb807f62,1,data/malware_images/images/Trickbot/0a42e65707b699bda8baa54e4b80e4b3eba79dee5c5348af249e901dfb807f62.png
c8cd12397ba34e92313e1886c0c440c283463ac6a2c7eaeb347f0ecef7a99a61,0,data/benign_original/benign/c8cd12397ba34e92313e1886c0c440c283463ac6a2c7eaeb347f0ecef7a99a61.png
04ccdaf85e15c8ddf53d7615ea3c8ef5d2c227d8e4ce8812274958f25c23d923,1,data/malware_images/images/njrat/04ccdaf85e15c8ddf53d7615ea3c8ef5d2c227d8e4ce8812274958f25c23d923.png
204605ee26136e6f6527599577f2499ed13fbc49c681ea4d7787933474fa5e54,1,data/malware_images/images/Trickbot/204605ee26136e6f6527599577f2499ed13fbc49c681ea4d7787933474fa5e54.png
cd28e759b070e9c088ceef1444d1669cbd2b061133ef1c8ab6b05193dbfbec7a,0,data/benign_original/benign/cd28e759b070e9c088ceef1444d1669cbd2b061133ef1c8ab6b05193dbfbec7a.png
d8cf22e8533a73a21f129e08c4c2fd5629da093660eed84aad23cf7a82de56ad,1,data/malware_images/images/IcedID/d8cf22e8533a73a21f129e08c4c2fd5629da093660eed84aad23cf7a82de56ad.png
ff27840eda1261f8ac81c63d991ca67cf479918d91dcbedbbf4965bd2b6d2caa,0,data/benign_original/benign/ff27840eda1261f8ac81c63d991ca67cf479918d91dcbedbbf4965bd2b6d2caa.png
e059cca6c626c423b58a8f3d7988ef4e31c69adde7fa2d4ca8c5c875cbf46a81,1,data/malware_images/images/njrat/e059cca6c626c423b58a8f3d7988ef4e31c69adde7fa2d4ca8c5c875cbf46a81.png
da0c5bd773abe0a42e3e8856dcbeb612c887006973b9abdcbb0a44c98aae5425,0,data/benign_original/benign/da0c5bd773abe0a42e3e8856dcbeb612c887006973b9abdcbb0a44c98aae5425.png
d203a1c6edf644cd2137316d2bf902a6297a49ff4e4f226a14abe898abdb6e4a,1,data/malware_images/images/njrat/d203a1c6edf644cd2137316d2bf902a6297a49ff4e4f226a14abe898abdb6e4a.png
28a1206e5a8f79a94835e929ebef98ed896293513afbe427efe14371d6a8134f,1,data/malware_images/images/Trickbot/28a1206e5a8f79a94835e929ebef98ed896293513afbe427efe14371d6a8134f.png
32c945767e73f0cc30430a33f72e7d4d8efe017888d86f7315144c7da37a1f39,1,data/malware_images/images/njrat/32c945767e73f0cc30430a33f72e7d4d8efe017888d86f7315144c7da37a1f39.png
b1c71340f2692fcdf5ef6b100d27b507ea4ad1a63d55cb35b8b3ba80699b6ea1,0,data/benign_original/benign/b1c71340f2692fcdf5ef6b100d27b507ea4ad1a63d55cb35b8b3ba80699b6ea1.png
7174dcd0788ab090cbd70e8d64707b396507feeded7513f33bfaa02316675922,1,data/malware_images/images/GuLoader/7174dcd0788ab090cbd70e8d64707b396507feeded7513f33bfaa02316675922.png
c8b6d9aaa554bc37cdd3be533cc7a9febba3af7a3e6cf64a34105aeba9761c5e,0,data/benign_original/benign/c8b6d9aaa554bc37cdd3be533cc7a9febba3af7a3e6cf64a34105aeba9761c5e.png
681f7986f77aba85c796fa359f48a60883a7bcd59350435f374f1f6309ed8bbd,0,data/benign_original/benign/681f7986f77aba85c796fa359f48a60883a7bcd59350435f374f1f6309ed8bbd.png
c1dd32f3262a6cc00187cd203806cc926ff92ac0ba5c3c35ddc6ebd4c0760319,0,data/benign_original/benign/c1dd32f3262a6cc00187cd203806cc926ff92ac0ba5c3c35ddc6ebd4c0760319.png
ddfde35c242f64025479313e6f615a196f3993cd4ff944a74c381791406cb398,0,data/benign_original/benign/ddfde35c242f64025479313e6f615a196f3993cd4ff944a74c381791406cb398.png
374dbd8d269730e0815f7d1f7ac4ca31709b6346d198b9d615218354ee323ef2,1,data/malware_images/images/Gozi/374dbd8d269730e0815f7d1f7ac4ca31709b6346d198b9d615218354ee323ef2.png
4e725324a83d90327bd69630c3522a09d7fadc2987325a6bc8114f420b780562,1,data/malware_images/images/Heodo/4e725324a83d90327bd69630c3522a09d7fadc2987325a6bc8114f420b780562.png
de35794da189fb4c00627c8713f075a479dcd5ad114c73cf4c55f722db03d838,0,data/benign_original/benign/de35794da189fb4c00627c8713f075a479dcd5ad114c73cf4c55f722db03d838.png
56117acf811c34a01df28740c1ce3557664967c4e520338e330b59d9a1225299,1,data/malware_images/images/Heodo/56117acf811c34a01df28740c1ce3557664967c4e520338e330b59d9a1225299.png
d918847571cb58532fe7f857e755f6fa80e0a637e983d32ed73c66ef3f064f4b,1,data/malware_images/images/Trickbot/d918847571cb58532fe7f857e755f6fa80e0a637e983d32ed73c66ef3f064f4b.png
e68f1fb3f329d481173c4b7c2216e069ec74c4fec6aca90f542add59a3851ef9,0,data/benign_original/benign/e68f1fb3f329d481173c4b7c2216e069ec74c4fec6aca90f542add59a3851ef9.png
38000b1a5ef8728bd4026dfb565c7fb19bb9f764f4fcee4b1804f043f553be8c,1,data/malware_images/images/Heodo/38000b1a5ef8728bd4026dfb565c7fb19bb9f764f4fcee4b1804f043f553be8c.png
a8bae3223407b8f3d8ae07c658766fb6f37eaa7c3885d8dff4f0e41c3407ee6a,1,data/malware_images/images/GuLoader/a8bae3223407b8f3d8ae07c658766fb6f37eaa7c3885d8dff4f0e41c3407ee6a.png
ac12d1dda9bbde7d06b43162333c498b59e91ddcbec9e5ab1902ebfa956c9cbe,1,data/malware_images/images/Trickbot/ac12d1dda9bbde7d06b43162333c498b59e91ddcbec9e5ab1902ebfa956c9cbe.png
98d3f5ce1cd8cdea7522e455c3aea6b71e3f63c953f2169d0791ececd0c97bfd,1,data/malware_images/images/Trickbot/98d3f5ce1cd8cdea7522e455c3aea6b71e3f63c953f2169d0791ececd0c97bfd.png
0da19716d42d0d25745c884a4a543b615f6901912d795d1c4ce38e79a94c2d01,1,data/malware_images/images/GuLoader/0da19716d42d0d25745c884a4a543b615f6901912d795d1c4ce38e79a94c2d01.png
ab756f24b8c5a674fb95fb1fb602f4398ea4b9eb3e52a6c6789f0ffe5dbb97ed,0,data/benign_original/benign/ab756f24b8c5a674fb95fb1fb602f4398ea4b9eb3e52a6c6789f0ffe5dbb97ed.png
fdf4a10b30387750b6d08b9b050a6a166f03054a29a4ad3599674158b547c5d7,0,data/benign_original/benign/fdf4a10b30387750b6d08b9b050a6a166f03054a29a4ad3599674158b547c5d7.png
46dd2eaaefa964086da4a459b539d15d16b965164d4a180cffcb9f975d5084c2,1,data/malware_images/images/IcedID/46dd2eaaefa964086da4a459b539d15d16b965164d4a180cffcb9f975d5084c2.png
5825485da0d1176b24f76be03ae33fada99c46bfeac486486c67f2045fcdba20,1,data/malware_images/images/Trickbot/5825485da0d1176b24f76be03ae33fada99c46bfeac486486c67f2045fcdba20.png
bf9452da8575d6ab61856b43078d42955f4f2287bc6cb9464c8f2a0f0c051f2a,0,data/benign_original/benign/bf9452da8575d6ab61856b43078d42955f4f2287bc6cb9464c8f2a0f0c051f2a.png
388769a81423d9e41eea346d0003759236f5071bd27e2826b49a6e890d8c6946,1,data/malware_images/images/Trickbot/388769a81423d9e41eea346d0003759236f5071bd27e2826b49a6e890d8c6946.png
471325daa2bc75f50856e93e9de088386556fc3ead653894d5c2a67f2a8b4975,1,data/malware_images/images/Gozi/471325daa2bc75f50856e93e9de088386556fc3ead653894d5c2a67f2a8b4975.png
ef783fe8c85edf3eea470b91a3d3ee36292b7ec12ef2a959cf38e9fa5bf9f033,0,data/benign_original/benign/ef783fe8c85edf3eea470b91a3d3ee36292b7ec12ef2a959cf38e9fa5bf9f033.png
b300c3c4a48e5237774425ca45878848b02b0f983b7f07d78486d3f9eaa0ea89,1,data/malware_images/images/Gozi/b300c3c4a48e5237774425ca45878848b02b0f983b7f07d78486d3f9eaa0ea89.png
5ee0af2b1b0752c5624012efb430e9f9b133ac5b7fb106e3030da50deaf39b27,1,data/malware_images/images/njrat/5ee0af2b1b0752c5624012efb430e9f9b133ac5b7fb106e3030da50deaf39b27.png
be22bc542d7278e717988bf470bed39ac0ab91b659c77deaa85cb0b216d89a59,1,data/malware_images/images/njrat/be22bc542d7278e717988bf470bed39ac0ab91b659c77deaa85cb0b216d89a59.png
5a7576934c5b26be5343f7e4c1973bfd8e923f2517b10a67b5593c5e550e5264,1,data/malware_images/images/Trickbot/5a7576934c5b26be5343f7e4c1973bfd8e923f2517b10a67b5593c5e550e5264.png
be9eb8eed9027a5cd708add6f2d05e842ffb2d0bdf75bacb9755a8cc6a8f2c2e,1,data/malware_images/images/Heodo/be9eb8eed9027a5cd708add6f2d05e842ffb2d0bdf75bacb9755a8cc6a8f2c2e.png
ca1853d3074292eade81b305acfcdc43286146e3811a60875a5fc8cef05f9239,1,data/malware_images/images/njrat/ca1853d3074292eade81b305acfcdc43286146e3811a60875a5fc8cef05f9239.png
ddafe2b6ff85f116dabc073ad10808015134859eb1138424c18f7d47cd53d12c,0,data/benign_original/benign/ddafe2b6ff85f116dabc073ad10808015134859eb1138424c18f7d47cd53d12c.png
afece3559e7425d5cfa1f015525cde6998b13129ae13a36282271d4341b11645,0,data/benign_original/benign/afece3559e7425d5cfa1f015525cde6998b13129ae13a36282271d4341b11645.png
ea5db8f5b8a3a6fb0fbf3a6a3d571ac864152cfb20466d6b3e720db59d9e1064,0,data/benign_original/benign/ea5db8f5b8a3a6fb0fbf3a6a3d571ac864152cfb20466d6b3e720db59d9e1064.png
bb13a981b2537e60e86ffcc1e55706a1e5b3814b03194ef859a1816e7a3c667a,0,data/benign_original/benign/bb13a981b2537e60e86ffcc1e55706a1e5b3814b03194ef859a1816e7a3c667a.png
eae317b0a4c2a83127e97c7df9fa03a5452a56c9d269c487e72b5091a418294d,0,data/benign_original/benign/eae317b0a4c2a83127e97c7df9fa03a5452a56c9d269c487e72b5091a418294d.png
42e7184091e0d23ebbf04745dd5972ffb5386b6468cd4277bc0b3a673c075615,1,data/malware_images/images/Trickbot/42e7184091e0d23ebbf04745dd5972ffb5386b6468cd4277bc0b3a673c075615.png
e8137fe6f935fed8d463e0cc6854a9ac8de9e483a9498084ef6b715aef51a0c7,0,data/benign_original/benign/e8137fe6f935fed8d463e0cc6854a9ac8de9e483a9498084ef6b715aef51a0c7.png
aefffe14eed0c4fde518c79ed47910d626531197631f4985040ce022bc8b2ba8,0,data/benign_original/benign/aefffe14eed0c4fde518c79ed47910d626531197631f4985040ce022bc8b2ba8.png
e546bdf9e5c7a0a1798e01a06397efc867115aeaf7c98a8ac9fb3783d2326751,0,data/benign_original/benign/e546bdf9e5c7a0a1798e01a06397efc867115aeaf7c98a8ac9fb3783d2326751.png
d14ffe6cab2ddf73e52f23ad79510727d6a727a392f8740835d3424f79beb8d8,0,data/benign_original/benign/d14ffe6cab2ddf73e52f23ad79510727d6a727a392f8740835d3424f79beb8d8.png
abbf94526e78224768f7d4e4651b416f1619193792725e24cbe9ed08bd97c64b,0,data/benign_original/benign/abbf94526e78224768f7d4e4651b416f1619193792725e24cbe9ed08bd97c64b.png
d673665bd186e7d2fd30fb0a938c00affdf5f6618c1ea83b07ceedf7f76e5d22,0,data/benign_original/benign/d673665bd186e7d2fd30fb0a938c00affdf5f6618c1ea83b07ceedf7f76e5d22.png
1cfe86d814bdcea1349fbab577a647cde75e23d4eaa8c1b763c04a7491ed736e,1,data/malware_images/images/Trickbot/1cfe86d814bdcea1349fbab577a647cde75e23d4eaa8c1b763c04a7491ed736e.png
b25ec2affbefc2b2009502f7445625df9e8aeb16c3e56e4c816946049396c320,0,data/benign_original/benign/b25ec2affbefc2b2009502f7445625df9e8aeb16c3e56e4c816946049396c320.png
cbfd574be7f0efc843addf74e6bd3ad4b2397f4c633733c08e4c93ac896c4651,1,data/malware_images/images/njrat/cbfd574be7f0efc843addf74e6bd3ad4b2397f4c633733c08e4c93ac896c4651.png
bd275f25b96e610bc657eae9b8b166defd7e1ec2d6d86f72127eab7a56319045,0,data/benign_original/benign/bd275f25b96e610bc657eae9b8b166defd7e1ec2d6d86f72127eab7a56319045.png
0494c6b3493335509d5fdce6d9592d796e592fee648f42dded58ddc29e3565a1,1,data/malware_images/images/GuLoader/0494c6b3493335509d5fdce6d9592d796e592fee648f42dded58ddc29e3565a1.png
dff8cf0cbe788b413ccd4a989c14d69b7ea59e9137f9ae7d9206935f46795457,0,data/benign_original/benign/dff8cf0cbe788b413ccd4a989c14d69b7ea59e9137f9ae7d9206935f46795457.png
3754ebc5d4547394ef01fc45228a8c67ad352e79fff8396d5d20a26e68a4537b,1,data/malware_images/images/Gozi/3754ebc5d4547394ef01fc45228a8c67ad352e79fff8396d5d20a26e68a4537b.png
09489e108c5b049847f98b97af75418db20af15d9cd727b240b922954b626845,1,data/malware_images/images/Trickbot/09489e108c5b049847f98b97af75418db20af15d9cd727b240b922954b626845.png
df5a53e8aacee97e6adad38d91554fd69066be86bc676ca8a57ca47a75a01fa6,0,data/benign_original/benign/df5a53e8aacee97e6adad38d91554fd69066be86bc676ca8a57ca47a75a01fa6.png
197f434695e4f34e6f7e23247bec1dcb2df6f7ca219079b0fbbb41f0a1502fe0,1,data/malware_images/images/Gozi/197f434695e4f34e6f7e23247bec1dcb2df6f7ca219079b0fbbb41f0a1502fe0.png
eb2eb8c7274228c607beedf9dbd00844a02d9bade53a3e95a1ce1e99543d1ad2,0,data/benign_original/benign/eb2eb8c7274228c607beedf9dbd00844a02d9bade53a3e95a1ce1e99543d1ad2.png
e33de9b27bfa7fe027c29284ee39d13bf2a475ef3dc634f6c3efee1fe30ccc5b,0,data/benign_original/benign/e33de9b27bfa7fe027c29284ee39d13bf2a475ef3dc634f6c3efee1fe30ccc5b.png
ebbbd733c438f0d526502859f6baaae6e7864426fe7946a4881c47ce306eef69,1,data/malware_images/images/GuLoader/ebbbd733c438f0d526502859f6baaae6e7864426fe7946a4881c47ce306eef69.png
ddcd14ee4a48801f1db7314f79ee7de6ea82320ff919f3d77424b8631172fea2,0,data/benign_original/benign/ddcd14ee4a48801f1db7314f79ee7de6ea82320ff919f3d77424b8631172fea2.png
f19b25cae84d382bf54327ea24815967fe81fe4da2ff237122b182d4f6b17438,0,data/benign_original/benign/f19b25cae84d382bf54327ea24815967fe81fe4da2ff237122b182d4f6b17438.png
b3df71eab467a778bc21cb8543c4e04b4f0a31d6af0083265079ae0f903d233a,0,data/benign_original/benign/b3df71eab467a778bc21cb8543c4e04b4f0a31d6af0083265079ae0f903d233a.png
ddcc782d62387432876d89523953ef37e79b18fe820f7a99ab4c989f1406efce,0,data/benign_original/benign/ddcc782d62387432876d89523953ef37e79b18fe820f7a99ab4c989f1406efce.png
df23113f3c534e5becbd452bf2ad92cbcf2a92641f775f4f579c91ad7c0ac7f4,0,data/benign_original/benign/df23113f3c534e5becbd452bf2ad92cbcf2a92641f775f4f579c91ad7c0ac7f4.png
cb3d16ebacc29254c55ebefb1d32c1d6324aad109820bc9e2a8c72bdf6b67080,1,data/malware_images/images/Trickbot/cb3d16ebacc29254c55ebefb1d32c1d6324aad109820bc9e2a8c72bdf6b67080.png
88fd8698bd36ecdb665ef50437bff688841a0f1e6c7def971c7b3af31900b8c0,1,data/malware_images/images/njrat/88fd8698bd36ecdb665ef50437bff688841a0f1e6c7def971c7b3af31900b8c0.png
d543427bfa0b28c57d13389d55dadb483436e081b7eb50893a06b0af25d3542a,0,data/benign_original/benign/d543427bfa0b28c57d13389d55dadb483436e081b7eb50893a06b0af25d3542a.png
e866834b405046e92518ae2e025560988b7966f0712b9773e50fa8f7bc6fc0b6,0,data/benign_original/benign/e866834b405046e92518ae2e025560988b7966f0712b9773e50fa8f7bc6fc0b6.png
f18e4b87190e3b332c7760957a311f37746fdc388532d24451ef7e6e4ae3c835,0,data/benign_original/benign/f18e4b87190e3b332c7760957a311f37746fdc388532d24451ef7e6e4ae3c835.png
53336d1cc5b2c33ad9019be0cc5ed9603f0acb7b6e5a45cffbd651769121b032,1,data/malware_images/images/njrat/53336d1cc5b2c33ad9019be0cc5ed9603f0acb7b6e5a45cffbd651769121b032.png
c2216d61ece97932200a484c83de6028b927a4a1563810269434403edf2b90c9,0,data/benign_original/benign/c2216d61ece97932200a484c83de6028b927a4a1563810269434403edf2b90c9.png
f3f00ac977254fe518968e6716683188f65cae7733ac0b8ba3e19171b8f4ccf9,0,data/benign_original/benign/f3f00ac977254fe518968e6716683188f65cae7733ac0b8ba3e19171b8f4ccf9.png
cb8162db749e408e9af6fdf59b8a75d6548abbc11ed83c9b5d107a166d4c5d1b,0,data/benign_original/benign/cb8162db749e408e9af6fdf59b8a75d6548abbc11ed83c9b5d107a166d4c5d1b.png
6033000b879b9595e00d660a35077caa6dfceffbf42346e3ac61266d73c82539,1,data/malware_images/images/njrat/6033000b879b9595e00d660a35077caa6dfceffbf42346e3ac61266d73c82539.png
ba24a52cfa37463382b9555d1ed52a21c1212635fc062a4f7a33c799b7277b87,0,data/benign_original/benign/ba24a52cfa37463382b9555d1ed52a21c1212635fc062a4f7a33c799b7277b87.png
e981160f3ebc3c6173d877c4bc553b07e812d27db23a700567a731f8ae934a90,1,data/malware_images/images/Gozi/e981160f3ebc3c6173d877c4bc553b07e812d27db23a700567a731f8ae934a90.png
ab4bd4d7a49fbecdcef9bbd682534e36d581628b3360bc8c7963476f5e62aef1,1,data/malware_images/images/Trickbot/ab4bd4d7a49fbecdcef9bbd682534e36d581628b3360bc8c7963476f5e62aef1.png
01c9f99bfec9b672a6cbe2bd465345e7b28ebbe32bae53f675b6ee2746e20335,1,data/malware_images/images/IcedID/01c9f99bfec9b672a6cbe2bd465345e7b28ebbe32bae53f675b6ee2746e20335.png
f28a839f8d6429ac289587b093feccf27a35536980ffc3737df79426765c34ff,0,data/benign_original/benign/f28a839f8d6429ac289587b093feccf27a35536980ffc3737df79426765c34ff.png
25f1048ca96696f5abe9369dc5f0e09645f1fc8afe49ed414dcdcdfc0063de5b,0,data/benign_original/benign/25f1048ca96696f5abe9369dc5f0e09645f1fc8afe49ed414dcdcdfc0063de5b.png
df02a1ab60e5e03bb0c8a17d39586b6257e6f9c7f8b181646f4636c85395a1d6,1,data/malware_images/images/Trickbot/df02a1ab60e5e03bb0c8a17d39586b6257e6f9c7f8b181646f4636c85395a1d6.png
9e9b20ed84f2bdd7c40fab4d7ff13b2e2c5f1aabf54008a8f0a383aaaeab8d84,0,data/benign_original/benign/9e9b20ed84f2bdd7c40fab4d7ff13b2e2c5f1aabf54008a8f0a383aaaeab8d84.png
90895299e267867fa5aee28c9ea40ce257f0f578cf3de496e15f185a36a51f60,1,data/malware_images/images/Heodo/90895299e267867fa5aee28c9ea40ce257f0f578cf3de496e15f185a36a51f60.png
bb891c00946707603e00cfe20ab3c6175d51d6c568f04e61e3161dd392895926,0,data/benign_original/benign/bb891c00946707603e00cfe20ab3c6175d51d6c568f04e61e3161dd392895926.png
65c24eabb20e0686667eb20ceb2bffd985aa966352630ba549ddd15a1df20ab7,0,data/benign_original/benign/65c24eabb20e0686667eb20ceb2bffd985aa966352630ba549ddd15a1df20ab7.png
bdf71dc56dfe42ac8a0e429c5ffea9f3f1940acfd9353f11f2587f326a09c726,1,data/malware_images/images/njrat/bdf71dc56dfe42ac8a0e429c5ffea9f3f1940acfd9353f11f2587f326a09c726.png
f95a01c331855469e1aa7d95e759259d05c248afb24dc3fd0ba841de9f65c9ae,0,data/benign_original/benign/f95a01c331855469e1aa7d95e759259d05c248afb24dc3fd0ba841de9f65c9ae.png
b60c1e925b44985943308a3dc577aad270dd95046c8d29b29c20834c8e16d5d5,0,data/benign_original/benign/b60c1e925b44985943308a3dc577aad270dd95046c8d29b29c20834c8e16d5d5.png
388093fa3ce1489a280c06b46067982a0534a1fd0a5df2359a22aac9aa1e18b4,1,data/malware_images/images/Gozi/388093fa3ce1489a280c06b46067982a0534a1fd0a5df2359a22aac9aa1e18b4.png
c43488ad85ed37e4e1ac0049b7680b226784b6f34a6f8873765e995f1b08b999,0,data/benign_original/benign/c43488ad85ed37e4e1ac0049b7680b226784b6f34a6f8873765e995f1b08b999.png
ef05f451610efef1893d9dc215c5e935f4fde56f33891080b4446f5a5d71b54c,1,data/malware_images/images/IcedID/ef05f451610efef1893d9dc215c5e935f4fde56f33891080b4446f5a5d71b54c.png
ed15b03c1f4173d06cebe9f1c209543ac5ae1854c31720a902f02cb129fb0717,0,data/benign_original/benign/ed15b03c1f4173d06cebe9f1c209543ac5ae1854c31720a902f02cb129fb0717.png
26d95099636e212fccb35c4865a6aaee393079698b6c3a6f0a07ef2960a845b0,1,data/malware_images/images/GuLoader/26d95099636e212fccb35c4865a6aaee393079698b6c3a6f0a07ef2960a845b0.png
f8bb6e94cb60527c38ce528f031525e0845f30ff38a20645fef10d1363cd8565,0,data/benign_original/benign/f8bb6e94cb60527c38ce528f031525e0845f30ff38a20645fef10d1363cd8565.png
80d3d281ab93307f50f069426f8ddd133456a2d5b7ea8aa84e2fc63ffa96d630,0,data/benign_original/benign/80d3d281ab93307f50f069426f8ddd133456a2d5b7ea8aa84e2fc63ffa96d630.png
b70cc7573be235b7229c2cbab5d926984509eb2e644bf9d3da41863c72d625c9,0,data/benign_original/benign/b70cc7573be235b7229c2cbab5d926984509eb2e644bf9d3da41863c72d625c9.png
f06eba869afb58e91c7cabb96fdbe08480ab3a45f01ab2e2ac194c8c222bace0,1,data/malware_images/images/njrat/f06eba869afb58e91c7cabb96fdbe08480ab3a45f01ab2e2ac194c8c222bace0.png
da0f271dc7269cc13838d7141eac5fec03093dc5f8033f3b55324809c22ab760,0,data/benign_original/benign/da0f271dc7269cc13838d7141eac5fec03093dc5f8033f3b55324809c22ab760.png
5947d6a7fc4014628b957c4ed8ffff7c961f37f155cb814224a89e1f3700f060,1,data/malware_images/images/njrat/5947d6a7fc4014628b957c4ed8ffff7c961f37f155cb814224a89e1f3700f060.png
d7162b14867eff2ee6b1c0506f91c4e8c1a1cea0ddae632bd49156a179549772,1,data/malware_images/images/GuLoader/d7162b14867eff2ee6b1c0506f91c4e8c1a1cea0ddae632bd49156a179549772.png
aa632148e0fb59d2704f6d2792d3cbe3215d982cdcd130fc497a14434d5ec744,1,data/malware_images/images/Trickbot/aa632148e0fb59d2704f6d2792d3cbe3215d982cdcd130fc497a14434d5ec744.png
1d9585285d2404af25c9a5b7268ec17f4db0aa3323a08a0953eda9d37a3bf531,1,data/malware_images/images/GuLoader/1d9585285d2404af25c9a5b7268ec17f4db0aa3323a08a0953eda9d37a3bf531.png
88d52656c2bc915cc5e3a21516f39347e3d2227c4b7d3c09e736648523878923,1,data/malware_images/images/Heodo/88d52656c2bc915cc5e3a21516f39347e3d2227c4b7d3c09e736648523878923.png
bb062dfc2af0c18a70e680537b17e5fa01fce69e20f331f39eb41b9d83ef2b59,0,data/benign_original/benign/bb062dfc2af0c18a70e680537b17e5fa01fce69e20f331f39eb41b9d83ef2b59.png
de3c3cbcd780c0db75f3a1be49a7df16ebd27201a91b225d32422ae4bb561718,0,data/benign_original/benign/de3c3cbcd780c0db75f3a1be49a7df16ebd27201a91b225d32422ae4bb561718.png
d910d1619c9aa5c966604f95bbd1b30d40f59eb25bc69444762c9c15f1a344e4,0,data/benign_original/benign/d910d1619c9aa5c966604f95bbd1b30d40f59eb25bc69444762c9c15f1a344e4.png
dc125b00bfb84727b95a571772481bdf2eb85506e52413ae3c4889c960ec4702,1,data/malware_images/images/Trickbot/dc125b00bfb84727b95a571772481bdf2eb85506e52413ae3c4889c960ec4702.png
d3f07bfe2ecc6b21543a1199bcb5703b8ed0971c59a382831f5464f6756d7ced,0,data/benign_original/benign/d3f07bfe2ecc6b21543a1199bcb5703b8ed0971c59a382831f5464f6756d7ced.png
1d097c6c6c5c943269a35599b55d197c61f8160895777d2a197bd3f652df502c,1,data/malware_images/images/Gozi/1d097c6c6c5c943269a35599b55d197c61f8160895777d2a197bd3f652df502c.png
0bcf980ca426ac45227ad28a2d96ae0ba00510aa9c272f91c87db54a26ae863e,1,data/malware_images/images/njrat/0bcf980ca426ac45227ad28a2d96ae0ba00510aa9c272f91c87db54a26ae863e.png
0ff0a7429ebd5f19eac9fef4504d12c2b2b66a2b060de1c25d6e8fd08262f6d9,0,data/benign_original/benign/0ff0a7429ebd5f19eac9fef4504d12c2b2b66a2b060de1c25d6e8fd08262f6d9.png
8f91a169f948eaefb5f6f1f725f38e785a33367e15f2e228bc7fbeb01ca757d1,1,data/malware_images/images/Heodo/8f91a169f948eaefb5f6f1f725f38e785a33367e15f2e228bc7fbeb01ca757d1.png
756f91d003c22eec8e478f20b124fef3c8e18fd550df645c0148a6ddd91a973d,1,data/malware_images/images/IcedID/756f91d003c22eec8e478f20b124fef3c8e18fd550df645c0148a6ddd91a973d.png
4bb1e2b027eb915bb6cd45b057b29ed41d34ed7b551500f2814c04263aa58092,1,data/malware_images/images/Trickbot/4bb1e2b027eb915bb6cd45b057b29ed41d34ed7b551500f2814c04263aa58092.png
6e4ba2315086960087b400358cd0d8ee19375104b6ca9c5f81305b2ddc34c6f4,1,data/malware_images/images/IcedID/6e4ba2315086960087b400358cd0d8ee19375104b6ca9c5f81305b2ddc34c6f4.png
f1e1998fb1f176bd72eabf5d5893e1549485e59de3b8fc52845a089e42864463,0,data/benign_original/benign/f1e1998fb1f176bd72eabf5d5893e1549485e59de3b8fc52845a089e42864463.png
150399bdd91521ff244c8c83aa0ebede3560304bcd38a0fd21a189fa34b605da,1,data/malware_images/images/GuLoader/150399bdd91521ff244c8c83aa0ebede3560304bcd38a0fd21a189fa34b605da.png
b61a3bd19338f75abef883834c0a332c862d9dee1381ac53b0d1dd9b6accab4a,0,data/benign_original/benign/b61a3bd19338f75abef883834c0a332c862d9dee1381ac53b0d1dd9b6accab4a.png
da5238def728413ecf85c27cc7f5d4a8b625dd527088e3378b0f4eca29f37b67,0,data/benign_original/benign/da5238def728413ecf85c27cc7f5d4a8b625dd527088e3378b0f4eca29f37b67.png
88d04323519169223f2387c9315f3aea923763460dd14594eb12b36c4efc546d,1,data/malware_images/images/njrat/88d04323519169223f2387c9315f3aea923763460dd14594eb12b36c4efc546d.png
9ec4c168c44d6c2b525d3dc2005c253254fbb448387fdec55ae381a96081d036,1,data/malware_images/images/Trickbot/9ec4c168c44d6c2b525d3dc2005c253254fbb448387fdec55ae381a96081d036.png
d69a6522331e3eed2b457dadfaadc15a063c199edd53189068990424fc5a1aa2,1,data/malware_images/images/IcedID/d69a6522331e3eed2b457dadfaadc15a063c199edd53189068990424fc5a1aa2.png
de81891d9f950638de932c24022cd03f1b783a80305be66b9d26a7802831cfc2,0,data/benign_original/benign/de81891d9f950638de932c24022cd03f1b783a80305be66b9d26a7802831cfc2.png
c8aa986f062e9c93831663869e4dbad037be4acdf7eef50b8cdafeb0f01b2072,1,data/malware_images/images/njrat/c8aa986f062e9c93831663869e4dbad037be4acdf7eef50b8cdafeb0f01b2072.png
f2069a52880ec885ee7f0511186100eb7fada0411a2b4948fafea7735b878a18,0,data/benign_original/benign/f2069a52880ec885ee7f0511186100eb7fada0411a2b4948fafea7735b878a18.png
cb1e90a3f433b6b56116aec5496c96635e5d3fdb89b098598245e56e96b14ad4,0,data/benign_original/benign/cb1e90a3f433b6b56116aec5496c96635e5d3fdb89b098598245e56e96b14ad4.png
dce2829685962e05d00544f226236a603ec56d561b0232180b3c7b0917441c80,0,data/benign_original/benign/dce2829685962e05d00544f226236a603ec56d561b0232180b3c7b0917441c80.png
bd7c220ea5b27a58ada82d4185674c6083297a19c26e399c53a772efc2d6042f,0,data/benign_original/benign/bd7c220ea5b27a58ada82d4185674c6083297a19c26e399c53a772efc2d6042f.png
6912ec55af4079f5ed9b08502d37c0164e833a05c5ed275c6328e745016ec3e8,1,data/malware_images/images/Trickbot/6912ec55af4079f5ed9b08502d37c0164e833a05c5ed275c6328e745016ec3e8.png
32653980c15ef2c4a6b12411b5b9e2d2db7bbfb28a3595bbf707df2a9d7b84b3,1,data/malware_images/images/IcedID/32653980c15ef2c4a6b12411b5b9e2d2db7bbfb28a3595bbf707df2a9d7b84b3.png
ce665ff56c836f6ba377a800e420e440a77ff680c10bbc73fbb2c2a20c9ddd3e,0,data/benign_original/benign/ce665ff56c836f6ba377a800e420e440a77ff680c10bbc73fbb2c2a20c9ddd3e.png
bbeb91a6762debe0c42a5b939a60e5572180b57e8fd643433470f5a8b2c18568,0,data/benign_original/benign/bbeb91a6762debe0c42a5b939a60e5572180b57e8fd643433470f5a8b2c18568.png
e05ec70635c49125192930206a04d4cc2e2d5f371a09debdbf7193437eb49338,0,data/benign_original/benign/e05ec70635c49125192930206a04d4cc2e2d5f371a09debdbf7193437eb49338.png
fdbad29d846785daeac792e56c7165685ecaf6f784931c86fb2ce8b085f3ba67,0,data/benign_original/benign/fdbad29d846785daeac792e56c7165685ecaf6f784931c86fb2ce8b085f3ba67.png
b65ca1af4590bbec9aa558319c6491db8235a555de83345e71b69feb69163e58,1,data/malware_images/images/Trickbot/b65ca1af4590bbec9aa558319c6491db8235a555de83345e71b69feb69163e58.png
05d80bd0826340f9fa507fde82d8ec86b247b5092f42009cab63eb9ebf809849,1,data/malware_images/images/Gozi/05d80bd0826340f9fa507fde82d8ec86b247b5092f42009cab63eb9ebf809849.png
ffe8dbc4f815fe713c790a19b5122c79d1de9c817f10edf7d86ca297175ce439,1,data/malware_images/images/njrat/ffe8dbc4f815fe713c790a19b5122c79d1de9c817f10edf7d86ca297175ce439.png
e5f310d6d083735c286c76f77a03e4dcea7098fa2c8c42f7c9a18c9ab8f83502,0,data/benign_original/benign/e5f310d6d083735c286c76f77a03e4dcea7098fa2c8c42f7c9a18c9ab8f83502.png
f56701783d22d0e17e126d09aca62b1969259d4b7b00dedd9a0001c6d1abead2,0,data/benign_original/benign/f56701783d22d0e17e126d09aca62b1969259d4b7b00dedd9a0001c6d1abead2.png
ea0bcb9c44a356945727a78ca03b727f5ce4dd69accb51dc7fee5918477133be,1,data/malware_images/images/GuLoader/ea0bcb9c44a356945727a78ca03b727f5ce4dd69accb51dc7fee5918477133be.png
3bbed664d1c212df4f73e7a1b426e34d442262ceac5b30afdfb2c80b51ca3c0b,1,data/malware_images/images/Gozi/3bbed664d1c212df4f73e7a1b426e34d442262ceac5b30afdfb2c80b51ca3c0b.png
209262708421071b85831fb5a99727d1fdc2b24a9f88ca0093c789411d79e475,1,data/malware_images/images/Trickbot/209262708421071b85831fb5a99727d1fdc2b24a9f88ca0093c789411d79e475.png
bd982676629ea553192bb23b2563f4f0ee75798d795840ac838d47676c284a08,0,data/benign_original/benign/bd982676629ea553192bb23b2563f4f0ee75798d795840ac838d47676c284a08.png
0db42842fa2989086a4f96d2d835cc4dd1acb63bbd4c1d5ea1dc1cd21b184122,1,data/malware_images/images/Heodo/0db42842fa2989086a4f96d2d835cc4dd1acb63bbd4c1d5ea1dc1cd21b184122.png
f8c3316672028460f43b83fd6f8df7ed879672fa4f8f9b63873256cb00ef29ef,0,data/benign_original/benign/f8c3316672028460f43b83fd6f8df7ed879672fa4f8f9b63873256cb00ef29ef.png
bde0955f2179ff9d968c5580e9be571ffd33c40fbc02c56a15240aef634a8959,0,data/benign_original/benign/bde0955f2179ff9d968c5580e9be571ffd33c40fbc02c56a15240aef634a8959.png
c24e8099dffe2d9ddebc10b44b6d992043a7a88f0c24bdd7b462e750813dd92e,1,data/malware_images/images/IcedID/c24e8099dffe2d9ddebc10b44b6d992043a7a88f0c24bdd7b462e750813dd92e.png
f696bced4f6608ef898bdca29ba757a07900e4031e1de74c85bd18949e6479e8,0,data/benign_original/benign/f696bced4f6608ef898bdca29ba757a07900e4031e1de74c85bd18949e6479e8.png
7316bf4538e96c9a09d7a6a72e0ede7df34289a47b0561a23fa5b959638daefe,1,data/malware_images/images/IcedID/7316bf4538e96c9a09d7a6a72e0ede7df34289a47b0561a23fa5b959638daefe.png
6a39a3e7387f3d214042b2d9d99f4d6de18303d56ad96c9a48df20cf4693091b,1,data/malware_images/images/Gozi/6a39a3e7387f3d214042b2d9d99f4d6de18303d56ad96c9a48df20cf4693091b.png
73bb2538c8a42b16397858d449d8558d666918a17e272aa74934b2014482a9d0,0,data/benign_original/benign/73bb2538c8a42b16397858d449d8558d666918a17e272aa74934b2014482a9d0.png
a59ac4ed7c883d86bac18305763a43e86438455f259560f21fe30a10c2adb6b8,1,data/malware_images/images/IcedID/a59ac4ed7c883d86bac18305763a43e86438455f259560f21fe30a10c2adb6b8.png
b522d0ece97ee7bfa70452347c50b7eaa8263122c6162f39d4056961a5049b4e,0,data/benign_original/benign/b522d0ece97ee7bfa70452347c50b7eaa8263122c6162f39d4056961a5049b4e.png
421abf589f943503ffe093d897bbb72ba5f46cfb70fe843ae0daf76efdd00cc8,1,data/malware_images/images/Gozi/421abf589f943503ffe093d897bbb72ba5f46cfb70fe843ae0daf76efdd00cc8.png
e3d34c7cf4f7bfd854bc14e3f0043fb58ad7196760bacd9efedf6631c88b2267,0,data/benign_original/benign/e3d34c7cf4f7bfd854bc14e3f0043fb58ad7196760bacd9efedf6631c88b2267.png
23ad6e40a7585ad5741cb6c4cdfa36591475b671b935db62f3db2391adb81075,1,data/malware_images/images/Gozi/23ad6e40a7585ad5741cb6c4cdfa36591475b671b935db62f3db2391adb81075.png
d0cfb360e8b475464ffcbca93478681477c5908ac02c6a6a58d368ae26f2aed9,0,data/benign_original/benign/d0cfb360e8b475464ffcbca93478681477c5908ac02c6a6a58d368ae26f2aed9.png
29ada8c071fca5b3ac924039ab92a06f936fc37b879d5b6c2758d5a229dca99a,1,data/malware_images/images/Trickbot/29ada8c071fca5b3ac924039ab92a06f936fc37b879d5b6c2758d5a229dca99a.png
964120eae5586803da477823b7c1ed5f5c2ac99bbbf09f34ffa234a8844f89d5,1,data/malware_images/images/njrat/964120eae5586803da477823b7c1ed5f5c2ac99bbbf09f34ffa234a8844f89d5.png
5f2ed2da6ce1c85c4eaec50866900fca79f27df2a3013ac416249130527bc96b,1,data/malware_images/images/njrat/5f2ed2da6ce1c85c4eaec50866900fca79f27df2a3013ac416249130527bc96b.png
e142dbd7bad4ee6aba8c3cf4975a17c2c5710990a4c97746a11e3f964d13df53,0,data/benign_original/benign/e142dbd7bad4ee6aba8c3cf4975a17c2c5710990a4c97746a11e3f964d13df53.png
69d83ce8e2490ab4ab6f40f6d3a9b731a86fba16590ad510aa0eccfa31e1800e,1,data/malware_images/images/GuLoader/69d83ce8e2490ab4ab6f40f6d3a9b731a86fba16590ad510aa0eccfa31e1800e.png
c27bf458cbbc0d3ed9514a7210a818f2d53199778740f7db3b378eec9c75133e,1,data/malware_images/images/njrat/c27bf458cbbc0d3ed9514a7210a818f2d53199778740f7db3b378eec9c75133e.png
b25c8c35e0e2a69aa6b02ffd44e3117a4a103b626ea85ea77771ff35efd9449b,1,data/malware_images/images/IcedID/b25c8c35e0e2a69aa6b02ffd44e3117a4a103b626ea85ea77771ff35efd9449b.png
ece97f480fce1e32e1e15d6744cc1d8c1893402fa08e53261b44a0e25690ab4e,0,data/benign_original/benign/ece97f480fce1e32e1e15d6744cc1d8c1893402fa08e53261b44a0e25690ab4e.png
ddbd13a57d2bd80a4e0f5e16ffe88209748e38246a80fd277dcec91ae0bf42e9,0,data/benign_original/benign/ddbd13a57d2bd80a4e0f5e16ffe88209748e38246a80fd277dcec91ae0bf42e9.png
d84ad4824d14eefe3212fbbb712ad44932f8fe5ab424b0af13660e45f0dabcb4,0,data/benign_original/benign/d84ad4824d14eefe3212fbbb712ad44932f8fe5ab424b0af13660e45f0dabcb4.png
e23480cadd5ab4d7e63e08df238602d752eb33ad55d9ab88d3e4c4cde5f72d4b,0,data/benign_original/benign/e23480cadd5ab4d7e63e08df238602d752eb33ad55d9ab88d3e4c4cde5f72d4b.png
de915f126ba7b0604200261f319a40dc6aa4819595931e721aaa24fbc06befc0,0,data/benign_original/benign/de915f126ba7b0604200261f319a40dc6aa4819595931e721aaa24fbc06befc0.png
c1868756ecb3ec71620444ab395a686c3a050bfe656e370928ded0df5a65b871,1,data/malware_images/images/njrat/c1868756ecb3ec71620444ab395a686c3a050bfe656e370928ded0df5a65b871.png
de9bd95d6bc08888bcd16295ef2fbfd8e72020c56b14f72e6d3df90aaa24c84a,0,data/benign_original/benign/de9bd95d6bc08888bcd16295ef2fbfd8e72020c56b14f72e6d3df90aaa24c84a.png
d1abd11080bf426d9e721bc55b9764bc94205c96da8e65e42b739366634bf13f,1,data/malware_images/images/Trickbot/d1abd11080bf426d9e721bc55b9764bc94205c96da8e65e42b739366634bf13f.png
68246525176be1f0a42ae8e9ce160aafb49f7c0ae11db04a06a4b7107ee35746,1,data/malware_images/images/njrat/68246525176be1f0a42ae8e9ce160aafb49f7c0ae11db04a06a4b7107ee35746.png
a1948e32005565f2e9257116298d5d623f2c8dada741a8d7d654d94ccd52541f,1,data/malware_images/images/Gozi/a1948e32005565f2e9257116298d5d623f2c8dada741a8d7d654d94ccd52541f.png
fab3de5a6ee71d9c7fb417aaf161978bcd0f3cbd5a2b8621789fbc111d3ada6a,0,data/benign_original/benign/fab3de5a6ee71d9c7fb417aaf161978bcd0f3cbd5a2b8621789fbc111d3ada6a.png
2e71e2197518ae4077d0968f2f666635d9a1f822802aca08f092f488629d900b,1,data/malware_images/images/njrat/2e71e2197518ae4077d0968f2f666635d9a1f822802aca08f092f488629d900b.png
2b672dd0e086dd4196087712ba0e34af205f518231545646c81d01411fe9bda8,0,data/benign_original/benign/2b672dd0e086dd4196087712ba0e34af205f518231545646c81d01411fe9bda8.png
b8b6286dabbd8f4e36589e3c6423b3d0daf192a196089c3887e1fd703f7e096a,0,data/benign_original/benign/b8b6286dabbd8f4e36589e3c6423b3d0daf192a196089c3887e1fd703f7e096a.png
f623cf6a86e3edef377ba6895b4fc15cbc3945c379f57b46de7ebd07c813dd3d,0,data/benign_original/benign/f623cf6a86e3edef377ba6895b4fc15cbc3945c379f57b46de7ebd07c813dd3d.png
b58cc27cfa83efbba039c9c27e57b8418caf36bdc8f7bf0b689a1586daf19941,0,data/benign_original/benign/b58cc27cfa83efbba039c9c27e57b8418caf36bdc8f7bf0b689a1586daf19941.png
b1b92169b3a4cbf2f674c9bb451b2a0dd92d2dac0ce709fc7dadb1ab2a95946b,0,data/benign_original/benign/b1b92169b3a4cbf2f674c9bb451b2a0dd92d2dac0ce709fc7dadb1ab2a95946b.png
cd174eacbbd4074940b8b9fde2ddbf445667844b68f32ed725377ac9672e344b,0,data/benign_original/benign/cd174eacbbd4074940b8b9fde2ddbf445667844b68f32ed725377ac9672e344b.png
d1cf11b43c781667599dae20e4ab35e86b8d18bd66588185e5261802eccd9bbf,0,data/benign_original/benign/d1cf11b43c781667599dae20e4ab35e86b8d18bd66588185e5261802eccd9bbf.png
faef2c4a5b5b2670ebf4f3f31a1720158f781ace7af97b473697dadf7d6d5b19,0,data/benign_original/benign/faef2c4a5b5b2670ebf4f3f31a1720158f781ace7af97b473697dadf7d6d5b19.png
f152030c888d6856fc3deba70bf57dc6a1a00ee1f13fe90e324d91c740629150,0,data/benign_original/benign/f152030c888d6856fc3deba70bf57dc6a1a00ee1f13fe90e324d91c740629150.png
02431aa60089b968bc59acc69796ed9418546894752d0c9766fbe3aae0a85031,0,data/benign_original/benign/02431aa60089b968bc59acc69796ed9418546894752d0c9766fbe3aae0a85031.png
ce1608cdb307cecf3b38f233b388214717da84bf2a04caf67ab656aeedf5e871,1,data/malware_images/images/njrat/ce1608cdb307cecf3b38f233b388214717da84bf2a04caf67ab656aeedf5e871.png
b60c603b12cdd9d10b2c2b95806ee3152daf0509a3677fb0497d6719b8c2b858,0,data/benign_original/benign/b60c603b12cdd9d10b2c2b95806ee3152daf0509a3677fb0497d6719b8c2b858.png
f0c429a993fa4791a3a30974ce292632762f74ab224eb452a1604fd3c6a00eb1,0,data/benign_original/benign/f0c429a993fa4791a3a30974ce292632762f74ab224eb452a1604fd3c6a00eb1.png
e960f34a932bac075d141631a8418d2978dece4e2e17e0f2200785728ca4da01,1,data/malware_images/images/njrat/e960f34a932bac075d141631a8418d2978dece4e2e17e0f2200785728ca4da01.png
db41070a4edac253e23c2b7f1dcf2f741f8a3321ae81fd5b457279cd6f4f984d,0,data/benign_original/benign/db41070a4edac253e23c2b7f1dcf2f741f8a3321ae81fd5b457279cd6f4f984d.png
daa0358c5d7e10dc66d481b4e08af5a7813b3b42ca9fd0c74ba1bd176df856cb,0,data/benign_original/benign/daa0358c5d7e10dc66d481b4e08af5a7813b3b42ca9fd0c74ba1bd176df856cb.png
192b1d57da0cacde62677a734084972c2af88bf6c467c98deb1d3ce3fca87a54,1,data/malware_images/images/njrat/192b1d57da0cacde62677a734084972c2af88bf6c467c98deb1d3ce3fca87a54.png
4b4c8b74b632893033dfa8d4099db76155f6941ab5a63ba7c5a680168ad73b1b,1,data/malware_images/images/GuLoader/4b4c8b74b632893033dfa8d4099db76155f6941ab5a63ba7c5a680168ad73b1b.png
5a3c620b24ce2400dc7455bbc06e2ec9beb013b438f1855aa640560bfefa08c2,1,data/malware_images/images/Heodo/5a3c620b24ce2400dc7455bbc06e2ec9beb013b438f1855aa640560bfefa08c2.png
f544a396979fc9a5a6aed860975a85e534cb39f7499c3b580bb141e6d59ecff7,0,data/benign_original/benign/f544a396979fc9a5a6aed860975a85e534cb39f7499c3b580bb141e6d59ecff7.png
f2292fec01b4672cf1bd05d2022e7ab814c53378e900cf7679b3917fe317965b,1,data/malware_images/images/njrat/f2292fec01b4672cf1bd05d2022e7ab814c53378e900cf7679b3917fe317965b.png
2e7b459f7c57f287f59f382f5d37d29b4c7889c82ea012bf3837b0b732de3c49,0,data/benign_original/benign/2e7b459f7c57f287f59f382f5d37d29b4c7889c82ea012bf3837b0b732de3c49.png
50c916244cec9cd3dd11d76e5198154bad38b94ba67b56071b6c03440659bd8d,1,data/malware_images/images/IcedID/50c916244cec9cd3dd11d76e5198154bad38b94ba67b56071b6c03440659bd8d.png
b65500e47253ba1a594ca7e63f9e92b73b8f5bc38f325d3d5a4fc2887071b12a,1,data/malware_images/images/Trickbot/b65500e47253ba1a594ca7e63f9e92b73b8f5bc38f325d3d5a4fc2887071b12a.png
f3febba2bcec36fd5b1d0e6e99fac77cf8477493b7dddc5897e87fe79654f6c6,0,data/benign_original/benign/f3febba2bcec36fd5b1d0e6e99fac77cf8477493b7dddc5897e87fe79654f6c6.png
b5155e0ad2ebf18aa1888e5f738e46962b9e9a61faffa0bd0ba3236770226f53,0,data/benign_original/benign/b5155e0ad2ebf18aa1888e5f738e46962b9e9a61faffa0bd0ba3236770226f53.png
d6b2f29a8b52b51271002cea3fb21bc0de7f69954138955dc1131d2d83ef7633,0,data/benign_original/benign/d6b2f29a8b52b51271002cea3fb21bc0de7f69954138955dc1131d2d83ef7633.png
ad4846949468823bf149c5205557635caf9eab3453b9d4d1f4c95af09d548615,1,data/malware_images/images/Gozi/ad4846949468823bf149c5205557635caf9eab3453b9d4d1f4c95af09d548615.png
e78bcedb388d4d395e91b774c7f940fa23b55ccbdbe412cdb261f68a27aea5e1,0,data/benign_original/benign/e78bcedb388d4d395e91b774c7f940fa23b55ccbdbe412cdb261f68a27aea5e1.png
4bbd4db544dc9fc6600c983bba42b07f3e9ada5501f2ec0d011c04c065f3eb41,0,data/benign_original/benign/4bbd4db544dc9fc6600c983bba42b07f3e9ada5501f2ec0d011c04c065f3eb41.png
d66fe29a3ab93b41bae9b397d233411ebb7f4f06ebca865dba39be2f035b0ee6,0,data/benign_original/benign/d66fe29a3ab93b41bae9b397d233411ebb7f4f06ebca865dba39be2f035b0ee6.png
bfd46c04db885f34677ae7ca616f0ccbda4b88daa7923c265babec656706ddc4,0,data/benign_original/benign/bfd46c04db885f34677ae7ca616f0ccbda4b88daa7923c265babec656706ddc4.png
59b1826b4da471e10b111d83b71e61cee36e4fdc892785ae401caf6233295308,1,data/malware_images/images/Trickbot/59b1826b4da471e10b111d83b71e61cee36e4fdc892785ae401caf6233295308.png
3ef71d537879df5b3f8d0f6d605f48c6cec29f7baaeb24d1d3b68779de9efba5,0,data/benign_original/benign/3ef71d537879df5b3f8d0f6d605f48c6cec29f7baaeb24d1d3b68779de9efba5.png
3204608ffab40dd4b5b30f4da46cb4fb556d6cc3d48ba2b7c3aa1f4788775835,1,data/malware_images/images/njrat/3204608ffab40dd4b5b30f4da46cb4fb556d6cc3d48ba2b7c3aa1f4788775835.png
e1c12e80d4fe90ebf246356de9336ba64ce4263eaf2525c27412d534b8a89b29,1,data/malware_images/images/njrat/e1c12e80d4fe90ebf246356de9336ba64ce4263eaf2525c27412d534b8a89b29.png
a46ffde9520f02fc745054cdeba73b146c1bd968cc4eafbc89696bb0646d5c47,1,data/malware_images/images/njrat/a46ffde9520f02fc745054cdeba73b146c1bd968cc4eafbc89696bb0646d5c47.png
4e9a86ffd569063308627ebeb576acdcdbf76b03c68aac783c0ff64eed7354bd,0,data/benign_original/benign/4e9a86ffd569063308627ebeb576acdcdbf76b03c68aac783c0ff64eed7354bd.png
ed859ebcde784fbdc5bbb27fc24a684f2c8325639d4a53ab9a5aa5d78e8c70c4,1,data/malware_images/images/Gozi/ed859ebcde784fbdc5bbb27fc24a684f2c8325639d4a53ab9a5aa5d78e8c70c4.png
7fc26548e849f1ed9cfe22fddc4f76030e7fbf75c2659325586934fe71b6fd98,1,data/malware_images/images/Trickbot/7fc26548e849f1ed9cfe22fddc4f76030e7fbf75c2659325586934fe71b6fd98.png
1c7c07802af60cddfbe62ce037135297417517f3751729bd02ce65d50f4e715d,0,data/benign_original/benign/1c7c07802af60cddfbe62ce037135297417517f3751729bd02ce65d50f4e715d.png
282406408e4499b5e5807fbb08409ae8c1456efb75281da653d366dad299d5df,1,data/malware_images/images/njrat/282406408e4499b5e5807fbb08409ae8c1456efb75281da653d366dad299d5df.png
b1606c265366547ce82a94e3818b57845b92a0286e0f19b08a9c20710b6d2895,0,data/benign_original/benign/b1606c265366547ce82a94e3818b57845b92a0286e0f19b08a9c20710b6d2895.png
c457ba36891aa3a5563c7bee0f7abe8eebf0ed61d8f7bc3ec1e04ae079afdc52,0,data/benign_original/benign/c457ba36891aa3a5563c7bee0f7abe8eebf0ed61d8f7bc3ec1e04ae079afdc52.png
4487f55d70b42e389b1f200a688f38a6e8b38c4b045a501c9a9ef06c658e06ee,1,data/malware_images/images/Gozi/4487f55d70b42e389b1f200a688f38a6e8b38c4b045a501c9a9ef06c658e06ee.png
ac4035cfb9c8a93c294fe1911bd4cd94ce403d8cdc301fa4bf113144b40d1245,1,data/malware_images/images/GuLoader/ac4035cfb9c8a93c294fe1911bd4cd94ce403d8cdc301fa4bf113144b40d1245.png
c065fa6dbc84646facf1572c2e4146cf9c27ac44ffbb6f955cc918eed61909f9,0,data/benign_original/benign/c065fa6dbc84646facf1572c2e4146cf9c27ac44ffbb6f955cc918eed61909f9.png
4a09abb4e1b8e2563b13222b50ff706e3fef1ad90321eef238995281e82e4017,1,data/malware_images/images/njrat/4a09abb4e1b8e2563b13222b50ff706e3fef1ad90321eef238995281e82e4017.png
23d8ce4775241fdf6fa0c42b9d68cde2b17b1288d7e3c1a91bdbf085aabff358,1,data/malware_images/images/Gozi/23d8ce4775241fdf6fa0c42b9d68cde2b17b1288d7e3c1a91bdbf085aabff358.png
4c517cfee5721813020a2336a2263823190cf2ea898376d6a555b10c6a8e479b,1,data/malware_images/images/Trickbot/4c517cfee5721813020a2336a2263823190cf2ea898376d6a555b10c6a8e479b.png
b0b129612a3067d799a6ef75b4f7596eb699e1c351aee4229748f3b75ec17f09,0,data/benign_original/benign/b0b129612a3067d799a6ef75b4f7596eb699e1c351aee4229748f3b75ec17f09.png
68123a5b98ab9c77fc37486fe340c4294babfeb9a7b41b79a5a0ec53f63658aa,1,data/malware_images/images/njrat/68123a5b98ab9c77fc37486fe340c4294babfeb9a7b41b79a5a0ec53f63658aa.png
f294e5f02831265cb041838f56e6654e1feacd53d6c28dad32ed3107f51f31a3,0,data/benign_original/benign/f294e5f02831265cb041838f56e6654e1feacd53d6c28dad32ed3107f51f31a3.png
d1ae4ad1450eac0d4a6806d9f321d5c28e84b81302b14570699fb646304a0c7b,1,data/malware_images/images/Gozi/d1ae4ad1450eac0d4a6806d9f321d5c28e84b81302b14570699fb646304a0c7b.png
bf0879424b60b366a6575a3c3ff167ecdf62ee79500e6143a2bc806e7a3a739d,0,data/benign_original/benign/bf0879424b60b366a6575a3c3ff167ecdf62ee79500e6143a2bc806e7a3a739d.png
fea6c33920d8448316c872b1cf87c32dc74703259cb2b8ae53fff64efcf48786,0,data/benign_original/benign/fea6c33920d8448316c872b1cf87c32dc74703259cb2b8ae53fff64efcf48786.png
bac1c4d0c0bd3a13fc76db79ecbb7d38a41574f384c8f23b44797e54734b8fe9,0,data/benign_original/benign/bac1c4d0c0bd3a13fc76db79ecbb7d38a41574f384c8f23b44797e54734b8fe9.png
ec468c59badbc97f94850b55df367109af0f8ffd996384251940171539af076b,0,data/benign_original/benign/ec468c59badbc97f94850b55df367109af0f8ffd996384251940171539af076b.png
d61ab3e3fc8db1177b16abbc069224fa42837c131ca6b50d62b3ca2043592217,1,data/malware_images/images/njrat/d61ab3e3fc8db1177b16abbc069224fa42837c131ca6b50d62b3ca2043592217.png
c0cf3e8e128fda1a781472ea4c31ead8dd440d8fbf7fb68481a3edf769b4b850,1,data/malware_images/images/Gozi/c0cf3e8e128fda1a781472ea4c31ead8dd440d8fbf7fb68481a3edf769b4b850.png
b5c0e796ee673533fe2298d4da420aba129241fa361f40fffb599b49af1baee4,1,data/malware_images/images/Trickbot/b5c0e796ee673533fe2298d4da420aba129241fa361f40fffb599b49af1baee4.png
c20b5d14f4c800cd1e6b1f551a212348b2a5a001fa7e48890882758285db0ec0,1,data/malware_images/images/Gozi/c20b5d14f4c800cd1e6b1f551a212348b2a5a001fa7e48890882758285db0ec0.png
4f7ee2b1be709d2dfcfb894323ac4b6a3f3b0482c646d49b051769a6e3785239,1,data/malware_images/images/njrat/4f7ee2b1be709d2dfcfb894323ac4b6a3f3b0482c646d49b051769a6e3785239.png
99451d12e65bc4c5e49d441d9dce0c5be8596f787c238c3dce07ff0da6618459,1,data/malware_images/images/njrat/99451d12e65bc4c5e49d441d9dce0c5be8596f787c238c3dce07ff0da6618459.png
5dc56df39a5f97ffe351c6e3b871e8764644e303a623ca025205596bfe320983,1,data/malware_images/images/njrat/5dc56df39a5f97ffe351c6e3b871e8764644e303a623ca025205596bfe320983.png
4a97c7666ce53a862a84873ad6bcfcd84b5cddd216ac6aa4f15998802d90f94e,1,data/malware_images/images/Trickbot/4a97c7666ce53a862a84873ad6bcfcd84b5cddd216ac6aa4f15998802d90f94e.png
211fb1f5b0df10b04bd464f2cb76656b6f7e3817cf86b77b565ee21f901793d9,1,data/malware_images/images/Trickbot/211fb1f5b0df10b04bd464f2cb76656b6f7e3817cf86b77b565ee21f901793d9.png
ad91cc0f5f38735a2a88df59382b93919a0f3112cae592f4a0477e20ef414469,1,data/malware_images/images/IcedID/ad91cc0f5f38735a2a88df59382b93919a0f3112cae592f4a0477e20ef414469.png
e125e29617db5f1528a3e355b6f17b7fe7aba93e7a9b94de13edfe4dc32e6bdf,0,data/benign_original/benign/e125e29617db5f1528a3e355b6f17b7fe7aba93e7a9b94de13edfe4dc32e6bdf.png
d95cbe153f08f921b560ad665d4828b0bd0188fb83cc10fc2355529e7d828984,0,data/benign_original/benign/d95cbe153f08f921b560ad665d4828b0bd0188fb83cc10fc2355529e7d828984.png
ff60f5b1709c553863932b3cac4de8039835b48fd114fc8cbea0809a3658b015,0,data/benign_original/benign/ff60f5b1709c553863932b3cac4de8039835b48fd114fc8cbea0809a3658b015.png
e44aaddd12559a8f56afb92378b5c2ab3c01fc342aee287054c2af19efbc5539,0,data/benign_original/benign/e44aaddd12559a8f56afb92378b5c2ab3c01fc342aee287054c2af19efbc5539.png
c2118daf998c3dfc9dc59e8196289c328dd5826fdf88604f4d93eab2d58fdef8,0,data/benign_original/benign/c2118daf998c3dfc9dc59e8196289c328dd5826fdf88604f4d93eab2d58fdef8.png
27a5b15d9746ae517f7aa494deea50b0d6c7b3cb28e793ff1fff1c0286966443,1,data/malware_images/images/IcedID/27a5b15d9746ae517f7aa494deea50b0d6c7b3cb28e793ff1fff1c0286966443.png
b7ae7f4453b062073d68146727f16af5d57d39758fd3f0fd7c067ba78eb27b97,1,data/malware_images/images/njrat/b7ae7f4453b062073d68146727f16af5d57d39758fd3f0fd7c067ba78eb27b97.png
2509f31005f6c6b5fa8f7da44f532698946af381f1f586bc0a1727b39b3d3239,1,data/malware_images/images/Gozi/2509f31005f6c6b5fa8f7da44f532698946af381f1f586bc0a1727b39b3d3239.png
b4853f76dfe066a5b2aeb3166bac4d6ff1548e9119205f65ac6cab6d165f9850,0,data/benign_original/benign/b4853f76dfe066a5b2aeb3166bac4d6ff1548e9119205f65ac6cab6d165f9850.png
1429990eae383b4fe77004519357e8844c118790f51a5f471c2cac517c07a4fe,1,data/malware_images/images/GuLoader/1429990eae383b4fe77004519357e8844c118790f51a5f471c2cac517c07a4fe.png
a0827b06bad13e450aa21407068d1c34d24d8c8441647c3bc7231a507105146e,1,data/malware_images/images/Gozi/a0827b06bad13e450aa21407068d1c34d24d8c8441647c3bc7231a507105146e.png
abc8861cd68131b3f5a9bb73c748946e119e08f7d997df9557a8c9fc0a09b588,0,data/benign_original/benign/abc8861cd68131b3f5a9bb73c748946e119e08f7d997df9557a8c9fc0a09b588.png
32b7e50b1e2b52a1791a053bccfabae95ef1ee46e1403c0422685955488caea2,1,data/malware_images/images/GuLoader/32b7e50b1e2b52a1791a053bccfabae95ef1ee46e1403c0422685955488caea2.png
dbc2054771c531fd35f8782bd31936fba0e9cb6ee5b073ecc58a0ded8de9da0c,0,data/benign_original/benign/dbc2054771c531fd35f8782bd31936fba0e9cb6ee5b073ecc58a0ded8de9da0c.png
d99f35f620d652376d85fbaca3a904e211baf83a0f060f6a7b70f65b60697780,0,data/benign_original/benign/d99f35f620d652376d85fbaca3a904e211baf83a0f060f6a7b70f65b60697780.png
b0a507e400f829022ee88454eb2baba024cf4f05dfc606c54d2d4de412442405,0,data/benign_original/benign/b0a507e400f829022ee88454eb2baba024cf4f05dfc606c54d2d4de412442405.png
a28c8a1cec75344833ec100758125018b58c183a5903271ea8944c6f663ef80b,0,data/benign_original/benign/a28c8a1cec75344833ec100758125018b58c183a5903271ea8944c6f663ef80b.png
68d7f06712dc622880acf9c37f9d08e3c72d48c0016ca1f69f1f386df5f234cf,0,data/benign_original/benign/68d7f06712dc622880acf9c37f9d08e3c72d48c0016ca1f69f1f386df5f234cf.png
d7221d5a8b507a217aef79d85f867ffacad37cc58d67261621e557f7dc1a4c43,0,data/benign_original/benign/d7221d5a8b507a217aef79d85f867ffacad37cc58d67261621e557f7dc1a4c43.png
b323ba47ccb7902d6021cc8259cf016e971bddc1831a436824d6bda52bde0c22,0,data/benign_original/benign/b323ba47ccb7902d6021cc8259cf016e971bddc1831a436824d6bda52bde0c22.png
b4f9a5302769c02d7cbe1202912751aaca415608948fad305b2c4b0f4aedcc37,0,data/benign_original/benign/b4f9a5302769c02d7cbe1202912751aaca415608948fad305b2c4b0f4aedcc37.png
876680836376ad542c641df01f620553ae780c0e3b3a847dd848081608d63054,1,data/malware_images/images/Gozi/876680836376ad542c641df01f620553ae780c0e3b3a847dd848081608d63054.png
02396054ed09a34828f820df36f2e639267396b9fe583a003d7c23652b7b0833,1,data/malware_images/images/njrat/02396054ed09a34828f820df36f2e639267396b9fe583a003d7c23652b7b0833.png
cd83ea129b429799f12197bf6cd8e218acb049ef54cfac94b729f544616bb168,0,data/benign_original/benign/cd83ea129b429799f12197bf6cd8e218acb049ef54cfac94b729f544616bb168.png
bba0a97a71cce8e07936ef644b34bfd142fa06bd5a3e00c4affbf0596ceddf46,0,data/benign_original/benign/bba0a97a71cce8e07936ef644b34bfd142fa06bd5a3e00c4affbf0596ceddf46.png
16ae5983ca6e3f7bf893e0ba9ef44f2f46270a717abed860fdd56a7ad5cc8f77,1,data/malware_images/images/IcedID/16ae5983ca6e3f7bf893e0ba9ef44f2f46270a717abed860fdd56a7ad5cc8f77.png
bfbca42c8ee9c2745379f823f4d580aef54714de45a524e79a6bdd9363dfe3e4,1,data/malware_images/images/Trickbot/bfbca42c8ee9c2745379f823f4d580aef54714de45a524e79a6bdd9363dfe3e4.png
65ac2c8856b80610076d254d69358ffafe56bc2303e39bf8e8eb05958974d81f,1,data/malware_images/images/IcedID/65ac2c8856b80610076d254d69358ffafe56bc2303e39bf8e8eb05958974d81f.png
c83de41a9f25c4ea8f73f8c12116d3345c4bfde3f7aaf7ba6e8014cc1b9bfeb4,0,data/benign_original/benign/c83de41a9f25c4ea8f73f8c12116d3345c4bfde3f7aaf7ba6e8014cc1b9bfeb4.png
fcbc265fc2d42c2cf8ba5d9fb541f5390fdc531735741ec62c3d63527d5a84b1,0,data/benign_original/benign/fcbc265fc2d42c2cf8ba5d9fb541f5390fdc531735741ec62c3d63527d5a84b1.png
fee6cffaa1757fed53ab91c64f213e60debac465551a238e1ff32a6cf273d6ed,1,data/malware_images/images/IcedID/fee6cffaa1757fed53ab91c64f213e60debac465551a238e1ff32a6cf273d6ed.png
b34c70787aa3ae6bd7961d2b55548870698f371c0b4587a3202acd10a75319a7,0,data/benign_original/benign/b34c70787aa3ae6bd7961d2b55548870698f371c0b4587a3202acd10a75319a7.png
1fc92ff3532cbd0ec4cae9bbda015ed847f7687758c22ccf59e362f47e6a35cd,1,data/malware_images/images/njrat/1fc92ff3532cbd0ec4cae9bbda015ed847f7687758c22ccf59e362f47e6a35cd.png
47300c5428551b47d47e40c1e0b96460b2a0d4f5b370db241892381cece57260,1,data/malware_images/images/IcedID/47300c5428551b47d47e40c1e0b96460b2a0d4f5b370db241892381cece57260.png
796f08fccf73bea14f836e95d4712f6f8b4de114cfb4f5fcfd88ac29bd667324,1,data/malware_images/images/Gozi/796f08fccf73bea14f836e95d4712f6f8b4de114cfb4f5fcfd88ac29bd667324.png
bf55134f17b93d8ac4d8159a952bee17cb0c925f5256aa7f747c13e5f2d00661,0,data/benign_original/benign/bf55134f17b93d8ac4d8159a952bee17cb0c925f5256aa7f747c13e5f2d00661.png
6259ecedb1761b7412454f7dbc6ac1571701e276c49213e8a9b8fe70e03c546d,1,data/malware_images/images/njrat/6259ecedb1761b7412454f7dbc6ac1571701e276c49213e8a9b8fe70e03c546d.png
bae4c6ce281a4a3da4c10b77722ff7b136e7a5dcf27b97e1dedd60e4b345929d,0,data/benign_original/benign/bae4c6ce281a4a3da4c10b77722ff7b136e7a5dcf27b97e1dedd60e4b345929d.png
589aa89936b4f189f21e822e6eb2d1645903abf4e3c9c544712ad9b56a3c49b3,1,data/malware_images/images/njrat/589aa89936b4f189f21e822e6eb2d1645903abf4e3c9c544712ad9b56a3c49b3.png
3326e2110d9075fb1a1c2269afbe610d27e08ec6831fd25af4377787a3ce0c62,1,data/malware_images/images/Gozi/3326e2110d9075fb1a1c2269afbe610d27e08ec6831fd25af4377787a3ce0c62.png
5b70013de8ecc7b8abeb19d8f79778a9ce359a4c107f109f315633fc67839155,1,data/malware_images/images/IcedID/5b70013de8ecc7b8abeb19d8f79778a9ce359a4c107f109f315633fc67839155.png
eb0eae79a5be16ae43ca4152e1f17264104b447839d02e86103415b0eb91cecd,0,data/benign_original/benign/eb0eae79a5be16ae43ca4152e1f17264104b447839d02e86103415b0eb91cecd.png
436564b5e0223e8a953b527c86ca9184af8f2d97a8ef0e51193e8d343ae77c21,1,data/malware_images/images/IcedID/436564b5e0223e8a953b527c86ca9184af8f2d97a8ef0e51193e8d343ae77c21.png
4bbab96c26202aeb0698b83cfce1f0dcb99582b2d3ebfa1de170bfa283d0cde4,1,data/malware_images/images/GuLoader/4bbab96c26202aeb0698b83cfce1f0dcb99582b2d3ebfa1de170bfa283d0cde4.png
11033ee8e8022998137d1fa15b36d01396fbd071e4c456c7bbce7e92d394e71f,1,data/malware_images/images/Gozi/11033ee8e8022998137d1fa15b36d01396fbd071e4c456c7bbce7e92d394e71f.png
c8aacb7314fe061b16c0d1961f4071e144be9aa44e7e00cd89b9b6581aad6430,0,data/benign_original/benign/c8aacb7314fe061b16c0d1961f4071e144be9aa44e7e00cd89b9b6581aad6430.png
3ac7dd925933fb7373667fd14f76ecb73c546f18aa64f4343d5ffb37cdc61be5,1,data/malware_images/images/GuLoader/3ac7dd925933fb7373667fd14f76ecb73c546f18aa64f4343d5ffb37cdc61be5.png
cabb0d59325040f161a13b61e23ea4516fd12e922e787aff084b4e2743c20712,0,data/benign_original/benign/cabb0d59325040f161a13b61e23ea4516fd12e922e787aff084b4e2743c20712.png
e000c6685719c2b07355c1eddbfdae7c6794aa6c0ac883d34af33dfc8bf40779,0,data/benign_original/benign/e000c6685719c2b07355c1eddbfdae7c6794aa6c0ac883d34af33dfc8bf40779.png
db398b13ddead910fe85ec163f4d181eff03b13d946a5f022e2948921cfaa193,0,data/benign_original/benign/db398b13ddead910fe85ec163f4d181eff03b13d946a5f022e2948921cfaa193.png
c06b0392b3495f1d59122454c786a7036d1247613f55ab55f65dbb4aee6aebc1,1,data/malware_images/images/GuLoader/c06b0392b3495f1d59122454c786a7036d1247613f55ab55f65dbb4aee6aebc1.png
bbaeaa27a698c4da95a6032dc90f26563b9ae914692ee07606eca635046b7394,0,data/benign_original/benign/bbaeaa27a698c4da95a6032dc90f26563b9ae914692ee07606eca635046b7394.png
5bc0e27e86d9a4d5e7005669c12b97b56a42ac17fb5cc93de24f38527b5e97e1,1,data/malware_images/images/IcedID/5bc0e27e86d9a4d5e7005669c12b97b56a42ac17fb5cc93de24f38527b5e97e1.png
fa406d961f696b60ba9015b959923746318cebd8976b1c12db9ac200da4b3dc2,1,data/malware_images/images/njrat/fa406d961f696b60ba9015b959923746318cebd8976b1c12db9ac200da4b3dc2.png
585801ac3336bd64167c6694321862633666c02f2f040fb45b5828878572cf5e,0,data/benign_original/benign/585801ac3336bd64167c6694321862633666c02f2f040fb45b5828878572cf5e.png
b673fe4b24630367c6445dcf06e1eaf26363727c690078737e37aa88cc112ebb,0,data/benign_original/benign/b673fe4b24630367c6445dcf06e1eaf26363727c690078737e37aa88cc112ebb.png
bb0e4c445bc6bd15c674f00be5c4029672e718c628dac30a075b175e8c7b4b07,1,data/malware_images/images/Trickbot/bb0e4c445bc6bd15c674f00be5c4029672e718c628dac30a075b175e8c7b4b07.png
e0c1fb97e28bc9944bc045ee772dd8da34a985a9e410764734eacdb35429cd1b,1,data/malware_images/images/GuLoader/e0c1fb97e28bc9944bc045ee772dd8da34a985a9e410764734eacdb35429cd1b.png
7af173b5d9d2ef85d9e3fb5fff81ee3e29c7a65cd56150edc054b5a7b3775e5e,1,data/malware_images/images/njrat/7af173b5d9d2ef85d9e3fb5fff81ee3e29c7a65cd56150edc054b5a7b3775e5e.png
bdb7f88489766e317f82c3a9e4171eac231e5d024b506b3f6aa2e0b927c8eb5c,0,data/benign_original/benign/bdb7f88489766e317f82c3a9e4171eac231e5d024b506b3f6aa2e0b927c8eb5c.png
dd714cf6f5ca23fd527acfc46376103e910c3f64754584170f0051b1f2019421,0,data/benign_original/benign/dd714cf6f5ca23fd527acfc46376103e910c3f64754584170f0051b1f2019421.png
b427ab70f06e214ed9022f0b57f89a65339531df21a45336bef8aba8e873dde6,0,data/benign_original/benign/b427ab70f06e214ed9022f0b57f89a65339531df21a45336bef8aba8e873dde6.png
fdd1555a2b075c3aff73f82e4063cda7d93d013be9f410ff93f82d566fed36b6,0,data/benign_original/benign/fdd1555a2b075c3aff73f82e4063cda7d93d013be9f410ff93f82d566fed36b6.png
d33b4be881ec160c13f1d5d41a5cba350bdd9cbfd40f12e0fe22e5ffb996794a,0,data/benign_original/benign/d33b4be881ec160c13f1d5d41a5cba350bdd9cbfd40f12e0fe22e5ffb996794a.png
fc50ca3916cc2e7c9ac21ae4c86485740e5e467cd9dd06d577f5af2edcb05265,0,data/benign_original/benign/fc50ca3916cc2e7c9ac21ae4c86485740e5e467cd9dd06d577f5af2edcb05265.png
eebead1ef100b9dd432dab8d26f9735093a3b8c70018d0311c069ef38307fc8c,0,data/benign_original/benign/eebead1ef100b9dd432dab8d26f9735093a3b8c70018d0311c069ef38307fc8c.png
32a65cc801600cca9c7cb96dc86ff371856d15f27410acf92099b8a0c4b36520,1,data/malware_images/images/Heodo/32a65cc801600cca9c7cb96dc86ff371856d15f27410acf92099b8a0c4b36520.png
705e14735da74b107357a676c15b07c0f0c86888b8f98ba86e1029ff4e4858df,1,data/malware_images/images/IcedID/705e14735da74b107357a676c15b07c0f0c86888b8f98ba86e1029ff4e4858df.png
6876aa707adeeffbe08d86d26c6cf48b8d77d46c96f8ace28a523b0a846db38f,1,data/malware_images/images/GuLoader/6876aa707adeeffbe08d86d26c6cf48b8d77d46c96f8ace28a523b0a846db38f.png
f53226476a8190fb69a366544e4f394e50e487c429977165a5efdd9e1dbec83e,1,data/malware_images/images/Gozi/f53226476a8190fb69a366544e4f394e50e487c429977165a5efdd9e1dbec83e.png
080a382d362b7bc36365a369f6ff5755a38641e021fce3225eeda8e10e54964f,1,data/malware_images/images/GuLoader/080a382d362b7bc36365a369f6ff5755a38641e021fce3225eeda8e10e54964f.png
d691e5cea8635d0735ad118515000641e4d57709c1eb647a451768cf43807376,0,data/benign_original/benign/d691e5cea8635d0735ad118515000641e4d57709c1eb647a451768cf43807376.png
cedac345ab0bf53bbec3ba90e2e11f47a618bf07d9ea2c0e2defe3b0afda93f6,0,data/benign_original/benign/cedac345ab0bf53bbec3ba90e2e11f47a618bf07d9ea2c0e2defe3b0afda93f6.png
b0e6abdfa45c97cf45905a5a868cc97eb7a70b991694266c8ee90f906ddd3c51,0,data/benign_original/benign/b0e6abdfa45c97cf45905a5a868cc97eb7a70b991694266c8ee90f906ddd3c51.png
1ad0546886ab9c6508445747c872e6834a482b96a58847d782ec6031124c2a97,1,data/malware_images/images/Gozi/1ad0546886ab9c6508445747c872e6834a482b96a58847d782ec6031124c2a97.png
e4ca6b454b925474c480c41029720fd00678666b20890b718236e12b59e3bcea,0,data/benign_original/benign/e4ca6b454b925474c480c41029720fd00678666b20890b718236e12b59e3bcea.png
55b75d54b93531355eab96fdf3969d233fd3891125af6dea4acba5164920fae6,1,data/malware_images/images/njrat/55b75d54b93531355eab96fdf3969d233fd3891125af6dea4acba5164920fae6.png
734a4616715f4f911fb818747b166ab88e2e4c8a330bfaf7fdbabccd71a928ff,1,data/malware_images/images/Gozi/734a4616715f4f911fb818747b166ab88e2e4c8a330bfaf7fdbabccd71a928ff.png
c1536de933e06fd3832c008876559dc99dc38e3f4ec479e9512ceccb39c2f838,0,data/benign_original/benign/c1536de933e06fd3832c008876559dc99dc38e3f4ec479e9512ceccb39c2f838.png
fd658fd9be98ad5f4b5c87641cf5ded212b96c957c08b82c62187ada141cae02,0,data/benign_original/benign/fd658fd9be98ad5f4b5c87641cf5ded212b96c957c08b82c62187ada141cae02.png
ddc57315e6bab9fc46cc6c06faeab014aa1736655a350042f961db668ed23503,1,data/malware_images/images/njrat/ddc57315e6bab9fc46cc6c06faeab014aa1736655a350042f961db668ed23503.png
ad57fdea21b1f9e56e500568a6dba42e239fbed6bbc3e825ccf0342e6f1a9064,1,data/malware_images/images/GuLoader/ad57fdea21b1f9e56e500568a6dba42e239fbed6bbc3e825ccf0342e6f1a9064.png
c825554c7fd3d4616252ed1a31c998336b91f245204a7cfb26b312c7f322cd54,1,data/malware_images/images/Gozi/c825554c7fd3d4616252ed1a31c998336b91f245204a7cfb26b312c7f322cd54.png
524801975f071dc8562339fe68bc0094c94b0e4bfb936e4c4f7c0bf572f1720d,1,data/malware_images/images/njrat/524801975f071dc8562339fe68bc0094c94b0e4bfb936e4c4f7c0bf572f1720d.png
d12bac7fd4e2a959faf8ce3e77ef76dbc8f8d3eede4daee16ba75b503c1dacf5,0,data/benign_original/benign/d12bac7fd4e2a959faf8ce3e77ef76dbc8f8d3eede4daee16ba75b503c1dacf5.png
c1820a9e73d0e70f41102340c77de855a6b3128c4a2e346903a46c15dbd9043e,0,data/benign_original/benign/c1820a9e73d0e70f41102340c77de855a6b3128c4a2e346903a46c15dbd9043e.png
ed33c0d6adc56a8f255fc52254ef71f84bc2acfedad05b538aa16e4beed2cfae,0,data/benign_original/benign/ed33c0d6adc56a8f255fc52254ef71f84bc2acfedad05b538aa16e4beed2cfae.png
aac0ceb35662dc4a8886d87eadd69c8ac65ac1051dd106e8c7e63b2b51770c06,1,data/malware_images/images/Gozi/aac0ceb35662dc4a8886d87eadd69c8ac65ac1051dd106e8c7e63b2b51770c06.png
f0c47ac667c9be641db5db5c1b6c29559008ba13f83da1b62d783bbd86008c29,0,data/benign_original/benign/f0c47ac667c9be641db5db5c1b6c29559008ba13f83da1b62d783bbd86008c29.png
7239caab5ceb90675198409cb80934211e85be5e3cdf5f927a042b6850f40593,1,data/malware_images/images/Trickbot/7239caab5ceb90675198409cb80934211e85be5e3cdf5f927a042b6850f40593.png
b0f8dc822d65578387f44ef316f0b2b7b7b48ef2430532dad48bc50a7ce8fd8f,1,data/malware_images/images/Trickbot/b0f8dc822d65578387f44ef316f0b2b7b7b48ef2430532dad48bc50a7ce8fd8f.png
5c0bbadd1f37ba9e578b2de24cd2634667d7a3ad7e1bddd63af69a5e251e5e87,0,data/benign_original/benign/5c0bbadd1f37ba9e578b2de24cd2634667d7a3ad7e1bddd63af69a5e251e5e87.png
960817ef7a790473e5c3129f2f2231efe9f0ee05e9e6bb4c46dd0e38cc3d1fac,1,data/malware_images/images/Gozi/960817ef7a790473e5c3129f2f2231efe9f0ee05e9e6bb4c46dd0e38cc3d1fac.png
ef80fddede691b820977bf03f67f1553d65ab650a39e609fdb1775a0269cecbc,0,data/benign_original/benign/ef80fddede691b820977bf03f67f1553d65ab650a39e609fdb1775a0269cecbc.png
63c13808dd3fb9e628dd34b906d3094edac71f15999a7768473a35b32e2c55f0,1,data/malware_images/images/njrat/63c13808dd3fb9e628dd34b906d3094edac71f15999a7768473a35b32e2c55f0.png
ea2d23a8c4bc9ad4c34b8a20823f8b4db812fb1a7ed96b2cd4a7d67daa2bf2fa,1,data/malware_images/images/IcedID/ea2d23a8c4bc9ad4c34b8a20823f8b4db812fb1a7ed96b2cd4a7d67daa2bf2fa.png
bf4abbd6c8493a43e135ed4b711f0fc77b9677b72045ac61b9f771a092e2d842,0,data/benign_original/benign/bf4abbd6c8493a43e135ed4b711f0fc77b9677b72045ac61b9f771a092e2d842.png
fc240d60f454aa2aa5855bd54d20b90f17ffaa2c01ae7f20f24de7cb714996e0,0,data/benign_original/benign/fc240d60f454aa2aa5855bd54d20b90f17ffaa2c01ae7f20f24de7cb714996e0.png
a7faad48aa61bdc6c83f96af2bc7d10aa18cf189249b0eb2750515196c6907e4,1,data/malware_images/images/Trickbot/a7faad48aa61bdc6c83f96af2bc7d10aa18cf189249b0eb2750515196c6907e4.png
9aa0f2a8b7cf8b2943a8d95a4808170aeae514e14cd318f5e8ab200e6e846838,1,data/malware_images/images/Trickbot/9aa0f2a8b7cf8b2943a8d95a4808170aeae514e14cd318f5e8ab200e6e846838.png
bfb519827a549a0027924fca2a2b4122a75c3bbcb3fb0cf9be20f31e67ac4ab8,0,data/benign_original/benign/bfb519827a549a0027924fca2a2b4122a75c3bbcb3fb0cf9be20f31e67ac4ab8.png
537a8ea61616d62ed663a41078e2709f21698036d90668961ba6ebd16db08b86,1,data/malware_images/images/GuLoader/537a8ea61616d62ed663a41078e2709f21698036d90668961ba6ebd16db08b86.png
780673c4db852d1893f9fa1bb6acbb3a1f515abb5fb30cd41dfe3adc9fb05ef6,1,data/malware_images/images/Trickbot/780673c4db852d1893f9fa1bb6acbb3a1f515abb5fb30cd41dfe3adc9fb05ef6.png
b13aecd25a8f1a681033437ba831e13c01098c1cdfe721d24c9e2e80fe98c918,1,data/malware_images/images/Heodo/b13aecd25a8f1a681033437ba831e13c01098c1cdfe721d24c9e2e80fe98c918.png
ec266a01760b1a3921ae0267d744e2e1682b968be91416132e81396ee7304ff8,0,data/benign_original/benign/ec266a01760b1a3921ae0267d744e2e1682b968be91416132e81396ee7304ff8.png
b15e5e5b226ae9de579f9fcc0cb9b04c07c93925a7ea6d1589fc3f82e9a36f9b,0,data/benign_original/benign/b15e5e5b226ae9de579f9fcc0cb9b04c07c93925a7ea6d1589fc3f82e9a36f9b.png
c7b8db5ea7a01cf28ce3ca7e3b7da0b9806af2a3a916b399d0f00fd55eed59f0,0,data/benign_original/benign/c7b8db5ea7a01cf28ce3ca7e3b7da0b9806af2a3a916b399d0f00fd55eed59f0.png
e0a4280ea1f844aa28c808c5931e3e245730b70d3c8d6ff8d5c13eaaa7115980,1,data/malware_images/images/IcedID/e0a4280ea1f844aa28c808c5931e3e245730b70d3c8d6ff8d5c13eaaa7115980.png
cbe3062225faebf38b5f05aad6ebaddadccf5a41fda7e075d8264b2df7d66150,1,data/malware_images/images/IcedID/cbe3062225faebf38b5f05aad6ebaddadccf5a41fda7e075d8264b2df7d66150.png
e4ebf55791f69eabe2112483ca1227806f3603408af860e7eeea22a3cf810252,0,data/benign_original/benign/e4ebf55791f69eabe2112483ca1227806f3603408af860e7eeea22a3cf810252.png
ce68377c3cbfec7f246735b160fe1f524de9078067f968ff1f4560d16eb4ff0a,1,data/malware_images/images/Trickbot/ce68377c3cbfec7f246735b160fe1f524de9078067f968ff1f4560d16eb4ff0a.png
edcd20c4df5b62fd19e27d90f28e4548bbb33dc8e726103236c7d04106896f0d,0,data/benign_original/benign/edcd20c4df5b62fd19e27d90f28e4548bbb33dc8e726103236c7d04106896f0d.png
ecfe29ac7905d40cd43e79c1ade25e12c3d01827a49f4a6a7abbea2b65eae839,1,data/malware_images/images/IcedID/ecfe29ac7905d40cd43e79c1ade25e12c3d01827a49f4a6a7abbea2b65eae839.png
484b37c91fa9737deb4621d7adaec989419ba06a4e97ae797b7fa6fdbfaf3e67,1,data/malware_images/images/Gozi/484b37c91fa9737deb4621d7adaec989419ba06a4e97ae797b7fa6fdbfaf3e67.png
33c5a08fb1cfffb3bed317c39ce1ad2fc81d87f9c17a603f648b5e9f566fc012,1,data/malware_images/images/Trickbot/33c5a08fb1cfffb3bed317c39ce1ad2fc81d87f9c17a603f648b5e9f566fc012.png
af4263e2df162d5434f068dccbc27db89a001e92bcf471517dc284cf77f79b4c,0,data/benign_original/benign/af4263e2df162d5434f068dccbc27db89a001e92bcf471517dc284cf77f79b4c.png
694b68741d9ce9e85a21b1a8d4c4a8b99276cfe35ee516e540dd93c19c4fc81e,1,data/malware_images/images/njrat/694b68741d9ce9e85a21b1a8d4c4a8b99276cfe35ee516e540dd93c19c4fc81e.png
de0f7eda12da18919cf045bdb8de6c5dcf8b8be67262009bbfef26bc5f2bff2c,0,data/benign_original/benign/de0f7eda12da18919cf045bdb8de6c5dcf8b8be67262009bbfef26bc5f2bff2c.png
bb6003e6f7b67de9386bcee8196fa2c888953677f6a115eff50d46aa774deaeb,0,data/benign_original/benign/bb6003e6f7b67de9386bcee8196fa2c888953677f6a115eff50d46aa774deaeb.png
b027da96876ad81302d728506e388c19985ba46cd23566a2dd1818f9ecfd6458,0,data/benign_original/benign/b027da96876ad81302d728506e388c19985ba46cd23566a2dd1818f9ecfd6458.png
1f5672777a723b52064ff3876f7d582c524483a5205eb509a9aa6c5566fd4f71,1,data/malware_images/images/IcedID/1f5672777a723b52064ff3876f7d582c524483a5205eb509a9aa6c5566fd4f71.png
c9184cd0945a70f8e6311343079aeaca1ce7b0b2a44d0633568d6877cf10cdc8,0,data/benign_original/benign/c9184cd0945a70f8e6311343079aeaca1ce7b0b2a44d0633568d6877cf10cdc8.png
c369191414e5484357e8e71b5b3f0a02900b1139f2c8136cd48a1232d03c1d66,1,data/malware_images/images/Trickbot/c369191414e5484357e8e71b5b3f0a02900b1139f2c8136cd48a1232d03c1d66.png
773aa5b68a126af1a081d2dec61ffceb4275cfd7ffbdbee413a3021aece50811,1,data/malware_images/images/Trickbot/773aa5b68a126af1a081d2dec61ffceb4275cfd7ffbdbee413a3021aece50811.png
e1b7d6bb1eaa44f556d431dd44942bce83cc2f4c30ea6959bb4de9acde215dcd,0,data/benign_original/benign/e1b7d6bb1eaa44f556d431dd44942bce83cc2f4c30ea6959bb4de9acde215dcd.png
f3d9874966306d5be6a8491ca11c4ad02ccb0673f4d832f2fdf1c7a4844dca9b,1,data/malware_images/images/Heodo/f3d9874966306d5be6a8491ca11c4ad02ccb0673f4d832f2fdf1c7a4844dca9b.png
e337d3b32d72a365719f30bc90f09aa06b94de08843dfcf8b9bea2e939158aaa,0,data/benign_original/benign/e337d3b32d72a365719f30bc90f09aa06b94de08843dfcf8b9bea2e939158aaa.png
be01298dd267a223a6542f341577d74d2dc0c6434974aabf8a5d05244afa1db6,0,data/benign_original/benign/be01298dd267a223a6542f341577d74d2dc0c6434974aabf8a5d05244afa1db6.png
d31fe9eab4cd3ea11e2023ce56c52eaee2ae1db97a83a8ed48ffa56db204572d,0,data/benign_original/benign/d31fe9eab4cd3ea11e2023ce56c52eaee2ae1db97a83a8ed48ffa56db204572d.png
9e4570851f44cadcd300201d37c67c82bf8d62c435cfbfc073c01c8aa06f8b44,0,data/benign_original/benign/9e4570851f44cadcd300201d37c67c82bf8d62c435cfbfc073c01c8aa06f8b44.png
02bba588a27c4981983117d23945d68b369c83210cfa783b02655eabdba49c18,1,data/malware_images/images/IcedID/02bba588a27c4981983117d23945d68b369c83210cfa783b02655eabdba49c18.png
cf817b338296b15fce5a005eb381a8e6de06dc6286d984c98fbcbbf1f7b94c69,1,data/malware_images/images/Trickbot/cf817b338296b15fce5a005eb381a8e6de06dc6286d984c98fbcbbf1f7b94c69.png
435b9b9db1b24d22639c266c03b9cebb3c4a03c3137f1fbab8663e0932f1b220,1,data/malware_images/images/njrat/435b9b9db1b24d22639c266c03b9cebb3c4a03c3137f1fbab8663e0932f1b220.png
dffadc51f22f23954829fe176c473117a237eed1df0485bdb0cbe57654e2ea71,1,data/malware_images/images/Trickbot/dffadc51f22f23954829fe176c473117a237eed1df0485bdb0cbe57654e2ea71.png
e02ce2fd3f6b85b8375e889bfdbbe2684c8855260f24a46880169a629b373bc4,1,data/malware_images/images/Trickbot/e02ce2fd3f6b85b8375e889bfdbbe2684c8855260f24a46880169a629b373bc4.png
b40613d1ca622a946e39455605464de028cf00097f93c4cf196365c338af88ee,0,data/benign_original/benign/b40613d1ca622a946e39455605464de028cf00097f93c4cf196365c338af88ee.png
c8a0eebccc746daef3270ddd170d030ddee6f9c6ac09dc6a41b4d5fb6b1aa4d6,0,data/benign_original/benign/c8a0eebccc746daef3270ddd170d030ddee6f9c6ac09dc6a41b4d5fb6b1aa4d6.png
4765a94545adbec8093daf3ecacb18c83d559996a847abe236816b3d1afa5032,1,data/malware_images/images/Trickbot/4765a94545adbec8093daf3ecacb18c83d559996a847abe236816b3d1afa5032.png
d27635d0812baa5172fea2a1b4caec83a7d972a72a8171bf67ec0de5ff422ba5,0,data/benign_original/benign/d27635d0812baa5172fea2a1b4caec83a7d972a72a8171bf67ec0de5ff422ba5.png
ba33e01c7b05251aacb3b01d1a435bf67b6adedfa0b2394989221998fbee87c3,0,data/benign_original/benign/ba33e01c7b05251aacb3b01d1a435bf67b6adedfa0b2394989221998fbee87c3.png
8f304f1b8b0c4ec46ed8208282edb7b1e3b22c19ff51c2173369450b8c15c783,1,data/malware_images/images/Gozi/8f304f1b8b0c4ec46ed8208282edb7b1e3b22c19ff51c2173369450b8c15c783.png
b49ae31d5c487bd069a16e2c634055cd9da325aebaba70a541499431a319b2cd,0,data/benign_original/benign/b49ae31d5c487bd069a16e2c634055cd9da325aebaba70a541499431a319b2cd.png
afa8c23ac5d9fc6fbe15cd6baf1b64c40efd1c62c9ddefe88329d26551db32f2,1,data/malware_images/images/GuLoader/afa8c23ac5d9fc6fbe15cd6baf1b64c40efd1c62c9ddefe88329d26551db32f2.png
fffe29a16f9f4f06318d753e6941bd4bc57f638a8dfd212fd8212d8ee1313647,1,data/malware_images/images/GuLoader/fffe29a16f9f4f06318d753e6941bd4bc57f638a8dfd212fd8212d8ee1313647.png
f1e1cf3d92002aecef56863484fd7fe01b72b745824306127b14c0bfe872940c,0,data/benign_original/benign/f1e1cf3d92002aecef56863484fd7fe01b72b745824306127b14c0bfe872940c.png
d4da5b6d61589120fc5c481e47581451b84c9566177866e03909cd9e42af7cc3,0,data/benign_original/benign/d4da5b6d61589120fc5c481e47581451b84c9566177866e03909cd9e42af7cc3.png
eddd51c800bcea950c5ecb68356c2031f0903a5a070b108ac87a9eb1289588eb,1,data/malware_images/images/njrat/eddd51c800bcea950c5ecb68356c2031f0903a5a070b108ac87a9eb1289588eb.png
d4e983a5d00c583477898ddaca3c6271c263dcc5e5742d3ee285e8bc5297b620,0,data/benign_original/benign/d4e983a5d00c583477898ddaca3c6271c263dcc5e5742d3ee285e8bc5297b620.png
b0d9f78957650a0bc42b0bf646e3d158f713de64ee5e6ab395cf777e93a7a240,1,data/malware_images/images/Gozi/b0d9f78957650a0bc42b0bf646e3d158f713de64ee5e6ab395cf777e93a7a240.png
b522238e2200f8bffc40de7b122e203804c448ea9b81ffe2b094eaacefbbe075,0,data/benign_original/benign/b522238e2200f8bffc40de7b122e203804c448ea9b81ffe2b094eaacefbbe075.png
c54497796f03026574e6a62ee8aadd0fd3e722adecf10677c91272c1672d8d8a,0,data/benign_original/benign/c54497796f03026574e6a62ee8aadd0fd3e722adecf10677c91272c1672d8d8a.png
e776675b64c647672dd8c6b9f31841630b3a4d6795fbec1ccef8c12fab7480f3,1,data/malware_images/images/GuLoader/e776675b64c647672dd8c6b9f31841630b3a4d6795fbec1ccef8c12fab7480f3.png
f63028470ef4600a98e51a23740a6f49a3dd0ef7fa98d451fe14fe6ae2914874,1,data/malware_images/images/GuLoader/f63028470ef4600a98e51a23740a6f49a3dd0ef7fa98d451fe14fe6ae2914874.png
cd80e0f0caad04a145e8da97b4478c1d0374e2e7b7eb82471c0c2e67089d2965,0,data/benign_original/benign/cd80e0f0caad04a145e8da97b4478c1d0374e2e7b7eb82471c0c2e67089d2965.png
4d626408b478dcfb8a8b7ea673ae1cfcd706f860adad35fa1e56873d96d00b43,1,data/malware_images/images/Trickbot/4d626408b478dcfb8a8b7ea673ae1cfcd706f860adad35fa1e56873d96d00b43.png
b00a45490d4b77680f7128abdfa212fb52e473faef1d74aae0d6ea30a51479bc,1,data/malware_images/images/Gozi/b00a45490d4b77680f7128abdfa212fb52e473faef1d74aae0d6ea30a51479bc.png
ef1714412811eefd77ce77e49efeca53fd2a45b6c436bb44b4876ab623c32f04,0,data/benign_original/benign/ef1714412811eefd77ce77e49efeca53fd2a45b6c436bb44b4876ab623c32f04.png
ce99f68ce19ca7f2796a6a28b7a9ec37d69b7ad493ef4a1981d471fd7bb5bf0b,0,data/benign_original/benign/ce99f68ce19ca7f2796a6a28b7a9ec37d69b7ad493ef4a1981d471fd7bb5bf0b.png
fa751279651f9e4ac9597b9b38bca7f47dffe1ce47b400914667f6b03585e4d5,1,data/malware_images/images/GuLoader/fa751279651f9e4ac9597b9b38bca7f47dffe1ce47b400914667f6b03585e4d5.png
bc1667252625ee09b6b5c20a6dede17031a055f06d94dd12c66bed50084dd3dd,0,data/benign_original/benign/bc1667252625ee09b6b5c20a6dede17031a055f06d94dd12c66bed50084dd3dd.png
eb0ded63a40ef4d8b2e2a78bca52a8a8f74b8a2394867bb8547223b15af380aa,0,data/benign_original/benign/eb0ded63a40ef4d8b2e2a78bca52a8a8f74b8a2394867bb8547223b15af380aa.png
84beed8f333f7914a09a464f7973292832291e60c97bf7b13721c5824d9a7c73,1,data/malware_images/images/Trickbot/84beed8f333f7914a09a464f7973292832291e60c97bf7b13721c5824d9a7c73.png
66e7d39f7a58302c94e7b06b2dfa5933d52a5774f9b72248d74d5688bfa601f3,1,data/malware_images/images/IcedID/66e7d39f7a58302c94e7b06b2dfa5933d52a5774f9b72248d74d5688bfa601f3.png
8ddbcf634ba4b8a974b62ccb66b9d275440268c2eae48a5c75278f5c7b83196f,1,data/malware_images/images/Gozi/8ddbcf634ba4b8a974b62ccb66b9d275440268c2eae48a5c75278f5c7b83196f.png
d44fbafaca41c8054dbe8a64a5bab21bad4cd05e8f4023a8d1db32ec9f4a442c,1,data/malware_images/images/njrat/d44fbafaca41c8054dbe8a64a5bab21bad4cd05e8f4023a8d1db32ec9f4a442c.png
367cea47389b6d5211595ae88454d9589aa8c996f5e765904ffede434424af22,0,data/benign_original/benign/367cea47389b6d5211595ae88454d9589aa8c996f5e765904ffede434424af22.png
d13d3a17a112ed7e8bb65ef7bfc647c4c9feb7be86909490906d7ca7a0f428e6,0,data/benign_original/benign/d13d3a17a112ed7e8bb65ef7bfc647c4c9feb7be86909490906d7ca7a0f428e6.png
f4d04752d24653b6db7433efcfe034e4c852740203ae127a2ccfc09f6ebfee90,1,data/malware_images/images/Trickbot/f4d04752d24653b6db7433efcfe034e4c852740203ae127a2ccfc09f6ebfee90.png
388434b09d362239da7eb430f274116846047938fc98db8aee6f97703fbeb9ff,0,data/benign_original/benign/388434b09d362239da7eb430f274116846047938fc98db8aee6f97703fbeb9ff.png
abadd632db1cf8acf22193076cd16723e810eb7447dc195c5e38669e45dfb9bf,1,data/malware_images/images/Trickbot/abadd632db1cf8acf22193076cd16723e810eb7447dc195c5e38669e45dfb9bf.png
10ddc91db7463138fee1d01c97d4b540168557dad58e2dfee8cb1393497bde3a,0,data/benign_original/benign/10ddc91db7463138fee1d01c97d4b540168557dad58e2dfee8cb1393497bde3a.png
b2485de94c51ff3823b459f8918829182ec1102ab0b043a9d1f9eb6f3404f016,1,data/malware_images/images/IcedID/b2485de94c51ff3823b459f8918829182ec1102ab0b043a9d1f9eb6f3404f016.png
ea0c7413fc57ad741f3ee7667bf60e87068c0a55db1ad6f601d571541b0fa47d,0,data/benign_original/benign/ea0c7413fc57ad741f3ee7667bf60e87068c0a55db1ad6f601d571541b0fa47d.png
0d6ae470c3a3700a88b9a1c42d6216e0e0dd9ba7005c3fe8c7cdaa1108408fab,1,data/malware_images/images/GuLoader/0d6ae470c3a3700a88b9a1c42d6216e0e0dd9ba7005c3fe8c7cdaa1108408fab.png
0b3bf5ad8bfe320a994011d959869bf34bac57e00579e7c3febc235e1fb71480,1,data/malware_images/images/Gozi/0b3bf5ad8bfe320a994011d959869bf34bac57e00579e7c3febc235e1fb71480.png
844a12cfd459a87c3783fa13b53002be8b8de89e492a0e597abc71643c633546,1,data/malware_images/images/Gozi/844a12cfd459a87c3783fa13b53002be8b8de89e492a0e597abc71643c633546.png
bb9e021568b98d6e432f84365fd7de3ff82caa7286b3ca19c975d56d6e299e2b,0,data/benign_original/benign/bb9e021568b98d6e432f84365fd7de3ff82caa7286b3ca19c975d56d6e299e2b.png
faaa0098ad3de31c95506576653962bf783bdf347b6d22255d707561e30c5350,1,data/malware_images/images/Trickbot/faaa0098ad3de31c95506576653962bf783bdf347b6d22255d707561e30c5350.png
ec1f45f92824505deb660f6c812a6e62b1a5e7551f634b4a5ff4566b3dca6a84,1,data/malware_images/images/GuLoader/ec1f45f92824505deb660f6c812a6e62b1a5e7551f634b4a5ff4566b3dca6a84.png
6e8f4fb9b1d1fd93bbd22643e512a649e93139c0f521ef5984f307df8f7d04ce,1,data/malware_images/images/njrat/6e8f4fb9b1d1fd93bbd22643e512a649e93139c0f521ef5984f307df8f7d04ce.png
42bfa63347028e76511fd19386a2e70aa852a4c2e0616fd80861cce76431d97b,1,data/malware_images/images/Gozi/42bfa63347028e76511fd19386a2e70aa852a4c2e0616fd80861cce76431d97b.png
fe85af963288dbb292408a000243dadfc21690d58439373227230cfd111b6090,0,data/benign_original/benign/fe85af963288dbb292408a000243dadfc21690d58439373227230cfd111b6090.png
41372f3f369d6be620fd69cb01d60a6fd28c9094e6ce647a0abe941f4b79010b,1,data/malware_images/images/njrat/41372f3f369d6be620fd69cb01d60a6fd28c9094e6ce647a0abe941f4b79010b.png
6b0251bbe60191540acfc4204ce683244a9f8c7e7e913dd3e08920b519d0288d,1,data/malware_images/images/Gozi/6b0251bbe60191540acfc4204ce683244a9f8c7e7e913dd3e08920b519d0288d.png
536abc6d36a44a42c41263b0b470a5d2db75b9291585ae4efd94190c08c1c233,0,data/benign_original/benign/536abc6d36a44a42c41263b0b470a5d2db75b9291585ae4efd94190c08c1c233.png
e5b21741f461044b756e1317f1651b9e5c1917af8ae7d664f6acf48284a34b56,0,data/benign_original/benign/e5b21741f461044b756e1317f1651b9e5c1917af8ae7d664f6acf48284a34b56.png
23386407de894b70cb13e825420b7add88856cef0a2481883b79068cc4276369,0,data/benign_original/benign/23386407de894b70cb13e825420b7add88856cef0a2481883b79068cc4276369.png
fc0ffda44e2748b424639a1592356cc209abf6045a8d6a069f5f562ea1f31763,1,data/malware_images/images/njrat/fc0ffda44e2748b424639a1592356cc209abf6045a8d6a069f5f562ea1f31763.png
ecf71d13c92917057ffda38e531ac2533079aacd48e34cee5305447a0d02e49e,0,data/benign_original/benign/ecf71d13c92917057ffda38e531ac2533079aacd48e34cee5305447a0d02e49e.png
8cf3dc280b9befd0da1fcabf7af236f775623868a1703091c65a906973290271,1,data/malware_images/images/Trickbot/8cf3dc280b9befd0da1fcabf7af236f775623868a1703091c65a906973290271.png
f5bf2c73051f9b80a32343a76144ddcaba4d3136ed866ec3a95c9317507ce813,0,data/benign_original/benign/f5bf2c73051f9b80a32343a76144ddcaba4d3136ed866ec3a95c9317507ce813.png
a8e7f9617d12eb7744754bc45068f3fa96527542655a51571d5e43805d75508f,0,data/benign_original/benign/a8e7f9617d12eb7744754bc45068f3fa96527542655a51571d5e43805d75508f.png
ae484f4c0341f050d40d3e148be8d11ce86358349ddf3100dbf7d605780a5f95,0,data/benign_original/benign/ae484f4c0341f050d40d3e148be8d11ce86358349ddf3100dbf7d605780a5f95.png
967848f0c53330a28e0d11b30a7fa641ab7359f6f2accc7b1f8aa4c60667845a,1,data/malware_images/images/Trickbot/967848f0c53330a28e0d11b30a7fa641ab7359f6f2accc7b1f8aa4c60667845a.png
c405c498ac7df4a60feb02897a5817c51f3b0745d81774a9b52008aa58d73cba,0,data/benign_original/benign/c405c498ac7df4a60feb02897a5817c51f3b0745d81774a9b52008aa58d73cba.png
d0ac54e76f0a41181ce801a792447ac8d22c22d02ddce055b5eb8be6a0430ebb,0,data/benign_original/benign/d0ac54e76f0a41181ce801a792447ac8d22c22d02ddce055b5eb8be6a0430ebb.png
b244a5c3b211a477a04581e31e698f3d93c9a404170659fb84665459b097e013,0,data/benign_original/benign/b244a5c3b211a477a04581e31e698f3d93c9a404170659fb84665459b097e013.png
e24604dafc14382d978ace4a746a752b8a82b513c6e7ebe80fa28d15cb8b144d,0,data/benign_original/benign/e24604dafc14382d978ace4a746a752b8a82b513c6e7ebe80fa28d15cb8b144d.png
997ea048859835fd05d1128129c37370fa9d8144a9f264ffa3d260f549936ae1,1,data/malware_images/images/njrat/997ea048859835fd05d1128129c37370fa9d8144a9f264ffa3d260f549936ae1.png
dd5233152a8dc1dfc6f6766012c247bda4eb11361a8adc6d6d233ffb714601ad,0,data/benign_original/benign/dd5233152a8dc1dfc6f6766012c247bda4eb11361a8adc6d6d233ffb714601ad.png
79757dd2054f493da9edce3fb48b61c339471d288f432277b26a3fba928f72af,1,data/malware_images/images/Gozi/79757dd2054f493da9edce3fb48b61c339471d288f432277b26a3fba928f72af.png
eded051f1ed0cf3355b6049c8c5a0396c7449ef41d9e0032556ed70a721e1a2b,1,data/malware_images/images/IcedID/eded051f1ed0cf3355b6049c8c5a0396c7449ef41d9e0032556ed70a721e1a2b.png
ba1c42cbe3d349ffe0744fb1739b5544a3ade3f14613645c381a3cd236f19fb1,0,data/benign_original/benign/ba1c42cbe3d349ffe0744fb1739b5544a3ade3f14613645c381a3cd236f19fb1.png
d6b9ef1d19cef2df1e512a729d0370664707be3f903ab36d952277d4e8c6b626,0,data/benign_original/benign/d6b9ef1d19cef2df1e512a729d0370664707be3f903ab36d952277d4e8c6b626.png
c77794591c6aa2090a492ae0441c6e4f010f03b3f746cf99743f021a73f9a4f8,0,data/benign_original/benign/c77794591c6aa2090a492ae0441c6e4f010f03b3f746cf99743f021a73f9a4f8.png
d0f6c390bb689717a38e5217ea689a8c286f821b99c43afa6eb3945e81d42a17,0,data/benign_original/benign/d0f6c390bb689717a38e5217ea689a8c286f821b99c43afa6eb3945e81d42a17.png
cda3ad0b204b3206929e2ac16aa8a3e4a99b849fffc3575d509402619885dc11,0,data/benign_original/benign/cda3ad0b204b3206929e2ac16aa8a3e4a99b849fffc3575d509402619885dc11.png
f6da03fc44aa2f93a6c5061a2327d17a861584f949faf1f6c2610b4e931ca30e,0,data/benign_original/benign/f6da03fc44aa2f93a6c5061a2327d17a861584f949faf1f6c2610b4e931ca30e.png
1629630cf717f6abe87bd15813ff693441ea6ea32785c08eb88fe82c9e05f45f,0,data/benign_original/benign/1629630cf717f6abe87bd15813ff693441ea6ea32785c08eb88fe82c9e05f45f.png
c7b1c8b5ed347ef570625b3322cc293e4fac17f91e1b3d455d4044315af0280d,0,data/benign_original/benign/c7b1c8b5ed347ef570625b3322cc293e4fac17f91e1b3d455d4044315af0280d.png
fd9ed4c7107c4fb86d348d13f7e6c3b6c23e6c12084adc45ddfef4bc2ef2fbaf,1,data/malware_images/images/IcedID/fd9ed4c7107c4fb86d348d13f7e6c3b6c23e6c12084adc45ddfef4bc2ef2fbaf.png
75e2ea55ca10ebe7d2b199437ed849ec917f35b068fe7a3a578a3e9e567e570d,1,data/malware_images/images/Heodo/75e2ea55ca10ebe7d2b199437ed849ec917f35b068fe7a3a578a3e9e567e570d.png
7b4cd1ee97883ef51303a736c76ea5c3979874bb0a8abfcb7d3e331b6098acfc,1,data/malware_images/images/IcedID/7b4cd1ee97883ef51303a736c76ea5c3979874bb0a8abfcb7d3e331b6098acfc.png
b1cce5c3801487b851b808c16590f54937f9c36d668b9fcc2146c3d2d2040d97,1,data/malware_images/images/GuLoader/b1cce5c3801487b851b808c16590f54937f9c36d668b9fcc2146c3d2d2040d97.png
efd067033bf40dd7320190ef8d79e37b9c8daaa64008f655117cf5ce21890df7,0,data/benign_original/benign/efd067033bf40dd7320190ef8d79e37b9c8daaa64008f655117cf5ce21890df7.png
05e88f52a5ac42c04d7824dbda4fee1a939614d03eee680ed5ca0edfe11e3f38,1,data/malware_images/images/Trickbot/05e88f52a5ac42c04d7824dbda4fee1a939614d03eee680ed5ca0edfe11e3f38.png
b3327cd3a71a4cc2a246aa5bd36c23c738d88f1724d0ea2f4f550623c9daf55e,0,data/benign_original/benign/b3327cd3a71a4cc2a246aa5bd36c23c738d88f1724d0ea2f4f550623c9daf55e.png
e6ee20674aadf7e0f7fdfb20f775dbb17ac441d8562fba5e91bdc72c7912b870,1,data/malware_images/images/Trickbot/e6ee20674aadf7e0f7fdfb20f775dbb17ac441d8562fba5e91bdc72c7912b870.png
32efd8a44c8da37a7745a1a79ff3a6ed96080ab1926c5d106af84b22e5a40fd8,1,data/malware_images/images/Trickbot/32efd8a44c8da37a7745a1a79ff3a6ed96080ab1926c5d106af84b22e5a40fd8.png
3c172bbc015419b4278bdfa6de0002f5ca2aefd656af3f08674eb225a847df04,1,data/malware_images/images/Heodo/3c172bbc015419b4278bdfa6de0002f5ca2aefd656af3f08674eb225a847df04.png
442d78026c79b7e7d286305f327bd2507d59ebe3c529555321997a4c4565143c,1,data/malware_images/images/Trickbot/442d78026c79b7e7d286305f327bd2507d59ebe3c529555321997a4c4565143c.png
1bc446627840ea96db5bec05fb7023e4577c8108167a46a846a42c9f25bd924a,1,data/malware_images/images/njrat/1bc446627840ea96db5bec05fb7023e4577c8108167a46a846a42c9f25bd924a.png
d3490e778e6bab64c1e2e10632335a0f6c58c86155599b22e6b184cf4bf78d83,1,data/malware_images/images/Trickbot/d3490e778e6bab64c1e2e10632335a0f6c58c86155599b22e6b184cf4bf78d83.png
ebb320d7233136b0a28d5da9ab363486bd8c4b6f00700ba4dd46f2009fef63d6,0,data/benign_original/benign/ebb320d7233136b0a28d5da9ab363486bd8c4b6f00700ba4dd46f2009fef63d6.png
ee73382c91d28b532fbdb34860ba60ee69c73ffea44bc0ea9fd3936ff5213376,0,data/benign_original/benign/ee73382c91d28b532fbdb34860ba60ee69c73ffea44bc0ea9fd3936ff5213376.png
fc79342ba16bd9215894736010cbad1c8eff963532b82339eda85388ba155a6e,0,data/benign_original/benign/fc79342ba16bd9215894736010cbad1c8eff963532b82339eda85388ba155a6e.png
cf8f8d4ffb0ad717ab876bafb52c70d11e68b145306ade8ddd72329259ea3c15,0,data/benign_original/benign/cf8f8d4ffb0ad717ab876bafb52c70d11e68b145306ade8ddd72329259ea3c15.png
c97e202a04588adecad428ce6fce048121e0fbd426a49108fa3f874308951249,0,data/benign_original/benign/c97e202a04588adecad428ce6fce048121e0fbd426a49108fa3f874308951249.png
8dede50daa346a1eaf097717e3cdd6e7ce8c8f29b02553f8958e4a1e1a907268,1,data/malware_images/images/Trickbot/8dede50daa346a1eaf097717e3cdd6e7ce8c8f29b02553f8958e4a1e1a907268.png
b03ee3cd51b1e4a6350002304a939fc50d11783bf62d24dd39ad3bfab613c746,0,data/benign_original/benign/b03ee3cd51b1e4a6350002304a939fc50d11783bf62d24dd39ad3bfab613c746.png
9bdf64fe759aafdc29481016f060ff544b9db46ed657e8d3a848827210fa048a,1,data/malware_images/images/GuLoader/9bdf64fe759aafdc29481016f060ff544b9db46ed657e8d3a848827210fa048a.png
3ca77dc8400da29c4c643a0241339c6f5eb8f60929ced7fb84f7a13e02b2220a,0,data/benign_original/benign/3ca77dc8400da29c4c643a0241339c6f5eb8f60929ced7fb84f7a13e02b2220a.png
42ad5682ca815e21b8c44e3863b202e47ad3bcda209c0bc8484922d6dbdf31d5,0,data/benign_original/benign/42ad5682ca815e21b8c44e3863b202e47ad3bcda209c0bc8484922d6dbdf31d5.png
f12049965ebca86fd2d5b094273aaaa2bfd299f67856d168252f8b927f2f7bec,1,data/malware_images/images/GuLoader/f12049965ebca86fd2d5b094273aaaa2bfd299f67856d168252f8b927f2f7bec.png
dd0f1e023373fcd022c22c419b893c91bacc90e3a5731c9dfedc95ebab942622,0,data/benign_original/benign/dd0f1e023373fcd022c22c419b893c91bacc90e3a5731c9dfedc95ebab942622.png
5e7a38f0b3590df5e5476eee02ca0bfe015beedfc1663a85d72d888604fefcc3,0,data/benign_original/benign/5e7a38f0b3590df5e5476eee02ca0bfe015beedfc1663a85d72d888604fefcc3.png
bb0af7c13795f2a7d2df463076f8c21ec8af2a5e302cf9ed3352b27c16499623,1,data/malware_images/images/Trickbot/bb0af7c13795f2a7d2df463076f8c21ec8af2a5e302cf9ed3352b27c16499623.png
e156cfda48e4b351cdac04d9cd2de4a204d3f851423ed9cea77c41ef6ec5e8f7,0,data/benign_original/benign/e156cfda48e4b351cdac04d9cd2de4a204d3f851423ed9cea77c41ef6ec5e8f7.png
eec7059ed0ba0a6d9e1561ea65ced6b9075ac19aab1f5b0a078db9a3d2ef563a,0,data/benign_original/benign/eec7059ed0ba0a6d9e1561ea65ced6b9075ac19aab1f5b0a078db9a3d2ef563a.png
f3888cf05eecb4c22ef99d7aa7c5f8c4f61f055ff2807d57a6cc3738713a4ed9,0,data/benign_original/benign/f3888cf05eecb4c22ef99d7aa7c5f8c4f61f055ff2807d57a6cc3738713a4ed9.png
7e583c93312343cdae6b536e554bb45b66445e570c8bd0cede093bd6d22d5c2f,1,data/malware_images/images/Trickbot/7e583c93312343cdae6b536e554bb45b66445e570c8bd0cede093bd6d22d5c2f.png
c6a8bf6d01ad0c08b4654771bc4574b8a2932eb4010379e9f13ebb09d06d3aea,0,data/benign_original/benign/c6a8bf6d01ad0c08b4654771bc4574b8a2932eb4010379e9f13ebb09d06d3aea.png
399e787d965d9efb81d1c934e778a8eda138a306b82ffd27b5d6d595ea260a73,1,data/malware_images/images/Gozi/399e787d965d9efb81d1c934e778a8eda138a306b82ffd27b5d6d595ea260a73.png
0f5ef5aac0e69bd0ed2bcd83c58340dce56485048848a7228669e50d7ffe31fb,1,data/malware_images/images/Trickbot/0f5ef5aac0e69bd0ed2bcd83c58340dce56485048848a7228669e50d7ffe31fb.png
be5b4ddf5750ba6f716f0b0424d69b591cc27a7fecdb350f48f31dffdebba72c,0,data/benign_original/benign/be5b4ddf5750ba6f716f0b0424d69b591cc27a7fecdb350f48f31dffdebba72c.png
912790d045d0e672bfb1069b453c50e22f1ab7b5d728c364ac3c5cdd05e85c4e,1,data/malware_images/images/Trickbot/912790d045d0e672bfb1069b453c50e22f1ab7b5d728c364ac3c5cdd05e85c4e.png
17227b4ae81515ead8350f27fd385732d18bb83ef3079940fbffd0fe3621f8da,1,data/malware_images/images/njrat/17227b4ae81515ead8350f27fd385732d18bb83ef3079940fbffd0fe3621f8da.png
6bf6ce66b3cf86b96f4764a7908154290ca9f14915508da83d1676f14f54d097,0,data/benign_original/benign/6bf6ce66b3cf86b96f4764a7908154290ca9f14915508da83d1676f14f54d097.png
1accf6605bf18e60fb0bf11087a21417eddfb26e16d396dbca7658ec4d6e7c88,0,data/benign_original/benign/1accf6605bf18e60fb0bf11087a21417eddfb26e16d396dbca7658ec4d6e7c88.png
f89f5572555bbaf6faa63bb9ae8fdb5d2aab53734788d72ea913b761df960b37,0,data/benign_original/benign/f89f5572555bbaf6faa63bb9ae8fdb5d2aab53734788d72ea913b761df960b37.png
e4941578de3f6d6480ed6460fc7285f4f1a0557c5a152fcd7ada763d3fc30caa,0,data/benign_original/benign/e4941578de3f6d6480ed6460fc7285f4f1a0557c5a152fcd7ada763d3fc30caa.png
1da4540d3a496622085f4127e1e0f2f226f1f797488d46a6b9591ece9bb6065c,1,data/malware_images/images/Trickbot/1da4540d3a496622085f4127e1e0f2f226f1f797488d46a6b9591ece9bb6065c.png
c0b791bc1c796906a22facc0dea80205847244c731b8d8abddb30e57fa786172,1,data/malware_images/images/Gozi/c0b791bc1c796906a22facc0dea80205847244c731b8d8abddb30e57fa786172.png
c92070147bdcae8230a5a15cfbdb0dba0d8ee9fb1d6d5f2770a9350032c625d1,0,data/benign_original/benign/c92070147bdcae8230a5a15cfbdb0dba0d8ee9fb1d6d5f2770a9350032c625d1.png
b779cf3c5ac6d1303378006f78a87b3cc45d91b0a3493d0c89877e2ba9777ed5,1,data/malware_images/images/njrat/b779cf3c5ac6d1303378006f78a87b3cc45d91b0a3493d0c89877e2ba9777ed5.png
abf19ae052175c20ea330d7ab6e42b03c5981d11c0b7a6ced591a79eaace7f61,1,data/malware_images/images/Trickbot/abf19ae052175c20ea330d7ab6e42b03c5981d11c0b7a6ced591a79eaace7f61.png
b15afec1b05c78eecc83857e32ab54417c3ecbbc5c682f290b0249315c30a796,0,data/benign_original/benign/b15afec1b05c78eecc83857e32ab54417c3ecbbc5c682f290b0249315c30a796.png
79003a56ce7e9342a88912bd58749e2ea6ac32fc56de8dab915b457a13ec848b,1,data/malware_images/images/Trickbot/79003a56ce7e9342a88912bd58749e2ea6ac32fc56de8dab915b457a13ec848b.png
a9b5f9825deac6514ce616f9fd01d1f487a6b8a94ca0503c43cb2d1f2a16e1ec,0,data/benign_original/benign/a9b5f9825deac6514ce616f9fd01d1f487a6b8a94ca0503c43cb2d1f2a16e1ec.png
69dfcca57024e28b1b7678eed75697df0567ea71f0ac97abc01691b9d5a67ecb,0,data/benign_original/benign/69dfcca57024e28b1b7678eed75697df0567ea71f0ac97abc01691b9d5a67ecb.png
830f015015eeeb8c097e682ad2775e4f4bce945f944b9e0079299ca3a90a11eb,0,data/benign_original/benign/830f015015eeeb8c097e682ad2775e4f4bce945f944b9e0079299ca3a90a11eb.png
f9ea0ad3aa90bbb81656995a933a100f6a5b6ce1e17a13f81a9eac5d10564ec4,0,data/benign_original/benign/f9ea0ad3aa90bbb81656995a933a100f6a5b6ce1e17a13f81a9eac5d10564ec4.png
bf5af4eff3114711eafdf7f83aa7f10dc3fc364a4850e516150f0ba7f7834684,0,data/benign_original/benign/bf5af4eff3114711eafdf7f83aa7f10dc3fc364a4850e516150f0ba7f7834684.png
2f46a9510e39303cec0f7fc9d6dcf45d92438d596871c471be533dac049f6edc,1,data/malware_images/images/Trickbot/2f46a9510e39303cec0f7fc9d6dcf45d92438d596871c471be533dac049f6edc.png
26fc46f356639b8fe74cd3df54e1416d07d225950c846bf166f3679152a8e5a0,1,data/malware_images/images/GuLoader/26fc46f356639b8fe74cd3df54e1416d07d225950c846bf166f3679152a8e5a0.png
d758b307b8e754bbbb93a4034912ed373f1ed2fd0c8341f3e0fabd690a9fb5b4,0,data/benign_original/benign/d758b307b8e754bbbb93a4034912ed373f1ed2fd0c8341f3e0fabd690a9fb5b4.png
f094c66940191ee359cd09f7cccd14c89087d8475729399c4ad530145f352d63,0,data/benign_original/benign/f094c66940191ee359cd09f7cccd14c89087d8475729399c4ad530145f352d63.png
afd16577794eab427980d06631ccb30b157600b938376cc13cd79afd92b77d0e,1,data/malware_images/images/IcedID/afd16577794eab427980d06631ccb30b157600b938376cc13cd79afd92b77d0e.png
7523705006582682f1cbe1b11d8c6295ce379ae62685c1e9bb0c533cfc4b58d2,1,data/malware_images/images/Gozi/7523705006582682f1cbe1b11d8c6295ce379ae62685c1e9bb0c533cfc4b58d2.png
fe66f4f74af20c296630341ec43e562bdc7b48d854aba32bd3ca18efa8a0357c,1,data/malware_images/images/njrat/fe66f4f74af20c296630341ec43e562bdc7b48d854aba32bd3ca18efa8a0357c.png
ca30435a1774e5904473dc37a1a56754227b41097d5cb9fbac60fd0409ded1f1,0,data/benign_original/benign/ca30435a1774e5904473dc37a1a56754227b41097d5cb9fbac60fd0409ded1f1.png
c918a5cbd0d2246f83a698618363a5ce3c8e9ecdc2ff3c062e9e3e4a4670d751,1,data/malware_images/images/Gozi/c918a5cbd0d2246f83a698618363a5ce3c8e9ecdc2ff3c062e9e3e4a4670d751.png
ddc49d23ac1ee4f7a0f1f68c7661156557c3fae174077a50afb9a06b092550b8,1,data/malware_images/images/Trickbot/ddc49d23ac1ee4f7a0f1f68c7661156557c3fae174077a50afb9a06b092550b8.png
d5b7d2b063c4187f512b40d992dd1ff006cd8a4375492decfaea082a2cf00894,0,data/benign_original/benign/d5b7d2b063c4187f512b40d992dd1ff006cd8a4375492decfaea082a2cf00894.png
e05f05fb070ab182f3f8daadedde9b58ba9ab1c9bf0dd66bd2e8a5a9ac63f479,1,data/malware_images/images/GuLoader/e05f05fb070ab182f3f8daadedde9b58ba9ab1c9bf0dd66bd2e8a5a9ac63f479.png
b39a515b9e48fc6589703d45e14dcea2273a02d7fa6f2e1d17985c0228d32564,0,data/benign_original/benign/b39a515b9e48fc6589703d45e14dcea2273a02d7fa6f2e1d17985c0228d32564.png
c2220efe684125ea735204d31936f0b2aba9aa2c4050e15f08dc439b2dd6f86f,0,data/benign_original/benign/c2220efe684125ea735204d31936f0b2aba9aa2c4050e15f08dc439b2dd6f86f.png
f6a418f7e59c0a06080a1cc81ab11bbcd6d9b2b3e86492157a124ad008171522,0,data/benign_original/benign/f6a418f7e59c0a06080a1cc81ab11bbcd6d9b2b3e86492157a124ad008171522.png
6afd33bec06f073cf6b1cfa2fae286ca1f9c355097422ffd0190e842f669002b,1,data/malware_images/images/Trickbot/6afd33bec06f073cf6b1cfa2fae286ca1f9c355097422ffd0190e842f669002b.png
6a473e38f47d6ec7d3dcdcd4ccd8e1d8d9e388d1b8b169011bf89c273327d5a3,1,data/malware_images/images/Gozi/6a473e38f47d6ec7d3dcdcd4ccd8e1d8d9e388d1b8b169011bf89c273327d5a3.png
8d6881e9bfba065692e7b8de209902da12e3e57d2e497c6b11bd74e48c627d6c,0,data/benign_original/benign/8d6881e9bfba065692e7b8de209902da12e3e57d2e497c6b11bd74e48c627d6c.png
b54e832bd8d7e94772c680f49c31b86f9c5db456f8e5cac66720d533896f1cfe,0,data/benign_original/benign/b54e832bd8d7e94772c680f49c31b86f9c5db456f8e5cac66720d533896f1cfe.png
d69861a1d87fbc1f741e7c4b36f04573c66126ab7a820d057bc51a6534719acb,0,data/benign_original/benign/d69861a1d87fbc1f741e7c4b36f04573c66126ab7a820d057bc51a6534719acb.png
d9a39b4ef451806c38101299c7ca8453a4711ce4c629666a0ae8f9cde1b87165,0,data/benign_original/benign/d9a39b4ef451806c38101299c7ca8453a4711ce4c629666a0ae8f9cde1b87165.png
6f9b35f8f82caf5da62affe5be30e6eab8735c48e787f0145e12d21d4c608b07,1,data/malware_images/images/njrat/6f9b35f8f82caf5da62affe5be30e6eab8735c48e787f0145e12d21d4c608b07.png
d5c0027d544b52ef460e6f869085f264e9597a7d43fb2e8390fada5e0dfb8b43,0,data/benign_original/benign/d5c0027d544b52ef460e6f869085f264e9597a7d43fb2e8390fada5e0dfb8b43.png
1d4cf3aea3811e50188b9420eae68de18006627f4dd86719459d99ad41d49291,1,data/malware_images/images/GuLoader/1d4cf3aea3811e50188b9420eae68de18006627f4dd86719459d99ad41d49291.png
cf8d3df3c5374afce1094666b34665dca65743be7cb2e6199131037a344c3d02,0,data/benign_original/benign/cf8d3df3c5374afce1094666b34665dca65743be7cb2e6199131037a344c3d02.png
f95921aa7f0c785ccfb57d4d19a3df20d48ebce085dbb9e16f77a94361f880ae,0,data/benign_original/benign/f95921aa7f0c785ccfb57d4d19a3df20d48ebce085dbb9e16f77a94361f880ae.png
8247d8031e75e5383e831df190cf84a47a612252c54186f8092576b758856fc1,1,data/malware_images/images/Gozi/8247d8031e75e5383e831df190cf84a47a612252c54186f8092576b758856fc1.png
faeef94db490bd62941dcfcc0623475a4acd0c55bfe43105de01f78b5de65840,0,data/benign_original/benign/faeef94db490bd62941dcfcc0623475a4acd0c55bfe43105de01f78b5de65840.png
4ab3a87ca85e4e4597f81bad03d9aa6ab3d59d04cdf39c0ca791b8d0c6d10212,0,data/benign_original/benign/4ab3a87ca85e4e4597f81bad03d9aa6ab3d59d04cdf39c0ca791b8d0c6d10212.png
c54fd3f9fa97ab4dc36cce4295b0dcca68633ec71b862d765c67c8d60edf2b49,0,data/benign_original/benign/c54fd3f9fa97ab4dc36cce4295b0dcca68633ec71b862d765c67c8d60edf2b49.png
692acd7aa54a1c159f7e09625bba47dfc6ce2ff6aeab9140550dc5a3b744a49d,0,data/benign_original/benign/692acd7aa54a1c159f7e09625bba47dfc6ce2ff6aeab9140550dc5a3b744a49d.png
f7c9834f3c656a09c333e98a1fa2465669458b91af76beacd93cd375f69db0d2,0,data/benign_original/benign/f7c9834f3c656a09c333e98a1fa2465669458b91af76beacd93cd375f69db0d2.png
b0399324f459b99f1ebaf8616c19dc418cac6dd5468da57400c555feef5b16c1,0,data/benign_original/benign/b0399324f459b99f1ebaf8616c19dc418cac6dd5468da57400c555feef5b16c1.png
b09cc7f883dbf64cd0beb381a19a37757530003968ebf9907ea4c6cd814cb36a,0,data/benign_original/benign/b09cc7f883dbf64cd0beb381a19a37757530003968ebf9907ea4c6cd814cb36a.png
bd687e30ead5a5e71a78104fc2fad3d2081d9a7e1d7fd640dc4e708c788acf61,0,data/benign_original/benign/bd687e30ead5a5e71a78104fc2fad3d2081d9a7e1d7fd640dc4e708c788acf61.png
c1c50b50af0bda0e08c1b48af753b018ed0366f7b227dd89e29bd6f4af84077e,0,data/benign_original/benign/c1c50b50af0bda0e08c1b48af753b018ed0366f7b227dd89e29bd6f4af84077e.png
ea26b6f804766362f9b799fbd280120bf984116b88200f7070da5b7bce28e841,1,data/malware_images/images/GuLoader/ea26b6f804766362f9b799fbd280120bf984116b88200f7070da5b7bce28e841.png
d85f1827ab417d728627a132a97322770d56b2ae856dad1fee526663559c54f9,0,data/benign_original/benign/d85f1827ab417d728627a132a97322770d56b2ae856dad1fee526663559c54f9.png
7037537fc0fc225a9b58516b0a2e5dd0d36a6c11bdabf137947be6b1f81981c4,1,data/malware_images/images/Gozi/7037537fc0fc225a9b58516b0a2e5dd0d36a6c11bdabf137947be6b1f81981c4.png
bf504b9300e7d60f855194da9912c77b9a6808ebdf4b330c54559a3e4fce9f94,0,data/benign_original/benign/bf504b9300e7d60f855194da9912c77b9a6808ebdf4b330c54559a3e4fce9f94.png
1bbf41128066bcb360a6dac7f9b68c69578a67c501a879601108e715d45abb1c,1,data/malware_images/images/njrat/1bbf41128066bcb360a6dac7f9b68c69578a67c501a879601108e715d45abb1c.png
f9aaaabf78feb39a1d8e971f5ce047d1c4a896a80409b800f1f7112cdce420ed,0,data/benign_original/benign/f9aaaabf78feb39a1d8e971f5ce047d1c4a896a80409b800f1f7112cdce420ed.png
ba8f54deeb0443d5d0f8cc0775333e0bef94f411e18aaae60e36330b05524b7a,0,data/benign_original/benign/ba8f54deeb0443d5d0f8cc0775333e0bef94f411e18aaae60e36330b05524b7a.png
714f90034cae31a74aeeb65aedf874a072f058502adc97b9fa93a2768979cf93,0,data/benign_original/benign/714f90034cae31a74aeeb65aedf874a072f058502adc97b9fa93a2768979cf93.png
f805fbd781c27bcb4f1c887afcf9d32aa7b74e350b6e60e50337aa319b69cf62,0,data/benign_original/benign/f805fbd781c27bcb4f1c887afcf9d32aa7b74e350b6e60e50337aa319b69cf62.png
0a2c2bdab9f7ae76394afc7d00744302299e1939121ca27f026c810f273d9ed0,1,data/malware_images/images/GuLoader/0a2c2bdab9f7ae76394afc7d00744302299e1939121ca27f026c810f273d9ed0.png
e27d3fe39da1d019c3b419229c70798cab2ef739c2ff57d0f0197e203b7dd0c1,0,data/benign_original/benign/e27d3fe39da1d019c3b419229c70798cab2ef739c2ff57d0f0197e203b7dd0c1.png
809a3e50fc5728e47422e019a817f3d7d8de4ca313b235f0abaeec345708822a,1,data/malware_images/images/Heodo/809a3e50fc5728e47422e019a817f3d7d8de4ca313b235f0abaeec345708822a.png
b70cff46e9308979f64c23267f0b1f6a2ec8a85b992f9f3fa8a8780ea2262225,0,data/benign_original/benign/b70cff46e9308979f64c23267f0b1f6a2ec8a85b992f9f3fa8a8780ea2262225.png
ac8066504bc849ade48b7d3b625888edde57c1ce05ab8b944fb2a2fef1d3deaf,1,data/malware_images/images/GuLoader/ac8066504bc849ade48b7d3b625888edde57c1ce05ab8b944fb2a2fef1d3deaf.png
bc308fad8ccfc66a31cd2c022adaca1e64cd1c7b2e70af345079d40dff59e73b,0,data/benign_original/benign/bc308fad8ccfc66a31cd2c022adaca1e64cd1c7b2e70af345079d40dff59e73b.png
0a2027ea20fd995fd41fbe1a6e6a361dbdc09a83741f1d9e928eddf50030c6b3,0,data/benign_original/benign/0a2027ea20fd995fd41fbe1a6e6a361dbdc09a83741f1d9e928eddf50030c6b3.png
06dcfa8d001a98c1a4f211e489042935de32075dabfd38bf5bfdb156fc155e3e,1,data/malware_images/images/IcedID/06dcfa8d001a98c1a4f211e489042935de32075dabfd38bf5bfdb156fc155e3e.png
eb275988fef523c0dbf80e38efa2f7e35179ce19f3a93194487c1c059779ec01,0,data/benign_original/benign/eb275988fef523c0dbf80e38efa2f7e35179ce19f3a93194487c1c059779ec01.png
d071cad2f74d185d1e20f0b051df91d38404ae1253b7eeef17a894cbf8a0bfb4,0,data/benign_original/benign/d071cad2f74d185d1e20f0b051df91d38404ae1253b7eeef17a894cbf8a0bfb4.png
e8e884baf461abb536a94c3d99e759c49b18340bad9f715cc70b2b340b0e2aeb,0,data/benign_original/benign/e8e884baf461abb536a94c3d99e759c49b18340bad9f715cc70b2b340b0e2aeb.png
de2815fe992391ea92fb6786e545852099dcae040cc4f2f4176ffaa59d02cf9d,0,data/benign_original/benign/de2815fe992391ea92fb6786e545852099dcae040cc4f2f4176ffaa59d02cf9d.png
fa113cacb64eb682c9009efe4ddb034d2e3f71c3d34d5c2b61890f40c3f1a5a4,0,data/benign_original/benign/fa113cacb64eb682c9009efe4ddb034d2e3f71c3d34d5c2b61890f40c3f1a5a4.png
42fd07c963c0e20be60de897497fb7783eb25f09480d9a03ea3d462182b08a74,0,data/benign_original/benign/42fd07c963c0e20be60de897497fb7783eb25f09480d9a03ea3d462182b08a74.png
ff7e0c6a39b99d3c1be2c8d37aa3df02f09e30c87a2a81c57e3fc975b91c84f6,0,data/benign_original/benign/ff7e0c6a39b99d3c1be2c8d37aa3df02f09e30c87a2a81c57e3fc975b91c84f6.png
59c8343fa81d51d03b88ddc9a881a23ccfe2d7a4ddc29d0f5c68b289fc3b8dfc,0,data/benign_original/benign/59c8343fa81d51d03b88ddc9a881a23ccfe2d7a4ddc29d0f5c68b289fc3b8dfc.png
c70196defc74002c22658c8b601f8d7b3ba4fc3ed5ef1f6ee79cf34a932b6538,0,data/benign_original/benign/c70196defc74002c22658c8b601f8d7b3ba4fc3ed5ef1f6ee79cf34a932b6538.png
1e851871ee51eb2003fd8645302a8d291576fb33ede0590314885f30061ef5c3,1,data/malware_images/images/Trickbot/1e851871ee51eb2003fd8645302a8d291576fb33ede0590314885f30061ef5c3.png
dd569c93e31d22f52f167bc9ae0aa66cb459048dd2cda8dd9ec2f764a836a786,0,data/benign_original/benign/dd569c93e31d22f52f167bc9ae0aa66cb459048dd2cda8dd9ec2f764a836a786.png
b2a9afcf53b4804d0d6b525b0480c1e01f72a151c536d2436e1ae2017d7bcccb,1,data/malware_images/images/njrat/b2a9afcf53b4804d0d6b525b0480c1e01f72a151c536d2436e1ae2017d7bcccb.png
2744756c3074b827464209138516658beb019234a1e19d230e46505bbbe5a75a,0,data/benign_original/benign/2744756c3074b827464209138516658beb019234a1e19d230e46505bbbe5a75a.png
d5ba4c77ca4813a76ceb6be5203a3c3d713e043e82cf80a7aab0d92b28f71a64,1,data/malware_images/images/Gozi/d5ba4c77ca4813a76ceb6be5203a3c3d713e043e82cf80a7aab0d92b28f71a64.png
cb548e26ed3c9a1550374e66b497d68f80a2e8129f098d77cabc4c25698c4347,0,data/benign_original/benign/cb548e26ed3c9a1550374e66b497d68f80a2e8129f098d77cabc4c25698c4347.png
60924e938260500bea6ca3a3475455bdea8ec70ad6df3358f2f867460061c535,1,data/malware_images/images/Gozi/60924e938260500bea6ca3a3475455bdea8ec70ad6df3358f2f867460061c535.png
099aeee19ff6e339a357acd19c944e5585c40fdcc8311ce85048f21bb82f9cb7,1,data/malware_images/images/njrat/099aeee19ff6e339a357acd19c944e5585c40fdcc8311ce85048f21bb82f9cb7.png
5112e544f111c19b23db7a28daef2dc497b0611009f5f1ee9d82634a43e5aa3c,1,data/malware_images/images/Gozi/5112e544f111c19b23db7a28daef2dc497b0611009f5f1ee9d82634a43e5aa3c.png
c847974a17e3c03979debbfc945082a260a206cb31bc825503808988c7a692a7,0,data/benign_original/benign/c847974a17e3c03979debbfc945082a260a206cb31bc825503808988c7a692a7.png
cca32e097f255b307026e12d4eee9d20777a604a923b74cc3f3cb297522eb2a6,0,data/benign_original/benign/cca32e097f255b307026e12d4eee9d20777a604a923b74cc3f3cb297522eb2a6.png
c3d18b38ed2688fe5eca4c8604e195884f961f3606ca68b0078bc5431c6f7752,1,data/malware_images/images/njrat/c3d18b38ed2688fe5eca4c8604e195884f961f3606ca68b0078bc5431c6f7752.png
dd3ae6beda5923321ce93324f57f2f269d9e45d1689ba944a9f5d5bab44403b8,0,data/benign_original/benign/dd3ae6beda5923321ce93324f57f2f269d9e45d1689ba944a9f5d5bab44403b8.png
63f0221e6bc2cc48d63f079c46bc438e2c21f5267ce3ae11915d4e8150a640f1,0,data/benign_original/benign/63f0221e6bc2cc48d63f079c46bc438e2c21f5267ce3ae11915d4e8150a640f1.png
d797755211b156eb649cc54508cbc90de2ed24abbeaec61ab68f3d0cb908e567,0,data/benign_original/benign/d797755211b156eb649cc54508cbc90de2ed24abbeaec61ab68f3d0cb908e567.png
c6bbb60cde55b700e992fff11bbd3bfa2027eff45cdc564836fd2bec870c5bdd,0,data/benign_original/benign/c6bbb60cde55b700e992fff11bbd3bfa2027eff45cdc564836fd2bec870c5bdd.png
2718e31b850a4c91dba0977f91202fe707a50fe47de24d15cf6a15685093eab2,1,data/malware_images/images/Gozi/2718e31b850a4c91dba0977f91202fe707a50fe47de24d15cf6a15685093eab2.png
573e0b24a46f4c80e6e20d935166a5cbe9bfb3c9704831ac3d2f12ed704290c6,1,data/malware_images/images/GuLoader/573e0b24a46f4c80e6e20d935166a5cbe9bfb3c9704831ac3d2f12ed704290c6.png
e5b6086d48f13a63dbca742abef243e00b6bfa359c03581f5daeea9d3a691ae7,0,data/benign_original/benign/e5b6086d48f13a63dbca742abef243e00b6bfa359c03581f5daeea9d3a691ae7.png
93c6cc14e478c54711c794dc49dcedd43bce1a7f15de08fe279af4da5b4f84e5,1,data/malware_images/images/njrat/93c6cc14e478c54711c794dc49dcedd43bce1a7f15de08fe279af4da5b4f84e5.png
c54b6b43f652e5b95cd1f8583dc38892de49ff94630c75188f8022292ee0acca,0,data/benign_original/benign/c54b6b43f652e5b95cd1f8583dc38892de49ff94630c75188f8022292ee0acca.png
b52fbb99308493a27aac725cf70721041cdee61caca19792b949cc0867a27964,0,data/benign_original/benign/b52fbb99308493a27aac725cf70721041cdee61caca19792b949cc0867a27964.png
87da8b45e2fecaddcdcaca35ea2f6583352344aba7f297c11b0434f39a476056,0,data/benign_original/benign/87da8b45e2fecaddcdcaca35ea2f6583352344aba7f297c11b0434f39a476056.png
02883009e7e310bf670bff6336cb6c05c5ecfe0b40274a99b769e8fbfae19ad3,1,data/malware_images/images/njrat/02883009e7e310bf670bff6336cb6c05c5ecfe0b40274a99b769e8fbfae19ad3.png
e234e4cd10344156899fccacbe751fb224d50f7e67222e5e6609fa5a3fbc5883,0,data/benign_original/benign/e234e4cd10344156899fccacbe751fb224d50f7e67222e5e6609fa5a3fbc5883.png
866aa2c9699ab1427f23c3754e7b94358366d2c55e2ff512f26f16a22fa443b8,1,data/malware_images/images/IcedID/866aa2c9699ab1427f23c3754e7b94358366d2c55e2ff512f26f16a22fa443b8.png
e0eb32674b1267d64b270274a24e9efe498c31531c688776ecf8b1d1207fbcf9,1,data/malware_images/images/njrat/e0eb32674b1267d64b270274a24e9efe498c31531c688776ecf8b1d1207fbcf9.png
f644e78de132b9e3c7f0be2e721001334e2d34b7987f7969824daf67d8d064b4,0,data/benign_original/benign/f644e78de132b9e3c7f0be2e721001334e2d34b7987f7969824daf67d8d064b4.png
b3a5d783aee60c809a64a9558cd6a39c4fdebf43bdb3f85a6f2d0cca8dfad9d5,0,data/benign_original/benign/b3a5d783aee60c809a64a9558cd6a39c4fdebf43bdb3f85a6f2d0cca8dfad9d5.png
f038c377f11d0d75c2df1635b920e96e5d124f5379de486a571dbbfbad3b4922,1,data/malware_images/images/Trickbot/f038c377f11d0d75c2df1635b920e96e5d124f5379de486a571dbbfbad3b4922.png
dd8c1f39cb9abdfa77b9ead5e56f2190c6ac7a725bf87e574e21bdab9a480980,0,data/benign_original/benign/dd8c1f39cb9abdfa77b9ead5e56f2190c6ac7a725bf87e574e21bdab9a480980.png
66920e0efd8980b63e704fc26b25fec19efbb3cdc3d281b91bff05806b95a654,1,data/malware_images/images/Gozi/66920e0efd8980b63e704fc26b25fec19efbb3cdc3d281b91bff05806b95a654.png
2be3b88ada148e1c3400c87c7d7c3b81b601f221d17a2864de5bff13a23c66cb,1,data/malware_images/images/Trickbot/2be3b88ada148e1c3400c87c7d7c3b81b601f221d17a2864de5bff13a23c66cb.png
eda3912398b1dc67eb8cdb1202ca8bc50079de27e21a6dbfa16e2b481bf8dcd0,0,data/benign_original/benign/eda3912398b1dc67eb8cdb1202ca8bc50079de27e21a6dbfa16e2b481bf8dcd0.png
e01d80d9a6336397fd27df61b2d793a08b7f33c3f4c91b8b175b6963a7eb3766,0,data/benign_original/benign/e01d80d9a6336397fd27df61b2d793a08b7f33c3f4c91b8b175b6963a7eb3766.png
d63e3e64001167088ec8ff58ca3a36b2d6bd91e913cdad6e76211f977166b806,0,data/benign_original/benign/d63e3e64001167088ec8ff58ca3a36b2d6bd91e913cdad6e76211f977166b806.png
ca4713be461f1485d70c479225bbbc71e895e3a4e17cb738e41180bdd9a85a28,0,data/benign_original/benign/ca4713be461f1485d70c479225bbbc71e895e3a4e17cb738e41180bdd9a85a28.png
fbbfce80bdcec21ef36440a083205d1fd821198480480a5f6411b88ede4eae8a,0,data/benign_original/benign/fbbfce80bdcec21ef36440a083205d1fd821198480480a5f6411b88ede4eae8a.png
0758b74302db6964914e3117fb52f6b0cd4dd84d2b6c1df1aeabd2d4343acf88,0,data/benign_original/benign/0758b74302db6964914e3117fb52f6b0cd4dd84d2b6c1df1aeabd2d4343acf88.png
ed105272dc3c77f54e7d170474afa6590a98477e6b076d7e5d1cf6c5e152319d,1,data/malware_images/images/njrat/ed105272dc3c77f54e7d170474afa6590a98477e6b076d7e5d1cf6c5e152319d.png
cabd27c6a3959d7f313b5e73679637c93fd21db0e6e6ee3e78a6d5e264068407,1,data/malware_images/images/GuLoader/cabd27c6a3959d7f313b5e73679637c93fd21db0e6e6ee3e78a6d5e264068407.png
16d8aa3dae24ba03bbc22093b96c73b303646cd7fb9829a857177c0cbe2ca724,1,data/malware_images/images/njrat/16d8aa3dae24ba03bbc22093b96c73b303646cd7fb9829a857177c0cbe2ca724.png
49a6d713a8ffe3a194498f25450bc11a1e85657530798318378cbfae479a28dd,1,data/malware_images/images/IcedID/49a6d713a8ffe3a194498f25450bc11a1e85657530798318378cbfae479a28dd.png
be1761ddc193e8e1681ac708117a337b069bb0f0fc6c7e91e9f45173935b462f,0,data/benign_original/benign/be1761ddc193e8e1681ac708117a337b069bb0f0fc6c7e91e9f45173935b462f.png
187839e42d20aac87e1fea4bff6e84edbdd5a5e03521a0e01184cd6cfc0d91a9,1,data/malware_images/images/Trickbot/187839e42d20aac87e1fea4bff6e84edbdd5a5e03521a0e01184cd6cfc0d91a9.png
15f5573837e538dc0ed92064af1636d2052ad876487554321165ff767179bd84,1,data/malware_images/images/IcedID/15f5573837e538dc0ed92064af1636d2052ad876487554321165ff767179bd84.png
57d78efac696eff08c83318b96870640b6e36baaa3bad6144467df73fea872ac,0,data/benign_original/benign/57d78efac696eff08c83318b96870640b6e36baaa3bad6144467df73fea872ac.png
fb1bf8df68c20c38e26c5b4bc7aa2a7dc1cfcc63b45b2592093531d6d739dbb7,0,data/benign_original/benign/fb1bf8df68c20c38e26c5b4bc7aa2a7dc1cfcc63b45b2592093531d6d739dbb7.png
cd7bcc00bd7d06989a9f21c4e045aa26fd9bb7342a41ac42394167ccf54315a6,1,data/malware_images/images/GuLoader/cd7bcc00bd7d06989a9f21c4e045aa26fd9bb7342a41ac42394167ccf54315a6.png
d12b2a5e76681dcce041603310d8af49af03d8ee4013eb9782a642cf92301be4,0,data/benign_original/benign/d12b2a5e76681dcce041603310d8af49af03d8ee4013eb9782a642cf92301be4.png
de9a0d32abf6471d264f745af2ca92e57923b4df238dbe50542e284bc3e221ad,1,data/malware_images/images/IcedID/de9a0d32abf6471d264f745af2ca92e57923b4df238dbe50542e284bc3e221ad.png
0f1c8dcd5a78c063545bf67a6583b05282ade09cca7e7c628868d01ce556bba4,1,data/malware_images/images/njrat/0f1c8dcd5a78c063545bf67a6583b05282ade09cca7e7c628868d01ce556bba4.png
0468776bf406728c6c4a25e6d1ce7e1610f41a089a05ef957bc286bd8a629145,1,data/malware_images/images/njrat/0468776bf406728c6c4a25e6d1ce7e1610f41a089a05ef957bc286bd8a629145.png
2dade45241a3807d0b2419be420df383311061c729b5d2974c56417340cc5847,1,data/malware_images/images/Trickbot/2dade45241a3807d0b2419be420df383311061c729b5d2974c56417340cc5847.png
76b6235d3ea5f815d353464c4100be71e69b3d81a59e470ad75411f225aa6f23,1,data/malware_images/images/IcedID/76b6235d3ea5f815d353464c4100be71e69b3d81a59e470ad75411f225aa6f23.png
d63d6773fc2a37abc72f6f081f63d3393f533e0e3008912e2e9a60217a76ca81,0,data/benign_original/benign/d63d6773fc2a37abc72f6f081f63d3393f533e0e3008912e2e9a60217a76ca81.png
64115dcf09d590eb702d07bbb14ccadb035036caa5c8c97a9dd494640d475e38,1,data/malware_images/images/Gozi/64115dcf09d590eb702d07bbb14ccadb035036caa5c8c97a9dd494640d475e38.png
9923d384248dfd152eec41f5acd61470a3a98e0e32739ca294fae2892e67bad7,1,data/malware_images/images/Gozi/9923d384248dfd152eec41f5acd61470a3a98e0e32739ca294fae2892e67bad7.png
eb1b4851deae85d520b9d225b09a3448135febe28ab26090f87fca8bbd8d47a3,0,data/benign_original/benign/eb1b4851deae85d520b9d225b09a3448135febe28ab26090f87fca8bbd8d47a3.png
28f39e656758b6c40db049e40bbfe958a7a20a754ea6531ccca3e4fdb8dcc66a,1,data/malware_images/images/njrat/28f39e656758b6c40db049e40bbfe958a7a20a754ea6531ccca3e4fdb8dcc66a.png
0b41a454c1d34aa97596c93b0edf85dd8a8eca3dfff9d326950e7d0723cb1608,1,data/malware_images/images/IcedID/0b41a454c1d34aa97596c93b0edf85dd8a8eca3dfff9d326950e7d0723cb1608.png
49faf4c5558260bd21805db8edb29d3a1a5395a9ce5f93edd73d1eb87f360317,0,data/benign_original/benign/49faf4c5558260bd21805db8edb29d3a1a5395a9ce5f93edd73d1eb87f360317.png
83fda1582e8aa614098d944606a562589f0880c105ef011b0e8b68bf90354da3,1,data/malware_images/images/njrat/83fda1582e8aa614098d944606a562589f0880c105ef011b0e8b68bf90354da3.png
b333cc7e25d3859807cb77f988d44c3c8d348159a397a530a22caf632263d631,0,data/benign_original/benign/b333cc7e25d3859807cb77f988d44c3c8d348159a397a530a22caf632263d631.png
c7b6b5c5fd0241015dea2d5bf76f50143844676bec4b1a57284af92a75a367db,1,data/malware_images/images/Trickbot/c7b6b5c5fd0241015dea2d5bf76f50143844676bec4b1a57284af92a75a367db.png
c406f350618ef9ed643059f1a264ddf8e111fdf8ab23f64ba0b6a409d02a4ac7,1,data/malware_images/images/GuLoader/c406f350618ef9ed643059f1a264ddf8e111fdf8ab23f64ba0b6a409d02a4ac7.png
96b5ccf8044c42dce6772da871ab5f9f01ccab554e1a3b8832c6397c1bfe9e7d,0,data/benign_original/benign/96b5ccf8044c42dce6772da871ab5f9f01ccab554e1a3b8832c6397c1bfe9e7d.png
fc992fe773edf52e570ba7a2b25e9346c24e4b06ead9e174d64d12145ff36327,0,data/benign_original/benign/fc992fe773edf52e570ba7a2b25e9346c24e4b06ead9e174d64d12145ff36327.png
0a7e7f12d79130da067fd39ede7ff4dc3dc6665d88f5278745074d77132312bf,1,data/malware_images/images/IcedID/0a7e7f12d79130da067fd39ede7ff4dc3dc6665d88f5278745074d77132312bf.png
39278bb543a44e69036e92d227d7af7a51807be8fc476157c50510c569a11121,1,data/malware_images/images/njrat/39278bb543a44e69036e92d227d7af7a51807be8fc476157c50510c569a11121.png
b4824098b439f4332ffdb4fab13db06fef43318dcdfba8e2c049395db833448e,0,data/benign_original/benign/b4824098b439f4332ffdb4fab13db06fef43318dcdfba8e2c049395db833448e.png
d960f1e8f6e75e45347bbe69ed1ff88f4175da39bdca2e1dc38a3b88cf4faaa4,0,data/benign_original/benign/d960f1e8f6e75e45347bbe69ed1ff88f4175da39bdca2e1dc38a3b88cf4faaa4.png
65b99ad1f4d72a42afdc1fe761c886809a53107f2fff975c46f522e641946238,1,data/malware_images/images/Gozi/65b99ad1f4d72a42afdc1fe761c886809a53107f2fff975c46f522e641946238.png
861dd1d5e987e9e7293a8340c8344c13b443a9002c24c58e3aeecb4efd82d49c,1,data/malware_images/images/Gozi/861dd1d5e987e9e7293a8340c8344c13b443a9002c24c58e3aeecb4efd82d49c.png
d4d86e560a22d833fcdf0ba165d3bd3f6059e69830f4d2f9748af08905b2d4c8,0,data/benign_original/benign/d4d86e560a22d833fcdf0ba165d3bd3f6059e69830f4d2f9748af08905b2d4c8.png
cb9c404f67d9f2d0047378277658b38289fdc410b9953140b62829070af7053d,1,data/malware_images/images/IcedID/cb9c404f67d9f2d0047378277658b38289fdc410b9953140b62829070af7053d.png
fc0f577076773c7ba2100480209cff46ecbec0add4f9c8542fc382aefda88c72,1,data/malware_images/images/IcedID/fc0f577076773c7ba2100480209cff46ecbec0add4f9c8542fc382aefda88c72.png
94cd27fe356c1a9171bddbe6f00bd5f8c69cabddbff4c92d29781b0cc443187a,1,data/malware_images/images/Gozi/94cd27fe356c1a9171bddbe6f00bd5f8c69cabddbff4c92d29781b0cc443187a.png
19d4522ae749b9ed8fbb4bd0fba37693d464aadacbfc78d0994b3f2adf338d0c,1,data/malware_images/images/Gozi/19d4522ae749b9ed8fbb4bd0fba37693d464aadacbfc78d0994b3f2adf338d0c.png
89f26c9d4789ff1a94a8d4ab06c4405d70f0e08491b6b433229a7f6dadcaf68d,0,data/benign_original/benign/89f26c9d4789ff1a94a8d4ab06c4405d70f0e08491b6b433229a7f6dadcaf68d.png
1b8342c0048e13b323224c48caa9aec2952f3a93ed732c85f160916475910675,0,data/benign_original/benign/1b8342c0048e13b323224c48caa9aec2952f3a93ed732c85f160916475910675.png
2d6a60fa56688f81b3b1ecebf2eb1ae9b44f41a9e070916c93e3f85dd841d174,1,data/malware_images/images/njrat/2d6a60fa56688f81b3b1ecebf2eb1ae9b44f41a9e070916c93e3f85dd841d174.png
c8b7e2c14192425864b7ddf8481fae5719b9f257abdfecc8d2f55f4a809d31d1,1,data/malware_images/images/Trickbot/c8b7e2c14192425864b7ddf8481fae5719b9f257abdfecc8d2f55f4a809d31d1.png
562be8984ba2629bba153f053977bb0ef17942bfefdb610a8eb618d955ded112,1,data/malware_images/images/Gozi/562be8984ba2629bba153f053977bb0ef17942bfefdb610a8eb618d955ded112.png
e22dc7e32dfb8e2f9f75c72dede8b4bbfad86c3e90d03f7b8ffa2d44165afff8,1,data/malware_images/images/IcedID/e22dc7e32dfb8e2f9f75c72dede8b4bbfad86c3e90d03f7b8ffa2d44165afff8.png
9a24d2bf46bc598d118af68f87f2bee78f4fd94375b722a9c9339426335a2df3,1,data/malware_images/images/Gozi/9a24d2bf46bc598d118af68f87f2bee78f4fd94375b722a9c9339426335a2df3.png
fce6311e365a685188de4034c855ab8013813191cf05f51f6a564d2b2f2e8788,1,data/malware_images/images/Trickbot/fce6311e365a685188de4034c855ab8013813191cf05f51f6a564d2b2f2e8788.png
b79e0fecedbd1ca6f5380b57b3443bb65ab590a5a6fbefef17ae8eed719be469,0,data/benign_original/benign/b79e0fecedbd1ca6f5380b57b3443bb65ab590a5a6fbefef17ae8eed719be469.png
1f81d3b756ec1430f476a5ae7af7b360b4acd923d4baceb91be49ab6515459fc,0,data/benign_original/benign/1f81d3b756ec1430f476a5ae7af7b360b4acd923d4baceb91be49ab6515459fc.png
285dcd9b0932523c95f28a8373a0018d44c9a9401d3ab410132a13642d8c59ef,1,data/malware_images/images/njrat/285dcd9b0932523c95f28a8373a0018d44c9a9401d3ab410132a13642d8c59ef.png
654e574fb479af0a9f8d277ed12f2d86681b76b4cfe63d7c9e774f5144be8801,1,data/malware_images/images/IcedID/654e574fb479af0a9f8d277ed12f2d86681b76b4cfe63d7c9e774f5144be8801.png
cfa02248d89c66425f9e458a5860e059c9e4e87524e74b63ca8e67a909af154f,0,data/benign_original/benign/cfa02248d89c66425f9e458a5860e059c9e4e87524e74b63ca8e67a909af154f.png
aa9e349fb3b7aa8bb20ebb92c80295bc27e6fdb4e974629170e31f52d1c07128,1,data/malware_images/images/GuLoader/aa9e349fb3b7aa8bb20ebb92c80295bc27e6fdb4e974629170e31f52d1c07128.png
9d5a9e4f93e0039ecd1e8266ab54db96be47f1c95f80f5a313117f26456eb6ff,1,data/malware_images/images/Gozi/9d5a9e4f93e0039ecd1e8266ab54db96be47f1c95f80f5a313117f26456eb6ff.png
4e7e9d264a3c7e6808daf86b8cccc4f2f0d3ab7860c7659890adcb821fe059be,1,data/malware_images/images/Trickbot/4e7e9d264a3c7e6808daf86b8cccc4f2f0d3ab7860c7659890adcb821fe059be.png
197b817d69a2fcf6fb866f20d0caf1540b4d995ad66429f0beb695dbcc0e877d,1,data/malware_images/images/njrat/197b817d69a2fcf6fb866f20d0caf1540b4d995ad66429f0beb695dbcc0e877d.png
203d5a3aceab4c5290cfb3bbba53882d746ccc1e7937737f928fe89fab34b666,0,data/benign_original/benign/203d5a3aceab4c5290cfb3bbba53882d746ccc1e7937737f928fe89fab34b666.png
4fd44c14f70e10d4d8b5e592ea37bcdb269d1d8aaf160724bca9e97ca11f859a,1,data/malware_images/images/Gozi/4fd44c14f70e10d4d8b5e592ea37bcdb269d1d8aaf160724bca9e97ca11f859a.png
b40791ea949d325367bb5a6309909a124c99fe54b67e848e26b4f6d803f185b4,1,data/malware_images/images/Gozi/b40791ea949d325367bb5a6309909a124c99fe54b67e848e26b4f6d803f185b4.png
e0d73a9ec5eae9ad50f9c82237810cabb2717e0e48351ca30e56043acc1264e1,1,data/malware_images/images/GuLoader/e0d73a9ec5eae9ad50f9c82237810cabb2717e0e48351ca30e56043acc1264e1.png
fce8a94adda657c79b4fbe7b2b4ef4062d27b0c15108b23ae6cb9dc545a267f8,1,data/malware_images/images/GuLoader/fce8a94adda657c79b4fbe7b2b4ef4062d27b0c15108b23ae6cb9dc545a267f8.png
1d4bf12de1775a8865651a28b109521ac1be4462ea5f6b928a6fc8b13cbf12e5,1,data/malware_images/images/Trickbot/1d4bf12de1775a8865651a28b109521ac1be4462ea5f6b928a6fc8b13cbf12e5.png
eb41bf23e10405efcad8bb3eb8972f431394113324717386362ac6406a5c6d75,0,data/benign_original/benign/eb41bf23e10405efcad8bb3eb8972f431394113324717386362ac6406a5c6d75.png
e93ca71fd80096ca938e76ce21990b4c9d8c1a24dc8c9f5019460d86ecc709b0,1,data/malware_images/images/njrat/e93ca71fd80096ca938e76ce21990b4c9d8c1a24dc8c9f5019460d86ecc709b0.png
04c3fad7c843c2155a69e4a54fcc18324d1b4d366a0868550af02dfdd9186366,0,data/benign_original/benign/04c3fad7c843c2155a69e4a54fcc18324d1b4d366a0868550af02dfdd9186366.png
e625db5c3b1ad15b6cd8ecbee426f0d8b1fba55789b9140633a6e564679cb96a,0,data/benign_original/benign/e625db5c3b1ad15b6cd8ecbee426f0d8b1fba55789b9140633a6e564679cb96a.png
bbba62fd27ddca3936108c7a7528fd6f7ffd36de5426f345efd67071752da7cd,1,data/malware_images/images/IcedID/bbba62fd27ddca3936108c7a7528fd6f7ffd36de5426f345efd67071752da7cd.png
ece2987dd2da035b8046f1f44bd0d65dd4394f83b24a115eba28773a9cc19731,0,data/benign_original/benign/ece2987dd2da035b8046f1f44bd0d65dd4394f83b24a115eba28773a9cc19731.png
3b76e50176fdeccc0246e426bc691ff4c002c385259e75608a450b3c87e10230,1,data/malware_images/images/Gozi/3b76e50176fdeccc0246e426bc691ff4c002c385259e75608a450b3c87e10230.png
b70f5996ce2b84f5a879357587de4c3c06bfc7d0fd19f1ef11a10ff4dfd58ebc,0,data/benign_original/benign/b70f5996ce2b84f5a879357587de4c3c06bfc7d0fd19f1ef11a10ff4dfd58ebc.png
b5ca75a51423e02e8d3733d544d79a22e315e258dd6777be2917ec8fb4c240a8,0,data/benign_original/benign/b5ca75a51423e02e8d3733d544d79a22e315e258dd6777be2917ec8fb4c240a8.png
0184b4f25bb27328803dae537c07ad8c5ea11b149a7293840b4b36701cec80a1,1,data/malware_images/images/njrat/0184b4f25bb27328803dae537c07ad8c5ea11b149a7293840b4b36701cec80a1.png
2f031a1752f7067fb9f483ae0ac5f3036c9b66cc4af40e6ae609c0aba7c886d0,0,data/benign_original/benign/2f031a1752f7067fb9f483ae0ac5f3036c9b66cc4af40e6ae609c0aba7c886d0.png
b4d30c80b8037a57650918a23cbcb640c1da2f58b74b4238b1d60d308eb74c29,1,data/malware_images/images/Trickbot/b4d30c80b8037a57650918a23cbcb640c1da2f58b74b4238b1d60d308eb74c29.png
570206d867c34878efadc3a7da9f50e70fc1d1b042116f3e3b50a0d42f912b80,1,data/malware_images/images/njrat/570206d867c34878efadc3a7da9f50e70fc1d1b042116f3e3b50a0d42f912b80.png
e5ebf98ba66d7954f1aedd013830455d850dcc7a50be3748821cea3dde0689d5,0,data/benign_original/benign/e5ebf98ba66d7954f1aedd013830455d850dcc7a50be3748821cea3dde0689d5.png
45a68dbc69f4220ceb563e0aab61bc69bc235770e4b68fb84402a1832a9de22c,1,data/malware_images/images/njrat/45a68dbc69f4220ceb563e0aab61bc69bc235770e4b68fb84402a1832a9de22c.png
bc3138f4d647b97650debf39c217f2bc5d95d0329f3f563fa5d37e312dd1390a,0,data/benign_original/benign/bc3138f4d647b97650debf39c217f2bc5d95d0329f3f563fa5d37e312dd1390a.png
0eef081dc6538ed471c696ab8e1192a542273fdd566952eac17b7af457763127,1,data/malware_images/images/GuLoader/0eef081dc6538ed471c696ab8e1192a542273fdd566952eac17b7af457763127.png
38031df7efbd13882cf779e704ba0125b9589d34f643db66c2ccd666b3fdb4e5,1,data/malware_images/images/Gozi/38031df7efbd13882cf779e704ba0125b9589d34f643db66c2ccd666b3fdb4e5.png
577423ddac7ca6f9b623e528452e4455015d71aa690d44a026c40c6dcaad9569,1,data/malware_images/images/Gozi/577423ddac7ca6f9b623e528452e4455015d71aa690d44a026c40c6dcaad9569.png
41a106f4b99ac8928c4d0a2f8bc8c855609138263b0e252758886d45e3345304,1,data/malware_images/images/Gozi/41a106f4b99ac8928c4d0a2f8bc8c855609138263b0e252758886d45e3345304.png
57233018ececa82dadc167ce51622ecb6b06a4c08753c951a2a5e91f4b3629de,1,data/malware_images/images/njrat/57233018ececa82dadc167ce51622ecb6b06a4c08753c951a2a5e91f4b3629de.png
5624295f9a55bf4f9c695c0a72cace88e30dc4f28b2a5c5efdf3b42dd3403111,1,data/malware_images/images/Trickbot/5624295f9a55bf4f9c695c0a72cace88e30dc4f28b2a5c5efdf3b42dd3403111.png
e4cbcac3e88ab6162350628c7d047e51b8131a79538b1228a28ff787ac0868a4,0,data/benign_original/benign/e4cbcac3e88ab6162350628c7d047e51b8131a79538b1228a28ff787ac0868a4.png
e4c00075626109d38c610621736b964baaa2a311796fac0a7b0a941c91d9552a,0,data/benign_original/benign/e4c00075626109d38c610621736b964baaa2a311796fac0a7b0a941c91d9552a.png
46dee184523a584e56df93389f81992911a1ba6b1f05ad7d803c6ab1450e18cb,0,data/benign_original/benign/46dee184523a584e56df93389f81992911a1ba6b1f05ad7d803c6ab1450e18cb.png
53b9f1204f512237fc0b8969ae2c98d1ed3d904e4acc2d096a2e3d9f6577fbe7,0,data/benign_original/benign/53b9f1204f512237fc0b8969ae2c98d1ed3d904e4acc2d096a2e3d9f6577fbe7.png
f3a5a6a4b34301436d380872c3f4a4d2e5cde981c84bddc66b8bb3bf85cd5d1c,0,data/benign_original/benign/f3a5a6a4b34301436d380872c3f4a4d2e5cde981c84bddc66b8bb3bf85cd5d1c.png
d1298308df59a617e8458a2b96b80ef93ff223e0909f4652640e98bd555bb6d0,0,data/benign_original/benign/d1298308df59a617e8458a2b96b80ef93ff223e0909f4652640e98bd555bb6d0.png
dd8176fc849a9f2167fdbe60452aaf4bd5e8a0407c81389e8d02b5dbafcd57ab,0,data/benign_original/benign/dd8176fc849a9f2167fdbe60452aaf4bd5e8a0407c81389e8d02b5dbafcd57ab.png
f6d45dfe2df55a795c38882a4b7505efcf2ba8af52e065973c5522cecd5099da,1,data/malware_images/images/GuLoader/f6d45dfe2df55a795c38882a4b7505efcf2ba8af52e065973c5522cecd5099da.png
c87ff92cb6de990cb6647315e33499d8fda4be1ccc7f12b83ddecf029d74afbc,1,data/malware_images/images/njrat/c87ff92cb6de990cb6647315e33499d8fda4be1ccc7f12b83ddecf029d74afbc.png
7e03028c09a679065ae1dce991de93a1e0cc0affa4f4b4074bc552fb3da1a97d,1,data/malware_images/images/Gozi/7e03028c09a679065ae1dce991de93a1e0cc0affa4f4b4074bc552fb3da1a97d.png
c96087b333f7c60005b277c9048a93b6aae86c3088b9f464877f505ebb1c6d00,0,data/benign_original/benign/c96087b333f7c60005b277c9048a93b6aae86c3088b9f464877f505ebb1c6d00.png
05e846ee2f3b67793645769443f4050e73a09418423fd8cc8de51d37212c1e66,1,data/malware_images/images/Trickbot/05e846ee2f3b67793645769443f4050e73a09418423fd8cc8de51d37212c1e66.png
b32a8fd0148e8cea97fc37935e5b8076540ef4ddd072e37fc85a62e6484a1ca8,0,data/benign_original/benign/b32a8fd0148e8cea97fc37935e5b8076540ef4ddd072e37fc85a62e6484a1ca8.png
ca88710954106cb4c4f9210d6096b1234eeb7df657132430165a83887e278b56,0,data/benign_original/benign/ca88710954106cb4c4f9210d6096b1234eeb7df657132430165a83887e278b56.png
99318ec61c4740a4cebe8c26bcd0c51f7d360773d49e13f0010d26f076afb8a1,1,data/malware_images/images/GuLoader/99318ec61c4740a4cebe8c26bcd0c51f7d360773d49e13f0010d26f076afb8a1.png
eeb7a2e38aa86c7e3e97fdc8f36ae924430412ab7611f2b71d9157726ca3e3f4,1,data/malware_images/images/Trickbot/eeb7a2e38aa86c7e3e97fdc8f36ae924430412ab7611f2b71d9157726ca3e3f4.png
da9905dfd7e60f5a61bd23a3820c461bb67d59f5dafea80ee20f838871c9ce83,1,data/malware_images/images/Gozi/da9905dfd7e60f5a61bd23a3820c461bb67d59f5dafea80ee20f838871c9ce83.png
81441f0059576d587462d7ceb3e067692501bf79ebe904686bb6d562a2d93e55,0,data/benign_original/benign/81441f0059576d587462d7ceb3e067692501bf79ebe904686bb6d562a2d93e55.png
87659fbe8b360341b11577db8bac5dec590072995ff3d018103942d0b1f3e817,1,data/malware_images/images/Trickbot/87659fbe8b360341b11577db8bac5dec590072995ff3d018103942d0b1f3e817.png
cabc2d193c743e64e09280410e7586fb06bddce5c529f5b3fe6b9d5e87fc163e,0,data/benign_original/benign/cabc2d193c743e64e09280410e7586fb06bddce5c529f5b3fe6b9d5e87fc163e.png
93e68b2b2e46de4e537f1e9bec04775e854f79262d2e1b98fe03dc2aace60d29,1,data/malware_images/images/Trickbot/93e68b2b2e46de4e537f1e9bec04775e854f79262d2e1b98fe03dc2aace60d29.png
71e1add662041fee9ff0ddf0139154cf006538559af45f34047aac91efb1b8eb,1,data/malware_images/images/njrat/71e1add662041fee9ff0ddf0139154cf006538559af45f34047aac91efb1b8eb.png
ce9ec8bce81d2a9d6ca1f69ade7ef2cb108bf78800f57c28a9adb7c0b577a9bb,0,data/benign_original/benign/ce9ec8bce81d2a9d6ca1f69ade7ef2cb108bf78800f57c28a9adb7c0b577a9bb.png
b21781c59aca299e700249ca90c3c329f05e4e60469b430025c3dbd7412331a3,0,data/benign_original/benign/b21781c59aca299e700249ca90c3c329f05e4e60469b430025c3dbd7412331a3.png
e0199eb70e39fafd86c8ae012ddcdd9f49efce41ef3f05779b4edffcbb3152c1,1,data/malware_images/images/Trickbot/e0199eb70e39fafd86c8ae012ddcdd9f49efce41ef3f05779b4edffcbb3152c1.png
ec6c7b6c6e11211492d1353878592c95cdc34691cc3ec369f293b11949f0f943,0,data/benign_original/benign/ec6c7b6c6e11211492d1353878592c95cdc34691cc3ec369f293b11949f0f943.png
b9fa525896120d41a23176076d17016036a8e7ce0af1fd548eea9528a5c2210b,0,data/benign_original/benign/b9fa525896120d41a23176076d17016036a8e7ce0af1fd548eea9528a5c2210b.png
bbbd41df9ee8363af5927a1b8f8b6d373edc69b34069c3a1ff0e5696138a290d,1,data/malware_images/images/njrat/bbbd41df9ee8363af5927a1b8f8b6d373edc69b34069c3a1ff0e5696138a290d.png
7a31d09cfe9943fd971a89ab3e411ba085d3cb57bf27b0a8d1a591e4be6f9102,1,data/malware_images/images/GuLoader/7a31d09cfe9943fd971a89ab3e411ba085d3cb57bf27b0a8d1a591e4be6f9102.png
bf059b1d669cdd110e8c91e174798af58ba22b01352963bcf469cc43c69b62f2,0,data/benign_original/benign/bf059b1d669cdd110e8c91e174798af58ba22b01352963bcf469cc43c69b62f2.png
401879a6acda7e63c18e4699baf63fb822eec0bab1a080b2ef106ab1bf1f7e7d,1,data/malware_images/images/Heodo/401879a6acda7e63c18e4699baf63fb822eec0bab1a080b2ef106ab1bf1f7e7d.png
415ced3e253544e0b9fc68d1d53c8957ec6a9cca9b6be19f94155248f5dbc648,1,data/malware_images/images/Heodo/415ced3e253544e0b9fc68d1d53c8957ec6a9cca9b6be19f94155248f5dbc648.png
e1b6ec76f7c248f793d3cabcf1c479977a9212003af52a1af7f0b1d927f2e5f4,0,data/benign_original/benign/e1b6ec76f7c248f793d3cabcf1c479977a9212003af52a1af7f0b1d927f2e5f4.png
fcf3caea7800b8e2e7c62387c3693625da67b35dfe677754210824b87f59a919,0,data/benign_original/benign/fcf3caea7800b8e2e7c62387c3693625da67b35dfe677754210824b87f59a919.png
d75ba753c73a57c54822631593c0e647c575bfc8a6910c4515d6427c4c5538dc,0,data/benign_original/benign/d75ba753c73a57c54822631593c0e647c575bfc8a6910c4515d6427c4c5538dc.png
8e5d52727fd76e7fc3078c8bc3607e8d0fc2b4d9eaf09de824c59f2ed26b0f21,1,data/malware_images/images/Gozi/8e5d52727fd76e7fc3078c8bc3607e8d0fc2b4d9eaf09de824c59f2ed26b0f21.png
63bc6acebb569d3981dc0814545ac92f902f746e5764776e44a0556d22501c5a,1,data/malware_images/images/Trickbot/63bc6acebb569d3981dc0814545ac92f902f746e5764776e44a0556d22501c5a.png
f4796515b6b73dcf11c83c2e8f620a3fbe98368de745eadee79b6e7f04d01cbb,0,data/benign_original/benign/f4796515b6b73dcf11c83c2e8f620a3fbe98368de745eadee79b6e7f04d01cbb.png
4f8130693067523c153d09b000e48e744ca3b86388221a840349746ea6e561df,1,data/malware_images/images/GuLoader/4f8130693067523c153d09b000e48e744ca3b86388221a840349746ea6e561df.png
b5ee8bde9bf943f32d713d4554e7c6f60e316f9ca6c259ea90c758f59a0b3774,1,data/malware_images/images/IcedID/b5ee8bde9bf943f32d713d4554e7c6f60e316f9ca6c259ea90c758f59a0b3774.png
f02675fab9930729a76c42fcfe364160d5ed848f5f75783cf3d4ab4de47a6fc4,0,data/benign_original/benign/f02675fab9930729a76c42fcfe364160d5ed848f5f75783cf3d4ab4de47a6fc4.png
e740717a43bae46720509dabd54675d9ee02acb037749fd433d73a264360234a,0,data/benign_original/benign/e740717a43bae46720509dabd54675d9ee02acb037749fd433d73a264360234a.png
b824bf41145d2c810f66bc36b4bb71b660e01289bb1155b75567efbba018258d,1,data/malware_images/images/Trickbot/b824bf41145d2c810f66bc36b4bb71b660e01289bb1155b75567efbba018258d.png
1561b79e543e7e914eccf0b5bfa92867fbb07163aa4809ab5c6217dca11c3018,1,data/malware_images/images/njrat/1561b79e543e7e914eccf0b5bfa92867fbb07163aa4809ab5c6217dca11c3018.png
c1a2adb6c1ba460a4ab47cd023f68f5d7c0ed529089a345f1bcd35cafe6629aa,0,data/benign_original/benign/c1a2adb6c1ba460a4ab47cd023f68f5d7c0ed529089a345f1bcd35cafe6629aa.png
fb18a61d4b7d2bcea5823cc0ffe0df485f6680bbc22c6a8c534120d96297e678,0,data/benign_original/benign/fb18a61d4b7d2bcea5823cc0ffe0df485f6680bbc22c6a8c534120d96297e678.png
fc52fd1ac1801f371123d3eb0f8afaa3348c5a86e72c43beefb2a0ff3cfa1ac9,0,data/benign_original/benign/fc52fd1ac1801f371123d3eb0f8afaa3348c5a86e72c43beefb2a0ff3cfa1ac9.png
bb1b77addf64c351e3f646bd7c5591c466e9f6dd810bf3352fd047cacd54994a,0,data/benign_original/benign/bb1b77addf64c351e3f646bd7c5591c466e9f6dd810bf3352fd047cacd54994a.png
d73dd6ce20ef5e4a198f7b5179259e54adb467feee73b15bf973388e91dcbcd9,0,data/benign_original/benign/d73dd6ce20ef5e4a198f7b5179259e54adb467feee73b15bf973388e91dcbcd9.png
e09d60967b1158c9c7d7bce52110e66e203369e9b48ed7b4e45edeaab1d5f34c,0,data/benign_original/benign/e09d60967b1158c9c7d7bce52110e66e203369e9b48ed7b4e45edeaab1d5f34c.png
ff750ccf55c8d9045a3ad6c8966094e904a62b126fd6f2e96fb3c50e84ad1e35,0,data/benign_original/benign/ff750ccf55c8d9045a3ad6c8966094e904a62b126fd6f2e96fb3c50e84ad1e35.png
6e600fd9843414cf441a05bd50149beca5cd592dc6f62cda94047bd345778371,0,data/benign_original/benign/6e600fd9843414cf441a05bd50149beca5cd592dc6f62cda94047bd345778371.png
fc50dd0411834fada36e54914ce9a89d2123393bbb5ede9c90c3d8831ca09f7f,0,data/benign_original/benign/fc50dd0411834fada36e54914ce9a89d2123393bbb5ede9c90c3d8831ca09f7f.png
fc985205a345cd0f69d3830da2cdfadb5a54c828f712e7c583629801f4083cbd,0,data/benign_original/benign/fc985205a345cd0f69d3830da2cdfadb5a54c828f712e7c583629801f4083cbd.png
1c87a9ed062858fc9a6c2ece4b5a3052d70059d9e32afdc5194a97ccc7664835,0,data/benign_original/benign/1c87a9ed062858fc9a6c2ece4b5a3052d70059d9e32afdc5194a97ccc7664835.png
b7177a1e9ff1e77f9383a3831aa772cde7b6f3a19884e04a7f8a35ff798c9947,0,data/benign_original/benign/b7177a1e9ff1e77f9383a3831aa772cde7b6f3a19884e04a7f8a35ff798c9947.png
8d97b91ce882f9405b7a7de5b1f08fdef0a0db4303977140546ebff72af1bc7f,1,data/malware_images/images/IcedID/8d97b91ce882f9405b7a7de5b1f08fdef0a0db4303977140546ebff72af1bc7f.png
48c44bfd12f93fdd1c971da0c38fc7ca50d41ca383406290f587c73c27d26f76,1,data/malware_images/images/IcedID/48c44bfd12f93fdd1c971da0c38fc7ca50d41ca383406290f587c73c27d26f76.png
fc2d0c5de63ad79c00066d337f1976b99703a76a948e57ef448bcb4a0f711fe5,1,data/malware_images/images/Trickbot/fc2d0c5de63ad79c00066d337f1976b99703a76a948e57ef448bcb4a0f711fe5.png
c70c83f37089193500d834a470532d43b58105d238a2710c338a96d284758bfe,0,data/benign_original/benign/c70c83f37089193500d834a470532d43b58105d238a2710c338a96d284758bfe.png
aac2e4b0c734a92d7d91f12898c285511311fd2aebaa3f77b130b8b521b6f561,1,data/malware_images/images/Gozi/aac2e4b0c734a92d7d91f12898c285511311fd2aebaa3f77b130b8b521b6f561.png
248ba6c5364fce23c229d458ec8ad46acf075e11eaf81baa4f44b2b9acc3b88d,1,data/malware_images/images/GuLoader/248ba6c5364fce23c229d458ec8ad46acf075e11eaf81baa4f44b2b9acc3b88d.png
e3bf9af8d8917cbcb3127fa1c0b501ebce5e51b04aad459afb9dead63cf089f3,0,data/benign_original/benign/e3bf9af8d8917cbcb3127fa1c0b501ebce5e51b04aad459afb9dead63cf089f3.png
e5b7730daa39dc02a1618c39f249f2ffe5df128a06efbb712fb8e3b7ae840211,0,data/benign_original/benign/e5b7730daa39dc02a1618c39f249f2ffe5df128a06efbb712fb8e3b7ae840211.png
e2c95faad0301ed5ad29dbff1192b2f40eeee887d49886d8240b389ff4219d48,1,data/malware_images/images/Gozi/e2c95faad0301ed5ad29dbff1192b2f40eeee887d49886d8240b389ff4219d48.png
e50b45ac8a4821524d30603b391d45d07b2871bbbdfb54bee5267bf5d291fa27,1,data/malware_images/images/njrat/e50b45ac8a4821524d30603b391d45d07b2871bbbdfb54bee5267bf5d291fa27.png
da2c3684d8d87bdb1fd1f6b74a057cd73e4237bf0a63a929142e0581c9944756,0,data/benign_original/benign/da2c3684d8d87bdb1fd1f6b74a057cd73e4237bf0a63a929142e0581c9944756.png
bd6a202d9730d8604bbecf64a1a39b671ac4b7e1ecf0542d948f00bdb87ecc90,0,data/benign_original/benign/bd6a202d9730d8604bbecf64a1a39b671ac4b7e1ecf0542d948f00bdb87ecc90.png
9479fd75ed7c06581de100ecc92e0d9d48bb46248f5c025cd04b2f300138d62c,1,data/malware_images/images/njrat/9479fd75ed7c06581de100ecc92e0d9d48bb46248f5c025cd04b2f300138d62c.png
d092a84f4c6613fad78ccdd1a30ae079744f19b8e5eab95c669d1691039ac50f,1,data/malware_images/images/njrat/d092a84f4c6613fad78ccdd1a30ae079744f19b8e5eab95c669d1691039ac50f.png
1b17fc75a68fe091ae05f11e691996f4ecf647c9fb67fec38ebf51d4d7a62b40,1,data/malware_images/images/IcedID/1b17fc75a68fe091ae05f11e691996f4ecf647c9fb67fec38ebf51d4d7a62b40.png
37982d90cd8f85893f18d423c92d8d5c43d5e79c00f245baf9fa764977bba14f,1,data/malware_images/images/Gozi/37982d90cd8f85893f18d423c92d8d5c43d5e79c00f245baf9fa764977bba14f.png
c2b9bbe5c3c2c0c33e7a828b3472c79921e255e3196ce3784efd007cfd7adab9,0,data/benign_original/benign/c2b9bbe5c3c2c0c33e7a828b3472c79921e255e3196ce3784efd007cfd7adab9.png
b83e2c719ac2ba4e66ac04e5f0f7e0f3e764ce35373abc0175af64ebd7ad277b,0,data/benign_original/benign/b83e2c719ac2ba4e66ac04e5f0f7e0f3e764ce35373abc0175af64ebd7ad277b.png
57e6b117d6af28112a00517be11cc8561aad5d0eb0ad22b3b6ac860292b7771a,1,data/malware_images/images/Gozi/57e6b117d6af28112a00517be11cc8561aad5d0eb0ad22b3b6ac860292b7771a.png
fbecdf10df2d211041e9f2830fb7bb749b172e9c119c6ef8b8a54c856b145c4b,0,data/benign_original/benign/fbecdf10df2d211041e9f2830fb7bb749b172e9c119c6ef8b8a54c856b145c4b.png
377794e54b3c16c6f204c8f75b29b86bdb8ebc393dd06401c163513e922043a2,1,data/malware_images/images/njrat/377794e54b3c16c6f204c8f75b29b86bdb8ebc393dd06401c163513e922043a2.png
bd42088e0d3715964f9ffc235a5099ea480b935b6f100c20e8fe0adee0a9ab8e,0,data/benign_original/benign/bd42088e0d3715964f9ffc235a5099ea480b935b6f100c20e8fe0adee0a9ab8e.png
80e880dcf8a52f2497c60b044c128c3bc3b535c470e18116ae67714a19ef06a4,1,data/malware_images/images/Gozi/80e880dcf8a52f2497c60b044c128c3bc3b535c470e18116ae67714a19ef06a4.png
818b0f72518b5e6f8eaf0ff3df579811807b7814cabc50f93ecc8de0773bb317,1,data/malware_images/images/Heodo/818b0f72518b5e6f8eaf0ff3df579811807b7814cabc50f93ecc8de0773bb317.png
ac33c4ac79965cadc55db553dad90ed1f48754ea52ab7317f8814d0df0cad105,1,data/malware_images/images/IcedID/ac33c4ac79965cadc55db553dad90ed1f48754ea52ab7317f8814d0df0cad105.png
b76c4b7505c185d481c7d6fab1fcae59db525df5b8c3c71e3ddabac87846bab0,1,data/malware_images/images/Gozi/b76c4b7505c185d481c7d6fab1fcae59db525df5b8c3c71e3ddabac87846bab0.png
c0df7e19983f23c3b1f7244bb5a405f35f6b3f11a2d7f65be6b9dfcc4bf51f4c,1,data/malware_images/images/Gozi/c0df7e19983f23c3b1f7244bb5a405f35f6b3f11a2d7f65be6b9dfcc4bf51f4c.png
8e33267ec0f63c8cdd0bfaac8ca2e231326617683ee03d418dbd19ba00d1c2e1,1,data/malware_images/images/GuLoader/8e33267ec0f63c8cdd0bfaac8ca2e231326617683ee03d418dbd19ba00d1c2e1.png
c06f1db5aaf8bfcc2e84555c95862412bc2238b08b8efa7453259f60f46ea288,0,data/benign_original/benign/c06f1db5aaf8bfcc2e84555c95862412bc2238b08b8efa7453259f60f46ea288.png
aff4b392bc6e82b75f3ec9e091edacc9df1b6aeb46108b06142ed0bf53ff64c8,1,data/malware_images/images/Trickbot/aff4b392bc6e82b75f3ec9e091edacc9df1b6aeb46108b06142ed0bf53ff64c8.png
cd9b73fa3f1f3ac219de007102d1a5625eec0c86638c0d289b5933cc0ec86502,0,data/benign_original/benign/cd9b73fa3f1f3ac219de007102d1a5625eec0c86638c0d289b5933cc0ec86502.png
bfda5278b7d5f5330f543edd7b5a2129bb5ec022a5e821d96948890e554aa622,0,data/benign_original/benign/bfda5278b7d5f5330f543edd7b5a2129bb5ec022a5e821d96948890e554aa622.png
f051cd539eccc1cdaad65b3340f64a223bb3352d8f8013e363d532996568c3b0,0,data/benign_original/benign/f051cd539eccc1cdaad65b3340f64a223bb3352d8f8013e363d532996568c3b0.png
48c5bd8f31a9b6971d3eb1970b860199b75978efab688a6239936ed6306c9115,0,data/benign_original/benign/48c5bd8f31a9b6971d3eb1970b860199b75978efab688a6239936ed6306c9115.png
a8a23d61a64999e27bf093a7c8dff04293e1b3f56d9eb55dbd82956ae12a8a41,0,data/benign_original/benign/a8a23d61a64999e27bf093a7c8dff04293e1b3f56d9eb55dbd82956ae12a8a41.png
1894a01fbeaf372ce1622f49e28b518dc076bcb607a30108913b0592640222b3,1,data/malware_images/images/njrat/1894a01fbeaf372ce1622f49e28b518dc076bcb607a30108913b0592640222b3.png
f47d3bf7855ac674db6592f642c729dc428a89ea6aa87874894c4bbc29527f65,0,data/benign_original/benign/f47d3bf7855ac674db6592f642c729dc428a89ea6aa87874894c4bbc29527f65.png
2f95954f43958ff44c9a710a95c73a7e5407621c6b6b3cb0d2b4f243857f399e,1,data/malware_images/images/Trickbot/2f95954f43958ff44c9a710a95c73a7e5407621c6b6b3cb0d2b4f243857f399e.png
f6da2e0219a8d789008371f2c3c522406351d6796740bedd20f72e14d5325799,0,data/benign_original/benign/f6da2e0219a8d789008371f2c3c522406351d6796740bedd20f72e14d5325799.png
1b8b57fdccb30974af01938df1c16ade299d684fdf12278d7e1c4c036605a0c1,1,data/malware_images/images/njrat/1b8b57fdccb30974af01938df1c16ade299d684fdf12278d7e1c4c036605a0c1.png
eb2e970ce9d555ad8c44986d57ed78400e6de1274fee649421814398b2c89c95,0,data/benign_original/benign/eb2e970ce9d555ad8c44986d57ed78400e6de1274fee649421814398b2c89c95.png
4a656b42be9accaf0a2552fcf59479c50845cdaf6bde70b861848de22d6eb78d,1,data/malware_images/images/Gozi/4a656b42be9accaf0a2552fcf59479c50845cdaf6bde70b861848de22d6eb78d.png
efd7b4804cdea53cf7573f067f95357e0ce59a8c5a4b1158fd3d797543eda423,1,data/malware_images/images/Gozi/efd7b4804cdea53cf7573f067f95357e0ce59a8c5a4b1158fd3d797543eda423.png
c1b83327c254b4821392efa1c770029b841fdd2b741545cbf1f9dac0f273473c,0,data/benign_original/benign/c1b83327c254b4821392efa1c770029b841fdd2b741545cbf1f9dac0f273473c.png
cffb28f48a39b040f06f0563eaaac0a99f06accf37cc5da95383805c17c583c3,1,data/malware_images/images/GuLoader/cffb28f48a39b040f06f0563eaaac0a99f06accf37cc5da95383805c17c583c3.png
8bfba21a96ffd381fd83f7d3294939fb3bc590867e10afc53f6dc5f42d2743f7,1,data/malware_images/images/IcedID/8bfba21a96ffd381fd83f7d3294939fb3bc590867e10afc53f6dc5f42d2743f7.png
c93731f31342f7edcbe57b51c671fa2ab0da04271fb7b92f649aed21b4030315,0,data/benign_original/benign/c93731f31342f7edcbe57b51c671fa2ab0da04271fb7b92f649aed21b4030315.png
bc6c8e3b667828e3deb4e0d89baa5400af680421ab2d2d886880ea3fe704707d,0,data/benign_original/benign/bc6c8e3b667828e3deb4e0d89baa5400af680421ab2d2d886880ea3fe704707d.png
c0b68e55a31c2b8cb68be24ef5acbdafb15723230830dc8e251b199190218b13,0,data/benign_original/benign/c0b68e55a31c2b8cb68be24ef5acbdafb15723230830dc8e251b199190218b13.png
5383031cf366b7554d36163d2dc7c33316ce020897c4b9215d8d77822dba94f6,1,data/malware_images/images/IcedID/5383031cf366b7554d36163d2dc7c33316ce020897c4b9215d8d77822dba94f6.png
e39f1255e7dbf58adfc119d9fa6b2b59acbe4180bb0bd235545fc075e14bfe93,0,data/benign_original/benign/e39f1255e7dbf58adfc119d9fa6b2b59acbe4180bb0bd235545fc075e14bfe93.png
c6d98704e18686481839a4abb67b8e40abf0e05f4046c97b2cf59f82ab708cb6,0,data/benign_original/benign/c6d98704e18686481839a4abb67b8e40abf0e05f4046c97b2cf59f82ab708cb6.png
b648fa6bb8505d112ac68bbb2073b9786adaa3e2c2125d73595b7aed7db3f521,0,data/benign_original/benign/b648fa6bb8505d112ac68bbb2073b9786adaa3e2c2125d73595b7aed7db3f521.png
c60398d9455d323a727f0012afb81bdba3c3fa712405d6246e94b98a70cbe577,0,data/benign_original/benign/c60398d9455d323a727f0012afb81bdba3c3fa712405d6246e94b98a70cbe577.png
9bc8aae6a718540d1d4e87d8922a254cdb604369dcdf8de36a8cd7b69bbf4a07,1,data/malware_images/images/Gozi/9bc8aae6a718540d1d4e87d8922a254cdb604369dcdf8de36a8cd7b69bbf4a07.png
e8d4cab160e3fb2c3234e19af0cdd4d75135e34de00899c16e5ba574b515f028,0,data/benign_original/benign/e8d4cab160e3fb2c3234e19af0cdd4d75135e34de00899c16e5ba574b515f028.png
9ae3d2baf3c382b46b56e3e50547bd83bd1d6cc85f82aadaf2281a1b404e5fa0,1,data/malware_images/images/njrat/9ae3d2baf3c382b46b56e3e50547bd83bd1d6cc85f82aadaf2281a1b404e5fa0.png
959b72ba4753cdc0f1ed6bd648efd583458d8c6b0b635c395ffdf726264963d0,0,data/benign_original/benign/959b72ba4753cdc0f1ed6bd648efd583458d8c6b0b635c395ffdf726264963d0.png
dbf51889fb95ed46a824128ef165335d4662021bd8974f850e168478b77fe3cc,1,data/malware_images/images/GuLoader/dbf51889fb95ed46a824128ef165335d4662021bd8974f850e168478b77fe3cc.png
c2153dde3b47011e3f99b6d485fa3052cfdd6cf87325a162664b6014fc5416ed,0,data/benign_original/benign/c2153dde3b47011e3f99b6d485fa3052cfdd6cf87325a162664b6014fc5416ed.png
971614ec400a624969d1c3c83bb0b55859a7f069e16c9b4a448527c1b2697dde,1,data/malware_images/images/Gozi/971614ec400a624969d1c3c83bb0b55859a7f069e16c9b4a448527c1b2697dde.png
66cb052375cd7d242269f56305c4396747f29a5ae36c1a7435db1c1cfd3b706f,0,data/benign_original/benign/66cb052375cd7d242269f56305c4396747f29a5ae36c1a7435db1c1cfd3b706f.png
c975bf62a3a7052075ea96e738ec068759efadaf03dc73939e15252a8e8004ad,0,data/benign_original/benign/c975bf62a3a7052075ea96e738ec068759efadaf03dc73939e15252a8e8004ad.png
83f87fd5b2e359fb2f25a012421ab4d11885f0c511840ce568770eb3abad455b,0,data/benign_original/benign/83f87fd5b2e359fb2f25a012421ab4d11885f0c511840ce568770eb3abad455b.png
ff807afadd3f2a510a453ddec34f82d05102e36e43c5c8979a26295144c66c5a,0,data/benign_original/benign/ff807afadd3f2a510a453ddec34f82d05102e36e43c5c8979a26295144c66c5a.png
7d551ec57bbb16b306087fff015c63e52427166adbc4294e30db5531a0686da8,1,data/malware_images/images/Gozi/7d551ec57bbb16b306087fff015c63e52427166adbc4294e30db5531a0686da8.png
3083f9d6db559a41c084a14a71aabe077028d213faee0d265629129d11e30f6a,1,data/malware_images/images/IcedID/3083f9d6db559a41c084a14a71aabe077028d213faee0d265629129d11e30f6a.png
d0c78a60e1c48357a4828dc07a9e2880c9d2187f844ff6b3b2551fce3e05bb78,0,data/benign_original/benign/d0c78a60e1c48357a4828dc07a9e2880c9d2187f844ff6b3b2551fce3e05bb78.png
f7af575bf3a1b47d351f3b780c587a64a0bfeb5b76d54650066cfcf7e5e274ad,0,data/benign_original/benign/f7af575bf3a1b47d351f3b780c587a64a0bfeb5b76d54650066cfcf7e5e274ad.png
5b3fc1ff5d1316a44070c434404d0293c76742cb8168400e5d79431df9f7b7ef,1,data/malware_images/images/IcedID/5b3fc1ff5d1316a44070c434404d0293c76742cb8168400e5d79431df9f7b7ef.png
e10133f49597aa77d7a41265fbd6955cdf1337897af2cbed6e71d9667918a936,0,data/benign_original/benign/e10133f49597aa77d7a41265fbd6955cdf1337897af2cbed6e71d9667918a936.png
f1242979553b98e1f1e37c51b6f5c2f898299f7d863a26344237b7b3cfad69bd,0,data/benign_original/benign/f1242979553b98e1f1e37c51b6f5c2f898299f7d863a26344237b7b3cfad69bd.png
e4becd2f8101838118a719b75d5fb0076d7fdf1a053a1438bf443911e215a068,1,data/malware_images/images/Trickbot/e4becd2f8101838118a719b75d5fb0076d7fdf1a053a1438bf443911e215a068.png
b1d8ed021f1254463d7e7205eb4b3f72eca715f55b23b9255a94196ed427dafe,0,data/benign_original/benign/b1d8ed021f1254463d7e7205eb4b3f72eca715f55b23b9255a94196ed427dafe.png
7a8cc5e06b39affec26b3f1bcaae3fae4a3c35aac0d2b5d0ae0509e9d1f06090,0,data/benign_original/benign/7a8cc5e06b39affec26b3f1bcaae3fae4a3c35aac0d2b5d0ae0509e9d1f06090.png
08e1433330dd63f0f23cfcbd0caa4ab6ad7e36c408a898af2f17f00a2356e20c,1,data/malware_images/images/IcedID/08e1433330dd63f0f23cfcbd0caa4ab6ad7e36c408a898af2f17f00a2356e20c.png
f7fd53ef4db021334f40ac2e5f5f7423f1afa91832e3085923b12b49d40e25f4,0,data/benign_original/benign/f7fd53ef4db021334f40ac2e5f5f7423f1afa91832e3085923b12b49d40e25f4.png
e58259826e56a6aa9135a479f63761e829a1b52e2bb1abd06d6a47b84a427f5b,0,data/benign_original/benign/e58259826e56a6aa9135a479f63761e829a1b52e2bb1abd06d6a47b84a427f5b.png
ae9b4cd022ee5a3421fe70ae113b940a67b149f372b4256a9b7857bc0ecb47c2,1,data/malware_images/images/njrat/ae9b4cd022ee5a3421fe70ae113b940a67b149f372b4256a9b7857bc0ecb47c2.png
10224d8997af3d6985f25cb027fffe6f2e39e7db847695b64fe6eeb7e9546aca,1,data/malware_images/images/Gozi/10224d8997af3d6985f25cb027fffe6f2e39e7db847695b64fe6eeb7e9546aca.png
a7254c43bd2eb4569aa45d339a2aa09842eeebf1a82ec52bf356043334b16edc,1,data/malware_images/images/Gozi/a7254c43bd2eb4569aa45d339a2aa09842eeebf1a82ec52bf356043334b16edc.png
d60e22af80e42ea11e325174735f9f972642ea5b1d9cac4f23e2d309a5b4a221,1,data/malware_images/images/Trickbot/d60e22af80e42ea11e325174735f9f972642ea5b1d9cac4f23e2d309a5b4a221.png
ccbfa844d26eaa160c0b046281297072949810dec35067641d29d57c0b3c8acb,0,data/benign_original/benign/ccbfa844d26eaa160c0b046281297072949810dec35067641d29d57c0b3c8acb.png
ec33d59365a0a4cbc9eca3feeb9007c5590e5ead81c6a8f0c9967a8e93ba5fe2,1,data/malware_images/images/Gozi/ec33d59365a0a4cbc9eca3feeb9007c5590e5ead81c6a8f0c9967a8e93ba5fe2.png
734b259f20b4989df93555fde599b5ea9375a7c10f9e6abadb856bfe54343ec1,1,data/malware_images/images/Trickbot/734b259f20b4989df93555fde599b5ea9375a7c10f9e6abadb856bfe54343ec1.png
b227e1bda24bfb829680d22df0e026123ff89fcc41d436742090ef60c5685570,0,data/benign_original/benign/b227e1bda24bfb829680d22df0e026123ff89fcc41d436742090ef60c5685570.png
04924144ca270eac68e48eab3276f6fa1e4552398f8b9981de4bab58499c3e76,1,data/malware_images/images/Trickbot/04924144ca270eac68e48eab3276f6fa1e4552398f8b9981de4bab58499c3e76.png
c923490170912a5ab7e5e5f115e27efc64726e4a3620fdd6d6ef25b8bb8e83c7,0,data/benign_original/benign/c923490170912a5ab7e5e5f115e27efc64726e4a3620fdd6d6ef25b8bb8e83c7.png
ef8ba5dbddf275dc3facf55001812a6dedff1740acc64ddb77cc13f93172896b,1,data/malware_images/images/Trickbot/ef8ba5dbddf275dc3facf55001812a6dedff1740acc64ddb77cc13f93172896b.png
eb964b1306e00a58d387c1394a2e48f614b16fbb4ea73e55f444c4bc7ad757ce,0,data/benign_original/benign/eb964b1306e00a58d387c1394a2e48f614b16fbb4ea73e55f444c4bc7ad757ce.png
b6f77f06518d35345fb61172b6a13159125ed60c469d28b1a2e07970e9ddf81d,0,data/benign_original/benign/b6f77f06518d35345fb61172b6a13159125ed60c469d28b1a2e07970e9ddf81d.png
9dc7460f60edad5e337b9f9cf93c72292092096c326a8341c155ea7d4d477f1f,0,data/benign_original/benign/9dc7460f60edad5e337b9f9cf93c72292092096c326a8341c155ea7d4d477f1f.png
c51ca3083e89b49bd36b04d3e8f88d2db2d70b0868c687f28a31d9dc9b1fb003,0,data/benign_original/benign/c51ca3083e89b49bd36b04d3e8f88d2db2d70b0868c687f28a31d9dc9b1fb003.png
977956121fd42c67dd015a0b6587d173bfe118f89d26fb653459d8c0e801d224,1,data/malware_images/images/Gozi/977956121fd42c67dd015a0b6587d173bfe118f89d26fb653459d8c0e801d224.png
cddb94b07baa8502aa7ec15815606d89630fc6d62790a42fb9b0aabe76700de1,1,data/malware_images/images/IcedID/cddb94b07baa8502aa7ec15815606d89630fc6d62790a42fb9b0aabe76700de1.png
84fa6cc88962523379203593fe9e7e995177809870baec25b23a29bd93b3e5c3,1,data/malware_images/images/Gozi/84fa6cc88962523379203593fe9e7e995177809870baec25b23a29bd93b3e5c3.png
ef9354a9dcc7c212cbd87b556fbcf9dc8267bb8abbd9b1082c92cad239a0cb9c,1,data/malware_images/images/Gozi/ef9354a9dcc7c212cbd87b556fbcf9dc8267bb8abbd9b1082c92cad239a0cb9c.png
387d26467015fe41d1a694b0dc9f3a4a52e7e57f4ec0cfc63d636bef1d9f4df7,0,data/benign_original/benign/387d26467015fe41d1a694b0dc9f3a4a52e7e57f4ec0cfc63d636bef1d9f4df7.png
b1b29718d2ffcfd6364f634ddb5fb9ca82e689b5bac086bde095a53f79c135eb,0,data/benign_original/benign/b1b29718d2ffcfd6364f634ddb5fb9ca82e689b5bac086bde095a53f79c135eb.png
e30574cf3b5fc9bd267a42f736523775a2a21a2bb50a5c5fe5c1cc6c11cf119d,0,data/benign_original/benign/e30574cf3b5fc9bd267a42f736523775a2a21a2bb50a5c5fe5c1cc6c11cf119d.png
1b5463a7e736d02a79b9ba775acfa7cb14d4b0f6f4d3ee4336d7fe29f8b08947,1,data/malware_images/images/njrat/1b5463a7e736d02a79b9ba775acfa7cb14d4b0f6f4d3ee4336d7fe29f8b08947.png
ff96a57774c11e17c4831bb607fc2c313f78c6f32e102c7812b67e5510f780ce,0,data/benign_original/benign/ff96a57774c11e17c4831bb607fc2c313f78c6f32e102c7812b67e5510f780ce.png
dfb8cfcc2deaac7fff60d1ecbe97d09e54d6c85ff1e3e343a8a58f7c832a9074,1,data/malware_images/images/Gozi/dfb8cfcc2deaac7fff60d1ecbe97d09e54d6c85ff1e3e343a8a58f7c832a9074.png
d5588fbc980bf8ead6ddac00a56f2caae16dffa1f2c0995be911d1fc0d397630,0,data/benign_original/benign/d5588fbc980bf8ead6ddac00a56f2caae16dffa1f2c0995be911d1fc0d397630.png
5fd41a27b02e9e2c90fd4d98aeae32d41cd24d5efe80ec918c7ad7cc2514386f,0,data/benign_original/benign/5fd41a27b02e9e2c90fd4d98aeae32d41cd24d5efe80ec918c7ad7cc2514386f.png
f152525fc4c97b8cd9e90757c2f6994773b5c403e739f7208d86aeaef2424ceb,0,data/benign_original/benign/f152525fc4c97b8cd9e90757c2f6994773b5c403e739f7208d86aeaef2424ceb.png
c04dc6691ac1579711833b45cc6f040d0f221cb3a53f4ae81ade86228f3efa92,0,data/benign_original/benign/c04dc6691ac1579711833b45cc6f040d0f221cb3a53f4ae81ade86228f3efa92.png
c1ed75bf013efc6c451ef4ed9dc22c5c7592fb1e3f772215f608c41fa81205c7,0,data/benign_original/benign/c1ed75bf013efc6c451ef4ed9dc22c5c7592fb1e3f772215f608c41fa81205c7.png
556d3775a946b17fc052ed9703bed89cab36dcffbde89524f398e19588df5be6,1,data/malware_images/images/Trickbot/556d3775a946b17fc052ed9703bed89cab36dcffbde89524f398e19588df5be6.png
4d7f16cac6bc857152ca90ddc2758d302b4b29a5a15ec2548e49a45918d4202e,1,data/malware_images/images/GuLoader/4d7f16cac6bc857152ca90ddc2758d302b4b29a5a15ec2548e49a45918d4202e.png
d83913288ebcfeccbbf524c0dd8c93b6b8c8ad87b55c1e30ca21cd3b85da54f7,0,data/benign_original/benign/d83913288ebcfeccbbf524c0dd8c93b6b8c8ad87b55c1e30ca21cd3b85da54f7.png
f2fb740bbfd6e84c090c2ca9768aa6c2c2e72c40ff975d3db79cac59cff0bd57,0,data/benign_original/benign/f2fb740bbfd6e84c090c2ca9768aa6c2c2e72c40ff975d3db79cac59cff0bd57.png
c1e637bc449a3753a2afb727d54704949020fa74d6649f735d7616e1ce51360c,0,data/benign_original/benign/c1e637bc449a3753a2afb727d54704949020fa74d6649f735d7616e1ce51360c.png
2ab9bf80e3dd6d73b43e711b8941e81a2606ac315ffb771fdb9212033e90520d,1,data/malware_images/images/IcedID/2ab9bf80e3dd6d73b43e711b8941e81a2606ac315ffb771fdb9212033e90520d.png
d1da0c762271caceb202f079e9d7a2966cab497e0574d218b32de4792ea73481,0,data/benign_original/benign/d1da0c762271caceb202f079e9d7a2966cab497e0574d218b32de4792ea73481.png
7fbd00dba356cd0fa0610de89db477ae42416d2540c92ae4f0f8cf9c00cfacce,1,data/malware_images/images/Heodo/7fbd00dba356cd0fa0610de89db477ae42416d2540c92ae4f0f8cf9c00cfacce.png
c7d598210597f7514f5fe41975e63ae67ac562867bd91f8551723433fc73df89,0,data/benign_original/benign/c7d598210597f7514f5fe41975e63ae67ac562867bd91f8551723433fc73df89.png
d55d46790959a1e0f57c7011b845c65142295085b60f626e9507c6691886dd47,0,data/benign_original/benign/d55d46790959a1e0f57c7011b845c65142295085b60f626e9507c6691886dd47.png
c5a5005a443022ce4e5d293306d1e443a82f3e8b9b99d427b923a401b71e7f55,0,data/benign_original/benign/c5a5005a443022ce4e5d293306d1e443a82f3e8b9b99d427b923a401b71e7f55.png
6677ee6c6eb63f596781ec8ef15cc090554b663f8a035c55407b68072845598f,1,data/malware_images/images/njrat/6677ee6c6eb63f596781ec8ef15cc090554b663f8a035c55407b68072845598f.png
1f02d06a14d5e83c297271a24f9dad9f28d25e387bc65784077ddc27165290b5,1,data/malware_images/images/njrat/1f02d06a14d5e83c297271a24f9dad9f28d25e387bc65784077ddc27165290b5.png
cc46cfef260d8012bdc1e59dbfc64c82e067d11adb0b6d6d2dc89b705b49b9fe,0,data/benign_original/benign/cc46cfef260d8012bdc1e59dbfc64c82e067d11adb0b6d6d2dc89b705b49b9fe.png
fec26bcf3914d373b62c42eab9a41c347cae7575c83189ef8012e7db1d4ca484,1,data/malware_images/images/Gozi/fec26bcf3914d373b62c42eab9a41c347cae7575c83189ef8012e7db1d4ca484.png
6c5d94434cabe2cd2db3d2805bb57d694241d412b39a62243192121a9168f0d9,1,data/malware_images/images/Gozi/6c5d94434cabe2cd2db3d2805bb57d694241d412b39a62243192121a9168f0d9.png
365468cbebe0672aa23a32f8bf6d038f83315621e09bd7bee1aba71675e0e03a,1,data/malware_images/images/GuLoader/365468cbebe0672aa23a32f8bf6d038f83315621e09bd7bee1aba71675e0e03a.png
499343bde27d6c3fdd112b1ae48656c8e62e3dccc1fe682733c597b37f0a664d,0,data/benign_original/benign/499343bde27d6c3fdd112b1ae48656c8e62e3dccc1fe682733c597b37f0a664d.png
55e511207764c793e96626d4cfc8be1fb66394fb1d2a92fb053618859d852bea,1,data/malware_images/images/njrat/55e511207764c793e96626d4cfc8be1fb66394fb1d2a92fb053618859d852bea.png
3864ad8d8d8a1b7d41fdaf040356fbf9206e206fe41880cf5e5002cb4c4e8534,1,data/malware_images/images/njrat/3864ad8d8d8a1b7d41fdaf040356fbf9206e206fe41880cf5e5002cb4c4e8534.png
f0024eb58326ecae6437237c3125ce75be6c621ea4b1303fd5b9dfe96b1dff32,0,data/benign_original/benign/f0024eb58326ecae6437237c3125ce75be6c621ea4b1303fd5b9dfe96b1dff32.png
8fac7f5a497d4b313250507c1939fab835e49b75f532dea338231747784588da,1,data/malware_images/images/GuLoader/8fac7f5a497d4b313250507c1939fab835e49b75f532dea338231747784588da.png
92220a7bfec49f94eb182c7786e97c4f7cfb0c7b2ef30b07bb31a41ddf41b8b7,1,data/malware_images/images/Trickbot/92220a7bfec49f94eb182c7786e97c4f7cfb0c7b2ef30b07bb31a41ddf41b8b7.png
c1a18bc5ef90c9004067c97c6e2b98221fa61b99f03286d0ebb690d5b708ea36,0,data/benign_original/benign/c1a18bc5ef90c9004067c97c6e2b98221fa61b99f03286d0ebb690d5b708ea36.png
2476550bd33cd834fa3a3927eb30de299621870f50b5f0265453d10c74d65c55,1,data/malware_images/images/Trickbot/2476550bd33cd834fa3a3927eb30de299621870f50b5f0265453d10c74d65c55.png
b1ff01c02e7896b640781671308ce7f89720327435077e02cdbc2be777005663,0,data/benign_original/benign/b1ff01c02e7896b640781671308ce7f89720327435077e02cdbc2be777005663.png
f485f05a6f967851c865925f4dc1ff71b0f40568a944896833b7cc8a7d08b5b0,1,data/malware_images/images/Gozi/f485f05a6f967851c865925f4dc1ff71b0f40568a944896833b7cc8a7d08b5b0.png
be011da2f1ff875d0782e474cfbc5605be8ad67187121001d8916115fa7c7290,0,data/benign_original/benign/be011da2f1ff875d0782e474cfbc5605be8ad67187121001d8916115fa7c7290.png
4cea43e398bbe0261c140e4b01e404c1e92b9c37d924185f344671db63dcb28b,1,data/malware_images/images/njrat/4cea43e398bbe0261c140e4b01e404c1e92b9c37d924185f344671db63dcb28b.png
f2d0471233555243e9c6b5fa6ef71ee2547f85c95a4cf3a6de494c7edfd8cdfd,0,data/benign_original/benign/f2d0471233555243e9c6b5fa6ef71ee2547f85c95a4cf3a6de494c7edfd8cdfd.png
f0c85317295a2f34297aa8f6b6c48c2452d15700024c5f1492ed7ac1537a7c44,0,data/benign_original/benign/f0c85317295a2f34297aa8f6b6c48c2452d15700024c5f1492ed7ac1537a7c44.png
229d8d98a701a24e93b4e374092a5ce767fb859ffbc243cea9c1486b871dd4fb,1,data/malware_images/images/GuLoader/229d8d98a701a24e93b4e374092a5ce767fb859ffbc243cea9c1486b871dd4fb.png
c17076073d0ea1a3fa6bf57528c5125940b7f141c54c2f8c4e8823a6cb2ca9f3,0,data/benign_original/benign/c17076073d0ea1a3fa6bf57528c5125940b7f141c54c2f8c4e8823a6cb2ca9f3.png
c91847b9b00dddebd4f694412f2cc4c7346c15aa3cda2da856d9b0860a17ec50,1,data/malware_images/images/IcedID/c91847b9b00dddebd4f694412f2cc4c7346c15aa3cda2da856d9b0860a17ec50.png
d5ec0837bb176abf13dcd52c658c4e84c5264f67065b9c19679b6643f7d21564,0,data/benign_original/benign/d5ec0837bb176abf13dcd52c658c4e84c5264f67065b9c19679b6643f7d21564.png
9f3849e18bbc5116b6430849f460172540fee98344953178908ad14783d1c9c2,0,data/benign_original/benign/9f3849e18bbc5116b6430849f460172540fee98344953178908ad14783d1c9c2.png
d9f1b6f7b2d4024a214c109e5337cb1809798fc50b993e9232bb2133f1fb9645,0,data/benign_original/benign/d9f1b6f7b2d4024a214c109e5337cb1809798fc50b993e9232bb2133f1fb9645.png
93b97a21845ce83b086ad3c2d9af237a29a297d046140f20053f7570c9b972d8,1,data/malware_images/images/njrat/93b97a21845ce83b086ad3c2d9af237a29a297d046140f20053f7570c9b972d8.png
ff803e5cf73960209998882111157e9dce5515f496e3f057d40c64dbdb69b0c6,0,data/benign_original/benign/ff803e5cf73960209998882111157e9dce5515f496e3f057d40c64dbdb69b0c6.png
9a1fc2de129a140468451b41f79bd76f056f790550a500909f67cf009419a717,1,data/malware_images/images/Trickbot/9a1fc2de129a140468451b41f79bd76f056f790550a500909f67cf009419a717.png
83e9076753760835170cb3a4cbab7a3d8f72c458ccfc4e292f6927fd0f231d3e,1,data/malware_images/images/Trickbot/83e9076753760835170cb3a4cbab7a3d8f72c458ccfc4e292f6927fd0f231d3e.png
bc22d1ac7a12ddb061f5cd25dd61decd10c0e4f422b5721ca6b85be2785daff7,0,data/benign_original/benign/bc22d1ac7a12ddb061f5cd25dd61decd10c0e4f422b5721ca6b85be2785daff7.png
3c2959c2b584303b92d1bdef931e0cf8d4c418bded5025ef21f35f476aac4a26,1,data/malware_images/images/Gozi/3c2959c2b584303b92d1bdef931e0cf8d4c418bded5025ef21f35f476aac4a26.png
585b9a5e3aac2aa59c5741bc7f56029aeea7c00dd870dc6064f856c84bc70262,1,data/malware_images/images/njrat/585b9a5e3aac2aa59c5741bc7f56029aeea7c00dd870dc6064f856c84bc70262.png
e88e10d7f2102302a361bfd4b92b3678ba53a4c9dd1aeb042744ba17a27a4f2a,0,data/benign_original/benign/e88e10d7f2102302a361bfd4b92b3678ba53a4c9dd1aeb042744ba17a27a4f2a.png
17273c8be9915cd2fb55c8d6be93e424a48ec206025480365d9eba1a8d473ba8,1,data/malware_images/images/Heodo/17273c8be9915cd2fb55c8d6be93e424a48ec206025480365d9eba1a8d473ba8.png
c39152edd5c0dea90481410bf638076526671495e4c45381b3a2d2e8a9213a2a,0,data/benign_original/benign/c39152edd5c0dea90481410bf638076526671495e4c45381b3a2d2e8a9213a2a.png
f5d782df8daa066e48a6e43111f9df3e0c3ffd7fa25f4d83b4b3ad8d494c40ab,1,data/malware_images/images/Trickbot/f5d782df8daa066e48a6e43111f9df3e0c3ffd7fa25f4d83b4b3ad8d494c40ab.png
031b235aecbb9dd278dd748679c3103920a23a7f7eb5938b328346a7e45eece7,1,data/malware_images/images/njrat/031b235aecbb9dd278dd748679c3103920a23a7f7eb5938b328346a7e45eece7.png
f08c907f194d6305e43e76e4b8a9111e103355c584d35b201236e804c28b04bd,0,data/benign_original/benign/f08c907f194d6305e43e76e4b8a9111e103355c584d35b201236e804c28b04bd.png
e72102a301d17ce1d4a4173fce0d19f933c845b5907f5a4d4d8d670740d451ee,1,data/malware_images/images/Gozi/e72102a301d17ce1d4a4173fce0d19f933c845b5907f5a4d4d8d670740d451ee.png
bb9d6b447c528f2f9ab9d6e09be188162f7f50305e548c933e60d7c457679b3d,0,data/benign_original/benign/bb9d6b447c528f2f9ab9d6e09be188162f7f50305e548c933e60d7c457679b3d.png
bc5d1f96eae9bc772285fbd42b771ba0f3473560dc859c482ba704950eaed38b,0,data/benign_original/benign/bc5d1f96eae9bc772285fbd42b771ba0f3473560dc859c482ba704950eaed38b.png
d764e1ecfb9b2ca97027fc6fd85adda29375857c9b213ba869f15023983cf9b6,1,data/malware_images/images/njrat/d764e1ecfb9b2ca97027fc6fd85adda29375857c9b213ba869f15023983cf9b6.png
eade9443a5db4b6ee399ffcb88f8b4a7510f1028b711131c763c3c8141810cef,1,data/malware_images/images/Trickbot/eade9443a5db4b6ee399ffcb88f8b4a7510f1028b711131c763c3c8141810cef.png
4c9609f23d188492c49af0adc401dc388e0d08b2583baac4aa8442af41113352,1,data/malware_images/images/Gozi/4c9609f23d188492c49af0adc401dc388e0d08b2583baac4aa8442af41113352.png
db1bbeed75db65d23c1dab0453c2d863d2170cd561236a0f317801a93888526d,1,data/malware_images/images/Trickbot/db1bbeed75db65d23c1dab0453c2d863d2170cd561236a0f317801a93888526d.png
ee1de58c2ba48cad0b24dbaad59ba58f4afce3d2edbff6571b6c29c8ef9cabd0,0,data/benign_original/benign/ee1de58c2ba48cad0b24dbaad59ba58f4afce3d2edbff6571b6c29c8ef9cabd0.png
7a29b376f29234dbc572d99bc58eb2c8b1edd14a956ec418c837967855939164,1,data/malware_images/images/Gozi/7a29b376f29234dbc572d99bc58eb2c8b1edd14a956ec418c837967855939164.png
bbed41a62d8cd00a9bcdf9ae6568ab309322a696e71877af8c2a4c9e285b2410,1,data/malware_images/images/Trickbot/bbed41a62d8cd00a9bcdf9ae6568ab309322a696e71877af8c2a4c9e285b2410.png
d3a3217683c9251acd6f9b55b7059f6eecc5682ab81c48b6da0ad26e2a892256,0,data/benign_original/benign/d3a3217683c9251acd6f9b55b7059f6eecc5682ab81c48b6da0ad26e2a892256.png
5ee62c0b1871e6b689a410d8a19627f11b4f7ee057129ff857728e2ef58ec0b0,1,data/malware_images/images/Trickbot/5ee62c0b1871e6b689a410d8a19627f11b4f7ee057129ff857728e2ef58ec0b0.png
e28ff0e05ea42c895b2bb0622cf93d4baed599dc28a472d54c9d7aa44281111f,0,data/benign_original/benign/e28ff0e05ea42c895b2bb0622cf93d4baed599dc28a472d54c9d7aa44281111f.png
a9447372cc62144ca19196f8f18ffcb35f3907c10b8e4b2f442a026aeab5d05b,0,data/benign_original/benign/a9447372cc62144ca19196f8f18ffcb35f3907c10b8e4b2f442a026aeab5d05b.png
ffac977bfce3404de5a7988530358a68cc111621924422537566d58dcb788fcc,0,data/benign_original/benign/ffac977bfce3404de5a7988530358a68cc111621924422537566d58dcb788fcc.png
fee7a6af3d89e31c04a4f3752db1eab756515f256e277e0a856330bf1d26e160,0,data/benign_original/benign/fee7a6af3d89e31c04a4f3752db1eab756515f256e277e0a856330bf1d26e160.png
b1731a440cacf5770ddea30c8e1ad977c4a679e509953d799d9aa8c4d2638ada,0,data/benign_original/benign/b1731a440cacf5770ddea30c8e1ad977c4a679e509953d799d9aa8c4d2638ada.png
c8072a848eac7da8b2cfd2566d5cdc41501c95a641c1c4b2e3d67371c982cf22,0,data/benign_original/benign/c8072a848eac7da8b2cfd2566d5cdc41501c95a641c1c4b2e3d67371c982cf22.png
f5c3fa2b4ef254d36db3541e8e9a24f6649289daa589932549246629d2751e9d,0,data/benign_original/benign/f5c3fa2b4ef254d36db3541e8e9a24f6649289daa589932549246629d2751e9d.png
b02c253a85455b8eed9550325ba6b8a55b745281a7d1dbec58eb49e7d126b4cb,0,data/benign_original/benign/b02c253a85455b8eed9550325ba6b8a55b745281a7d1dbec58eb49e7d126b4cb.png
c913edbd99eb9b97eeda4439ffa5f2a7422863c6033cce17f5143b01475666e9,0,data/benign_original/benign/c913edbd99eb9b97eeda4439ffa5f2a7422863c6033cce17f5143b01475666e9.png
496686996582107344665c0b6eb4e7c7efe6f56f4d0a5d33e5b635bcb95a5926,1,data/malware_images/images/GuLoader/496686996582107344665c0b6eb4e7c7efe6f56f4d0a5d33e5b635bcb95a5926.png
d373f9f5ce949febc9dfd626f4f6197c3be70ac71a4655bc7f202d3b9b4157aa,0,data/benign_original/benign/d373f9f5ce949febc9dfd626f4f6197c3be70ac71a4655bc7f202d3b9b4157aa.png
edaad6c9c254f0799e1c6528ac77483cf2700cd934202e0f60f04f8d155c4f5e,1,data/malware_images/images/Gozi/edaad6c9c254f0799e1c6528ac77483cf2700cd934202e0f60f04f8d155c4f5e.png
a6f3f6538d52d1fd4afa2047f347bf318f3a59c08144a22599d692fc7b585e6d,1,data/malware_images/images/GuLoader/a6f3f6538d52d1fd4afa2047f347bf318f3a59c08144a22599d692fc7b585e6d.png
f99d2e4c587a0877ab81b4923b1a497afa893e9c9168a1da10c22435c3af2e97,1,data/malware_images/images/Gozi/f99d2e4c587a0877ab81b4923b1a497afa893e9c9168a1da10c22435c3af2e97.png
d5a57a1057d4b3d1c2de219ed2175355491f13327633135ffb3d161260393c98,0,data/benign_original/benign/d5a57a1057d4b3d1c2de219ed2175355491f13327633135ffb3d161260393c98.png
7d39a2f8ab8f46d47b1d53d3f8d5b429af20191dca8613287cd571268a5494d7,1,data/malware_images/images/njrat/7d39a2f8ab8f46d47b1d53d3f8d5b429af20191dca8613287cd571268a5494d7.png
f4fad4e9e147184a9947353f5c62139fdab7023e7005e805dfc9f9804ad2659a,0,data/benign_original/benign/f4fad4e9e147184a9947353f5c62139fdab7023e7005e805dfc9f9804ad2659a.png
8ac7111930e5dd247f91158bc0098bcb3b8f171c584194e1cd428908cf571d8a,1,data/malware_images/images/Trickbot/8ac7111930e5dd247f91158bc0098bcb3b8f171c584194e1cd428908cf571d8a.png
aa144b2a0303a5740f87a24b8a906c0f54828390bc333d146c07aa35f21962bf,0,data/benign_original/benign/aa144b2a0303a5740f87a24b8a906c0f54828390bc333d146c07aa35f21962bf.png
64ed137c6c4cc22533337a8acf615e2e95f6a7fc3e376dcfafcd5af6d5f05231,1,data/malware_images/images/Gozi/64ed137c6c4cc22533337a8acf615e2e95f6a7fc3e376dcfafcd5af6d5f05231.png
b8e036a826f2246f36aeb99cc281b4982e14aaa50fe351da02773c71ef0683f9,0,data/benign_original/benign/b8e036a826f2246f36aeb99cc281b4982e14aaa50fe351da02773c71ef0683f9.png
374eaee5e641064b906290fce1d69e7e640a10c9704431d8548147a1d949d428,0,data/benign_original/benign/374eaee5e641064b906290fce1d69e7e640a10c9704431d8548147a1d949d428.png
c444900170cfcfffd0053d55120ef3de1a37aef88ce5a927a3312b54411a4032,1,data/malware_images/images/GuLoader/c444900170cfcfffd0053d55120ef3de1a37aef88ce5a927a3312b54411a4032.png
8263b2fd09374585546353e8b61439dec4fb6e26d547d5ebed7696cab7dc8060,0,data/benign_original/benign/8263b2fd09374585546353e8b61439dec4fb6e26d547d5ebed7696cab7dc8060.png
d0dc087fda2c5d19061cc7dcc9bf035d04cc4f885ceafbe7d1cb090786a81abf,0,data/benign_original/benign/d0dc087fda2c5d19061cc7dcc9bf035d04cc4f885ceafbe7d1cb090786a81abf.png
c7bece8dcd0dd98d240f3b627045e3a464a3b27314a61cbcb79a5ac4ed538ba0,0,data/benign_original/benign/c7bece8dcd0dd98d240f3b627045e3a464a3b27314a61cbcb79a5ac4ed538ba0.png
d01446ce62bef9cfbe107cdfc1638728668ba24ee644bc3383e5b8e261cf6f6e,0,data/benign_original/benign/d01446ce62bef9cfbe107cdfc1638728668ba24ee644bc3383e5b8e261cf6f6e.png
c65e1ec43caa6deb0dcd41c70bff53f0e1d4fd00274e09327f842847d9dd13c8,0,data/benign_original/benign/c65e1ec43caa6deb0dcd41c70bff53f0e1d4fd00274e09327f842847d9dd13c8.png
1fd88b0f2a5cec3df0de5d80e052d38ff22adad438df73e652d7bff0ae3de96b,1,data/malware_images/images/GuLoader/1fd88b0f2a5cec3df0de5d80e052d38ff22adad438df73e652d7bff0ae3de96b.png
463821640265e75e16ca21d4c3977d8bddb774c3018227e27d6b63352e599b6e,0,data/benign_original/benign/463821640265e75e16ca21d4c3977d8bddb774c3018227e27d6b63352e599b6e.png
ff22389d334a7defc417577ca479d2dece86003ced337b50ca00d7d725b9110b,0,data/benign_original/benign/ff22389d334a7defc417577ca479d2dece86003ced337b50ca00d7d725b9110b.png
2e1358f9ad91545c01e71e416b922970cb035f587573da5dedceb30a04d7d772,1,data/malware_images/images/Gozi/2e1358f9ad91545c01e71e416b922970cb035f587573da5dedceb30a04d7d772.png
e613013cb4701a605ee070d219a7d6091e700bb41d2de486d7c4bf42d53e55f5,0,data/benign_original/benign/e613013cb4701a605ee070d219a7d6091e700bb41d2de486d7c4bf42d53e55f5.png
b37d3aeeac8f2b697eed939a3f43af0b4b2efb691f377c86315769ddcc72ba63,0,data/benign_original/benign/b37d3aeeac8f2b697eed939a3f43af0b4b2efb691f377c86315769ddcc72ba63.png
88c3ec0d56ce1c6ea8763ced6993e704e73b3fd105f40a142bc310fcd6efc77d,1,data/malware_images/images/Gozi/88c3ec0d56ce1c6ea8763ced6993e704e73b3fd105f40a142bc310fcd6efc77d.png
f0cecd729d37c57b12a7dd698c7d0e2c22d2a52d0c0c0f83126dbda548f50a29,1,data/malware_images/images/Trickbot/f0cecd729d37c57b12a7dd698c7d0e2c22d2a52d0c0c0f83126dbda548f50a29.png
58b5e00312deee5474cf42f0c86664254ae7123055219c342a80ab5754e48bf6,0,data/benign_original/benign/58b5e00312deee5474cf42f0c86664254ae7123055219c342a80ab5754e48bf6.png
bbf459d1ddd748dbef2709e0ad6c2003b40097c9495ac02dd641db9a7d4f86b2,0,data/benign_original/benign/bbf459d1ddd748dbef2709e0ad6c2003b40097c9495ac02dd641db9a7d4f86b2.png
012fcd9afd1147a39e04e47c527a0aaa5714abc8948631645558d677880f7a36,1,data/malware_images/images/Trickbot/012fcd9afd1147a39e04e47c527a0aaa5714abc8948631645558d677880f7a36.png
ce3cc60a0af909a711bead5a09bb9aa71b84b971855de862f33a164e9d1ffa05,1,data/malware_images/images/Trickbot/ce3cc60a0af909a711bead5a09bb9aa71b84b971855de862f33a164e9d1ffa05.png
5c616e633ee33cf1ebc784661459a1990201bc9baf77c6c59a8ee5d1b25dcde4,1,data/malware_images/images/njrat/5c616e633ee33cf1ebc784661459a1990201bc9baf77c6c59a8ee5d1b25dcde4.png
ee7d56095c1ccaa93fb2e86ae9381f77cc60cb332dbdcca49da63896349f98b8,0,data/benign_original/benign/ee7d56095c1ccaa93fb2e86ae9381f77cc60cb332dbdcca49da63896349f98b8.png
f46e785f0c2f4def40c95368853599d405294f52371d11998ab229193353c123,1,data/malware_images/images/IcedID/f46e785f0c2f4def40c95368853599d405294f52371d11998ab229193353c123.png
fd58b439e480246fd246ea2aa0572f379f70036b7521487a6e5ae151378871a1,0,data/benign_original/benign/fd58b439e480246fd246ea2aa0572f379f70036b7521487a6e5ae151378871a1.png
bb22c782d39cb9876fa572fb749b4dd41cc29435fe5bf405fea3c57bfb0636ab,0,data/benign_original/benign/bb22c782d39cb9876fa572fb749b4dd41cc29435fe5bf405fea3c57bfb0636ab.png
de0968f307fa8dd23a64548d3e8587014368c653c6003982571d4af3f0213a6b,1,data/malware_images/images/Trickbot/de0968f307fa8dd23a64548d3e8587014368c653c6003982571d4af3f0213a6b.png
6739301df01608fd2317175f72add2c77d998e16d5b37b30c6940a468a478d7a,1,data/malware_images/images/njrat/6739301df01608fd2317175f72add2c77d998e16d5b37b30c6940a468a478d7a.png
ddd966c02c79164eca6e2d38164c472fbd8e94b9b150ca1808d4354f3ec01968,0,data/benign_original/benign/ddd966c02c79164eca6e2d38164c472fbd8e94b9b150ca1808d4354f3ec01968.png
667bed787281da1a9260a1ebceed504815a645c6a37aaa08810f427c89132cdc,1,data/malware_images/images/Trickbot/667bed787281da1a9260a1ebceed504815a645c6a37aaa08810f427c89132cdc.png
c29547136356213c6c3fa9e49c4e5356d723ec4ae713bf2793fff9b9eb6449e1,1,data/malware_images/images/Trickbot/c29547136356213c6c3fa9e49c4e5356d723ec4ae713bf2793fff9b9eb6449e1.png
6da9387b15b610559fccc33c85fc328e56089b7356952782d0cdf49a9898404c,1,data/malware_images/images/GuLoader/6da9387b15b610559fccc33c85fc328e56089b7356952782d0cdf49a9898404c.png
cc4495418b61093842a2f0a61767e3d9b1a11272fe4ab101880dc51f4dfd143a,1,data/malware_images/images/IcedID/cc4495418b61093842a2f0a61767e3d9b1a11272fe4ab101880dc51f4dfd143a.png
fd901ccca28dd32c68370eaf942af33607fdbb173e8150aa46111139a1199d72,0,data/benign_original/benign/fd901ccca28dd32c68370eaf942af33607fdbb173e8150aa46111139a1199d72.png
380bdb86abe109d4275ecd284cace3ef2565bf00b893ec53375e6f71065ba58c,1,data/malware_images/images/GuLoader/380bdb86abe109d4275ecd284cace3ef2565bf00b893ec53375e6f71065ba58c.png
525e84690c9ed421e2fef9331729469af6d9ec8edbd67f55ccbcaab6b688bd0c,1,data/malware_images/images/Gozi/525e84690c9ed421e2fef9331729469af6d9ec8edbd67f55ccbcaab6b688bd0c.png
b839c8be2603a67cda5cb1c7f9caaff7e6484631193f33f0d0a53d4d439150ff,0,data/benign_original/benign/b839c8be2603a67cda5cb1c7f9caaff7e6484631193f33f0d0a53d4d439150ff.png
f160dbc9e66a30e098dc56aa9e783922d2023e323272dc99a008f9e16ce5b30a,0,data/benign_original/benign/f160dbc9e66a30e098dc56aa9e783922d2023e323272dc99a008f9e16ce5b30a.png
e5bb2009cdfd88952f35e04b8150479a9877a07d9c62018724ebcd7adbfa0b52,1,data/malware_images/images/Gozi/e5bb2009cdfd88952f35e04b8150479a9877a07d9c62018724ebcd7adbfa0b52.png
c51fed47ec2ec4f8197066df011ddffbbea95640b3faeb390ec35ee3823c1873,0,data/benign_original/benign/c51fed47ec2ec4f8197066df011ddffbbea95640b3faeb390ec35ee3823c1873.png
f6aee7179852a920b28b5951080e6b0d4cb20d69ffb3cd6b93c03fbe8285dfca,1,data/malware_images/images/Trickbot/f6aee7179852a920b28b5951080e6b0d4cb20d69ffb3cd6b93c03fbe8285dfca.png
b51bdb26c1a6560e7ec83ae3f2a20d1fbd8ce61f28b85d04220cad72a3d01c17,0,data/benign_original/benign/b51bdb26c1a6560e7ec83ae3f2a20d1fbd8ce61f28b85d04220cad72a3d01c17.png
b2ab1397e9e04b6a3a65a70e6036c848103b4076140ce917c12fe2d63264a314,0,data/benign_original/benign/b2ab1397e9e04b6a3a65a70e6036c848103b4076140ce917c12fe2d63264a314.png
d30a5461a272ecd221387b721bb9cb73fd02c796884252cca8d763a94876749b,0,data/benign_original/benign/d30a5461a272ecd221387b721bb9cb73fd02c796884252cca8d763a94876749b.png
07915c256ce7cb1c7e36a9ef84981a16e5f96c3c661a1fcce702a54d45ba3e56,1,data/malware_images/images/GuLoader/07915c256ce7cb1c7e36a9ef84981a16e5f96c3c661a1fcce702a54d45ba3e56.png
c83ae5695c48f86c4a90f32a1c2e2cf93656d6880e8e5322f671ef79a98fe934,1,data/malware_images/images/GuLoader/c83ae5695c48f86c4a90f32a1c2e2cf93656d6880e8e5322f671ef79a98fe934.png
5276b591cc35064bcf552fbd676416e4b8c4c0cfce0e0cec7da9703bdd9fccb1,1,data/malware_images/images/njrat/5276b591cc35064bcf552fbd676416e4b8c4c0cfce0e0cec7da9703bdd9fccb1.png
dfced46492c798edec55281c874b707af820b64e1f6d7e0e7a3ec1cae5158143,0,data/benign_original/benign/dfced46492c798edec55281c874b707af820b64e1f6d7e0e7a3ec1cae5158143.png
dc771d89c8373fe492081ac033096966dd32c233918e2c908a28b89158dec533,0,data/benign_original/benign/dc771d89c8373fe492081ac033096966dd32c233918e2c908a28b89158dec533.png
d9b295fd112474dd5b1a0736f0e3482654b4c23d326ca034e05d28dbf0904aaa,0,data/benign_original/benign/d9b295fd112474dd5b1a0736f0e3482654b4c23d326ca034e05d28dbf0904aaa.png
f8a91d71f5ad4e9884dc88fd334537ff89c1ea11fbbe39d66a10d07ba8c196a0,0,data/benign_original/benign/f8a91d71f5ad4e9884dc88fd334537ff89c1ea11fbbe39d66a10d07ba8c196a0.png
056e24e00506fa02bfc4fc447fa1a27480f96cc8cf125815f4f39361250812e5,0,data/benign_original/benign/056e24e00506fa02bfc4fc447fa1a27480f96cc8cf125815f4f39361250812e5.png
0dd3510b1088c0dd5ebd7f3692d6eeec53009cd6fb8de87650bfaf71bc5dcd07,1,data/malware_images/images/njrat/0dd3510b1088c0dd5ebd7f3692d6eeec53009cd6fb8de87650bfaf71bc5dcd07.png
3a9743ed0d0141a48b199bba62f02953d11f3f26901241a02979befd30eff27d,1,data/malware_images/images/Trickbot/3a9743ed0d0141a48b199bba62f02953d11f3f26901241a02979befd30eff27d.png
4b03d27900ea4693c1ebae204a08c60e3e34d44878dba1d3f37aecd30d086497,1,data/malware_images/images/Gozi/4b03d27900ea4693c1ebae204a08c60e3e34d44878dba1d3f37aecd30d086497.png
8b0385b15fe465c2f867ed3f68651ec7e0e964877e7a38e948e6b1a9ea565e3d,1,data/malware_images/images/Gozi/8b0385b15fe465c2f867ed3f68651ec7e0e964877e7a38e948e6b1a9ea565e3d.png
c43f4af00d6bd8d245248522eda74521180c12e1d4a41db93f0261a26446a305,0,data/benign_original/benign/c43f4af00d6bd8d245248522eda74521180c12e1d4a41db93f0261a26446a305.png
d985da8d926ca1dbd778dfc7e3ba9774784aeae24de7ae943eb2f8075c439a6c,1,data/malware_images/images/njrat/d985da8d926ca1dbd778dfc7e3ba9774784aeae24de7ae943eb2f8075c439a6c.png
a4071c9b7215d6840d992cd4954428cede8eda685985c13953db6031914f2828,1,data/malware_images/images/njrat/a4071c9b7215d6840d992cd4954428cede8eda685985c13953db6031914f2828.png
f2038c06ef9aac240cdd25d49de71784eb48c16d535c186628b7bc4f0484cd4f,0,data/benign_original/benign/f2038c06ef9aac240cdd25d49de71784eb48c16d535c186628b7bc4f0484cd4f.png
7a0c881bab8b1f60bce982687d44192d37120b0fe1ba4fbbd64d27c8aff3b640,1,data/malware_images/images/Trickbot/7a0c881bab8b1f60bce982687d44192d37120b0fe1ba4fbbd64d27c8aff3b640.png
e3b8530d540b87a4019742aa9d6cbfacf6c6583240bea5ac8319311e8dd195cb,0,data/benign_original/benign/e3b8530d540b87a4019742aa9d6cbfacf6c6583240bea5ac8319311e8dd195cb.png
25c9429ff8b291d1419924a794c0d73f5b7a91588dc0d22efe3815ab50073f83,0,data/benign_original/benign/25c9429ff8b291d1419924a794c0d73f5b7a91588dc0d22efe3815ab50073f83.png
0074b4e19d6ad55ab6573d7522ead0f75a84b866611cc8133d08b5800e3bb32a,1,data/malware_images/images/GuLoader/0074b4e19d6ad55ab6573d7522ead0f75a84b866611cc8133d08b5800e3bb32a.png
f2482fe8aebc9d6189c23088919a9e7aeea763e2b96173020dcfa6bd1c58997c,0,data/benign_original/benign/f2482fe8aebc9d6189c23088919a9e7aeea763e2b96173020dcfa6bd1c58997c.png
c85f81c3417f5946e73204b1f62037ed7c390cbaf3d21e87be2b583f69001d70,0,data/benign_original/benign/c85f81c3417f5946e73204b1f62037ed7c390cbaf3d21e87be2b583f69001d70.png
5c164db3a3028d0b83b94f4938a8c9d71f51d731c23346565ede67620786c56d,1,data/malware_images/images/IcedID/5c164db3a3028d0b83b94f4938a8c9d71f51d731c23346565ede67620786c56d.png
e17b626855a99cb900478be588cc73a331bc5a00204b4b97932f0ac6d705d308,1,data/malware_images/images/njrat/e17b626855a99cb900478be588cc73a331bc5a00204b4b97932f0ac6d705d308.png
8c98db778c851b49e11e744a28fd5340fdcd51a71e2fd87982cc1ad245a35e5c,1,data/malware_images/images/Trickbot/8c98db778c851b49e11e744a28fd5340fdcd51a71e2fd87982cc1ad245a35e5c.png
b50fb00b98ab8afbd86313a51b5a87552e882aac31c9087eaaa5a0aed8ef2fe1,0,data/benign_original/benign/b50fb00b98ab8afbd86313a51b5a87552e882aac31c9087eaaa5a0aed8ef2fe1.png
be6014049363443093c9d9cf9bf66336c820e38406b307c29120f3cceffa5f94,0,data/benign_original/benign/be6014049363443093c9d9cf9bf66336c820e38406b307c29120f3cceffa5f94.png
69f5dd31be4b28c7a27389e4bbc8dce881bd917724740c35c8a66b2ceadaa9b3,1,data/malware_images/images/njrat/69f5dd31be4b28c7a27389e4bbc8dce881bd917724740c35c8a66b2ceadaa9b3.png
f394be3f5bca6042b4c243810e61047cdc48802d278059ab03d07b2495e48704,1,data/malware_images/images/Gozi/f394be3f5bca6042b4c243810e61047cdc48802d278059ab03d07b2495e48704.png
eb5840f7b772b3c842827fc7dbd4c507589258480ecf237fb95f1d01e508263e,1,data/malware_images/images/GuLoader/eb5840f7b772b3c842827fc7dbd4c507589258480ecf237fb95f1d01e508263e.png
eb4320ce6a41f83e2480e14a0708b1bc9c7c9f3e05f4a0585096da97a6e790b0,0,data/benign_original/benign/eb4320ce6a41f83e2480e14a0708b1bc9c7c9f3e05f4a0585096da97a6e790b0.png
a8d57eb907322452cc697da9621c1d76eeb90149df55e6c116919265fff49ae7,1,data/malware_images/images/Trickbot/a8d57eb907322452cc697da9621c1d76eeb90149df55e6c116919265fff49ae7.png
f925e5bfedc8429af8682b09e591bfb936d3ad7f985d18bdc8aa97ee5f7075fc,0,data/benign_original/benign/f925e5bfedc8429af8682b09e591bfb936d3ad7f985d18bdc8aa97ee5f7075fc.png
fe3a9cbb47d096f5894284f03dfe93b70f8167e43ce4b3e7e930f7faf357a5f1,0,data/benign_original/benign/fe3a9cbb47d096f5894284f03dfe93b70f8167e43ce4b3e7e930f7faf357a5f1.png
fa7e9c28c7482b8201e1917c82f8f2c62cfc126237878f7b613fac29a0edfdde,0,data/benign_original/benign/fa7e9c28c7482b8201e1917c82f8f2c62cfc126237878f7b613fac29a0edfdde.png
d483304300c3b26bdbeec66171cace079c492c330240f6fcc80205685b3d8382,0,data/benign_original/benign/d483304300c3b26bdbeec66171cace079c492c330240f6fcc80205685b3d8382.png
b8c710913fa5901c3e9ba166de8b0cdc7d5849f8d0408878759c7cfecda6e752,1,data/malware_images/images/GuLoader/b8c710913fa5901c3e9ba166de8b0cdc7d5849f8d0408878759c7cfecda6e752.png
7d19c673e530f7eb3483205bf53e0f8efa2ca2d86c47692bcd35ecae9d1662dc,0,data/benign_original/benign/7d19c673e530f7eb3483205bf53e0f8efa2ca2d86c47692bcd35ecae9d1662dc.png
58d9f2b541ed1ea5a999bfa238dd02a4426c434f142cb83c960762df4bf01ff1,1,data/malware_images/images/Gozi/58d9f2b541ed1ea5a999bfa238dd02a4426c434f142cb83c960762df4bf01ff1.png
15bdc40e28fe263191974143265a1b9e718a1c8b4c30d03a54fbf54e047f7298,1,data/malware_images/images/IcedID/15bdc40e28fe263191974143265a1b9e718a1c8b4c30d03a54fbf54e047f7298.png
dfa26f7e8071ef91f7e2fc3e86aa57e9a38b0a99c48b8d4ab3e6a46955736efa,0,data/benign_original/benign/dfa26f7e8071ef91f7e2fc3e86aa57e9a38b0a99c48b8d4ab3e6a46955736efa.png
dc8299c3fb92c00d33f1722fa6ea385b1c5daa97d052e2813537361507024178,1,data/malware_images/images/GuLoader/dc8299c3fb92c00d33f1722fa6ea385b1c5daa97d052e2813537361507024178.png
f15b951d53e155f8347ee93b62912158bc97ec3856eae09440a03965dfb991df,1,data/malware_images/images/Gozi/f15b951d53e155f8347ee93b62912158bc97ec3856eae09440a03965dfb991df.png
e2e9a4b2ba146336f0771f49e77e00bc1960fa28efd9b72318a5826d69eba5b2,0,data/benign_original/benign/e2e9a4b2ba146336f0771f49e77e00bc1960fa28efd9b72318a5826d69eba5b2.png
ee78941a45c8c6c5d24317e2f216dcc5f2c19f8c86626fafc9331130425f7fc2,0,data/benign_original/benign/ee78941a45c8c6c5d24317e2f216dcc5f2c19f8c86626fafc9331130425f7fc2.png
4559d6da23e5dad9af5418c00c92c155e2f0c18d5b1252faf1973a0e10c3a6d7,1,data/malware_images/images/Gozi/4559d6da23e5dad9af5418c00c92c155e2f0c18d5b1252faf1973a0e10c3a6d7.png
693ff483dc5f45b1f00cab0caea12d4cbc4923eeba39098247a759a550553eba,1,data/malware_images/images/IcedID/693ff483dc5f45b1f00cab0caea12d4cbc4923eeba39098247a759a550553eba.png
e6673e5acde962e946f13294fd4396e7ddfdcd0586e4f9abf57c84b8cbf73dba,1,data/malware_images/images/Gozi/e6673e5acde962e946f13294fd4396e7ddfdcd0586e4f9abf57c84b8cbf73dba.png
6fede71248803463757ea05e875e0cdb97d38245c0d28597639aa797a90987ce,1,data/malware_images/images/IcedID/6fede71248803463757ea05e875e0cdb97d38245c0d28597639aa797a90987ce.png
52853793d20bfc3c53763aaeac55b30a7bddccfb9fd87d39f97dd0afb5fd2001,0,data/benign_original/benign/52853793d20bfc3c53763aaeac55b30a7bddccfb9fd87d39f97dd0afb5fd2001.png
d814fcc16f91306c05753e760e80269927cccbf40a4e399de5b9b36a2efb9795,0,data/benign_original/benign/d814fcc16f91306c05753e760e80269927cccbf40a4e399de5b9b36a2efb9795.png
3e19ed4f33254b7401b94a47e9a01a84990d22f76b6a31781d594d5c283adac9,1,data/malware_images/images/Trickbot/3e19ed4f33254b7401b94a47e9a01a84990d22f76b6a31781d594d5c283adac9.png
ed71e8ff9cca806b623eb168323e88a2eb78d184f175f5bd5fbcb10e4dee8fe8,0,data/benign_original/benign/ed71e8ff9cca806b623eb168323e88a2eb78d184f175f5bd5fbcb10e4dee8fe8.png
8eff332ab33fde8c4e9145d620f7d9beabbd7075e46e45bc87167a2c66e604c7,0,data/benign_original/benign/8eff332ab33fde8c4e9145d620f7d9beabbd7075e46e45bc87167a2c66e604c7.png
9ff3e2a010bb96dcfbb0093558b6cbcd92604b84766b14b2ff41cf7fc642b048,0,data/benign_original/benign/9ff3e2a010bb96dcfbb0093558b6cbcd92604b84766b14b2ff41cf7fc642b048.png
b626489ebe0858ca54dcf8bab79c24508b34206e9bc4e1e8a4ba7bae7f8af5ae,0,data/benign_original/benign/b626489ebe0858ca54dcf8bab79c24508b34206e9bc4e1e8a4ba7bae7f8af5ae.png
b0e4632a0f3f8b8844c369ca155e82c3d321f6882508159370cc06c7639601be,0,data/benign_original/benign/b0e4632a0f3f8b8844c369ca155e82c3d321f6882508159370cc06c7639601be.png
ddd82ce9d18112f53402fead757f13842cb574d61ea5a9159aede6f8e8adb67b,0,data/benign_original/benign/ddd82ce9d18112f53402fead757f13842cb574d61ea5a9159aede6f8e8adb67b.png
eb112e3344100cead311dcb7ba0298a19a48bc44af2908b2d9463b4f62d6ba77,1,data/malware_images/images/Trickbot/eb112e3344100cead311dcb7ba0298a19a48bc44af2908b2d9463b4f62d6ba77.png
da4e1bb6c651a569ee44eb2d2a37eaae7035a46d8281592b77666f0819fcf1c8,1,data/malware_images/images/IcedID/da4e1bb6c651a569ee44eb2d2a37eaae7035a46d8281592b77666f0819fcf1c8.png
07fe977241ab3c72ac5653b08767c0aa6f8e37d89f292a9fcc5b30a4e407e68c,1,data/malware_images/images/IcedID/07fe977241ab3c72ac5653b08767c0aa6f8e37d89f292a9fcc5b30a4e407e68c.png
b091b69a79cb709ff2d2496f414a9792af855bec34554951efcc6d206aeef260,0,data/benign_original/benign/b091b69a79cb709ff2d2496f414a9792af855bec34554951efcc6d206aeef260.png
dc2379ab09228678a8eb40678b5bb50908debe85dc74494acd6127207cbc6d72,0,data/benign_original/benign/dc2379ab09228678a8eb40678b5bb50908debe85dc74494acd6127207cbc6d72.png
dd6c4fd2c1f9b5c55fb4193deee19e72117642f29f2965d5c999b9fc3e5b2a6e,1,data/malware_images/images/Trickbot/dd6c4fd2c1f9b5c55fb4193deee19e72117642f29f2965d5c999b9fc3e5b2a6e.png
6364fd81c3d3860e85e6f9f956bd1f6584f85c61ae4ff3e16ac2285d22fb61c2,1,data/malware_images/images/njrat/6364fd81c3d3860e85e6f9f956bd1f6584f85c61ae4ff3e16ac2285d22fb61c2.png
749ff6c86c8b1c8f6adfa7d212a7db0d6fc2018ce9d5b6f003a7eef67dbf511d,1,data/malware_images/images/Trickbot/749ff6c86c8b1c8f6adfa7d212a7db0d6fc2018ce9d5b6f003a7eef67dbf511d.png
ddfeb94af17b3e278d4bc842425c9d7d5d155f09346cd573d3154d5fd147445d,0,data/benign_original/benign/ddfeb94af17b3e278d4bc842425c9d7d5d155f09346cd573d3154d5fd147445d.png
becadaa1d7471d428c61270ff0a71b851f9d2598ccb4a8921b1ebcdc9985c659,0,data/benign_original/benign/becadaa1d7471d428c61270ff0a71b851f9d2598ccb4a8921b1ebcdc9985c659.png
57430372b24815b5b1c97f78970701325aa27cbf4111bc591818ae606809018c,1,data/malware_images/images/Heodo/57430372b24815b5b1c97f78970701325aa27cbf4111bc591818ae606809018c.png
4c4c9c01fb049e7a50109f06dd36b40b68d4639a02e93a74c8070240d4c7f582,1,data/malware_images/images/Gozi/4c4c9c01fb049e7a50109f06dd36b40b68d4639a02e93a74c8070240d4c7f582.png
f5081055eca6a99fec71e4810b14ad5f58de6239973c5e1db54b12b9ad0d6786,0,data/benign_original/benign/f5081055eca6a99fec71e4810b14ad5f58de6239973c5e1db54b12b9ad0d6786.png
f6dcd2c9c175e1668bdb8e38f7fb10f3876473d71f9e8fd4115bd99a665a1789,1,data/malware_images/images/njrat/f6dcd2c9c175e1668bdb8e38f7fb10f3876473d71f9e8fd4115bd99a665a1789.png
ef9965e5c149d300e7a238829c52391670b14b517b0f32533201c0c2f962c931,0,data/benign_original/benign/ef9965e5c149d300e7a238829c52391670b14b517b0f32533201c0c2f962c931.png
5ce49d2a9eb5561a9e8e2d7261ed49bd73e334485527e962b1d7089dd3f5a342,1,data/malware_images/images/Trickbot/5ce49d2a9eb5561a9e8e2d7261ed49bd73e334485527e962b1d7089dd3f5a342.png
b2ef7713b3a135f50b27e9daf1d5d0a26cdf24292ea02b1896914cbb1e9dc157,1,data/malware_images/images/Trickbot/b2ef7713b3a135f50b27e9daf1d5d0a26cdf24292ea02b1896914cbb1e9dc157.png
cf650ecbc83b5375e81836942ab6fc4e2a208f94f2a34d0308cefef7d9f4273f,0,data/benign_original/benign/cf650ecbc83b5375e81836942ab6fc4e2a208f94f2a34d0308cefef7d9f4273f.png
852df49eddcced4bfeb403ef5705c9c559e72999f0830447e7c9d51d8437a4e0,1,data/malware_images/images/Trickbot/852df49eddcced4bfeb403ef5705c9c559e72999f0830447e7c9d51d8437a4e0.png
fb73d63f946a1fd1cbdff0efd14c0e749bea55c9264419460d8ac51a37053414,0,data/benign_original/benign/fb73d63f946a1fd1cbdff0efd14c0e749bea55c9264419460d8ac51a37053414.png
d03cae8da57bb1b0117726e67c3d71ea8144dfb23820bc30c310bfb8d6a56dfc,0,data/benign_original/benign/d03cae8da57bb1b0117726e67c3d71ea8144dfb23820bc30c310bfb8d6a56dfc.png
4ca57f999acfb7672f7fd45610874ab3cfb0ac8dd5e6d56b40de6c1234fedafe,1,data/malware_images/images/Heodo/4ca57f999acfb7672f7fd45610874ab3cfb0ac8dd5e6d56b40de6c1234fedafe.png
bce9bc57b3b00a15cb0687a7347be81491069d1b6687d6d328ea31d13a48cde8,0,data/benign_original/benign/bce9bc57b3b00a15cb0687a7347be81491069d1b6687d6d328ea31d13a48cde8.png
bd44ac38650e552afeb2c9e1836f3a4e1ac496af782f71b1638d41e58399292e,0,data/benign_original/benign/bd44ac38650e552afeb2c9e1836f3a4e1ac496af782f71b1638d41e58399292e.png
f51f4785bab3bd4c19f7173c16987efb98bd92df68ac9f8be792a398dc89b303,1,data/malware_images/images/njrat/f51f4785bab3bd4c19f7173c16987efb98bd92df68ac9f8be792a398dc89b303.png
71ca16ad8a35c683bf52bfa757db1715b6e35437d8e9e316bc1b7404dbdec3d8,1,data/malware_images/images/Trickbot/71ca16ad8a35c683bf52bfa757db1715b6e35437d8e9e316bc1b7404dbdec3d8.png
3677df63588d9e6e492e1e5b4164a8395a399565a31a18e9cd913f5cc712bf9e,0,data/benign_original/benign/3677df63588d9e6e492e1e5b4164a8395a399565a31a18e9cd913f5cc712bf9e.png
fbfa2afdad6e1a3e773be29a882f2ea0b8d70afea82b880d064a2f1465f0fe91,0,data/benign_original/benign/fbfa2afdad6e1a3e773be29a882f2ea0b8d70afea82b880d064a2f1465f0fe91.png
fc2b141800f468c344548a4344d963c06be5b8998368d616c6de2a8c4912a118,0,data/benign_original/benign/fc2b141800f468c344548a4344d963c06be5b8998368d616c6de2a8c4912a118.png
a87a1461c989e6a6a28768733633d89fb4a79e24a8475f745e379d958df68741,1,data/malware_images/images/Trickbot/a87a1461c989e6a6a28768733633d89fb4a79e24a8475f745e379d958df68741.png
c686e599f226aa4000acebabfdb688484b3c011491281cbbb5c2313353fda681,0,data/benign_original/benign/c686e599f226aa4000acebabfdb688484b3c011491281cbbb5c2313353fda681.png
e5376822834a56d26cf3379e31da312c66955af2e72561e30960c4101fcfae41,1,data/malware_images/images/Trickbot/e5376822834a56d26cf3379e31da312c66955af2e72561e30960c4101fcfae41.png
02026f323eea8b841f056a23b376cc58ca54956dd3c8216f87564d71c6736e06,1,data/malware_images/images/IcedID/02026f323eea8b841f056a23b376cc58ca54956dd3c8216f87564d71c6736e06.png
121494579fe7d4be119875fa31aa8b573911a797d528e1819d42373e5380bf18,1,data/malware_images/images/IcedID/121494579fe7d4be119875fa31aa8b573911a797d528e1819d42373e5380bf18.png
e6e45208a552b3ae816357e4fe679a11f7d7dde557e689c40690b3639520f254,1,data/malware_images/images/Trickbot/e6e45208a552b3ae816357e4fe679a11f7d7dde557e689c40690b3639520f254.png
fff8a3e80c166ff208b50c11c7ed03d4b61dd19d7b1603d59722c09b8fa302c2,0,data/benign_original/benign/fff8a3e80c166ff208b50c11c7ed03d4b61dd19d7b1603d59722c09b8fa302c2.png
8fa5d5ce91c563b03606038fc538ddbf3b62158d0c50e2e1393f587490190d0c,1,data/malware_images/images/Heodo/8fa5d5ce91c563b03606038fc538ddbf3b62158d0c50e2e1393f587490190d0c.png
b45444ecf668d0ad846fbc69950cb3354e35e3dccf3a926572d74b9fbdb910a2,0,data/benign_original/benign/b45444ecf668d0ad846fbc69950cb3354e35e3dccf3a926572d74b9fbdb910a2.png
fabbddc0e7bcb64cc57b68dbb4d26483086917a9dccb6a014b956f8554d539f5,0,data/benign_original/benign/fabbddc0e7bcb64cc57b68dbb4d26483086917a9dccb6a014b956f8554d539f5.png
92ddb732eda1a04bb7df6159d68d18ca5fcbf8316f45829034768ca10dbb3d50,1,data/malware_images/images/GuLoader/92ddb732eda1a04bb7df6159d68d18ca5fcbf8316f45829034768ca10dbb3d50.png
436ac40d5320883722273846cb47b55c79dc2608f776a6dc573f8b3153ecb8a8,1,data/malware_images/images/Gozi/436ac40d5320883722273846cb47b55c79dc2608f776a6dc573f8b3153ecb8a8.png
b869826409b92e8b77f8f4439927f91b07891710d24e2372cf5d1569d4dd141c,0,data/benign_original/benign/b869826409b92e8b77f8f4439927f91b07891710d24e2372cf5d1569d4dd141c.png
775680d359c5c5490062e223fd9a18e7136657b18cfc349bf1d5f02ac91c8d2c,1,data/malware_images/images/GuLoader/775680d359c5c5490062e223fd9a18e7136657b18cfc349bf1d5f02ac91c8d2c.png
8efc9f751770c0b2f11ab4d7239cdae47c5aab3eb9ae0bd87ac8e5e3588a66e0,1,data/malware_images/images/Trickbot/8efc9f751770c0b2f11ab4d7239cdae47c5aab3eb9ae0bd87ac8e5e3588a66e0.png
b7a83862b8feb4f0201631d6e11049d5f0d4a6d6a523b54644c079a3dfcf6220,0,data/benign_original/benign/b7a83862b8feb4f0201631d6e11049d5f0d4a6d6a523b54644c079a3dfcf6220.png
05419cb584d67a251d98a302aebeda680806e178d9aecb9265bc1e48dc8897bf,1,data/malware_images/images/Trickbot/05419cb584d67a251d98a302aebeda680806e178d9aecb9265bc1e48dc8897bf.png
f7415f9f7637e281c2a1016ff6d03bac0d76d5b65f402e0b57b93ba9ac3e65a1,0,data/benign_original/benign/f7415f9f7637e281c2a1016ff6d03bac0d76d5b65f402e0b57b93ba9ac3e65a1.png
eb61b65acf714daea5769f8fd4a3e9c901d1199ecd3321c5d0eda7b8d030cb31,0,data/benign_original/benign/eb61b65acf714daea5769f8fd4a3e9c901d1199ecd3321c5d0eda7b8d030cb31.png
304c2b3e1fd8437dc8cd2c9e36d497410d7162a975a0c1f896c41bd1d5bf5e31,1,data/malware_images/images/IcedID/304c2b3e1fd8437dc8cd2c9e36d497410d7162a975a0c1f896c41bd1d5bf5e31.png
1cacf612f5baa3e23c5bf1b4bfba01fb1b12cc173cd2e077e7b84f5b3e0d066a,1,data/malware_images/images/Heodo/1cacf612f5baa3e23c5bf1b4bfba01fb1b12cc173cd2e077e7b84f5b3e0d066a.png
a500ec91119693013b74f72f3b082eb704417e57b6f26883f488dea2b8f081cb,0,data/benign_original/benign/a500ec91119693013b74f72f3b082eb704417e57b6f26883f488dea2b8f081cb.png
edacdf7fa483618eed773b7862c588b2146aee4116b914ddb10bc0cf9a5f121b,0,data/benign_original/benign/edacdf7fa483618eed773b7862c588b2146aee4116b914ddb10bc0cf9a5f121b.png
f150968386a483c59b9fb81889724f3a99769dead04dbeafd338abc8ca03561b,0,data/benign_original/benign/f150968386a483c59b9fb81889724f3a99769dead04dbeafd338abc8ca03561b.png
c68e9d4aff16f8f4d78cb7a3f85ba3e5d0db63e5c8206719c76ed51f74841009,0,data/benign_original/benign/c68e9d4aff16f8f4d78cb7a3f85ba3e5d0db63e5c8206719c76ed51f74841009.png
4b53ec3b21dabd4fbf31dad89fbb71e3da0b992874e818726b3d59689b6a9acc,1,data/malware_images/images/njrat/4b53ec3b21dabd4fbf31dad89fbb71e3da0b992874e818726b3d59689b6a9acc.png
abfd516f0c6cbc380eaefd3da726160b16755fb00c38cafcaa02db61b7208ba7,1,data/malware_images/images/GuLoader/abfd516f0c6cbc380eaefd3da726160b16755fb00c38cafcaa02db61b7208ba7.png
8108b6460ecdf23ee9c1bb800dc330b657fa8481b5f95c8aaa3ccff9ee10d4c4,1,data/malware_images/images/GuLoader/8108b6460ecdf23ee9c1bb800dc330b657fa8481b5f95c8aaa3ccff9ee10d4c4.png
e6c5beeeaa953d66de06134c11bb7be8f65776bfc7ac6f4d2f2cb2c4479d927e,0,data/benign_original/benign/e6c5beeeaa953d66de06134c11bb7be8f65776bfc7ac6f4d2f2cb2c4479d927e.png
a1257d4a3359dc50732aba398d1ffbc492de590bf8297aed50561355253efb83,1,data/malware_images/images/njrat/a1257d4a3359dc50732aba398d1ffbc492de590bf8297aed50561355253efb83.png
954798e95563bc586c59f67b8da1224a1a637ddf6a4156977b2a1bc3c42fef42,1,data/malware_images/images/Trickbot/954798e95563bc586c59f67b8da1224a1a637ddf6a4156977b2a1bc3c42fef42.png
c6df3bbc26571fbcfc09fe724264d611ab727875ace228c06b1c52d485b98681,0,data/benign_original/benign/c6df3bbc26571fbcfc09fe724264d611ab727875ace228c06b1c52d485b98681.png
bb5efcfceb7f61bdf2418ff41d2d9479790959fe396d189c97db13d8a3665633,0,data/benign_original/benign/bb5efcfceb7f61bdf2418ff41d2d9479790959fe396d189c97db13d8a3665633.png
ab7b20718cab3d0b222d591d506d17525afbb5e80504c7b69cf5d9944b5f6699,0,data/benign_original/benign/ab7b20718cab3d0b222d591d506d17525afbb5e80504c7b69cf5d9944b5f6699.png
ba61cc378ff00f534ca2fcf694e5055815fb9bdc1f6ef368b5018f7112f91a24,1,data/malware_images/images/Trickbot/ba61cc378ff00f534ca2fcf694e5055815fb9bdc1f6ef368b5018f7112f91a24.png
a684608cdf4cde51559750d19322aa5c2dd3b99646ca384d5521aed786dffb60,1,data/malware_images/images/Trickbot/a684608cdf4cde51559750d19322aa5c2dd3b99646ca384d5521aed786dffb60.png
eae36db2fc09a2fdeaf69349c24dea2a7cc24b37d4292d74ea6698cd8a7bc859,0,data/benign_original/benign/eae36db2fc09a2fdeaf69349c24dea2a7cc24b37d4292d74ea6698cd8a7bc859.png
6dba2e48aacc9b2977159dd63f2d460cdf5781fec590e6b4fac04f6ace12f868,0,data/benign_original/benign/6dba2e48aacc9b2977159dd63f2d460cdf5781fec590e6b4fac04f6ace12f868.png
eab3314405f92ae64e873677f8c2f47c6d1b6acab14e3f9a27e3580dd8409b72,1,data/malware_images/images/GuLoader/eab3314405f92ae64e873677f8c2f47c6d1b6acab14e3f9a27e3580dd8409b72.png
ea1cec8ee804fc3fb38f4aec686f2a8bb8823cf75002bc464238927e3afbd1ff,1,data/malware_images/images/Gozi/ea1cec8ee804fc3fb38f4aec686f2a8bb8823cf75002bc464238927e3afbd1ff.png
9fa4342dbe88717b5ba6580b0280d147132d6b53d2932d4a0761071cb81bda95,0,data/benign_original/benign/9fa4342dbe88717b5ba6580b0280d147132d6b53d2932d4a0761071cb81bda95.png
b7786c23a595a39dc97d4b30f703c39c41403e59f160d8b7051195212e836b3c,0,data/benign_original/benign/b7786c23a595a39dc97d4b30f703c39c41403e59f160d8b7051195212e836b3c.png
bd35b9c7d716202333235287085fc7f86731c19e90d2dcfeb9ded52c2bd59e6b,0,data/benign_original/benign/bd35b9c7d716202333235287085fc7f86731c19e90d2dcfeb9ded52c2bd59e6b.png
11a1f22cc5614d2f8c58e698da5616f94805b5f9a4cd24d5433ea3d9aa3cfe02,0,data/benign_original/benign/11a1f22cc5614d2f8c58e698da5616f94805b5f9a4cd24d5433ea3d9aa3cfe02.png
d0411ed6c42fc12c860c8e43c3d993c6b210849443ba27d3219c36a8d222169b,0,data/benign_original/benign/d0411ed6c42fc12c860c8e43c3d993c6b210849443ba27d3219c36a8d222169b.png
9faebfc221b266f0e88b74878e7e0fd60e5089fde2213a52cb752d09a52d86a1,1,data/malware_images/images/Heodo/9faebfc221b266f0e88b74878e7e0fd60e5089fde2213a52cb752d09a52d86a1.png
fd4a0e49473322a8a98ff6f85e3c48bf2c265ca3ae3a00af4fa46718b1d48b02,1,data/malware_images/images/Trickbot/fd4a0e49473322a8a98ff6f85e3c48bf2c265ca3ae3a00af4fa46718b1d48b02.png
df1f22cc634826085eedbef5bf8e106493c821c9362baf6a3e4880878c9ae780,0,data/benign_original/benign/df1f22cc634826085eedbef5bf8e106493c821c9362baf6a3e4880878c9ae780.png
210a77e509feb0955579aed583222f65567146a727566cede7f0dff330e59e7d,1,data/malware_images/images/njrat/210a77e509feb0955579aed583222f65567146a727566cede7f0dff330e59e7d.png
d333e67190f3eb0ce3ca187771324222964fa978d587fbff9f3f566f4b828f49,1,data/malware_images/images/njrat/d333e67190f3eb0ce3ca187771324222964fa978d587fbff9f3f566f4b828f49.png
0e5007396123f9b1a018685b7cf2e42cc508b58ab216df305808f65408f21388,1,data/malware_images/images/GuLoader/0e5007396123f9b1a018685b7cf2e42cc508b58ab216df305808f65408f21388.png
d8e9c006edcf959f414ae7e3ff2e11af0885bc84cedc8249fdc1c5e71cdca8ba,0,data/benign_original/benign/d8e9c006edcf959f414ae7e3ff2e11af0885bc84cedc8249fdc1c5e71cdca8ba.png
e977a1c31bc0ca24d4bcd02a996113cf729d47dac8eb61db68a676fb788d8edc,1,data/malware_images/images/Gozi/e977a1c31bc0ca24d4bcd02a996113cf729d47dac8eb61db68a676fb788d8edc.png
ef7aedf478020430f7cb9e86bc603fc9c9b9475bf2134220e781a00001b7d100,1,data/malware_images/images/GuLoader/ef7aedf478020430f7cb9e86bc603fc9c9b9475bf2134220e781a00001b7d100.png
f41ecd87f53b55d9522b44568b617e29d4ba5b14778db4eb7480babecb0c4579,0,data/benign_original/benign/f41ecd87f53b55d9522b44568b617e29d4ba5b14778db4eb7480babecb0c4579.png
e5900c548205fb8a84b2799ea7920120990058f40f8ae0676253694832307f2d,0,data/benign_original/benign/e5900c548205fb8a84b2799ea7920120990058f40f8ae0676253694832307f2d.png
9f77e47ac5e5ce181305f6636b33e84c2fedd01e483b2d1a0a8a6c89a38720ed,1,data/malware_images/images/GuLoader/9f77e47ac5e5ce181305f6636b33e84c2fedd01e483b2d1a0a8a6c89a38720ed.png
46dde3c2af7b10bf91b40397dec7c18d436cd497960dd9697e888a7b7bf112b1,1,data/malware_images/images/Gozi/46dde3c2af7b10bf91b40397dec7c18d436cd497960dd9697e888a7b7bf112b1.png
5b8bcca6874eb87a0653adc3137d69a11c33c64a0087ad63646f39111ac2e62c,1,data/malware_images/images/GuLoader/5b8bcca6874eb87a0653adc3137d69a11c33c64a0087ad63646f39111ac2e62c.png
b83918509162fd65f397ddbc96fa4a20a3b0ec87ee4d43f45cbaa3e17bf4a770,0,data/benign_original/benign/b83918509162fd65f397ddbc96fa4a20a3b0ec87ee4d43f45cbaa3e17bf4a770.png
d8cfadf8ca1db786c57c54700fc6cdf98710b779fd4bd4b904dea19e9882c297,1,data/malware_images/images/njrat/d8cfadf8ca1db786c57c54700fc6cdf98710b779fd4bd4b904dea19e9882c297.png
ca0de41cc82287294a8db3a3eee08bab89d21da1c3740c585ef5682f2cf9fe35,0,data/benign_original/benign/ca0de41cc82287294a8db3a3eee08bab89d21da1c3740c585ef5682f2cf9fe35.png
e3be616e258172d4596cd61cbb6ec39b6e7aa0cf8138793783e21a4b6ab4c038,1,data/malware_images/images/IcedID/e3be616e258172d4596cd61cbb6ec39b6e7aa0cf8138793783e21a4b6ab4c038.png
1245803098a62e6a1937434a389ac5b95d104541acbb7f81f86caa4f56edda1b,1,data/malware_images/images/Gozi/1245803098a62e6a1937434a389ac5b95d104541acbb7f81f86caa4f56edda1b.png
a6a3a32943b72c76cf0cc33277619a87ec17bf372da5357bd7055cbe2457f715,1,data/malware_images/images/Gozi/a6a3a32943b72c76cf0cc33277619a87ec17bf372da5357bd7055cbe2457f715.png
45c23202a92baa4dbf97ac73c595cd4cbf462bd9886f95c228ed895b9040375c,1,data/malware_images/images/njrat/45c23202a92baa4dbf97ac73c595cd4cbf462bd9886f95c228ed895b9040375c.png
b73c828bd59d98c80f808b9db0c21be695f16da18fd754b87cba5b561a20be44,1,data/malware_images/images/Gozi/b73c828bd59d98c80f808b9db0c21be695f16da18fd754b87cba5b561a20be44.png
d4e04e3e99ee2e4ff9ebb41ed1e8d19e1d0f59f297f0ef6e72946ad466eb863d,1,data/malware_images/images/njrat/d4e04e3e99ee2e4ff9ebb41ed1e8d19e1d0f59f297f0ef6e72946ad466eb863d.png
bcec9dd555b7703dca7aace6894d1f9a657104ff59ae64fa48c7b92e10503337,0,data/benign_original/benign/bcec9dd555b7703dca7aace6894d1f9a657104ff59ae64fa48c7b92e10503337.png
f5258b1726629d3ec56c54c351715a565461b5a64bd85c871ec7fa270e1ed826,0,data/benign_original/benign/f5258b1726629d3ec56c54c351715a565461b5a64bd85c871ec7fa270e1ed826.png
d52946d61a17a9bd3db49187f2ca3c044fa549cfd67f03419204e2787c6272f1,0,data/benign_original/benign/d52946d61a17a9bd3db49187f2ca3c044fa549cfd67f03419204e2787c6272f1.png
fd8fdafb978ad98fff8fe412f05b112c1d24920c5fab2fb29eddbf2cd8aa54ea,0,data/benign_original/benign/fd8fdafb978ad98fff8fe412f05b112c1d24920c5fab2fb29eddbf2cd8aa54ea.png
f07a1f1db807433855a96aad57685380010292ceefe82405ffe0510ef4dcc2f2,0,data/benign_original/benign/f07a1f1db807433855a96aad57685380010292ceefe82405ffe0510ef4dcc2f2.png
fb03dd5a5a280706b8513ebf38a9422e5482bf4b89d024db5a13db477c6e8f86,1,data/malware_images/images/Trickbot/fb03dd5a5a280706b8513ebf38a9422e5482bf4b89d024db5a13db477c6e8f86.png
d2bc5be85fa4fe738bb81bd513e68a4afdae6ecf97d4581acc679beb9d988a1c,1,data/malware_images/images/Gozi/d2bc5be85fa4fe738bb81bd513e68a4afdae6ecf97d4581acc679beb9d988a1c.png
50d03841c746af17aeb161d25797f2ef5c0ff05aa8b15cd6ba04af63f17cf6a5,1,data/malware_images/images/Gozi/50d03841c746af17aeb161d25797f2ef5c0ff05aa8b15cd6ba04af63f17cf6a5.png
1007538050a92f07d23ac2be6956f577fbfd459381415b40a3b53b794a6d5211,1,data/malware_images/images/Gozi/1007538050a92f07d23ac2be6956f577fbfd459381415b40a3b53b794a6d5211.png
78e9ecbe1ad43a3e55286c52bebc0fd3fd51fca0ec8f48caceef60b612ecb4b6,1,data/malware_images/images/IcedID/78e9ecbe1ad43a3e55286c52bebc0fd3fd51fca0ec8f48caceef60b612ecb4b6.png
d6c8958745499fa86145a3c686dbe8c27d3aa0c2d453a85892703ce4e98c2d1a,0,data/benign_original/benign/d6c8958745499fa86145a3c686dbe8c27d3aa0c2d453a85892703ce4e98c2d1a.png
512c9c765ebe5207bf031964ac9f27d59c23bc013ac6588e8c3e2e44bd90236c,1,data/malware_images/images/njrat/512c9c765ebe5207bf031964ac9f27d59c23bc013ac6588e8c3e2e44bd90236c.png
ed399ba780b878ccd7d52c51b94f0170d3ecf44958cc8d563067864a29adc5eb,0,data/benign_original/benign/ed399ba780b878ccd7d52c51b94f0170d3ecf44958cc8d563067864a29adc5eb.png
cd28daeda3c8731030e2077e6eccbb609e2098919b05ff310bef8dce1dce2d8d,0,data/benign_original/benign/cd28daeda3c8731030e2077e6eccbb609e2098919b05ff310bef8dce1dce2d8d.png
d42b861e31de1ca299a8985e6bbbcbab663cd58b1ea8cc2c649b365d0b8429c0,0,data/benign_original/benign/d42b861e31de1ca299a8985e6bbbcbab663cd58b1ea8cc2c649b365d0b8429c0.png
f4b6e91512fe0328b34038152db2ef8e101969d8db2c372bfeff213a6f5066a9,1,data/malware_images/images/Trickbot/f4b6e91512fe0328b34038152db2ef8e101969d8db2c372bfeff213a6f5066a9.png
e960dc2d7d5956c01d663c03fb1b2a2bd66f22a8bddad0ebfb9ef26c8ae5cbe7,0,data/benign_original/benign/e960dc2d7d5956c01d663c03fb1b2a2bd66f22a8bddad0ebfb9ef26c8ae5cbe7.png
df3ca5e1bf3b64643ecff4b7081fda16bf744df224b53355d9a0dde728ee184f,0,data/benign_original/benign/df3ca5e1bf3b64643ecff4b7081fda16bf744df224b53355d9a0dde728ee184f.png
e5a12bb7257f38a3b9416031bf58a6a208726af2f2fac4a932577e665022a8ef,0,data/benign_original/benign/e5a12bb7257f38a3b9416031bf58a6a208726af2f2fac4a932577e665022a8ef.png
3b95da4a63198b1250b585db653af3b21bb20cc1689bf768f042d62d815c6ee4,1,data/malware_images/images/IcedID/3b95da4a63198b1250b585db653af3b21bb20cc1689bf768f042d62d815c6ee4.png
1c399464c1dfff7df5dafa9482398c3b1753b788319cbdb73e29d2e7ae9f84a7,1,data/malware_images/images/Heodo/1c399464c1dfff7df5dafa9482398c3b1753b788319cbdb73e29d2e7ae9f84a7.png
e3a6592d9cb5f9e78a58537c1846b12b04a9ac99ec8864a17bddd6dc5d8ca201,0,data/benign_original/benign/e3a6592d9cb5f9e78a58537c1846b12b04a9ac99ec8864a17bddd6dc5d8ca201.png
cc48c0c10d3f7489f9126fd03144a6a015c3374268cb75fa699fc3b215924ce7,0,data/benign_original/benign/cc48c0c10d3f7489f9126fd03144a6a015c3374268cb75fa699fc3b215924ce7.png
90a94255c2017221edd00cc99acd98a33e112e1182d9fd146d6a4ad9aa96921e,1,data/malware_images/images/GuLoader/90a94255c2017221edd00cc99acd98a33e112e1182d9fd146d6a4ad9aa96921e.png
ecc0342d88282fb61461578319d625994795227c7a2be0d7c764d960683a3219,0,data/benign_original/benign/ecc0342d88282fb61461578319d625994795227c7a2be0d7c764d960683a3219.png
e2c3c4353ccda08c13102fdb6b53f63ac2af6285954de11fa3cfa8b707ae0834,1,data/malware_images/images/Gozi/e2c3c4353ccda08c13102fdb6b53f63ac2af6285954de11fa3cfa8b707ae0834.png
bd39a7ea7016d479dc2c57185f7683a908333fcd31a8b62ec9e84537895802c6,1,data/malware_images/images/njrat/bd39a7ea7016d479dc2c57185f7683a908333fcd31a8b62ec9e84537895802c6.png
3e30d9e15ee915170a4823f8a603376b1c77de63199c635bceaa086072358a8f,1,data/malware_images/images/njrat/3e30d9e15ee915170a4823f8a603376b1c77de63199c635bceaa086072358a8f.png
27b5d536586dc6363e030ebd72925191a36c502ba25948c7a56b38c8fd414bfa,1,data/malware_images/images/njrat/27b5d536586dc6363e030ebd72925191a36c502ba25948c7a56b38c8fd414bfa.png
4fb606c8dea96198a15d8b6f2cea2ad6d7f281a8a757ffda986814efedfb9500,1,data/malware_images/images/njrat/4fb606c8dea96198a15d8b6f2cea2ad6d7f281a8a757ffda986814efedfb9500.png
a8967cdcb91ea12285cd9f365ef73895bf90283dbc00f197cfb49cec3c8c3886,1,data/malware_images/images/IcedID/a8967cdcb91ea12285cd9f365ef73895bf90283dbc00f197cfb49cec3c8c3886.png
fea6c70f47f30de75105042cc9356b59def243bc60e5effefbe8b5b69dc61b1b,1,data/malware_images/images/IcedID/fea6c70f47f30de75105042cc9356b59def243bc60e5effefbe8b5b69dc61b1b.png
71042d1c33cb49ff3cfe79416497b82b9f58a7e3179da4a1e5ce0e9a55342935,1,data/malware_images/images/GuLoader/71042d1c33cb49ff3cfe79416497b82b9f58a7e3179da4a1e5ce0e9a55342935.png
0bdf73d9c4ca164ebe1d178505cf34f0630fce85d4d130eb56bfa9d7f8ab328a,1,data/malware_images/images/njrat/0bdf73d9c4ca164ebe1d178505cf34f0630fce85d4d130eb56bfa9d7f8ab328a.png
b17ba3bc63190e004167d1ea7dc12af57b0cd29bf0ca13edeb4340f6a2c3cc62,0,data/benign_original/benign/b17ba3bc63190e004167d1ea7dc12af57b0cd29bf0ca13edeb4340f6a2c3cc62.png
52fd1baa60c9e16af74b9e71800d763eea08fd6f84a2b609f6abc4838bccf20e,0,data/benign_original/benign/52fd1baa60c9e16af74b9e71800d763eea08fd6f84a2b609f6abc4838bccf20e.png
df674ceb69ffeb8449181fddaaa7e28eea106cd8e60008189f3e2368e7483b30,0,data/benign_original/benign/df674ceb69ffeb8449181fddaaa7e28eea106cd8e60008189f3e2368e7483b30.png
fef1bd8f0d3cffae72f0ee21af87f02124e7acb5714e09249a86fc44d472afb6,0,data/benign_original/benign/fef1bd8f0d3cffae72f0ee21af87f02124e7acb5714e09249a86fc44d472afb6.png
0c1134c20c7f2a20eeda30f998c5e70336e56fa1fde05434028d97f3eeb31c33,0,data/benign_original/benign/0c1134c20c7f2a20eeda30f998c5e70336e56fa1fde05434028d97f3eeb31c33.png
ffa90ddf868cd0e9b2504369ef80c00e9c1419062486ff10cc4d1b7557913571,0,data/benign_original/benign/ffa90ddf868cd0e9b2504369ef80c00e9c1419062486ff10cc4d1b7557913571.png
fdb5e3c13cf45aaf33a5319f3f17a851c692f75627645e4a345a143b0ca47eea,0,data/benign_original/benign/fdb5e3c13cf45aaf33a5319f3f17a851c692f75627645e4a345a143b0ca47eea.png
fd433541fe0cb0d8c750769344a5e9ad00d9215a6327a7e3b0308bf31a022ead,0,data/benign_original/benign/fd433541fe0cb0d8c750769344a5e9ad00d9215a6327a7e3b0308bf31a022ead.png
37258621a30de267d09e0f722aafa48f8526cb52a5976d5816376e7080c31a68,1,data/malware_images/images/IcedID/37258621a30de267d09e0f722aafa48f8526cb52a5976d5816376e7080c31a68.png
e58126d696b0d8209920bfa394d804ad131878a589b0ef4cf768e077e9c7d86d,0,data/benign_original/benign/e58126d696b0d8209920bfa394d804ad131878a589b0ef4cf768e077e9c7d86d.png
90f6d27c8269a6dbbfbcd3c6735ae51bcc1942defd21c547004b33265e85b7e2,1,data/malware_images/images/njrat/90f6d27c8269a6dbbfbcd3c6735ae51bcc1942defd21c547004b33265e85b7e2.png
e3b9e0c9c3637a620a1fd51cf8bcf63bfe988193fc18fa7eb7a4d19e3b9ee467,1,data/malware_images/images/Gozi/e3b9e0c9c3637a620a1fd51cf8bcf63bfe988193fc18fa7eb7a4d19e3b9ee467.png
6effb44113f9ec256671821e4cacda032e08e64ca96064a523a960b643ab14cc,1,data/malware_images/images/Gozi/6effb44113f9ec256671821e4cacda032e08e64ca96064a523a960b643ab14cc.png
d55ad9ea7952222befaef0e2fad22e3f3c6aa29d33ad7ceda0723f6cb0375700,0,data/benign_original/benign/d55ad9ea7952222befaef0e2fad22e3f3c6aa29d33ad7ceda0723f6cb0375700.png
857e2db65d56ec90bf7ffd3c51df4e9c577ca6576e399065f3220a5195e1f9bb,0,data/benign_original/benign/857e2db65d56ec90bf7ffd3c51df4e9c577ca6576e399065f3220a5195e1f9bb.png
1a14c81206d4ba6deefd3530e6cdc950974b4d6df3524a9a4b00d7c5e041fd02,1,data/malware_images/images/njrat/1a14c81206d4ba6deefd3530e6cdc950974b4d6df3524a9a4b00d7c5e041fd02.png
b8b13e80b85787367fc3130fa98f7243baec3596ea69b7504feee8aa4db5ce9c,0,data/benign_original/benign/b8b13e80b85787367fc3130fa98f7243baec3596ea69b7504feee8aa4db5ce9c.png
ded8f2733e5ad2b74073fc99723e584eaf8ba302b9d99f444a390acdda60283a,0,data/benign_original/benign/ded8f2733e5ad2b74073fc99723e584eaf8ba302b9d99f444a390acdda60283a.png
0b4bb7af858e9428e43153bacc5bdebd4bf97f8e9f9c0dc2dd037fa181220381,1,data/malware_images/images/IcedID/0b4bb7af858e9428e43153bacc5bdebd4bf97f8e9f9c0dc2dd037fa181220381.png
ef638a4b3930fbc02a556338b49641f42cc5b5db93d9895c46d606a71fa09420,1,data/malware_images/images/njrat/ef638a4b3930fbc02a556338b49641f42cc5b5db93d9895c46d606a71fa09420.png
e345b30c097d70ff6e34273072a991e7d725349f09668bd362a1edbac5792051,1,data/malware_images/images/IcedID/e345b30c097d70ff6e34273072a991e7d725349f09668bd362a1edbac5792051.png
65be8e2530285775cc02a36cbf95a44481d1c43da620b0d88f2d14e1713559d3,1,data/malware_images/images/Trickbot/65be8e2530285775cc02a36cbf95a44481d1c43da620b0d88f2d14e1713559d3.png
78ddad43f2497876a5db7cc6e5f0f348db83acf631b87fe2989e74ef2b4fdeba,1,data/malware_images/images/Gozi/78ddad43f2497876a5db7cc6e5f0f348db83acf631b87fe2989e74ef2b4fdeba.png
63383f36546aedefcedaef474544f462af7680d2854d510684c5923b449bfd65,1,data/malware_images/images/njrat/63383f36546aedefcedaef474544f462af7680d2854d510684c5923b449bfd65.png
160d9aa1334d25adc5fca68774f3b7240f3cb0cb808a0d374a57896944050474,1,data/malware_images/images/Gozi/160d9aa1334d25adc5fca68774f3b7240f3cb0cb808a0d374a57896944050474.png
8d042a417c37d48336b24ca108669734e259c3298072ee95032ca4ff94928b85,0,data/benign_original/benign/8d042a417c37d48336b24ca108669734e259c3298072ee95032ca4ff94928b85.png
b7421238b86def849bf2e8f9a278f70136910bfe75b5ae8049eb33f0052fa06f,0,data/benign_original/benign/b7421238b86def849bf2e8f9a278f70136910bfe75b5ae8049eb33f0052fa06f.png
1658bfd3cbfc2979d8c362af7a0a1a82ad77d98f50e4d7ec1371a93bfe3abf6b,1,data/malware_images/images/Gozi/1658bfd3cbfc2979d8c362af7a0a1a82ad77d98f50e4d7ec1371a93bfe3abf6b.png
f37bf97d2541cca50adea3e628112a48f199d56ec27ecbd395700038fc69d789,0,data/benign_original/benign/f37bf97d2541cca50adea3e628112a48f199d56ec27ecbd395700038fc69d789.png
cc35eea69c8dee3bd4fb2d96eb05ad3d2c4ec1aac67bca14d0876cc2f790b76d,0,data/benign_original/benign/cc35eea69c8dee3bd4fb2d96eb05ad3d2c4ec1aac67bca14d0876cc2f790b76d.png
b68aa8ccb15033689a2dee77c844b587759e9580863060241f8bbac263de018e,0,data/benign_original/benign/b68aa8ccb15033689a2dee77c844b587759e9580863060241f8bbac263de018e.png
7b5fb3577e72b0b475c14e6be21d12ba40187709f11834f9de0bd5ba696b8e5e,1,data/malware_images/images/njrat/7b5fb3577e72b0b475c14e6be21d12ba40187709f11834f9de0bd5ba696b8e5e.png
de17b595043198f000f56225c386a2177d7d6a5decd42b08f5bf6938751131b2,1,data/malware_images/images/Trickbot/de17b595043198f000f56225c386a2177d7d6a5decd42b08f5bf6938751131b2.png
141a76a5a2479b8a45e76d07d1941ddc85f6910eeb53979ee53daff413ae9619,1,data/malware_images/images/Trickbot/141a76a5a2479b8a45e76d07d1941ddc85f6910eeb53979ee53daff413ae9619.png
cd2210b4b102a67f796ff1ddb3b4c0f6d91cea4c996d8cf4a620f56ee1a62064,0,data/benign_original/benign/cd2210b4b102a67f796ff1ddb3b4c0f6d91cea4c996d8cf4a620f56ee1a62064.png
abafeafa173768d556241bb6797fc4555b2358ce8d0dfdd81bab9f5f152c077f,1,data/malware_images/images/njrat/abafeafa173768d556241bb6797fc4555b2358ce8d0dfdd81bab9f5f152c077f.png
229541a8111051f7f06b6e4bb4dc02ad9daab952dc9a5c3333fcf768d6f1b7c8,1,data/malware_images/images/Trickbot/229541a8111051f7f06b6e4bb4dc02ad9daab952dc9a5c3333fcf768d6f1b7c8.png
3f1aba2b3b15a74272a5b6e0aed4fd4df9e9b0286574dfc418c8f7c367fbff6c,1,data/malware_images/images/Trickbot/3f1aba2b3b15a74272a5b6e0aed4fd4df9e9b0286574dfc418c8f7c367fbff6c.png
67a518c1354b702bb96fc4b6e347c327f7f5b5d9475322c29871bd698cc924c9,1,data/malware_images/images/Heodo/67a518c1354b702bb96fc4b6e347c327f7f5b5d9475322c29871bd698cc924c9.png
d1dd8e81ace4c0cccf58dfc334efb83abb7d7e9483d3403f268fe2321c547aac,0,data/benign_original/benign/d1dd8e81ace4c0cccf58dfc334efb83abb7d7e9483d3403f268fe2321c547aac.png
d5053441d7c519ba69016d70ba29c01230b24a9326dae9f21b4be53f509b510b,0,data/benign_original/benign/d5053441d7c519ba69016d70ba29c01230b24a9326dae9f21b4be53f509b510b.png
f2691221505e0bb91944e79ff1bc857f31f890f58cb2c0da19636a7a10cc77fd,0,data/benign_original/benign/f2691221505e0bb91944e79ff1bc857f31f890f58cb2c0da19636a7a10cc77fd.png
30ba14b339372a7cfb0cfbaacf9a0668ad7f4ba607bb5c49ddbae7a3b22b834b,0,data/benign_original/benign/30ba14b339372a7cfb0cfbaacf9a0668ad7f4ba607bb5c49ddbae7a3b22b834b.png
b7f295f047dceea8beb67326cc712e866f03eb4219585b83ecbaf8257e7c3b54,1,data/malware_images/images/njrat/b7f295f047dceea8beb67326cc712e866f03eb4219585b83ecbaf8257e7c3b54.png
3628120506e72e0e92d1bbd4e6066a8297340d3f3aad66ced5bbb5881e4cff1e,1,data/malware_images/images/GuLoader/3628120506e72e0e92d1bbd4e6066a8297340d3f3aad66ced5bbb5881e4cff1e.png
d74326a5fe0a35f99dd7e975a7f25993f7f0a46a605c8365dba26cf44ff9480e,0,data/benign_original/benign/d74326a5fe0a35f99dd7e975a7f25993f7f0a46a605c8365dba26cf44ff9480e.png
8798db80a2f0d82a1a59457232a1d22eaf4846e902331a5b4cf325da6d556355,1,data/malware_images/images/Gozi/8798db80a2f0d82a1a59457232a1d22eaf4846e902331a5b4cf325da6d556355.png
05874ff5dd5bac9d42dad4d4f6cd77903e6cfaa731106efa99a7c8958fed1dfc,1,data/malware_images/images/Trickbot/05874ff5dd5bac9d42dad4d4f6cd77903e6cfaa731106efa99a7c8958fed1dfc.png
bc341eccbdfecf1616134d92035e90b0622ec6731e5c5f74418f00ce3033a689,1,data/malware_images/images/njrat/bc341eccbdfecf1616134d92035e90b0622ec6731e5c5f74418f00ce3033a689.png
df6662b4db2739c458db89e55aa7ec2f793376627186e921ace43e66780df3d7,0,data/benign_original/benign/df6662b4db2739c458db89e55aa7ec2f793376627186e921ace43e66780df3d7.png
c4750afb248bf939dd8f01b4ea61e4039fb7a9436d81d8f455ddced36fdc7f7f,0,data/benign_original/benign/c4750afb248bf939dd8f01b4ea61e4039fb7a9436d81d8f455ddced36fdc7f7f.png
f3e8ce1df045f0cc96bd06af8ae57c745d462146e4cc0e1dba5841aae605d352,0,data/benign_original/benign/f3e8ce1df045f0cc96bd06af8ae57c745d462146e4cc0e1dba5841aae605d352.png
f2bee173c6b909ca4969007ac192c7b3c896a9a67b2fadd532ae36caa63ff0da,0,data/benign_original/benign/f2bee173c6b909ca4969007ac192c7b3c896a9a67b2fadd532ae36caa63ff0da.png
075b78459c3f99506ea66ec9612ec92593773417d754d321d516f561eac20983,1,data/malware_images/images/IcedID/075b78459c3f99506ea66ec9612ec92593773417d754d321d516f561eac20983.png
c1409cf7edc4ae0df90deba32e1087ec4fca5052809197edafb417a58172c0a5,0,data/benign_original/benign/c1409cf7edc4ae0df90deba32e1087ec4fca5052809197edafb417a58172c0a5.png
fa275ccd795e1383e75245bc53c3ff170bc67752f3d3026b85522e384129ea94,0,data/benign_original/benign/fa275ccd795e1383e75245bc53c3ff170bc67752f3d3026b85522e384129ea94.png
c81150d0d07583bfc8201f12f2587e760eaa988eff34bfab4bdb662b91f34242,1,data/malware_images/images/Gozi/c81150d0d07583bfc8201f12f2587e760eaa988eff34bfab4bdb662b91f34242.png
6dabb996f01a7a7bd89550eb458c5bceb36f95bfea587191821f0fa3f94d29c2,1,data/malware_images/images/Trickbot/6dabb996f01a7a7bd89550eb458c5bceb36f95bfea587191821f0fa3f94d29c2.png
dc846eccbdb149a7b83e1cefa8e67d615cd84d6f4680fafcfabe5209c71ef92f,1,data/malware_images/images/njrat/dc846eccbdb149a7b83e1cefa8e67d615cd84d6f4680fafcfabe5209c71ef92f.png
a1ba253ceab7c44472bc0fa7eb3da5606a4ff15f143179747b9b36d588b7d32e,1,data/malware_images/images/Trickbot/a1ba253ceab7c44472bc0fa7eb3da5606a4ff15f143179747b9b36d588b7d32e.png
09de3bac2c4cde6fa2a7e2539365a6f225d17683ad478f00203c5a538b1e43ae,1,data/malware_images/images/Trickbot/09de3bac2c4cde6fa2a7e2539365a6f225d17683ad478f00203c5a538b1e43ae.png
ba82518aa2e7f9481e30c696537542c5d25d9ed5dfa12c4bd933e7084299caa9,0,data/benign_original/benign/ba82518aa2e7f9481e30c696537542c5d25d9ed5dfa12c4bd933e7084299caa9.png
b4215da103161d817a98d9def4802e3551ff49b600765f2c2b6a9fc4f593c50e,0,data/benign_original/benign/b4215da103161d817a98d9def4802e3551ff49b600765f2c2b6a9fc4f593c50e.png
3443fcafb440dc897fd5a3f091571e4b49662ac544c745648bf020b370075856,1,data/malware_images/images/Trickbot/3443fcafb440dc897fd5a3f091571e4b49662ac544c745648bf020b370075856.png
29b946238beb2a8c557a8a883b6666f3fe7314254fe61e067037d650fad88a3d,0,data/benign_original/benign/29b946238beb2a8c557a8a883b6666f3fe7314254fe61e067037d650fad88a3d.png
73f32ab414285cfff2040dacd956c2a9b53f156e7c8c0f3bad1e0317d61259cd,1,data/malware_images/images/njrat/73f32ab414285cfff2040dacd956c2a9b53f156e7c8c0f3bad1e0317d61259cd.png
6cfa6754f2c32d3856972eceda81e57c0a274c80419482b6fe3910966b67a114,1,data/malware_images/images/GuLoader/6cfa6754f2c32d3856972eceda81e57c0a274c80419482b6fe3910966b67a114.png
925ffa3e1903ae8b1e7f7ae9b5c88d607d7b9d7fbaff9313c7fa15c37f1b8d8c,1,data/malware_images/images/njrat/925ffa3e1903ae8b1e7f7ae9b5c88d607d7b9d7fbaff9313c7fa15c37f1b8d8c.png
9fbef301703a0ed03cfd6c61a5522eb14ff9c834d97a53bf2b1eef5b54471763,1,data/malware_images/images/IcedID/9fbef301703a0ed03cfd6c61a5522eb14ff9c834d97a53bf2b1eef5b54471763.png
bcbf823b9860265c9363307d7b7f6015aee0cf1116fcc95c43c948ce73d07455,1,data/malware_images/images/Trickbot/bcbf823b9860265c9363307d7b7f6015aee0cf1116fcc95c43c948ce73d07455.png
a6ece6e136ca72afef1af71a3026d9d4dbdcc9356507fb8e449967ea8ae838aa,0,data/benign_original/benign/a6ece6e136ca72afef1af71a3026d9d4dbdcc9356507fb8e449967ea8ae838aa.png
e64044d454298ea6ff03f47e702960a5054a654393e74f04462cbe522daa3a5b,0,data/benign_original/benign/e64044d454298ea6ff03f47e702960a5054a654393e74f04462cbe522daa3a5b.png
0f77b1fb5f4848703da462f84d0de845268f7a1bfb6f08d59726a3e224a4567a,1,data/malware_images/images/IcedID/0f77b1fb5f4848703da462f84d0de845268f7a1bfb6f08d59726a3e224a4567a.png
da6bef4475c440da73736dc6a500dc5fc8435387250e94b6d8877bb7d3b915b9,0,data/benign_original/benign/da6bef4475c440da73736dc6a500dc5fc8435387250e94b6d8877bb7d3b915b9.png
d58e0a9609b684b1631da14976eb5c96c06ea3392c7bd64d58250df87866abfa,0,data/benign_original/benign/d58e0a9609b684b1631da14976eb5c96c06ea3392c7bd64d58250df87866abfa.png
e6739f8d8fa1e804bbc43648c40c5940e64fb5707c9915954ff87809ef940c15,0,data/benign_original/benign/e6739f8d8fa1e804bbc43648c40c5940e64fb5707c9915954ff87809ef940c15.png
60c12df67e7c48820b91dab6c867077469ca4dfadecc43a0b738aee1af12bc68,1,data/malware_images/images/njrat/60c12df67e7c48820b91dab6c867077469ca4dfadecc43a0b738aee1af12bc68.png
62b561b31a5adbedc6210728e804c1335410ec8aa9e63526d066aaf4ea3ccb48,1,data/malware_images/images/GuLoader/62b561b31a5adbedc6210728e804c1335410ec8aa9e63526d066aaf4ea3ccb48.png
eaa8395acf4bbb48715a6ad00730abca3b282c4a1ed56b85cb25c69e6c181cba,0,data/benign_original/benign/eaa8395acf4bbb48715a6ad00730abca3b282c4a1ed56b85cb25c69e6c181cba.png
afbf9eeb5f3c9ec9bb411c1a7c43a8166136bec4217c1fa4f26353eca90778f0,0,data/benign_original/benign/afbf9eeb5f3c9ec9bb411c1a7c43a8166136bec4217c1fa4f26353eca90778f0.png
16e2f6e7f96cce86ba0d82a595e59f749b19345901540f0b2f42861b85e71df0,1,data/malware_images/images/Trickbot/16e2f6e7f96cce86ba0d82a595e59f749b19345901540f0b2f42861b85e71df0.png
d7731a1df856d0a19344fd0b80dadd4e4be6b6136236fba6543bb66c1f015e81,0,data/benign_original/benign/d7731a1df856d0a19344fd0b80dadd4e4be6b6136236fba6543bb66c1f015e81.png
f2ccad77171e446356c37f20111c868235ccb8d1475f900989d220912a280564,0,data/benign_original/benign/f2ccad77171e446356c37f20111c868235ccb8d1475f900989d220912a280564.png
b614396c688b511ddfcda114032b858bc8ab435783f549576c367b595e4abb2c,0,data/benign_original/benign/b614396c688b511ddfcda114032b858bc8ab435783f549576c367b595e4abb2c.png
ce06050c2e4e5a8a8c7399725809234a958fc7a91383ad1e5c4c01e3b0a7fbb2,0,data/benign_original/benign/ce06050c2e4e5a8a8c7399725809234a958fc7a91383ad1e5c4c01e3b0a7fbb2.png
ed5fa416a8660d08987dba723ba7d3900c73d9b52633bcf44db0c27baa7aba69,0,data/benign_original/benign/ed5fa416a8660d08987dba723ba7d3900c73d9b52633bcf44db0c27baa7aba69.png
bbca17d6bf50588b5f42d7030e6dfd1933cb8f265120f94c4ef6db04e56def3d,0,data/benign_original/benign/bbca17d6bf50588b5f42d7030e6dfd1933cb8f265120f94c4ef6db04e56def3d.png
f02c20eb8352ec9c9198c3d9c939a78b50b93baef0fe506f8e4b477cef491f5a,0,data/benign_original/benign/f02c20eb8352ec9c9198c3d9c939a78b50b93baef0fe506f8e4b477cef491f5a.png
cbceff6f23665e5941b7af68b1586dad5941ca61f11eabb3e7eb9240c17ef039,1,data/malware_images/images/Heodo/cbceff6f23665e5941b7af68b1586dad5941ca61f11eabb3e7eb9240c17ef039.png
c617025de51763299fcfeb65a3ca54a455121588d790e67c4c6b9e49904783b6,0,data/benign_original/benign/c617025de51763299fcfeb65a3ca54a455121588d790e67c4c6b9e49904783b6.png
0dd503759a2e0b3c2cf8568ae463ea7ad13abd9a80f387df762a7fa63edd5166,0,data/benign_original/benign/0dd503759a2e0b3c2cf8568ae463ea7ad13abd9a80f387df762a7fa63edd5166.png
f726468c915ac572bb6ed8dfe343035567cfb6f6650214467a1a9bba9e22a716,0,data/benign_original/benign/f726468c915ac572bb6ed8dfe343035567cfb6f6650214467a1a9bba9e22a716.png
e583cd425b5a4e130d284bd02719bd560c054cdb8ca917ddb231fcdaa07e0b6b,0,data/benign_original/benign/e583cd425b5a4e130d284bd02719bd560c054cdb8ca917ddb231fcdaa07e0b6b.png
c441e16e0883c309117cec2b6fb9d9ce8b1285ccdc810d81846af4ace628560e,0,data/benign_original/benign/c441e16e0883c309117cec2b6fb9d9ce8b1285ccdc810d81846af4ace628560e.png
9ba9a1a91f95af2c080fd2620128c13397218b88f16999d05b208f0b28b0a2a2,0,data/benign_original/benign/9ba9a1a91f95af2c080fd2620128c13397218b88f16999d05b208f0b28b0a2a2.png
1226f06efc6ec7de3acc3612bb777846643361a09d226c41bf4ef745c1a34683,1,data/malware_images/images/IcedID/1226f06efc6ec7de3acc3612bb777846643361a09d226c41bf4ef745c1a34683.png
d88f8d5db77f0ba912d278b6d5f96663b3470b5e4937636aba3b449299d0e049,1,data/malware_images/images/njrat/d88f8d5db77f0ba912d278b6d5f96663b3470b5e4937636aba3b449299d0e049.png
68b10f267b45b46c47b5a54757bef27fd237f296ba69c067e9fc7c596ac85140,1,data/malware_images/images/Gozi/68b10f267b45b46c47b5a54757bef27fd237f296ba69c067e9fc7c596ac85140.png
eac814cee400a078e2d549ba6e3d7bd09d1bc9805a1c6c9ec0610a0e558472a1,0,data/benign_original/benign/eac814cee400a078e2d549ba6e3d7bd09d1bc9805a1c6c9ec0610a0e558472a1.png
e95e529332a0b13bbd1e0cf62a7408bbadb4a9fdd37c4d697dae08f4b78784f1,0,data/benign_original/benign/e95e529332a0b13bbd1e0cf62a7408bbadb4a9fdd37c4d697dae08f4b78784f1.png
b42ce8eaa816e2afe3d50b14a0df476aa461d6301daf3eeb0d1422a0a7be3c09,0,data/benign_original/benign/b42ce8eaa816e2afe3d50b14a0df476aa461d6301daf3eeb0d1422a0a7be3c09.png
15b8e25d1c8c51ec49e55b7c5435b01994a42a146b78e36f8bff9002af737aa5,1,data/malware_images/images/Trickbot/15b8e25d1c8c51ec49e55b7c5435b01994a42a146b78e36f8bff9002af737aa5.png
bf7cf93dce7c33a2a90cd057709fce1c11d8695ef64acfbcaada498ae16fc955,0,data/benign_original/benign/bf7cf93dce7c33a2a90cd057709fce1c11d8695ef64acfbcaada498ae16fc955.png
c182117ee6c4a27ef8cd7399a5f2ef21757d0fbbf2532204ebf093435eedff77,0,data/benign_original/benign/c182117ee6c4a27ef8cd7399a5f2ef21757d0fbbf2532204ebf093435eedff77.png
b5d37b76fe107d5d23f498b582cf11dc1b3c4649c844ed7dc7c2e27001072823,0,data/benign_original/benign/b5d37b76fe107d5d23f498b582cf11dc1b3c4649c844ed7dc7c2e27001072823.png
2827db6c614d6e3177223bc37ae35a6c52308776fa437ac6def42988d2f446d0,1,data/malware_images/images/Trickbot/2827db6c614d6e3177223bc37ae35a6c52308776fa437ac6def42988d2f446d0.png
ef9c484335d4546ba91ed23cd5a9891286a6b940dd71e61585999c20078d2d3a,0,data/benign_original/benign/ef9c484335d4546ba91ed23cd5a9891286a6b940dd71e61585999c20078d2d3a.png
f508afb3a24ea2a3865ef48de1c0f2886ac26641ea6c517c727041e11a15e886,1,data/malware_images/images/njrat/f508afb3a24ea2a3865ef48de1c0f2886ac26641ea6c517c727041e11a15e886.png
3af49fce9f6cc25060d3793a775511c4139411304e51ac4c70d4fb1ed7431e35,1,data/malware_images/images/GuLoader/3af49fce9f6cc25060d3793a775511c4139411304e51ac4c70d4fb1ed7431e35.png
fd9a58a1ecdcfcfe67bc1eb8d2d2d35ec30a93651c6c60cca4c519b19c20be39,1,data/malware_images/images/GuLoader/fd9a58a1ecdcfcfe67bc1eb8d2d2d35ec30a93651c6c60cca4c519b19c20be39.png
d7e33a4fd99feb97f0ac6b16840ef1a962985ad47c3df6ab7e29b8bdb5fab371,1,data/malware_images/images/Trickbot/d7e33a4fd99feb97f0ac6b16840ef1a962985ad47c3df6ab7e29b8bdb5fab371.png
d57c06eb847a8efd198dbc9664959c4dec57bbdecb103d5b872bd1b84e20934e,1,data/malware_images/images/njrat/d57c06eb847a8efd198dbc9664959c4dec57bbdecb103d5b872bd1b84e20934e.png
f24a5d888d4a9a274d2d923cdb4a1b30dc95608f7b592eb77f1be02ada2b8c3a,0,data/benign_original/benign/f24a5d888d4a9a274d2d923cdb4a1b30dc95608f7b592eb77f1be02ada2b8c3a.png
4c75f0933d8bdaadf8ee2c2f8324e58a53161dc7a3d8ca4885ac82f36e01c817,1,data/malware_images/images/Trickbot/4c75f0933d8bdaadf8ee2c2f8324e58a53161dc7a3d8ca4885ac82f36e01c817.png
cd327c510c630f47d64c6e7bde422574480f57f6c455d41a2b0c7072e43779f7,1,data/malware_images/images/Trickbot/cd327c510c630f47d64c6e7bde422574480f57f6c455d41a2b0c7072e43779f7.png
ed309bb895d8ac35e56652413b64ccffa304a279e5e7990943b28801136f336c,1,data/malware_images/images/Gozi/ed309bb895d8ac35e56652413b64ccffa304a279e5e7990943b28801136f336c.png
26fa2a7473445e296ebb56322d8ea2f5653eb9050b058032b9dc5cd33a690d13,0,data/benign_original/benign/26fa2a7473445e296ebb56322d8ea2f5653eb9050b058032b9dc5cd33a690d13.png
6228369b1db37994b08838202ae25509021f9b5904d78abdde6fe838aca2c45d,1,data/malware_images/images/Heodo/6228369b1db37994b08838202ae25509021f9b5904d78abdde6fe838aca2c45d.png
fd6da5fa6efb3eb07ba08e17552c827f73a48a078c9b10336d787a37da31efcb,1,data/malware_images/images/Trickbot/fd6da5fa6efb3eb07ba08e17552c827f73a48a078c9b10336d787a37da31efcb.png
b961083e8fa6d619c03e90c2c1f0882404dbae4635664e1bc37699239dfc5bd0,0,data/benign_original/benign/b961083e8fa6d619c03e90c2c1f0882404dbae4635664e1bc37699239dfc5bd0.png
cfce9bfbe11b534e1fc28d59efed233b7490f081380a016b45b2357b4be1f173,0,data/benign_original/benign/cfce9bfbe11b534e1fc28d59efed233b7490f081380a016b45b2357b4be1f173.png
b945ec14d8bd4fd9150deffabbc0943a301fd56b283f6b6eb93dbf15e6083bdd,0,data/benign_original/benign/b945ec14d8bd4fd9150deffabbc0943a301fd56b283f6b6eb93dbf15e6083bdd.png
82712982d5c88201bbccd4f788b59ae9e8164aa39d5415df9c609577b5e15a5b,0,data/benign_original/benign/82712982d5c88201bbccd4f788b59ae9e8164aa39d5415df9c609577b5e15a5b.png
e77c51ee76cde36adf1ad4a2461a3d29e6964aa13fde870c4e6fad041cebbec8,1,data/malware_images/images/IcedID/e77c51ee76cde36adf1ad4a2461a3d29e6964aa13fde870c4e6fad041cebbec8.png
df3be72be588f2b532738f0e78ea853f79facfb8bb26d4e5882de3fe1481780a,0,data/benign_original/benign/df3be72be588f2b532738f0e78ea853f79facfb8bb26d4e5882de3fe1481780a.png
8acca08a2375c6e143aa203ccd4e16f8b13f3cd54254c3eb4c272aeac43f555f,1,data/malware_images/images/IcedID/8acca08a2375c6e143aa203ccd4e16f8b13f3cd54254c3eb4c272aeac43f555f.png
473f15d5318a0ab1553639faa2e332fdbfaf4b62d7f79527388010d58176b7bc,1,data/malware_images/images/Trickbot/473f15d5318a0ab1553639faa2e332fdbfaf4b62d7f79527388010d58176b7bc.png
c5e21c18f8c79bc517da59e3192c39ea73bdcaf85867628187f6b3cca07dd21f,0,data/benign_original/benign/c5e21c18f8c79bc517da59e3192c39ea73bdcaf85867628187f6b3cca07dd21f.png
ef6ea95292c18796a0a936151f94ba7e8f2a56ba79e68d140789ef5c1c6b566e,0,data/benign_original/benign/ef6ea95292c18796a0a936151f94ba7e8f2a56ba79e68d140789ef5c1c6b566e.png
e2d3e9a7819a89cffc3f614f62d44a8312eccea750e9fb0adac154ff5ea0f5f7,1,data/malware_images/images/IcedID/e2d3e9a7819a89cffc3f614f62d44a8312eccea750e9fb0adac154ff5ea0f5f7.png
4fea63905b28b36542c2f04276c5e8463403c741fcd94166e6aa19041aba9aa0,1,data/malware_images/images/Heodo/4fea63905b28b36542c2f04276c5e8463403c741fcd94166e6aa19041aba9aa0.png
b8f7459f3c54826cb5cea3aad17870d173febf51047961b7f6218cc93dd25cbc,1,data/malware_images/images/Trickbot/b8f7459f3c54826cb5cea3aad17870d173febf51047961b7f6218cc93dd25cbc.png
efa1edfa3c78e79c26c4256bac4ec72a01973fc8d04fef708dfcf5dd8fe1d808,0,data/benign_original/benign/efa1edfa3c78e79c26c4256bac4ec72a01973fc8d04fef708dfcf5dd8fe1d808.png
dfb14b44117f6da4432997a90a060e10adc1ce3e9a1618b4961a6e8eb719975b,0,data/benign_original/benign/dfb14b44117f6da4432997a90a060e10adc1ce3e9a1618b4961a6e8eb719975b.png
ec1a06c5724a038fd65bd5f8c20514eb9ec6c08c19e2e482b49544bedd2e9ed6,0,data/benign_original/benign/ec1a06c5724a038fd65bd5f8c20514eb9ec6c08c19e2e482b49544bedd2e9ed6.png
fd874bff6232eb6c73515370e330d4ce1531683a35fbcc20f6ce1d1f4f637507,0,data/benign_original/benign/fd874bff6232eb6c73515370e330d4ce1531683a35fbcc20f6ce1d1f4f637507.png
c46c871945d5e76481a65b03e9ddd5dda1d6d802752df55cbd58ed079e2c963b,0,data/benign_original/benign/c46c871945d5e76481a65b03e9ddd5dda1d6d802752df55cbd58ed079e2c963b.png
4ad9b2c71f0eafb891f414285257264f921c343864188c1398f68b61726f758d,1,data/malware_images/images/Gozi/4ad9b2c71f0eafb891f414285257264f921c343864188c1398f68b61726f758d.png
fb43a1bff50248a624dc13b38de511287c2080e662e9eb2454337377e309a2d3,0,data/benign_original/benign/fb43a1bff50248a624dc13b38de511287c2080e662e9eb2454337377e309a2d3.png
ddcaadbdd47bcba02c8d1880d456acc20732d21554977338ae507987ed04046e,0,data/benign_original/benign/ddcaadbdd47bcba02c8d1880d456acc20732d21554977338ae507987ed04046e.png
753c3f81dcd1955f16d251719d1bff95c5f08e2090dae45156c8f332f609184b,1,data/malware_images/images/Trickbot/753c3f81dcd1955f16d251719d1bff95c5f08e2090dae45156c8f332f609184b.png
7f98f833fab3cbae22783a129d68a437556210f0e824cfec857999af7268989b,0,data/benign_original/benign/7f98f833fab3cbae22783a129d68a437556210f0e824cfec857999af7268989b.png
aed4c51111526844ce1fc064006673e78c99ce326bc73fb930c579b0bae9454c,1,data/malware_images/images/Gozi/aed4c51111526844ce1fc064006673e78c99ce326bc73fb930c579b0bae9454c.png
d613ee4c6d401bf4adc1a5e21542faaae2072745817e3da8a40dd200aea5c9c0,0,data/benign_original/benign/d613ee4c6d401bf4adc1a5e21542faaae2072745817e3da8a40dd200aea5c9c0.png
b64546d6d27bdd15881c126ad682e53535d76121e90d3c600dd29d65a81ac262,1,data/malware_images/images/Gozi/b64546d6d27bdd15881c126ad682e53535d76121e90d3c600dd29d65a81ac262.png
2a1d8692f445791dc9dc9700e11f2ce68fce9ac5ad2abd56aa0f41f1047b38f1,0,data/benign_original/benign/2a1d8692f445791dc9dc9700e11f2ce68fce9ac5ad2abd56aa0f41f1047b38f1.png
ad3cc0c05d4a7f42dba42a7bc414b78d50e3279d4ac40cdeda7d893c50020231,1,data/malware_images/images/GuLoader/ad3cc0c05d4a7f42dba42a7bc414b78d50e3279d4ac40cdeda7d893c50020231.png
363d9a5910dac53138195fa18c8e43eb99360213ff1abdd5f2a1b0b34208fea7,1,data/malware_images/images/Gozi/363d9a5910dac53138195fa18c8e43eb99360213ff1abdd5f2a1b0b34208fea7.png
11e5f91ecabc9590603bf48b9513cc7f598a263049724f93b229ca974c4c092c,1,data/malware_images/images/Heodo/11e5f91ecabc9590603bf48b9513cc7f598a263049724f93b229ca974c4c092c.png
d287781a5475ab869917c2965461c1a667333a641a51b4341a07b1e2d5e9f770,0,data/benign_original/benign/d287781a5475ab869917c2965461c1a667333a641a51b4341a07b1e2d5e9f770.png
ba6ac1b3156d4793cceb8c763b868e162e316b2c082e8daad97665de494f5a06,0,data/benign_original/benign/ba6ac1b3156d4793cceb8c763b868e162e316b2c082e8daad97665de494f5a06.png
84f007e1e974a8305c3406d47d3430812f1805974f582cf2230bdf03f2c33269,1,data/malware_images/images/Trickbot/84f007e1e974a8305c3406d47d3430812f1805974f582cf2230bdf03f2c33269.png
b99755b5ef8145a14c9997d0702cad519f1768978c5b985da7bfc720d7de4152,1,data/malware_images/images/njrat/b99755b5ef8145a14c9997d0702cad519f1768978c5b985da7bfc720d7de4152.png
e86524c9945a4fccc1adeb3032385d721efc1d9283f6ef45b9f4dc1bea8a1684,0,data/benign_original/benign/e86524c9945a4fccc1adeb3032385d721efc1d9283f6ef45b9f4dc1bea8a1684.png
e09ddd12a0eadec9b0cbbb16186fbe623a17798c184c6f8da00c5b4c434c4701,0,data/benign_original/benign/e09ddd12a0eadec9b0cbbb16186fbe623a17798c184c6f8da00c5b4c434c4701.png
a8b3ca30010c477ed5bdd06b90253d6ee8d35a56e3cbe582d50cffa23068d3a9,1,data/malware_images/images/IcedID/a8b3ca30010c477ed5bdd06b90253d6ee8d35a56e3cbe582d50cffa23068d3a9.png
1ea50e1a433ea581a8c5889030f3c1fc1b4cba751d5c3e227037824a801a5cdf,1,data/malware_images/images/Trickbot/1ea50e1a433ea581a8c5889030f3c1fc1b4cba751d5c3e227037824a801a5cdf.png
eaeac983eea7ae77e98482bbeaeb676bec5ebec645ef2f535c95f147dca4ac35,0,data/benign_original/benign/eaeac983eea7ae77e98482bbeaeb676bec5ebec645ef2f535c95f147dca4ac35.png
d738ca24ce031a134ae23e3c6acaa250ed5d26c3e3ef361a779efb91a67361ab,0,data/benign_original/benign/d738ca24ce031a134ae23e3c6acaa250ed5d26c3e3ef361a779efb91a67361ab.png
73c41f2d218534863ddc811ba89faf6fb6dd8f622447c62ce0536879fe391783,1,data/malware_images/images/Gozi/73c41f2d218534863ddc811ba89faf6fb6dd8f622447c62ce0536879fe391783.png
bfb0f2c5a48629d76379ccdce6b0874ddef9f88521ada027878b2a15b0788c23,0,data/benign_original/benign/bfb0f2c5a48629d76379ccdce6b0874ddef9f88521ada027878b2a15b0788c23.png
9b2d7c5712733c2229a42082477a76bf62136b0ae7a3776b07fa44f861893e0d,1,data/malware_images/images/Trickbot/9b2d7c5712733c2229a42082477a76bf62136b0ae7a3776b07fa44f861893e0d.png
dac1c429b13c314f3a0734906ec76cfcfd0f057a636e118897ba2a7878f72fea,0,data/benign_original/benign/dac1c429b13c314f3a0734906ec76cfcfd0f057a636e118897ba2a7878f72fea.png
8933536328b939153ea2ef29ef4855e74e459b088dba8cf42fb5242f3dbb2b41,1,data/malware_images/images/njrat/8933536328b939153ea2ef29ef4855e74e459b088dba8cf42fb5242f3dbb2b41.png
bea3606941d8642367efcc00ec78b926e752fe2fc552e22ef79345441a026e5c,0,data/benign_original/benign/bea3606941d8642367efcc00ec78b926e752fe2fc552e22ef79345441a026e5c.png
d5ba8da01ea323a4e61c8fd7dbf122f86b9afbaac0e48add9b14ee424549eee9,1,data/malware_images/images/Trickbot/d5ba8da01ea323a4e61c8fd7dbf122f86b9afbaac0e48add9b14ee424549eee9.png
b825e4bb74036156a48f03eff9244091e1fc1cfd4e183062e267a6c091b7e263,0,data/benign_original/benign/b825e4bb74036156a48f03eff9244091e1fc1cfd4e183062e267a6c091b7e263.png
dadd58ab9c587c6edc1d435907d65c2daa46dc581c43e1ada6cc69f63cf3ad0d,0,data/benign_original/benign/dadd58ab9c587c6edc1d435907d65c2daa46dc581c43e1ada6cc69f63cf3ad0d.png
b01bfe8ab2002184ecbdbd338b112ad400fa83c4519dc499902bb9d0ad389013,0,data/benign_original/benign/b01bfe8ab2002184ecbdbd338b112ad400fa83c4519dc499902bb9d0ad389013.png
5ee654306f086c7afb4e596f78697f6fd00df2d3a37d4345ff9620ae402b9a6c,1,data/malware_images/images/njrat/5ee654306f086c7afb4e596f78697f6fd00df2d3a37d4345ff9620ae402b9a6c.png
ea89f3c80e01db1648a66913c856ca28c3e65dad261e11d3ab706bbe97df0561,0,data/benign_original/benign/ea89f3c80e01db1648a66913c856ca28c3e65dad261e11d3ab706bbe97df0561.png
349de291de0aadb6d16cf62a86bf7ecb028fefd2291a09ded4d232229439b52c,1,data/malware_images/images/Gozi/349de291de0aadb6d16cf62a86bf7ecb028fefd2291a09ded4d232229439b52c.png
d2a4fbdc232dd9d1ce0532a284fa329095496777a794328cc6fa828640c01fcb,0,data/benign_original/benign/d2a4fbdc232dd9d1ce0532a284fa329095496777a794328cc6fa828640c01fcb.png
153bef45cb53558893aa7400b65c32c85a93675b2fd3920f7e1d12a7f5b2be1c,1,data/malware_images/images/GuLoader/153bef45cb53558893aa7400b65c32c85a93675b2fd3920f7e1d12a7f5b2be1c.png
2a7afb37c694f8f2c9685d6ea104e5511ffeb93f49b171404d680bd749392587,1,data/malware_images/images/njrat/2a7afb37c694f8f2c9685d6ea104e5511ffeb93f49b171404d680bd749392587.png
06aa2be26b63da14a4f8656bb8b3c7b702c87bba991996d6ea37170414bcb608,1,data/malware_images/images/Trickbot/06aa2be26b63da14a4f8656bb8b3c7b702c87bba991996d6ea37170414bcb608.png
2c1049909ea2288527d4ed08001c8056f4bf9c38336a6a2955c33e8de95e9973,0,data/benign_original/benign/2c1049909ea2288527d4ed08001c8056f4bf9c38336a6a2955c33e8de95e9973.png
e1fe9052706f972119355a7a4faa90c3351a964694241fe5fea33e892ee4c1c1,0,data/benign_original/benign/e1fe9052706f972119355a7a4faa90c3351a964694241fe5fea33e892ee4c1c1.png
9d27e76b55347669c4183b498fb6f6a87e0edcf57022fa2ce592716e6318aa27,1,data/malware_images/images/IcedID/9d27e76b55347669c4183b498fb6f6a87e0edcf57022fa2ce592716e6318aa27.png
28102f94dd691b7e8f350f294bb627cc5620188b9b8f3fb5fba6e822924105fe,1,data/malware_images/images/njrat/28102f94dd691b7e8f350f294bb627cc5620188b9b8f3fb5fba6e822924105fe.png
d45240802269cab2ab6ceb71a327113f7366ce173559b1c9456ca5d5ea63bf8f,0,data/benign_original/benign/d45240802269cab2ab6ceb71a327113f7366ce173559b1c9456ca5d5ea63bf8f.png
d469fe0a8132ba1a5972474d9ae55dd90262ef1cb4d01d245ff2dd09f490ea41,0,data/benign_original/benign/d469fe0a8132ba1a5972474d9ae55dd90262ef1cb4d01d245ff2dd09f490ea41.png
dae05615ba83e463d121e457e92aeb5d6563e6b7920f0f21b9d8df7d9aac8ee4,1,data/malware_images/images/Trickbot/dae05615ba83e463d121e457e92aeb5d6563e6b7920f0f21b9d8df7d9aac8ee4.png
5564f628b877cee2359d1b9321ec6c4ae20cd4d168ad678afeadf126608af514,1,data/malware_images/images/njrat/5564f628b877cee2359d1b9321ec6c4ae20cd4d168ad678afeadf126608af514.png
a05bbea047cd60e378025137d1c3e58f3df218a7e7cc728a61a0046c29933404,1,data/malware_images/images/Heodo/a05bbea047cd60e378025137d1c3e58f3df218a7e7cc728a61a0046c29933404.png
b7c4669c33b7fdf88c6b97059391b1f687074b18ffffcf8100e6bc728b26efa7,0,data/benign_original/benign/b7c4669c33b7fdf88c6b97059391b1f687074b18ffffcf8100e6bc728b26efa7.png
c923694c316063045b947e6fb35c8211825dbd897c81db3a713c4e629fbc0b76,0,data/benign_original/benign/c923694c316063045b947e6fb35c8211825dbd897c81db3a713c4e629fbc0b76.png
5dd46ffb36515bb87100f21b3da62c74a3734782af7dc32f83d51b73d5cdcc51,1,data/malware_images/images/IcedID/5dd46ffb36515bb87100f21b3da62c74a3734782af7dc32f83d51b73d5cdcc51.png
2d59595ad303476bfb00460ab7d3ba78298f1886966498d8a9ad096a10d4cb89,1,data/malware_images/images/Trickbot/2d59595ad303476bfb00460ab7d3ba78298f1886966498d8a9ad096a10d4cb89.png
7192f04d43d073a4fb9a2299884760850ea40853f52188675ae2e16af58dadde,1,data/malware_images/images/IcedID/7192f04d43d073a4fb9a2299884760850ea40853f52188675ae2e16af58dadde.png
f9aedb6e69d25d4583a4ba8f4e675a71a6a9f9d129c877f9963bb7a4859305cb,1,data/malware_images/images/IcedID/f9aedb6e69d25d4583a4ba8f4e675a71a6a9f9d129c877f9963bb7a4859305cb.png
fb3c47dd39270fe9f683f3c4f12d07cd668039fcbc15a175970a57ff363f7026,1,data/malware_images/images/njrat/fb3c47dd39270fe9f683f3c4f12d07cd668039fcbc15a175970a57ff363f7026.png
dd95ca4e9ebb20cd4d2e26adfded37285e4321ef95bcee7dd0bbaf309eac8a38,1,data/malware_images/images/GuLoader/dd95ca4e9ebb20cd4d2e26adfded37285e4321ef95bcee7dd0bbaf309eac8a38.png
c277f84f9aa3a260328989c032cd29379f1db215b0c888fdd2226f7972de96b8,1,data/malware_images/images/Heodo/c277f84f9aa3a260328989c032cd29379f1db215b0c888fdd2226f7972de96b8.png
e5101e99aed6eb9f5b70da67d3cebf783e8ef9edeee68e924eae0bb8fea60c17,0,data/benign_original/benign/e5101e99aed6eb9f5b70da67d3cebf783e8ef9edeee68e924eae0bb8fea60c17.png
25e00e442aaad7634d767a68e254650bb075e4e8696c9727dbbd271cc04dc261,1,data/malware_images/images/Trickbot/25e00e442aaad7634d767a68e254650bb075e4e8696c9727dbbd271cc04dc261.png
f66c874cf37161abfccfd586c64f7c2c7022bc41df3aabaf10696c05d2762434,0,data/benign_original/benign/f66c874cf37161abfccfd586c64f7c2c7022bc41df3aabaf10696c05d2762434.png
c5886cce4cccd324633b1f7d2d7a007a238550d8174cbed7703aa9088db51ab3,1,data/malware_images/images/njrat/c5886cce4cccd324633b1f7d2d7a007a238550d8174cbed7703aa9088db51ab3.png
8a60949ae63dd0d80a49485a7a2ce1a29505ed76eee018ef12d28ac70bece07d,1,data/malware_images/images/IcedID/8a60949ae63dd0d80a49485a7a2ce1a29505ed76eee018ef12d28ac70bece07d.png
f0c719723b7689e702a6bb7cf5a56b96f5cef85d45df5ec612ab68524d1e0a47,0,data/benign_original/benign/f0c719723b7689e702a6bb7cf5a56b96f5cef85d45df5ec612ab68524d1e0a47.png
1a52bbec7ef2295d56f68188aefd79c39f9bdc859b2e918a1c430153581898b7,1,data/malware_images/images/IcedID/1a52bbec7ef2295d56f68188aefd79c39f9bdc859b2e918a1c430153581898b7.png
a73d504f4cf42a2dd95b91b2a12c30a3f0e43b18598c9a42055fd2ec0b7d386d,1,data/malware_images/images/Trickbot/a73d504f4cf42a2dd95b91b2a12c30a3f0e43b18598c9a42055fd2ec0b7d386d.png
ce3b8842c72b7991be7504745a2d5cae0bbdd891ebe81ff277f961cddab12621,1,data/malware_images/images/Gozi/ce3b8842c72b7991be7504745a2d5cae0bbdd891ebe81ff277f961cddab12621.png
e8b052d54054de4dba92a5389bddc0ee47d909ffe49f038e8db669796603cb96,1,data/malware_images/images/njrat/e8b052d54054de4dba92a5389bddc0ee47d909ffe49f038e8db669796603cb96.png
f6a2df8a804bb2ef30d8ae4e790a39a93fc734f49184187d33b08b0e2566146d,0,data/benign_original/benign/f6a2df8a804bb2ef30d8ae4e790a39a93fc734f49184187d33b08b0e2566146d.png
1fe7d9b4bf0517248bf2933ad8d65a5fb66d0a9d1f187a1d9ed5d6b5b96a4bcd,1,data/malware_images/images/njrat/1fe7d9b4bf0517248bf2933ad8d65a5fb66d0a9d1f187a1d9ed5d6b5b96a4bcd.png
66e2e5362c12666a28d9ee60d7ea5453030d0a2ca77d7893ac4ef4c18e8a614c,1,data/malware_images/images/Trickbot/66e2e5362c12666a28d9ee60d7ea5453030d0a2ca77d7893ac4ef4c18e8a614c.png
0e7b2a38cabc39fe3fd5b546c03de814d8883434a01c921b2b4bbd1a9417564d,1,data/malware_images/images/njrat/0e7b2a38cabc39fe3fd5b546c03de814d8883434a01c921b2b4bbd1a9417564d.png
b0eeb379c674f6caf454b18af219a5916889a33fddf5b7826c4d981a232d043d,1,data/malware_images/images/njrat/b0eeb379c674f6caf454b18af219a5916889a33fddf5b7826c4d981a232d043d.png
ed7c553ef847d0e6b42969d56d84ecda77d4770131f70661fd430c34d2bccb94,0,data/benign_original/benign/ed7c553ef847d0e6b42969d56d84ecda77d4770131f70661fd430c34d2bccb94.png
54de79639ce73db2dc01a02ad2d9442e224821f0679d2d010506bdaec38b72fe,1,data/malware_images/images/Trickbot/54de79639ce73db2dc01a02ad2d9442e224821f0679d2d010506bdaec38b72fe.png
e7a8f968f1c68de29d5cbadaef5ae9b10cc8b8098669feed67a5a570814182ce,1,data/malware_images/images/njrat/e7a8f968f1c68de29d5cbadaef5ae9b10cc8b8098669feed67a5a570814182ce.png
da2a5860bb0b7a9606929b0124a8f594869feeb926f581807fcce7133c2f6be3,0,data/benign_original/benign/da2a5860bb0b7a9606929b0124a8f594869feeb926f581807fcce7133c2f6be3.png
b603a04d1122496ce1381dc54e8fea53c62bb503b96d7fb9a8e4e4877b1bbb9e,0,data/benign_original/benign/b603a04d1122496ce1381dc54e8fea53c62bb503b96d7fb9a8e4e4877b1bbb9e.png
ea1892c929e08d2e9e9c95f665ad5af6d15283647cbcf3e6da49a45cbcb885d9,0,data/benign_original/benign/ea1892c929e08d2e9e9c95f665ad5af6d15283647cbcf3e6da49a45cbcb885d9.png
81e7f34b79771377a5826d74309f7ca00e1e8a4f42a79328836925ba55fdcd47,1,data/malware_images/images/njrat/81e7f34b79771377a5826d74309f7ca00e1e8a4f42a79328836925ba55fdcd47.png
1296acd35b7b7c0754e887430518b65c3a9efb89f111961a852806a07055d344,0,data/benign_original/benign/1296acd35b7b7c0754e887430518b65c3a9efb89f111961a852806a07055d344.png
bc0a12128cb3879cb2e685e9da8cb866758ec79d0dec88127410ecf5283db865,1,data/malware_images/images/IcedID/bc0a12128cb3879cb2e685e9da8cb866758ec79d0dec88127410ecf5283db865.png
9384fd658d2c3eb8a200d7b2258ee602398036c384574fb1d439388192883c82,1,data/malware_images/images/GuLoader/9384fd658d2c3eb8a200d7b2258ee602398036c384574fb1d439388192883c82.png
f3d2e90cf39bc468f910118b7debc98e7bfe0bf6bd1cdacaf3c514454920dad1,1,data/malware_images/images/njrat/f3d2e90cf39bc468f910118b7debc98e7bfe0bf6bd1cdacaf3c514454920dad1.png
8f0325a3648ae0bea65ba84f6157726c6b81b19daa9f6266863e4778823f95a0,1,data/malware_images/images/IcedID/8f0325a3648ae0bea65ba84f6157726c6b81b19daa9f6266863e4778823f95a0.png
f66c58c356eef3e91ae9b40d17e02bcf911481b60e9d7769f2e00bcbe45b4184,1,data/malware_images/images/GuLoader/f66c58c356eef3e91ae9b40d17e02bcf911481b60e9d7769f2e00bcbe45b4184.png
3a5a9e9e2c3e4c4b6780be271bd3b516f5a90c098302696bed102c38d998694c,1,data/malware_images/images/njrat/3a5a9e9e2c3e4c4b6780be271bd3b516f5a90c098302696bed102c38d998694c.png
88630567d7dd2637746dc17849ad03bbd8c52cd749aef31d30752cd4e8da7801,1,data/malware_images/images/Trickbot/88630567d7dd2637746dc17849ad03bbd8c52cd749aef31d30752cd4e8da7801.png
37783b294829a257ef4f3ad2588fa732d49576e0f3d657a4eb29a505899c88af,1,data/malware_images/images/Trickbot/37783b294829a257ef4f3ad2588fa732d49576e0f3d657a4eb29a505899c88af.png
de220f4b44155673a9654f19b5a1c495e9da3c1b5ed77e36a7cd3969523c71da,0,data/benign_original/benign/de220f4b44155673a9654f19b5a1c495e9da3c1b5ed77e36a7cd3969523c71da.png
f5ee631187c82feb5be6881f2135ca60676869a650f6235527ae43d7b1363db3,1,data/malware_images/images/njrat/f5ee631187c82feb5be6881f2135ca60676869a650f6235527ae43d7b1363db3.png
fccf5a564d7bd15e15c3c28c06ac3caac93e9bb6eb02bae55323fae3a80fcf38,1,data/malware_images/images/njrat/fccf5a564d7bd15e15c3c28c06ac3caac93e9bb6eb02bae55323fae3a80fcf38.png
32e56e0a2b6cd955b59581b4dc00cc67b4b8dce60ac636e66a77a998d75593b3,1,data/malware_images/images/Gozi/32e56e0a2b6cd955b59581b4dc00cc67b4b8dce60ac636e66a77a998d75593b3.png
ec3ad8bb8192d899439031f594b0f4f7ceecd8b6c89077984d637dc513fbf4e1,0,data/benign_original/benign/ec3ad8bb8192d899439031f594b0f4f7ceecd8b6c89077984d637dc513fbf4e1.png
f0cd82b9b3e883c62c2fff7804a77c879f8150f02f514b595c4c2c9f8aa3acab,0,data/benign_original/benign/f0cd82b9b3e883c62c2fff7804a77c879f8150f02f514b595c4c2c9f8aa3acab.png
895df1d66a5fa1f29d388d3d8ee9cd9f6ecbc51fab75daf17063fc72f20e52ed,0,data/benign_original/benign/895df1d66a5fa1f29d388d3d8ee9cd9f6ecbc51fab75daf17063fc72f20e52ed.png
402d903e0021106677ce675fbc207f16aea2aba58b15bb2a1e8d0a69dab8daf8,1,data/malware_images/images/Gozi/402d903e0021106677ce675fbc207f16aea2aba58b15bb2a1e8d0a69dab8daf8.png
a907a433111eecd7668a821e125e657b831638bcd80ddcf699a56f7a3ab70bc7,1,data/malware_images/images/Gozi/a907a433111eecd7668a821e125e657b831638bcd80ddcf699a56f7a3ab70bc7.png
a1acd923662111a920601078f9a56a015bccd237b703acc4c45c0f16836eb9ea,0,data/benign_original/benign/a1acd923662111a920601078f9a56a015bccd237b703acc4c45c0f16836eb9ea.png
392ca5ed1740e444caea3e421a8e262ed7109159f31fe8d041cc0f90dec70b7b,1,data/malware_images/images/njrat/392ca5ed1740e444caea3e421a8e262ed7109159f31fe8d041cc0f90dec70b7b.png
a4d155da6a393c149bab17266f4048a2b4dd7c940a354671c0ccd2b48db911d0,1,data/malware_images/images/Trickbot/a4d155da6a393c149bab17266f4048a2b4dd7c940a354671c0ccd2b48db911d0.png
bad0c9ec9f1b7f444b4e8b9a71afde5c8abe03360410c9c61cb19193beb18bae,1,data/malware_images/images/njrat/bad0c9ec9f1b7f444b4e8b9a71afde5c8abe03360410c9c61cb19193beb18bae.png
b429e322bf9671c40cc4ac9880f1fb1c35510801d09d9b1cb9624043f1320973,1,data/malware_images/images/Heodo/b429e322bf9671c40cc4ac9880f1fb1c35510801d09d9b1cb9624043f1320973.png
116b1fcb5744a17bce05c9db9020d30f3a3f105919246b01ca91246c2f7a1d82,1,data/malware_images/images/Heodo/116b1fcb5744a17bce05c9db9020d30f3a3f105919246b01ca91246c2f7a1d82.png
ab9c143dc118ee29f52cf9ae5f2277751ca29b5e7d9da96b33584ef56b450ce7,0,data/benign_original/benign/ab9c143dc118ee29f52cf9ae5f2277751ca29b5e7d9da96b33584ef56b450ce7.png
e1c262cca7ec5f23cc331ce9dd70e7abe238b448f647a729093f8333c943c04e,0,data/benign_original/benign/e1c262cca7ec5f23cc331ce9dd70e7abe238b448f647a729093f8333c943c04e.png
75618935566046844c2d4270687f88dcfe5b50cd9d670adb7bfb0db1b1070beb,0,data/benign_original/benign/75618935566046844c2d4270687f88dcfe5b50cd9d670adb7bfb0db1b1070beb.png
b56c516d5058403cb6c96e103f98a1bbc248604dbd52682f342bfce577edb1b7,0,data/benign_original/benign/b56c516d5058403cb6c96e103f98a1bbc248604dbd52682f342bfce577edb1b7.png
0354582d5557f593b20af48e24ce4b8fdb86f0a3d02d0e02ae752e95d141e977,1,data/malware_images/images/GuLoader/0354582d5557f593b20af48e24ce4b8fdb86f0a3d02d0e02ae752e95d141e977.png
b2012cc9ab00c31eee0ec9f16dd24a306d288b9346478c655aca7e0b9433d937,0,data/benign_original/benign/b2012cc9ab00c31eee0ec9f16dd24a306d288b9346478c655aca7e0b9433d937.png
e81b5aa4d6cc953a6fa155425f59e90a690dda923fa9d39c4d7570a1e89949dd,1,data/malware_images/images/njrat/e81b5aa4d6cc953a6fa155425f59e90a690dda923fa9d39c4d7570a1e89949dd.png
e4117525e4ae4d5a7a8ae82c2913726723b042c83eef96aa71c10a648002565a,0,data/benign_original/benign/e4117525e4ae4d5a7a8ae82c2913726723b042c83eef96aa71c10a648002565a.png
929400286aaeff73ddf135abf664b4777a1b594617327393a430a00e3aae693b,1,data/malware_images/images/Gozi/929400286aaeff73ddf135abf664b4777a1b594617327393a430a00e3aae693b.png
c848c740c0b2cb408861eb3d21c402680fa9f198f244bf70c31bcccb07e12d6d,0,data/benign_original/benign/c848c740c0b2cb408861eb3d21c402680fa9f198f244bf70c31bcccb07e12d6d.png
6632659e1aab935f27ecd264776c8d5f3134e58aa916930d30d3aec2dbc3a374,1,data/malware_images/images/Gozi/6632659e1aab935f27ecd264776c8d5f3134e58aa916930d30d3aec2dbc3a374.png
313fb887e7ab3f7bebdffa7f91adf198da73906551ee74b71acd1ff90cc8749f,1,data/malware_images/images/Trickbot/313fb887e7ab3f7bebdffa7f91adf198da73906551ee74b71acd1ff90cc8749f.png
c32c4a1c304bb14644f34c554bfd0f0d7947e74c72b49ff5420f6645c6ce444f,0,data/benign_original/benign/c32c4a1c304bb14644f34c554bfd0f0d7947e74c72b49ff5420f6645c6ce444f.png
b2b14296a263cab9869cfec8790777f06580f2677344bdc1fdca40e06b8ff899,1,data/malware_images/images/njrat/b2b14296a263cab9869cfec8790777f06580f2677344bdc1fdca40e06b8ff899.png
f8d81888c62a45b2d32076a12635f79e37dd649d2a5acba90742d3735776f46a,0,data/benign_original/benign/f8d81888c62a45b2d32076a12635f79e37dd649d2a5acba90742d3735776f46a.png
b6f30de35298bc47ce8c90a6f96e0416ea33473a84e5dd48fe87cd1b257f18f3,0,data/benign_original/benign/b6f30de35298bc47ce8c90a6f96e0416ea33473a84e5dd48fe87cd1b257f18f3.png
e74e317d7f682c6664601b006b7a27ba25ec1ac7237e17d5cae5abbe831c65e1,1,data/malware_images/images/IcedID/e74e317d7f682c6664601b006b7a27ba25ec1ac7237e17d5cae5abbe831c65e1.png
fd0e889584352c3528a0170c7e2dbd8ef904befb9958bb4eeb097ece7f75b825,1,data/malware_images/images/Trickbot/fd0e889584352c3528a0170c7e2dbd8ef904befb9958bb4eeb097ece7f75b825.png
b68aab327b7bbeaafdbab25654ae714c685c734e672c8fc3dc83d2f23a991c37,0,data/benign_original/benign/b68aab327b7bbeaafdbab25654ae714c685c734e672c8fc3dc83d2f23a991c37.png
a2fbabd1184a655dfa8d28a24339d27ca34b33048c3d10a17d2fb0c3981d75c9,1,data/malware_images/images/Gozi/a2fbabd1184a655dfa8d28a24339d27ca34b33048c3d10a17d2fb0c3981d75c9.png
b8565239fc984ae11a613ad6a80eebcf3e006125c8e6240583a0365669c32397,1,data/malware_images/images/GuLoader/b8565239fc984ae11a613ad6a80eebcf3e006125c8e6240583a0365669c32397.png
f8986391f2d8a44b0399ef40af81e68c69343b2e657262c67fea61b741d5ed3c,1,data/malware_images/images/njrat/f8986391f2d8a44b0399ef40af81e68c69343b2e657262c67fea61b741d5ed3c.png
3c74b0ab3c18727bae1bd6c833e50240d308e57f48bcbaf68949b55dbd6ab5ae,1,data/malware_images/images/Heodo/3c74b0ab3c18727bae1bd6c833e50240d308e57f48bcbaf68949b55dbd6ab5ae.png
1b70d20bcc49d12388a3bf1565885fc4ebdd4f301a295224b47b4009af96026e,0,data/benign_original/benign/1b70d20bcc49d12388a3bf1565885fc4ebdd4f301a295224b47b4009af96026e.png
e39c540cf83923085bdc0db6269ce9b330cca25d4b1e335582df86fa73240b00,0,data/benign_original/benign/e39c540cf83923085bdc0db6269ce9b330cca25d4b1e335582df86fa73240b00.png
c754ccd1add042a35c71296816d61e922329e287bc608ffcdb1e2915c38e849e,0,data/benign_original/benign/c754ccd1add042a35c71296816d61e922329e287bc608ffcdb1e2915c38e849e.png
c4804086ef37b6e59c95995c12a745076998e4d675cd7ae93c0b20db7edbd308,0,data/benign_original/benign/c4804086ef37b6e59c95995c12a745076998e4d675cd7ae93c0b20db7edbd308.png
d990a9c8a3da1279018b3b8ca16795ff47e3de7fc443edc5da5d616bdc2900e3,0,data/benign_original/benign/d990a9c8a3da1279018b3b8ca16795ff47e3de7fc443edc5da5d616bdc2900e3.png
b20ffc1d22dbcae7052b7414d7ed19303ec13f419d41dd976806de7f86bc9b31,1,data/malware_images/images/njrat/b20ffc1d22dbcae7052b7414d7ed19303ec13f419d41dd976806de7f86bc9b31.png
511e0187a9180a083947a3bb3de77215fd37b0cae921181dee572bf537d2bea9,1,data/malware_images/images/GuLoader/511e0187a9180a083947a3bb3de77215fd37b0cae921181dee572bf537d2bea9.png
c022e9c6179c1dcd029d8eaba8636b1c335350749189ec536ea14475fd01167e,0,data/benign_original/benign/c022e9c6179c1dcd029d8eaba8636b1c335350749189ec536ea14475fd01167e.png
43af8b053abf0ee34cefb4b2ff19aa58eeb8f2ec1615d62671dab0d7cb82cb42,1,data/malware_images/images/Gozi/43af8b053abf0ee34cefb4b2ff19aa58eeb8f2ec1615d62671dab0d7cb82cb42.png
7267e26bc4f00c572c149b9bb891607624ef4d8314c7418228c8bccc5e7f7168,1,data/malware_images/images/Trickbot/7267e26bc4f00c572c149b9bb891607624ef4d8314c7418228c8bccc5e7f7168.png
15873bc82641d61c8ec50de56a19389b44112e570800395fc7390190d51cccf3,1,data/malware_images/images/njrat/15873bc82641d61c8ec50de56a19389b44112e570800395fc7390190d51cccf3.png
bb7ad61c283b51b4b0334f39cb4ada7be8f12bbf2bc648cc841b9c20f2f58d04,0,data/benign_original/benign/bb7ad61c283b51b4b0334f39cb4ada7be8f12bbf2bc648cc841b9c20f2f58d04.png
f96f7ce5339642938e453db0941b69e7837a1f515874f955e07a439b69fbc78c,0,data/benign_original/benign/f96f7ce5339642938e453db0941b69e7837a1f515874f955e07a439b69fbc78c.png
d2fbce9e418c733a5279a018b3f8471193fb7720f137fc4305a88950be257436,1,data/malware_images/images/Gozi/d2fbce9e418c733a5279a018b3f8471193fb7720f137fc4305a88950be257436.png
10feeb1b0fde32e0d3699bb8bb8558fafb03da45b7d204dd5b7200439a39cf2f,0,data/benign_original/benign/10feeb1b0fde32e0d3699bb8bb8558fafb03da45b7d204dd5b7200439a39cf2f.png
c2101791618cabed8516f953f28fa676380f25c6b729827c1d077ca123e2b64f,0,data/benign_original/benign/c2101791618cabed8516f953f28fa676380f25c6b729827c1d077ca123e2b64f.png
6ba052970628f73b20bf3a81374c2f6fdca20aee14ed7eaa22875fa7be790159,1,data/malware_images/images/Gozi/6ba052970628f73b20bf3a81374c2f6fdca20aee14ed7eaa22875fa7be790159.png
a7978b617720e11d5261589226e6c16135dbe67f7b3212b2cbf523ca81ecc812,1,data/malware_images/images/IcedID/a7978b617720e11d5261589226e6c16135dbe67f7b3212b2cbf523ca81ecc812.png
adbb848c3e7b78e326534a0ff3ba999430829727d20009005d2eb684b458db2a,1,data/malware_images/images/njrat/adbb848c3e7b78e326534a0ff3ba999430829727d20009005d2eb684b458db2a.png
bae1b89fba8d2ca0606a60eba9205ee19b13c715d1fcfe11b1548a54d0ac990d,0,data/benign_original/benign/bae1b89fba8d2ca0606a60eba9205ee19b13c715d1fcfe11b1548a54d0ac990d.png
b977342d5ddd5b7221615c675ced1a7edd8f5f169fd61de2b307904117183723,1,data/malware_images/images/Gozi/b977342d5ddd5b7221615c675ced1a7edd8f5f169fd61de2b307904117183723.png
f433e367781a5d2e126ce8f3ab1a57acc9af82c9b9ceeeba870b92f3ad8af807,1,data/malware_images/images/Heodo/f433e367781a5d2e126ce8f3ab1a57acc9af82c9b9ceeeba870b92f3ad8af807.png
c85911a114d19642edf303473f7c85de7c8c89ce646ec2017be4bd05de510422,0,data/benign_original/benign/c85911a114d19642edf303473f7c85de7c8c89ce646ec2017be4bd05de510422.png
485ce80c6972762a04ff59597bdd71381688c73750e1dddae91ad33e8e6f01b8,1,data/malware_images/images/IcedID/485ce80c6972762a04ff59597bdd71381688c73750e1dddae91ad33e8e6f01b8.png
abe667f6145503057eb8a56a18744d13b450bc92ce71b984e0af8c3c96ae52eb,1,data/malware_images/images/Trickbot/abe667f6145503057eb8a56a18744d13b450bc92ce71b984e0af8c3c96ae52eb.png
c05e6d81f0a9b23ee134afd6953625f74345abb510b95282b4c35a85c4a70b14,0,data/benign_original/benign/c05e6d81f0a9b23ee134afd6953625f74345abb510b95282b4c35a85c4a70b14.png
86679f49b89ea74fddeaa216d737ee44ee6a0522de18129305a86290fd00edb3,1,data/malware_images/images/njrat/86679f49b89ea74fddeaa216d737ee44ee6a0522de18129305a86290fd00edb3.png
8e001cccb07369febbe5ebc9189e5f941120d00fe2f2349868b2f3cd62f385c5,0,data/benign_original/benign/8e001cccb07369febbe5ebc9189e5f941120d00fe2f2349868b2f3cd62f385c5.png
f4ae0a96fe157d059c62d52e5934283f6055e822451db81a0bb9f646e98dc310,1,data/malware_images/images/njrat/f4ae0a96fe157d059c62d52e5934283f6055e822451db81a0bb9f646e98dc310.png
cc65ec96499533b44342de5013fe6d701924d3533ec056862c42ac3f594170fc,0,data/benign_original/benign/cc65ec96499533b44342de5013fe6d701924d3533ec056862c42ac3f594170fc.png
8591e911c419ec009d532fd5cf6800a3a9753660bb32f042aa3946cd5749a98e,1,data/malware_images/images/IcedID/8591e911c419ec009d532fd5cf6800a3a9753660bb32f042aa3946cd5749a98e.png
0eeab0d254f45f5d95dd46ee92940084db6048cbb072681200e35b201ae514a2,1,data/malware_images/images/Gozi/0eeab0d254f45f5d95dd46ee92940084db6048cbb072681200e35b201ae514a2.png
4500ccf59d93041b081e3ba5e60be483ab84f9e08f1f00045f6c6a0138e8b787,1,data/malware_images/images/njrat/4500ccf59d93041b081e3ba5e60be483ab84f9e08f1f00045f6c6a0138e8b787.png
edd1e7ebe42fcb67a075004ce04bcc0ec3e5877a975cd87295dce19aa7c9f8ad,0,data/benign_original/benign/edd1e7ebe42fcb67a075004ce04bcc0ec3e5877a975cd87295dce19aa7c9f8ad.png
dd5e9385b277e4105fe2eeb100fa9b6946016b9484b5f4901429a9e71885e5f3,1,data/malware_images/images/IcedID/dd5e9385b277e4105fe2eeb100fa9b6946016b9484b5f4901429a9e71885e5f3.png
494d5e5f87c9552bce9a4c255ab358cabb144982fca06703255e0ec791626865,1,data/malware_images/images/GuLoader/494d5e5f87c9552bce9a4c255ab358cabb144982fca06703255e0ec791626865.png
7c7543e0da2da1296bb6246321fb7139f87632762a26ca5614a342fffd16816a,0,data/benign_original/benign/7c7543e0da2da1296bb6246321fb7139f87632762a26ca5614a342fffd16816a.png
67aa6a9f7320efe860c28b3ddc4e66d0403f7f13edcb93dc63948e97b9c89e69,1,data/malware_images/images/Gozi/67aa6a9f7320efe860c28b3ddc4e66d0403f7f13edcb93dc63948e97b9c89e69.png
283f2ca16e2f72746de1325ee089c0b6cf103fc7b71ba3c185cd8b4d63e74921,0,data/benign_original/benign/283f2ca16e2f72746de1325ee089c0b6cf103fc7b71ba3c185cd8b4d63e74921.png
0bb5262ecf29192398e2a7a0fff80bcfbbbc32a03049a0e8fc048b909bed568b,1,data/malware_images/images/Trickbot/0bb5262ecf29192398e2a7a0fff80bcfbbbc32a03049a0e8fc048b909bed568b.png
f9652a1003a4fb5853d5da6011ed7ff0338d67188dcdeaa601d9a6eae724ca68,1,data/malware_images/images/njrat/f9652a1003a4fb5853d5da6011ed7ff0338d67188dcdeaa601d9a6eae724ca68.png
98f258a0e6728bf556b5831b75ba27a1d3ac64ac704acd7f8af9fd6ebc481b39,1,data/malware_images/images/Gozi/98f258a0e6728bf556b5831b75ba27a1d3ac64ac704acd7f8af9fd6ebc481b39.png
e3491a603a1838eefd0d9a391bfc050e927d0955b04f87002bf9461051c5fee9,1,data/malware_images/images/Trickbot/e3491a603a1838eefd0d9a391bfc050e927d0955b04f87002bf9461051c5fee9.png
897f005084da429d61de951a7a1a1a6d2c64c1716c02d7615fd77cd12cf69132,1,data/malware_images/images/Trickbot/897f005084da429d61de951a7a1a1a6d2c64c1716c02d7615fd77cd12cf69132.png
f7020e4585ab614dd1f1b13743e0587b83a53955e508af6eb21506f78c28b44e,0,data/benign_original/benign/f7020e4585ab614dd1f1b13743e0587b83a53955e508af6eb21506f78c28b44e.png
ecaaa12591c1b4debe4f6758f72053ce3906c063693e16fbd1371d7ae2da2755,0,data/benign_original/benign/ecaaa12591c1b4debe4f6758f72053ce3906c063693e16fbd1371d7ae2da2755.png
f493a90ed9c7d0428561ed212d54d123c579002d2db2cbd612015fc24d0ea1db,0,data/benign_original/benign/f493a90ed9c7d0428561ed212d54d123c579002d2db2cbd612015fc24d0ea1db.png
8e58233566c9227207f1045843d90703dda7c509a2d4b39212916a84930a2e63,1,data/malware_images/images/IcedID/8e58233566c9227207f1045843d90703dda7c509a2d4b39212916a84930a2e63.png
af1df28834936aef92e142c14b1439ca64d070840b2c07b87351174ec0f71d8a,0,data/benign_original/benign/af1df28834936aef92e142c14b1439ca64d070840b2c07b87351174ec0f71d8a.png
aa40f4a87f6886c4e5f2cb6962d1effd83bf282b92355115f18ece5a490d0f35,1,data/malware_images/images/Trickbot/aa40f4a87f6886c4e5f2cb6962d1effd83bf282b92355115f18ece5a490d0f35.png
ba93a54f1e100a889a239970d5cec1765b067478ebefadbfe0a2c4fcb8092be9,0,data/benign_original/benign/ba93a54f1e100a889a239970d5cec1765b067478ebefadbfe0a2c4fcb8092be9.png
866dc0ad080cfa7d55ee48f61b9d9dc6ea3d60b04898065864fb73fc7a4b1e39,1,data/malware_images/images/Trickbot/866dc0ad080cfa7d55ee48f61b9d9dc6ea3d60b04898065864fb73fc7a4b1e39.png
bc484e98510a758f2ae7f28bfd0c7f0dd29596dac6475656b725af824adc59b4,0,data/benign_original/benign/bc484e98510a758f2ae7f28bfd0c7f0dd29596dac6475656b725af824adc59b4.png
4f80de2a21b461d07ceb450363b5421a7c5da43d005be8a455d557e30232deba,1,data/malware_images/images/Trickbot/4f80de2a21b461d07ceb450363b5421a7c5da43d005be8a455d557e30232deba.png
9ccf26b5d744afa2b1b0a74ce4e100d33ec4a0e431505861879eeffd55978c01,1,data/malware_images/images/Gozi/9ccf26b5d744afa2b1b0a74ce4e100d33ec4a0e431505861879eeffd55978c01.png
d4d518c5415ace543cb348a93ab6df569ee298d18fe47ad3eb75018f5cb5f5db,0,data/benign_original/benign/d4d518c5415ace543cb348a93ab6df569ee298d18fe47ad3eb75018f5cb5f5db.png
b1e2c93b4a4f841bd3d9efdc1ae5d8e4e1122a5c141bd4500d91b989076e004b,0,data/benign_original/benign/b1e2c93b4a4f841bd3d9efdc1ae5d8e4e1122a5c141bd4500d91b989076e004b.png
8a298f73c613e85d9e956f2f183d90efa98d780bc564e62c34209d2fe3d33310,0,data/benign_original/benign/8a298f73c613e85d9e956f2f183d90efa98d780bc564e62c34209d2fe3d33310.png
5edbc727b8b7453986d72baec5602faf6c84633929a091836b50e310b7615fa7,1,data/malware_images/images/njrat/5edbc727b8b7453986d72baec5602faf6c84633929a091836b50e310b7615fa7.png
0af2fcba1acc5852bbfc9836e3e7b134278a79a836b81b6b283dd7b4c1bbee8b,1,data/malware_images/images/IcedID/0af2fcba1acc5852bbfc9836e3e7b134278a79a836b81b6b283dd7b4c1bbee8b.png
7cc5bf547bcf1746d4d710c4c9750a2763547176bd3fdb4e40f301ff7fdc1d18,1,data/malware_images/images/IcedID/7cc5bf547bcf1746d4d710c4c9750a2763547176bd3fdb4e40f301ff7fdc1d18.png
399a552f67c21543570a41a1e78304fcdf233258201054a3c4296ca85dd24ad0,1,data/malware_images/images/Gozi/399a552f67c21543570a41a1e78304fcdf233258201054a3c4296ca85dd24ad0.png
fbb5a10617a3b1819ec09c5812ebcb7d2129bf8f0326adf0654063eb78a79a4e,0,data/benign_original/benign/fbb5a10617a3b1819ec09c5812ebcb7d2129bf8f0326adf0654063eb78a79a4e.png
18b4246ff80eaf7c4a30d86794a2ab83bf26662958b0e44931d9a7f58935952a,1,data/malware_images/images/IcedID/18b4246ff80eaf7c4a30d86794a2ab83bf26662958b0e44931d9a7f58935952a.png
4fe36f506ead690c7deab74886d86071da791d6f5c4fd2fe11494174e737aec4,1,data/malware_images/images/Trickbot/4fe36f506ead690c7deab74886d86071da791d6f5c4fd2fe11494174e737aec4.png
f1952a09a7d300c4aac206c4daf356eb84f2dfd86a06ca906e48700b05311ad1,1,data/malware_images/images/njrat/f1952a09a7d300c4aac206c4daf356eb84f2dfd86a06ca906e48700b05311ad1.png
be1a8dad08676883ad0455cf48186268d8e7a0614603447765a683b68121c606,1,data/malware_images/images/Gozi/be1a8dad08676883ad0455cf48186268d8e7a0614603447765a683b68121c606.png
e419885306c56a106745fd5fe34b85df9db0f1322fb8df5acba47ff861941781,0,data/benign_original/benign/e419885306c56a106745fd5fe34b85df9db0f1322fb8df5acba47ff861941781.png
b90436dfe31ea0c909085d0f201ff5e84208f9200be0b1ce397e7d12d9257706,0,data/benign_original/benign/b90436dfe31ea0c909085d0f201ff5e84208f9200be0b1ce397e7d12d9257706.png
07bb0726c8dfd872924e7a9ceaae578e9d947558f0743827a3863cb43ac3c83f,1,data/malware_images/images/Trickbot/07bb0726c8dfd872924e7a9ceaae578e9d947558f0743827a3863cb43ac3c83f.png
ba9524c23fffadb9f47e05ae28497fcee6e84b3d2cbec353b1e05bb535e7a0a9,0,data/benign_original/benign/ba9524c23fffadb9f47e05ae28497fcee6e84b3d2cbec353b1e05bb535e7a0a9.png
4b1676dbdda51e957e9c1baf026b7605069cc64553ca2e0a9055cc7751be75db,1,data/malware_images/images/njrat/4b1676dbdda51e957e9c1baf026b7605069cc64553ca2e0a9055cc7751be75db.png
f552cf0125a247eec95b18e477ba95e287d7acdc782eed98d5f592764ba740df,0,data/benign_original/benign/f552cf0125a247eec95b18e477ba95e287d7acdc782eed98d5f592764ba740df.png
7c016f3e22a2489427d0145bd2e2a23162d594d17fcbeba2f00a8fff1909f271,1,data/malware_images/images/Gozi/7c016f3e22a2489427d0145bd2e2a23162d594d17fcbeba2f00a8fff1909f271.png
5f06eef87e41c644cecc39a01b89cbb25f093d355ae77876235015c3e642ede7,1,data/malware_images/images/Gozi/5f06eef87e41c644cecc39a01b89cbb25f093d355ae77876235015c3e642ede7.png
b092b05340dbdbfd5d9fcaadd255c79cf358b24e2680a4a159b194762fe0b36e,0,data/benign_original/benign/b092b05340dbdbfd5d9fcaadd255c79cf358b24e2680a4a159b194762fe0b36e.png
e374f2b103454a5a6390b275241ce3cbdc1d5c3369388ccd44e52f714609a107,0,data/benign_original/benign/e374f2b103454a5a6390b275241ce3cbdc1d5c3369388ccd44e52f714609a107.png
be2bcdc9c0ff4a2865c8e5296f6a3c87c22411ff268e5eff30fdcf5f8b2561e2,0,data/benign_original/benign/be2bcdc9c0ff4a2865c8e5296f6a3c87c22411ff268e5eff30fdcf5f8b2561e2.png
359617be12528102545e7aad58de776eb0ffe4483223d76467c7874348d11547,1,data/malware_images/images/Trickbot/359617be12528102545e7aad58de776eb0ffe4483223d76467c7874348d11547.png
5c1af46c7300e87a73dacf6cf41ce397e3f05df6bd9c7e227b4ac59f85769160,0,data/benign_original/benign/5c1af46c7300e87a73dacf6cf41ce397e3f05df6bd9c7e227b4ac59f85769160.png
c84f9991f3991bfe91c1ed220131fa665b140f17c38a60ddb6739327e0ba0af6,0,data/benign_original/benign/c84f9991f3991bfe91c1ed220131fa665b140f17c38a60ddb6739327e0ba0af6.png
f626af66e12035b9b7b041b075cb9daa213669635412eb8650a193ef6bf6a30b,0,data/benign_original/benign/f626af66e12035b9b7b041b075cb9daa213669635412eb8650a193ef6bf6a30b.png
8f6b47cb352b932d8133cf8e950c037b4e545753699fec2ca5849b269b8bd12e,1,data/malware_images/images/Gozi/8f6b47cb352b932d8133cf8e950c037b4e545753699fec2ca5849b269b8bd12e.png
14eb1e82e99353e4e4fb35444b82e3af528ea1193e921b14f8ebdba6e457f0ef,1,data/malware_images/images/njrat/14eb1e82e99353e4e4fb35444b82e3af528ea1193e921b14f8ebdba6e457f0ef.png
d3a84ef0afe90d03c3ba294f098cafa3d92362f64d580dcee1e7b44943404573,0,data/benign_original/benign/d3a84ef0afe90d03c3ba294f098cafa3d92362f64d580dcee1e7b44943404573.png
d9b40c2b268ff23981ec939f0b1d8e395df51e0545e1ada4fd1cc16b60c574b6,1,data/malware_images/images/IcedID/d9b40c2b268ff23981ec939f0b1d8e395df51e0545e1ada4fd1cc16b60c574b6.png
ec4213bc7fec67692772fe55a647b593c24ed76ca99bd898eca3006002349199,0,data/benign_original/benign/ec4213bc7fec67692772fe55a647b593c24ed76ca99bd898eca3006002349199.png
efbf4adb2b50d1284084841e1d5c1deb99a69d979fced2d2a5675fc666e3b76a,1,data/malware_images/images/GuLoader/efbf4adb2b50d1284084841e1d5c1deb99a69d979fced2d2a5675fc666e3b76a.png
dfbc5b7983de8ea77c2eaee6b821132699737755b27007c6f932ac673a6a1ea8,1,data/malware_images/images/Gozi/dfbc5b7983de8ea77c2eaee6b821132699737755b27007c6f932ac673a6a1ea8.png
f2a88287b1d5dee32088d78b863697116307651c7764b63d7840df2a53841dbd,0,data/benign_original/benign/f2a88287b1d5dee32088d78b863697116307651c7764b63d7840df2a53841dbd.png
22a781eaea65c106ec584d70808ed39495b4564ed0445892fbbb65fdf1cdd405,1,data/malware_images/images/njrat/22a781eaea65c106ec584d70808ed39495b4564ed0445892fbbb65fdf1cdd405.png
aba3f763bc73ac333eeb4f1f4c1de93e58ff107099c7c33a014216c02d1a13e7,0,data/benign_original/benign/aba3f763bc73ac333eeb4f1f4c1de93e58ff107099c7c33a014216c02d1a13e7.png
8423fefddbb9197ebe12a5e51fb8f06e6dc2c02d6ef68b254faba0d6a63866c5,1,data/malware_images/images/Trickbot/8423fefddbb9197ebe12a5e51fb8f06e6dc2c02d6ef68b254faba0d6a63866c5.png
1c9655a848a8e2dd98308732a4fd8bc82d0460ae3269dac8c3f45abcadce95d4,1,data/malware_images/images/njrat/1c9655a848a8e2dd98308732a4fd8bc82d0460ae3269dac8c3f45abcadce95d4.png
e8664a43f817709d6e233408681c258c8a99aca41f85462280bd3003ec290b4f,1,data/malware_images/images/Gozi/e8664a43f817709d6e233408681c258c8a99aca41f85462280bd3003ec290b4f.png
c92811a59fb7a114a8f589ca3c7fa97953f427819466f97f62106d25f25da208,0,data/benign_original/benign/c92811a59fb7a114a8f589ca3c7fa97953f427819466f97f62106d25f25da208.png
3c71e00037d7df706a10ce5c35ff10290d40e9573892345383c0adacf28359ce,1,data/malware_images/images/Trickbot/3c71e00037d7df706a10ce5c35ff10290d40e9573892345383c0adacf28359ce.png
b58718158d1a6c9a770bf9a07499a2d75b77070edf2a3a96678c0c135deb95fe,1,data/malware_images/images/Trickbot/b58718158d1a6c9a770bf9a07499a2d75b77070edf2a3a96678c0c135deb95fe.png
da0edd23bc2e80a9fdae3d96013e314bded7aa5f84741ff9487a912cd2cdf840,0,data/benign_original/benign/da0edd23bc2e80a9fdae3d96013e314bded7aa5f84741ff9487a912cd2cdf840.png
cfa7d7da1a728607788bf11ce106bb70c7864764611bece8a6720092eba44ae0,1,data/malware_images/images/Gozi/cfa7d7da1a728607788bf11ce106bb70c7864764611bece8a6720092eba44ae0.png
72186f2bd535a54efe912025ee41ff582ea5eeeb08709988e7e89e3822dbf391,1,data/malware_images/images/njrat/72186f2bd535a54efe912025ee41ff582ea5eeeb08709988e7e89e3822dbf391.png
f40669f099d60042e67e676b2a24b17dc33f9aa00222c0dd71a4f8cde63d9732,1,data/malware_images/images/IcedID/f40669f099d60042e67e676b2a24b17dc33f9aa00222c0dd71a4f8cde63d9732.png
b465a44c1332a7cbceed9fcfc363088a28a5373c41f57da4b803130199e4bd93,0,data/benign_original/benign/b465a44c1332a7cbceed9fcfc363088a28a5373c41f57da4b803130199e4bd93.png
fb3f310cd5b86089027e63f53896ef8251016234e6504d1c04667b1cb95069de,0,data/benign_original/benign/fb3f310cd5b86089027e63f53896ef8251016234e6504d1c04667b1cb95069de.png
dfad2aeefad65c362b8ae0325ff8bd5002f102b804829289d5ae238d6c54e4ab,1,data/malware_images/images/IcedID/dfad2aeefad65c362b8ae0325ff8bd5002f102b804829289d5ae238d6c54e4ab.png
c4666a49eebe8c110cd96e5c7a158dab93ce5dcec67a82d148e3e3c691ced74e,1,data/malware_images/images/IcedID/c4666a49eebe8c110cd96e5c7a158dab93ce5dcec67a82d148e3e3c691ced74e.png
8b344d2450dbd004a07433db12eb89aea0a24209d1e4829f881e1ee09db7f76b,0,data/benign_original/benign/8b344d2450dbd004a07433db12eb89aea0a24209d1e4829f881e1ee09db7f76b.png
b53b3adca167c5bdf4f29726a2208bd8ff1dd036a4d569b03019b554c0b1d1f6,1,data/malware_images/images/Gozi/b53b3adca167c5bdf4f29726a2208bd8ff1dd036a4d569b03019b554c0b1d1f6.png
b71421256251bb62744e878f6b10dfa5658ed969216a1cc39e70c6495ae18b8a,0,data/benign_original/benign/b71421256251bb62744e878f6b10dfa5658ed969216a1cc39e70c6495ae18b8a.png
b2505f467204a8fd2d1c1e6f019fe96536dc7382a98e84d395cd27ae39ba1648,0,data/benign_original/benign/b2505f467204a8fd2d1c1e6f019fe96536dc7382a98e84d395cd27ae39ba1648.png
c31eaf4180f40bb71c97a92381dd22b900b164739a6510ac20bdf859e56e2a78,0,data/benign_original/benign/c31eaf4180f40bb71c97a92381dd22b900b164739a6510ac20bdf859e56e2a78.png
3a3150f2d1117232482c62a9327d69b70e307b4885915e6ee8d2d12d62d9050a,1,data/malware_images/images/GuLoader/3a3150f2d1117232482c62a9327d69b70e307b4885915e6ee8d2d12d62d9050a.png
e279fa81b8e6da9e457d814243f4c8ddd837d70e4ec96b7e0ad48bab7a677bf2,1,data/malware_images/images/njrat/e279fa81b8e6da9e457d814243f4c8ddd837d70e4ec96b7e0ad48bab7a677bf2.png
b6ea2f9d8f0777d50c4201d7ad30d27f75987618eb1cc0eaa7712cf268707a8e,0,data/benign_original/benign/b6ea2f9d8f0777d50c4201d7ad30d27f75987618eb1cc0eaa7712cf268707a8e.png
afd3e5019e4853ea19e192d7ca7df8cd94d21d19382666f9225a94afb503b35b,1,data/malware_images/images/njrat/afd3e5019e4853ea19e192d7ca7df8cd94d21d19382666f9225a94afb503b35b.png
afa10a95c7298c4723c3e6664765a446dea161ad438430b26f3a6a05d38f3337,1,data/malware_images/images/Trickbot/afa10a95c7298c4723c3e6664765a446dea161ad438430b26f3a6a05d38f3337.png
bcc0cc3013ea2916fc8215a84e8b47a5ec7b733bbe414c57629e507ab89f50ba,0,data/benign_original/benign/bcc0cc3013ea2916fc8215a84e8b47a5ec7b733bbe414c57629e507ab89f50ba.png
c2a2b61003dba1e5d6da5b397439e2f7f79615ef10a3f8cb57ac90fe9a0b5fb7,1,data/malware_images/images/IcedID/c2a2b61003dba1e5d6da5b397439e2f7f79615ef10a3f8cb57ac90fe9a0b5fb7.png
b38fe87d4f0d37c5b6e2fde6a2a4117931cdbf6ec182b8a34755a27c670ab288,1,data/malware_images/images/njrat/b38fe87d4f0d37c5b6e2fde6a2a4117931cdbf6ec182b8a34755a27c670ab288.png
1bec844230d6235a4adbdcedf611de95cdefa995c13940100d724b8c2799dca4,0,data/benign_original/benign/1bec844230d6235a4adbdcedf611de95cdefa995c13940100d724b8c2799dca4.png
0111bddac92a792c7b2ee3ab77642c33df0e01afe737b0d1fa0cbbf331d9572c,0,data/benign_original/benign/0111bddac92a792c7b2ee3ab77642c33df0e01afe737b0d1fa0cbbf331d9572c.png
d6969e5a50e04cb9bc0a97c3e6dd22d48580bb22f9408d3fc905882d45fcd01b,1,data/malware_images/images/njrat/d6969e5a50e04cb9bc0a97c3e6dd22d48580bb22f9408d3fc905882d45fcd01b.png
dc14743f0c58595e84d80cf3579f6d162d378312c6b017380a1e43c870f9f9fd,0,data/benign_original/benign/dc14743f0c58595e84d80cf3579f6d162d378312c6b017380a1e43c870f9f9fd.png
b872a7a909e26e6fa6db3f504eda74e08388e238c05f5113f3b3c28d31485dde,0,data/benign_original/benign/b872a7a909e26e6fa6db3f504eda74e08388e238c05f5113f3b3c28d31485dde.png
2b054b959cbf97b853de9e6937efac1a7265970a5ccb5f959fe86f3e1ade0de8,1,data/malware_images/images/Gozi/2b054b959cbf97b853de9e6937efac1a7265970a5ccb5f959fe86f3e1ade0de8.png
e904e2854dc69d740d03101764ff1dcad82acd70b5b9b6076f26d0d64a68f1ce,0,data/benign_original/benign/e904e2854dc69d740d03101764ff1dcad82acd70b5b9b6076f26d0d64a68f1ce.png
d8a68530ef0a0bfdfa5f38e63909275b50c47900755a647ca0e899ba53b81fe2,0,data/benign_original/benign/d8a68530ef0a0bfdfa5f38e63909275b50c47900755a647ca0e899ba53b81fe2.png
03a2c33e13b990e98120fb3ac5a96686a7ce725a388bb0daf247bb85fc246cd8,1,data/malware_images/images/njrat/03a2c33e13b990e98120fb3ac5a96686a7ce725a388bb0daf247bb85fc246cd8.png
8c953a78a471f5ed443a422f015d19ae58ad382a4383825b3c375e861cf25c33,0,data/benign_original/benign/8c953a78a471f5ed443a422f015d19ae58ad382a4383825b3c375e861cf25c33.png
eae90615ed9ab19600d8364d83c06fcf5655197b0fcabb696922c84c442af2d0,1,data/malware_images/images/Gozi/eae90615ed9ab19600d8364d83c06fcf5655197b0fcabb696922c84c442af2d0.png
e20e127ac88636393396e04c2de2cb76c686efd1654b660ad080a3b443c42eb8,0,data/benign_original/benign/e20e127ac88636393396e04c2de2cb76c686efd1654b660ad080a3b443c42eb8.png
bf76516a5390fd2a0576ed01aaec3a8433c0287a3bfb5d3d42e2b5e935f9f6ad,0,data/benign_original/benign/bf76516a5390fd2a0576ed01aaec3a8433c0287a3bfb5d3d42e2b5e935f9f6ad.png
c67727c5fb909ebb2ab29a0c7430e68f5f11182a641fba8a850766ac370c3d6e,0,data/benign_original/benign/c67727c5fb909ebb2ab29a0c7430e68f5f11182a641fba8a850766ac370c3d6e.png
881d4d5629c9abb80c610626ca86d3750aa72acdd5fcf53ff4bcba816275a18c,1,data/malware_images/images/Trickbot/881d4d5629c9abb80c610626ca86d3750aa72acdd5fcf53ff4bcba816275a18c.png
3bf4cf67d48f80120de84ad89c418c133d7320a98a9393426482854e45292542,1,data/malware_images/images/Gozi/3bf4cf67d48f80120de84ad89c418c133d7320a98a9393426482854e45292542.png
b3140a2e68c805357b1e57c528412adf9f32c2b8515b9c29890ef8cbd782dbc4,1,data/malware_images/images/Gozi/b3140a2e68c805357b1e57c528412adf9f32c2b8515b9c29890ef8cbd782dbc4.png
fdfeb03723a977b97469e03d729f2dd19bfeac3811d75cbf426345327e1c7c80,0,data/benign_original/benign/fdfeb03723a977b97469e03d729f2dd19bfeac3811d75cbf426345327e1c7c80.png
d4a6bde59452ed3c565535321cf37bd40fd1ad7a547ae2dddb555a3bfdfff236,1,data/malware_images/images/GuLoader/d4a6bde59452ed3c565535321cf37bd40fd1ad7a547ae2dddb555a3bfdfff236.png
18faaa4a99a8e7d413f03b385ac4c0a0b07bd01c2deb0789d8809c053b621f40,1,data/malware_images/images/Trickbot/18faaa4a99a8e7d413f03b385ac4c0a0b07bd01c2deb0789d8809c053b621f40.png
b324b1accac614d65c8f595dfb7c7785c059931a3766db95e2ac4e0abbf5b639,1,data/malware_images/images/Gozi/b324b1accac614d65c8f595dfb7c7785c059931a3766db95e2ac4e0abbf5b639.png
7f80a67b053f709cdecb3dc745d8b6c82f9b06178ef0f86b104de6256da52124,1,data/malware_images/images/njrat/7f80a67b053f709cdecb3dc745d8b6c82f9b06178ef0f86b104de6256da52124.png
d282116e5946c3eacabdebd2ba938186bd987d8942d29230f0dfa157570ba9bf,0,data/benign_original/benign/d282116e5946c3eacabdebd2ba938186bd987d8942d29230f0dfa157570ba9bf.png
ead08d6669c3f6e17fe7039451c5fbb9903f50c2027c256fc6efbf667eb36912,0,data/benign_original/benign/ead08d6669c3f6e17fe7039451c5fbb9903f50c2027c256fc6efbf667eb36912.png
bc12998f0c35793ce3597802dec50a30e468e39095bf7edc3429d658a32c686d,0,data/benign_original/benign/bc12998f0c35793ce3597802dec50a30e468e39095bf7edc3429d658a32c686d.png
b6ac6fcf77436851fcbb101ef697684d017f2a551dcc9d1bb4f34c41b2826bc4,0,data/benign_original/benign/b6ac6fcf77436851fcbb101ef697684d017f2a551dcc9d1bb4f34c41b2826bc4.png
dc849f25c14a1521fcd18e6247e7c0afee270e7e92829ce9cf23863bf454e316,0,data/benign_original/benign/dc849f25c14a1521fcd18e6247e7c0afee270e7e92829ce9cf23863bf454e316.png
dc4a4aabaa2db2cd79d01d12e35ae7402a4aa8193660141c30ee216cf27f189a,0,data/benign_original/benign/dc4a4aabaa2db2cd79d01d12e35ae7402a4aa8193660141c30ee216cf27f189a.png
c659ec9f6dbac8ffbac71414a2277582ff798889b3d04d52c938119edc9453c5,0,data/benign_original/benign/c659ec9f6dbac8ffbac71414a2277582ff798889b3d04d52c938119edc9453c5.png
b5bd9240b7a811177610996661c9fc7b8e9e3b5e0eb6668c7f6cc17b1185f625,1,data/malware_images/images/GuLoader/b5bd9240b7a811177610996661c9fc7b8e9e3b5e0eb6668c7f6cc17b1185f625.png
d87165d19057515b15b424f25e1827d160666107d1286dc948c6791c79b94643,1,data/malware_images/images/Trickbot/d87165d19057515b15b424f25e1827d160666107d1286dc948c6791c79b94643.png
0a464a3765ffc0c23cf47345bf1185426af8e6b5711e015ca18027afcac2f2e0,0,data/benign_original/benign/0a464a3765ffc0c23cf47345bf1185426af8e6b5711e015ca18027afcac2f2e0.png
c18abd077960d3b38d3c1e3878889995d65619f639524557af4f9350ca04d8a7,0,data/benign_original/benign/c18abd077960d3b38d3c1e3878889995d65619f639524557af4f9350ca04d8a7.png
5ddb5815973d58798ba373011bf5a5903bfd9b270c4b648032aa7d19153a8f56,0,data/benign_original/benign/5ddb5815973d58798ba373011bf5a5903bfd9b270c4b648032aa7d19153a8f56.png
ca4ffc42942b2a45a6b4a2bd06f213720862102539c64d40efb7261286f011a3,0,data/benign_original/benign/ca4ffc42942b2a45a6b4a2bd06f213720862102539c64d40efb7261286f011a3.png
c344f3d47d8f3def0f441134f6a51bf163b1ad9ecbb4ad3601c38b7d3d7824e6,1,data/malware_images/images/Heodo/c344f3d47d8f3def0f441134f6a51bf163b1ad9ecbb4ad3601c38b7d3d7824e6.png
c28845cc73038d0b9b4a8b32d2796253945c74351d4a76ba47e877cbcc8a3d6e,0,data/benign_original/benign/c28845cc73038d0b9b4a8b32d2796253945c74351d4a76ba47e877cbcc8a3d6e.png
d916c378edeae771e1cddcea678927b8777245f2716c42fb89f80bafd143ca10,0,data/benign_original/benign/d916c378edeae771e1cddcea678927b8777245f2716c42fb89f80bafd143ca10.png
ea1be852b63ea8b295aa31b1f5ee465bc2e67c401241292537c45b90ad47b31b,1,data/malware_images/images/njrat/ea1be852b63ea8b295aa31b1f5ee465bc2e67c401241292537c45b90ad47b31b.png
93a0768a70af257d82f58826a8e81759ed90a1f28efdf25337848b926da40e65,1,data/malware_images/images/GuLoader/93a0768a70af257d82f58826a8e81759ed90a1f28efdf25337848b926da40e65.png
f40e260779e7b7c619302c5316643e1629205b501d5d356550f82cf0bc3b3c6b,0,data/benign_original/benign/f40e260779e7b7c619302c5316643e1629205b501d5d356550f82cf0bc3b3c6b.png
f75debd3735297f8bcea6dfe3ab8aad180153ff16f14b9853d1d12f424d997e5,0,data/benign_original/benign/f75debd3735297f8bcea6dfe3ab8aad180153ff16f14b9853d1d12f424d997e5.png
600282ce6e415230e77b62560d739715f69bbdf6ef5a0b15d923fab32f7a792e,1,data/malware_images/images/Gozi/600282ce6e415230e77b62560d739715f69bbdf6ef5a0b15d923fab32f7a792e.png
f8574d87ef440f56e5c7db24ce6c49787c85b2722d3823efd53904e3ddb60fcb,1,data/malware_images/images/Trickbot/f8574d87ef440f56e5c7db24ce6c49787c85b2722d3823efd53904e3ddb60fcb.png
ea5c72bce7e028a6b2f9febd90751bf0e323da00b4b0d68be2a52ed21fe2a4d0,1,data/malware_images/images/Trickbot/ea5c72bce7e028a6b2f9febd90751bf0e323da00b4b0d68be2a52ed21fe2a4d0.png
08a78519d298dcb9a30a3954a62e4e91052ae4f44d18268786d46e7d6cc6ba24,1,data/malware_images/images/Gozi/08a78519d298dcb9a30a3954a62e4e91052ae4f44d18268786d46e7d6cc6ba24.png
d55dcfa21e7d6b15334867f4ed63dbe0d3f13f283b416a70d11e65951fca6c17,0,data/benign_original/benign/d55dcfa21e7d6b15334867f4ed63dbe0d3f13f283b416a70d11e65951fca6c17.png
8131a4efe8cd0df08b0dc44a83079aa0dd7cf88c39c85f5caa13b43a950f9a9b,1,data/malware_images/images/IcedID/8131a4efe8cd0df08b0dc44a83079aa0dd7cf88c39c85f5caa13b43a950f9a9b.png
b9c456cb6bea41f4cc99d34ad9b7e15d62c17ee7729d1687fbe00eb852ebe32b,1,data/malware_images/images/Gozi/b9c456cb6bea41f4cc99d34ad9b7e15d62c17ee7729d1687fbe00eb852ebe32b.png
db238a1ede5b60865d78efa06dbf10cf0c9530a7d1e72b3b36969c0ca69328e2,0,data/benign_original/benign/db238a1ede5b60865d78efa06dbf10cf0c9530a7d1e72b3b36969c0ca69328e2.png
5d2df623c089609e8bb59804668268c493c3397eaa89c9f5a7eb8de0996ddec4,1,data/malware_images/images/Gozi/5d2df623c089609e8bb59804668268c493c3397eaa89c9f5a7eb8de0996ddec4.png
f742c7f8ffc4fb0a097279499c802aa6796e06a4e9d44385d0e7222d490ef31a,0,data/benign_original/benign/f742c7f8ffc4fb0a097279499c802aa6796e06a4e9d44385d0e7222d490ef31a.png
dcb4d83651c79fca3c7cf29ffe71ec920de474c04d20d0e519125edb35ac28f2,0,data/benign_original/benign/dcb4d83651c79fca3c7cf29ffe71ec920de474c04d20d0e519125edb35ac28f2.png
d176280e4ebe7f7d06b6ddda787627423a7be999dd18ce5c47e677572989df3a,0,data/benign_original/benign/d176280e4ebe7f7d06b6ddda787627423a7be999dd18ce5c47e677572989df3a.png
2bad5a5e965befb0e1839cc8698b3b8a5d3ec177e80abf7b8281ae66461ded5f,1,data/malware_images/images/njrat/2bad5a5e965befb0e1839cc8698b3b8a5d3ec177e80abf7b8281ae66461ded5f.png
d92dc1ccad1cfd821a3dcce69025cadc74af71b4b1abacb415eb7719577b8c87,1,data/malware_images/images/njrat/d92dc1ccad1cfd821a3dcce69025cadc74af71b4b1abacb415eb7719577b8c87.png
bea3bb1a8652a051d8f836bdbadc7d586c3683b161a914ad464a926a541feeb0,0,data/benign_original/benign/bea3bb1a8652a051d8f836bdbadc7d586c3683b161a914ad464a926a541feeb0.png
dea20a267873b03b91841b96181345465d3c3b7faf641edc419e34ac97e48c08,0,data/benign_original/benign/dea20a267873b03b91841b96181345465d3c3b7faf641edc419e34ac97e48c08.png
fb786a22c4a0483f7b0aa43f8b2572ac436cfb8fe64124f0d24cf2eae511aeb7,0,data/benign_original/benign/fb786a22c4a0483f7b0aa43f8b2572ac436cfb8fe64124f0d24cf2eae511aeb7.png
f6d7bad26c99cc5502becb8be05234e997155720fb51996bdc5b630eeeb546d3,1,data/malware_images/images/Heodo/f6d7bad26c99cc5502becb8be05234e997155720fb51996bdc5b630eeeb546d3.png
d155a7d8946d043d652381e55b7a5d58a8f115affa83618ad56e818030b272d2,0,data/benign_original/benign/d155a7d8946d043d652381e55b7a5d58a8f115affa83618ad56e818030b272d2.png
a3249c5307d17cd6ec706ec47b14d658ac3049673ffa527ba5f76a95e50103e0,0,data/benign_original/benign/a3249c5307d17cd6ec706ec47b14d658ac3049673ffa527ba5f76a95e50103e0.png
c55eb043454ac2d460f86ea26f934ecb16bdb1d05294c168193a05090bf1c56c,0,data/benign_original/benign/c55eb043454ac2d460f86ea26f934ecb16bdb1d05294c168193a05090bf1c56c.png
7fee0f3adb6bb5a3ed22ad960709a87893e2512d099f6c8c39946097d9a4122b,1,data/malware_images/images/Trickbot/7fee0f3adb6bb5a3ed22ad960709a87893e2512d099f6c8c39946097d9a4122b.png
b7dd16bc7a5337333c760d4e3c7cc40d74ffa9e3463bca30f77500d061b94b5e,0,data/benign_original/benign/b7dd16bc7a5337333c760d4e3c7cc40d74ffa9e3463bca30f77500d061b94b5e.png
d85fc0e45cc705cc7052e05fe23b2ed7a18dc13de509ad49509e090465b01230,1,data/malware_images/images/IcedID/d85fc0e45cc705cc7052e05fe23b2ed7a18dc13de509ad49509e090465b01230.png
acac6a29cee0fb15fa8df0c561e0ca34af844d0ec2b8828e4abb661ff9828b5d,1,data/malware_images/images/Gozi/acac6a29cee0fb15fa8df0c561e0ca34af844d0ec2b8828e4abb661ff9828b5d.png
9ad02a119c0df3fb652557b2b5c3136a3fb7f80e78774f1bffd5237eb2d9a514,1,data/malware_images/images/IcedID/9ad02a119c0df3fb652557b2b5c3136a3fb7f80e78774f1bffd5237eb2d9a514.png
f1765ae72191fcb6794dbb24b0a0e800e858a8997f711b2d95a5802fd36f0f72,1,data/malware_images/images/Trickbot/f1765ae72191fcb6794dbb24b0a0e800e858a8997f711b2d95a5802fd36f0f72.png
a891606327e5e625ddd626a1c63958e6575c2293bcfef7388fb803cef653f931,1,data/malware_images/images/GuLoader/a891606327e5e625ddd626a1c63958e6575c2293bcfef7388fb803cef653f931.png
a5395444a0887fa24ce76d37dcbb4d9482128afe323dba12fa1d2db339af2691,1,data/malware_images/images/GuLoader/a5395444a0887fa24ce76d37dcbb4d9482128afe323dba12fa1d2db339af2691.png
b1df4f47c8746e49b0b7db55fc5d391a1442de04863ccba497530003182b7576,0,data/benign_original/benign/b1df4f47c8746e49b0b7db55fc5d391a1442de04863ccba497530003182b7576.png
66b833cc53b7c8984cb521afbb3f91a64e045a2830bc2e456e91becc7d282179,1,data/malware_images/images/Trickbot/66b833cc53b7c8984cb521afbb3f91a64e045a2830bc2e456e91becc7d282179.png
f45dc2f9ab9040d641d54cd7bfb08c98cbc33d0f81b4613fe73b91aede1f48fd,0,data/benign_original/benign/f45dc2f9ab9040d641d54cd7bfb08c98cbc33d0f81b4613fe73b91aede1f48fd.png
5c49c0f46524da53a270107b572c251467c8dfa185c988b4b285749a809604b2,1,data/malware_images/images/Gozi/5c49c0f46524da53a270107b572c251467c8dfa185c988b4b285749a809604b2.png
d79d452fa4c3cd3f38a2419e491908b9ba1badb5f7208c34df82e2529df87d91,0,data/benign_original/benign/d79d452fa4c3cd3f38a2419e491908b9ba1badb5f7208c34df82e2529df87d91.png
bf7610bec2416bf141156e8d2b89ef52a2a80fa7b065d717dc9d393be4725206,1,data/malware_images/images/njrat/bf7610bec2416bf141156e8d2b89ef52a2a80fa7b065d717dc9d393be4725206.png
17653f0b95df006bc5833a71a7cedaf0210ab2dd9c913104576b4823c8f7cdfd,1,data/malware_images/images/GuLoader/17653f0b95df006bc5833a71a7cedaf0210ab2dd9c913104576b4823c8f7cdfd.png
fc0f8d20a901ffafca8e20a52c6ea61c64d1470cb01231a2b45ab943bf04065f,0,data/benign_original/benign/fc0f8d20a901ffafca8e20a52c6ea61c64d1470cb01231a2b45ab943bf04065f.png
c2364495bb476b8e54cf350ea9bd338618591dc2c3161d9814fee2003dd61421,0,data/benign_original/benign/c2364495bb476b8e54cf350ea9bd338618591dc2c3161d9814fee2003dd61421.png
e7ab97cc5f69b125dabf881992f61e38a0d27585067d95c25d9a6a52f5c84539,1,data/malware_images/images/njrat/e7ab97cc5f69b125dabf881992f61e38a0d27585067d95c25d9a6a52f5c84539.png
304f34f5a9d1c1c7a3fd894dd93d8b6616a615600d475923443bca4e7587c9b8,0,data/benign_original/benign/304f34f5a9d1c1c7a3fd894dd93d8b6616a615600d475923443bca4e7587c9b8.png
c6e8b83010239dda497390789493c0e0c401776813aa65948d2f3b2a3b0ed216,0,data/benign_original/benign/c6e8b83010239dda497390789493c0e0c401776813aa65948d2f3b2a3b0ed216.png
05afd7c7b1e384846e268293170053ff058d17aa859350cb6ff5d2064ca61d47,1,data/malware_images/images/Trickbot/05afd7c7b1e384846e268293170053ff058d17aa859350cb6ff5d2064ca61d47.png
c9fd4ab26d7a8804338d12239b2df22db470ec574a79e53f150d9f8bc8c64041,0,data/benign_original/benign/c9fd4ab26d7a8804338d12239b2df22db470ec574a79e53f150d9f8bc8c64041.png
c89b21e536599a0cbc96605fd8300c9d4797f67addcc4699f808cb07085c8725,1,data/malware_images/images/IcedID/c89b21e536599a0cbc96605fd8300c9d4797f67addcc4699f808cb07085c8725.png
55c935b724a8106ccabf0287e1d763ed83a54d899ef0d916c38742341b734607,1,data/malware_images/images/Trickbot/55c935b724a8106ccabf0287e1d763ed83a54d899ef0d916c38742341b734607.png
fc83a837d4ed141869b3b7e957efb292d91f40f41090cac7bdfdfb57909e2740,0,data/benign_original/benign/fc83a837d4ed141869b3b7e957efb292d91f40f41090cac7bdfdfb57909e2740.png
d5954f8585b0ca92c87378d878facc679e15a766f93b16bce0534507d21f0b23,0,data/benign_original/benign/d5954f8585b0ca92c87378d878facc679e15a766f93b16bce0534507d21f0b23.png
55bc7ae7ab1017eb75387291424a67b9655d52e9357005caacbbb997dada592c,1,data/malware_images/images/IcedID/55bc7ae7ab1017eb75387291424a67b9655d52e9357005caacbbb997dada592c.png
8b2a8e5204ffb2fcf0b469a256a1d3b72618a66ad03ddd256210622bac56bae7,1,data/malware_images/images/Trickbot/8b2a8e5204ffb2fcf0b469a256a1d3b72618a66ad03ddd256210622bac56bae7.png
8b5095e639db02b1df4301a22864c067f0643c384d21f2f57051f0470562e540,1,data/malware_images/images/Gozi/8b5095e639db02b1df4301a22864c067f0643c384d21f2f57051f0470562e540.png
1a54e429844aae230a6388ce6de7c8231f53380e748c7245bf8c3c7978d0ab79,1,data/malware_images/images/GuLoader/1a54e429844aae230a6388ce6de7c8231f53380e748c7245bf8c3c7978d0ab79.png
b76457c961506bd02a66218f62091500bc9c8ebaa5803ec4741af3e8b632e4ef,0,data/benign_original/benign/b76457c961506bd02a66218f62091500bc9c8ebaa5803ec4741af3e8b632e4ef.png
de9677f14f8fa5cb20cd8146d77d5dab0cd8c9b34d6e9ec6d218f844d6f95425,0,data/benign_original/benign/de9677f14f8fa5cb20cd8146d77d5dab0cd8c9b34d6e9ec6d218f844d6f95425.png
1ab652cd34263cc46519094a3a013064876592595ca653179f4a71ea112ff691,1,data/malware_images/images/IcedID/1ab652cd34263cc46519094a3a013064876592595ca653179f4a71ea112ff691.png
00fe92531b7d72deac41ce269e3346a4dfb76f1381d8204dbce1bc5b716b24f5,1,data/malware_images/images/Trickbot/00fe92531b7d72deac41ce269e3346a4dfb76f1381d8204dbce1bc5b716b24f5.png
e6d0cd4425a0d27fa8b175b4545a77a5b543dbe21d0ff28a948f75b0519fafa0,1,data/malware_images/images/Trickbot/e6d0cd4425a0d27fa8b175b4545a77a5b543dbe21d0ff28a948f75b0519fafa0.png
9da0df6eb709cee7468a850c0b59914ca84eeace25bea74ed6d393e0e5e84737,1,data/malware_images/images/GuLoader/9da0df6eb709cee7468a850c0b59914ca84eeace25bea74ed6d393e0e5e84737.png
ff15dd1d0522c5e90ac5f689d2897af26b1cb17376f1fc2f27f7cd3e50ade598,1,data/malware_images/images/Trickbot/ff15dd1d0522c5e90ac5f689d2897af26b1cb17376f1fc2f27f7cd3e50ade598.png
78d7c33adc73827d0c60df89c13d7973a885db106f39b4c641aa850469643834,0,data/benign_original/benign/78d7c33adc73827d0c60df89c13d7973a885db106f39b4c641aa850469643834.png
f6c2ccebf39abce414d52901c195e9ba55f34f3e923ff47ec2f52792695e3198,0,data/benign_original/benign/f6c2ccebf39abce414d52901c195e9ba55f34f3e923ff47ec2f52792695e3198.png
c831855bd407480c89610f657a3caadc2a5e87f2f73df0ec37c950c0748bf7ea,0,data/benign_original/benign/c831855bd407480c89610f657a3caadc2a5e87f2f73df0ec37c950c0748bf7ea.png
a5a1f315fb88754bb4b99c6552e353c3a7606c791264f6b1f3b20fa2b94376e7,0,data/benign_original/benign/a5a1f315fb88754bb4b99c6552e353c3a7606c791264f6b1f3b20fa2b94376e7.png
6b8d1a1f785c103e2d75702c22491d1b3942878bcba7965c9f6b2ec46440726d,0,data/benign_original/benign/6b8d1a1f785c103e2d75702c22491d1b3942878bcba7965c9f6b2ec46440726d.png
cb62c35fede3c3b21e2d23591e557962491698c6b834ff03f0a42cf714cc2f24,1,data/malware_images/images/GuLoader/cb62c35fede3c3b21e2d23591e557962491698c6b834ff03f0a42cf714cc2f24.png
45ccf8e379c900f0c7496e4debe1ad4550256f6162383baba5f1344e5d9ca250,1,data/malware_images/images/njrat/45ccf8e379c900f0c7496e4debe1ad4550256f6162383baba5f1344e5d9ca250.png
1036593579e69c79e77147d44502bf0a7aca2c13af68aa2843202f109f916ba6,1,data/malware_images/images/Trickbot/1036593579e69c79e77147d44502bf0a7aca2c13af68aa2843202f109f916ba6.png
dba569d0cd4f2290c6fe272d7320ed5d88c99bf8a9eb5e393fc9063320b7b1de,1,data/malware_images/images/IcedID/dba569d0cd4f2290c6fe272d7320ed5d88c99bf8a9eb5e393fc9063320b7b1de.png
d554eb7a35d078346d9a38ec6b7cd040f252d275334d03a5f97176ce209e02d2,1,data/malware_images/images/Heodo/d554eb7a35d078346d9a38ec6b7cd040f252d275334d03a5f97176ce209e02d2.png
fc0e4467c5c4a15c8a1f58bd9351acbb9391069139c56b0e32e7031ae2cc743e,0,data/benign_original/benign/fc0e4467c5c4a15c8a1f58bd9351acbb9391069139c56b0e32e7031ae2cc743e.png
727acc8935d0777c1e313ef304ce0bbe5b28e108c4b2520a04ce9449c0514ade,1,data/malware_images/images/Trickbot/727acc8935d0777c1e313ef304ce0bbe5b28e108c4b2520a04ce9449c0514ade.png
c7cf8df01a5431dc20b13240a7ee104d0dca74220a6d4942f11e81fe6ba3a5c7,0,data/benign_original/benign/c7cf8df01a5431dc20b13240a7ee104d0dca74220a6d4942f11e81fe6ba3a5c7.png
b806448d1974e9416698148df1b7551365554b277b8d2789355c6d51037eda5b,0,data/benign_original/benign/b806448d1974e9416698148df1b7551365554b277b8d2789355c6d51037eda5b.png
d002a8731182968d4036d54e401f9792a57c1c84caef576059ca18190b4698a4,0,data/benign_original/benign/d002a8731182968d4036d54e401f9792a57c1c84caef576059ca18190b4698a4.png
e668b3c0562897a384e18d870401f41cc5339cecf34696bec275caccf9345930,0,data/benign_original/benign/e668b3c0562897a384e18d870401f41cc5339cecf34696bec275caccf9345930.png
b74b514921d8d1d54a3daab26ad1b60e0a140d55879ba036d6d22b2cb84d9ea4,0,data/benign_original/benign/b74b514921d8d1d54a3daab26ad1b60e0a140d55879ba036d6d22b2cb84d9ea4.png
cd24d546273174b5ffd22d83e5380c39d666de7e8c904882d8917c542852f2a1,1,data/malware_images/images/Trickbot/cd24d546273174b5ffd22d83e5380c39d666de7e8c904882d8917c542852f2a1.png
dba499902e6498dd8983ded2449e0a66b96ff5a7698b76eeaacdd58ba65420e7,0,data/benign_original/benign/dba499902e6498dd8983ded2449e0a66b96ff5a7698b76eeaacdd58ba65420e7.png
f65f854844bb4a39fd99ff218daf06d1acbf56df23fe4818c660c2c9f6dc0def,0,data/benign_original/benign/f65f854844bb4a39fd99ff218daf06d1acbf56df23fe4818c660c2c9f6dc0def.png
0ed043d90ee777bed3adaa2692e522f18a987ed48f2283a28ce7e5fb057ca08d,1,data/malware_images/images/Trickbot/0ed043d90ee777bed3adaa2692e522f18a987ed48f2283a28ce7e5fb057ca08d.png
4ea4ef03b60f35115ff7383c5e751794ed0c07c224ee5fe8a4d65261b870e7df,1,data/malware_images/images/Trickbot/4ea4ef03b60f35115ff7383c5e751794ed0c07c224ee5fe8a4d65261b870e7df.png
af50bf38e1612222d51c1e66bb3410a6e771bc5003050a1458d8731571038c46,0,data/benign_original/benign/af50bf38e1612222d51c1e66bb3410a6e771bc5003050a1458d8731571038c46.png
82ce1fad25ba506d8ff501b8ace7c776fa787033d6960bf267a585f009d4a1de,1,data/malware_images/images/GuLoader/82ce1fad25ba506d8ff501b8ace7c776fa787033d6960bf267a585f009d4a1de.png
c2eb10ad9ddfdb1b96beb3d5021068f17985f8a88f24c82d581afc9d79f07477,0,data/benign_original/benign/c2eb10ad9ddfdb1b96beb3d5021068f17985f8a88f24c82d581afc9d79f07477.png
0a48a4027eb05b188d2cdb83f220a3160c9b5c9006df53306bbf5e4ad9ec55c2,1,data/malware_images/images/GuLoader/0a48a4027eb05b188d2cdb83f220a3160c9b5c9006df53306bbf5e4ad9ec55c2.png
c9994c6272d2b503d513bf1f98cebea9d9847d7286afe079e288bedab36ab7e5,0,data/benign_original/benign/c9994c6272d2b503d513bf1f98cebea9d9847d7286afe079e288bedab36ab7e5.png
8696336221daa87cc4c82b725a6ce9bd82d30e075e7292bb99e79e826904aa76,1,data/malware_images/images/Gozi/8696336221daa87cc4c82b725a6ce9bd82d30e075e7292bb99e79e826904aa76.png
05416bbd81c741642ed00e05b3cb479e5fa26219dcb2b43dd27d8ccc6ae3d8a2,1,data/malware_images/images/njrat/05416bbd81c741642ed00e05b3cb479e5fa26219dcb2b43dd27d8ccc6ae3d8a2.png
fad71249cfd00c9cffa1bd556458bcca424729f8004d28014e06a2fa9353f556,1,data/malware_images/images/Trickbot/fad71249cfd00c9cffa1bd556458bcca424729f8004d28014e06a2fa9353f556.png
69dc322f7861776b6420ab43482f352f745d7a5b0ed3db55c892f9b7479e912d,1,data/malware_images/images/njrat/69dc322f7861776b6420ab43482f352f745d7a5b0ed3db55c892f9b7479e912d.png
1f5872b81920463f1a5424b86e34d7a1a66e8fa7e68153ccd14f36ada3a1e43c,1,data/malware_images/images/Gozi/1f5872b81920463f1a5424b86e34d7a1a66e8fa7e68153ccd14f36ada3a1e43c.png
daf503d6fa39136d0bec5c757eb9168ffe35f402a518a2cc53f995ee082ebce2,0,data/benign_original/benign/daf503d6fa39136d0bec5c757eb9168ffe35f402a518a2cc53f995ee082ebce2.png
8341d485d6d6eaf993d9c0c518a34e2b4a67b875a4c01a20fe98e420db1b0c0b,1,data/malware_images/images/njrat/8341d485d6d6eaf993d9c0c518a34e2b4a67b875a4c01a20fe98e420db1b0c0b.png
e3de1b2d81488c0a4b696a8434969a832181edd80b066f78ac4c9a81b5d86051,0,data/benign_original/benign/e3de1b2d81488c0a4b696a8434969a832181edd80b066f78ac4c9a81b5d86051.png
f0a6f156d13150de6ebb094233e5ff78581fbdb77bd0ff8d083698c42bc8e13b,0,data/benign_original/benign/f0a6f156d13150de6ebb094233e5ff78581fbdb77bd0ff8d083698c42bc8e13b.png
3daad337166e027cb177e98f58fc121e0fd6526b0924f4d8e2de00139dee8933,1,data/malware_images/images/GuLoader/3daad337166e027cb177e98f58fc121e0fd6526b0924f4d8e2de00139dee8933.png
ebd1803e8f06475e395b571e6712957b8264941ac806baf8344f0b771b7a40ba,0,data/benign_original/benign/ebd1803e8f06475e395b571e6712957b8264941ac806baf8344f0b771b7a40ba.png
c7e4ba58c334f932cddf34081a6007c46cf70cfad460e706033ef105b5a1a849,0,data/benign_original/benign/c7e4ba58c334f932cddf34081a6007c46cf70cfad460e706033ef105b5a1a849.png
2bd8e3306ad656bd2a550d2f9f1364eba161cd6f43567aad45942a46cc650315,1,data/malware_images/images/GuLoader/2bd8e3306ad656bd2a550d2f9f1364eba161cd6f43567aad45942a46cc650315.png
f6c70d449e1f64f2f67ceefa9504b11fd3bbe11e3c302938a34e3d4e0a64ffe3,0,data/benign_original/benign/f6c70d449e1f64f2f67ceefa9504b11fd3bbe11e3c302938a34e3d4e0a64ffe3.png
dd8501221b97872bf3170579294dddf8cf174aae6952be83119aca86f0760c6c,1,data/malware_images/images/Heodo/dd8501221b97872bf3170579294dddf8cf174aae6952be83119aca86f0760c6c.png
cc373f95a9bdbbccbf449d3b40d1672971a876ff554affb9b58581dcba354b99,0,data/benign_original/benign/cc373f95a9bdbbccbf449d3b40d1672971a876ff554affb9b58581dcba354b99.png
b3bb77a17e54a662b6fed76d2537ad3a27ec2ab051f913a9aa1207219d96c30f,1,data/malware_images/images/njrat/b3bb77a17e54a662b6fed76d2537ad3a27ec2ab051f913a9aa1207219d96c30f.png
fb0fcfd9e5c5d785901a91ef3ac4e631b928c4c15db0ce93a1d157cc1be38b6d,0,data/benign_original/benign/fb0fcfd9e5c5d785901a91ef3ac4e631b928c4c15db0ce93a1d157cc1be38b6d.png
febcd3dc5106b41e53766a53ae15c29470758c44e73b9b1fd1b68c44ba8f4f05,1,data/malware_images/images/njrat/febcd3dc5106b41e53766a53ae15c29470758c44e73b9b1fd1b68c44ba8f4f05.png
05a1cd78acb2b7d336aeb1022d2d888c79c994f38d9993927095bc55b008f16e,1,data/malware_images/images/Gozi/05a1cd78acb2b7d336aeb1022d2d888c79c994f38d9993927095bc55b008f16e.png
add917bfad27d146fd9ba96c674fcd8b1b6dc618136f52eabfcee381f6768f6a,1,data/malware_images/images/njrat/add917bfad27d146fd9ba96c674fcd8b1b6dc618136f52eabfcee381f6768f6a.png
e651df30c3af5638dfb9624049efb82273759795630b1f04bd11011bb2207163,1,data/malware_images/images/Gozi/e651df30c3af5638dfb9624049efb82273759795630b1f04bd11011bb2207163.png
9a20da8a4585f795cc8199501e1517be39248f9812685d73f1658881342306fb,0,data/benign_original/benign/9a20da8a4585f795cc8199501e1517be39248f9812685d73f1658881342306fb.png
e8fe6d1e9997f53cc759f0c1df9383462e8e93b42ae9fb0e99850834f5c0efdb,0,data/benign_original/benign/e8fe6d1e9997f53cc759f0c1df9383462e8e93b42ae9fb0e99850834f5c0efdb.png
c326b882855ce1f61faaeba18b9e9b77a83854b9c2199ad085d9f53733b23fc5,1,data/malware_images/images/Trickbot/c326b882855ce1f61faaeba18b9e9b77a83854b9c2199ad085d9f53733b23fc5.png
cd0c5c068f5e31d1480267c9b8dc902f2f4cd056aa297762758d940c43f9b378,0,data/benign_original/benign/cd0c5c068f5e31d1480267c9b8dc902f2f4cd056aa297762758d940c43f9b378.png
c3b44329f9a310aaec790630391b03f9fe46028863819c9d4e8339390a66ef10,0,data/benign_original/benign/c3b44329f9a310aaec790630391b03f9fe46028863819c9d4e8339390a66ef10.png
ec846f2183469e844d4cbba85981966af119e90521ed0be38af43e1badb1f3c2,0,data/benign_original/benign/ec846f2183469e844d4cbba85981966af119e90521ed0be38af43e1badb1f3c2.png
ecff3f8f3fd541c57377f66b06926109e068a72684ecf3a8b0ffd4d33a725320,0,data/benign_original/benign/ecff3f8f3fd541c57377f66b06926109e068a72684ecf3a8b0ffd4d33a725320.png
ee9fd78107cdcaffc274cf2484d6c74c56c7f3be39b1896894d9525506118d1e,1,data/malware_images/images/IcedID/ee9fd78107cdcaffc274cf2484d6c74c56c7f3be39b1896894d9525506118d1e.png
e83b09c0e5acc8dc356c233908657380e756fad4f24748b8d33ac9b50992c11f,0,data/benign_original/benign/e83b09c0e5acc8dc356c233908657380e756fad4f24748b8d33ac9b50992c11f.png
f8c75555c27ea00ab4e5827f8e5266031e5ac541df5a66f5e154ded253a5c000,0,data/benign_original/benign/f8c75555c27ea00ab4e5827f8e5266031e5ac541df5a66f5e154ded253a5c000.png
e7563fb6a81b5ed6c8fa78f8e418a42aab8048940b58dd2b27bac205d4697d27,0,data/benign_original/benign/e7563fb6a81b5ed6c8fa78f8e418a42aab8048940b58dd2b27bac205d4697d27.png
2a22805bbe73a869fc9240d722d6cfb22c582683918103bda90f3a321756c44d,1,data/malware_images/images/njrat/2a22805bbe73a869fc9240d722d6cfb22c582683918103bda90f3a321756c44d.png
62d33b207f1134dbc62090768893f1ab9aa40e3e0315f9e4c2673e5244e07549,1,data/malware_images/images/IcedID/62d33b207f1134dbc62090768893f1ab9aa40e3e0315f9e4c2673e5244e07549.png
69df4166f03247f9694d0300db13485c0c6e4a4cf1b6968118fb4f0f9cf846dd,0,data/benign_original/benign/69df4166f03247f9694d0300db13485c0c6e4a4cf1b6968118fb4f0f9cf846dd.png
e6de819fde4e717bcbb5ac242ca87d5e4576b909eae791284550efea7b48b884,0,data/benign_original/benign/e6de819fde4e717bcbb5ac242ca87d5e4576b909eae791284550efea7b48b884.png
237494387c104ddeff1f3b40842da5cd430bf526663c0b10cf2979d8265397fc,1,data/malware_images/images/njrat/237494387c104ddeff1f3b40842da5cd430bf526663c0b10cf2979d8265397fc.png
4cff58ad133c20a404a6c8c0df9fa327fc588fd2ff719f22dd1772b4408ab3aa,1,data/malware_images/images/njrat/4cff58ad133c20a404a6c8c0df9fa327fc588fd2ff719f22dd1772b4408ab3aa.png
afa4a982680e2b96a16d1228274168b7da24fb23469fe0d3b3458d51f9ef32c1,0,data/benign_original/benign/afa4a982680e2b96a16d1228274168b7da24fb23469fe0d3b3458d51f9ef32c1.png
c453180b92d94d6a214ea0bd994ed6f1e445257168ca14d4f87d226000c0aad4,0,data/benign_original/benign/c453180b92d94d6a214ea0bd994ed6f1e445257168ca14d4f87d226000c0aad4.png
0c08831a51fc1af51ef0e51c11cc544622ece1d00240c0f121ace8f639fb0b70,1,data/malware_images/images/Trickbot/0c08831a51fc1af51ef0e51c11cc544622ece1d00240c0f121ace8f639fb0b70.png
256125aa18a03ce9dd77811091d8e16a6a0f6dba3d3efe285f1242c8c2240769,0,data/benign_original/benign/256125aa18a03ce9dd77811091d8e16a6a0f6dba3d3efe285f1242c8c2240769.png
f368ce0b0f0258379155aa87d69f86eabeadfd9516990a0bd7d4ea66bf5fcedd,0,data/benign_original/benign/f368ce0b0f0258379155aa87d69f86eabeadfd9516990a0bd7d4ea66bf5fcedd.png
a6c5aca83524c9bfc0405279b7e774b70e1ad698a438640bb778f4da005ff0bc,1,data/malware_images/images/Heodo/a6c5aca83524c9bfc0405279b7e774b70e1ad698a438640bb778f4da005ff0bc.png
ddc24af2f48f072fc6a476d253b60a7619e7a8cb766e7a1c61637239381e085c,0,data/benign_original/benign/ddc24af2f48f072fc6a476d253b60a7619e7a8cb766e7a1c61637239381e085c.png
53a0526ad1da9120bba39d5da165f608137891a1b425d31e17ad02e9ddc7bbd9,1,data/malware_images/images/njrat/53a0526ad1da9120bba39d5da165f608137891a1b425d31e17ad02e9ddc7bbd9.png
ddbf07b269de7a426e4aa85a2aca0f11ee85fb55494d608cb0b8191d3fe73124,0,data/benign_original/benign/ddbf07b269de7a426e4aa85a2aca0f11ee85fb55494d608cb0b8191d3fe73124.png
b726ca7d7100e02c672eed094fccad7481ec1439d6d19f911c84e44449e01af9,0,data/benign_original/benign/b726ca7d7100e02c672eed094fccad7481ec1439d6d19f911c84e44449e01af9.png
478042b7bdb8ef3da6152493a8cb6474ff181b9b85e0184fe820f536dfd78909,1,data/malware_images/images/Gozi/478042b7bdb8ef3da6152493a8cb6474ff181b9b85e0184fe820f536dfd78909.png
9c2b9591aa625e3dd4d8eae345b24e331bf731c9d5fa6455ac8e79bd6ec5d0d0,1,data/malware_images/images/IcedID/9c2b9591aa625e3dd4d8eae345b24e331bf731c9d5fa6455ac8e79bd6ec5d0d0.png
dc376b4c1d4acbdd5101df5d51bac34cc147b6fd499d741bc68145016fb3c574,1,data/malware_images/images/IcedID/dc376b4c1d4acbdd5101df5d51bac34cc147b6fd499d741bc68145016fb3c574.png
be3d8e637b588fccc426c73b4cf2ce9abadce7fbfea88c5c1823dad1ec3badd8,0,data/benign_original/benign/be3d8e637b588fccc426c73b4cf2ce9abadce7fbfea88c5c1823dad1ec3badd8.png
ecaab1b71bfe0f85e619b8da7da623da193dc64b9b04e11078510f0cd34f417e,1,data/malware_images/images/Trickbot/ecaab1b71bfe0f85e619b8da7da623da193dc64b9b04e11078510f0cd34f417e.png
bc3f6146438d7567a83db372368713244ff32629d682eab61398555c2fbf5ec1,0,data/benign_original/benign/bc3f6146438d7567a83db372368713244ff32629d682eab61398555c2fbf5ec1.png
8544976ce1fab7c02eb16f9ad67090cf12eaf25929660fc27ceb0536d49fb37f,0,data/benign_original/benign/8544976ce1fab7c02eb16f9ad67090cf12eaf25929660fc27ceb0536d49fb37f.png
a2cfd96a0ad9edd2b9db72c4c3fd47d6fb8e65f9d93ec3a62e97910dc41b3498,1,data/malware_images/images/Trickbot/a2cfd96a0ad9edd2b9db72c4c3fd47d6fb8e65f9d93ec3a62e97910dc41b3498.png
663a448eafe2e093006cea58f9f747178f2c2036230e973acd89641d8611b44e,1,data/malware_images/images/IcedID/663a448eafe2e093006cea58f9f747178f2c2036230e973acd89641d8611b44e.png
98cbe4d5b07975cd7f0b7a23296b918264585dce46b2c1844a9f52640c03d2a6,1,data/malware_images/images/GuLoader/98cbe4d5b07975cd7f0b7a23296b918264585dce46b2c1844a9f52640c03d2a6.png
76098cc2969c4a090fba5c863bb3bb52b5ce88bee46da9d46aab0252affa0744,0,data/benign_original/benign/76098cc2969c4a090fba5c863bb3bb52b5ce88bee46da9d46aab0252affa0744.png
ed888680f04e066e383de8a8694bdf958449850a5c706c323da246e20e8e4585,0,data/benign_original/benign/ed888680f04e066e383de8a8694bdf958449850a5c706c323da246e20e8e4585.png
c50dcacc0092b0671029292d0bc6abe2441b70fedff152924930e06b484d1531,0,data/benign_original/benign/c50dcacc0092b0671029292d0bc6abe2441b70fedff152924930e06b484d1531.png
ce730c5c11594a5c007e8ab5f96ff382777dc6a20396d0eb9a02c4e5489937a8,0,data/benign_original/benign/ce730c5c11594a5c007e8ab5f96ff382777dc6a20396d0eb9a02c4e5489937a8.png
535bd5a8a0e1da398289d7ff576738d8c2e0f080caba5cd6eb0bead3d156b326,1,data/malware_images/images/Trickbot/535bd5a8a0e1da398289d7ff576738d8c2e0f080caba5cd6eb0bead3d156b326.png
2ea4e14ea0250e212e217cc3663be8b1dde72a181016d6ba9a918299266953fc,0,data/benign_original/benign/2ea4e14ea0250e212e217cc3663be8b1dde72a181016d6ba9a918299266953fc.png
b0eea66f156eec3be63fea4011f72515651ff6007b32f741008f22b0c01d892e,0,data/benign_original/benign/b0eea66f156eec3be63fea4011f72515651ff6007b32f741008f22b0c01d892e.png
f434bbda5798696a1c99d33b3aba3f59fc83f849a33108f6a2f2badc313ac81e,0,data/benign_original/benign/f434bbda5798696a1c99d33b3aba3f59fc83f849a33108f6a2f2badc313ac81e.png
88e03236b248d004923161c7928a1546cdffd0b6e8c30a22b1d49b05dca9b2da,1,data/malware_images/images/njrat/88e03236b248d004923161c7928a1546cdffd0b6e8c30a22b1d49b05dca9b2da.png
b9df4ca517f7ae35f825b76b52c44b577ce6eb3d7346ed0049f305efc956c388,0,data/benign_original/benign/b9df4ca517f7ae35f825b76b52c44b577ce6eb3d7346ed0049f305efc956c388.png
1faa34a6afdc0804929524ee1b4766f6c15f200f2c8d176232946a65db9151db,1,data/malware_images/images/Gozi/1faa34a6afdc0804929524ee1b4766f6c15f200f2c8d176232946a65db9151db.png
d8a45609e1da6fac2ac9faccc5ee27fbbf2883f396dab664b16060e7d1a2d67c,0,data/benign_original/benign/d8a45609e1da6fac2ac9faccc5ee27fbbf2883f396dab664b16060e7d1a2d67c.png
e293a839259fe5cf029166f41b08f1745cf8d4f14d79a23a05c0dcdfdfc6e5d6,1,data/malware_images/images/Gozi/e293a839259fe5cf029166f41b08f1745cf8d4f14d79a23a05c0dcdfdfc6e5d6.png
c21982594c699fb0393d9d87dbc9ac0ffa931daaff40714f33c7fe52c8c961b2,1,data/malware_images/images/Trickbot/c21982594c699fb0393d9d87dbc9ac0ffa931daaff40714f33c7fe52c8c961b2.png
d9e30a5dd9ec0514dd2b1f5cb4a2050458007cd9df374a137214c5c9f3914ac0,1,data/malware_images/images/Trickbot/d9e30a5dd9ec0514dd2b1f5cb4a2050458007cd9df374a137214c5c9f3914ac0.png
ec1b8cf87bc532f33daf88355d242769607cf57e60e11ea8e28d6377b1ffe191,0,data/benign_original/benign/ec1b8cf87bc532f33daf88355d242769607cf57e60e11ea8e28d6377b1ffe191.png
0843da13db89b262bb2a52f3deab4abfc13ff27cc221d50aad71d36609363c1d,1,data/malware_images/images/IcedID/0843da13db89b262bb2a52f3deab4abfc13ff27cc221d50aad71d36609363c1d.png
e626246cbe2fa606571c011faa9284c265b619fe81b3628cfa6c93fd1ede48bc,0,data/benign_original/benign/e626246cbe2fa606571c011faa9284c265b619fe81b3628cfa6c93fd1ede48bc.png
c63e0f6e0adcde50d4a34afa9577a63caaf160b206ae7f6aac76b97cd644f828,1,data/malware_images/images/Trickbot/c63e0f6e0adcde50d4a34afa9577a63caaf160b206ae7f6aac76b97cd644f828.png
936b9e7def987aefe894af914c6f6e437dca3be1f9b434bbb83ace0b90e24777,1,data/malware_images/images/njrat/936b9e7def987aefe894af914c6f6e437dca3be1f9b434bbb83ace0b90e24777.png
dedf650b63373616808dc347689e0e6648c4bd6c0fc134881a6da49e6d60c561,1,data/malware_images/images/njrat/dedf650b63373616808dc347689e0e6648c4bd6c0fc134881a6da49e6d60c561.png
f4e5ab68a136d950d919fbdce114e988a17c42b447c2403cdf8a9e2ea83442a1,1,data/malware_images/images/Gozi/f4e5ab68a136d950d919fbdce114e988a17c42b447c2403cdf8a9e2ea83442a1.png
a88005ed23368b2390e914e514ffa244eae22d3568da9cdc8a22a79de6b06ea3,1,data/malware_images/images/njrat/a88005ed23368b2390e914e514ffa244eae22d3568da9cdc8a22a79de6b06ea3.png
e24ced5b4516567856104b0053f0bf0b4de9eb82a516f44355361310441a8a51,0,data/benign_original/benign/e24ced5b4516567856104b0053f0bf0b4de9eb82a516f44355361310441a8a51.png
bd184dee9c1c541ef70e6b2599628439f0b0e48a76926f90e30a28bc9f917e35,0,data/benign_original/benign/bd184dee9c1c541ef70e6b2599628439f0b0e48a76926f90e30a28bc9f917e35.png
769c2f9ab646adbd262b7878529931dd8ea897fb6f59cbac7fa8a501067a4d2c,1,data/malware_images/images/Trickbot/769c2f9ab646adbd262b7878529931dd8ea897fb6f59cbac7fa8a501067a4d2c.png
18726b5405dc2f8159f3496939c5df3ca742ff271a2dd294b033433203f35eb3,1,data/malware_images/images/IcedID/18726b5405dc2f8159f3496939c5df3ca742ff271a2dd294b033433203f35eb3.png
c526d8dbad70d8bd397c18a63abf8d25a2a7d7213041e327ba1825a5f3f58357,0,data/benign_original/benign/c526d8dbad70d8bd397c18a63abf8d25a2a7d7213041e327ba1825a5f3f58357.png
e489a48e7cb4fe6a7f06068923d2690ed863c387added9d8325d0d4fd53bd432,0,data/benign_original/benign/e489a48e7cb4fe6a7f06068923d2690ed863c387added9d8325d0d4fd53bd432.png
b17cb970d6a76b1be5d66fdd6bbb5336c348b596fab734c27060e77e5bbc4ac9,1,data/malware_images/images/njrat/b17cb970d6a76b1be5d66fdd6bbb5336c348b596fab734c27060e77e5bbc4ac9.png
72981a1a126c131817696a7ca8d68b9a91151f0dd01368d073a082cbef70e23d,1,data/malware_images/images/Gozi/72981a1a126c131817696a7ca8d68b9a91151f0dd01368d073a082cbef70e23d.png
d8118d73150ec1239b6cf8fccaa8778f8a15e12d49897b924a1e07e8ccf87759,0,data/benign_original/benign/d8118d73150ec1239b6cf8fccaa8778f8a15e12d49897b924a1e07e8ccf87759.png
9d1e282f59429087df1054945ab7d3fb91eb057c9bc1d6d43f062b0a7e25a043,1,data/malware_images/images/GuLoader/9d1e282f59429087df1054945ab7d3fb91eb057c9bc1d6d43f062b0a7e25a043.png
b93e85515c01ec2f6430d3aa2f2367292f87197896acc812e0bc196a062f37f3,0,data/benign_original/benign/b93e85515c01ec2f6430d3aa2f2367292f87197896acc812e0bc196a062f37f3.png
558a14d8e2ff665755afc5f80b4830b08f956e2eb01daa8568a9f9c714f3671c,0,data/benign_original/benign/558a14d8e2ff665755afc5f80b4830b08f956e2eb01daa8568a9f9c714f3671c.png
18d16e00c1aec23905194caa6929efd4af4a8613cfec674e0752033a891b7c33,1,data/malware_images/images/Gozi/18d16e00c1aec23905194caa6929efd4af4a8613cfec674e0752033a891b7c33.png
b119b94108a257c26dfe868ace9edfac5be9c48ce1df2bfee2f1341318e8a7c8,0,data/benign_original/benign/b119b94108a257c26dfe868ace9edfac5be9c48ce1df2bfee2f1341318e8a7c8.png
d56b09bd88246ec0bfe8e421e03b7f4637fdc2fc7da0b2b16e2b82f9d388acff,1,data/malware_images/images/njrat/d56b09bd88246ec0bfe8e421e03b7f4637fdc2fc7da0b2b16e2b82f9d388acff.png
83456f70dec6de88075e8f81f212d4d0798f3dd42e37838c6d824cfd5bf2fa67,1,data/malware_images/images/njrat/83456f70dec6de88075e8f81f212d4d0798f3dd42e37838c6d824cfd5bf2fa67.png
3a865f21dc1c62ee31df28d89094e9e95d480e2bc6b75b3a6543b2906d975a61,1,data/malware_images/images/GuLoader/3a865f21dc1c62ee31df28d89094e9e95d480e2bc6b75b3a6543b2906d975a61.png
f93034f9581a2392ac32bcdc7cffdba816cf4686f431d0a8bca55d0680693635,0,data/benign_original/benign/f93034f9581a2392ac32bcdc7cffdba816cf4686f431d0a8bca55d0680693635.png
b946670ad026f5126203ff60091e2621988b347591f07130300dcabdbafbb949,0,data/benign_original/benign/b946670ad026f5126203ff60091e2621988b347591f07130300dcabdbafbb949.png
b676c1145f17a9c3d74cc66ad2708550698f1e6a789e37b1715e32cf0127bfdc,0,data/benign_original/benign/b676c1145f17a9c3d74cc66ad2708550698f1e6a789e37b1715e32cf0127bfdc.png
5513f153348b5f67a3921747f1f702b97032252e98a2d2f134312c63ad4ee36b,1,data/malware_images/images/Heodo/5513f153348b5f67a3921747f1f702b97032252e98a2d2f134312c63ad4ee36b.png
ba2cc57c273df148e459c5128016aa22ac2be7b28c263160fe7883fb2435cc25,0,data/benign_original/benign/ba2cc57c273df148e459c5128016aa22ac2be7b28c263160fe7883fb2435cc25.png
c22d1f2734e5ae7c30022381f5535fe176e2648d41b5b8f52dc0508635bde32e,0,data/benign_original/benign/c22d1f2734e5ae7c30022381f5535fe176e2648d41b5b8f52dc0508635bde32e.png
b6de5d321605262dd019504ed7395dc8439c305a557ebaa60961b3cf4a354af8,1,data/malware_images/images/njrat/b6de5d321605262dd019504ed7395dc8439c305a557ebaa60961b3cf4a354af8.png
67f3fc243c58eeae55bddc22ce025b7841a89aca2e201b999d8c0e4f07d177b8,0,data/benign_original/benign/67f3fc243c58eeae55bddc22ce025b7841a89aca2e201b999d8c0e4f07d177b8.png
e253da5057d82cae6876abf76d6ab87e46917e0a1eed09ea19c1fc4e104de090,0,data/benign_original/benign/e253da5057d82cae6876abf76d6ab87e46917e0a1eed09ea19c1fc4e104de090.png
c6047de8e054e7a4819c82f3d00d576cab07778da4cc68c7d71f4d363621afd4,1,data/malware_images/images/GuLoader/c6047de8e054e7a4819c82f3d00d576cab07778da4cc68c7d71f4d363621afd4.png
f49e2ecf7cb4c16c61dd8686d4c4ea83f916f285f505ea63854ceb6635f2628d,0,data/benign_original/benign/f49e2ecf7cb4c16c61dd8686d4c4ea83f916f285f505ea63854ceb6635f2628d.png
3f3fe9ecad7f30fc80cdfb678d7ca27a30d0575a73818746e98be9170d3be348,0,data/benign_original/benign/3f3fe9ecad7f30fc80cdfb678d7ca27a30d0575a73818746e98be9170d3be348.png
e2802a4a7220255b319aeb7ddf7f5f6856c782748ed7412623a962dd91ac3917,0,data/benign_original/benign/e2802a4a7220255b319aeb7ddf7f5f6856c782748ed7412623a962dd91ac3917.png
252aae7a965a2fbb2bb5e1d51a1da836fec68bbe7552ad8c5134a3a1ee873af3,1,data/malware_images/images/IcedID/252aae7a965a2fbb2bb5e1d51a1da836fec68bbe7552ad8c5134a3a1ee873af3.png
2cf01afb98a61b2af1b0458770d83d230d1c9ab3bfcb9f2b6a504395403b5165,1,data/malware_images/images/GuLoader/2cf01afb98a61b2af1b0458770d83d230d1c9ab3bfcb9f2b6a504395403b5165.png
ffc5b0457eeaa1337fb6f7bccc4c38389df6c1eff45180d9b9b381e5edfcc755,0,data/benign_original/benign/ffc5b0457eeaa1337fb6f7bccc4c38389df6c1eff45180d9b9b381e5edfcc755.png
b586722f68eba4114f3d43e8e9953845ca7d00797bde91d71d703d2d3947642f,0,data/benign_original/benign/b586722f68eba4114f3d43e8e9953845ca7d00797bde91d71d703d2d3947642f.png
3289df7b3b6039b79f033c2ca60d7752551970b7dd5cff935d7aa9ceaeb30726,1,data/malware_images/images/Gozi/3289df7b3b6039b79f033c2ca60d7752551970b7dd5cff935d7aa9ceaeb30726.png
518aeeac03d0e0d61ac07ca31c94fd8e00930c0647163af929011708118ad5a3,1,data/malware_images/images/Gozi/518aeeac03d0e0d61ac07ca31c94fd8e00930c0647163af929011708118ad5a3.png
79b6505e3f34c77c410dd753d8acc424fcf93fd6c6f6bc630045be5f40510e67,0,data/benign_original/benign/79b6505e3f34c77c410dd753d8acc424fcf93fd6c6f6bc630045be5f40510e67.png
a570592bf5a21c1f55712fcec60a0536fedabe28b409d9a48fdc499185e154ff,1,data/malware_images/images/GuLoader/a570592bf5a21c1f55712fcec60a0536fedabe28b409d9a48fdc499185e154ff.png
c3b748f254d8aafaf20bcd179ad9230cde4e89509028d9e010581ea0d8fe9ff3,0,data/benign_original/benign/c3b748f254d8aafaf20bcd179ad9230cde4e89509028d9e010581ea0d8fe9ff3.png
35485f11536217e6799281d7dbd12e4986cedcde64c8081f28af3ac428bed54c,1,data/malware_images/images/IcedID/35485f11536217e6799281d7dbd12e4986cedcde64c8081f28af3ac428bed54c.png
31ddfa7fc38acfe4d73b8e927044146f9d4a129ff94e34736743087db398b694,1,data/malware_images/images/njrat/31ddfa7fc38acfe4d73b8e927044146f9d4a129ff94e34736743087db398b694.png
5f81e2887ff7eeef104abb375677dd2455b1964d94b38de5721137316f73ffdb,1,data/malware_images/images/Gozi/5f81e2887ff7eeef104abb375677dd2455b1964d94b38de5721137316f73ffdb.png
f8f13bb7899c6097f257b28e675d3b6af010637d183c1356ae7dc496bbffba0c,0,data/benign_original/benign/f8f13bb7899c6097f257b28e675d3b6af010637d183c1356ae7dc496bbffba0c.png
9caa061ca9619b215e657357f368e9fa7d64e402c13d55b76578c5acddd25aab,1,data/malware_images/images/IcedID/9caa061ca9619b215e657357f368e9fa7d64e402c13d55b76578c5acddd25aab.png
bbd38f1a9269dc148f4db68e0fc49b3780c4a73c607f1b193b7a46b75680a19b,0,data/benign_original/benign/bbd38f1a9269dc148f4db68e0fc49b3780c4a73c607f1b193b7a46b75680a19b.png
c07c1086aee2d3d0ec5e89f267521b6b662e02ae804c189b18b365e5681dfc0f,0,data/benign_original/benign/c07c1086aee2d3d0ec5e89f267521b6b662e02ae804c189b18b365e5681dfc0f.png
e6738989d26e4ae7840d3b5ebe43e7e5bf3c3db651c2a4d3c529f4ba15ff9b34,1,data/malware_images/images/Gozi/e6738989d26e4ae7840d3b5ebe43e7e5bf3c3db651c2a4d3c529f4ba15ff9b34.png
6117e300cfda11ba381ba484aa8a5c7673ca5507af50cbc5aaf3244046a1e76a,1,data/malware_images/images/Heodo/6117e300cfda11ba381ba484aa8a5c7673ca5507af50cbc5aaf3244046a1e76a.png
57c2f8a46838500f80347820fc79a36247ef968fa78f87d33c1936aa66173b87,1,data/malware_images/images/Heodo/57c2f8a46838500f80347820fc79a36247ef968fa78f87d33c1936aa66173b87.png
1f2eafaa9b8bbc9e3a10ef0113303c02bde888fb7e6264828ec0922995dfbd28,1,data/malware_images/images/Trickbot/1f2eafaa9b8bbc9e3a10ef0113303c02bde888fb7e6264828ec0922995dfbd28.png
19294a8f3982807f6119e9720e8fde7c21fdc5c13be427f2c6fd130a7b532bec,1,data/malware_images/images/GuLoader/19294a8f3982807f6119e9720e8fde7c21fdc5c13be427f2c6fd130a7b532bec.png
e9b27da1ec3f6f1526498a02162e2bb246043da68f68f1a16b07c8f520a22a97,1,data/malware_images/images/Trickbot/e9b27da1ec3f6f1526498a02162e2bb246043da68f68f1a16b07c8f520a22a97.png
c9ea2ab2a9b4d92dbf432fec8630f151a26c26ad3159b6ad6b8151c6870d4dcc,0,data/benign_original/benign/c9ea2ab2a9b4d92dbf432fec8630f151a26c26ad3159b6ad6b8151c6870d4dcc.png
e86738131218d2fcf4d82034d5cd0940f9044628123323e7a334097df7913012,0,data/benign_original/benign/e86738131218d2fcf4d82034d5cd0940f9044628123323e7a334097df7913012.png
a453e5491ea7d4cbeebe4f03f43dbe61a452396962bbae10cb7289ee2fb7dc96,1,data/malware_images/images/Heodo/a453e5491ea7d4cbeebe4f03f43dbe61a452396962bbae10cb7289ee2fb7dc96.png
c79532e5d45e30c9c1e91158c4658ae9c42b3b61bef9c303e68e30282b314af4,0,data/benign_original/benign/c79532e5d45e30c9c1e91158c4658ae9c42b3b61bef9c303e68e30282b314af4.png
048cc9b5192aaf602f1c1cb21caf8b5c8e96b8f51f32ff010dbc7e669d5f856d,1,data/malware_images/images/njrat/048cc9b5192aaf602f1c1cb21caf8b5c8e96b8f51f32ff010dbc7e669d5f856d.png
b5dc0feb738a91ce3cfa982647fe2779787335c6c2c598d5b49818565d7c3e84,0,data/benign_original/benign/b5dc0feb738a91ce3cfa982647fe2779787335c6c2c598d5b49818565d7c3e84.png
e692c139c334f95b63fb06c35043b9cd5a378dd48be40500f544b316012bb662,0,data/benign_original/benign/e692c139c334f95b63fb06c35043b9cd5a378dd48be40500f544b316012bb662.png
700f4e81a7c8a7dc8d3b6567bff957f876f5628087c1ac03fa8cbb01126ce4db,1,data/malware_images/images/njrat/700f4e81a7c8a7dc8d3b6567bff957f876f5628087c1ac03fa8cbb01126ce4db.png
fa673fd13506e7fa6bd52c8c14e3c9a88bcae438d662fb0c38e2bfd4039379b8,1,data/malware_images/images/Gozi/fa673fd13506e7fa6bd52c8c14e3c9a88bcae438d662fb0c38e2bfd4039379b8.png
ab09d80ab7e2519c7adfa10a8b17add290dc6d4171b746e6cfbf1551861ed677,1,data/malware_images/images/Trickbot/ab09d80ab7e2519c7adfa10a8b17add290dc6d4171b746e6cfbf1551861ed677.png
7b4d3faea436a3d8dde35cd4a7b21068486dc31228964d0e06ead8aad9a79214,1,data/malware_images/images/Gozi/7b4d3faea436a3d8dde35cd4a7b21068486dc31228964d0e06ead8aad9a79214.png
9d0cbdaa28c492fc8deef2174cda055883c9659ecef8b55b502bf75dd59edaea,1,data/malware_images/images/Gozi/9d0cbdaa28c492fc8deef2174cda055883c9659ecef8b55b502bf75dd59edaea.png
0ff7a063a7cb0d3253dbbe024a560b86c267b2a6e3a4d355f993e0e4361b6450,1,data/malware_images/images/GuLoader/0ff7a063a7cb0d3253dbbe024a560b86c267b2a6e3a4d355f993e0e4361b6450.png
89296bdba2b808ddfd578d47fa86bf2ca4899362aa7ca4aa2018fb86c236f041,1,data/malware_images/images/Trickbot/89296bdba2b808ddfd578d47fa86bf2ca4899362aa7ca4aa2018fb86c236f041.png
b9a67fba3fb5e00118987cfb5f63728c75fe1c64f06cb53b8743e33d2f1f5ab0,1,data/malware_images/images/Gozi/b9a67fba3fb5e00118987cfb5f63728c75fe1c64f06cb53b8743e33d2f1f5ab0.png
e8023299c187748c37d44d26af0165f9429a89fa364bfd243c201252fa78e160,1,data/malware_images/images/GuLoader/e8023299c187748c37d44d26af0165f9429a89fa364bfd243c201252fa78e160.png
86c8b86a80e911bb63d7a78b828bf45a02afb5c9ab271906720feeec7c24fe7d,0,data/benign_original/benign/86c8b86a80e911bb63d7a78b828bf45a02afb5c9ab271906720feeec7c24fe7d.png
e3e11d2652df1918a069b0f774b70b4782236c7928dcd9c12b8f1a0caf86228c,1,data/malware_images/images/Gozi/e3e11d2652df1918a069b0f774b70b4782236c7928dcd9c12b8f1a0caf86228c.png
e8e20aca11b44767ad93be3957db8812f5747787b71094ab21d4818a812bef9e,0,data/benign_original/benign/e8e20aca11b44767ad93be3957db8812f5747787b71094ab21d4818a812bef9e.png
b2a6e83d95122463cd99dab7a92af0e97ec92fd36a554a87806fdbeba441dbe3,1,data/malware_images/images/Trickbot/b2a6e83d95122463cd99dab7a92af0e97ec92fd36a554a87806fdbeba441dbe3.png
b5a13826ff000f0fb787ae382820c8dccdeb5f6bb6a47c05da1fcecfe7f3d8a7,0,data/benign_original/benign/b5a13826ff000f0fb787ae382820c8dccdeb5f6bb6a47c05da1fcecfe7f3d8a7.png
435a5a3230ab6af23d7caf931bb86f07ffb86721740eb5f6c001e404b1aa1ab6,1,data/malware_images/images/Heodo/435a5a3230ab6af23d7caf931bb86f07ffb86721740eb5f6c001e404b1aa1ab6.png
7b8737c1334e0ed07632ae06bf455a47ca63ed00b8dc3633d09b028c91868405,1,data/malware_images/images/njrat/7b8737c1334e0ed07632ae06bf455a47ca63ed00b8dc3633d09b028c91868405.png
e43296369e7c39ab175c6093edc8a98713712cd68293d5de2b1fa091e55a76b6,0,data/benign_original/benign/e43296369e7c39ab175c6093edc8a98713712cd68293d5de2b1fa091e55a76b6.png
662ee3641d0c2c8ed7c3e779b764311a57cba18742c53fc3fff98f64623f4ae3,0,data/benign_original/benign/662ee3641d0c2c8ed7c3e779b764311a57cba18742c53fc3fff98f64623f4ae3.png
d7ce505904dd73ba0f3f3a473b747ad19134e66625ff588b5073202b4026ce46,0,data/benign_original/benign/d7ce505904dd73ba0f3f3a473b747ad19134e66625ff588b5073202b4026ce46.png
059c85ab99ed30c53fda03c14bacac9622512861acbfae16bfc6f515d07709b0,1,data/malware_images/images/IcedID/059c85ab99ed30c53fda03c14bacac9622512861acbfae16bfc6f515d07709b0.png
ed72443f5521534f81968191326285623ae43f37d3fdbfc65fa67a92014b05e3,0,data/benign_original/benign/ed72443f5521534f81968191326285623ae43f37d3fdbfc65fa67a92014b05e3.png
23166e8971c2cfa2ea35aa10e15694a9757ab7584b2ddd648e424d8488e9fe98,1,data/malware_images/images/GuLoader/23166e8971c2cfa2ea35aa10e15694a9757ab7584b2ddd648e424d8488e9fe98.png
fb4558e52c5929ce7841254db628991c0bdf1d70063e6aedb3dcd144e17c1638,0,data/benign_original/benign/fb4558e52c5929ce7841254db628991c0bdf1d70063e6aedb3dcd144e17c1638.png
ad8812994c52dcf591b8a0cdb0d79d039bf1455873b7e0ced2f03c8d8b2504a4,1,data/malware_images/images/Heodo/ad8812994c52dcf591b8a0cdb0d79d039bf1455873b7e0ced2f03c8d8b2504a4.png
c36a2e58123bb8b1a3380c2933b23d8da9a8a77f15380fcd36aa3c5307c0943e,1,data/malware_images/images/njrat/c36a2e58123bb8b1a3380c2933b23d8da9a8a77f15380fcd36aa3c5307c0943e.png
b820a7e5740cf242ac6fa742144bab04ff7440f54997a3104e0e181238d9cd47,0,data/benign_original/benign/b820a7e5740cf242ac6fa742144bab04ff7440f54997a3104e0e181238d9cd47.png
f0adbd08ffcf58ed20ef5f19952f3a24f5dfe9242e4f727304e799edb095cb21,0,data/benign_original/benign/f0adbd08ffcf58ed20ef5f19952f3a24f5dfe9242e4f727304e799edb095cb21.png
0c358f9c0dbb8f11b3057454d0b76ff13533f15ed6984ce8063b03055c2def6f,1,data/malware_images/images/GuLoader/0c358f9c0dbb8f11b3057454d0b76ff13533f15ed6984ce8063b03055c2def6f.png
f391665d17265674176131827ed2f330db090856edae2981b6d388bbf328f897,0,data/benign_original/benign/f391665d17265674176131827ed2f330db090856edae2981b6d388bbf328f897.png
d482df2c7867179901e983eea0e8aae0801e3ac547bcfa9a93470b6a37005473,1,data/malware_images/images/IcedID/d482df2c7867179901e983eea0e8aae0801e3ac547bcfa9a93470b6a37005473.png
2b942243439c92b4921032a08567d76c0baff766661083fe8f6a9ab66966926d,1,data/malware_images/images/njrat/2b942243439c92b4921032a08567d76c0baff766661083fe8f6a9ab66966926d.png
2eec650f284360701f05e20919ba57f5c920144248b53df9b532f9b5a671aba8,1,data/malware_images/images/njrat/2eec650f284360701f05e20919ba57f5c920144248b53df9b532f9b5a671aba8.png
686f18d02b65a34a06cf0e28030feeb7c8fbe3a6906db1bc8f0ef1adb4329634,1,data/malware_images/images/Heodo/686f18d02b65a34a06cf0e28030feeb7c8fbe3a6906db1bc8f0ef1adb4329634.png
13699287e0a2f4f66fb7a1de1b4867ac1cf483645443b96bf6f9b5bf1e7379c5,1,data/malware_images/images/Gozi/13699287e0a2f4f66fb7a1de1b4867ac1cf483645443b96bf6f9b5bf1e7379c5.png
d0c0b29f1bd65c57ebaf8a30f83ab90b9dc4b85c68391c44ec2c70998c3fcd77,1,data/malware_images/images/Trickbot/d0c0b29f1bd65c57ebaf8a30f83ab90b9dc4b85c68391c44ec2c70998c3fcd77.png
b2520ebdef62d47b73d9ac80d2ab58aff124f2a2189f80e1f967abcd1fe60abb,0,data/benign_original/benign/b2520ebdef62d47b73d9ac80d2ab58aff124f2a2189f80e1f967abcd1fe60abb.png
56fff985f854a691d88f7775e85b4b8b822b5e17d9d52accecf70e6978ce124e,1,data/malware_images/images/njrat/56fff985f854a691d88f7775e85b4b8b822b5e17d9d52accecf70e6978ce124e.png
c1d25179f9d39d28e3dc1bd273f458d5b7e9dadf805089609ec68a416d7ec59a,0,data/benign_original/benign/c1d25179f9d39d28e3dc1bd273f458d5b7e9dadf805089609ec68a416d7ec59a.png
341621050c83b242a1779e5a88f4c6389b7efc1406d5e5ba8e7828a0d74fbb86,1,data/malware_images/images/IcedID/341621050c83b242a1779e5a88f4c6389b7efc1406d5e5ba8e7828a0d74fbb86.png
868c76a2f1b0cf606dae6a00c268318178ec7325d4378307159b602405c84ce9,1,data/malware_images/images/Gozi/868c76a2f1b0cf606dae6a00c268318178ec7325d4378307159b602405c84ce9.png
5a9792cc16acc2af55d75009a960737c348995b8dd82874fa8a73736e9e0d548,0,data/benign_original/benign/5a9792cc16acc2af55d75009a960737c348995b8dd82874fa8a73736e9e0d548.png
e9e3444e2aa9b0152953c19e4052653655d52b23e0f399a7f4895eff80922072,1,data/malware_images/images/Trickbot/e9e3444e2aa9b0152953c19e4052653655d52b23e0f399a7f4895eff80922072.png
8ce3415cbd2d4a9345a47b937a7af1eec4388d0e673ce7c701df043105b5134f,1,data/malware_images/images/IcedID/8ce3415cbd2d4a9345a47b937a7af1eec4388d0e673ce7c701df043105b5134f.png
d6a1a862f98a8d1c3f7adb5997d66acb7477ada0409cb87c7df733786905aec6,0,data/benign_original/benign/d6a1a862f98a8d1c3f7adb5997d66acb7477ada0409cb87c7df733786905aec6.png
1bec45c4f693420cd0ad64764af526fa44f7e9cc8e861f64b7276cc1a152b84d,0,data/benign_original/benign/1bec45c4f693420cd0ad64764af526fa44f7e9cc8e861f64b7276cc1a152b84d.png
d5bb69ad32f400962e3e9b60d31ec72997e6ce9ccb86d8bdb99ca5e95c4b7b70,0,data/benign_original/benign/d5bb69ad32f400962e3e9b60d31ec72997e6ce9ccb86d8bdb99ca5e95c4b7b70.png
eeb1b5f23c8992894e05cbb11496295a673c50d8b38c4698e28f5da697a582ab,0,data/benign_original/benign/eeb1b5f23c8992894e05cbb11496295a673c50d8b38c4698e28f5da697a582ab.png
c2c89da1518a4950cedec3129aa86fce21ccec502586e44a7f3b3757b44a1e1c,1,data/malware_images/images/njrat/c2c89da1518a4950cedec3129aa86fce21ccec502586e44a7f3b3757b44a1e1c.png
c034a9d379bc04593523f38b2e78ee67007c0f5cc89422087a9dcb25705d5282,1,data/malware_images/images/IcedID/c034a9d379bc04593523f38b2e78ee67007c0f5cc89422087a9dcb25705d5282.png
b6ad417ec29a32124ec8fc5b50e880752055279af2d662e7518b2df72e70c205,0,data/benign_original/benign/b6ad417ec29a32124ec8fc5b50e880752055279af2d662e7518b2df72e70c205.png
2c00b19c64d9f3822f3f03c28af9f29880338f2a20dd6c47c50f5a087ea47db1,0,data/benign_original/benign/2c00b19c64d9f3822f3f03c28af9f29880338f2a20dd6c47c50f5a087ea47db1.png
839aee5f9b2423c3be1f78f949ae3cfcee9094434297a35ff0318791ef87bf3e,1,data/malware_images/images/IcedID/839aee5f9b2423c3be1f78f949ae3cfcee9094434297a35ff0318791ef87bf3e.png
b9f1e9e3e06fc191b7c41944c4be112cfba1b101ce1162fc2296ed070a3e160a,0,data/benign_original/benign/b9f1e9e3e06fc191b7c41944c4be112cfba1b101ce1162fc2296ed070a3e160a.png
88e88dffa87f88714aac093405453cb6e3708b3db9335c94da6946cacfb6bab9,0,data/benign_original/benign/88e88dffa87f88714aac093405453cb6e3708b3db9335c94da6946cacfb6bab9.png
ea6f51b1797e97055464e6817506fddd00cbcbd273befb1d54ce352ce1ad2ff7,0,data/benign_original/benign/ea6f51b1797e97055464e6817506fddd00cbcbd273befb1d54ce352ce1ad2ff7.png
f669339ee468f152a235ef733c203bece06290b34151d71d777567d2ae17b5c1,0,data/benign_original/benign/f669339ee468f152a235ef733c203bece06290b34151d71d777567d2ae17b5c1.png
f179f5ec2950440f90f8069d8a6bd5c7b96226c015e31a34060d782e8a7dc941,0,data/benign_original/benign/f179f5ec2950440f90f8069d8a6bd5c7b96226c015e31a34060d782e8a7dc941.png
e5899677a2cced30acf0a2a3550b22c1bed0c4d10e1ab70fc4e481eed3c4e62d,1,data/malware_images/images/njrat/e5899677a2cced30acf0a2a3550b22c1bed0c4d10e1ab70fc4e481eed3c4e62d.png
fb136208b6d05b223a60354aebb6d73e1de2addb3219a89e932228377d6e4ad4,1,data/malware_images/images/Gozi/fb136208b6d05b223a60354aebb6d73e1de2addb3219a89e932228377d6e4ad4.png
52041cf226f57b8652c9da6c95f53d0408ea3732dfadf82f6dfe6fea8174b8dc,0,data/benign_original/benign/52041cf226f57b8652c9da6c95f53d0408ea3732dfadf82f6dfe6fea8174b8dc.png
e7611e58735d0ece5913e66dc19947cea16a9b401127260018ab174e74b63ea3,0,data/benign_original/benign/e7611e58735d0ece5913e66dc19947cea16a9b401127260018ab174e74b63ea3.png
3dc8c608af3e6e6aec80dbed90a2565121bf097ae71071ce1d1fc4ecc3d8f39a,1,data/malware_images/images/njrat/3dc8c608af3e6e6aec80dbed90a2565121bf097ae71071ce1d1fc4ecc3d8f39a.png
e5779eb32900fd6ee776aeef6419d9f46258926febe63cc9308292bd2fd52ade,0,data/benign_original/benign/e5779eb32900fd6ee776aeef6419d9f46258926febe63cc9308292bd2fd52ade.png
953166965daf3412d2dc834f422a400fb0d323b3cdec6580ed72aa022fcf2c61,1,data/malware_images/images/njrat/953166965daf3412d2dc834f422a400fb0d323b3cdec6580ed72aa022fcf2c61.png
289bb9f2125f62945f3960f0fe72381aea008539b1c6ea29a81ad66bd2f247a9,1,data/malware_images/images/njrat/289bb9f2125f62945f3960f0fe72381aea008539b1c6ea29a81ad66bd2f247a9.png
d4493087abe2a048f24d87ae232ac2ce90329662348555eec33e223df6921a60,0,data/benign_original/benign/d4493087abe2a048f24d87ae232ac2ce90329662348555eec33e223df6921a60.png
fb841d63b70222a4536940371a0febd377a8b1e9ed954db84f63fb3a8f01d00c,0,data/benign_original/benign/fb841d63b70222a4536940371a0febd377a8b1e9ed954db84f63fb3a8f01d00c.png
f08ab3671898fb17d1f97e7dbee334aed79b0b387bfc94a05e02608e70ca7821,0,data/benign_original/benign/f08ab3671898fb17d1f97e7dbee334aed79b0b387bfc94a05e02608e70ca7821.png
dfb6fa1f54bfa68dc2dfe93d7760ecf554df37fa2f809b7409eb59760ad66470,0,data/benign_original/benign/dfb6fa1f54bfa68dc2dfe93d7760ecf554df37fa2f809b7409eb59760ad66470.png
c37b69774a41b1c0dd07bcfe18a547b35bbdab5fcae07d3d2a4991436edc2d19,0,data/benign_original/benign/c37b69774a41b1c0dd07bcfe18a547b35bbdab5fcae07d3d2a4991436edc2d19.png
412d5f8f15db39029d623549db704d8acca0136b050fca4baaaa1ee620dbb441,1,data/malware_images/images/IcedID/412d5f8f15db39029d623549db704d8acca0136b050fca4baaaa1ee620dbb441.png
3705dbc4301f6596554152ad850a524bafe1572c19e29712678d1ce7923e5d60,1,data/malware_images/images/Heodo/3705dbc4301f6596554152ad850a524bafe1572c19e29712678d1ce7923e5d60.png
30cf13377fc9fa9252c194acfbf7e9458f4625f4754da5ccb625f98de62b6782,0,data/benign_original/benign/30cf13377fc9fa9252c194acfbf7e9458f4625f4754da5ccb625f98de62b6782.png
24147dab7aec7fa168f96741b5920c7fea04a2590919f1acd9d91031c4643026,1,data/malware_images/images/Trickbot/24147dab7aec7fa168f96741b5920c7fea04a2590919f1acd9d91031c4643026.png
916f3f27fda90e04851198c4273b286e52b1dc9b30948361303bc667e66a09c7,0,data/benign_original/benign/916f3f27fda90e04851198c4273b286e52b1dc9b30948361303bc667e66a09c7.png
e4242043bc4b31a0779d42f5c731be64e24aee6b0f5c13113cc022c828c7d836,0,data/benign_original/benign/e4242043bc4b31a0779d42f5c731be64e24aee6b0f5c13113cc022c828c7d836.png
b0fde28a7eda359b67d0dcce9a74401774af21a69b60c53ecdca702f27e08a25,0,data/benign_original/benign/b0fde28a7eda359b67d0dcce9a74401774af21a69b60c53ecdca702f27e08a25.png
4bfb087f701703022fb2d67bc0ee97440d36027d591b6c60ffdf92bb262bf734,1,data/malware_images/images/Gozi/4bfb087f701703022fb2d67bc0ee97440d36027d591b6c60ffdf92bb262bf734.png
4320e2bf2bc6115ae79a52777bdd9aef62db691a756640f9c7fa6e8372e46193,1,data/malware_images/images/GuLoader/4320e2bf2bc6115ae79a52777bdd9aef62db691a756640f9c7fa6e8372e46193.png
4bc387251cb947f95d97a244ac89dfca93b026416376f7ef12f015022b48d58f,1,data/malware_images/images/Trickbot/4bc387251cb947f95d97a244ac89dfca93b026416376f7ef12f015022b48d58f.png
fcb2f396d04b1f517209a54ec80301cf8e10b011ad5bb210f15347824234461a,0,data/benign_original/benign/fcb2f396d04b1f517209a54ec80301cf8e10b011ad5bb210f15347824234461a.png
bcf3012a44b448402166bbab661a9fbca7f9e3c11ad17b3f96a54bbbb82bb235,0,data/benign_original/benign/bcf3012a44b448402166bbab661a9fbca7f9e3c11ad17b3f96a54bbbb82bb235.png
8eb4d7569ae74da573f59a25d33acc74d29486f177f4887a0624caa90ef89968,1,data/malware_images/images/Trickbot/8eb4d7569ae74da573f59a25d33acc74d29486f177f4887a0624caa90ef89968.png
6854fa9e5d8612a3323536436768fc4c75d69a98eb68b340f12b606878ab5839,1,data/malware_images/images/njrat/6854fa9e5d8612a3323536436768fc4c75d69a98eb68b340f12b606878ab5839.png
d2a0769ac0b3e494cd1c8982bece7617ca0016b6a9938acc843d78ff2d60c81f,0,data/benign_original/benign/d2a0769ac0b3e494cd1c8982bece7617ca0016b6a9938acc843d78ff2d60c81f.png
ce49fc88895a8db873a98cda4fdb132c5c67c71732321421e867f9a3e8a7cab8,1,data/malware_images/images/Gozi/ce49fc88895a8db873a98cda4fdb132c5c67c71732321421e867f9a3e8a7cab8.png
21a66bb9336b5f1fccc1cac576314608aad912d54ebe710230b39ae6763f2922,1,data/malware_images/images/Gozi/21a66bb9336b5f1fccc1cac576314608aad912d54ebe710230b39ae6763f2922.png
74bd2252ee4d11e9fc386239cacf42ca0611a7d0f51106658689039a7b83c551,1,data/malware_images/images/njrat/74bd2252ee4d11e9fc386239cacf42ca0611a7d0f51106658689039a7b83c551.png
efe20ac0eb0dd42fd95ae87fb3f7be807ffb472b732769f2372d9e29d02b692a,0,data/benign_original/benign/efe20ac0eb0dd42fd95ae87fb3f7be807ffb472b732769f2372d9e29d02b692a.png
e6b681d66629fe22a1cec5136842ed1aade17e05b9309578a0f469956b7d3945,0,data/benign_original/benign/e6b681d66629fe22a1cec5136842ed1aade17e05b9309578a0f469956b7d3945.png
2985796319da5b95ebf0d5b08c5f81073335be4fe5cf11fed3c181cdbb1941d4,1,data/malware_images/images/njrat/2985796319da5b95ebf0d5b08c5f81073335be4fe5cf11fed3c181cdbb1941d4.png
b066374604077916f6aca26484d90f2890abcc8a7ebb755ece22e1d45827bceb,0,data/benign_original/benign/b066374604077916f6aca26484d90f2890abcc8a7ebb755ece22e1d45827bceb.png
f6ee9e50094144748ae87d9cfa8cd04fb66e59747788091a8bee4ba22a02f3de,1,data/malware_images/images/njrat/f6ee9e50094144748ae87d9cfa8cd04fb66e59747788091a8bee4ba22a02f3de.png
c69deccddb64d8b1bdf5583008e19c251c53d0e908666f3e29483acbc46fa3d6,0,data/benign_original/benign/c69deccddb64d8b1bdf5583008e19c251c53d0e908666f3e29483acbc46fa3d6.png
edc559f5e663667b41163eece311e268760c9e1e575d95b7d3ecaaf999c306f0,0,data/benign_original/benign/edc559f5e663667b41163eece311e268760c9e1e575d95b7d3ecaaf999c306f0.png
a20f06a958a0a8561c01dedaa20ccd15e176ef50ae110084f3385f8826a60b9a,1,data/malware_images/images/Trickbot/a20f06a958a0a8561c01dedaa20ccd15e176ef50ae110084f3385f8826a60b9a.png
e26c82d7fc88b96c70038d57caa493910e51b00c21ad476c29adc143f602d243,0,data/benign_original/benign/e26c82d7fc88b96c70038d57caa493910e51b00c21ad476c29adc143f602d243.png
56a6c0607a0240daa4fcda2e8feac5f968b0e716d6d6b7ce84487da910789a38,1,data/malware_images/images/Heodo/56a6c0607a0240daa4fcda2e8feac5f968b0e716d6d6b7ce84487da910789a38.png
cba7e0a04f7e473a7722a95d6a291f97a636473a969fd815490c472cb9d560ff,0,data/benign_original/benign/cba7e0a04f7e473a7722a95d6a291f97a636473a969fd815490c472cb9d560ff.png
cf7b15e69279ced1c1732d2c74e92897be137ec454127677bfb677b91b891efb,1,data/malware_images/images/Trickbot/cf7b15e69279ced1c1732d2c74e92897be137ec454127677bfb677b91b891efb.png
c0a536e09fc0dba21eb22d65ed2c3976f0e7fc12bf269305ec0c8424f3f5df2a,0,data/benign_original/benign/c0a536e09fc0dba21eb22d65ed2c3976f0e7fc12bf269305ec0c8424f3f5df2a.png
e06c2375f3711e571d41e2d9b7c2601665e5c28f7cb1e43f06b57a29371ff5bb,1,data/malware_images/images/Trickbot/e06c2375f3711e571d41e2d9b7c2601665e5c28f7cb1e43f06b57a29371ff5bb.png
93472f8d6372a06d89de8165619275598f3a815cb04d3611a52d49f0cde74309,1,data/malware_images/images/Gozi/93472f8d6372a06d89de8165619275598f3a815cb04d3611a52d49f0cde74309.png
994555ba48d3ebb43905747e6ef1e28fe0788ccc8cae133aa8b5791830abf625,1,data/malware_images/images/Gozi/994555ba48d3ebb43905747e6ef1e28fe0788ccc8cae133aa8b5791830abf625.png
c3a70e0af4c339623c0c0277393c374321a2fc3429a6052406ec9214a6ca8cb2,0,data/benign_original/benign/c3a70e0af4c339623c0c0277393c374321a2fc3429a6052406ec9214a6ca8cb2.png
c3c0fa732d01b8d6bac84c0c7bfa14a52d4805138757a1fc99931134abc5d41d,0,data/benign_original/benign/c3c0fa732d01b8d6bac84c0c7bfa14a52d4805138757a1fc99931134abc5d41d.png
c289ee0602ee6e34810715fad637eedf71f5cedae707cefa4b7c454dd2b37cba,0,data/benign_original/benign/c289ee0602ee6e34810715fad637eedf71f5cedae707cefa4b7c454dd2b37cba.png
99d62f68414740eb9e6c2719cf22d67e5f5f4cb3fe0a4be34e7438d826844ff5,1,data/malware_images/images/Trickbot/99d62f68414740eb9e6c2719cf22d67e5f5f4cb3fe0a4be34e7438d826844ff5.png
33e0f3cb911628f321a96f4cfae2692c708dfbb6802a31b6255ea4783f28641d,1,data/malware_images/images/Heodo/33e0f3cb911628f321a96f4cfae2692c708dfbb6802a31b6255ea4783f28641d.png
41075ac62fe6e2e3bd10da42dc947392771078eecc4cee163cc2583ba6ff4c29,0,data/benign_original/benign/41075ac62fe6e2e3bd10da42dc947392771078eecc4cee163cc2583ba6ff4c29.png
fdc1a3d88eca9afa817aaf00818f29ea8e80fc1b3a71f46d5231572fb2f69b26,1,data/malware_images/images/IcedID/fdc1a3d88eca9afa817aaf00818f29ea8e80fc1b3a71f46d5231572fb2f69b26.png
e30fef1652dd4fe140a816004db8a74bf1b87b17723190906347121dfd3bffaa,0,data/benign_original/benign/e30fef1652dd4fe140a816004db8a74bf1b87b17723190906347121dfd3bffaa.png
33a5b015af1ecd057057eada64b2f8fe3633b467bd43454f5278f76b94cd09ab,0,data/benign_original/benign/33a5b015af1ecd057057eada64b2f8fe3633b467bd43454f5278f76b94cd09ab.png
4e5d14ff3a01edaf8432715105dbc891bb972ee86f2d7e02fc08dc265882a942,1,data/malware_images/images/njrat/4e5d14ff3a01edaf8432715105dbc891bb972ee86f2d7e02fc08dc265882a942.png
2c66800c193a27011f8c7f263429191aea0d28039cdcf4af0ce3065380687b60,1,data/malware_images/images/Trickbot/2c66800c193a27011f8c7f263429191aea0d28039cdcf4af0ce3065380687b60.png
c62a9645c05ad8fb2db2839c3a212fbefbdc9ca51133c25661eb439d9ce9eb04,1,data/malware_images/images/Gozi/c62a9645c05ad8fb2db2839c3a212fbefbdc9ca51133c25661eb439d9ce9eb04.png
e0feafaf4a42d1b959dedc84568f848c7a964a7b954c18ced2351db9f9697249,0,data/benign_original/benign/e0feafaf4a42d1b959dedc84568f848c7a964a7b954c18ced2351db9f9697249.png
d394cb076269203088f097f49f0d28ef51caeaa0cc477244fda0b811871bdc15,0,data/benign_original/benign/d394cb076269203088f097f49f0d28ef51caeaa0cc477244fda0b811871bdc15.png
197133bc6e1b4119e4dca41d74888ea1611d8aa50a8eb920770cba4cb99b8a1c,1,data/malware_images/images/Gozi/197133bc6e1b4119e4dca41d74888ea1611d8aa50a8eb920770cba4cb99b8a1c.png
dde82359f9434920c421b1b178095c07584948733603a92273257875620c4815,0,data/benign_original/benign/dde82359f9434920c421b1b178095c07584948733603a92273257875620c4815.png
f4b91e39fbcff6a581d5247bedcd71cc7f39393c3d62b817b3a6222b7522ddbe,0,data/benign_original/benign/f4b91e39fbcff6a581d5247bedcd71cc7f39393c3d62b817b3a6222b7522ddbe.png
e28da88ff0d294d8f4bc7cacae31814a43026ddac38a554ef697e703122e46c5,1,data/malware_images/images/GuLoader/e28da88ff0d294d8f4bc7cacae31814a43026ddac38a554ef697e703122e46c5.png
21ac08fc21c99e9c3522c3555adc2e54fdada5297deda9f00304694a47e1a9e6,1,data/malware_images/images/njrat/21ac08fc21c99e9c3522c3555adc2e54fdada5297deda9f00304694a47e1a9e6.png
1d2d450742e4ed4fb8486fd7e3892828dd97bbf63f0e23b0975725bdc18ce766,0,data/benign_original/benign/1d2d450742e4ed4fb8486fd7e3892828dd97bbf63f0e23b0975725bdc18ce766.png
26679c1bd965e5c93d3acf651bac66c19144e47cf58132a76f09e1c2beefe4f0,1,data/malware_images/images/IcedID/26679c1bd965e5c93d3acf651bac66c19144e47cf58132a76f09e1c2beefe4f0.png
bc2c7efd52c5bf47d96a29426641e3e1660d5ffc6399e7247d34b9a1baa5da1c,0,data/benign_original/benign/bc2c7efd52c5bf47d96a29426641e3e1660d5ffc6399e7247d34b9a1baa5da1c.png
6b9fd5fd1fccd516aa8034ce8c1ec62ac7470f8b77b06b23c7fea2421f254ef7,0,data/benign_original/benign/6b9fd5fd1fccd516aa8034ce8c1ec62ac7470f8b77b06b23c7fea2421f254ef7.png
d412aeb333c0744f7a658b4c4edeb06c2e2b4b97e50f15fd8d9be871cd870449,0,data/benign_original/benign/d412aeb333c0744f7a658b4c4edeb06c2e2b4b97e50f15fd8d9be871cd870449.png
605d6dbb783fb7ffd54f5f8d9a3cbaf6aa23bbe5c7b384b3c9aa7a23b9b3c150,1,data/malware_images/images/IcedID/605d6dbb783fb7ffd54f5f8d9a3cbaf6aa23bbe5c7b384b3c9aa7a23b9b3c150.png
ff22fcefd0450b45cc1b1adcab1b67ff8adf4c3912be7b0b5e00561431348a28,0,data/benign_original/benign/ff22fcefd0450b45cc1b1adcab1b67ff8adf4c3912be7b0b5e00561431348a28.png
f94627624cc35ab9d617b0425e50c0f6124e6c53223d476c37c28a8a5e082712,1,data/malware_images/images/Gozi/f94627624cc35ab9d617b0425e50c0f6124e6c53223d476c37c28a8a5e082712.png
d48f2930200ddc7eec6d489be2951700e629a505798f8786cf4f02277dc5211f,0,data/benign_original/benign/d48f2930200ddc7eec6d489be2951700e629a505798f8786cf4f02277dc5211f.png
2367031635d27b6dd8645d914beb88600b1183d5fe87a04e1766ebb230cbc588,0,data/benign_original/benign/2367031635d27b6dd8645d914beb88600b1183d5fe87a04e1766ebb230cbc588.png
e0663e036aea70c9ee65fddd8028098219284a0853441acbd74a51a259f1d6a5,0,data/benign_original/benign/e0663e036aea70c9ee65fddd8028098219284a0853441acbd74a51a259f1d6a5.png
89ff37abe56437ef578809fd40ee79001d1173b2d7a00c53ae37d7c0a4c57149,1,data/malware_images/images/Gozi/89ff37abe56437ef578809fd40ee79001d1173b2d7a00c53ae37d7c0a4c57149.png
b1a676f36e7622edd1fd98fcee0346c7f67a27ba5bc01b40aac78ad76051c801,0,data/benign_original/benign/b1a676f36e7622edd1fd98fcee0346c7f67a27ba5bc01b40aac78ad76051c801.png
8df19e7ee7dd8367772a17b914ba76d7ace0819f9064e7759f630bf26101d4dc,0,data/benign_original/benign/8df19e7ee7dd8367772a17b914ba76d7ace0819f9064e7759f630bf26101d4dc.png
bc099dad0c9b920d7670d7923bd10632f082e66c2996a8fa1c503d6479543012,0,data/benign_original/benign/bc099dad0c9b920d7670d7923bd10632f082e66c2996a8fa1c503d6479543012.png
5e4f346020cd0b45432474fa200459be77ba70d0345fbd7c3171495e2108fe0e,1,data/malware_images/images/Gozi/5e4f346020cd0b45432474fa200459be77ba70d0345fbd7c3171495e2108fe0e.png
ec8eeaeaeffa5ffc6ab73d738b2baf2dc8bdf8435f781c1947efd3adeccae799,0,data/benign_original/benign/ec8eeaeaeffa5ffc6ab73d738b2baf2dc8bdf8435f781c1947efd3adeccae799.png
e0718764552ce0092f528cc521052229ccda4bf21279f90dcdfc226f45eed43a,0,data/benign_original/benign/e0718764552ce0092f528cc521052229ccda4bf21279f90dcdfc226f45eed43a.png
007e4525f2465792d0add4866e0392b3d262e8da2eec5e8a11282a01a4b852ea,1,data/malware_images/images/Heodo/007e4525f2465792d0add4866e0392b3d262e8da2eec5e8a11282a01a4b852ea.png
c4bca0ed6204c178a7bc6a8df913d6f0771787726c146ab5e844c2ec4876ce9f,0,data/benign_original/benign/c4bca0ed6204c178a7bc6a8df913d6f0771787726c146ab5e844c2ec4876ce9f.png
c388d50a0050feae35880cb5163a86659ce0ae64da4a5a457fe80affc129a792,1,data/malware_images/images/Gozi/c388d50a0050feae35880cb5163a86659ce0ae64da4a5a457fe80affc129a792.png
e3a640e2faf64df563f3f67db46f576a14ea7bba999ed592ce9faf8d09c8d715,0,data/benign_original/benign/e3a640e2faf64df563f3f67db46f576a14ea7bba999ed592ce9faf8d09c8d715.png
fa19ac521abfc983ea04f49149a9aa011b57a0e3ff2b9b4120f32951d5783d33,1,data/malware_images/images/njrat/fa19ac521abfc983ea04f49149a9aa011b57a0e3ff2b9b4120f32951d5783d33.png
db35a74f9ba661ff219c796574a39083a4fdea6b88e1ae1f27592fcf8ffdc3a1,1,data/malware_images/images/Trickbot/db35a74f9ba661ff219c796574a39083a4fdea6b88e1ae1f27592fcf8ffdc3a1.png
bdfc291721a8a2e2e1987b3f5505b8ac4e6391a4269e89583f8128e7d14ade85,0,data/benign_original/benign/bdfc291721a8a2e2e1987b3f5505b8ac4e6391a4269e89583f8128e7d14ade85.png
5557f65b4b69c3e332f244dd0138fa4620f78abaeed6230ee1c1d0bdfcd1ef57,0,data/benign_original/benign/5557f65b4b69c3e332f244dd0138fa4620f78abaeed6230ee1c1d0bdfcd1ef57.png
79f98a45cdf0776c1ae83a4b027ded395fe8dfc4b520f51706fc7207b1e4c630,1,data/malware_images/images/GuLoader/79f98a45cdf0776c1ae83a4b027ded395fe8dfc4b520f51706fc7207b1e4c630.png
5929445eb9941a91426eb0cc13cf918649608a1e2772d283cdc83665d82d400a,1,data/malware_images/images/Trickbot/5929445eb9941a91426eb0cc13cf918649608a1e2772d283cdc83665d82d400a.png
bd91fca56344fa142bbc4d498cc74cdccec0539c53a7a64c81a3e6c419baba0a,1,data/malware_images/images/GuLoader/bd91fca56344fa142bbc4d498cc74cdccec0539c53a7a64c81a3e6c419baba0a.png
d858be59d3d2eb100ba1d963cbff906ff542ec3501a5921c34f59c04cb78e2db,0,data/benign_original/benign/d858be59d3d2eb100ba1d963cbff906ff542ec3501a5921c34f59c04cb78e2db.png
6b9db09f7b8e611c239830a6b1e42b6f4a1d2c3b500e44ffbf1b57eb5a02bc46,1,data/malware_images/images/Gozi/6b9db09f7b8e611c239830a6b1e42b6f4a1d2c3b500e44ffbf1b57eb5a02bc46.png
4c6107c9c786e2de5eadd721580372f6028d66daa3d4d2ed9489106ac6d1560e,0,data/benign_original/benign/4c6107c9c786e2de5eadd721580372f6028d66daa3d4d2ed9489106ac6d1560e.png
e47a4db03b8534af4e310b5c7b1a4d98d47e2e4647471180be77d7b7d6fb68dc,0,data/benign_original/benign/e47a4db03b8534af4e310b5c7b1a4d98d47e2e4647471180be77d7b7d6fb68dc.png
d1a914afd30e14ef97a300cacea5f4c447071a15ad719dca67f1967d31fd62d6,0,data/benign_original/benign/d1a914afd30e14ef97a300cacea5f4c447071a15ad719dca67f1967d31fd62d6.png
3957edd82568c0a36a640bcf97ac6c2c8a594007702641c9879799ca6173247e,1,data/malware_images/images/IcedID/3957edd82568c0a36a640bcf97ac6c2c8a594007702641c9879799ca6173247e.png
f725e8957928422b9233def94bc1748fc329903a7741233c6776be8fd281a3b0,0,data/benign_original/benign/f725e8957928422b9233def94bc1748fc329903a7741233c6776be8fd281a3b0.png
fd4b9e33392d9ce137f753e40d2583845e5bffa283b955de8e42b746ddd4248f,0,data/benign_original/benign/fd4b9e33392d9ce137f753e40d2583845e5bffa283b955de8e42b746ddd4248f.png
556d872d8195d87cfc65687c8d99dd0cab17ae02836e31a55bef0e7894e45d4d,1,data/malware_images/images/Gozi/556d872d8195d87cfc65687c8d99dd0cab17ae02836e31a55bef0e7894e45d4d.png
48c1cab05b278fec58b5e6b29ca5ab60a7e5be2e1b9ec8a69bdf9cb4e8955c5d,0,data/benign_original/benign/48c1cab05b278fec58b5e6b29ca5ab60a7e5be2e1b9ec8a69bdf9cb4e8955c5d.png
b83d05f60ec6ba94e94742494f697226331bd293721b04edbc4762ee538e821d,1,data/malware_images/images/GuLoader/b83d05f60ec6ba94e94742494f697226331bd293721b04edbc4762ee538e821d.png
717ab569e1a4743ce73546e57a7a1f875425747672b5f2d6fce34af35ab8c16f,1,data/malware_images/images/GuLoader/717ab569e1a4743ce73546e57a7a1f875425747672b5f2d6fce34af35ab8c16f.png
a0c286a67ccd735fd542284e318d5f79c0109970c50a9b6b9bc7646205914360,1,data/malware_images/images/njrat/a0c286a67ccd735fd542284e318d5f79c0109970c50a9b6b9bc7646205914360.png
2efcc07bd01981966b3ba5c49d04dac7bd9d47b2e692df1b51bb1e5b13e7719a,1,data/malware_images/images/Trickbot/2efcc07bd01981966b3ba5c49d04dac7bd9d47b2e692df1b51bb1e5b13e7719a.png
3db0fa902b179d8a2f7e7b7270e2fb27a5c28e317a06e9470c202189638f8cdb,1,data/malware_images/images/GuLoader/3db0fa902b179d8a2f7e7b7270e2fb27a5c28e317a06e9470c202189638f8cdb.png
81b6faa1158f04f1c6ea4eb5f7cd446f51076a30f9ab03d31872453689a200ee,0,data/benign_original/benign/81b6faa1158f04f1c6ea4eb5f7cd446f51076a30f9ab03d31872453689a200ee.png
d8eacd7d8a253f437480f0396c5d08cb2e7c5e4847550bd4cc38d64a67bae9bd,0,data/benign_original/benign/d8eacd7d8a253f437480f0396c5d08cb2e7c5e4847550bd4cc38d64a67bae9bd.png
e80369b54bbf2bc23411327b76d96d628105cb47744d2344c4a9a8dc63e2bcae,0,data/benign_original/benign/e80369b54bbf2bc23411327b76d96d628105cb47744d2344c4a9a8dc63e2bcae.png
da2aea16e0f7b91077bcb5260c15af95e73d21af1b92f1017dafbcb5378ec5d1,1,data/malware_images/images/Heodo/da2aea16e0f7b91077bcb5260c15af95e73d21af1b92f1017dafbcb5378ec5d1.png
f260ca67e34cadda3bd822b7c662a386d9d7ce5911c1ab9b808688ad815522a5,0,data/benign_original/benign/f260ca67e34cadda3bd822b7c662a386d9d7ce5911c1ab9b808688ad815522a5.png
ed6018064304e2af770c74e57a8d405d045c568c781bffd7e29bfecaaa3a80ea,0,data/benign_original/benign/ed6018064304e2af770c74e57a8d405d045c568c781bffd7e29bfecaaa3a80ea.png
fab0e64b1d103e625495568fc47a4dc307d24c13a9d0597050e7c6b4738fe5e0,0,data/benign_original/benign/fab0e64b1d103e625495568fc47a4dc307d24c13a9d0597050e7c6b4738fe5e0.png
187ee4f45dd899c34c1d67ee352669c28f23e19b4fa2bbcfa070434f09696b56,1,data/malware_images/images/Heodo/187ee4f45dd899c34c1d67ee352669c28f23e19b4fa2bbcfa070434f09696b56.png
c9b6250e336f99e3c4c97662f414091a1b128cfa931cef758dfbc2ce639a04eb,0,data/benign_original/benign/c9b6250e336f99e3c4c97662f414091a1b128cfa931cef758dfbc2ce639a04eb.png
fd4d9a799c1d3549f194db093b6f023bf0866e54ef305498dbcfc39b9495b216,0,data/benign_original/benign/fd4d9a799c1d3549f194db093b6f023bf0866e54ef305498dbcfc39b9495b216.png
52def964142be6891054d2f95256a3b05d66887964fcd66b34abfe32477e8965,0,data/benign_original/benign/52def964142be6891054d2f95256a3b05d66887964fcd66b34abfe32477e8965.png
1f489fc6703dd57a5d322a920c98c60b0a9be1168147e3ab1f0db8fa2ba03dae,1,data/malware_images/images/Gozi/1f489fc6703dd57a5d322a920c98c60b0a9be1168147e3ab1f0db8fa2ba03dae.png
fcb2ffe644fb0902b83eeddc22fea43d24111d369455a663c0a9ed17f7ad9353,0,data/benign_original/benign/fcb2ffe644fb0902b83eeddc22fea43d24111d369455a663c0a9ed17f7ad9353.png
c8d99c457a73c6a7a62f01956b02a4f5dc692e4157be1fe59b64b28a3143ba22,0,data/benign_original/benign/c8d99c457a73c6a7a62f01956b02a4f5dc692e4157be1fe59b64b28a3143ba22.png
c6b4dfc99fe455de9b2d4ac3f4b96396a7d63765e0c8ea063c9e5af5237c862b,0,data/benign_original/benign/c6b4dfc99fe455de9b2d4ac3f4b96396a7d63765e0c8ea063c9e5af5237c862b.png
c6e5fb33fbefc224bff0158726e68e16285bbc4b51f62361e320d9c8e85f6dff,0,data/benign_original/benign/c6e5fb33fbefc224bff0158726e68e16285bbc4b51f62361e320d9c8e85f6dff.png
bc4bee8ba6d1987b9d362bae399846e1194ac9eea83579a70b2737284f20b5e2,0,data/benign_original/benign/bc4bee8ba6d1987b9d362bae399846e1194ac9eea83579a70b2737284f20b5e2.png
84d0b1ae77548ac26761a1199b0023f59f8c5dc3f647519bd50f7ae03754800c,1,data/malware_images/images/Trickbot/84d0b1ae77548ac26761a1199b0023f59f8c5dc3f647519bd50f7ae03754800c.png
b7ee468f5b6c650dada7db3ad9e115a0e97135b3df095c3220dfd22ba277b607,0,data/benign_original/benign/b7ee468f5b6c650dada7db3ad9e115a0e97135b3df095c3220dfd22ba277b607.png
d6de20035b25367a82da6180c45511d9077374c5f96f6cc5fedd2107d61efb9c,0,data/benign_original/benign/d6de20035b25367a82da6180c45511d9077374c5f96f6cc5fedd2107d61efb9c.png
597ff38555c0fc36b1502b5f81a4262386621b795efad580687ac8ee879dc829,0,data/benign_original/benign/597ff38555c0fc36b1502b5f81a4262386621b795efad580687ac8ee879dc829.png
e95b43186c02808d10e80b6e6d5d26454602cfa7d97c647a9c8722ade9983827,1,data/malware_images/images/Trickbot/e95b43186c02808d10e80b6e6d5d26454602cfa7d97c647a9c8722ade9983827.png
7533b137d5c64cb21efd3fdb1c7b589b1616a1019b619f2d68ebdaa5e85245d1,1,data/malware_images/images/Gozi/7533b137d5c64cb21efd3fdb1c7b589b1616a1019b619f2d68ebdaa5e85245d1.png
e46f1ea82cfc2a66401508fe84747f8935cee8813b2c109ac3845f48fbe871b4,0,data/benign_original/benign/e46f1ea82cfc2a66401508fe84747f8935cee8813b2c109ac3845f48fbe871b4.png
2c46535200a9f6a3e9b5c0553cf2e94f939bf264bf3a29aa92b7c3fb13997287,1,data/malware_images/images/njrat/2c46535200a9f6a3e9b5c0553cf2e94f939bf264bf3a29aa92b7c3fb13997287.png
1cce529e81c7bcad2feeed7b7368092f9545339b368c26156a248b467e0f9397,1,data/malware_images/images/IcedID/1cce529e81c7bcad2feeed7b7368092f9545339b368c26156a248b467e0f9397.png
8d866143a0500afc1c1f364ff2602505e9da32ffe774c06565ca985027fd6815,1,data/malware_images/images/Gozi/8d866143a0500afc1c1f364ff2602505e9da32ffe774c06565ca985027fd6815.png
f57539a9546ae78b095effd75d221f1bce8007f8ca97e0f4b6d68216276923bc,0,data/benign_original/benign/f57539a9546ae78b095effd75d221f1bce8007f8ca97e0f4b6d68216276923bc.png
b3df70770623cd714096a8652b3bd2f381e9b7bb26f387933bc2e65f61b4f7cb,1,data/malware_images/images/njrat/b3df70770623cd714096a8652b3bd2f381e9b7bb26f387933bc2e65f61b4f7cb.png
0d94462f293a6a366797348ae505498819f598a7e406678d904064a0a4849f98,1,data/malware_images/images/Trickbot/0d94462f293a6a366797348ae505498819f598a7e406678d904064a0a4849f98.png
ebac2e585e43af2737f6bdf291b93e88dfddb64efc97ed5c514afd2848814515,1,data/malware_images/images/IcedID/ebac2e585e43af2737f6bdf291b93e88dfddb64efc97ed5c514afd2848814515.png
dd0034d34e27eec19757f2d0b46c617fad9f461380aae7c79cb9cfd5f1df0a45,1,data/malware_images/images/njrat/dd0034d34e27eec19757f2d0b46c617fad9f461380aae7c79cb9cfd5f1df0a45.png
3e71f762320a9af8159d51e374a64ebd4916a92e3de3be8dc1e22d86410982c5,0,data/benign_original/benign/3e71f762320a9af8159d51e374a64ebd4916a92e3de3be8dc1e22d86410982c5.png
5e511d66664d13e1276eb5d08ea2e48e004a614d114f2b35c2a742912694dfd7,1,data/malware_images/images/GuLoader/5e511d66664d13e1276eb5d08ea2e48e004a614d114f2b35c2a742912694dfd7.png
d891962a7703c493ddaeda2900423661a1b256ffb784230ca11d20bdbb30c9a7,0,data/benign_original/benign/d891962a7703c493ddaeda2900423661a1b256ffb784230ca11d20bdbb30c9a7.png
d31ba0c5bc964aaeddad4214e3ca55a4e73f0e673c8d68431b597a7b96e366c2,0,data/benign_original/benign/d31ba0c5bc964aaeddad4214e3ca55a4e73f0e673c8d68431b597a7b96e366c2.png
bb9226eaa7def662a76cee3020e244ee687879dad9b5e717a9d271866b361ec7,0,data/benign_original/benign/bb9226eaa7def662a76cee3020e244ee687879dad9b5e717a9d271866b361ec7.png
2aeb40a29ff31c070bf363d2b2a76a0c51a173129daed1716c12ca48f34e7a3c,1,data/malware_images/images/Gozi/2aeb40a29ff31c070bf363d2b2a76a0c51a173129daed1716c12ca48f34e7a3c.png
45d82ff82b57f8403e6d0167f2e8c91f682f43dead77b74870a01a56a78a0652,0,data/benign_original/benign/45d82ff82b57f8403e6d0167f2e8c91f682f43dead77b74870a01a56a78a0652.png
f9c4a2f6db451bb7063756bf9a5e06cd682ff75f7f0c934d9e33afca150545a5,0,data/benign_original/benign/f9c4a2f6db451bb7063756bf9a5e06cd682ff75f7f0c934d9e33afca150545a5.png
c70b7fce1a1575e9a899442384520040996177bde6fad80167499f8d31d4f415,0,data/benign_original/benign/c70b7fce1a1575e9a899442384520040996177bde6fad80167499f8d31d4f415.png
1b53de05bf72a80882e3b7dd3d5fce1ba0054b97674873c474673770ef6e4822,1,data/malware_images/images/Heodo/1b53de05bf72a80882e3b7dd3d5fce1ba0054b97674873c474673770ef6e4822.png
c1aa1ff51efc262c25409044368405f359c5b54315ceefa292e95d03b38613d9,0,data/benign_original/benign/c1aa1ff51efc262c25409044368405f359c5b54315ceefa292e95d03b38613d9.png
e693bc556d4e07471933b03456a509b068065698f86c34875d08bb0b4819597d,0,data/benign_original/benign/e693bc556d4e07471933b03456a509b068065698f86c34875d08bb0b4819597d.png
fde85b3d5e4784dcef4c245c1db1ee0bb5d496fe4de8548594f569964715d515,1,data/malware_images/images/GuLoader/fde85b3d5e4784dcef4c245c1db1ee0bb5d496fe4de8548594f569964715d515.png
f1151c4cf024e8154a1b9621d42e7f0108a3e9db0afdda556f154c4ba2e9b87e,1,data/malware_images/images/Trickbot/f1151c4cf024e8154a1b9621d42e7f0108a3e9db0afdda556f154c4ba2e9b87e.png
24e4d25395afc41a3e9b860ae7fca1485ecbd3e432387a62c893412978f9a525,1,data/malware_images/images/IcedID/24e4d25395afc41a3e9b860ae7fca1485ecbd3e432387a62c893412978f9a525.png
ad119b4c15021ee14b3b24e3d43bbbba94159dd3a43c15dda044c606096129c7,1,data/malware_images/images/njrat/ad119b4c15021ee14b3b24e3d43bbbba94159dd3a43c15dda044c606096129c7.png
c3da6001ade87ef9d53d28261910e2bf0eb4854d1a69c06aafd22f9ae4fff7ca,0,data/benign_original/benign/c3da6001ade87ef9d53d28261910e2bf0eb4854d1a69c06aafd22f9ae4fff7ca.png
dce1a17ed6533e8e0ce50c918676d418e35bd632988f1b9dfb652adaa11c3d26,0,data/benign_original/benign/dce1a17ed6533e8e0ce50c918676d418e35bd632988f1b9dfb652adaa11c3d26.png
c49ccaa1719870375e28486081ab648e891ba6bad2b051105e3f16a040dfb39f,1,data/malware_images/images/Trickbot/c49ccaa1719870375e28486081ab648e891ba6bad2b051105e3f16a040dfb39f.png
ffb2735934fda9a9ea8f233c8078d30662d117e824583558511fe762cf864a3b,0,data/benign_original/benign/ffb2735934fda9a9ea8f233c8078d30662d117e824583558511fe762cf864a3b.png
901bbdf6ca7d4cfa61639f1935f8aeac043c9c485fb9f0d2d4cc76939cf28926,1,data/malware_images/images/Heodo/901bbdf6ca7d4cfa61639f1935f8aeac043c9c485fb9f0d2d4cc76939cf28926.png
efd22ff4ed0e6182bc4a2b9d54dbaebc59e5b891ee974efd76aa18a5b847f9c5,0,data/benign_original/benign/efd22ff4ed0e6182bc4a2b9d54dbaebc59e5b891ee974efd76aa18a5b847f9c5.png
ec1f379b1032fc9f8acb9785d83978e3197dda7a3ab42ff697529c8cb7dfa579,1,data/malware_images/images/IcedID/ec1f379b1032fc9f8acb9785d83978e3197dda7a3ab42ff697529c8cb7dfa579.png
18a63ae5bfa9f8210449d641ba256f26c5cc846a23f501323139cb30836f2e24,1,data/malware_images/images/Heodo/18a63ae5bfa9f8210449d641ba256f26c5cc846a23f501323139cb30836f2e24.png
8bbc2e9322af7c28162adfaa66055af70695b2da16b822be4b8b4deb67da405c,1,data/malware_images/images/GuLoader/8bbc2e9322af7c28162adfaa66055af70695b2da16b822be4b8b4deb67da405c.png
70bba4913ae90f045f4be502a8ccda7910f452485dc7365648e0665262cb931e,1,data/malware_images/images/GuLoader/70bba4913ae90f045f4be502a8ccda7910f452485dc7365648e0665262cb931e.png
7805ab4aca9990219816d3563d2ae852339d40a789ffde47abd58062a6f6ef0f,1,data/malware_images/images/Heodo/7805ab4aca9990219816d3563d2ae852339d40a789ffde47abd58062a6f6ef0f.png
ec99fadc48d10818714d3bf6a1d1a7414b5d9440185ac322005c5f78f617ac91,0,data/benign_original/benign/ec99fadc48d10818714d3bf6a1d1a7414b5d9440185ac322005c5f78f617ac91.png
f5cb306ca68e4130c3bbfd4db3112488f11881e13c9e68a832f10a13ac9f2a9d,1,data/malware_images/images/Heodo/f5cb306ca68e4130c3bbfd4db3112488f11881e13c9e68a832f10a13ac9f2a9d.png
2761ae5bfae0ea811c7bf7001553949c4cbca5c792e56998742b537e5ca8e322,0,data/benign_original/benign/2761ae5bfae0ea811c7bf7001553949c4cbca5c792e56998742b537e5ca8e322.png
caf35844c5dd611016ca82753e73d05f54501e844c365a5449cb00706108e14d,0,data/benign_original/benign/caf35844c5dd611016ca82753e73d05f54501e844c365a5449cb00706108e14d.png
bfeba445593933b918e60df71178444ef497693afb9b1f2c759d8d1f59eda7f7,0,data/benign_original/benign/bfeba445593933b918e60df71178444ef497693afb9b1f2c759d8d1f59eda7f7.png
e04ffb426d1f0531bc0b0bc348cbc46d98a06e4edb161a65007cb6c497a34635,0,data/benign_original/benign/e04ffb426d1f0531bc0b0bc348cbc46d98a06e4edb161a65007cb6c497a34635.png
9fff8e2a6ec0b66b064f156eb829722576a3a3d64a2e77387e599477a55e53a9,1,data/malware_images/images/Gozi/9fff8e2a6ec0b66b064f156eb829722576a3a3d64a2e77387e599477a55e53a9.png
46447ef4fb40d94372e65dccd5704144f27046667723f546b947b8e55511f7af,1,data/malware_images/images/IcedID/46447ef4fb40d94372e65dccd5704144f27046667723f546b947b8e55511f7af.png
62a6f2a4f847549949bbe736441a339503f44fcd4ad24c20c1a266cc41bc848d,1,data/malware_images/images/Trickbot/62a6f2a4f847549949bbe736441a339503f44fcd4ad24c20c1a266cc41bc848d.png
c60253e5f23916f5a4110997ab4c8cc3870215e6b1439362f8810687eb822806,0,data/benign_original/benign/c60253e5f23916f5a4110997ab4c8cc3870215e6b1439362f8810687eb822806.png
eef67ef1ea450758b2ea7fe1da2a82bf78edd02287362e570b838a7eb9fa0e59,0,data/benign_original/benign/eef67ef1ea450758b2ea7fe1da2a82bf78edd02287362e570b838a7eb9fa0e59.png
136def6649a2391f29e3a1be31776151b801cea9100f291b5314d0ce85ff9a27,1,data/malware_images/images/Trickbot/136def6649a2391f29e3a1be31776151b801cea9100f291b5314d0ce85ff9a27.png
95a1afee87f6fb6c6aa694c423b72e29e43841114b5ad85ca280810633c1ba5c,1,data/malware_images/images/Gozi/95a1afee87f6fb6c6aa694c423b72e29e43841114b5ad85ca280810633c1ba5c.png
5fe2ac2999b23affe2a04f3951f98d784975316b155c8caec4578198988bccd0,1,data/malware_images/images/njrat/5fe2ac2999b23affe2a04f3951f98d784975316b155c8caec4578198988bccd0.png
4d9c8986794f31912c44836959dd291fb22d21f12e0103a535cff6e7325a59e7,0,data/benign_original/benign/4d9c8986794f31912c44836959dd291fb22d21f12e0103a535cff6e7325a59e7.png
4a42f50b37f5666efe0dd6a73fcdf6556cf63aab8f057887247d713a5db97b7f,1,data/malware_images/images/Trickbot/4a42f50b37f5666efe0dd6a73fcdf6556cf63aab8f057887247d713a5db97b7f.png
c09d4b777460ac672698ecbabefe9c6440116fa4a5fda72e53be91809bc54291,0,data/benign_original/benign/c09d4b777460ac672698ecbabefe9c6440116fa4a5fda72e53be91809bc54291.png
a0d32c4331dd47ff87bb66160de68ccc24de5f897dd3c1c7c06a2d2761b18fae,1,data/malware_images/images/Trickbot/a0d32c4331dd47ff87bb66160de68ccc24de5f897dd3c1c7c06a2d2761b18fae.png
f5bbd65505a9ed28c25b16ebe2b3875fb3dd9ef52c295c268d15089377c6d400,0,data/benign_original/benign/f5bbd65505a9ed28c25b16ebe2b3875fb3dd9ef52c295c268d15089377c6d400.png
aa57610a9eb18245e598432f84f7b1d68c130653bcd5b3e9bef37293fce75333,1,data/malware_images/images/Heodo/aa57610a9eb18245e598432f84f7b1d68c130653bcd5b3e9bef37293fce75333.png
f8b9cfab7fffbc8f98e41aa439d72921dc180634a1febca2a9d41a0df35d3472,0,data/benign_original/benign/f8b9cfab7fffbc8f98e41aa439d72921dc180634a1febca2a9d41a0df35d3472.png
f5b4e48fe78ddb1563876b6c6b6b70ac048ff312e47fd7b696027b8fbb3cab42,0,data/benign_original/benign/f5b4e48fe78ddb1563876b6c6b6b70ac048ff312e47fd7b696027b8fbb3cab42.png
a43c0d39f01808746f82c041edad38edbb89334c098311331d3e2733824f6259,1,data/malware_images/images/njrat/a43c0d39f01808746f82c041edad38edbb89334c098311331d3e2733824f6259.png
e715efeef9942173088096630aa5583386e1b1122d1e35411bca09ef3a06f92f,0,data/benign_original/benign/e715efeef9942173088096630aa5583386e1b1122d1e35411bca09ef3a06f92f.png
cbcc4d72e92f732c1c330d85c01cba1a65a9b27a414922251c5cc8063ceae1f2,0,data/benign_original/benign/cbcc4d72e92f732c1c330d85c01cba1a65a9b27a414922251c5cc8063ceae1f2.png
ff9bce88fbe7a5a0ae37aa39cadf019d3f5c057f336017ea171cd26d6519d343,0,data/benign_original/benign/ff9bce88fbe7a5a0ae37aa39cadf019d3f5c057f336017ea171cd26d6519d343.png
c94829ba858d06a02d30cd2d66c85b7e1ac19a820e2e56128fbfb01a285186f1,1,data/malware_images/images/Gozi/c94829ba858d06a02d30cd2d66c85b7e1ac19a820e2e56128fbfb01a285186f1.png
337c48bb28381345b02514cec70019ee58f9489bd8cff53bb911b7d34f56e4b3,1,data/malware_images/images/GuLoader/337c48bb28381345b02514cec70019ee58f9489bd8cff53bb911b7d34f56e4b3.png
0c69b80c225b95161ab357d6a35bf54846167a38bea69de84371c283ffcd0a8c,1,data/malware_images/images/GuLoader/0c69b80c225b95161ab357d6a35bf54846167a38bea69de84371c283ffcd0a8c.png
5332677e663813dd8db9cfc69246a969a0af69c373c8ac20b65579a4960948da,1,data/malware_images/images/Gozi/5332677e663813dd8db9cfc69246a969a0af69c373c8ac20b65579a4960948da.png
a43e04ed628506273e5ab1ff732ba0ca7d4895f8f98279be22312d548f0f3ec0,1,data/malware_images/images/Trickbot/a43e04ed628506273e5ab1ff732ba0ca7d4895f8f98279be22312d548f0f3ec0.png
d2e87e36b134fd42d61ac95ecdbeb903ede3056204bf480a76652119bb90b99d,0,data/benign_original/benign/d2e87e36b134fd42d61ac95ecdbeb903ede3056204bf480a76652119bb90b99d.png
f72f588143ba7aa8653839c815fd2e70853f317c6f8025d46e42751b37239aac,0,data/benign_original/benign/f72f588143ba7aa8653839c815fd2e70853f317c6f8025d46e42751b37239aac.png
69be5a69314458d35d5f7457416ac742769e8ec0b9416db3272b7cd7daa77d24,1,data/malware_images/images/Trickbot/69be5a69314458d35d5f7457416ac742769e8ec0b9416db3272b7cd7daa77d24.png
e77ad3ebf9f137e97f63438cd4de018de20e8c5b9217ec71a3c825da625fdfce,0,data/benign_original/benign/e77ad3ebf9f137e97f63438cd4de018de20e8c5b9217ec71a3c825da625fdfce.png
d67a1f3801c7f60ea0e77dea002df4daf00df71fe415a9dcbb2a6b15311e2526,0,data/benign_original/benign/d67a1f3801c7f60ea0e77dea002df4daf00df71fe415a9dcbb2a6b15311e2526.png
d12ebf9a567a56cdca41a52562502bb4aaa438b076e0820a98e11038f305a8aa,1,data/malware_images/images/IcedID/d12ebf9a567a56cdca41a52562502bb4aaa438b076e0820a98e11038f305a8aa.png
dc2ff96968ea65fdde07f1df504d17e32a26901d88119a0c3df79b088098884a,0,data/benign_original/benign/dc2ff96968ea65fdde07f1df504d17e32a26901d88119a0c3df79b088098884a.png
d6bc2b04baf7491d41a2bd7ea88dc9ceb867aeb896d6a8eb9e927247e4622a42,1,data/malware_images/images/Gozi/d6bc2b04baf7491d41a2bd7ea88dc9ceb867aeb896d6a8eb9e927247e4622a42.png
eaebf7883ed3f4047407dcadc6d977e252478447d83c49398a8b5f522083f58f,0,data/benign_original/benign/eaebf7883ed3f4047407dcadc6d977e252478447d83c49398a8b5f522083f58f.png
edf0f3a43548e91c572de6b618c6a541e10db3e6fd3b1f4685f5bae3df8b07ad,1,data/malware_images/images/Trickbot/edf0f3a43548e91c572de6b618c6a541e10db3e6fd3b1f4685f5bae3df8b07ad.png
f8bce2c54fca9a5b3e0a04c1749d1917d6228c87d375a730be889ad07f96490f,0,data/benign_original/benign/f8bce2c54fca9a5b3e0a04c1749d1917d6228c87d375a730be889ad07f96490f.png
80d3d9e551dcb3a97863a5640af0411117bb667c437c9233b52b6f97cb6c38c3,1,data/malware_images/images/Gozi/80d3d9e551dcb3a97863a5640af0411117bb667c437c9233b52b6f97cb6c38c3.png
c69f43746f62629792a71674c2cd312b7c6b445b57c8623dcb01d938c7247727,0,data/benign_original/benign/c69f43746f62629792a71674c2cd312b7c6b445b57c8623dcb01d938c7247727.png
bb42f8e6709655cc6d7b31ceb96d6b4782cc2ca53f89749896c679e2e0131108,0,data/benign_original/benign/bb42f8e6709655cc6d7b31ceb96d6b4782cc2ca53f89749896c679e2e0131108.png
74a11d9b700b043efcedc3907e13164eb45d4dcb5051c4155844b8f1b961ae4f,1,data/malware_images/images/Gozi/74a11d9b700b043efcedc3907e13164eb45d4dcb5051c4155844b8f1b961ae4f.png
e74da7df6308f426136c723da59bd4f856b7e7fa42081d03b881756360867062,0,data/benign_original/benign/e74da7df6308f426136c723da59bd4f856b7e7fa42081d03b881756360867062.png
84420e6ba6526a6a8ff940b6144497b346e1b0005a9ec7e686025219981d4658,1,data/malware_images/images/njrat/84420e6ba6526a6a8ff940b6144497b346e1b0005a9ec7e686025219981d4658.png
d15888eb2eebdd4f509d18d9537287b3f5867d99b0395d60fe12d9ff6224bcb8,0,data/benign_original/benign/d15888eb2eebdd4f509d18d9537287b3f5867d99b0395d60fe12d9ff6224bcb8.png
835a4be496545d3ccabcfe3172d6ff633fbe689caa846d7e6705d173388c8d83,1,data/malware_images/images/Trickbot/835a4be496545d3ccabcfe3172d6ff633fbe689caa846d7e6705d173388c8d83.png
f22bcf3e210009edbc9c14edb999e3b1149f168512d5cda9ae1e89eabef60029,0,data/benign_original/benign/f22bcf3e210009edbc9c14edb999e3b1149f168512d5cda9ae1e89eabef60029.png
dd9adf52e33980df9ebb82672e2dac9481216b7a1f43c99b4d3fc6b0e0ca1e99,1,data/malware_images/images/IcedID/dd9adf52e33980df9ebb82672e2dac9481216b7a1f43c99b4d3fc6b0e0ca1e99.png
d22b8ffbfd96a0c6f16d481a191ed409cc3f4856919afc55d7099b84756043c8,0,data/benign_original/benign/d22b8ffbfd96a0c6f16d481a191ed409cc3f4856919afc55d7099b84756043c8.png
c4ae88c9eb48d63b23560f2e5babbdbf129e3787127688d5383415bbc7347b59,0,data/benign_original/benign/c4ae88c9eb48d63b23560f2e5babbdbf129e3787127688d5383415bbc7347b59.png
69b465ba81b720dbfa1b7e1da4857d53dc84aac0be4c06f863791d631d137374,1,data/malware_images/images/njrat/69b465ba81b720dbfa1b7e1da4857d53dc84aac0be4c06f863791d631d137374.png
d2048b411cbcbc72cc28dc75c7f52d7935817b6d4adfb01835dfabf344f7decf,0,data/benign_original/benign/d2048b411cbcbc72cc28dc75c7f52d7935817b6d4adfb01835dfabf344f7decf.png
1caf99e6ba0a4b4e61fc388699812adbbc3ad2ca11dfb96595643643adb5ec5a,1,data/malware_images/images/njrat/1caf99e6ba0a4b4e61fc388699812adbbc3ad2ca11dfb96595643643adb5ec5a.png
be23ae53bfe359e46eb485064c9b4bd12df84fdcdab044ea998d891f2c3eeb92,0,data/benign_original/benign/be23ae53bfe359e46eb485064c9b4bd12df84fdcdab044ea998d891f2c3eeb92.png
50d68559290556e9e3524e8aec940a98b4564b57cc2a60f79d4da9a7d1f8de46,1,data/malware_images/images/GuLoader/50d68559290556e9e3524e8aec940a98b4564b57cc2a60f79d4da9a7d1f8de46.png
fb938b0cfe52445864f2bb0a9b1c1fa471203f465315d8f7caf58e262845990e,0,data/benign_original/benign/fb938b0cfe52445864f2bb0a9b1c1fa471203f465315d8f7caf58e262845990e.png
a4e67e922ae99aa76a534398d0dd875c95811917ab8bd2aead6726df700d328f,1,data/malware_images/images/njrat/a4e67e922ae99aa76a534398d0dd875c95811917ab8bd2aead6726df700d328f.png
f695f156fc4e2498b2e3ab9aa1a5483af84fdce9ea779c2aed93dae88b69ff6e,0,data/benign_original/benign/f695f156fc4e2498b2e3ab9aa1a5483af84fdce9ea779c2aed93dae88b69ff6e.png
7f151047bf16651dc37450231277d5190f7af1bad7db6b173705b3cdeb3071df,1,data/malware_images/images/njrat/7f151047bf16651dc37450231277d5190f7af1bad7db6b173705b3cdeb3071df.png
c8380dff0e2b9149f3e56829d09c5ee9bc44e71addd37dc46d913ce279bf3dc5,0,data/benign_original/benign/c8380dff0e2b9149f3e56829d09c5ee9bc44e71addd37dc46d913ce279bf3dc5.png
05a4f37dfd57637fe088ce4c3eb6aa5811f0187f336625d7b6ef19e6eb73dd0c,1,data/malware_images/images/njrat/05a4f37dfd57637fe088ce4c3eb6aa5811f0187f336625d7b6ef19e6eb73dd0c.png
df236c2266dae72d6788196050343aa39c29ef6d6659792cdd459f4d8286820f,1,data/malware_images/images/Gozi/df236c2266dae72d6788196050343aa39c29ef6d6659792cdd459f4d8286820f.png
b31e36b2112fb3150592770941860f0e59be46c81c8f6859010243779f5607e5,0,data/benign_original/benign/b31e36b2112fb3150592770941860f0e59be46c81c8f6859010243779f5607e5.png
e6b7b0625197a07f1325cc0d6feb9d43091219bfc3acff352d2606cdf64d26ac,0,data/benign_original/benign/e6b7b0625197a07f1325cc0d6feb9d43091219bfc3acff352d2606cdf64d26ac.png
ef475a9781a4d5d449b86388c645059131561d71b4fa3b7e53b00eb13f8c88b5,0,data/benign_original/benign/ef475a9781a4d5d449b86388c645059131561d71b4fa3b7e53b00eb13f8c88b5.png
2ca554a264d85b3e0c84bbfe31c8f34a96fedccb37b3398d1f85b0d85a1b2a9c,1,data/malware_images/images/IcedID/2ca554a264d85b3e0c84bbfe31c8f34a96fedccb37b3398d1f85b0d85a1b2a9c.png
b273dce16583f8108ce85b27ae2f16b1df9a3af8e489c5ab233aef3012f1a0d9,0,data/benign_original/benign/b273dce16583f8108ce85b27ae2f16b1df9a3af8e489c5ab233aef3012f1a0d9.png
a4cc0e050ca48933e311427ac66d441a983ad6ff80aed8cbb3c04a3a6c6d3067,1,data/malware_images/images/GuLoader/a4cc0e050ca48933e311427ac66d441a983ad6ff80aed8cbb3c04a3a6c6d3067.png
f20f144ca6895112c229a9423cea68e51697fc0681fa922b2d0a4a3c6516f96b,0,data/benign_original/benign/f20f144ca6895112c229a9423cea68e51697fc0681fa922b2d0a4a3c6516f96b.png
8ad213ec25748fd1689fd993172b430d4ad32d762ca79db48fa818b193866e4d,1,data/malware_images/images/Trickbot/8ad213ec25748fd1689fd993172b430d4ad32d762ca79db48fa818b193866e4d.png
c8138031537a27fd364f359d48db88485c4a0d668ed2983ff5f6edf0bffcd91f,0,data/benign_original/benign/c8138031537a27fd364f359d48db88485c4a0d668ed2983ff5f6edf0bffcd91f.png
3e9cb4329a3b06517c10027b3a373cffff3c07e9dd216417e6b83016dbe2e067,1,data/malware_images/images/njrat/3e9cb4329a3b06517c10027b3a373cffff3c07e9dd216417e6b83016dbe2e067.png
dfc7000a61a94f017af0cf86a0f61a8af3f91d7ae425d53ec25cad5ccf6a42f5,0,data/benign_original/benign/dfc7000a61a94f017af0cf86a0f61a8af3f91d7ae425d53ec25cad5ccf6a42f5.png
f376e222241bec66cd07405a340f6df82e7c1672dfcdd353f2e3ac93d15376bb,0,data/benign_original/benign/f376e222241bec66cd07405a340f6df82e7c1672dfcdd353f2e3ac93d15376bb.png
4fe02a9e803529b7692860e573f7dd157378e22a21cd72c713a28787a2ee4f26,1,data/malware_images/images/Trickbot/4fe02a9e803529b7692860e573f7dd157378e22a21cd72c713a28787a2ee4f26.png
b653fa97dd67b66c5f54c53cf8e220bb47ceb40f9acb0565f8b74190bbe8ac43,0,data/benign_original/benign/b653fa97dd67b66c5f54c53cf8e220bb47ceb40f9acb0565f8b74190bbe8ac43.png
275fcda533f778216eddd1bb4eb255c5feea615298d1f3255099ae3a833200f3,1,data/malware_images/images/GuLoader/275fcda533f778216eddd1bb4eb255c5feea615298d1f3255099ae3a833200f3.png
2f3135503ed9fb4ed106c98a51770d1ac8824631c02af922d763538a66d32e84,1,data/malware_images/images/GuLoader/2f3135503ed9fb4ed106c98a51770d1ac8824631c02af922d763538a66d32e84.png
e8cf1f519186cd1cdd09adf606695d013945fc0f5c1c98d7f1b331aec791e6ea,0,data/benign_original/benign/e8cf1f519186cd1cdd09adf606695d013945fc0f5c1c98d7f1b331aec791e6ea.png
ce50ba8fc445692467ee2cf4155c660cb5b596137424b83c0f8ef1bd32e73de7,1,data/malware_images/images/Heodo/ce50ba8fc445692467ee2cf4155c660cb5b596137424b83c0f8ef1bd32e73de7.png
d8a8b69d93688c386fd6ed6909de8e1d0d1db5caa5e4802ca181d465d6728e30,0,data/benign_original/benign/d8a8b69d93688c386fd6ed6909de8e1d0d1db5caa5e4802ca181d465d6728e30.png
ab9a7f997da81bd7202c49bf0f40ab06b89fcafda9f91f89a0b186291890e099,0,data/benign_original/benign/ab9a7f997da81bd7202c49bf0f40ab06b89fcafda9f91f89a0b186291890e099.png
8577793477ffcf4258839adbaa37426c099d5f4cba42f6ca1b6282bf7f5c3672,1,data/malware_images/images/Gozi/8577793477ffcf4258839adbaa37426c099d5f4cba42f6ca1b6282bf7f5c3672.png
ee4305375127c3043dd2dcce6184f48474d1fddf25fe53e8328895b24cf380d1,0,data/benign_original/benign/ee4305375127c3043dd2dcce6184f48474d1fddf25fe53e8328895b24cf380d1.png
b52f2b9de19d12b0e727e13e3dde93009e487bfb2dd97fd23952c7080949d97e,0,data/benign_original/benign/b52f2b9de19d12b0e727e13e3dde93009e487bfb2dd97fd23952c7080949d97e.png
616e7ebec76211a0ad12bbfb861b355ad871bd6a687ee76cb111619af6eb2c8c,1,data/malware_images/images/Trickbot/616e7ebec76211a0ad12bbfb861b355ad871bd6a687ee76cb111619af6eb2c8c.png
869df63edd9b9c96960da5d8022b1194c9f16b4a1f0b9ebfc7860e1aa2fe41a2,1,data/malware_images/images/GuLoader/869df63edd9b9c96960da5d8022b1194c9f16b4a1f0b9ebfc7860e1aa2fe41a2.png
b2e6cc6aa6b706f4d680872bf630064f6e5bd4eaf4ed81ad21c0741cc2ac8631,1,data/malware_images/images/Trickbot/b2e6cc6aa6b706f4d680872bf630064f6e5bd4eaf4ed81ad21c0741cc2ac8631.png
4d0dfe01c27dfd2c35464a3f435cfb4cad6e996d6fc407cc8f10fc0b3d0692fe,1,data/malware_images/images/GuLoader/4d0dfe01c27dfd2c35464a3f435cfb4cad6e996d6fc407cc8f10fc0b3d0692fe.png
905093419606a40ac3ab198e8c905607453c7a8cf013f44cb410922662826f21,1,data/malware_images/images/njrat/905093419606a40ac3ab198e8c905607453c7a8cf013f44cb410922662826f21.png
d9c1c501f37fcad189883c661a84433c4651ea148fde2b3564bd78876ee55632,1,data/malware_images/images/Trickbot/d9c1c501f37fcad189883c661a84433c4651ea148fde2b3564bd78876ee55632.png
f0f07c2192956e44619a5bea6c55b3f2d4be7ad9fd86fa1e85f734deaacc05f6,1,data/malware_images/images/GuLoader/f0f07c2192956e44619a5bea6c55b3f2d4be7ad9fd86fa1e85f734deaacc05f6.png
e89227aa26d19547d5b5c0ba7b6340485ec7e78826d36309f91af28468232a5f,0,data/benign_original/benign/e89227aa26d19547d5b5c0ba7b6340485ec7e78826d36309f91af28468232a5f.png
e677497c1baefffb33a17d22a99b76b7fa7ae7a0c84e12fda27d9be5c3d104cf,0,data/benign_original/benign/e677497c1baefffb33a17d22a99b76b7fa7ae7a0c84e12fda27d9be5c3d104cf.png
1ca3301740b7bbb38f5ee1674f8b5beda1fcc331dfdc4b789104984d39d54383,1,data/malware_images/images/njrat/1ca3301740b7bbb38f5ee1674f8b5beda1fcc331dfdc4b789104984d39d54383.png
cac7e022e423b66bae8c5f8e4df7142a0e5fd7b509eece3468578dc77a65ef88,0,data/benign_original/benign/cac7e022e423b66bae8c5f8e4df7142a0e5fd7b509eece3468578dc77a65ef88.png
7398048e3cb424344def184f417b3cbfa1451bf0fa8219c875be0f195468c46d,1,data/malware_images/images/Gozi/7398048e3cb424344def184f417b3cbfa1451bf0fa8219c875be0f195468c46d.png
1a265ec58f8ed23ec5f82579b7ee6ab29d5c0d1ff2199996e29184dc06727dd7,1,data/malware_images/images/Trickbot/1a265ec58f8ed23ec5f82579b7ee6ab29d5c0d1ff2199996e29184dc06727dd7.png
09079e1407935b7987ce7e03d51439b8d8ad990aa55b802028d528e0f8d47671,1,data/malware_images/images/Gozi/09079e1407935b7987ce7e03d51439b8d8ad990aa55b802028d528e0f8d47671.png
3026ee7473dae33f0057642251703a3bd04310b52e36cb4b12a84abec1ae9aac,1,data/malware_images/images/GuLoader/3026ee7473dae33f0057642251703a3bd04310b52e36cb4b12a84abec1ae9aac.png
cae6a3339da1ada285630577231d9beb7417a8c146fcdcbfc6d8c2bfbbd5d947,1,data/malware_images/images/Gozi/cae6a3339da1ada285630577231d9beb7417a8c146fcdcbfc6d8c2bfbbd5d947.png
ff8570940e9bb3de3c1f094dcad656c078c4b36ca1f96194cd218380bbe516d9,0,data/benign_original/benign/ff8570940e9bb3de3c1f094dcad656c078c4b36ca1f96194cd218380bbe516d9.png
fad1e4d96f5620e227c0718a72b38872de17a08cd34863cd2c81838fcf4f9262,0,data/benign_original/benign/fad1e4d96f5620e227c0718a72b38872de17a08cd34863cd2c81838fcf4f9262.png
b99b655abc4ec45851cc2acdb7a348e739687200a4fe3be9c35d6738dd61112f,0,data/benign_original/benign/b99b655abc4ec45851cc2acdb7a348e739687200a4fe3be9c35d6738dd61112f.png
ee669ca99990c68acd0c8c311c1edb1bbb2c0aaeb4455fdeb9616bf3f57ce34d,0,data/benign_original/benign/ee669ca99990c68acd0c8c311c1edb1bbb2c0aaeb4455fdeb9616bf3f57ce34d.png
0fd68d19e18e1594f8b91e9f9fc193e9e1a7ea9cf09ac0462f772507bc8cd2dc,1,data/malware_images/images/Trickbot/0fd68d19e18e1594f8b91e9f9fc193e9e1a7ea9cf09ac0462f772507bc8cd2dc.png
f2fa79d20a62fc522774243ff1a53b97cb29a3b7ea96b4a46c28decd864edc1c,0,data/benign_original/benign/f2fa79d20a62fc522774243ff1a53b97cb29a3b7ea96b4a46c28decd864edc1c.png
e68119e382b279c5e1db4ef14002d29b1d8ef971b877022e1cde819369962dad,0,data/benign_original/benign/e68119e382b279c5e1db4ef14002d29b1d8ef971b877022e1cde819369962dad.png
bcaac5a12f698128259d22d08bc949991003da385176c3811d9886e314a27fe1,0,data/benign_original/benign/bcaac5a12f698128259d22d08bc949991003da385176c3811d9886e314a27fe1.png
b272aa89944cc387630ec140ebd2e63e70cb7e3f69763527396c185823dfd78d,0,data/benign_original/benign/b272aa89944cc387630ec140ebd2e63e70cb7e3f69763527396c185823dfd78d.png
d33b9387141198788fd76d744ad11f223e3e75930933c37bf8383c74bb59caf1,0,data/benign_original/benign/d33b9387141198788fd76d744ad11f223e3e75930933c37bf8383c74bb59caf1.png
e94d0444a76dcf3a8d336c176670a59f13139d6c7624bf6da3d8b442b3b50507,0,data/benign_original/benign/e94d0444a76dcf3a8d336c176670a59f13139d6c7624bf6da3d8b442b3b50507.png
e39108f06a9bdc616ab8f3e768662c5c5db946e9511d8949ec4da3e9ff0b4633,1,data/malware_images/images/IcedID/e39108f06a9bdc616ab8f3e768662c5c5db946e9511d8949ec4da3e9ff0b4633.png
cf1c724aea4351db52502dc9a66c286b752d0a0424c5454631e9b8ca313c954f,1,data/malware_images/images/Gozi/cf1c724aea4351db52502dc9a66c286b752d0a0424c5454631e9b8ca313c954f.png
cb38d161c8e92cb2a0e550c00495ba12d1228b9715b2068f64cf2b613b295730,1,data/malware_images/images/Trickbot/cb38d161c8e92cb2a0e550c00495ba12d1228b9715b2068f64cf2b613b295730.png
d1ff3666917b6a8aa0c14add378c9c6477104f369c6118ed932a55d3c8e179ba,0,data/benign_original/benign/d1ff3666917b6a8aa0c14add378c9c6477104f369c6118ed932a55d3c8e179ba.png
ef052bc9b7fde596fff3ea2d9c8fc994f3282953dead1b7f5477e7154af67245,0,data/benign_original/benign/ef052bc9b7fde596fff3ea2d9c8fc994f3282953dead1b7f5477e7154af67245.png
ed0ae6621d39cd85021d3b59720c7aea7d302b36f72cd2e8051b006274987049,1,data/malware_images/images/njrat/ed0ae6621d39cd85021d3b59720c7aea7d302b36f72cd2e8051b006274987049.png
ff12cb8f11f68ff26132410ffca1c914c2aebe00fcbc1e789b3e0e90be62f300,0,data/benign_original/benign/ff12cb8f11f68ff26132410ffca1c914c2aebe00fcbc1e789b3e0e90be62f300.png
d792fa805fdeafef1cfd76b4118de73362eac7b4f12fb3cc6685499d932c97b2,0,data/benign_original/benign/d792fa805fdeafef1cfd76b4118de73362eac7b4f12fb3cc6685499d932c97b2.png
c097a33ffc261e1c653df3576cc987433cb6856fb7fd7170b85174fe648efe7e,0,data/benign_original/benign/c097a33ffc261e1c653df3576cc987433cb6856fb7fd7170b85174fe648efe7e.png
658abc2cb751794b5b5da3a80ae68859d1fc51bafaffad7587e30ce84443b8b1,1,data/malware_images/images/njrat/658abc2cb751794b5b5da3a80ae68859d1fc51bafaffad7587e30ce84443b8b1.png
be2cb3a3559aee3a9e7a6cc01a0f427883bb9b3d62d1baae3da0d5f55b239ff5,0,data/benign_original/benign/be2cb3a3559aee3a9e7a6cc01a0f427883bb9b3d62d1baae3da0d5f55b239ff5.png
9a7527003d693b5ff45c47de2cbdec92a86e3c41193d7109821db2bde58a2d8c,1,data/malware_images/images/GuLoader/9a7527003d693b5ff45c47de2cbdec92a86e3c41193d7109821db2bde58a2d8c.png
9629f04a9752da5508fb34863a3c7c3721c543c6c6d180e6946b4bf483aae0d7,1,data/malware_images/images/Gozi/9629f04a9752da5508fb34863a3c7c3721c543c6c6d180e6946b4bf483aae0d7.png
dd50a50cd5681c948370d818686fff4f532d3dda746176b15ddaf5954401ad66,0,data/benign_original/benign/dd50a50cd5681c948370d818686fff4f532d3dda746176b15ddaf5954401ad66.png
b71bf63c309a835a42037ac5d92c52f6a1e79abe693718f7d1752d47f77a5525,0,data/benign_original/benign/b71bf63c309a835a42037ac5d92c52f6a1e79abe693718f7d1752d47f77a5525.png
b17eb36907b23ea57187c7ea74599c3dbc72a3fd05ff4e4ef7b929d951bc567e,1,data/malware_images/images/Trickbot/b17eb36907b23ea57187c7ea74599c3dbc72a3fd05ff4e4ef7b929d951bc567e.png
d471418a0532454b84f909a2cb18b95a3f1c655351d1a275453c8d898088153f,1,data/malware_images/images/Gozi/d471418a0532454b84f909a2cb18b95a3f1c655351d1a275453c8d898088153f.png
b1c0a0da865b09eae26d8d30e7beda3a0f42a69600a798a3e499ba3335aa6774,0,data/benign_original/benign/b1c0a0da865b09eae26d8d30e7beda3a0f42a69600a798a3e499ba3335aa6774.png
898ab33196c09c002ad6806ff25b8713522c433f8f36f19d4479eef779e3e451,1,data/malware_images/images/njrat/898ab33196c09c002ad6806ff25b8713522c433f8f36f19d4479eef779e3e451.png
f067928fcc757ede895684946323b43b937b503a473fe103f5b63c5da123a388,0,data/benign_original/benign/f067928fcc757ede895684946323b43b937b503a473fe103f5b63c5da123a388.png
1630550c5078c495cb0d0e3f0b44ba704752cc290780c19e3551449d73700709,1,data/malware_images/images/Trickbot/1630550c5078c495cb0d0e3f0b44ba704752cc290780c19e3551449d73700709.png
f11d6445ea563c2a1b775aace0efdd43b41c689edb3f9ed781306ac137ed4e88,0,data/benign_original/benign/f11d6445ea563c2a1b775aace0efdd43b41c689edb3f9ed781306ac137ed4e88.png
9a3b5f59b7c1dff70d4bc7a8cafd6bfab5a205a62fce120192b83113d07ddb46,1,data/malware_images/images/Trickbot/9a3b5f59b7c1dff70d4bc7a8cafd6bfab5a205a62fce120192b83113d07ddb46.png
dc8a2332c245f1019a3c08c53f649f0bf1ea42fad18c90fea68ac4aa1eb387aa,1,data/malware_images/images/njrat/dc8a2332c245f1019a3c08c53f649f0bf1ea42fad18c90fea68ac4aa1eb387aa.png
bf57aeb29051fa72b1e60b0030a2781ad57644495babbd218e324d4cdd1c93ac,0,data/benign_original/benign/bf57aeb29051fa72b1e60b0030a2781ad57644495babbd218e324d4cdd1c93ac.png
ef3c96352dba24dddbc39d191bf83a70404b4b41f500da531e911a7421797b42,0,data/benign_original/benign/ef3c96352dba24dddbc39d191bf83a70404b4b41f500da531e911a7421797b42.png
e8b1d230a702ace5de4d630d01c209fe2cbabc7042394b585b30de496bfa654b,1,data/malware_images/images/Trickbot/e8b1d230a702ace5de4d630d01c209fe2cbabc7042394b585b30de496bfa654b.png
b005d4c20316032976b9f078a45283adae7df5a30b979925e0c288e8ac8b98d8,0,data/benign_original/benign/b005d4c20316032976b9f078a45283adae7df5a30b979925e0c288e8ac8b98d8.png
b449c751aa71403dee4334956e884a9b00662b14fc76e8bc6a31518f76503e3e,1,data/malware_images/images/GuLoader/b449c751aa71403dee4334956e884a9b00662b14fc76e8bc6a31518f76503e3e.png
b81980c35b0b7bd7a82e108c5aa58b3c77c0618317cc433fa1e55681a7fd7f51,0,data/benign_original/benign/b81980c35b0b7bd7a82e108c5aa58b3c77c0618317cc433fa1e55681a7fd7f51.png
bf1f32a3aaa946bb295b182c14482721dfb431e1c4e5622b6f4207f3b5c3d9e0,0,data/benign_original/benign/bf1f32a3aaa946bb295b182c14482721dfb431e1c4e5622b6f4207f3b5c3d9e0.png
34857023a463813680552e35ce95fe162a7f2e742a42e054540708919e9e159e,1,data/malware_images/images/Trickbot/34857023a463813680552e35ce95fe162a7f2e742a42e054540708919e9e159e.png
4b39340a9efe9d10ca32c47ef9c738f51248289d27235286f45c9eb079f59d63,1,data/malware_images/images/GuLoader/4b39340a9efe9d10ca32c47ef9c738f51248289d27235286f45c9eb079f59d63.png
e5d0528568333ba84d5f466414339503f4d8fd79e91fc5d03dd291502641331d,0,data/benign_original/benign/e5d0528568333ba84d5f466414339503f4d8fd79e91fc5d03dd291502641331d.png
70109d735231d1c9c5c276c668a8426538ff1f0587c32959a4624ec868ca4fa9,1,data/malware_images/images/Gozi/70109d735231d1c9c5c276c668a8426538ff1f0587c32959a4624ec868ca4fa9.png
44f4cc87b43e3add1d1b9b75f1e4e3b5b0db549349c0f554ff28eaa0312c96ab,0,data/benign_original/benign/44f4cc87b43e3add1d1b9b75f1e4e3b5b0db549349c0f554ff28eaa0312c96ab.png
e55ead633fa931878050a602cf04de7e81aa0f8dc33f2cec0794afae18b9f593,0,data/benign_original/benign/e55ead633fa931878050a602cf04de7e81aa0f8dc33f2cec0794afae18b9f593.png
c06491ab8477f4dc67e5951d85308d610ccd05eeaedf977bde2c8ecc6130ead5,0,data/benign_original/benign/c06491ab8477f4dc67e5951d85308d610ccd05eeaedf977bde2c8ecc6130ead5.png
89d98c4ec833d8a798f26dd15eda6e7868972d52da8074d756b47f682e9f61e0,1,data/malware_images/images/GuLoader/89d98c4ec833d8a798f26dd15eda6e7868972d52da8074d756b47f682e9f61e0.png
36f1a1fc214342b776b33e902a580f636514fdac2d542fd47ee18733b0a46cf0,1,data/malware_images/images/Trickbot/36f1a1fc214342b776b33e902a580f636514fdac2d542fd47ee18733b0a46cf0.png
bebe28bd9ecac03ce769808794e8a7c3a002d231fef04c5606e89272d3cc92ac,1,data/malware_images/images/Gozi/bebe28bd9ecac03ce769808794e8a7c3a002d231fef04c5606e89272d3cc92ac.png
6ae8431866f0ecc673c395701acfd6aed3d7ea7de2cdf637f0f1bb4145fcbf4d,1,data/malware_images/images/Trickbot/6ae8431866f0ecc673c395701acfd6aed3d7ea7de2cdf637f0f1bb4145fcbf4d.png
f48b5de3caba03a9f465b40c1dee3a6287b38f410ffbfab3e9a2d8b7906db133,0,data/benign_original/benign/f48b5de3caba03a9f465b40c1dee3a6287b38f410ffbfab3e9a2d8b7906db133.png
ff5f1b30f739e7a6f0debcc3d8069efef1beedab53f722274d5abf7f104977eb,0,data/benign_original/benign/ff5f1b30f739e7a6f0debcc3d8069efef1beedab53f722274d5abf7f104977eb.png
7f02a60405c2e31590a11c7c6d0442b36ecd3709644634cc6abeb7f16fd43e59,1,data/malware_images/images/njrat/7f02a60405c2e31590a11c7c6d0442b36ecd3709644634cc6abeb7f16fd43e59.png
d2324b430d7f414a55899871543cfcf28a9c699558a0fbde41903c0e66011eee,0,data/benign_original/benign/d2324b430d7f414a55899871543cfcf28a9c699558a0fbde41903c0e66011eee.png
37d20997d8053444373564274748c1369a64fc81b9f1d0cad3ab882098dec23a,1,data/malware_images/images/Gozi/37d20997d8053444373564274748c1369a64fc81b9f1d0cad3ab882098dec23a.png
b2b5d645ff78c84b0ad9cec18518b983b8dbd7ebe505aa31e98de460595e8229,0,data/benign_original/benign/b2b5d645ff78c84b0ad9cec18518b983b8dbd7ebe505aa31e98de460595e8229.png
b0df051044f82c37572a58415bad8a5b0769a369be0e458832e2e5ceb7265276,0,data/benign_original/benign/b0df051044f82c37572a58415bad8a5b0769a369be0e458832e2e5ceb7265276.png
e7275f198c1138425c2c7f5e2a5ffb4837dcecc6f742685e6e7817b3a2bde13c,0,data/benign_original/benign/e7275f198c1138425c2c7f5e2a5ffb4837dcecc6f742685e6e7817b3a2bde13c.png
0c95f0063259bf9f86bbd26dc6ae04ce2b9efaaf759148685f457ddd25ef0610,1,data/malware_images/images/GuLoader/0c95f0063259bf9f86bbd26dc6ae04ce2b9efaaf759148685f457ddd25ef0610.png
7f9e85a4682b5d475ae7c2c45cb00317c1c3f1e528e9feea781f7fdaaab53aab,1,data/malware_images/images/Trickbot/7f9e85a4682b5d475ae7c2c45cb00317c1c3f1e528e9feea781f7fdaaab53aab.png
19995a1dd05fd6d0479ccd9f268bf713a4e7d873a7c68c368343e59dd7b7cad6,1,data/malware_images/images/IcedID/19995a1dd05fd6d0479ccd9f268bf713a4e7d873a7c68c368343e59dd7b7cad6.png
ddde2c44706def3bbfff2c0f306fb0176c39dad88e07e3e5021a8c8c187da0b4,0,data/benign_original/benign/ddde2c44706def3bbfff2c0f306fb0176c39dad88e07e3e5021a8c8c187da0b4.png
253d466b5169da3e7fb8b1f125ac84c3857889777210c397c37bf16e6187bae5,0,data/benign_original/benign/253d466b5169da3e7fb8b1f125ac84c3857889777210c397c37bf16e6187bae5.png
c50bf8069221d689963c17b931f835ad47ed62cfc0a0674df52b123818d942bd,1,data/malware_images/images/njrat/c50bf8069221d689963c17b931f835ad47ed62cfc0a0674df52b123818d942bd.png
ebd1bbee4697959448d9b54c38f3583e284c4338490f382f82d7dc1201c82fd1,0,data/benign_original/benign/ebd1bbee4697959448d9b54c38f3583e284c4338490f382f82d7dc1201c82fd1.png
feb88bf58bf809e7c9e1d3380b0b9e55c2e66d214a7df4a314f677eeb14bb5e9,0,data/benign_original/benign/feb88bf58bf809e7c9e1d3380b0b9e55c2e66d214a7df4a314f677eeb14bb5e9.png
760f59b25bbdb98569b57ca18a132b7aee310746e40695c779eaedc3014d1b31,1,data/malware_images/images/njrat/760f59b25bbdb98569b57ca18a132b7aee310746e40695c779eaedc3014d1b31.png
b365d7b27a628018f873da570798f3bd5fb7dbb10fb535dffd3164b6fc73390c,0,data/benign_original/benign/b365d7b27a628018f873da570798f3bd5fb7dbb10fb535dffd3164b6fc73390c.png
7f7c4f812ccb01b9940b06aa428a9993f84f9d7be001e7937e40e3f5982c49ea,1,data/malware_images/images/Gozi/7f7c4f812ccb01b9940b06aa428a9993f84f9d7be001e7937e40e3f5982c49ea.png
3bce2cb71450f3924688d64791d70feaa8a49e25784d3d64451b3b1d2d25cdbf,1,data/malware_images/images/GuLoader/3bce2cb71450f3924688d64791d70feaa8a49e25784d3d64451b3b1d2d25cdbf.png
b36526430c67aa6678770f458eb4ee057606e009c34ac79e358032f6a8833ff3,0,data/benign_original/benign/b36526430c67aa6678770f458eb4ee057606e009c34ac79e358032f6a8833ff3.png
5edc3922ccbd249917e6e2a45acc2c8a453e61ca2bea5ab4e0ea09fb4496f53e,0,data/benign_original/benign/5edc3922ccbd249917e6e2a45acc2c8a453e61ca2bea5ab4e0ea09fb4496f53e.png
0346f88d8f51205b009324d8b08024a40b303d65e1098212b676e43b066a1584,1,data/malware_images/images/Heodo/0346f88d8f51205b009324d8b08024a40b303d65e1098212b676e43b066a1584.png
ee8872517852f05d121fb83931e7d5a94c7d00ec31f200bda32760e6b9c233d3,1,data/malware_images/images/GuLoader/ee8872517852f05d121fb83931e7d5a94c7d00ec31f200bda32760e6b9c233d3.png
33004fa7af4e98bde177120ac7e8513ade349c988d24e3606cea70f9c75a704b,1,data/malware_images/images/njrat/33004fa7af4e98bde177120ac7e8513ade349c988d24e3606cea70f9c75a704b.png
c4815ead0abe44972ae918cab9b21289b29cf5d3471fe102c27e1a86601a729c,0,data/benign_original/benign/c4815ead0abe44972ae918cab9b21289b29cf5d3471fe102c27e1a86601a729c.png
04adc26eb8c3ca4822a143315681086961ee857e568b2441a11339d3efdcd8c4,1,data/malware_images/images/njrat/04adc26eb8c3ca4822a143315681086961ee857e568b2441a11339d3efdcd8c4.png
d3319879d98fd483b0d575da45509dd740a297ed152030401736a022d69533a1,0,data/benign_original/benign/d3319879d98fd483b0d575da45509dd740a297ed152030401736a022d69533a1.png
61a49f945d1727f99e99ff231fccac5925c5c13420405e5f49e545e762a881e2,1,data/malware_images/images/Heodo/61a49f945d1727f99e99ff231fccac5925c5c13420405e5f49e545e762a881e2.png
02cda7a63aa39585613794abe66a835c8da9d178f9c123c1c55309bc49540a66,1,data/malware_images/images/Trickbot/02cda7a63aa39585613794abe66a835c8da9d178f9c123c1c55309bc49540a66.png
bf9811e52b8e1109ef9f4e7522c83c26ade7d3f88f7260cb406101821e375f00,1,data/malware_images/images/Gozi/bf9811e52b8e1109ef9f4e7522c83c26ade7d3f88f7260cb406101821e375f00.png
d71ca70fcf6871ef83f8b45218edc50a2a1ee9d568b77bb69bd56fcf3ebda97b,0,data/benign_original/benign/d71ca70fcf6871ef83f8b45218edc50a2a1ee9d568b77bb69bd56fcf3ebda97b.png
be5016c45495973a942c44a5f68dcad2ab86005b59d177325091d44e51a1ed0b,1,data/malware_images/images/Gozi/be5016c45495973a942c44a5f68dcad2ab86005b59d177325091d44e51a1ed0b.png
ab3beb52eefa353ced0055f7027b39262372197864b6d1b5bcc1dc3d14a3a1ce,0,data/benign_original/benign/ab3beb52eefa353ced0055f7027b39262372197864b6d1b5bcc1dc3d14a3a1ce.png
68d58f799525f89f2cc9f2550d8f34a712d0cc2f4e5f4b546c4d49f5d9f14be4,1,data/malware_images/images/Trickbot/68d58f799525f89f2cc9f2550d8f34a712d0cc2f4e5f4b546c4d49f5d9f14be4.png
b47e3bc3f5d64b5f40262602aa9541678fbf92fcf6c596895a607f8f81563313,1,data/malware_images/images/GuLoader/b47e3bc3f5d64b5f40262602aa9541678fbf92fcf6c596895a607f8f81563313.png
ef6d57b6de553a49e1a70aa50ef3502d2980090723b195f752d1628fcc847310,1,data/malware_images/images/njrat/ef6d57b6de553a49e1a70aa50ef3502d2980090723b195f752d1628fcc847310.png
a0de65c408284dfddf6318980b138aa05015686c4371853070500ff84d18cd50,1,data/malware_images/images/njrat/a0de65c408284dfddf6318980b138aa05015686c4371853070500ff84d18cd50.png
bad6097f663eef50b93cfe546a69cc7a3eab752bf17d33faa14ec36a1f5003f3,0,data/benign_original/benign/bad6097f663eef50b93cfe546a69cc7a3eab752bf17d33faa14ec36a1f5003f3.png
c9c62dcd085c26beb217734a58d16a57fad4857d510084f75b673394bc5b8684,0,data/benign_original/benign/c9c62dcd085c26beb217734a58d16a57fad4857d510084f75b673394bc5b8684.png
fc59fd1d854da45e559142b17a8d19f7918537066878f9609e2f76f61bef227f,0,data/benign_original/benign/fc59fd1d854da45e559142b17a8d19f7918537066878f9609e2f76f61bef227f.png
c0efae553b37d1a9723cada1d389b70fd91617311103b95dee7571e672ab9f1b,0,data/benign_original/benign/c0efae553b37d1a9723cada1d389b70fd91617311103b95dee7571e672ab9f1b.png
b4056528c60e0704ed7a002c63b2d1d43dbf96e44428f5057fbe0e04ba2ce393,0,data/benign_original/benign/b4056528c60e0704ed7a002c63b2d1d43dbf96e44428f5057fbe0e04ba2ce393.png
33e02789dd92d4e19e4279a17f156147747f71aaf9918b3ace2bfc68b9d5b9b7,1,data/malware_images/images/Gozi/33e02789dd92d4e19e4279a17f156147747f71aaf9918b3ace2bfc68b9d5b9b7.png
a517b06278eb35fff61c5cded34ecf7cd8f2a1de1d5e1e78f162deafd585c1f8,1,data/malware_images/images/njrat/a517b06278eb35fff61c5cded34ecf7cd8f2a1de1d5e1e78f162deafd585c1f8.png
c5723243eb737b88fb1ce0a6a1cadead326dbb98cc4c7cc9a31fa477de78e445,0,data/benign_original/benign/c5723243eb737b88fb1ce0a6a1cadead326dbb98cc4c7cc9a31fa477de78e445.png
53bd916199723025efd5ec37ae18aab1d1e519ea93e135b38e2b70cc4abf1bf6,0,data/benign_original/benign/53bd916199723025efd5ec37ae18aab1d1e519ea93e135b38e2b70cc4abf1bf6.png
e6ea1cc8baba926fc27f37be5ccc7fb2d71675fe07eec237966c747f9bc23137,0,data/benign_original/benign/e6ea1cc8baba926fc27f37be5ccc7fb2d71675fe07eec237966c747f9bc23137.png
c5036edef12302796a03515e216497ceb804268ecf6b6235f7384e636488d8d9,0,data/benign_original/benign/c5036edef12302796a03515e216497ceb804268ecf6b6235f7384e636488d8d9.png
dd5ae20344f5bf0896d7347cd0f322462d6b983b2c64838b17290b91c7a9b717,1,data/malware_images/images/Heodo/dd5ae20344f5bf0896d7347cd0f322462d6b983b2c64838b17290b91c7a9b717.png
959cf7ad86d1d9a697ff2161ea26f4825ab4d369b4651d3a3ad0e81e8416a2eb,0,data/benign_original/benign/959cf7ad86d1d9a697ff2161ea26f4825ab4d369b4651d3a3ad0e81e8416a2eb.png
c3761331a4e337089ebfb28ab4a09d9cbc444fe28933a74b66c70a0b2a91ecca,0,data/benign_original/benign/c3761331a4e337089ebfb28ab4a09d9cbc444fe28933a74b66c70a0b2a91ecca.png
bb712f6a30b109b6defc87e0e56ebb199f1f888c0252b7aa5b9515dd16ba706d,0,data/benign_original/benign/bb712f6a30b109b6defc87e0e56ebb199f1f888c0252b7aa5b9515dd16ba706d.png
7a21105bc6694979ae04f54571a32241c5c4f2248c1375a509839882de29a33b,1,data/malware_images/images/Gozi/7a21105bc6694979ae04f54571a32241c5c4f2248c1375a509839882de29a33b.png
b5e354b5b86d10b98c484535b7793baa3155a52dbad075fc30c43378fc8a53df,0,data/benign_original/benign/b5e354b5b86d10b98c484535b7793baa3155a52dbad075fc30c43378fc8a53df.png
bef28b95a29a9076512dc370ed0d8f0c40708e5f958e2d96042741eb6861cc04,0,data/benign_original/benign/bef28b95a29a9076512dc370ed0d8f0c40708e5f958e2d96042741eb6861cc04.png
2d7fa46c820d969bb90f24eae3fd58a9a5be4507c2cd85e6b97526f269ca0088,1,data/malware_images/images/Gozi/2d7fa46c820d969bb90f24eae3fd58a9a5be4507c2cd85e6b97526f269ca0088.png
73ac160719ee6b3cabac7afccd8ea90cffc3cf9f4658f5fdedd0d466654e771b,1,data/malware_images/images/GuLoader/73ac160719ee6b3cabac7afccd8ea90cffc3cf9f4658f5fdedd0d466654e771b.png
8ef3f1ced139a30e6a3c81c8d2dc9ae613a738570ff504a68ec027eabca9f849,1,data/malware_images/images/Gozi/8ef3f1ced139a30e6a3c81c8d2dc9ae613a738570ff504a68ec027eabca9f849.png
8f289323978c1f215e2c2c55985b3704241af342613a49e7efcad2d8871c15e2,1,data/malware_images/images/Trickbot/8f289323978c1f215e2c2c55985b3704241af342613a49e7efcad2d8871c15e2.png
2959c295d8505b6e8bdbc2fc82d998ddf32d3613c1a50cc3dfb2f43b2f440717,0,data/benign_original/benign/2959c295d8505b6e8bdbc2fc82d998ddf32d3613c1a50cc3dfb2f43b2f440717.png
de8ffbef3b1c288e7be752081cfba7ff35510a76e2fa6cb4dec8cc1e9b6288e7,1,data/malware_images/images/Trickbot/de8ffbef3b1c288e7be752081cfba7ff35510a76e2fa6cb4dec8cc1e9b6288e7.png
f294c946b02272a213cbf77d976d7014888c0b1fed15771e9618f6d314849f8c,1,data/malware_images/images/njrat/f294c946b02272a213cbf77d976d7014888c0b1fed15771e9618f6d314849f8c.png
95f37f835ee41eda40d5ee7d29847f853e34a7fc3829579ed4c996803b2cb4f6,0,data/benign_original/benign/95f37f835ee41eda40d5ee7d29847f853e34a7fc3829579ed4c996803b2cb4f6.png
fef819621fc6251bccfa6d776e65689731b5c08dd2b42bb4f4f2216fd2d48961,1,data/malware_images/images/Gozi/fef819621fc6251bccfa6d776e65689731b5c08dd2b42bb4f4f2216fd2d48961.png
d67e1fd5d40e841c1aedbbf65d5f72a69da5ac54e48ae92da1f428c9f18d8363,1,data/malware_images/images/IcedID/d67e1fd5d40e841c1aedbbf65d5f72a69da5ac54e48ae92da1f428c9f18d8363.png
561cba058a0981102a6baef9bbb60a130c6db219d8391ac007170e07cb0679ee,1,data/malware_images/images/Trickbot/561cba058a0981102a6baef9bbb60a130c6db219d8391ac007170e07cb0679ee.png
3414e91d280500f96225235202db35420865848046669316728590a13af0aedd,1,data/malware_images/images/Trickbot/3414e91d280500f96225235202db35420865848046669316728590a13af0aedd.png
db2109e9a8f24fadd5a905c868f7eb64804237da1c23ed6597ab834cc11f63e7,0,data/benign_original/benign/db2109e9a8f24fadd5a905c868f7eb64804237da1c23ed6597ab834cc11f63e7.png
bca47935417f9e45619866e701f883e10f1b5ca0651c99c635ea14f7d5cb6500,0,data/benign_original/benign/bca47935417f9e45619866e701f883e10f1b5ca0651c99c635ea14f7d5cb6500.png
255292813ce0ad650af7407017437c96790c5f5d4741f0acdd9a73a5f0fa8112,1,data/malware_images/images/IcedID/255292813ce0ad650af7407017437c96790c5f5d4741f0acdd9a73a5f0fa8112.png
d74d1cd46905e662bf0a0dca8fc88ddd22936573a73e39c8e26dabd294177e9b,0,data/benign_original/benign/d74d1cd46905e662bf0a0dca8fc88ddd22936573a73e39c8e26dabd294177e9b.png
dfa0ca92d71cf0abbc46faa2f4759516f6c73e70d6e2761fed26d43d594d89b2,0,data/benign_original/benign/dfa0ca92d71cf0abbc46faa2f4759516f6c73e70d6e2761fed26d43d594d89b2.png
062fdc12ec68e5086da7b37623262d04791dc6f88815ad965f1b693d6f634777,1,data/malware_images/images/Trickbot/062fdc12ec68e5086da7b37623262d04791dc6f88815ad965f1b693d6f634777.png
b76b1e623f39d583228da696c6ffca35d14bc6050a91e6b217b356c2587ed5d6,0,data/benign_original/benign/b76b1e623f39d583228da696c6ffca35d14bc6050a91e6b217b356c2587ed5d6.png
3391f3da58a8b440b0c58084a280cf9cac28395ecf87c8307d5efb9d66b6164f,1,data/malware_images/images/IcedID/3391f3da58a8b440b0c58084a280cf9cac28395ecf87c8307d5efb9d66b6164f.png
2e84212887931204a2a131bb4d1045808d083c92e7f4db85ef04b05e3e19c5eb,0,data/benign_original/benign/2e84212887931204a2a131bb4d1045808d083c92e7f4db85ef04b05e3e19c5eb.png
7ea1a202effd978ba1f87e351f8d181d503e839d3cc2ef36c08961738a38bdb5,1,data/malware_images/images/IcedID/7ea1a202effd978ba1f87e351f8d181d503e839d3cc2ef36c08961738a38bdb5.png
ebf33a5442f183224db6d6f3bb7422a28a76bc85be1545a4fea2c061238f04f6,0,data/benign_original/benign/ebf33a5442f183224db6d6f3bb7422a28a76bc85be1545a4fea2c061238f04f6.png
6415a2114dbfff77d6ab2f9be89bb8331016f1b19f7fdfeb9d6c9c5763a78dac,1,data/malware_images/images/GuLoader/6415a2114dbfff77d6ab2f9be89bb8331016f1b19f7fdfeb9d6c9c5763a78dac.png
155375bf02e4cf36dbe0db6eec3e39f35958fb13283d09a20b758539f490a780,0,data/benign_original/benign/155375bf02e4cf36dbe0db6eec3e39f35958fb13283d09a20b758539f490a780.png
be81e1d446bee336c7a7cedf43b178a6324445bf30544c867e1f9d5b4d30e66f,0,data/benign_original/benign/be81e1d446bee336c7a7cedf43b178a6324445bf30544c867e1f9d5b4d30e66f.png
b21758fba6bb9ac8b4b683e3337403393280861553a605737d17ec961bc8b96d,1,data/malware_images/images/Trickbot/b21758fba6bb9ac8b4b683e3337403393280861553a605737d17ec961bc8b96d.png
fffc0928b7a6e0ef0293c0ac9a47b87a360cf8b82cfb20b58dbf6de5eeb90928,0,data/benign_original/benign/fffc0928b7a6e0ef0293c0ac9a47b87a360cf8b82cfb20b58dbf6de5eeb90928.png
7297a4cca5635208589bd4e8d7c1b090ac7370f3c0ef6759d7075b150cbb9857,0,data/benign_original/benign/7297a4cca5635208589bd4e8d7c1b090ac7370f3c0ef6759d7075b150cbb9857.png
410d442aa93e4a593e651da540c0debd3f60d150671529a461c1c73a7f82473c,0,data/benign_original/benign/410d442aa93e4a593e651da540c0debd3f60d150671529a461c1c73a7f82473c.png
b3ea819ddfabf3e2060d9f8116e0952654d5bcdb5716f84ad142a6ab979b521a,1,data/malware_images/images/njrat/b3ea819ddfabf3e2060d9f8116e0952654d5bcdb5716f84ad142a6ab979b521a.png
8dfca70c89e2310b9f8af5cff4ace9dc09676db2e19950afb205518c581f9627,1,data/malware_images/images/GuLoader/8dfca70c89e2310b9f8af5cff4ace9dc09676db2e19950afb205518c581f9627.png
6095525df3b44b1a3ed02aace8edfa6adce837e758ea859457f58fcff1d98095,1,data/malware_images/images/IcedID/6095525df3b44b1a3ed02aace8edfa6adce837e758ea859457f58fcff1d98095.png
b06d53317b781d1e944b63f90beb36c33b76aebcca9f604ae0c030b1522af326,0,data/benign_original/benign/b06d53317b781d1e944b63f90beb36c33b76aebcca9f604ae0c030b1522af326.png
7801f1464d611e0e93e0caa993e8b36afd6d82ed72cda293e0586bb6043931e2,1,data/malware_images/images/Gozi/7801f1464d611e0e93e0caa993e8b36afd6d82ed72cda293e0586bb6043931e2.png
e206fd1fbaaa4fcd0cd657faafc984dc4d22c56bce4bb286148d08b79f9968e9,1,data/malware_images/images/Trickbot/e206fd1fbaaa4fcd0cd657faafc984dc4d22c56bce4bb286148d08b79f9968e9.png
e56309703662af770ce5eee64e29875b2d97f47db96f5c6ef88ad56923075c0d,0,data/benign_original/benign/e56309703662af770ce5eee64e29875b2d97f47db96f5c6ef88ad56923075c0d.png
f21183d498197f0576f8d00f001ccd13cc14631d37acd2e54933fedbc36e47a4,1,data/malware_images/images/njrat/f21183d498197f0576f8d00f001ccd13cc14631d37acd2e54933fedbc36e47a4.png
b3b69e42ac5da2d3576a2e740f09469af31c20e6ac6b5273ef429d4a9c84c073,1,data/malware_images/images/GuLoader/b3b69e42ac5da2d3576a2e740f09469af31c20e6ac6b5273ef429d4a9c84c073.png
cceeb68ce4ff863df3b1abfe5bbd3a3f78e9f800630a987cdf1fe2677715dae0,0,data/benign_original/benign/cceeb68ce4ff863df3b1abfe5bbd3a3f78e9f800630a987cdf1fe2677715dae0.png
00c55cfd71a1091b6496bef8ba7186df1f27a0478a41676f7b1921f3c0da32c7,1,data/malware_images/images/Trickbot/00c55cfd71a1091b6496bef8ba7186df1f27a0478a41676f7b1921f3c0da32c7.png
c8bd7bbcacade55c08a9fe5f4b9aa2533c6ba69fb540918b9d090a77b402e0e7,0,data/benign_original/benign/c8bd7bbcacade55c08a9fe5f4b9aa2533c6ba69fb540918b9d090a77b402e0e7.png
cbf56e406cd2e0259e52c3cd748552b7c42ce9cf000e3857e577913493f02afe,1,data/malware_images/images/Gozi/cbf56e406cd2e0259e52c3cd748552b7c42ce9cf000e3857e577913493f02afe.png
d10d0711fce793b40d5ef8c8d46eed89674c0e4ece2196facb12d35e5b6a984a,0,data/benign_original/benign/d10d0711fce793b40d5ef8c8d46eed89674c0e4ece2196facb12d35e5b6a984a.png
bf7ca47b29552fc1a230b6401d07e18d620483e22f58987848a272d3a86179b1,0,data/benign_original/benign/bf7ca47b29552fc1a230b6401d07e18d620483e22f58987848a272d3a86179b1.png
b9a7a9d9026e039a53301e8f9667488d82a0defbbf63af92e98d266a120abeec,0,data/benign_original/benign/b9a7a9d9026e039a53301e8f9667488d82a0defbbf63af92e98d266a120abeec.png
f6445229c496e05b84092b4ae5ad765233471acdcd12460b492d499001d623bf,0,data/benign_original/benign/f6445229c496e05b84092b4ae5ad765233471acdcd12460b492d499001d623bf.png
3c12d9b3dbb2f0645352cd0ef6f7869df760ffd80ee5a7ca2289823438d61e65,1,data/malware_images/images/Trickbot/3c12d9b3dbb2f0645352cd0ef6f7869df760ffd80ee5a7ca2289823438d61e65.png
49bbc64881d66ec428ce3b2f670a2df89525391b1e608658c1d1b1758876d108,1,data/malware_images/images/njrat/49bbc64881d66ec428ce3b2f670a2df89525391b1e608658c1d1b1758876d108.png
35e92305f0cd2fd674856fb212f17874ba84827bb0e70f0a044eebd1722b37fe,1,data/malware_images/images/Trickbot/35e92305f0cd2fd674856fb212f17874ba84827bb0e70f0a044eebd1722b37fe.png
967840dc51b335c1d106b347d2320a63d30d3ef2836eceff1be77bc36c7ef371,1,data/malware_images/images/GuLoader/967840dc51b335c1d106b347d2320a63d30d3ef2836eceff1be77bc36c7ef371.png
b11379e187a9a1131105dfa4589d30a1d8ceec2b2a193ffb5d86d9bd3f771a6c,0,data/benign_original/benign/b11379e187a9a1131105dfa4589d30a1d8ceec2b2a193ffb5d86d9bd3f771a6c.png
36a913e36792320d3bd3aaf93b31d23d81c7e7ee86625bbcebd34f6c66831ee0,1,data/malware_images/images/IcedID/36a913e36792320d3bd3aaf93b31d23d81c7e7ee86625bbcebd34f6c66831ee0.png
c28082a812066a210fde53c53cd1e9c18adb3f2ec3d6e818e7acb1c3439d4d16,0,data/benign_original/benign/c28082a812066a210fde53c53cd1e9c18adb3f2ec3d6e818e7acb1c3439d4d16.png
c1864577c97f1cf36cc54c362d89f2e0e36276ab86dfa0c78040dbdf2333984f,1,data/malware_images/images/GuLoader/c1864577c97f1cf36cc54c362d89f2e0e36276ab86dfa0c78040dbdf2333984f.png
6a0981711057e50da134c3479f3050c8db7474b901e675386f2c5e410f049713,1,data/malware_images/images/Heodo/6a0981711057e50da134c3479f3050c8db7474b901e675386f2c5e410f049713.png
348c1970f3ce0b20eda196db27b3596864d8e99bedf575855aa35f5b5f5fc084,1,data/malware_images/images/Trickbot/348c1970f3ce0b20eda196db27b3596864d8e99bedf575855aa35f5b5f5fc084.png
1dd04b1aea9ce6cfbfc02b62522f7f3c65b4e0cddf89d17ab36387f4de62ef24,1,data/malware_images/images/Gozi/1dd04b1aea9ce6cfbfc02b62522f7f3c65b4e0cddf89d17ab36387f4de62ef24.png
535d9ea8428481430462dacdbbe737d35a97ac4ee6ac42f077cf4ab596d4bc84,1,data/malware_images/images/njrat/535d9ea8428481430462dacdbbe737d35a97ac4ee6ac42f077cf4ab596d4bc84.png
f75ac3fa5d67ce788f1af41c63ef93d6081b4a97bd0eb4ae41dd97ade27c0b19,0,data/benign_original/benign/f75ac3fa5d67ce788f1af41c63ef93d6081b4a97bd0eb4ae41dd97ade27c0b19.png
d05f66a2aa4a82d7932494ebf54db41ea16666fed3e83a1a36a6766b8441bb49,0,data/benign_original/benign/d05f66a2aa4a82d7932494ebf54db41ea16666fed3e83a1a36a6766b8441bb49.png
b64c3d40a8b368e6b039d3ffed329de8aacc9e53e7a60718a439ba489d657447,0,data/benign_original/benign/b64c3d40a8b368e6b039d3ffed329de8aacc9e53e7a60718a439ba489d657447.png
87278982b5e23b0b9fd592ffbd787d8eadad7cca709ade2a118b591582be1f05,1,data/malware_images/images/Trickbot/87278982b5e23b0b9fd592ffbd787d8eadad7cca709ade2a118b591582be1f05.png
57de3c69ad5bfb07a180592819f2a3948cf3b98c3f2d8888d767be2e4ce695f8,1,data/malware_images/images/Trickbot/57de3c69ad5bfb07a180592819f2a3948cf3b98c3f2d8888d767be2e4ce695f8.png
ce98728b911a57b0e60c1c5dea0017dbea311693b00a1e98d2abf5b442708bd0,0,data/benign_original/benign/ce98728b911a57b0e60c1c5dea0017dbea311693b00a1e98d2abf5b442708bd0.png
4d67fef43262399ba7aac774ca485661b821a6b86fb9d23f8cae0a1a70aac5f3,1,data/malware_images/images/IcedID/4d67fef43262399ba7aac774ca485661b821a6b86fb9d23f8cae0a1a70aac5f3.png
c81a21127232561a3f751fd19bd5d95069043106ab56567e0ce0136c3398af91,0,data/benign_original/benign/c81a21127232561a3f751fd19bd5d95069043106ab56567e0ce0136c3398af91.png
b74aefd6fa638be3f415165c8109121a2093597421101abc312ee7ffa1130278,0,data/benign_original/benign/b74aefd6fa638be3f415165c8109121a2093597421101abc312ee7ffa1130278.png
6f4fd6b4e98cc1e14ea563c8274d4f281ca6f7b5c77b74ffe4225ec14ec78e52,1,data/malware_images/images/njrat/6f4fd6b4e98cc1e14ea563c8274d4f281ca6f7b5c77b74ffe4225ec14ec78e52.png
cfcea25afae18938f34ebc0067ef0cb06706161638dadc8ee3465b2dcbd900d1,1,data/malware_images/images/Trickbot/cfcea25afae18938f34ebc0067ef0cb06706161638dadc8ee3465b2dcbd900d1.png
843a9782dab6e69053e6f7bef20491fb3b6756919aa0001522d532a4368831fe,1,data/malware_images/images/Trickbot/843a9782dab6e69053e6f7bef20491fb3b6756919aa0001522d532a4368831fe.png
74c72500841035f639975bc6aa321c4a40e6d2080834d94f522353efe52d79d1,0,data/benign_original/benign/74c72500841035f639975bc6aa321c4a40e6d2080834d94f522353efe52d79d1.png
aa447e6fecd045ba606eaa78b0f1d79b12428919c0c7a5be510c2522b1d68fc1,1,data/malware_images/images/Trickbot/aa447e6fecd045ba606eaa78b0f1d79b12428919c0c7a5be510c2522b1d68fc1.png
c685b0a5c17cf8eb8c0b460103fa6881a0233b28f3af40e7ed3c4c88ac6bdc56,0,data/benign_original/benign/c685b0a5c17cf8eb8c0b460103fa6881a0233b28f3af40e7ed3c4c88ac6bdc56.png
f550b747dac4e07508f9a213a18f00146bed1a029bbb3c76883495e075b99f0d,1,data/malware_images/images/Trickbot/f550b747dac4e07508f9a213a18f00146bed1a029bbb3c76883495e075b99f0d.png
cedbc98845d1956a212b4ef66e7a9516b599ef3a81ff2ca8c3ce15fe7e7f87fd,1,data/malware_images/images/Trickbot/cedbc98845d1956a212b4ef66e7a9516b599ef3a81ff2ca8c3ce15fe7e7f87fd.png
2bb3ec5f6e8830a1b8e87a95bcb53406688386e7dd33149bb8117318f28faba9,1,data/malware_images/images/GuLoader/2bb3ec5f6e8830a1b8e87a95bcb53406688386e7dd33149bb8117318f28faba9.png
ba7fc2011aae587df6179f7657cc4cf337da0cfe235f209b98c1e95bd17abb07,0,data/benign_original/benign/ba7fc2011aae587df6179f7657cc4cf337da0cfe235f209b98c1e95bd17abb07.png
d645d14eb3ac4a363192fdc3d075572a394e95d27f284d0bf2bcdf6132439a12,0,data/benign_original/benign/d645d14eb3ac4a363192fdc3d075572a394e95d27f284d0bf2bcdf6132439a12.png
ca1a13c37e307553c4f28d916226f4279b6df455bbc105ba339e4599cb9a6496,0,data/benign_original/benign/ca1a13c37e307553c4f28d916226f4279b6df455bbc105ba339e4599cb9a6496.png
eb54947ccdd09262c18dddca7007ab763fbcfdca67733c78623a534c07d5e5b7,0,data/benign_original/benign/eb54947ccdd09262c18dddca7007ab763fbcfdca67733c78623a534c07d5e5b7.png
e318936f317cc62404b2837f5c90c14e9b61000c40673129d329f11093a2f5df,0,data/benign_original/benign/e318936f317cc62404b2837f5c90c14e9b61000c40673129d329f11093a2f5df.png
47dedf548396b7f9636600a77f945823599a183f371883bde9ddef8c308388df,1,data/malware_images/images/Trickbot/47dedf548396b7f9636600a77f945823599a183f371883bde9ddef8c308388df.png
df62546407cb894504be563f7856fd118f69430b812b75aa1532ad87836d29f8,1,data/malware_images/images/Gozi/df62546407cb894504be563f7856fd118f69430b812b75aa1532ad87836d29f8.png
bc53fb2273a7904c9e958672157c59574ca9f3b3fa274d5e44b9f65680153a1f,0,data/benign_original/benign/bc53fb2273a7904c9e958672157c59574ca9f3b3fa274d5e44b9f65680153a1f.png
badc75c5b1f860a0e97b03dbe20bf56f2d0d5c05a8b78410aa629e7c75c2b683,1,data/malware_images/images/Gozi/badc75c5b1f860a0e97b03dbe20bf56f2d0d5c05a8b78410aa629e7c75c2b683.png
493d258253c3d4b39ae41b07ae583164926731a9d1b17c434cca2b8fa9c80629,1,data/malware_images/images/Gozi/493d258253c3d4b39ae41b07ae583164926731a9d1b17c434cca2b8fa9c80629.png
54a1ff16fd63ead406eec7b18303d4998ff43c078dc8c4257d6ba593a3e3b24d,1,data/malware_images/images/IcedID/54a1ff16fd63ead406eec7b18303d4998ff43c078dc8c4257d6ba593a3e3b24d.png
56edc2e0d3d9cb181fc4d861cdbca6a960f576ce10d93f1a7ad18d80624185d5,1,data/malware_images/images/IcedID/56edc2e0d3d9cb181fc4d861cdbca6a960f576ce10d93f1a7ad18d80624185d5.png
4c4fbc736c0da1094090b79b3fd2163abd345505c017ab8ceebdac6676ccffe1,1,data/malware_images/images/Trickbot/4c4fbc736c0da1094090b79b3fd2163abd345505c017ab8ceebdac6676ccffe1.png
6c74b59e4d9563472c05c4180a7e22160099b3742a5780465f28dc9dcd549585,1,data/malware_images/images/Trickbot/6c74b59e4d9563472c05c4180a7e22160099b3742a5780465f28dc9dcd549585.png
b5914be11b8fdd7e046c99d9672bc0a44a7b2528d0b14b22124882c58da5b014,1,data/malware_images/images/Gozi/b5914be11b8fdd7e046c99d9672bc0a44a7b2528d0b14b22124882c58da5b014.png
e98965e87809df493ca1ba910318bb1cc219b5d357362b6f956417f052bdddd1,1,data/malware_images/images/Trickbot/e98965e87809df493ca1ba910318bb1cc219b5d357362b6f956417f052bdddd1.png
c2a1650d7edb5e4e7f31523bafb400d33d2be570446cdda07a509ff9f3c404f2,0,data/benign_original/benign/c2a1650d7edb5e4e7f31523bafb400d33d2be570446cdda07a509ff9f3c404f2.png
ce5b4ba911cad851e5b6d4ae819ea0b650b143031efbdd004b9ad1ec349519cc,0,data/benign_original/benign/ce5b4ba911cad851e5b6d4ae819ea0b650b143031efbdd004b9ad1ec349519cc.png
e0c7a56bde14256b5a63d415fce44e2ba5400237d335c1fb48df4242289cbbf6,0,data/benign_original/benign/e0c7a56bde14256b5a63d415fce44e2ba5400237d335c1fb48df4242289cbbf6.png
eabef038b5bda9901f1fdf9794cc6561d25f86eb4b29cb3cdb6e5bf52959b38a,0,data/benign_original/benign/eabef038b5bda9901f1fdf9794cc6561d25f86eb4b29cb3cdb6e5bf52959b38a.png
e49962be117e8866759fcba29822fd7ea4b2e7a4d1a54022d56773c0a9e2bf47,0,data/benign_original/benign/e49962be117e8866759fcba29822fd7ea4b2e7a4d1a54022d56773c0a9e2bf47.png
cd2cbc4db386eee0149e6fc2bf81fdcee5bdf3435d4a77a18807b03f58858400,0,data/benign_original/benign/cd2cbc4db386eee0149e6fc2bf81fdcee5bdf3435d4a77a18807b03f58858400.png
9cbcc877561315b2600c73519808e024046f617a11f89a1b0bba197f7ce77d5c,1,data/malware_images/images/Trickbot/9cbcc877561315b2600c73519808e024046f617a11f89a1b0bba197f7ce77d5c.png
9da33cb9bf5c445c967409676d9df96c2fddbf1a20697a6dbc42824133aef7ac,1,data/malware_images/images/Gozi/9da33cb9bf5c445c967409676d9df96c2fddbf1a20697a6dbc42824133aef7ac.png
8238a9ce04c41fd94c11a0109948009d22ceaf801b726c9eb8aa83a1c56a079d,1,data/malware_images/images/Trickbot/8238a9ce04c41fd94c11a0109948009d22ceaf801b726c9eb8aa83a1c56a079d.png
d2d82392a1d46bc25ff4c5773a2c8ecfd2e7f0e2044f4ddbd09825822a4b6452,1,data/malware_images/images/Gozi/d2d82392a1d46bc25ff4c5773a2c8ecfd2e7f0e2044f4ddbd09825822a4b6452.png
25a7d75162a26a67fbd881ead6e879ff7e1ac8663f31388566a01fdb395ecd78,1,data/malware_images/images/njrat/25a7d75162a26a67fbd881ead6e879ff7e1ac8663f31388566a01fdb395ecd78.png
5dd5a4849252ca774d60e8c68560dedfc7941c1c996e22513afaec9c662061a4,1,data/malware_images/images/Gozi/5dd5a4849252ca774d60e8c68560dedfc7941c1c996e22513afaec9c662061a4.png
c143b5cf5dea20b131fbc12c19a83adf8bd040e0178d0fede4835c86b5d1813a,0,data/benign_original/benign/c143b5cf5dea20b131fbc12c19a83adf8bd040e0178d0fede4835c86b5d1813a.png
63f200c53903e203ca372fe6ed850a2342db69b9682a0524376b3fb0407f2ae3,1,data/malware_images/images/Trickbot/63f200c53903e203ca372fe6ed850a2342db69b9682a0524376b3fb0407f2ae3.png
f974fc781325113d7c24d37a7d778cd0d841ff9702f5d37612b4666a6607de13,1,data/malware_images/images/IcedID/f974fc781325113d7c24d37a7d778cd0d841ff9702f5d37612b4666a6607de13.png
e24570abd130832732d0dd3ec4efb6e3e1835064513c8b8a2b1ae0d530b04534,0,data/benign_original/benign/e24570abd130832732d0dd3ec4efb6e3e1835064513c8b8a2b1ae0d530b04534.png
3c58b96548d55c1c1032db808822a5de745acb13343a31df8861693280702ae1,1,data/malware_images/images/Gozi/3c58b96548d55c1c1032db808822a5de745acb13343a31df8861693280702ae1.png
d93ce42cd625510b2355de086bcd19e2c11307ccade7bad62b09c7f340a866ba,0,data/benign_original/benign/d93ce42cd625510b2355de086bcd19e2c11307ccade7bad62b09c7f340a866ba.png
551931571dffc7b77b491efc9e200ba209aa52be9e35477220d8412cbe6307e4,1,data/malware_images/images/Trickbot/551931571dffc7b77b491efc9e200ba209aa52be9e35477220d8412cbe6307e4.png
d819e3cadcafcc79b4e3e2204d99e11022dcbb6280c6302000770bff4ee1d7a6,0,data/benign_original/benign/d819e3cadcafcc79b4e3e2204d99e11022dcbb6280c6302000770bff4ee1d7a6.png
a6bf8916923ba77def75b1783c8745b64d9ec078482d4779306a4d05f0be2213,0,data/benign_original/benign/a6bf8916923ba77def75b1783c8745b64d9ec078482d4779306a4d05f0be2213.png
81c6fb4c2ce61eb6ca4d86f70f2c905a00c814b9fd37fd1ca0ab94a169165a34,0,data/benign_original/benign/81c6fb4c2ce61eb6ca4d86f70f2c905a00c814b9fd37fd1ca0ab94a169165a34.png
d55e17a40e5ff7bccef98253e18eb518362090508ad6c1c480c3fd75a8e96cfb,1,data/malware_images/images/Trickbot/d55e17a40e5ff7bccef98253e18eb518362090508ad6c1c480c3fd75a8e96cfb.png
713b89495dd2aa23094b1fd7b5c37b7e5b5dae23754487cbeadf0d812bb3153b,1,data/malware_images/images/Gozi/713b89495dd2aa23094b1fd7b5c37b7e5b5dae23754487cbeadf0d812bb3153b.png
ccefaff00ce5d029e3ac220ce7a0ae2aa4a852c4e7c342910069474469ed78ed,1,data/malware_images/images/njrat/ccefaff00ce5d029e3ac220ce7a0ae2aa4a852c4e7c342910069474469ed78ed.png
e089676c1e36b12d3b85a5d3ea928097726c63724bb3eb8edc18354435c68490,0,data/benign_original/benign/e089676c1e36b12d3b85a5d3ea928097726c63724bb3eb8edc18354435c68490.png
e3bb363542c6d38bc7cf43863d0247e9e9c96c5176f4c0cf4bbd3bbe2afbd31e,1,data/malware_images/images/GuLoader/e3bb363542c6d38bc7cf43863d0247e9e9c96c5176f4c0cf4bbd3bbe2afbd31e.png
d72e4969cab2b85970a8f7fe2c2b5348d7e300e493f4a838716dfe2d0e7c0c56,0,data/benign_original/benign/d72e4969cab2b85970a8f7fe2c2b5348d7e300e493f4a838716dfe2d0e7c0c56.png
b73fd3990df00d4c2b9bbf9d2283f9ff2b94a22c24b6c84f6a3b741e52a231c6,0,data/benign_original/benign/b73fd3990df00d4c2b9bbf9d2283f9ff2b94a22c24b6c84f6a3b741e52a231c6.png
bc4c53d3a61b6288862fe48b6557d9d71e23aa33aa019e42a4eeefd48ce38d19,0,data/benign_original/benign/bc4c53d3a61b6288862fe48b6557d9d71e23aa33aa019e42a4eeefd48ce38d19.png
e73fe02f7499e149d6cf1a68e1cfd8a6907ae7bd95e5ddb9209bd2b2bdb3412d,0,data/benign_original/benign/e73fe02f7499e149d6cf1a68e1cfd8a6907ae7bd95e5ddb9209bd2b2bdb3412d.png
f74b31352ddf7207deab1e2c2ff29c607c2cde022d458f2f2c5616445b85e8a1,0,data/benign_original/benign/f74b31352ddf7207deab1e2c2ff29c607c2cde022d458f2f2c5616445b85e8a1.png
61fe8a67e7f0bfc32b8493b1e7edaf71749e117f0cd247c6910231b7249e5105,1,data/malware_images/images/GuLoader/61fe8a67e7f0bfc32b8493b1e7edaf71749e117f0cd247c6910231b7249e5105.png
67a402b5426a99f38e38a45bb44edebcf44032ff39ca38178b7d42b6934fefa4,1,data/malware_images/images/Trickbot/67a402b5426a99f38e38a45bb44edebcf44032ff39ca38178b7d42b6934fefa4.png
b57f7d4825681cf00ce6e23f1a2232829d7b4a9e6683431f5e9c29a2b628b120,1,data/malware_images/images/Heodo/b57f7d4825681cf00ce6e23f1a2232829d7b4a9e6683431f5e9c29a2b628b120.png
be17558862e901bd1c2961ad4df84ce6701890b67e17504e5ff6e7ccf7cf0021,0,data/benign_original/benign/be17558862e901bd1c2961ad4df84ce6701890b67e17504e5ff6e7ccf7cf0021.png
e3b0a7910baae94d465df513c5169ab6ee083d958a892bff6ee54de0897e49f5,1,data/malware_images/images/IcedID/e3b0a7910baae94d465df513c5169ab6ee083d958a892bff6ee54de0897e49f5.png
4afcc48137cc78da447fbaef8588754b4edc89a1456c0f72850e5c99d000cb6d,0,data/benign_original/benign/4afcc48137cc78da447fbaef8588754b4edc89a1456c0f72850e5c99d000cb6d.png
c6ef550403b7d729c9df4c5d95774cfaf6bdb63912841cdc0c1765c86630fcef,0,data/benign_original/benign/c6ef550403b7d729c9df4c5d95774cfaf6bdb63912841cdc0c1765c86630fcef.png
d211906acb73763b59025aefe321109bade1d8f9d315627eea1c2a32df19c3a7,1,data/malware_images/images/IcedID/d211906acb73763b59025aefe321109bade1d8f9d315627eea1c2a32df19c3a7.png
af2a99c46c5f4d2e4fc3142b6e36d9b7fffc7a877295a72b8ffe8e7a90f02ef3,0,data/benign_original/benign/af2a99c46c5f4d2e4fc3142b6e36d9b7fffc7a877295a72b8ffe8e7a90f02ef3.png
d0f329dc36f3c64811f395a2dbbb859e46c135189e6d71cdcabd5cd6ae46e3c2,0,data/benign_original/benign/d0f329dc36f3c64811f395a2dbbb859e46c135189e6d71cdcabd5cd6ae46e3c2.png
b1a6139b93cadee3d72460202ebef87a569b38855e19d97de4030cc85f3a2f5a,1,data/malware_images/images/Heodo/b1a6139b93cadee3d72460202ebef87a569b38855e19d97de4030cc85f3a2f5a.png
e4a02ce960dee5c2be94a35e99641ed8a03dcc62c466eca6f637cdc1a4896c51,0,data/benign_original/benign/e4a02ce960dee5c2be94a35e99641ed8a03dcc62c466eca6f637cdc1a4896c51.png
43dc5609f777298976914cf417b149f909faf6084a36e83b71cf94dd73e9cb1e,1,data/malware_images/images/IcedID/43dc5609f777298976914cf417b149f909faf6084a36e83b71cf94dd73e9cb1e.png
0c847146dbf01afa3c91ee1edc0d0115f88c187f741189fb45c54c7df6432ead,1,data/malware_images/images/IcedID/0c847146dbf01afa3c91ee1edc0d0115f88c187f741189fb45c54c7df6432ead.png
dff6b20ab486a312470859cbc6f97f735931fcd457a4cd474d3c1fd06f6be640,0,data/benign_original/benign/dff6b20ab486a312470859cbc6f97f735931fcd457a4cd474d3c1fd06f6be640.png
b2923eaacc45e888f5083d1208931e0da92b6fcd32d36eceeb934efad2a110ed,0,data/benign_original/benign/b2923eaacc45e888f5083d1208931e0da92b6fcd32d36eceeb934efad2a110ed.png
5ac3c60303143b7484d2f4217b3d7eb92d83d13b8c1f8055ba5b08b3cd2993f3,1,data/malware_images/images/njrat/5ac3c60303143b7484d2f4217b3d7eb92d83d13b8c1f8055ba5b08b3cd2993f3.png
dbab1cb85b403ce92f870fa0fcbce592ad9736231b7d60f80b93d6323746c014,0,data/benign_original/benign/dbab1cb85b403ce92f870fa0fcbce592ad9736231b7d60f80b93d6323746c014.png
fd8db0dee177a9709b0a8ee664292a81857404653f28e5ad37662d8d0342f06a,0,data/benign_original/benign/fd8db0dee177a9709b0a8ee664292a81857404653f28e5ad37662d8d0342f06a.png
0e2821a2518ddfba5c461b6ebcd30d0226c92cfbf9bc31d1b848502dc0fb89df,1,data/malware_images/images/njrat/0e2821a2518ddfba5c461b6ebcd30d0226c92cfbf9bc31d1b848502dc0fb89df.png
ba646582d9d52747e55ee56ce30c300de3a040fd1909b1c8f68026ffd3f6ed2f,1,data/malware_images/images/GuLoader/ba646582d9d52747e55ee56ce30c300de3a040fd1909b1c8f68026ffd3f6ed2f.png
f3ac3a69de4b71803529afacfbbac52c6e9676511d8d9d028c36f9d4a9ec4fb3,0,data/benign_original/benign/f3ac3a69de4b71803529afacfbbac52c6e9676511d8d9d028c36f9d4a9ec4fb3.png
3fe5fdbdc141727dc6b70a7c8e2c7700a0eef1ee6236d7a5cb62b15c75ab9f26,1,data/malware_images/images/Gozi/3fe5fdbdc141727dc6b70a7c8e2c7700a0eef1ee6236d7a5cb62b15c75ab9f26.png
2dd4bb30bb633e72c6b7d936fc13415abd9dc476036333ead47986b756b0f6fe,1,data/malware_images/images/Gozi/2dd4bb30bb633e72c6b7d936fc13415abd9dc476036333ead47986b756b0f6fe.png
c398216af191638355a8a272ce650b7f20e5a91e0aa08cc904123d5234b7fac8,0,data/benign_original/benign/c398216af191638355a8a272ce650b7f20e5a91e0aa08cc904123d5234b7fac8.png
fff78e29d1cf4fd3034386677cd4a5d0f1a2d151a8397890d812a371fbf55be1,0,data/benign_original/benign/fff78e29d1cf4fd3034386677cd4a5d0f1a2d151a8397890d812a371fbf55be1.png
aaa7722c1b4afd7f83a08f0a98c61167e36fbed839ac671e08e17c289443fca2,1,data/malware_images/images/Trickbot/aaa7722c1b4afd7f83a08f0a98c61167e36fbed839ac671e08e17c289443fca2.png
14bd3078ad7f3aab8feb6fa157de11cd33e63d92216c010ddeb90e780660cfe1,0,data/benign_original/benign/14bd3078ad7f3aab8feb6fa157de11cd33e63d92216c010ddeb90e780660cfe1.png
aee6295dab6fd012e5bd1ee352317e56bef5789e2e83e7d5cc743161cedd957b,1,data/malware_images/images/IcedID/aee6295dab6fd012e5bd1ee352317e56bef5789e2e83e7d5cc743161cedd957b.png
d75dc7c8ecdba971e494ff5dba5cd0cb570422d54409934e8fee69fcce8a3f80,0,data/benign_original/benign/d75dc7c8ecdba971e494ff5dba5cd0cb570422d54409934e8fee69fcce8a3f80.png
940736da5796fb0abadc1980873b3b9fd74352d70d0bfcfc1c40bae871d7ffe0,1,data/malware_images/images/Gozi/940736da5796fb0abadc1980873b3b9fd74352d70d0bfcfc1c40bae871d7ffe0.png
d362030b8caba2b0f551443213d4ccfc356f8e53a8f6a7a43a360ec077fe76af,0,data/benign_original/benign/d362030b8caba2b0f551443213d4ccfc356f8e53a8f6a7a43a360ec077fe76af.png
d49a14c31e950371f37177e61bcdf98a393f4b081f4ddbc0bb7f93da2adba453,1,data/malware_images/images/Gozi/d49a14c31e950371f37177e61bcdf98a393f4b081f4ddbc0bb7f93da2adba453.png
c43cc2ffc9543054c2b6515a8378db1e085c2db4e9a932deb06e2af1febaf4d8,0,data/benign_original/benign/c43cc2ffc9543054c2b6515a8378db1e085c2db4e9a932deb06e2af1febaf4d8.png
b82cbc33210f85b74aea1192c14250a14fb4db2a93beabe1228ec753147e6b48,0,data/benign_original/benign/b82cbc33210f85b74aea1192c14250a14fb4db2a93beabe1228ec753147e6b48.png
c8bdfc9eea22464897b3dae7829464348f27a1ff1989cf33d1de95bc0a99527f,1,data/malware_images/images/GuLoader/c8bdfc9eea22464897b3dae7829464348f27a1ff1989cf33d1de95bc0a99527f.png
f7378e4c7b8cc3262e96364a2355711ed7d63486905cc31d9ed7165e043581bb,0,data/benign_original/benign/f7378e4c7b8cc3262e96364a2355711ed7d63486905cc31d9ed7165e043581bb.png
d662fdd778212973ade12dcc330b12a003b87f4c2fa04b5845b6cc90a3c4d5dd,0,data/benign_original/benign/d662fdd778212973ade12dcc330b12a003b87f4c2fa04b5845b6cc90a3c4d5dd.png
059be8c47dd6f9b3a564b230f1b6d377bd964dd967145f19a6ca92aa3fec48e9,1,data/malware_images/images/njrat/059be8c47dd6f9b3a564b230f1b6d377bd964dd967145f19a6ca92aa3fec48e9.png
b86e15ac4809088d1edb2b77bc0c892b83f19b058fff28100ef16f0a84e3c662,0,data/benign_original/benign/b86e15ac4809088d1edb2b77bc0c892b83f19b058fff28100ef16f0a84e3c662.png
2c8baba0134cce117ab6958582bbce1691c9b9ca9cffd4478ccbaf6c97d8c9fe,1,data/malware_images/images/IcedID/2c8baba0134cce117ab6958582bbce1691c9b9ca9cffd4478ccbaf6c97d8c9fe.png
c922d66e00527d66c8ecbbf8447fa2b819604a7127f8232c1ce1f18feca0168f,0,data/benign_original/benign/c922d66e00527d66c8ecbbf8447fa2b819604a7127f8232c1ce1f18feca0168f.png
8abd6b01f43d12b81d2a255d72788d2f82f5d95ed94a47202287e1be9208b1ee,1,data/malware_images/images/Heodo/8abd6b01f43d12b81d2a255d72788d2f82f5d95ed94a47202287e1be9208b1ee.png
4ac323b80b041df4c6501bf204b2dbf4c2f89375be248ee27408e63eb69084b9,1,data/malware_images/images/njrat/4ac323b80b041df4c6501bf204b2dbf4c2f89375be248ee27408e63eb69084b9.png
b1444304894c86ffc73c530977df36b56598f48db7c3de13fed25d40d5ce0b7f,0,data/benign_original/benign/b1444304894c86ffc73c530977df36b56598f48db7c3de13fed25d40d5ce0b7f.png
84ebd2377bc502bd4ac9c624ec8b51cd9265ea1c240ad2c02540247189fbeffb,1,data/malware_images/images/njrat/84ebd2377bc502bd4ac9c624ec8b51cd9265ea1c240ad2c02540247189fbeffb.png
b7d07a749b448746a7557d756277ca500c11f9c60411c61b63d144cbadfa06ca,0,data/benign_original/benign/b7d07a749b448746a7557d756277ca500c11f9c60411c61b63d144cbadfa06ca.png
5e4cb5b794577345c50a2012ee0ece2301012527d17646d984a253781bcd39c9,1,data/malware_images/images/njrat/5e4cb5b794577345c50a2012ee0ece2301012527d17646d984a253781bcd39c9.png
c6baaf9ccd57f633810cabd108051e7c7187511a4ce3a646d83c4c12df7e50b6,0,data/benign_original/benign/c6baaf9ccd57f633810cabd108051e7c7187511a4ce3a646d83c4c12df7e50b6.png
0945da9d00b2629379df481a2be0d9d420c05a727ec2dcbc16255acfd76a8cb3,0,data/benign_original/benign/0945da9d00b2629379df481a2be0d9d420c05a727ec2dcbc16255acfd76a8cb3.png
078a3a33dbb1ee4e251a02e65778c19c9438cfdf90eab4b64b3ded2f589fa090,1,data/malware_images/images/Trickbot/078a3a33dbb1ee4e251a02e65778c19c9438cfdf90eab4b64b3ded2f589fa090.png
ef5bf8d5cbd053589be5b74cc95bf72242ee549f5af99a7d5473e0a9318e102a,1,data/malware_images/images/Trickbot/ef5bf8d5cbd053589be5b74cc95bf72242ee549f5af99a7d5473e0a9318e102a.png
f93fa626adea22d7d218e60462bd543bf3c0b78ca94c27d14565436a4e0e1878,0,data/benign_original/benign/f93fa626adea22d7d218e60462bd543bf3c0b78ca94c27d14565436a4e0e1878.png
1da84774b61d1a8b5f1f887d452245bddc388a7a0c98d0a9aa0559933079b1ff,1,data/malware_images/images/njrat/1da84774b61d1a8b5f1f887d452245bddc388a7a0c98d0a9aa0559933079b1ff.png
d7a4714f092248f6b2c031c0da4d7d85e5d12450b590619cc16cdd22f75cd04d,0,data/benign_original/benign/d7a4714f092248f6b2c031c0da4d7d85e5d12450b590619cc16cdd22f75cd04d.png
c94302bdbff3aed0eb17c92bd5ecd64a543b611d39bcdb4ae52f30d3a930e654,0,data/benign_original/benign/c94302bdbff3aed0eb17c92bd5ecd64a543b611d39bcdb4ae52f30d3a930e654.png
46db02efab25befd72d28d97d7bcdec31ae4fd03e5291531b922358e34a2190b,1,data/malware_images/images/Heodo/46db02efab25befd72d28d97d7bcdec31ae4fd03e5291531b922358e34a2190b.png
6adaf93fda108331512c279e967f55379586948ebbc3dab4746e3d13d4736d97,0,data/benign_original/benign/6adaf93fda108331512c279e967f55379586948ebbc3dab4746e3d13d4736d97.png
f274adcb7680d969dea006f4e12d87a9103fc53eed0184265ee7d50868d907cf,1,data/malware_images/images/njrat/f274adcb7680d969dea006f4e12d87a9103fc53eed0184265ee7d50868d907cf.png
698435e03511a280b49f016d506f4e8f3ade4d777f294925ddbcb333d6d4853a,1,data/malware_images/images/GuLoader/698435e03511a280b49f016d506f4e8f3ade4d777f294925ddbcb333d6d4853a.png
fa616e8b2fc9a3f5814e60cf5cdc4db40d628ad3c1677c6271110c10be7d3dec,1,data/malware_images/images/Gozi/fa616e8b2fc9a3f5814e60cf5cdc4db40d628ad3c1677c6271110c10be7d3dec.png
b46e827da11d413f6d90060118f2eac18f8bdf321d3a9c75993f21fdd582b042,0,data/benign_original/benign/b46e827da11d413f6d90060118f2eac18f8bdf321d3a9c75993f21fdd582b042.png
b04cf62e1182fdae7ca1805ccc467ccd6d9a0db1a3a7419a9d6a2b5e41419d06,1,data/malware_images/images/GuLoader/b04cf62e1182fdae7ca1805ccc467ccd6d9a0db1a3a7419a9d6a2b5e41419d06.png
b325283552ea6adceb0adea1756673b739f10942bc036c9edc863e1fbd6b095e,0,data/benign_original/benign/b325283552ea6adceb0adea1756673b739f10942bc036c9edc863e1fbd6b095e.png
eabfd9aa82fbbae8a680b423c72db8bde45f44518a7c196e9194322a6b749a36,1,data/malware_images/images/njrat/eabfd9aa82fbbae8a680b423c72db8bde45f44518a7c196e9194322a6b749a36.png
ccca1aa46fe4a35dd6775c24d1dfa076f4d0c0475d948976e7d90096194f7a6b,0,data/benign_original/benign/ccca1aa46fe4a35dd6775c24d1dfa076f4d0c0475d948976e7d90096194f7a6b.png
f2c8f9494ed12c1c7e000c3b2213857fd8cbba59447e85a2e346e080647e4695,0,data/benign_original/benign/f2c8f9494ed12c1c7e000c3b2213857fd8cbba59447e85a2e346e080647e4695.png
f778753c7250dd0e3f7a04256b297e40044837ebb3f4ea1f04dd270f490f435b,0,data/benign_original/benign/f778753c7250dd0e3f7a04256b297e40044837ebb3f4ea1f04dd270f490f435b.png
ea1d92c3d94727066636b93e3cfe85331eb2865e15f86bc20978be99272ddb0d,1,data/malware_images/images/IcedID/ea1d92c3d94727066636b93e3cfe85331eb2865e15f86bc20978be99272ddb0d.png
e905626a046fb6cb012bda7802e520764bc03e392ce37d5134f635cdceca2844,0,data/benign_original/benign/e905626a046fb6cb012bda7802e520764bc03e392ce37d5134f635cdceca2844.png
b1555d404278c4cdefc49d1ff443049c7fc5ee0cde03411660a696ff56d98359,0,data/benign_original/benign/b1555d404278c4cdefc49d1ff443049c7fc5ee0cde03411660a696ff56d98359.png
afe863ef5b916180f758f9feb1ef52b7bf812d79e82b65519bd5c5680b565303,1,data/malware_images/images/Gozi/afe863ef5b916180f758f9feb1ef52b7bf812d79e82b65519bd5c5680b565303.png
44a244803d052ec37771854b8de50c8080d91bbb412e4eab2be8acf4d7914da7,1,data/malware_images/images/Trickbot/44a244803d052ec37771854b8de50c8080d91bbb412e4eab2be8acf4d7914da7.png
e3a5edee75299a8ddfa254fda955173f9063ec8081ba03d946f82f996a3b0203,1,data/malware_images/images/njrat/e3a5edee75299a8ddfa254fda955173f9063ec8081ba03d946f82f996a3b0203.png
d009db52c296016574583e5d490dd4312d6edbd72fd176eab26afa3baa72de20,1,data/malware_images/images/njrat/d009db52c296016574583e5d490dd4312d6edbd72fd176eab26afa3baa72de20.png
7d97f43bdac6a0420b701f622c164af9f6aed64cb5f3cdbdc3bc44088b0ac2d9,1,data/malware_images/images/IcedID/7d97f43bdac6a0420b701f622c164af9f6aed64cb5f3cdbdc3bc44088b0ac2d9.png
cebc42009b528a49e4e9324c8a769018c788acc2a840f855b52f1a51d8a2fcf4,0,data/benign_original/benign/cebc42009b528a49e4e9324c8a769018c788acc2a840f855b52f1a51d8a2fcf4.png
05b662e6e0ee03a3e2b87b14fcda6e28f8e048b62f5baeb698068b85d83b1181,1,data/malware_images/images/Trickbot/05b662e6e0ee03a3e2b87b14fcda6e28f8e048b62f5baeb698068b85d83b1181.png
d0f54bd45cbee9d857a3a8dca7f64f68b1affda66de24746600e020a962e4b5f,0,data/benign_original/benign/d0f54bd45cbee9d857a3a8dca7f64f68b1affda66de24746600e020a962e4b5f.png
cd92479e8ea37ef38e8f16f62d148e72d83cc99e37973ccf77db415344fbd2c7,0,data/benign_original/benign/cd92479e8ea37ef38e8f16f62d148e72d83cc99e37973ccf77db415344fbd2c7.png
313ccf91cdb1420855a2d054ae6d7da9973438c9f2df93430b9f15422c1e7d92,1,data/malware_images/images/Heodo/313ccf91cdb1420855a2d054ae6d7da9973438c9f2df93430b9f15422c1e7d92.png
efe2e772af8c69f1eadde7e5e75d5f7b39ab8c14a2c8685bbc39f52290839b57,1,data/malware_images/images/IcedID/efe2e772af8c69f1eadde7e5e75d5f7b39ab8c14a2c8685bbc39f52290839b57.png
f315358acfdf4358195d34a7cb3f1220fe83e49c4101cae1cf15bee8571534a8,1,data/malware_images/images/Trickbot/f315358acfdf4358195d34a7cb3f1220fe83e49c4101cae1cf15bee8571534a8.png
fd85c7e6cf5493cb29c21e65820c3b23953a88fed513a6a51010d837678a86ea,0,data/benign_original/benign/fd85c7e6cf5493cb29c21e65820c3b23953a88fed513a6a51010d837678a86ea.png
517ace7d6f0e21c4ecb19aa080a92b3ce8ecf437ba459a2fd7d2aa78d7863a4d,1,data/malware_images/images/IcedID/517ace7d6f0e21c4ecb19aa080a92b3ce8ecf437ba459a2fd7d2aa78d7863a4d.png
cac0bdad4d076ff2fa8ca7327ae586bbb3421c0ad8ad0d55f6e352dd483da47a,0,data/benign_original/benign/cac0bdad4d076ff2fa8ca7327ae586bbb3421c0ad8ad0d55f6e352dd483da47a.png
610ad336d225177e168743e3047dffcc6f43c6e2d23b73511aa5d4c03e34752c,1,data/malware_images/images/njrat/610ad336d225177e168743e3047dffcc6f43c6e2d23b73511aa5d4c03e34752c.png
da2b25bc2e4e2365e636e36971f5d4880b17fbf5bdb77a3c15868604e9614bec,0,data/benign_original/benign/da2b25bc2e4e2365e636e36971f5d4880b17fbf5bdb77a3c15868604e9614bec.png
be939d82fb1676fdeb6060916e18daf0577b3ec8552ee9a7641c2badb8686a47,1,data/malware_images/images/IcedID/be939d82fb1676fdeb6060916e18daf0577b3ec8552ee9a7641c2badb8686a47.png
f42b8609854d80d7f81f276340504aa5e82bbe4d73d05080fef1fcca2444b4d5,0,data/benign_original/benign/f42b8609854d80d7f81f276340504aa5e82bbe4d73d05080fef1fcca2444b4d5.png
768f77cbec3a74df790c37031385bbac8f214f225443f32990be8c0562954026,1,data/malware_images/images/Gozi/768f77cbec3a74df790c37031385bbac8f214f225443f32990be8c0562954026.png
d1c298cd356ede0a46235ef10e9b9796c2f970125925497bc757fd39809dfd20,0,data/benign_original/benign/d1c298cd356ede0a46235ef10e9b9796c2f970125925497bc757fd39809dfd20.png
1fd853e517e5022e333c1862c32cf30015e203c2a2de82e617d7412a47afc621,1,data/malware_images/images/Gozi/1fd853e517e5022e333c1862c32cf30015e203c2a2de82e617d7412a47afc621.png
f16832d553496af2b795692601b092d2da2b5912cdb0bc5f13c4e641d2a7728f,1,data/malware_images/images/Gozi/f16832d553496af2b795692601b092d2da2b5912cdb0bc5f13c4e641d2a7728f.png
bf0452ef3eb6c2e6f2ea84b2bf649a024f6190b0baae26e21c9790820171581f,1,data/malware_images/images/njrat/bf0452ef3eb6c2e6f2ea84b2bf649a024f6190b0baae26e21c9790820171581f.png
72c494406edd86560f4cc1ec5736b090df77b2736d94ef79236d3870958a3b18,0,data/benign_original/benign/72c494406edd86560f4cc1ec5736b090df77b2736d94ef79236d3870958a3b18.png
8831ac358046286facb6ca2643927aa837907937d1895ee3b73472c58bf3ef2c,1,data/malware_images/images/IcedID/8831ac358046286facb6ca2643927aa837907937d1895ee3b73472c58bf3ef2c.png
b469693c8e5ee4dac1b9d769a0081b0be9f5fae5040067ce7c0ab35169aec44e,1,data/malware_images/images/Gozi/b469693c8e5ee4dac1b9d769a0081b0be9f5fae5040067ce7c0ab35169aec44e.png
f646b963da9c039c682f75c76ab369956e63804aeea00561e448fb26ca5751d3,1,data/malware_images/images/Gozi/f646b963da9c039c682f75c76ab369956e63804aeea00561e448fb26ca5751d3.png
8814e2f63b6df850a5805778f846a6577ab668c79ff822adb90917813acd9ede,1,data/malware_images/images/njrat/8814e2f63b6df850a5805778f846a6577ab668c79ff822adb90917813acd9ede.png
6633eb9a861a7cadcfc3635bf65f3667587a4acde75e579baeaf7b299aecfcd0,1,data/malware_images/images/Gozi/6633eb9a861a7cadcfc3635bf65f3667587a4acde75e579baeaf7b299aecfcd0.png
37a3468d527e22a4cdd0c1e8717a5bca60db2cd8aaace1a4d25b65eeccd8079c,1,data/malware_images/images/GuLoader/37a3468d527e22a4cdd0c1e8717a5bca60db2cd8aaace1a4d25b65eeccd8079c.png
b4d493227e334e826fbb6dcbca9110478d6f23596b1c0d141b38e97d7d8ade33,1,data/malware_images/images/njrat/b4d493227e334e826fbb6dcbca9110478d6f23596b1c0d141b38e97d7d8ade33.png
dcf2550523e611ddae2cf302740863d2bc1ddcb8c7f9c1d3caaa7c6b116aed67,0,data/benign_original/benign/dcf2550523e611ddae2cf302740863d2bc1ddcb8c7f9c1d3caaa7c6b116aed67.png
5463e1487d69e3f0cb372cba067270bc39639bd8c8b333b81f99ae26ae3e881d,0,data/benign_original/benign/5463e1487d69e3f0cb372cba067270bc39639bd8c8b333b81f99ae26ae3e881d.png
d5b3f2ba2b312761c41f85c07a191ad041b403ab25a2c3fec7771136b582f7ac,0,data/benign_original/benign/d5b3f2ba2b312761c41f85c07a191ad041b403ab25a2c3fec7771136b582f7ac.png
ede942c3b965e79a666ae4c9857582185c30f1c69ad65107040213c9eee2a299,0,data/benign_original/benign/ede942c3b965e79a666ae4c9857582185c30f1c69ad65107040213c9eee2a299.png
50f44ecaffeb0f59b600806e04ac963fe549c431400aa6951619f75b690a771e,1,data/malware_images/images/Gozi/50f44ecaffeb0f59b600806e04ac963fe549c431400aa6951619f75b690a771e.png
24c31a361464ac2cff8595d1fedf298075462cafc6a8e8ba683c865dc5d1db3e,1,data/malware_images/images/Trickbot/24c31a361464ac2cff8595d1fedf298075462cafc6a8e8ba683c865dc5d1db3e.png
b1b8f9e883035ac9c49524e23050843d6c338ac07d4f3ebfae3bdcc9b0ae218a,0,data/benign_original/benign/b1b8f9e883035ac9c49524e23050843d6c338ac07d4f3ebfae3bdcc9b0ae218a.png
e7757a96c99928e9038579f214aa54f17162ec50ca1c5901040134b74f6606c1,1,data/malware_images/images/Trickbot/e7757a96c99928e9038579f214aa54f17162ec50ca1c5901040134b74f6606c1.png
66031dcf8d27466f6407c1ad670e95947914b02778831f637172244b83eaa296,0,data/benign_original/benign/66031dcf8d27466f6407c1ad670e95947914b02778831f637172244b83eaa296.png
1963d310983cb5e188c7e293f1beb638d035a0abef3aea105885d280c0a65090,1,data/malware_images/images/Gozi/1963d310983cb5e188c7e293f1beb638d035a0abef3aea105885d280c0a65090.png
e184f318d66c8ea996fd994937e70a67591a5f77a86058244746089ed51819ad,1,data/malware_images/images/GuLoader/e184f318d66c8ea996fd994937e70a67591a5f77a86058244746089ed51819ad.png
ace64cbe1ef91a0b14602264fe0de8e3698cb8b901cbd6251b3fd11d87a0bef6,1,data/malware_images/images/njrat/ace64cbe1ef91a0b14602264fe0de8e3698cb8b901cbd6251b3fd11d87a0bef6.png
f4c480d6c59584bc2c013fe86e7ff510bab3d508cabe73e570d583ca5d2b3b2a,0,data/benign_original/benign/f4c480d6c59584bc2c013fe86e7ff510bab3d508cabe73e570d583ca5d2b3b2a.png
40a19d872ca444aef30043e09afb861e9f3ca8ce9e8726e37db95211e3bf060f,1,data/malware_images/images/njrat/40a19d872ca444aef30043e09afb861e9f3ca8ce9e8726e37db95211e3bf060f.png
33d4b93f27fa6d5f68443a35b0640269b3f6a1cfd8e0015361e462bc369b0133,1,data/malware_images/images/IcedID/33d4b93f27fa6d5f68443a35b0640269b3f6a1cfd8e0015361e462bc369b0133.png
c93e7826accbeff1b3164098144ade49ecb850d6a6c307fb25b5ffa3d5c9dee8,0,data/benign_original/benign/c93e7826accbeff1b3164098144ade49ecb850d6a6c307fb25b5ffa3d5c9dee8.png
ff566af9e6b0828e4d4e9d30f1f054a42318ec5d5baeac0ff0962cd30e8cb663,1,data/malware_images/images/GuLoader/ff566af9e6b0828e4d4e9d30f1f054a42318ec5d5baeac0ff0962cd30e8cb663.png
8874ed64349d1433c56596ad98e14ce031c51b0a69e8e351e3176674a2194cb8,1,data/malware_images/images/Gozi/8874ed64349d1433c56596ad98e14ce031c51b0a69e8e351e3176674a2194cb8.png
b3c462a3a9400ab9c95cd0b55ecdffdc4f0ec4be6671c40cad29d3ebcb4d3fee,1,data/malware_images/images/njrat/b3c462a3a9400ab9c95cd0b55ecdffdc4f0ec4be6671c40cad29d3ebcb4d3fee.png
8d5d79ae4ce1754c7dcbd39cd892a11df547fbf893e4baca974fc2ed4cea89e3,1,data/malware_images/images/Heodo/8d5d79ae4ce1754c7dcbd39cd892a11df547fbf893e4baca974fc2ed4cea89e3.png
6df774a7ed523b867cb9bcc2f56d95db134f8f668c5c7dfc6843665ce2e966b9,0,data/benign_original/benign/6df774a7ed523b867cb9bcc2f56d95db134f8f668c5c7dfc6843665ce2e966b9.png
918f9caeebb7bb5faea1014a288eb2010e07100dd5303aae002368c50dac370f,1,data/malware_images/images/njrat/918f9caeebb7bb5faea1014a288eb2010e07100dd5303aae002368c50dac370f.png
f073c031c787956ad68f2b5c8f512212071e3fff4610910cff8d2a2b81d3b50d,0,data/benign_original/benign/f073c031c787956ad68f2b5c8f512212071e3fff4610910cff8d2a2b81d3b50d.png
684c43f7e479e302f4c19387be2d3b059a93ee2680379fa242b7c064913f43cf,1,data/malware_images/images/GuLoader/684c43f7e479e302f4c19387be2d3b059a93ee2680379fa242b7c064913f43cf.png
cdd58179bf65932374da5d544971ec7dc2107f06b6d5f2ca27616d0cce80e592,1,data/malware_images/images/Trickbot/cdd58179bf65932374da5d544971ec7dc2107f06b6d5f2ca27616d0cce80e592.png
a2a95abdc357f8ebb4ad5ac4017cca21882d67431e7afc49dd268182c8214506,1,data/malware_images/images/GuLoader/a2a95abdc357f8ebb4ad5ac4017cca21882d67431e7afc49dd268182c8214506.png
db50f9849b9e875b43340e5370419197f864214019a509555a0c0e878416921c,1,data/malware_images/images/IcedID/db50f9849b9e875b43340e5370419197f864214019a509555a0c0e878416921c.png
50fd4a601f5165a93a50bdef41f255f7d4242c31c4413095e9d294f7029c1b3e,0,data/benign_original/benign/50fd4a601f5165a93a50bdef41f255f7d4242c31c4413095e9d294f7029c1b3e.png
7cd650062334c7caa9229cbc8e2284cf585235976f1562b261403ff830f45ce9,1,data/malware_images/images/IcedID/7cd650062334c7caa9229cbc8e2284cf585235976f1562b261403ff830f45ce9.png
f96999d27a186f7af6a1ec954b432d1ee6c39127162f26ef2c37abdce0884a6e,1,data/malware_images/images/njrat/f96999d27a186f7af6a1ec954b432d1ee6c39127162f26ef2c37abdce0884a6e.png
3ce817f1946f8c5c58f4928637e30268b63f7c837ce444d765b67d0681d70530,1,data/malware_images/images/IcedID/3ce817f1946f8c5c58f4928637e30268b63f7c837ce444d765b67d0681d70530.png
e73bf02c18ce41762b689a68fd9365c1794eff42c59f12aee3e1e973958e68b4,0,data/benign_original/benign/e73bf02c18ce41762b689a68fd9365c1794eff42c59f12aee3e1e973958e68b4.png
5c376f79c2f15a2cac013c3eef437d8bb99bb0c941f4cfafc018bf27daf574e8,1,data/malware_images/images/GuLoader/5c376f79c2f15a2cac013c3eef437d8bb99bb0c941f4cfafc018bf27daf574e8.png
460195402f3f1ec3e6de925151400d3706901472fc6808b6a785286e0fa0bf93,1,data/malware_images/images/Trickbot/460195402f3f1ec3e6de925151400d3706901472fc6808b6a785286e0fa0bf93.png
9ea0ea73ad889a60aed6eb354f3f1bfd4bc180ac4a3054fa158e35d246d02a06,1,data/malware_images/images/Trickbot/9ea0ea73ad889a60aed6eb354f3f1bfd4bc180ac4a3054fa158e35d246d02a06.png
72758880ebf89d36ecc095e771e5fe035393f1e172c656092de8b181d45f2c85,1,data/malware_images/images/Trickbot/72758880ebf89d36ecc095e771e5fe035393f1e172c656092de8b181d45f2c85.png
474e72d7af33d2cbee21c23b88e7acc40a9cab75956df8bd29421bcf2c2deb5f,1,data/malware_images/images/njrat/474e72d7af33d2cbee21c23b88e7acc40a9cab75956df8bd29421bcf2c2deb5f.png
fd9417735ee4044f25350b6a8a6204208c8afe11bd42ec76a5c2a108c472875b,0,data/benign_original/benign/fd9417735ee4044f25350b6a8a6204208c8afe11bd42ec76a5c2a108c472875b.png
5c2493777e2d11aa088b9e927219f5bf02ba91e7e94235a14436d16d939c0101,0,data/benign_original/benign/5c2493777e2d11aa088b9e927219f5bf02ba91e7e94235a14436d16d939c0101.png
fd936ff1ec970becf90aaad422843e6d0f372d4c30a555974022dca31bdf4dfd,0,data/benign_original/benign/fd936ff1ec970becf90aaad422843e6d0f372d4c30a555974022dca31bdf4dfd.png
cc6d46d8859be7f167d5eb4c664ac4a72f7a35af2ce06d513b43dc2ca65ebf7c,1,data/malware_images/images/Trickbot/cc6d46d8859be7f167d5eb4c664ac4a72f7a35af2ce06d513b43dc2ca65ebf7c.png
2513eb274a9507ee598af02dd9338ec08da908971a19f470d704cc3cc6234daa,0,data/benign_original/benign/2513eb274a9507ee598af02dd9338ec08da908971a19f470d704cc3cc6234daa.png
c31381e3cff479bfb09bcba7959c0d08e0027aac05cedbefd9612223383e24b3,0,data/benign_original/benign/c31381e3cff479bfb09bcba7959c0d08e0027aac05cedbefd9612223383e24b3.png
ffbe2a17ced982155f3440c04cf483be1ccbc35c4685c9a9af14c6e8af5a2dc1,1,data/malware_images/images/Trickbot/ffbe2a17ced982155f3440c04cf483be1ccbc35c4685c9a9af14c6e8af5a2dc1.png
b382c5f8c985f191c251e9b7757178f16e2a68debb9bbc590bd8218ccae74a72,1,data/malware_images/images/Heodo/b382c5f8c985f191c251e9b7757178f16e2a68debb9bbc590bd8218ccae74a72.png
3b120c2b06afd93fc3c84a98c497afff4d93e64168ad809498f86568600b38f3,0,data/benign_original/benign/3b120c2b06afd93fc3c84a98c497afff4d93e64168ad809498f86568600b38f3.png
eb413325acbb2ea289969e834c5237fc6376073f24674b7760d45b94dfaf8755,1,data/malware_images/images/IcedID/eb413325acbb2ea289969e834c5237fc6376073f24674b7760d45b94dfaf8755.png
684ddddcefaf996082fcadeb05110d369f97063f77e9f3b4a5a787fb0e3c21e8,1,data/malware_images/images/GuLoader/684ddddcefaf996082fcadeb05110d369f97063f77e9f3b4a5a787fb0e3c21e8.png
b5399025d73dfb850df68017dfa81ce5f83bd9eeb7db056fffeca55ad3bcea65,1,data/malware_images/images/IcedID/b5399025d73dfb850df68017dfa81ce5f83bd9eeb7db056fffeca55ad3bcea65.png
7657c4fe9e815bc0f3feb18ce27b913cc29e48977d704b9af288c3895fa72cf8,1,data/malware_images/images/njrat/7657c4fe9e815bc0f3feb18ce27b913cc29e48977d704b9af288c3895fa72cf8.png
3b6460bb14fdce88ab8ec80e5cbfecbb15bbc09de1e75c51246d1c670925b340,1,data/malware_images/images/GuLoader/3b6460bb14fdce88ab8ec80e5cbfecbb15bbc09de1e75c51246d1c670925b340.png
f429d3c5cf91b10bd1323cef0781fbb331db2778c0e0dc79e4ea47fbdb6cff9b,0,data/benign_original/benign/f429d3c5cf91b10bd1323cef0781fbb331db2778c0e0dc79e4ea47fbdb6cff9b.png
0dc5db6e1987b347750fb3b3d9158fed24333687c169e77a9cc3f3ed54e26ea7,1,data/malware_images/images/Heodo/0dc5db6e1987b347750fb3b3d9158fed24333687c169e77a9cc3f3ed54e26ea7.png
7889e2eddbff99578388a0f6f36c49870b921c0ba303d80dfdc56e479ba251da,1,data/malware_images/images/Trickbot/7889e2eddbff99578388a0f6f36c49870b921c0ba303d80dfdc56e479ba251da.png
fb6231ef2734be693d3bb594b11b6d0644f6d834ed2a72e59e10fc797892c352,1,data/malware_images/images/njrat/fb6231ef2734be693d3bb594b11b6d0644f6d834ed2a72e59e10fc797892c352.png
c4fe40577ad318635ba89b05023d6bed0361e788c16d00d52b003bfd0cbf033a,1,data/malware_images/images/Heodo/c4fe40577ad318635ba89b05023d6bed0361e788c16d00d52b003bfd0cbf033a.png
cfe1c0ead5bd89e0875a5d7374ed173c54e284c731d5a8ffc43c8da0b8ea64d8,0,data/benign_original/benign/cfe1c0ead5bd89e0875a5d7374ed173c54e284c731d5a8ffc43c8da0b8ea64d8.png
cd320525d5dce5ea90a5075634ef9db636b42d6fc22ec5dc9fa7b933d44f2d10,0,data/benign_original/benign/cd320525d5dce5ea90a5075634ef9db636b42d6fc22ec5dc9fa7b933d44f2d10.png
5900102e1014d3386a9efa350bdc223b457a65016690c9eb13aa4cfa0c0c45f0,1,data/malware_images/images/Gozi/5900102e1014d3386a9efa350bdc223b457a65016690c9eb13aa4cfa0c0c45f0.png
d97f01867422557a2e86fd8625f31031bd7eb647bc08b8a7eb85f93acf172d02,0,data/benign_original/benign/d97f01867422557a2e86fd8625f31031bd7eb647bc08b8a7eb85f93acf172d02.png
e1e077e2c8e44002d5101d275c8f3c337b328d8a7edf8c62b7008ecb11b3964c,0,data/benign_original/benign/e1e077e2c8e44002d5101d275c8f3c337b328d8a7edf8c62b7008ecb11b3964c.png
f9e63de1eaae0c63b9360721c29afd0daa2cc1ed66a3f12048679ebeb47ab788,0,data/benign_original/benign/f9e63de1eaae0c63b9360721c29afd0daa2cc1ed66a3f12048679ebeb47ab788.png
bfedab2783cdd3baf61bc5f2983f952aea7eaf06302fcec41c6babe469ef798d,0,data/benign_original/benign/bfedab2783cdd3baf61bc5f2983f952aea7eaf06302fcec41c6babe469ef798d.png
b70f07ba5547fa55f491e063937987b1a9103de5bf87cd7ac2b0d65882e91b1c,0,data/benign_original/benign/b70f07ba5547fa55f491e063937987b1a9103de5bf87cd7ac2b0d65882e91b1c.png
3a24a5ef5c6045ff597b4b76d9070f7beae8fb6ca791f9bac231673f2bd62759,1,data/malware_images/images/Gozi/3a24a5ef5c6045ff597b4b76d9070f7beae8fb6ca791f9bac231673f2bd62759.png
cc64c4d22b467885c4f84ddb2c8d23d77da7022a0e89d38609c905ea31c50c1c,0,data/benign_original/benign/cc64c4d22b467885c4f84ddb2c8d23d77da7022a0e89d38609c905ea31c50c1c.png
75195784a153205aad34eea77c000358081fd1e1c8abab6e532b2ae8e983c44b,1,data/malware_images/images/IcedID/75195784a153205aad34eea77c000358081fd1e1c8abab6e532b2ae8e983c44b.png
cac635b83d0ee884f8d8bbce419b4c9d13273f4a10c450c2ea50830dc683e3ac,1,data/malware_images/images/GuLoader/cac635b83d0ee884f8d8bbce419b4c9d13273f4a10c450c2ea50830dc683e3ac.png
936ac2a7a5e567ed0e2badcc14dfc1e5f7b256a78b9f22e98b639572432562b7,1,data/malware_images/images/Gozi/936ac2a7a5e567ed0e2badcc14dfc1e5f7b256a78b9f22e98b639572432562b7.png
ccecd35324620e2e68fd758f23744c9de8471349f42004772ea87e815baca412,1,data/malware_images/images/Gozi/ccecd35324620e2e68fd758f23744c9de8471349f42004772ea87e815baca412.png
04ffb8d60a17d6405a9408e73e9cabcdaf5e396f7c4784874dc49c353e97315b,0,data/benign_original/benign/04ffb8d60a17d6405a9408e73e9cabcdaf5e396f7c4784874dc49c353e97315b.png
5dd1c600772e7dfec3b70cb2d12f816001b482b6d8627ec5aabb5b00f4542c57,1,data/malware_images/images/Heodo/5dd1c600772e7dfec3b70cb2d12f816001b482b6d8627ec5aabb5b00f4542c57.png
ceee906d0dd0f68578bd688a7a24c29d1e590b73dff93538d6143921d836a5d0,1,data/malware_images/images/Trickbot/ceee906d0dd0f68578bd688a7a24c29d1e590b73dff93538d6143921d836a5d0.png
33f55852b0a95c7bf413530a46afeec5bbc1fe394e5666848d6c58a2b031385c,0,data/benign_original/benign/33f55852b0a95c7bf413530a46afeec5bbc1fe394e5666848d6c58a2b031385c.png
df9c1fdd626060cb920a1c614120ac7029c7b407a6a273232a6253415b72a761,0,data/benign_original/benign/df9c1fdd626060cb920a1c614120ac7029c7b407a6a273232a6253415b72a761.png
cd3dca6c6c4fa1a770857f57c7f3599fa8038e8465f296ed53c599483bbdae0f,0,data/benign_original/benign/cd3dca6c6c4fa1a770857f57c7f3599fa8038e8465f296ed53c599483bbdae0f.png
674e6af13bc6b40d023c0d9306b7ba538f8dc7110da48067174858b605851aa1,1,data/malware_images/images/njrat/674e6af13bc6b40d023c0d9306b7ba538f8dc7110da48067174858b605851aa1.png
1a6509f62c5144a8f2de0613044a3486be8f6f7e6992a4a89f9dcb47430b649c,1,data/malware_images/images/Trickbot/1a6509f62c5144a8f2de0613044a3486be8f6f7e6992a4a89f9dcb47430b649c.png
ff5a2dbce101f73a5e6add762ffcbf6f69f6c24e36566c0ec7d75b32ea269f32,1,data/malware_images/images/Heodo/ff5a2dbce101f73a5e6add762ffcbf6f69f6c24e36566c0ec7d75b32ea269f32.png
fcbdafcedb7e9d18b0c8b640e375975320e6f74fd4170fea17b2ca210215d855,1,data/malware_images/images/njrat/fcbdafcedb7e9d18b0c8b640e375975320e6f74fd4170fea17b2ca210215d855.png
b11511e9270c62154b8e19043f23a8351df1a6b0adf113ae7dd64fcb5412d441,1,data/malware_images/images/Trickbot/b11511e9270c62154b8e19043f23a8351df1a6b0adf113ae7dd64fcb5412d441.png
cf6542bb87d706ab7d6fd3f7fa0a2594d3b0ed8a9d15b481252d0c405ecd36ef,1,data/malware_images/images/GuLoader/cf6542bb87d706ab7d6fd3f7fa0a2594d3b0ed8a9d15b481252d0c405ecd36ef.png
08ecd499ca41c12cdb3522be42196812f383d1d8253f7b2a0736557a400c65ce,0,data/benign_original/benign/08ecd499ca41c12cdb3522be42196812f383d1d8253f7b2a0736557a400c65ce.png
c9be7cda15b09ba6f6485886cb9f92deaedd9f7f14089f35285cc48588322400,0,data/benign_original/benign/c9be7cda15b09ba6f6485886cb9f92deaedd9f7f14089f35285cc48588322400.png
b758e13a6e0285c377d4e4c767385459680481318c0bc75a89d367eed9147332,0,data/benign_original/benign/b758e13a6e0285c377d4e4c767385459680481318c0bc75a89d367eed9147332.png
b13cd1341057c9d41e54da288ff4e491970a2fcf24ce0395b0ddb19f709b73f9,0,data/benign_original/benign/b13cd1341057c9d41e54da288ff4e491970a2fcf24ce0395b0ddb19f709b73f9.png
e925b827af9e320b451f685372022d95e087080a6d6c1048c72a20c5edfc2788,1,data/malware_images/images/Trickbot/e925b827af9e320b451f685372022d95e087080a6d6c1048c72a20c5edfc2788.png
e90ed8945b8631bc7d233325a070ccfcb93a7a5066dadf45a4fd8904605e5dd1,0,data/benign_original/benign/e90ed8945b8631bc7d233325a070ccfcb93a7a5066dadf45a4fd8904605e5dd1.png
d108482ae940f4256a9b715b91c5c10aa242ce0d5d75e2c6989775387086ce4f,0,data/benign_original/benign/d108482ae940f4256a9b715b91c5c10aa242ce0d5d75e2c6989775387086ce4f.png
5dbf93284f81dfa184e7b1e847f857d814caef953ceafaf87a6c8c751c5c5e2d,1,data/malware_images/images/GuLoader/5dbf93284f81dfa184e7b1e847f857d814caef953ceafaf87a6c8c751c5c5e2d.png
ef48054901be980cbecf8762d4aade6eaa39115df7f6fdccec75680503dd6aeb,0,data/benign_original/benign/ef48054901be980cbecf8762d4aade6eaa39115df7f6fdccec75680503dd6aeb.png
e83f9ef3f14369c2c515cca5c532d52a4bb52441f9d92e2ea09d5037542724c3,0,data/benign_original/benign/e83f9ef3f14369c2c515cca5c532d52a4bb52441f9d92e2ea09d5037542724c3.png
d668507f0b317e4166ed3e7a26c4bfb27baf44682c5fa15c7b5e5e83c4cdf9eb,0,data/benign_original/benign/d668507f0b317e4166ed3e7a26c4bfb27baf44682c5fa15c7b5e5e83c4cdf9eb.png
8bb2a85b33080e3258f043f62f486cfdfb430fa95ff4169b020c44bd34979fde,0,data/benign_original/benign/8bb2a85b33080e3258f043f62f486cfdfb430fa95ff4169b020c44bd34979fde.png
d50963d7b4f67e41fd7d50caf4d662b04688b66799f7aff7bcc632ede8d7f5f5,0,data/benign_original/benign/d50963d7b4f67e41fd7d50caf4d662b04688b66799f7aff7bcc632ede8d7f5f5.png
b639bd78929734b68691f164cb24f3bacb988f88127c28583db018c1f8582a5c,1,data/malware_images/images/njrat/b639bd78929734b68691f164cb24f3bacb988f88127c28583db018c1f8582a5c.png
ba1d23cae91d964915bcd748d92c0eb1bf1401effbed075deb7fcf7178f156e1,0,data/benign_original/benign/ba1d23cae91d964915bcd748d92c0eb1bf1401effbed075deb7fcf7178f156e1.png
d11f3fc16340d58a46c2a94335660a7cd54346794e917da27abcdbb0923d5eff,0,data/benign_original/benign/d11f3fc16340d58a46c2a94335660a7cd54346794e917da27abcdbb0923d5eff.png
e51721dc0647f4838b1abc592bd95fd8cb924716e8a64f83d4b947821fa1fa42,0,data/benign_original/benign/e51721dc0647f4838b1abc592bd95fd8cb924716e8a64f83d4b947821fa1fa42.png
3d1301a707e4539c643f59a58365b86dc831ab1741b71daeaea5a4fbb79b7f3e,1,data/malware_images/images/Trickbot/3d1301a707e4539c643f59a58365b86dc831ab1741b71daeaea5a4fbb79b7f3e.png
6a1778830bcad109ce603396a87af7d362b3a08ff8381989597eae6c43451018,1,data/malware_images/images/njrat/6a1778830bcad109ce603396a87af7d362b3a08ff8381989597eae6c43451018.png
15c547d96d84b64c4ff4703e36592fc0aeb94bd8fc2c3974b02f7d9d6467ea6e,1,data/malware_images/images/Gozi/15c547d96d84b64c4ff4703e36592fc0aeb94bd8fc2c3974b02f7d9d6467ea6e.png
b25976b4e32dcc3884ac0c8aa1e8416d483ef8598d232ac788e917f8967ff131,0,data/benign_original/benign/b25976b4e32dcc3884ac0c8aa1e8416d483ef8598d232ac788e917f8967ff131.png
55b8b84b624767c78a3ba733e577c4bdcd41fe9efa691725376a74077314e436,1,data/malware_images/images/njrat/55b8b84b624767c78a3ba733e577c4bdcd41fe9efa691725376a74077314e436.png
e95ca33ca812ba4b79e965a53cd9d75d761baa830078dce5afc03147f038e87c,1,data/malware_images/images/njrat/e95ca33ca812ba4b79e965a53cd9d75d761baa830078dce5afc03147f038e87c.png
e01e3c8e64c4c366d38b24b08d8a83a54028b82742a83ad71bb19ff8970ba46d,0,data/benign_original/benign/e01e3c8e64c4c366d38b24b08d8a83a54028b82742a83ad71bb19ff8970ba46d.png
d7cd68e06f392e08d5dc51422b3cfa6447090495ea7c247053ff28dcadb002b3,0,data/benign_original/benign/d7cd68e06f392e08d5dc51422b3cfa6447090495ea7c247053ff28dcadb002b3.png
f383e3c95c40b7da873599dc5a0c0f2b4351e7d1facd164b8c02181ab6a51773,0,data/benign_original/benign/f383e3c95c40b7da873599dc5a0c0f2b4351e7d1facd164b8c02181ab6a51773.png
8b3b12ca85270a8b6efdc300956053bb6c6628edeb9d244407ecebb86d43d7dc,1,data/malware_images/images/Trickbot/8b3b12ca85270a8b6efdc300956053bb6c6628edeb9d244407ecebb86d43d7dc.png
55d175c0730f4dc3643bc55a998ff201787d18c5a8245151ef429286349c75c8,1,data/malware_images/images/Gozi/55d175c0730f4dc3643bc55a998ff201787d18c5a8245151ef429286349c75c8.png
e8cf92992112fb50fe0c66073f92981a09e02ca79bf6611e532090163ae6647c,0,data/benign_original/benign/e8cf92992112fb50fe0c66073f92981a09e02ca79bf6611e532090163ae6647c.png
c95004e64918691981add162cfe1fdda1202cd2d0df01e1ef280aae038a47d10,0,data/benign_original/benign/c95004e64918691981add162cfe1fdda1202cd2d0df01e1ef280aae038a47d10.png
f1189b10e921791bbab3e9b213772dc010e530f6e12c1b4d6063007b91c433ff,0,data/benign_original/benign/f1189b10e921791bbab3e9b213772dc010e530f6e12c1b4d6063007b91c433ff.png
23c300e3513958262927aba57737332e3887e1df0149277c3d06d6d38be49fa0,1,data/malware_images/images/Trickbot/23c300e3513958262927aba57737332e3887e1df0149277c3d06d6d38be49fa0.png
dd44dca803129dfc133d0cff87655094c87a9ff4d8287870b58cd6ddc4e7d5cc,1,data/malware_images/images/Trickbot/dd44dca803129dfc133d0cff87655094c87a9ff4d8287870b58cd6ddc4e7d5cc.png
c9605153d7530d299bd0938837491114de48ee49eb6f25a5bad8c20705989dc0,1,data/malware_images/images/Gozi/c9605153d7530d299bd0938837491114de48ee49eb6f25a5bad8c20705989dc0.png
2e6f9c96b9332cdb7bafa068de6591e073bc8255d37f22f08a796f77f9d3d63f,1,data/malware_images/images/GuLoader/2e6f9c96b9332cdb7bafa068de6591e073bc8255d37f22f08a796f77f9d3d63f.png
56455fb98a91d0b0244bc347a1d32b0bd1d02a765e12d925d119564385410d71,1,data/malware_images/images/GuLoader/56455fb98a91d0b0244bc347a1d32b0bd1d02a765e12d925d119564385410d71.png
dbcb7ef85c2cc8df4abcce3a2a8a0f4331fdaca48dfa4087981d467580f98a46,1,data/malware_images/images/njrat/dbcb7ef85c2cc8df4abcce3a2a8a0f4331fdaca48dfa4087981d467580f98a46.png
14e64436677fdd74a0e1923f7b2a10d191620e16f1fa6069805ab034b8ff09df,0,data/benign_original/benign/14e64436677fdd74a0e1923f7b2a10d191620e16f1fa6069805ab034b8ff09df.png
87c0e0f48bb2599f74c15f8f9e4d3bc96befad82a33de62f89d3bc76d546d8cd,1,data/malware_images/images/njrat/87c0e0f48bb2599f74c15f8f9e4d3bc96befad82a33de62f89d3bc76d546d8cd.png
8a906b4e349c94d5039eee2a240cac5d6e9caecc73854bc7707ef2157e7a320c,1,data/malware_images/images/IcedID/8a906b4e349c94d5039eee2a240cac5d6e9caecc73854bc7707ef2157e7a320c.png
db9a9d0de30770fa5d102aa1972d507a0eb1025d201eeb834c26575933cf5a53,0,data/benign_original/benign/db9a9d0de30770fa5d102aa1972d507a0eb1025d201eeb834c26575933cf5a53.png
e8ea3c240a7dc0081189f35e73a4f74ba329c1afd98d9153fc273569f14e3a80,1,data/malware_images/images/njrat/e8ea3c240a7dc0081189f35e73a4f74ba329c1afd98d9153fc273569f14e3a80.png
f55e4feea037e2b747d9d722e256bb46839f0bf3f5791e5fdb38e8c57c53646a,0,data/benign_original/benign/f55e4feea037e2b747d9d722e256bb46839f0bf3f5791e5fdb38e8c57c53646a.png
ea36d498570c2d2c7b0e8c783a42ff4d94692d9d486ab719862fbaad310ec9b0,0,data/benign_original/benign/ea36d498570c2d2c7b0e8c783a42ff4d94692d9d486ab719862fbaad310ec9b0.png
ad76acddd3ad76afb24795a312e7000c1cb3349a2df4ab9e97eef486fe621c0e,0,data/benign_original/benign/ad76acddd3ad76afb24795a312e7000c1cb3349a2df4ab9e97eef486fe621c0e.png
e284d77f8fb87071f88653311e728ec1250b5a32aea2480db144c82a1e8ea880,0,data/benign_original/benign/e284d77f8fb87071f88653311e728ec1250b5a32aea2480db144c82a1e8ea880.png
21eda259e3b66a876df3b726eeffc0b0e22333e28d71ae782e18fc49f0fe148f,1,data/malware_images/images/Heodo/21eda259e3b66a876df3b726eeffc0b0e22333e28d71ae782e18fc49f0fe148f.png
bc9a74b693d0fd8b64727d38d56e996bd6a1a926b6d91384bb6032af9c27cdf3,1,data/malware_images/images/Gozi/bc9a74b693d0fd8b64727d38d56e996bd6a1a926b6d91384bb6032af9c27cdf3.png
a765bb2f074f91c0672f84d3cb6b55082eb2ae6f989c6a748222f830660af030,1,data/malware_images/images/Trickbot/a765bb2f074f91c0672f84d3cb6b55082eb2ae6f989c6a748222f830660af030.png
b0ce5ad453b8b2f97ba703734dec8df10ba2182e617056461b2bf143abd6e8b8,1,data/malware_images/images/GuLoader/b0ce5ad453b8b2f97ba703734dec8df10ba2182e617056461b2bf143abd6e8b8.png
e3e49972998ea5ea61d67d9248c3d8960afbb6aba96d4687cd6eef0ed2443ad5,0,data/benign_original/benign/e3e49972998ea5ea61d67d9248c3d8960afbb6aba96d4687cd6eef0ed2443ad5.png
ad9fc6b6b34acb9ab81599a332cb2cff910b4eed3867826627864ae0d8e5736e,1,data/malware_images/images/Trickbot/ad9fc6b6b34acb9ab81599a332cb2cff910b4eed3867826627864ae0d8e5736e.png
d3954c4683289c93bc4c88ed5685ad8b57c891c1a82830f6a1f44c8830233f5c,0,data/benign_original/benign/d3954c4683289c93bc4c88ed5685ad8b57c891c1a82830f6a1f44c8830233f5c.png
b48cf12ff1155761b5c1a44b8c71e0f272d480f325e02df0532e6886d97f37c4,0,data/benign_original/benign/b48cf12ff1155761b5c1a44b8c71e0f272d480f325e02df0532e6886d97f37c4.png
fcd85ad647f97a9c79afab26f46ce4190220cd047c3792b1d5c2d43cc48ec3ad,1,data/malware_images/images/Trickbot/fcd85ad647f97a9c79afab26f46ce4190220cd047c3792b1d5c2d43cc48ec3ad.png
085c6a0c16927053773040cd7a153bdc12672097c871bee9ce4ca75cd6dc6949,1,data/malware_images/images/njrat/085c6a0c16927053773040cd7a153bdc12672097c871bee9ce4ca75cd6dc6949.png
182b76c6236027029d3afd9482e5c0e4bb89116dd214c11897c56517fc25a87b,0,data/benign_original/benign/182b76c6236027029d3afd9482e5c0e4bb89116dd214c11897c56517fc25a87b.png
c77dbfbaacfdf407df26313a2ab470380d4beb4931a29d8077c10fba4a21e76f,0,data/benign_original/benign/c77dbfbaacfdf407df26313a2ab470380d4beb4931a29d8077c10fba4a21e76f.png
ed7d7d09bf1f76e31f2094b8aac4b5325e9d7c06efaafa469083e7a59377d387,0,data/benign_original/benign/ed7d7d09bf1f76e31f2094b8aac4b5325e9d7c06efaafa469083e7a59377d387.png
c9f7b2f2687740a2ca76abe62f956a3ad0f2477be8c5c7a4f31b36efb5c1abcb,0,data/benign_original/benign/c9f7b2f2687740a2ca76abe62f956a3ad0f2477be8c5c7a4f31b36efb5c1abcb.png
ca4f8e65c536abc5b47a23d191d41d6d7c4abb78934ef57c9d9a5a94227f197c,0,data/benign_original/benign/ca4f8e65c536abc5b47a23d191d41d6d7c4abb78934ef57c9d9a5a94227f197c.png
ed09039f992d62c6f98a371269b444751363f76b73151199822961725919f87a,1,data/malware_images/images/Trickbot/ed09039f992d62c6f98a371269b444751363f76b73151199822961725919f87a.png
0063cbbaeca361f5283e6dabbce2c546b5bbb811bd32b92cb9699f9fd15a0f17,1,data/malware_images/images/njrat/0063cbbaeca361f5283e6dabbce2c546b5bbb811bd32b92cb9699f9fd15a0f17.png
d40adb86de1c4f9aad9cdb944d46d7c632be49c6b183d051d5cae3aa187f912c,0,data/benign_original/benign/d40adb86de1c4f9aad9cdb944d46d7c632be49c6b183d051d5cae3aa187f912c.png
d3bad7995b998f2c95dbb33020a198ef5a248825321032f051619f353d46182b,0,data/benign_original/benign/d3bad7995b998f2c95dbb33020a198ef5a248825321032f051619f353d46182b.png
2cb2d3d6e9eae7df795b4c26fe1e27906e12b0d3d9bbec8c6829abadfb8694af,1,data/malware_images/images/GuLoader/2cb2d3d6e9eae7df795b4c26fe1e27906e12b0d3d9bbec8c6829abadfb8694af.png
0c8af4bbf3e29c4ab7dd8372725a931985b669d15b82615ab05838ed348bf558,0,data/benign_original/benign/0c8af4bbf3e29c4ab7dd8372725a931985b669d15b82615ab05838ed348bf558.png
f20114f83a3673969eb7e93bf9417be84c121bf28b95ca4a3d0380174e87c5d0,0,data/benign_original/benign/f20114f83a3673969eb7e93bf9417be84c121bf28b95ca4a3d0380174e87c5d0.png
d635c44a4281addb1906c3a53e1d287503ff1dd93a087ed2b44c40cb4b224ba8,0,data/benign_original/benign/d635c44a4281addb1906c3a53e1d287503ff1dd93a087ed2b44c40cb4b224ba8.png
bfcd91952f5c862258687841b438d2dcff6d6933b8d8c870022cf6a829628548,1,data/malware_images/images/Trickbot/bfcd91952f5c862258687841b438d2dcff6d6933b8d8c870022cf6a829628548.png
19f763b4199e2bee6affbd7a92bcd07f0234a3351a82a3df0e25ed48af1dc724,1,data/malware_images/images/njrat/19f763b4199e2bee6affbd7a92bcd07f0234a3351a82a3df0e25ed48af1dc724.png
cb3783736b61c9aca15d09e4b8baa8dd722653b9554cc974b8f9850a1bc4e54a,0,data/benign_original/benign/cb3783736b61c9aca15d09e4b8baa8dd722653b9554cc974b8f9850a1bc4e54a.png
f7744e9082817f1e39090b77ae2af905205762bfa30787014530765e58dc5927,1,data/malware_images/images/Trickbot/f7744e9082817f1e39090b77ae2af905205762bfa30787014530765e58dc5927.png
57432324e83d5d2be87d7ad01ca3687143eed38b3d049cfb327c5a26f3bf4a01,0,data/benign_original/benign/57432324e83d5d2be87d7ad01ca3687143eed38b3d049cfb327c5a26f3bf4a01.png
61cab027bc8f67e6fde38a7ae1c01f813b1396aceb7ad8d0c851fd0645469bf3,0,data/benign_original/benign/61cab027bc8f67e6fde38a7ae1c01f813b1396aceb7ad8d0c851fd0645469bf3.png
9d1791281bdfa74bdf61ef2d4a9c5653603af6b6a3a7c917c2bc746e8ad8229d,1,data/malware_images/images/Heodo/9d1791281bdfa74bdf61ef2d4a9c5653603af6b6a3a7c917c2bc746e8ad8229d.png
d401d4ba956e543e75c47b4124c35c5ab3122eee2df608952042299f6fd5f0bf,0,data/benign_original/benign/d401d4ba956e543e75c47b4124c35c5ab3122eee2df608952042299f6fd5f0bf.png
97d105caaeaeaf2aa4b297d9aeb3981f212c52a2098ccf2de51ee9f7a1af7893,1,data/malware_images/images/Heodo/97d105caaeaeaf2aa4b297d9aeb3981f212c52a2098ccf2de51ee9f7a1af7893.png
9106d919f219faf93e29e47ab9c2c26bab5dd20fffdedddc2d15350915c48a7f,1,data/malware_images/images/Gozi/9106d919f219faf93e29e47ab9c2c26bab5dd20fffdedddc2d15350915c48a7f.png
4eca420c432726b177f36ef2e26165cd97c690c872cb5f3f19415cb7473e8ada,0,data/benign_original/benign/4eca420c432726b177f36ef2e26165cd97c690c872cb5f3f19415cb7473e8ada.png
ebe2f632b23c20e7e5580622263964447dd22ddf9154623e8974f3cc180f05fa,0,data/benign_original/benign/ebe2f632b23c20e7e5580622263964447dd22ddf9154623e8974f3cc180f05fa.png
b52df0859f182ec0325472d6cf1f9a532fa52a93f391308a23b9a23be1f2ab2a,1,data/malware_images/images/GuLoader/b52df0859f182ec0325472d6cf1f9a532fa52a93f391308a23b9a23be1f2ab2a.png
f49f8d5a0f283b6513a01bb026a86f8188bc79eaa688ce3e9aab1fccc5f7b2ab,0,data/benign_original/benign/f49f8d5a0f283b6513a01bb026a86f8188bc79eaa688ce3e9aab1fccc5f7b2ab.png
f1a205016f8d0d098722b983a499513669321ce8f0b4a4af270f22f4bbc76b26,0,data/benign_original/benign/f1a205016f8d0d098722b983a499513669321ce8f0b4a4af270f22f4bbc76b26.png
4b4c15b51a4b303e8fa2244ca28cbb25796f6c4916682d0fd574fe25526ebe64,1,data/malware_images/images/Gozi/4b4c15b51a4b303e8fa2244ca28cbb25796f6c4916682d0fd574fe25526ebe64.png
e6f4ae046cbea49e0089912846ae3f168f6e0512bdfcbaf915392b595dd21211,0,data/benign_original/benign/e6f4ae046cbea49e0089912846ae3f168f6e0512bdfcbaf915392b595dd21211.png
ec04e7aa5155ceaa5665960a722baf3d85fb13cebcdfd21347e08052e6974a59,0,data/benign_original/benign/ec04e7aa5155ceaa5665960a722baf3d85fb13cebcdfd21347e08052e6974a59.png
9381a9accaeb33871ab1b8ca9ad90bc06b5df8cd9fc6931457cd5c8180696e20,1,data/malware_images/images/Gozi/9381a9accaeb33871ab1b8ca9ad90bc06b5df8cd9fc6931457cd5c8180696e20.png
e689bd5de0e4a72ff9a73babab1a63bd8daf271ff4803bc80f9abbd23abbe169,0,data/benign_original/benign/e689bd5de0e4a72ff9a73babab1a63bd8daf271ff4803bc80f9abbd23abbe169.png
cd20c11f9e9e7597292484404dfc8758e78852fbb90dd74437da5befa6da3b32,0,data/benign_original/benign/cd20c11f9e9e7597292484404dfc8758e78852fbb90dd74437da5befa6da3b32.png
d8ea66e4e4603975f831bb8d044e024454e738185ecba0020b6a8bfa564c7883,1,data/malware_images/images/njrat/d8ea66e4e4603975f831bb8d044e024454e738185ecba0020b6a8bfa564c7883.png
c169c14fe8865b8358406c7923862a308cf5ffd771b8d2279cd471e75d27cde8,0,data/benign_original/benign/c169c14fe8865b8358406c7923862a308cf5ffd771b8d2279cd471e75d27cde8.png
4b9969f9518f7b1bc9c55e08a0510f107132e97b8b34df2fc1d07a96d0be1f31,1,data/malware_images/images/njrat/4b9969f9518f7b1bc9c55e08a0510f107132e97b8b34df2fc1d07a96d0be1f31.png
b83c6015fac82d98f1072be4585d3bdb51169bf63829d7ea459465f465dab67e,0,data/benign_original/benign/b83c6015fac82d98f1072be4585d3bdb51169bf63829d7ea459465f465dab67e.png
e0e94961fc4187c3c9ffb0909e06203f31682cd3c3fb2dd0855013d601279192,0,data/benign_original/benign/e0e94961fc4187c3c9ffb0909e06203f31682cd3c3fb2dd0855013d601279192.png
bcf15829b76e5491c3e0cbefcc4352162f230c0cf67d9e425b306fc23d2ba743,0,data/benign_original/benign/bcf15829b76e5491c3e0cbefcc4352162f230c0cf67d9e425b306fc23d2ba743.png
af61a14d14d0d9f45bd25245b9f3f181ba21ee6daf0a752b239cb195683f4e89,0,data/benign_original/benign/af61a14d14d0d9f45bd25245b9f3f181ba21ee6daf0a752b239cb195683f4e89.png
6894a24537cb8d6ce78d1cbbbee91c33d41f12e031f397b78eeff3617803f98e,0,data/benign_original/benign/6894a24537cb8d6ce78d1cbbbee91c33d41f12e031f397b78eeff3617803f98e.png
d6f0bfa0aa9e2b9004d36f51fff20f947adbaa6bbb7fffdde1fc37d105fa7257,1,data/malware_images/images/njrat/d6f0bfa0aa9e2b9004d36f51fff20f947adbaa6bbb7fffdde1fc37d105fa7257.png
55e4d2c42d8337668edba5487a1a0fa6a6b79ee3bbce6b1532627fdedb883278,1,data/malware_images/images/Trickbot/55e4d2c42d8337668edba5487a1a0fa6a6b79ee3bbce6b1532627fdedb883278.png
41fc284f5c860580dd5fa32de705b66be97cb01c77c9d0aea3acbe38a5f8aa96,0,data/benign_original/benign/41fc284f5c860580dd5fa32de705b66be97cb01c77c9d0aea3acbe38a5f8aa96.png
11d08f409ae0825cf2b1b6942c875bc536b639547d295cdf7e418cee5144fe19,0,data/benign_original/benign/11d08f409ae0825cf2b1b6942c875bc536b639547d295cdf7e418cee5144fe19.png
e73cf0f2ca9c429ca73d23071902744280bd57240069a27c0bce49afdf91d115,0,data/benign_original/benign/e73cf0f2ca9c429ca73d23071902744280bd57240069a27c0bce49afdf91d115.png
a808480ac885bd1a45beb93d030b97fbeec2b773f168a76924eb8c211425895b,1,data/malware_images/images/Gozi/a808480ac885bd1a45beb93d030b97fbeec2b773f168a76924eb8c211425895b.png
b59d4c950491ef3624c54055af98605df96de28260e98fded75b4e67d27f79b3,0,data/benign_original/benign/b59d4c950491ef3624c54055af98605df96de28260e98fded75b4e67d27f79b3.png
f8129eab8196d45d4e4d59e59364588723d07355d072d20da7b4b0cec6c1568a,0,data/benign_original/benign/f8129eab8196d45d4e4d59e59364588723d07355d072d20da7b4b0cec6c1568a.png
01448d7355f78437bc08ee2d7e1c1978ac334c988bc0c61a5c92a9255070341d,1,data/malware_images/images/Gozi/01448d7355f78437bc08ee2d7e1c1978ac334c988bc0c61a5c92a9255070341d.png
e8aa6c83e2d0da18732767cb81de5b70dc89e305ebce9d351fb8cf7f25a1b976,1,data/malware_images/images/Trickbot/e8aa6c83e2d0da18732767cb81de5b70dc89e305ebce9d351fb8cf7f25a1b976.png
b6e8d1e9d04845ba6630b2ce68d16b6e6230e3b0b3abfc915839267b891190e9,0,data/benign_original/benign/b6e8d1e9d04845ba6630b2ce68d16b6e6230e3b0b3abfc915839267b891190e9.png
72b60db81122b793a5c8e3fb7971636e567ab6086ba8f2d89bf099a4665fbc4a,1,data/malware_images/images/IcedID/72b60db81122b793a5c8e3fb7971636e567ab6086ba8f2d89bf099a4665fbc4a.png
a467e620334e8f75d3af8b58d1072338248e09aee97a9dadb8273442adfee973,1,data/malware_images/images/njrat/a467e620334e8f75d3af8b58d1072338248e09aee97a9dadb8273442adfee973.png
bfe51bccd630589262349bcb050bdec5d2c3e4ebae04a536fe89e206799e2ab8,1,data/malware_images/images/njrat/bfe51bccd630589262349bcb050bdec5d2c3e4ebae04a536fe89e206799e2ab8.png
eebdaa01bd9ef288610bfacbf5b6092c782f7795bd9655d910ca03a2ee146cf6,0,data/benign_original/benign/eebdaa01bd9ef288610bfacbf5b6092c782f7795bd9655d910ca03a2ee146cf6.png
05296997f8e5d682e3b695c3b100802ef38304d0c98562d1a5abee52f3b9480c,1,data/malware_images/images/njrat/05296997f8e5d682e3b695c3b100802ef38304d0c98562d1a5abee52f3b9480c.png
8d6df0891aa85081a4aa80a1493de8e24a65837be32b026ab83b01abdc48b88e,1,data/malware_images/images/njrat/8d6df0891aa85081a4aa80a1493de8e24a65837be32b026ab83b01abdc48b88e.png
c30861e2732892833f683ebcbc94c337b7802265e05b446e4cd86af84009990c,0,data/benign_original/benign/c30861e2732892833f683ebcbc94c337b7802265e05b446e4cd86af84009990c.png
9c9d339a133a5a8c9e6195e3aec55d575e11c32454abba80c689cd4e44b45c3b,1,data/malware_images/images/Trickbot/9c9d339a133a5a8c9e6195e3aec55d575e11c32454abba80c689cd4e44b45c3b.png
85830e6bdfb6889df4ee9fb075c9532e08f85a192c2272c79e9a0d869e267334,1,data/malware_images/images/njrat/85830e6bdfb6889df4ee9fb075c9532e08f85a192c2272c79e9a0d869e267334.png
4060134612ebdaae96a4dea94b5b876f7bfee97cd5d1e0e6f8659c71165cc476,1,data/malware_images/images/IcedID/4060134612ebdaae96a4dea94b5b876f7bfee97cd5d1e0e6f8659c71165cc476.png
a7b8e6e02cc803c0d5f9d721855c5162009ed61214994be864104ae11f4281be,1,data/malware_images/images/IcedID/a7b8e6e02cc803c0d5f9d721855c5162009ed61214994be864104ae11f4281be.png
9ffdc8c7e820afe0ec0a23313cdae53f9d697460310e81aa99b92fdbda52a0b9,1,data/malware_images/images/Trickbot/9ffdc8c7e820afe0ec0a23313cdae53f9d697460310e81aa99b92fdbda52a0b9.png
dbdaff5380d57abf6b7eac646ed404f5691c476c1f66317ce35df4aef59e64be,0,data/benign_original/benign/dbdaff5380d57abf6b7eac646ed404f5691c476c1f66317ce35df4aef59e64be.png
f1166f637c52b385c23e6a013add93be05df199a47173d6406678b2d4239654a,0,data/benign_original/benign/f1166f637c52b385c23e6a013add93be05df199a47173d6406678b2d4239654a.png
83d4e9944fed7ec8b4b0d7fbbfd50d8f24c58622abbc43157a0f8f6983086b0c,0,data/benign_original/benign/83d4e9944fed7ec8b4b0d7fbbfd50d8f24c58622abbc43157a0f8f6983086b0c.png
85367a6671072a5f1d1b30f436618b3e00ee221621ed9685d57a4e4fdb87ef19,1,data/malware_images/images/njrat/85367a6671072a5f1d1b30f436618b3e00ee221621ed9685d57a4e4fdb87ef19.png
fe80676d41579d0927e94ac40849ad8ffa947b12cc75cd9b5b81aa607d560afa,0,data/benign_original/benign/fe80676d41579d0927e94ac40849ad8ffa947b12cc75cd9b5b81aa607d560afa.png
8b6db170ac6eddb4a0d7b5d59b45e04423c39cfe4183104a9cf59d280e089a33,1,data/malware_images/images/IcedID/8b6db170ac6eddb4a0d7b5d59b45e04423c39cfe4183104a9cf59d280e089a33.png
b4ef4ae9017ca625388378621162e43b6234b7d94be378d79c4e566cba00e37b,1,data/malware_images/images/Gozi/b4ef4ae9017ca625388378621162e43b6234b7d94be378d79c4e566cba00e37b.png
413250e255ac0a703956c9984c4cc7c9df2e4d7fb27b3f46314abe77d6ff59c1,1,data/malware_images/images/Heodo/413250e255ac0a703956c9984c4cc7c9df2e4d7fb27b3f46314abe77d6ff59c1.png
e2092577c05547c7d8f4358da069969bf90d44a3926ffdb9acc653f098ca7864,0,data/benign_original/benign/e2092577c05547c7d8f4358da069969bf90d44a3926ffdb9acc653f098ca7864.png
d33a211e5dd2d77924579461c9ffedc1dc724732b48f992f4a4fd9ad0fc16fcf,0,data/benign_original/benign/d33a211e5dd2d77924579461c9ffedc1dc724732b48f992f4a4fd9ad0fc16fcf.png
d38884670c48fb06b0f17e70ebb2cf179584f566788099931f7f576ece191f8e,0,data/benign_original/benign/d38884670c48fb06b0f17e70ebb2cf179584f566788099931f7f576ece191f8e.png
c3b894424ae66a54af71b36168a634908733e94a32e91eb86680007ac1634282,0,data/benign_original/benign/c3b894424ae66a54af71b36168a634908733e94a32e91eb86680007ac1634282.png
f3d2c3f97d52b31f00be046d39ae0ff4dbee7f42c32cbddfca7d613dbb9fb6f3,1,data/malware_images/images/Trickbot/f3d2c3f97d52b31f00be046d39ae0ff4dbee7f42c32cbddfca7d613dbb9fb6f3.png
9d6db716432593b8441a54de92e1656dd26223e3981b7f2ef79f9514f3a03bea,1,data/malware_images/images/Gozi/9d6db716432593b8441a54de92e1656dd26223e3981b7f2ef79f9514f3a03bea.png
659993420d8e1400b2b2875c7e581e51cb1d3381fb480508a653c6e88a5b6e0d,1,data/malware_images/images/Trickbot/659993420d8e1400b2b2875c7e581e51cb1d3381fb480508a653c6e88a5b6e0d.png
d8b8426655d22c1328e054a3f56342b44020778057b007872dd416387d2a1767,0,data/benign_original/benign/d8b8426655d22c1328e054a3f56342b44020778057b007872dd416387d2a1767.png
f314eb6c9a34fb9cad2c492d12ddce382c05757f48e8b4681154f10fe55c1dbb,0,data/benign_original/benign/f314eb6c9a34fb9cad2c492d12ddce382c05757f48e8b4681154f10fe55c1dbb.png
e366d93d062af262c1e1b88798126e3ea73d8b0f3f48be135838dbd6a9a8fc40,0,data/benign_original/benign/e366d93d062af262c1e1b88798126e3ea73d8b0f3f48be135838dbd6a9a8fc40.png
afed74048b8f6636a40a64660979b8104ef2807687afe9b3e2f36c22c7ab3b83,1,data/malware_images/images/Gozi/afed74048b8f6636a40a64660979b8104ef2807687afe9b3e2f36c22c7ab3b83.png
c9bead43aec8355f3ef8edf6cd6854afb0f8b8fd90d79a17980b4f01a30e958f,1,data/malware_images/images/njrat/c9bead43aec8355f3ef8edf6cd6854afb0f8b8fd90d79a17980b4f01a30e958f.png
bfcd4a20f2c51d550ac8c4b06601423f4ca2c40ed99f9b613a6e3853258a586a,0,data/benign_original/benign/bfcd4a20f2c51d550ac8c4b06601423f4ca2c40ed99f9b613a6e3853258a586a.png
d8441cc60d797d988c1c5bb33a274fe30ece18b7481dbf41cff8372afc054f42,0,data/benign_original/benign/d8441cc60d797d988c1c5bb33a274fe30ece18b7481dbf41cff8372afc054f42.png
96d071f750090e4a3ec18708199a9d7cb92b93bd5e3979707899da288bd29c38,1,data/malware_images/images/Gozi/96d071f750090e4a3ec18708199a9d7cb92b93bd5e3979707899da288bd29c38.png
88dfd10d3d3b459c8284f0c64b88786c5770eb2b75436be9951ad1117c1b6a0f,1,data/malware_images/images/GuLoader/88dfd10d3d3b459c8284f0c64b88786c5770eb2b75436be9951ad1117c1b6a0f.png
ed7379feb80f2e213ced956f5943535fb10396abba0c8cddaec03ef66347d733,1,data/malware_images/images/njrat/ed7379feb80f2e213ced956f5943535fb10396abba0c8cddaec03ef66347d733.png
d93e655002b2b31aa6d27838ccc45a495a7a4e878db4de311a8f095d1c729e1b,0,data/benign_original/benign/d93e655002b2b31aa6d27838ccc45a495a7a4e878db4de311a8f095d1c729e1b.png
302b71993fb40b33ebb46aa0030f9febfcf7a5ac28e74061904eca58a8f925c5,1,data/malware_images/images/Trickbot/302b71993fb40b33ebb46aa0030f9febfcf7a5ac28e74061904eca58a8f925c5.png
4309ea183951817ceb9382f070fb80eb31b4c122d5ad8f1efed2e2687099ce5f,1,data/malware_images/images/Gozi/4309ea183951817ceb9382f070fb80eb31b4c122d5ad8f1efed2e2687099ce5f.png
2f2683e21a11c6ce0848ad2a6ecc8999c91967c15a20bf2ccafe0fb9720b7607,1,data/malware_images/images/IcedID/2f2683e21a11c6ce0848ad2a6ecc8999c91967c15a20bf2ccafe0fb9720b7607.png
e32cd45e2af827e7535d4ca7881a4df30f1d594d1c39f3a2dee38e5c06e159c7,0,data/benign_original/benign/e32cd45e2af827e7535d4ca7881a4df30f1d594d1c39f3a2dee38e5c06e159c7.png
93a6aa6a024854cb4c798de0d5b11916b4874589ac95fc73b718711ce712d1d7,1,data/malware_images/images/IcedID/93a6aa6a024854cb4c798de0d5b11916b4874589ac95fc73b718711ce712d1d7.png
ccfc0796348df325e56d1a2f5c3b2f98a16a9d15352cba95f3d1d345817d84e2,0,data/benign_original/benign/ccfc0796348df325e56d1a2f5c3b2f98a16a9d15352cba95f3d1d345817d84e2.png
951d850c1fdbb2e1e81e25fc81f7994594a6712c8d363f21799a18945c0ca411,1,data/malware_images/images/Gozi/951d850c1fdbb2e1e81e25fc81f7994594a6712c8d363f21799a18945c0ca411.png
c0c489df05874135ab6624376e40ec5fd87fc5fa21d4d26157de5c8bf854904f,0,data/benign_original/benign/c0c489df05874135ab6624376e40ec5fd87fc5fa21d4d26157de5c8bf854904f.png
193cd70a73e750a178eb91b05b8a15f988b1499cb77c37c9a9f2e2e22d98ce59,0,data/benign_original/benign/193cd70a73e750a178eb91b05b8a15f988b1499cb77c37c9a9f2e2e22d98ce59.png
0af72786d403aeaf70dc2e0825de9437510cb98a17a3a26ed41c124e00e73248,1,data/malware_images/images/Gozi/0af72786d403aeaf70dc2e0825de9437510cb98a17a3a26ed41c124e00e73248.png
3fb239d7ac7719328c58a1eb3ce2abd900949b6f6e5d5db4f95852325bf67473,0,data/benign_original/benign/3fb239d7ac7719328c58a1eb3ce2abd900949b6f6e5d5db4f95852325bf67473.png
f73f36ff20122b6457e9df5cf98e26df13b08f66c7b4a8b42990cb1722ea0763,0,data/benign_original/benign/f73f36ff20122b6457e9df5cf98e26df13b08f66c7b4a8b42990cb1722ea0763.png
b2faf3b85b23c840b654e57d5497a0ad31acd02fb01856cad4725a1715d5f78e,0,data/benign_original/benign/b2faf3b85b23c840b654e57d5497a0ad31acd02fb01856cad4725a1715d5f78e.png
7cc29f497f0bf94c939879d269ac44d0cb925f9b4dbb3175be47293775265f14,1,data/malware_images/images/IcedID/7cc29f497f0bf94c939879d269ac44d0cb925f9b4dbb3175be47293775265f14.png
f330b4e37048bca3e58e12fbd148b698761e3d91b0f7d3d984cea608fda5937c,0,data/benign_original/benign/f330b4e37048bca3e58e12fbd148b698761e3d91b0f7d3d984cea608fda5937c.png
60650fc37c6c479580e72960975e340fdd306ccd85a972c0dda9ecb6ac9c52ca,1,data/malware_images/images/njrat/60650fc37c6c479580e72960975e340fdd306ccd85a972c0dda9ecb6ac9c52ca.png
f0279da121c5da460f0d005e6d98c3ff0bc9f8207bfc12f08cf3136524edf304,0,data/benign_original/benign/f0279da121c5da460f0d005e6d98c3ff0bc9f8207bfc12f08cf3136524edf304.png
c7a62289406b0be5edbc9548c20bdd2ff66421de68c8a9e5093e6a20009ce53d,0,data/benign_original/benign/c7a62289406b0be5edbc9548c20bdd2ff66421de68c8a9e5093e6a20009ce53d.png
be2145de3c0bdac0ff8be9799eb5c3983a06d58c9b29160d172711b2eec66ba2,0,data/benign_original/benign/be2145de3c0bdac0ff8be9799eb5c3983a06d58c9b29160d172711b2eec66ba2.png
7d66e7261916a7a9e1c1006eef1640d46ae7cbfbc3a3a4f8c6a332c7d9b4e0e9,1,data/malware_images/images/Trickbot/7d66e7261916a7a9e1c1006eef1640d46ae7cbfbc3a3a4f8c6a332c7d9b4e0e9.png
f9597fce74b53aba3ad8ea08904f5114a8abfe5d0c5ef45851f59992d2b213bb,0,data/benign_original/benign/f9597fce74b53aba3ad8ea08904f5114a8abfe5d0c5ef45851f59992d2b213bb.png
ef094fdb0ff891dc935f2c7292bdbcf0425b2d9dc3fe390145ab6d768d1fbed4,0,data/benign_original/benign/ef094fdb0ff891dc935f2c7292bdbcf0425b2d9dc3fe390145ab6d768d1fbed4.png
522d60b1035981b5dbdf012d04d957470cdab1f11b46b9d28ec21fa53536b6b9,1,data/malware_images/images/IcedID/522d60b1035981b5dbdf012d04d957470cdab1f11b46b9d28ec21fa53536b6b9.png
fbc43e3432638b50001c42be3e10e1f248f051a6daa63eae5f9e132437a84e8f,1,data/malware_images/images/njrat/fbc43e3432638b50001c42be3e10e1f248f051a6daa63eae5f9e132437a84e8f.png
d5de04e6ca6b4fce6ad5c7ca2a0c99e82f269ce0c8f8a1f144e1c0490aed7593,0,data/benign_original/benign/d5de04e6ca6b4fce6ad5c7ca2a0c99e82f269ce0c8f8a1f144e1c0490aed7593.png
fcaac33922f1063b05f59f9ba25334b0bd6c26fa07673096f79c3a52eaa6bac4,0,data/benign_original/benign/fcaac33922f1063b05f59f9ba25334b0bd6c26fa07673096f79c3a52eaa6bac4.png
f36abd4f4fc9b2f53f3ca4bc0419fb1fe3458fdf4b4fbbf88aa3a9ded99b7b65,1,data/malware_images/images/njrat/f36abd4f4fc9b2f53f3ca4bc0419fb1fe3458fdf4b4fbbf88aa3a9ded99b7b65.png
06b7b7e2fc37a5e04e0975394033922f9f21963f05bb8ed1b68b7b720fd8c05c,1,data/malware_images/images/Trickbot/06b7b7e2fc37a5e04e0975394033922f9f21963f05bb8ed1b68b7b720fd8c05c.png
c3f9acf65e4f15a17f74b79fde380004b870a0a2d5eeab1c1a8c29609912f6db,0,data/benign_original/benign/c3f9acf65e4f15a17f74b79fde380004b870a0a2d5eeab1c1a8c29609912f6db.png
c3b1d2208f6cb80761924ab468a25d999dde7f912adb462e194d1d2a2bbf1171,0,data/benign_original/benign/c3b1d2208f6cb80761924ab468a25d999dde7f912adb462e194d1d2a2bbf1171.png
d4dc0252b814418cbd829017307f8b9eadcfee673d33072eb66b9479fa017580,0,data/benign_original/benign/d4dc0252b814418cbd829017307f8b9eadcfee673d33072eb66b9479fa017580.png
d24c35bbe155ba8170d399db9ebd0e70e63a5ba772d577f6a9b3eb6a2b6cd87f,0,data/benign_original/benign/d24c35bbe155ba8170d399db9ebd0e70e63a5ba772d577f6a9b3eb6a2b6cd87f.png
c516bbf423dc057c77b0eab95533422b5e3a807b43c6636a0f05d09f5451e5cc,0,data/benign_original/benign/c516bbf423dc057c77b0eab95533422b5e3a807b43c6636a0f05d09f5451e5cc.png
0e69c9e8e2447ea2c355e3daa30c1697427fe40748a0daabf2d996ab254e89cf,0,data/benign_original/benign/0e69c9e8e2447ea2c355e3daa30c1697427fe40748a0daabf2d996ab254e89cf.png
bbf3d61b4190215028065d55e13e26cddae04143ba6b71f236001f1e78825314,0,data/benign_original/benign/bbf3d61b4190215028065d55e13e26cddae04143ba6b71f236001f1e78825314.png
bab3ab8ea579591bdef301abf78a048ed0da5a1dd4ab8fcae70f40a82f77b6e4,0,data/benign_original/benign/bab3ab8ea579591bdef301abf78a048ed0da5a1dd4ab8fcae70f40a82f77b6e4.png
d2d2b104754e2a49b15b4cbd675ddf2919d1820c58f7e495b9d786bb43785141,1,data/malware_images/images/njrat/d2d2b104754e2a49b15b4cbd675ddf2919d1820c58f7e495b9d786bb43785141.png
18418f644f42620fe3ff0477ca6dfe68bac83c59ac260d3d4320c7f7f7a3323d,1,data/malware_images/images/Heodo/18418f644f42620fe3ff0477ca6dfe68bac83c59ac260d3d4320c7f7f7a3323d.png
a85bafaca5ae016fa9f16077b8de67edcc175176b2caec8ab30a648922b6fe8d,1,data/malware_images/images/Trickbot/a85bafaca5ae016fa9f16077b8de67edcc175176b2caec8ab30a648922b6fe8d.png
f3e4204e9884644fe7bef5c04414a5857a8362e5b7480f0ccc5569460728ee92,0,data/benign_original/benign/f3e4204e9884644fe7bef5c04414a5857a8362e5b7480f0ccc5569460728ee92.png
16b5504f55d019f8584d78672fea51b324a9951af34df58933659bc4deab55a1,1,data/malware_images/images/Gozi/16b5504f55d019f8584d78672fea51b324a9951af34df58933659bc4deab55a1.png
5b044f718cd5d6a2520d25c33b88f647a27b853d01fdeec1a788f15c68950405,1,data/malware_images/images/Trickbot/5b044f718cd5d6a2520d25c33b88f647a27b853d01fdeec1a788f15c68950405.png
dca6c76137a21eb065333fbc5dbc554a0c0cd340823d3d8a96a4a7caa8680019,0,data/benign_original/benign/dca6c76137a21eb065333fbc5dbc554a0c0cd340823d3d8a96a4a7caa8680019.png
51707360e28aa57ec8a8d7f42bc7c9ffe8969b5d19bf39a700cde35c0e4d3846,1,data/malware_images/images/njrat/51707360e28aa57ec8a8d7f42bc7c9ffe8969b5d19bf39a700cde35c0e4d3846.png
d71bff26ae9684243fbe6cea56258c8557aa31ba6622c6a835f62ba3e47714ce,0,data/benign_original/benign/d71bff26ae9684243fbe6cea56258c8557aa31ba6622c6a835f62ba3e47714ce.png
b6e97dbf4ec13dec0324ab2d66b8c771d4da6539087d84bf009b9a80b0f78799,0,data/benign_original/benign/b6e97dbf4ec13dec0324ab2d66b8c771d4da6539087d84bf009b9a80b0f78799.png
d9295800a68a51a4aab09c2785cd7887e867b59b267a1b2c27e0b06be7d1752e,1,data/malware_images/images/GuLoader/d9295800a68a51a4aab09c2785cd7887e867b59b267a1b2c27e0b06be7d1752e.png
d9073504ba97540b65006d851251f330bcfb130500daad9a7f8616cb5a6a9ba0,1,data/malware_images/images/GuLoader/d9073504ba97540b65006d851251f330bcfb130500daad9a7f8616cb5a6a9ba0.png
aa10bfe51228e5210c7e34372d4e9ebe75e920ba85edb2e6350c2e390899cf09,0,data/benign_original/benign/aa10bfe51228e5210c7e34372d4e9ebe75e920ba85edb2e6350c2e390899cf09.png
b26a6c7e6d63e4311acdb6bd3969e8f90c8a93bb7d56e4268e924aa5e1e81c2d,0,data/benign_original/benign/b26a6c7e6d63e4311acdb6bd3969e8f90c8a93bb7d56e4268e924aa5e1e81c2d.png
ecdc5ac196e52ed1ea0f5e0a5fe1634f9c9cd6fc4197843d7444138d72d6bc41,0,data/benign_original/benign/ecdc5ac196e52ed1ea0f5e0a5fe1634f9c9cd6fc4197843d7444138d72d6bc41.png
e08f47fa27572af25a084616ac58a414c27f96e0c77b6583ab28df2cddfd99ac,0,data/benign_original/benign/e08f47fa27572af25a084616ac58a414c27f96e0c77b6583ab28df2cddfd99ac.png
b6b139c8d19d0902460c7aa0a9c8e71bd608dddc4715493beb34f1f35d3dc21e,1,data/malware_images/images/Heodo/b6b139c8d19d0902460c7aa0a9c8e71bd608dddc4715493beb34f1f35d3dc21e.png
1217e3eeceb14ec67b66f0af056733efd7f9ea00213c420bded8d76d6ca80184,0,data/benign_original/benign/1217e3eeceb14ec67b66f0af056733efd7f9ea00213c420bded8d76d6ca80184.png
c2b807b25cff9dcaf393d03b193799819614e6ccaf64507745124c9697c1676b,0,data/benign_original/benign/c2b807b25cff9dcaf393d03b193799819614e6ccaf64507745124c9697c1676b.png
22a779635afa4a0d9959a78ff68be5a3f398a9a8a86633ca034efb14c7087228,1,data/malware_images/images/njrat/22a779635afa4a0d9959a78ff68be5a3f398a9a8a86633ca034efb14c7087228.png
b8b7b8a576e7c59fbb050ff50cfaec4aa5fe35845da1c86ab578fc9360d70c3e,1,data/malware_images/images/IcedID/b8b7b8a576e7c59fbb050ff50cfaec4aa5fe35845da1c86ab578fc9360d70c3e.png
bd36c1b4ea43c6b7e9f2193393c3dc7de90aef516691ab61ed0a61cc8f7265c9,0,data/benign_original/benign/bd36c1b4ea43c6b7e9f2193393c3dc7de90aef516691ab61ed0a61cc8f7265c9.png
53f94437c76cb9b5b4153fc36e38c34cf067cc8bce091505729a3ba507199c74,1,data/malware_images/images/IcedID/53f94437c76cb9b5b4153fc36e38c34cf067cc8bce091505729a3ba507199c74.png
26814ac4a62e9a9a3fe1059ba49709b161085cc3a1cbbdf5ee20beb742908083,1,data/malware_images/images/IcedID/26814ac4a62e9a9a3fe1059ba49709b161085cc3a1cbbdf5ee20beb742908083.png
5540a780d877bc56990467cf187eddabb425662222e74bcf883e9efaa324e827,1,data/malware_images/images/Trickbot/5540a780d877bc56990467cf187eddabb425662222e74bcf883e9efaa324e827.png
11b77b10208a290c4fcd159f4d59715f5d42afcd73a8c51068af115af0159bc2,1,data/malware_images/images/Trickbot/11b77b10208a290c4fcd159f4d59715f5d42afcd73a8c51068af115af0159bc2.png
a24c5d4c11f1d46b03ae1539df341c7247e1f8809b27a3b873449a1be218bd1e,1,data/malware_images/images/IcedID/a24c5d4c11f1d46b03ae1539df341c7247e1f8809b27a3b873449a1be218bd1e.png
ef0865290d3ee70c699ff85c4d196e65896156d0bdbe14a6953faf747466b70c,0,data/benign_original/benign/ef0865290d3ee70c699ff85c4d196e65896156d0bdbe14a6953faf747466b70c.png
561326c4a80b053433f3a0dd30732fd415c491e8994a5ae69a5b4da4bc5dfa07,1,data/malware_images/images/njrat/561326c4a80b053433f3a0dd30732fd415c491e8994a5ae69a5b4da4bc5dfa07.png
c7f15b3d375a0aabe596726aafa78512d3c4f4edec5f7fb6d78a93fc445916af,0,data/benign_original/benign/c7f15b3d375a0aabe596726aafa78512d3c4f4edec5f7fb6d78a93fc445916af.png
cac3e298f1b8544b83409bcc801d239330249cedc9c246c6d0e57f40e480294b,0,data/benign_original/benign/cac3e298f1b8544b83409bcc801d239330249cedc9c246c6d0e57f40e480294b.png
42ce7b6f24ecb6147af7f9e878093ffd58d66837bc86d84a62bacbaaeae1a370,1,data/malware_images/images/Trickbot/42ce7b6f24ecb6147af7f9e878093ffd58d66837bc86d84a62bacbaaeae1a370.png
03d585ea89f4e62bc18d42d1fadad0b02faca6d68c831e79fb542e9efd183f7a,1,data/malware_images/images/GuLoader/03d585ea89f4e62bc18d42d1fadad0b02faca6d68c831e79fb542e9efd183f7a.png
c68f1a3cb46476afab74822169f5d2c12230f391637e68ff3bd06bb2473eb900,0,data/benign_original/benign/c68f1a3cb46476afab74822169f5d2c12230f391637e68ff3bd06bb2473eb900.png
077a1514c1e8452cea89624a0f990a369fa2e654ce743b264fc9e3c85d7025e4,1,data/malware_images/images/njrat/077a1514c1e8452cea89624a0f990a369fa2e654ce743b264fc9e3c85d7025e4.png
bbd6bde5b8c92642cf6bf2cc0e3c64e41079b1a4a587423265fe9d589bf4d1f3,1,data/malware_images/images/IcedID/bbd6bde5b8c92642cf6bf2cc0e3c64e41079b1a4a587423265fe9d589bf4d1f3.png
3686c09b2a7755811095196bd155757b5316883d27266ca2d808ba38b410163a,0,data/benign_original/benign/3686c09b2a7755811095196bd155757b5316883d27266ca2d808ba38b410163a.png
ff1406ed3356d9ad0ef7e5f8cc004700665db6778b681d4c3afde686155828be,1,data/malware_images/images/Trickbot/ff1406ed3356d9ad0ef7e5f8cc004700665db6778b681d4c3afde686155828be.png
d7b031a5877b815aca5c6f066c775e7dc3c8da3c0a6b94af5d28af960138ec48,1,data/malware_images/images/GuLoader/d7b031a5877b815aca5c6f066c775e7dc3c8da3c0a6b94af5d28af960138ec48.png
af21243da675a515c8e2ca9d00b5628c1201125b1a29d46a9df0cb0b63769942,1,data/malware_images/images/njrat/af21243da675a515c8e2ca9d00b5628c1201125b1a29d46a9df0cb0b63769942.png
b5cd9da2c3364a5b201cecb0c80e25227d27ba44d96343d2894ff8ef3fd81550,0,data/benign_original/benign/b5cd9da2c3364a5b201cecb0c80e25227d27ba44d96343d2894ff8ef3fd81550.png
d3ee10b3963479f45341b6e37cdfbc5686b2cad78ea66d2ed449698a9cb00fdf,1,data/malware_images/images/Gozi/d3ee10b3963479f45341b6e37cdfbc5686b2cad78ea66d2ed449698a9cb00fdf.png
cfbc30be10cf90d2a785b18ed316a48c25013cae6294c5e56714fe97e7c41661,1,data/malware_images/images/Heodo/cfbc30be10cf90d2a785b18ed316a48c25013cae6294c5e56714fe97e7c41661.png
4d3483db9f403b2c31edf318f205aea3aac139843af9adff9534ac5420e8de40,1,data/malware_images/images/njrat/4d3483db9f403b2c31edf318f205aea3aac139843af9adff9534ac5420e8de40.png
fe82f2ef1bd9a1f398a7c7dda3e37b83437a2dffdce55e01249aa248cc34c289,0,data/benign_original/benign/fe82f2ef1bd9a1f398a7c7dda3e37b83437a2dffdce55e01249aa248cc34c289.png
9e719830c6b3db517f3a65154c01c6c960488b000477a9634109e4f13c415ab4,1,data/malware_images/images/Trickbot/9e719830c6b3db517f3a65154c01c6c960488b000477a9634109e4f13c415ab4.png
bf86a5eacefd565c673b90cfbd1b476f96c24d1bb913a5f755c58358b34583da,0,data/benign_original/benign/bf86a5eacefd565c673b90cfbd1b476f96c24d1bb913a5f755c58358b34583da.png
2ea61a28711cd9ac50e849c85c041faf5799e306beedaf0444df3a00a4aa0ea6,1,data/malware_images/images/IcedID/2ea61a28711cd9ac50e849c85c041faf5799e306beedaf0444df3a00a4aa0ea6.png
f7cbd8830e0e2c912f1cbe2cca80f7f04b22b921012e2a8a37f89d84e2142d5a,0,data/benign_original/benign/f7cbd8830e0e2c912f1cbe2cca80f7f04b22b921012e2a8a37f89d84e2142d5a.png
da2b36adb870af6fa5989b832378e161ddd99aa98f64bdf47d74d2be3d182e17,0,data/benign_original/benign/da2b36adb870af6fa5989b832378e161ddd99aa98f64bdf47d74d2be3d182e17.png
ed685c75de2518064936aba904d01df7426a54213f7a4d0cc22d963bd2878be3,0,data/benign_original/benign/ed685c75de2518064936aba904d01df7426a54213f7a4d0cc22d963bd2878be3.png
71e7152fcfaddd508da6c0a4b73a577081424da081c230a40e634d0e9c5570d9,1,data/malware_images/images/Trickbot/71e7152fcfaddd508da6c0a4b73a577081424da081c230a40e634d0e9c5570d9.png
ef12c1f39f55c6e53902f0fe92f5107dd2e2a495e8ed9bd85ea08479fad64487,0,data/benign_original/benign/ef12c1f39f55c6e53902f0fe92f5107dd2e2a495e8ed9bd85ea08479fad64487.png
24557ec8ffe59aa516fb1bfc09f046a2284ba087989c7873532489f5e5f47694,1,data/malware_images/images/Trickbot/24557ec8ffe59aa516fb1bfc09f046a2284ba087989c7873532489f5e5f47694.png
95eb7638d55540da2399cf427d20589bf0c6106593215f3e4df4a6053d8340fe,1,data/malware_images/images/GuLoader/95eb7638d55540da2399cf427d20589bf0c6106593215f3e4df4a6053d8340fe.png
d9120afad6e81bc45d2d927b72c2c027f17b55f6da00a391b9f4ff9f39a57ef3,0,data/benign_original/benign/d9120afad6e81bc45d2d927b72c2c027f17b55f6da00a391b9f4ff9f39a57ef3.png
bcfc34cba923f98aaef2289267664a3637c46b20d409a86e2eeefeb71f3cc4bb,1,data/malware_images/images/njrat/bcfc34cba923f98aaef2289267664a3637c46b20d409a86e2eeefeb71f3cc4bb.png
7330a7f614fab54c900d2de1b7c3f8b583225cf0396da04e800129c9a6fe908d,0,data/benign_original/benign/7330a7f614fab54c900d2de1b7c3f8b583225cf0396da04e800129c9a6fe908d.png
335b3264f676b4ee3b2ba4d3573209badae399a28ac462721a5e79ff2f77a2f7,1,data/malware_images/images/njrat/335b3264f676b4ee3b2ba4d3573209badae399a28ac462721a5e79ff2f77a2f7.png
6a9d852999a3bde1ec529fed2db0666b366ccf2d5df8223a43d1af6986eaf35f,1,data/malware_images/images/Gozi/6a9d852999a3bde1ec529fed2db0666b366ccf2d5df8223a43d1af6986eaf35f.png
e0ba6bdc6b9eb845ae73224d93b6993edb402168a48f65f4d1e3563b32deeb54,0,data/benign_original/benign/e0ba6bdc6b9eb845ae73224d93b6993edb402168a48f65f4d1e3563b32deeb54.png
83a398dec9085224850a075237a1c6466cbf277898f7031f44d82cc6bd498b68,1,data/malware_images/images/Trickbot/83a398dec9085224850a075237a1c6466cbf277898f7031f44d82cc6bd498b68.png
7e8e1de7b35bbdd1e9a7aedaa1e3e73602e778768052474e7e56140baaf85e37,1,data/malware_images/images/GuLoader/7e8e1de7b35bbdd1e9a7aedaa1e3e73602e778768052474e7e56140baaf85e37.png
cab66576fb3f8f8750ee98a261688984e053fc0142b2b6d5cd310b68d40bed6e,0,data/benign_original/benign/cab66576fb3f8f8750ee98a261688984e053fc0142b2b6d5cd310b68d40bed6e.png
f764c30a196f15927595120419390706b58acb148b91def9ec3d30155dc16dbb,1,data/malware_images/images/njrat/f764c30a196f15927595120419390706b58acb148b91def9ec3d30155dc16dbb.png
e444b4b930491a19fc838895c9a764d6a2f5d27a7347d880c075ff0480187ee2,0,data/benign_original/benign/e444b4b930491a19fc838895c9a764d6a2f5d27a7347d880c075ff0480187ee2.png
0b43e77fc9a0842fe7802692e884f57c8cec80e312ae842b368426eb8475351a,1,data/malware_images/images/IcedID/0b43e77fc9a0842fe7802692e884f57c8cec80e312ae842b368426eb8475351a.png
a00dd572aecd2c1fb8755b09cf33d85beecae09c804019409ca37742e55e8c3f,1,data/malware_images/images/IcedID/a00dd572aecd2c1fb8755b09cf33d85beecae09c804019409ca37742e55e8c3f.png
82627d2ae3b9f73237e422cd9b5c90aa5ae978e897fae447f06c1ec23e83a778,1,data/malware_images/images/njrat/82627d2ae3b9f73237e422cd9b5c90aa5ae978e897fae447f06c1ec23e83a778.png
084e715fe9ea4aefda1b2842b10265fcc1800e24404e4c747fb88b626e1a4f04,1,data/malware_images/images/GuLoader/084e715fe9ea4aefda1b2842b10265fcc1800e24404e4c747fb88b626e1a4f04.png
35060a40c0ee47f3df979144e9e3375ce324cfaa1acdad725967905beb679047,0,data/benign_original/benign/35060a40c0ee47f3df979144e9e3375ce324cfaa1acdad725967905beb679047.png
c503b793ac142a050724cd3bda62b15424f660c64e04baa0c1dbdfd429b53b1e,0,data/benign_original/benign/c503b793ac142a050724cd3bda62b15424f660c64e04baa0c1dbdfd429b53b1e.png
e47adb18253dbdf07276faef715d56fc3840b20ea2c2e6ec5690811afb7daed1,0,data/benign_original/benign/e47adb18253dbdf07276faef715d56fc3840b20ea2c2e6ec5690811afb7daed1.png
b8b9b4ca327392de31f79e819b06f89999d849e0fb519a1c7233a8936c8ff44c,1,data/malware_images/images/Trickbot/b8b9b4ca327392de31f79e819b06f89999d849e0fb519a1c7233a8936c8ff44c.png
fe03b2d0e0702dd8c40555ab81c4696400769d66a38af347516c3c70a76143d7,0,data/benign_original/benign/fe03b2d0e0702dd8c40555ab81c4696400769d66a38af347516c3c70a76143d7.png
c300664a3a8ad5c31439265ff90f60e9fd8a2b3f94a47b61785c2df886778d8d,0,data/benign_original/benign/c300664a3a8ad5c31439265ff90f60e9fd8a2b3f94a47b61785c2df886778d8d.png
d5cb195a8246863344ce7358e142b184d5b5652bb6334570aa2b13b811feb351,0,data/benign_original/benign/d5cb195a8246863344ce7358e142b184d5b5652bb6334570aa2b13b811feb351.png
d036422b90e15abd1763c07b479bc358adb7719d5bb14da896f8fd4de1bb67ba,0,data/benign_original/benign/d036422b90e15abd1763c07b479bc358adb7719d5bb14da896f8fd4de1bb67ba.png
4c6373e0c79655f2129ddb264d7540ccd7c1cd3e1a021821fade9644effb5ef0,1,data/malware_images/images/IcedID/4c6373e0c79655f2129ddb264d7540ccd7c1cd3e1a021821fade9644effb5ef0.png
35f3a3ce8bc8fb131fe4d9b57dd3dd5d8dbc28b6204b984e36378cd1d8ef0aee,1,data/malware_images/images/Trickbot/35f3a3ce8bc8fb131fe4d9b57dd3dd5d8dbc28b6204b984e36378cd1d8ef0aee.png
bc2aaf31c577fa5a76f40198aec4c8bdb1faa2c5adf99ef860dc6d6a800e9449,0,data/benign_original/benign/bc2aaf31c577fa5a76f40198aec4c8bdb1faa2c5adf99ef860dc6d6a800e9449.png
47a67e3cae859886e02539ebc68ccbf81ceca804fdbab710157882d6f94da1a2,1,data/malware_images/images/Trickbot/47a67e3cae859886e02539ebc68ccbf81ceca804fdbab710157882d6f94da1a2.png
dbb51c69359a30e87b3f5f013e4b03d5cb38d5f58bc9ddfbcd441c783a704ee8,0,data/benign_original/benign/dbb51c69359a30e87b3f5f013e4b03d5cb38d5f58bc9ddfbcd441c783a704ee8.png
e6f3330b3f9dc65665a4cd3d82194172b056ab449bb340fc96e80b9fd674d502,0,data/benign_original/benign/e6f3330b3f9dc65665a4cd3d82194172b056ab449bb340fc96e80b9fd674d502.png
e118a394bf4b43c72b4503259d4324a22599b3cc4284f66cdee6b11e87311655,0,data/benign_original/benign/e118a394bf4b43c72b4503259d4324a22599b3cc4284f66cdee6b11e87311655.png
d898d53e4b113d448f3dfe9021e452b739fcd60f6d168c7d757592cb7a1a041a,1,data/malware_images/images/Trickbot/d898d53e4b113d448f3dfe9021e452b739fcd60f6d168c7d757592cb7a1a041a.png
1e0eb8b0c0d141c819123f0952f2e6b5d0fff5e136f937b01e9ddb9fad4d7565,1,data/malware_images/images/Heodo/1e0eb8b0c0d141c819123f0952f2e6b5d0fff5e136f937b01e9ddb9fad4d7565.png
b9bb5bcde6fa0d3012e8e9a95d0149af9eefd1367d0fa509494e4247e6ea07c7,0,data/benign_original/benign/b9bb5bcde6fa0d3012e8e9a95d0149af9eefd1367d0fa509494e4247e6ea07c7.png
cb5181937bda34ce92120c57bbe8cf0335abeeba1131ac707f8a4050875dc0ca,0,data/benign_original/benign/cb5181937bda34ce92120c57bbe8cf0335abeeba1131ac707f8a4050875dc0ca.png
c9b54a3aa30a3973951c4cc308b0a707901e85e4fcbc4316144644f9e077f8d4,0,data/benign_original/benign/c9b54a3aa30a3973951c4cc308b0a707901e85e4fcbc4316144644f9e077f8d4.png
c54d5a88692421d77d756412135eb48fb6d7d0a453e2603639628a03530ac6f7,0,data/benign_original/benign/c54d5a88692421d77d756412135eb48fb6d7d0a453e2603639628a03530ac6f7.png
ee1bc6c8dcbf9a3aba9afcd9163e6f2277d4187f7a7b43deac983ce26cd7c9b0,0,data/benign_original/benign/ee1bc6c8dcbf9a3aba9afcd9163e6f2277d4187f7a7b43deac983ce26cd7c9b0.png
af269419229e827da2b7447dc781fb52aa84de21d820709340d746ceedf8c075,1,data/malware_images/images/Gozi/af269419229e827da2b7447dc781fb52aa84de21d820709340d746ceedf8c075.png
35e7cdcd224fe483ac22253bfdedfa771316eb49dadc8d64e2effb8d6d0d26c5,1,data/malware_images/images/Gozi/35e7cdcd224fe483ac22253bfdedfa771316eb49dadc8d64e2effb8d6d0d26c5.png
f56b20ab24d645c36510360527256f8ce3c7b3667755c9375302036919724bbb,0,data/benign_original/benign/f56b20ab24d645c36510360527256f8ce3c7b3667755c9375302036919724bbb.png
ee029ab56b4e0370c9b0cf875a7f7e399c00446f797d9a9bd98e8a97969b5327,1,data/malware_images/images/Trickbot/ee029ab56b4e0370c9b0cf875a7f7e399c00446f797d9a9bd98e8a97969b5327.png
34873d81dc7a0468d941294a1c62f9bb9e110d0f333f55de2da41ac6ead400d7,1,data/malware_images/images/Trickbot/34873d81dc7a0468d941294a1c62f9bb9e110d0f333f55de2da41ac6ead400d7.png
9d50a4f9ce524d40bbd02d6e5d8a24bca6b1005065add4bafc69ba198695506d,0,data/benign_original/benign/9d50a4f9ce524d40bbd02d6e5d8a24bca6b1005065add4bafc69ba198695506d.png
d3dcb6b7c05940a0507e5ec8138a44a03c76bf2da34c757cb207c6eb4ab22b9b,0,data/benign_original/benign/d3dcb6b7c05940a0507e5ec8138a44a03c76bf2da34c757cb207c6eb4ab22b9b.png
b7386046c9992f4176e42f1dd8edfb22b04ba33292a7f32ea40cdea1849c8e45,1,data/malware_images/images/Gozi/b7386046c9992f4176e42f1dd8edfb22b04ba33292a7f32ea40cdea1849c8e45.png
c58ffe884d088cae9121a01ca6162da89506cf9ce4de35b9668706f09539d621,0,data/benign_original/benign/c58ffe884d088cae9121a01ca6162da89506cf9ce4de35b9668706f09539d621.png
f5dfaa86997c4be93beeb08ba646c6ae5565ffc09b115829bf18bca9e84d8e14,1,data/malware_images/images/Trickbot/f5dfaa86997c4be93beeb08ba646c6ae5565ffc09b115829bf18bca9e84d8e14.png
de5ac5db01b9ad6d74e17ba1d7f21508ef9ea14195bdd0b1198edace1bea0d26,0,data/benign_original/benign/de5ac5db01b9ad6d74e17ba1d7f21508ef9ea14195bdd0b1198edace1bea0d26.png
647077abeb8245a803afb1bff23c41982fec487f716d09b4e276ffcda46e3611,1,data/malware_images/images/Trickbot/647077abeb8245a803afb1bff23c41982fec487f716d09b4e276ffcda46e3611.png
b14322fa433e93a9d512829bb351f959fbf6543fc3c2eeb06d8af60cb8312dc8,0,data/benign_original/benign/b14322fa433e93a9d512829bb351f959fbf6543fc3c2eeb06d8af60cb8312dc8.png
48b43f263539fe1ce6ebc9796d7c8b37cbc91964b978a8d7bf667ebf99a609a1,1,data/malware_images/images/Trickbot/48b43f263539fe1ce6ebc9796d7c8b37cbc91964b978a8d7bf667ebf99a609a1.png
b0745a7f1e3282d654ac53e84a41dfee38367eafe8f84c1e8295fcf7a2038171,0,data/benign_original/benign/b0745a7f1e3282d654ac53e84a41dfee38367eafe8f84c1e8295fcf7a2038171.png
19d4bf06db1d8e6eddf17deb439534bdd04f32a4d0bbd66758bfbb851687a992,0,data/benign_original/benign/19d4bf06db1d8e6eddf17deb439534bdd04f32a4d0bbd66758bfbb851687a992.png
6a5fa2a0d30e512ed9f64e432d8be5c703b607d4d3414d1583ec2bc6d7c24a8c,1,data/malware_images/images/njrat/6a5fa2a0d30e512ed9f64e432d8be5c703b607d4d3414d1583ec2bc6d7c24a8c.png
c00228933470ff819105e30cdf8c8ac6b3ff65bbcc216ec594fcba5ba05a7c2b,0,data/benign_original/benign/c00228933470ff819105e30cdf8c8ac6b3ff65bbcc216ec594fcba5ba05a7c2b.png
868b14c41e40633bd13225207987e9833d6dcc146f23a089631ff3c4849f1a6f,1,data/malware_images/images/Trickbot/868b14c41e40633bd13225207987e9833d6dcc146f23a089631ff3c4849f1a6f.png
b7a2344533d6dbb8f18f6f625188a77b332f1de313c38f13db276eb5e0726ca7,0,data/benign_original/benign/b7a2344533d6dbb8f18f6f625188a77b332f1de313c38f13db276eb5e0726ca7.png
d45dea6de69d22db30fb3e1adfdcb1ee812f654ea27d6c2cc06a2879f0853410,1,data/malware_images/images/Trickbot/d45dea6de69d22db30fb3e1adfdcb1ee812f654ea27d6c2cc06a2879f0853410.png
d95753ec8aa7da87cd519e3c77d16da579815cc53c564a77192f65c4a01c043d,0,data/benign_original/benign/d95753ec8aa7da87cd519e3c77d16da579815cc53c564a77192f65c4a01c043d.png
d499f84ef2cb708212c2e43f2d1e543fb7fce6a6f12514d2b2596f7916fe7cae,0,data/benign_original/benign/d499f84ef2cb708212c2e43f2d1e543fb7fce6a6f12514d2b2596f7916fe7cae.png
2a6e278d7e7f4035f7eda4aab88edd45e8b929e44bf96a2b4a351bc9f8dad17f,1,data/malware_images/images/njrat/2a6e278d7e7f4035f7eda4aab88edd45e8b929e44bf96a2b4a351bc9f8dad17f.png
ab9c78262035b4c7571482f32a7e8e423cd1c4bc7c78df8aacd1b3ce223f5658,1,data/malware_images/images/njrat/ab9c78262035b4c7571482f32a7e8e423cd1c4bc7c78df8aacd1b3ce223f5658.png
a81aa093f5b1278af943f7b47498e2b3847394187e19a66b3bd5e6a302dc9e38,1,data/malware_images/images/IcedID/a81aa093f5b1278af943f7b47498e2b3847394187e19a66b3bd5e6a302dc9e38.png
baed21616ff491ba585f7f08b87976f3374d9a576b85a1b84ed33e2c05180e20,0,data/benign_original/benign/baed21616ff491ba585f7f08b87976f3374d9a576b85a1b84ed33e2c05180e20.png
e0241c10842d62e8756745d122a29e7e2f45b6a14cebb4e417e76f5db898c623,1,data/malware_images/images/Gozi/e0241c10842d62e8756745d122a29e7e2f45b6a14cebb4e417e76f5db898c623.png
e24fb57dcf71f39738571c227c14efbbf5b0bff26be0865d77faadc5c6b7bd83,0,data/benign_original/benign/e24fb57dcf71f39738571c227c14efbbf5b0bff26be0865d77faadc5c6b7bd83.png
b881921987f84279c6d020a2f8b2aa7864e2b0310058e074bc619b81dff2b423,0,data/benign_original/benign/b881921987f84279c6d020a2f8b2aa7864e2b0310058e074bc619b81dff2b423.png
0222aaf048e5bc28f88d03862f133bc444d358f06201e00dcc93422c81e5bcca,0,data/benign_original/benign/0222aaf048e5bc28f88d03862f133bc444d358f06201e00dcc93422c81e5bcca.png
c32f1d812df332b17d035826f732845d18c9ad28d129b1b86fe2a460b479f9fc,1,data/malware_images/images/Trickbot/c32f1d812df332b17d035826f732845d18c9ad28d129b1b86fe2a460b479f9fc.png
77179aa65c79846eb2713f76d26a5dc8ea4695bb9d3d8395ef7f9ede657081c7,1,data/malware_images/images/njrat/77179aa65c79846eb2713f76d26a5dc8ea4695bb9d3d8395ef7f9ede657081c7.png
4dbc1f8a103619e02af35565c39694d1108db370ffdde23f57842a1fbefa8dff,1,data/malware_images/images/Trickbot/4dbc1f8a103619e02af35565c39694d1108db370ffdde23f57842a1fbefa8dff.png
b827c27d346d15fd234bf0de0f2a61935a4ff83483fc500ba015a2839a24dc41,0,data/benign_original/benign/b827c27d346d15fd234bf0de0f2a61935a4ff83483fc500ba015a2839a24dc41.png
b106a33091dcd306b1bdb22503958bcbdd0f85d24eebcee2482ae90e72394409,0,data/benign_original/benign/b106a33091dcd306b1bdb22503958bcbdd0f85d24eebcee2482ae90e72394409.png
53b08ccf3f21eb6c4c2556fd290210d57d8bcdfc92735573ee20839b81a2a98d,1,data/malware_images/images/GuLoader/53b08ccf3f21eb6c4c2556fd290210d57d8bcdfc92735573ee20839b81a2a98d.png
640dd24a160931482cf5330b98fd6df6f0a342767bcd97604b800ffd96e5d923,1,data/malware_images/images/Gozi/640dd24a160931482cf5330b98fd6df6f0a342767bcd97604b800ffd96e5d923.png
c7d1aa325b3c361524370fe9c7d5e1d8e0b5d968771e6727b8042e1dd30cd50d,0,data/benign_original/benign/c7d1aa325b3c361524370fe9c7d5e1d8e0b5d968771e6727b8042e1dd30cd50d.png
ba7051cfdb79d4e3109f67708b21f2466dca681581727f45a0834d7994a296ee,1,data/malware_images/images/Heodo/ba7051cfdb79d4e3109f67708b21f2466dca681581727f45a0834d7994a296ee.png
668ec5b9759f0349cc79113c4d2bb62ebf2239de79532f97248b242df8608a3c,1,data/malware_images/images/njrat/668ec5b9759f0349cc79113c4d2bb62ebf2239de79532f97248b242df8608a3c.png
8841139a2739207235aa3d30d6b9b58bf55ec221d75e48cf254c195e0f87778b,1,data/malware_images/images/njrat/8841139a2739207235aa3d30d6b9b58bf55ec221d75e48cf254c195e0f87778b.png
cce30544a7d4f70af3637bcb77031ff2ac7c63cc48e01fc6ad08605a246d4c57,0,data/benign_original/benign/cce30544a7d4f70af3637bcb77031ff2ac7c63cc48e01fc6ad08605a246d4c57.png
d7b1cf58898046c430d49cf8f778e4898280f4709340c3938d3139894166fe8d,0,data/benign_original/benign/d7b1cf58898046c430d49cf8f778e4898280f4709340c3938d3139894166fe8d.png
dbf96f81c4819fd8aebc246b6e64971dbcedafd9ca4a6a266e7ff64b4a82d095,1,data/malware_images/images/njrat/dbf96f81c4819fd8aebc246b6e64971dbcedafd9ca4a6a266e7ff64b4a82d095.png
ba58526958ab138b0e1e70793a9aa2db4298e1558bbec658a6c751605a677459,0,data/benign_original/benign/ba58526958ab138b0e1e70793a9aa2db4298e1558bbec658a6c751605a677459.png
ea93a56d052e8b349496b03e1195f384307d530d97436e133fcbf8e21c9be879,0,data/benign_original/benign/ea93a56d052e8b349496b03e1195f384307d530d97436e133fcbf8e21c9be879.png
c016a668492cd5eb015b408aa94b4700e13dbb7ec3ea239c61c4abf11d3cd717,0,data/benign_original/benign/c016a668492cd5eb015b408aa94b4700e13dbb7ec3ea239c61c4abf11d3cd717.png
954143296f2ab4059ebfd0569b75fe26f4305daba6b6c7e2579ce7a57322edf5,1,data/malware_images/images/Gozi/954143296f2ab4059ebfd0569b75fe26f4305daba6b6c7e2579ce7a57322edf5.png
8eaf366ba4b2ee3a317823830595b76da50973e643f4ae575304f898668371b2,1,data/malware_images/images/Gozi/8eaf366ba4b2ee3a317823830595b76da50973e643f4ae575304f898668371b2.png
90cd362d92ba84475024206fc7dbfdf5c97cc87662a63955b3e785a98a1d175f,1,data/malware_images/images/Trickbot/90cd362d92ba84475024206fc7dbfdf5c97cc87662a63955b3e785a98a1d175f.png
e1925999dbbb3072576e54eb14381b28250d6f8508ed890cc3463763d1a5550f,1,data/malware_images/images/Heodo/e1925999dbbb3072576e54eb14381b28250d6f8508ed890cc3463763d1a5550f.png
e3e7f4f6150ef0f35d295802aadd1d456c488b500e6fd26a35019b419d325351,0,data/benign_original/benign/e3e7f4f6150ef0f35d295802aadd1d456c488b500e6fd26a35019b419d325351.png
078658916e4e7df4d6e638f17c2e686a1ae7cce316cd8c7e302d7de8f86a2d7e,1,data/malware_images/images/njrat/078658916e4e7df4d6e638f17c2e686a1ae7cce316cd8c7e302d7de8f86a2d7e.png
d599a9073cd7bd251debf6ee5755dd5ed5b5364fccf03450783a1563df3c42df,1,data/malware_images/images/Trickbot/d599a9073cd7bd251debf6ee5755dd5ed5b5364fccf03450783a1563df3c42df.png
cd7a37f44bebbb8035d850f3560b2e213927a104b6404dacf134f5bb0271ba0e,0,data/benign_original/benign/cd7a37f44bebbb8035d850f3560b2e213927a104b6404dacf134f5bb0271ba0e.png
5765ab042165ae13a23f47375a4911f1e9428518e20c52735d4edd3099c9dcbc,1,data/malware_images/images/Heodo/5765ab042165ae13a23f47375a4911f1e9428518e20c52735d4edd3099c9dcbc.png
18dc7ad4fd5ffd0ec8b8f12884b41f3ace4e2ba95f704175ebf0a0eead74ba36,1,data/malware_images/images/GuLoader/18dc7ad4fd5ffd0ec8b8f12884b41f3ace4e2ba95f704175ebf0a0eead74ba36.png
b237a22d7852d9e2a541f50cd9c107fb917b798defc45ed5a47bfdabb1097e13,0,data/benign_original/benign/b237a22d7852d9e2a541f50cd9c107fb917b798defc45ed5a47bfdabb1097e13.png
bce696dc8958f7b4d7a659aa87945f23ac011a8351fe6d9c2db44c95386cd1af,0,data/benign_original/benign/bce696dc8958f7b4d7a659aa87945f23ac011a8351fe6d9c2db44c95386cd1af.png
092150d5044a696d1255c88e158d02d676bc11a7c47e6e62dd4e7c8fb027657e,1,data/malware_images/images/GuLoader/092150d5044a696d1255c88e158d02d676bc11a7c47e6e62dd4e7c8fb027657e.png
d1fed66d27d286a11db1fd71bcf06d6a33b92490e53a8dcecf5d80d98a9c15a2,0,data/benign_original/benign/d1fed66d27d286a11db1fd71bcf06d6a33b92490e53a8dcecf5d80d98a9c15a2.png
fddc5a7b3c5a357936fd60aabebb82ac9af7f07a3f539ec7c41b87cf08e9fd6e,0,data/benign_original/benign/fddc5a7b3c5a357936fd60aabebb82ac9af7f07a3f539ec7c41b87cf08e9fd6e.png
ef18458c4dcb93f6b4eac07e1589cf3450bf878f2dd623f5d34f6a0f1b16e57a,0,data/benign_original/benign/ef18458c4dcb93f6b4eac07e1589cf3450bf878f2dd623f5d34f6a0f1b16e57a.png
ee0f0f2d44f634560cfee400549bfc516cd2a8275a086529e07944025d82a464,0,data/benign_original/benign/ee0f0f2d44f634560cfee400549bfc516cd2a8275a086529e07944025d82a464.png
cb5e88632388c98840a5cc26b3770fd9494b1ac64d4de1f93dfa2c817146fc17,0,data/benign_original/benign/cb5e88632388c98840a5cc26b3770fd9494b1ac64d4de1f93dfa2c817146fc17.png
d2ea91ec8911feec5415b6206956ad608c7acd357fd6c18d24f2adf714620947,0,data/benign_original/benign/d2ea91ec8911feec5415b6206956ad608c7acd357fd6c18d24f2adf714620947.png
b9689def990ba4d8db5f260e373c7ccd442ce09b468af9d97a906cfda1863826,1,data/malware_images/images/IcedID/b9689def990ba4d8db5f260e373c7ccd442ce09b468af9d97a906cfda1863826.png
be698793a51821501c5aa0b066d4fc02e943231adafb48f2edbeeb66d462cb01,0,data/benign_original/benign/be698793a51821501c5aa0b066d4fc02e943231adafb48f2edbeeb66d462cb01.png
c14f7ece9b6c84d7e81839663fdfcb3cd3eacd06503f02e1cd4ccd9bb90019ca,1,data/malware_images/images/IcedID/c14f7ece9b6c84d7e81839663fdfcb3cd3eacd06503f02e1cd4ccd9bb90019ca.png
eb4582cb00844df09a71aa8f41a8f05f6775230e35f8775c7b52302dc6d0716c,1,data/malware_images/images/GuLoader/eb4582cb00844df09a71aa8f41a8f05f6775230e35f8775c7b52302dc6d0716c.png
c2e44ae71e298830192ebd8d5f6191e28e6402bb335d0c76a856c333ae5a15be,0,data/benign_original/benign/c2e44ae71e298830192ebd8d5f6191e28e6402bb335d0c76a856c333ae5a15be.png
620e100a8454a1fe2978e299f7b591c07589bf257bd2b1913c3b7ad601699e4b,1,data/malware_images/images/GuLoader/620e100a8454a1fe2978e299f7b591c07589bf257bd2b1913c3b7ad601699e4b.png
ea8afd1a001b026f10bf0e72c9eef95f1ea7b218ef9bdeb43c79c94d2260cada,0,data/benign_original/benign/ea8afd1a001b026f10bf0e72c9eef95f1ea7b218ef9bdeb43c79c94d2260cada.png
e3deba276ca79cf6617fe6ba8f2c414d5fd078a82c87f3e6a62c7316095430c2,1,data/malware_images/images/njrat/e3deba276ca79cf6617fe6ba8f2c414d5fd078a82c87f3e6a62c7316095430c2.png
1e77593073ce7c57226c55e20d5ca2e09c84c86a083a9d56b3dd1bb732305683,1,data/malware_images/images/njrat/1e77593073ce7c57226c55e20d5ca2e09c84c86a083a9d56b3dd1bb732305683.png
90c4c6b41abd6f5c2b5a5f821bd26872b63f7181bf99d331f3af198f35a1c1c0,1,data/malware_images/images/njrat/90c4c6b41abd6f5c2b5a5f821bd26872b63f7181bf99d331f3af198f35a1c1c0.png
eea739a45043bc303e88318324e89e3421113bbecc38c1e005216eb8e0b8f7b3,1,data/malware_images/images/IcedID/eea739a45043bc303e88318324e89e3421113bbecc38c1e005216eb8e0b8f7b3.png
4a2d3175bbb67e417e5ff643ab86c0d4ac17e748d1d70dbb85b45fc0008bcf2a,0,data/benign_original/benign/4a2d3175bbb67e417e5ff643ab86c0d4ac17e748d1d70dbb85b45fc0008bcf2a.png
849d5cb874304ad34c83c0e773b3317d62244aaa72eeb855e6a6d90a56927de6,1,data/malware_images/images/njrat/849d5cb874304ad34c83c0e773b3317d62244aaa72eeb855e6a6d90a56927de6.png
eeeb989ea0e929faafe1afefe164f73ec16539fd7f9ff28a89a816bda0773605,0,data/benign_original/benign/eeeb989ea0e929faafe1afefe164f73ec16539fd7f9ff28a89a816bda0773605.png
38e2b8e3108feee7a061f02c7757849a2db2863626c6351557724a5d92fdcbae,1,data/malware_images/images/Gozi/38e2b8e3108feee7a061f02c7757849a2db2863626c6351557724a5d92fdcbae.png
5a0f4fa2c578675590ac317e392f78abfc19577a7f8c964e708a1ad436e58a37,0,data/benign_original/benign/5a0f4fa2c578675590ac317e392f78abfc19577a7f8c964e708a1ad436e58a37.png
b2b796dce52fb672bfbdf9700bdb15cc98300d48537953f40c92d2a5b33baa9f,0,data/benign_original/benign/b2b796dce52fb672bfbdf9700bdb15cc98300d48537953f40c92d2a5b33baa9f.png
30fa3790d2049953b8063d77689133c712e58df4cc4f9cbbbddaa96bf79941ee,0,data/benign_original/benign/30fa3790d2049953b8063d77689133c712e58df4cc4f9cbbbddaa96bf79941ee.png
405aa9fb1429654972d0a5dd9f93e7fcbe3499d96d27ffc3fa99c535187c23e4,1,data/malware_images/images/Trickbot/405aa9fb1429654972d0a5dd9f93e7fcbe3499d96d27ffc3fa99c535187c23e4.png
ec9fb6d33d7c1282769cc8a5ae5c1c5628e056c8a03093d8069feedf02f452d8,0,data/benign_original/benign/ec9fb6d33d7c1282769cc8a5ae5c1c5628e056c8a03093d8069feedf02f452d8.png
f1a09328ddc4c9d07aeffb848e6c356241eedbf2418e44a8b3f13d16da7b6165,1,data/malware_images/images/Trickbot/f1a09328ddc4c9d07aeffb848e6c356241eedbf2418e44a8b3f13d16da7b6165.png
b396ddf5054b5645e710c1c266d9410577406074aafc6e4bd14b90986cc1e395,0,data/benign_original/benign/b396ddf5054b5645e710c1c266d9410577406074aafc6e4bd14b90986cc1e395.png
f28cf8d446ac40504a14d064212019e4a892a0045926e94df586eb65eb7e6647,0,data/benign_original/benign/f28cf8d446ac40504a14d064212019e4a892a0045926e94df586eb65eb7e6647.png
d70b11285e12264eee494c3124044d523f5555d4086da2de1dabb83b5fbb63e9,0,data/benign_original/benign/d70b11285e12264eee494c3124044d523f5555d4086da2de1dabb83b5fbb63e9.png
de56905badb927b461492d516efd40a85e5c54340ffea62b0ed571f4ae826007,1,data/malware_images/images/Trickbot/de56905badb927b461492d516efd40a85e5c54340ffea62b0ed571f4ae826007.png
8b3d0f667e789aada31ebcff914bf61e811d33c9faf6205424e3b27bad4ffebb,1,data/malware_images/images/njrat/8b3d0f667e789aada31ebcff914bf61e811d33c9faf6205424e3b27bad4ffebb.png
ab138bbc4c50028ba5fcb2f2fb9dd1907647c1503eefebf01ad0fbb2f8d92fb1,1,data/malware_images/images/GuLoader/ab138bbc4c50028ba5fcb2f2fb9dd1907647c1503eefebf01ad0fbb2f8d92fb1.png
e403a619f7fc8a99f828ef7c3e4374a3908d3942fe8c3657fd57a49139ca5c16,1,data/malware_images/images/Trickbot/e403a619f7fc8a99f828ef7c3e4374a3908d3942fe8c3657fd57a49139ca5c16.png
4197fc76b3e00145191b260c9ae8e98531d966202669ad39d34137ce303d3566,0,data/benign_original/benign/4197fc76b3e00145191b260c9ae8e98531d966202669ad39d34137ce303d3566.png
fb27e4a9c39dc2140facd830f1a64c55e0b7081efcc7ebf2018b7c37728f9493,0,data/benign_original/benign/fb27e4a9c39dc2140facd830f1a64c55e0b7081efcc7ebf2018b7c37728f9493.png
306886791fa21f7ca8ee1ddaf0bc093005f3f45ff295634d6f70446cc922e420,1,data/malware_images/images/Heodo/306886791fa21f7ca8ee1ddaf0bc093005f3f45ff295634d6f70446cc922e420.png
d0ec83e6bdabb256405fb8125b830fa9fd329baa9542afafba6b96936b3debb7,0,data/benign_original/benign/d0ec83e6bdabb256405fb8125b830fa9fd329baa9542afafba6b96936b3debb7.png
27f1277673d83f49d757265db319753cb6c2b497df3b9f4007ff81bd56cc930b,0,data/benign_original/benign/27f1277673d83f49d757265db319753cb6c2b497df3b9f4007ff81bd56cc930b.png
a932f00e6e4c465a92e46b8e015a3b4aaeea995c10d0d584b029f27e9d81f0ed,1,data/malware_images/images/Trickbot/a932f00e6e4c465a92e46b8e015a3b4aaeea995c10d0d584b029f27e9d81f0ed.png
b555089cf1a5e06001b94c4d6a2bff3c8e8e564a81c7e3e0518702fb0190dfa0,0,data/benign_original/benign/b555089cf1a5e06001b94c4d6a2bff3c8e8e564a81c7e3e0518702fb0190dfa0.png
b5d8a878947d4572f77e237450a07671856b8097f859a67b7157d79dbc3073fe,0,data/benign_original/benign/b5d8a878947d4572f77e237450a07671856b8097f859a67b7157d79dbc3073fe.png
bf463b7ee2235f351309b5fd790f514acf2b55a4a1f90222f7479024cc28fc34,0,data/benign_original/benign/bf463b7ee2235f351309b5fd790f514acf2b55a4a1f90222f7479024cc28fc34.png
e1d4a20284b1f9cd08c510d707184a4924051d340dfebe75bd73236b0c43e307,0,data/benign_original/benign/e1d4a20284b1f9cd08c510d707184a4924051d340dfebe75bd73236b0c43e307.png
e868bbd65efb5d380540f4cfdec3ab7075886c94742f7bcdc45ade752eec81ab,1,data/malware_images/images/njrat/e868bbd65efb5d380540f4cfdec3ab7075886c94742f7bcdc45ade752eec81ab.png
d03de3cebbf4090786c7b102cf654081764d7807bb16e602015ea0f759ee16f9,0,data/benign_original/benign/d03de3cebbf4090786c7b102cf654081764d7807bb16e602015ea0f759ee16f9.png
cd6fbc042d9e6c223822320552d43955653b8cf4f9b77ad9e96f15f9906dc376,1,data/malware_images/images/Trickbot/cd6fbc042d9e6c223822320552d43955653b8cf4f9b77ad9e96f15f9906dc376.png
c03552350323144eb3b6c1418fd1f3b04e71d078b0bc60bdbe81ab863995b1d1,0,data/benign_original/benign/c03552350323144eb3b6c1418fd1f3b04e71d078b0bc60bdbe81ab863995b1d1.png
b67ddffd73af5faaf4c1ba590ba966c260880fe154e07cfce3c4e5cb5b0e86ab,0,data/benign_original/benign/b67ddffd73af5faaf4c1ba590ba966c260880fe154e07cfce3c4e5cb5b0e86ab.png
6a9a159154eb384f56b453c29c18e30eb60b8fbb391c79e342ae8c0eafe1afb3,1,data/malware_images/images/GuLoader/6a9a159154eb384f56b453c29c18e30eb60b8fbb391c79e342ae8c0eafe1afb3.png
107aa8ad540bf0d27026d62a7e97bee932038c6b9cb0bfca95bbf99c0edaf329,1,data/malware_images/images/Gozi/107aa8ad540bf0d27026d62a7e97bee932038c6b9cb0bfca95bbf99c0edaf329.png
ec6b379e5a519d52cfee6231073da14e2d5c8e196b9d1f20f342d4f9b215b2b0,0,data/benign_original/benign/ec6b379e5a519d52cfee6231073da14e2d5c8e196b9d1f20f342d4f9b215b2b0.png
dd4d2e361672cc6c765076f53836723f60f8d762679131cf4fae8b94d30a669b,0,data/benign_original/benign/dd4d2e361672cc6c765076f53836723f60f8d762679131cf4fae8b94d30a669b.png
b9c2b424ec3247e4b7a2f1affdaace6bd39223767b0a8af4a2dc92543e20479c,1,data/malware_images/images/njrat/b9c2b424ec3247e4b7a2f1affdaace6bd39223767b0a8af4a2dc92543e20479c.png
af77de5745915990b7d8ff40ed7b71f841f0d2d6edd789c0cb4fe8e10ae2d178,0,data/benign_original/benign/af77de5745915990b7d8ff40ed7b71f841f0d2d6edd789c0cb4fe8e10ae2d178.png
fb56afdc7fd6bd323eb377dc9501637625c3fe191edff85773f0be45e1854170,0,data/benign_original/benign/fb56afdc7fd6bd323eb377dc9501637625c3fe191edff85773f0be45e1854170.png
c333ab6bd97f538cef83db77ee9625adb7d4f5a0a8f3b6d53c7f7fca55624736,0,data/benign_original/benign/c333ab6bd97f538cef83db77ee9625adb7d4f5a0a8f3b6d53c7f7fca55624736.png
492221cf511865f5f26b2a3acab04d136b798fa93356123469e7a6d4acb6d6e9,0,data/benign_original/benign/492221cf511865f5f26b2a3acab04d136b798fa93356123469e7a6d4acb6d6e9.png
ebbd1d6418399e3ff4136fed0ceb9d05d8aba934e352d233d279d1f42957574d,0,data/benign_original/benign/ebbd1d6418399e3ff4136fed0ceb9d05d8aba934e352d233d279d1f42957574d.png
4b6543e4fa615e01b202f4e0c05c43faf34671130d1644cb4195c6f257241a05,1,data/malware_images/images/IcedID/4b6543e4fa615e01b202f4e0c05c43faf34671130d1644cb4195c6f257241a05.png
97831c395585ea74112e9f2c6b2ef67c66e5bb349b3c78cf9eb6ae33422e1c3c,1,data/malware_images/images/njrat/97831c395585ea74112e9f2c6b2ef67c66e5bb349b3c78cf9eb6ae33422e1c3c.png
b596016d60a01e5fb98389d4d8fb68acf6bd7ffd43726c39532da508073a9a3c,1,data/malware_images/images/GuLoader/b596016d60a01e5fb98389d4d8fb68acf6bd7ffd43726c39532da508073a9a3c.png
d1d4cfe749d56334e9e18d18d1193a5137220ea85ac8c9d53f8e0d9a01f63769,1,data/malware_images/images/IcedID/d1d4cfe749d56334e9e18d18d1193a5137220ea85ac8c9d53f8e0d9a01f63769.png
2784ba5b7590615d57c8a358c4f0bd8fe10b0da5b7b1804d2c001c978aa43bb0,1,data/malware_images/images/IcedID/2784ba5b7590615d57c8a358c4f0bd8fe10b0da5b7b1804d2c001c978aa43bb0.png
4859684e359b34a60f11ee19532df88abfc16b151581951d263f72e070e83ac4,0,data/benign_original/benign/4859684e359b34a60f11ee19532df88abfc16b151581951d263f72e070e83ac4.png
e1c508f3931988440b17bace11699a8827f52f38b4c4218ae130d1ec09c6fcef,0,data/benign_original/benign/e1c508f3931988440b17bace11699a8827f52f38b4c4218ae130d1ec09c6fcef.png
8d4a19f6f6bea669bd04e5934f483d03a538dccc070a05269a8375315ae01562,1,data/malware_images/images/IcedID/8d4a19f6f6bea669bd04e5934f483d03a538dccc070a05269a8375315ae01562.png
b1d74187c013579db196f6a09286a5113b97704cc4273e423d9a9b2c8a8c4fc5,0,data/benign_original/benign/b1d74187c013579db196f6a09286a5113b97704cc4273e423d9a9b2c8a8c4fc5.png
b69e1959c3eeeafc7fb80fd8032e925d443d335d4687776e901072ca583de2ac,0,data/benign_original/benign/b69e1959c3eeeafc7fb80fd8032e925d443d335d4687776e901072ca583de2ac.png
d4d34acf926b850882e5975f1f99ec8854891ea66b0d2cc6dbe416eab9088a1c,0,data/benign_original/benign/d4d34acf926b850882e5975f1f99ec8854891ea66b0d2cc6dbe416eab9088a1c.png
e2136c8268bb5be4fe2a295a9bb9250c00437452cd3d65822290e3a68b1fb94b,1,data/malware_images/images/njrat/e2136c8268bb5be4fe2a295a9bb9250c00437452cd3d65822290e3a68b1fb94b.png
ffe68860d3d4320a2152bb2f3a636eb0f484f9f81a14b112c5f349b7c3d79f76,1,data/malware_images/images/GuLoader/ffe68860d3d4320a2152bb2f3a636eb0f484f9f81a14b112c5f349b7c3d79f76.png
c285d67f3395b72f1910ef73c6734d9ec493a13b7532c585f777d629fc88e705,1,data/malware_images/images/Trickbot/c285d67f3395b72f1910ef73c6734d9ec493a13b7532c585f777d629fc88e705.png
ecff65afb426850b1d777e4489219db5c3a89199210943a2888a0ff53e2e5ee5,0,data/benign_original/benign/ecff65afb426850b1d777e4489219db5c3a89199210943a2888a0ff53e2e5ee5.png
669dd5e1578dae9b92617820371eefa29cd12a1101c99701138b6b6ebaf87f61,0,data/benign_original/benign/669dd5e1578dae9b92617820371eefa29cd12a1101c99701138b6b6ebaf87f61.png
9a1fe1c013209d9f4bb9a7f6ad2e90c54f9ce41bdf34bdead70a97c92e78ffc1,1,data/malware_images/images/Trickbot/9a1fe1c013209d9f4bb9a7f6ad2e90c54f9ce41bdf34bdead70a97c92e78ffc1.png
e241a17bf0456cb50592bcb471b4f5465d45db17b8a3b84dd7901e6617713a06,0,data/benign_original/benign/e241a17bf0456cb50592bcb471b4f5465d45db17b8a3b84dd7901e6617713a06.png
0a74c8a7623b9b119511f2825bf010ae261833fb9a64e18df4dbc780d7b0d44a,1,data/malware_images/images/njrat/0a74c8a7623b9b119511f2825bf010ae261833fb9a64e18df4dbc780d7b0d44a.png
dfcd9ba733b1681f19e5ad979e2216004bb7f73d930a91b1133546e6f5d9ac55,1,data/malware_images/images/Trickbot/dfcd9ba733b1681f19e5ad979e2216004bb7f73d930a91b1133546e6f5d9ac55.png
46b42be426b909061340357b722fc7b91b21da83cf3fd9c09af2e1c5accc875f,1,data/malware_images/images/Gozi/46b42be426b909061340357b722fc7b91b21da83cf3fd9c09af2e1c5accc875f.png
c12f0ab0338eb5031d3d04beaf7208ac848f7e037d21ff963d2af90221cbe935,0,data/benign_original/benign/c12f0ab0338eb5031d3d04beaf7208ac848f7e037d21ff963d2af90221cbe935.png
8fb4897bc2d35aa62486e51ed15f67f55aacd87498cbb620ea3acd57f51ddfe8,1,data/malware_images/images/Heodo/8fb4897bc2d35aa62486e51ed15f67f55aacd87498cbb620ea3acd57f51ddfe8.png
cea322c171f98a21ceba1a313bcdc58aeb9b67069f487bbfb6f9b0badb888da8,1,data/malware_images/images/Trickbot/cea322c171f98a21ceba1a313bcdc58aeb9b67069f487bbfb6f9b0badb888da8.png
c1881a0b0bcc5e753f64c9dac7c748cdeee3d5e2b780d398eb2060ae0d23096f,1,data/malware_images/images/IcedID/c1881a0b0bcc5e753f64c9dac7c748cdeee3d5e2b780d398eb2060ae0d23096f.png
5bd93c7a5cb3ad74b52676041ab92d588ac8a263bf2bd49871c4e7f76345d690,1,data/malware_images/images/Trickbot/5bd93c7a5cb3ad74b52676041ab92d588ac8a263bf2bd49871c4e7f76345d690.png
cdbec8a3cd83e81e894012f020f742edce0f846f2f3fc28739c6835a701ef851,0,data/benign_original/benign/cdbec8a3cd83e81e894012f020f742edce0f846f2f3fc28739c6835a701ef851.png
e51009c72bcb9932ce4a2b6c24410bff3ee4e486a7e1c3ec4c144c572206ae2f,1,data/malware_images/images/IcedID/e51009c72bcb9932ce4a2b6c24410bff3ee4e486a7e1c3ec4c144c572206ae2f.png
b35fb6f1af6441f5897f8a40e73289749af4ef591881337d2bc5ba9acd76592f,0,data/benign_original/benign/b35fb6f1af6441f5897f8a40e73289749af4ef591881337d2bc5ba9acd76592f.png
dd2ef4abff7486618fef65f76d853093a13ca595c5095250e51a3e68cc996643,0,data/benign_original/benign/dd2ef4abff7486618fef65f76d853093a13ca595c5095250e51a3e68cc996643.png
96ffe97ffd555e8f1329ba24b40cba5320d5bc1ef51fb0155b9dea55bf842487,1,data/malware_images/images/GuLoader/96ffe97ffd555e8f1329ba24b40cba5320d5bc1ef51fb0155b9dea55bf842487.png
b79bb798f54b52d0c3e49b50ea539e39c1d0011085f050b47b74c8a0214562c8,0,data/benign_original/benign/b79bb798f54b52d0c3e49b50ea539e39c1d0011085f050b47b74c8a0214562c8.png
2a44e9fb201ebfefa05303145def1f3b015495d5ab8190b8d711b50231c25d89,1,data/malware_images/images/GuLoader/2a44e9fb201ebfefa05303145def1f3b015495d5ab8190b8d711b50231c25d89.png
f1fcc576b27941a029d4274fa995d6fd5da116fa7f87089848a178abd7699fe1,1,data/malware_images/images/Gozi/f1fcc576b27941a029d4274fa995d6fd5da116fa7f87089848a178abd7699fe1.png
5c072e33060c44ba513b0c9deaefd9a9e2a602e1e677e5108f78de25c8c9f788,1,data/malware_images/images/Trickbot/5c072e33060c44ba513b0c9deaefd9a9e2a602e1e677e5108f78de25c8c9f788.png
f0a3c7e57ec5ec1ec245eee84a1459561822ad1f12d0d81373d3af6a5d6038d6,0,data/benign_original/benign/f0a3c7e57ec5ec1ec245eee84a1459561822ad1f12d0d81373d3af6a5d6038d6.png
f5f71a59cc7a52f39f46fd6390ef6707d4c59077df0bce1aa4776f51d49b23ba,0,data/benign_original/benign/f5f71a59cc7a52f39f46fd6390ef6707d4c59077df0bce1aa4776f51d49b23ba.png
2b1fdaf4c17be749427e202963a74e1d19d95282d0d1f537b6904975aa00be2c,1,data/malware_images/images/Gozi/2b1fdaf4c17be749427e202963a74e1d19d95282d0d1f537b6904975aa00be2c.png
902207287b7921399e4a012533d93e4e0430fa25a7142803688b4a7a115d8901,1,data/malware_images/images/Gozi/902207287b7921399e4a012533d93e4e0430fa25a7142803688b4a7a115d8901.png
c5031acc248d5f254e188f92ddf4c85cc6449cd92c0d13fd8502757050878f0e,0,data/benign_original/benign/c5031acc248d5f254e188f92ddf4c85cc6449cd92c0d13fd8502757050878f0e.png
c8ddc81feb1ad0ab7b47e1ac16870e1181d4c23900a08b687d3faa77d1bfa395,1,data/malware_images/images/Gozi/c8ddc81feb1ad0ab7b47e1ac16870e1181d4c23900a08b687d3faa77d1bfa395.png
1dfc1867ced521cbf61f7bbe647e8a6e5bdd3a05e22c05dcee20660e236d5812,1,data/malware_images/images/GuLoader/1dfc1867ced521cbf61f7bbe647e8a6e5bdd3a05e22c05dcee20660e236d5812.png
d1f207a8c55f6f20b64ab42a668ba8230f56fdab4ebec982029e90a30e87e5e8,0,data/benign_original/benign/d1f207a8c55f6f20b64ab42a668ba8230f56fdab4ebec982029e90a30e87e5e8.png
0e3de1806def011049d011b07a3a012cecce53cac8ff49f52ecf6db96aa0dcdc,0,data/benign_original/benign/0e3de1806def011049d011b07a3a012cecce53cac8ff49f52ecf6db96aa0dcdc.png
9747bf43bd88474f148cdd3bd1a5a8ffa391c53ed7846e15fb5138190b73ecd8,1,data/malware_images/images/GuLoader/9747bf43bd88474f148cdd3bd1a5a8ffa391c53ed7846e15fb5138190b73ecd8.png
6127eb50ba8cd0541375922eeba60276cba24fb0d0613ad3fd9d099fa9600e01,1,data/malware_images/images/Gozi/6127eb50ba8cd0541375922eeba60276cba24fb0d0613ad3fd9d099fa9600e01.png
1b809ce26fa906a9bd489746d127e66e3d7958720467868649c5b23090f82281,1,data/malware_images/images/Trickbot/1b809ce26fa906a9bd489746d127e66e3d7958720467868649c5b23090f82281.png
37b2b79ddabe4f345480491c8eab977bc4f8c0d3660583ca9f2f728acc06d8ca,1,data/malware_images/images/njrat/37b2b79ddabe4f345480491c8eab977bc4f8c0d3660583ca9f2f728acc06d8ca.png
ce9ecc0e58b25eb430276d91878e898cd5cc05eed51ca1d9f5fdcd8ae6916d91,0,data/benign_original/benign/ce9ecc0e58b25eb430276d91878e898cd5cc05eed51ca1d9f5fdcd8ae6916d91.png
ceafed22728ab72aa4a74dc2fc96d54b85ec0432ef0c97a4497075cc802109d3,1,data/malware_images/images/Gozi/ceafed22728ab72aa4a74dc2fc96d54b85ec0432ef0c97a4497075cc802109d3.png
30e62a5a4cc333cb8a3b0d9762b61894aa9192adce1aab922ca6edbf8e8045fc,1,data/malware_images/images/Trickbot/30e62a5a4cc333cb8a3b0d9762b61894aa9192adce1aab922ca6edbf8e8045fc.png
c88c5186200a068917de0bfacf91abfe643281d253928151315dfc1128b298e9,0,data/benign_original/benign/c88c5186200a068917de0bfacf91abfe643281d253928151315dfc1128b298e9.png
d046836c4aa8543847dd876a378cb6cecc7f27880a7f7dccca7f7fb354edabae,1,data/malware_images/images/Gozi/d046836c4aa8543847dd876a378cb6cecc7f27880a7f7dccca7f7fb354edabae.png
62883e8f83fcbbfb535c5dbef62be7d671b3513540f15b8b1d293a5fc9ea79b1,1,data/malware_images/images/njrat/62883e8f83fcbbfb535c5dbef62be7d671b3513540f15b8b1d293a5fc9ea79b1.png
b52193bb4b1f2a37719099f3e0b9cf8b50aac5c51e26a6a65ca25cd430a13cb9,0,data/benign_original/benign/b52193bb4b1f2a37719099f3e0b9cf8b50aac5c51e26a6a65ca25cd430a13cb9.png
3e8677115982f20da5251aad6a5ad0c5c9426f7bb5425888f68e1d73c6128797,1,data/malware_images/images/njrat/3e8677115982f20da5251aad6a5ad0c5c9426f7bb5425888f68e1d73c6128797.png
c002a109ecc7664e4d619670875388c5362eb7ffe130975af9eeb520d8616d42,0,data/benign_original/benign/c002a109ecc7664e4d619670875388c5362eb7ffe130975af9eeb520d8616d42.png
541c96fa64b46c252217290d9c35c4e8344ae09812ecfb44de678b41117373fe,1,data/malware_images/images/IcedID/541c96fa64b46c252217290d9c35c4e8344ae09812ecfb44de678b41117373fe.png
a46867b0d1a681e81886d2ab962209d39d36aa701cdff18b20159a93db40f1ec,1,data/malware_images/images/Trickbot/a46867b0d1a681e81886d2ab962209d39d36aa701cdff18b20159a93db40f1ec.png
f3f30e4a656729d9cb76ee845848658ae8013762872b70809ad0a10bb3ac5c2f,0,data/benign_original/benign/f3f30e4a656729d9cb76ee845848658ae8013762872b70809ad0a10bb3ac5c2f.png
9d075b18bd7c1a71d298cbbac829ff9753f43caaf9e06681206adc78f45b68fa,1,data/malware_images/images/IcedID/9d075b18bd7c1a71d298cbbac829ff9753f43caaf9e06681206adc78f45b68fa.png
1e8970467e484e9c9ca26d96706a765492281335f5666da65e7a8d49d87c7070,1,data/malware_images/images/njrat/1e8970467e484e9c9ca26d96706a765492281335f5666da65e7a8d49d87c7070.png
b4e38960475aa1126c015470e88aa2026436aeac24eb37b6fe012e2fdc053b8f,0,data/benign_original/benign/b4e38960475aa1126c015470e88aa2026436aeac24eb37b6fe012e2fdc053b8f.png
ae16f9de7b4897d2961102d7ecb8acc0cf0d2ac93ea6415e2d2f1c46ff4bdf49,0,data/benign_original/benign/ae16f9de7b4897d2961102d7ecb8acc0cf0d2ac93ea6415e2d2f1c46ff4bdf49.png
625f51e74d9189f3849fd61c1782bb34c102c03acc61b143c271c358928c151a,1,data/malware_images/images/Gozi/625f51e74d9189f3849fd61c1782bb34c102c03acc61b143c271c358928c151a.png
cc559cdbee12ecc2c3c85aa79e2aafee8ba446e9b52beb36db1b35f94e535199,0,data/benign_original/benign/cc559cdbee12ecc2c3c85aa79e2aafee8ba446e9b52beb36db1b35f94e535199.png
6a7106c3175b71d4771f9e03d3c17db04b882e7f0e05195595da449eaa5a940b,1,data/malware_images/images/GuLoader/6a7106c3175b71d4771f9e03d3c17db04b882e7f0e05195595da449eaa5a940b.png
2653daafcf471d82e362572216b8b11ac37dc44c3baefc3c30a0c0c88f882af3,0,data/benign_original/benign/2653daafcf471d82e362572216b8b11ac37dc44c3baefc3c30a0c0c88f882af3.png
0ec142b8399f647228afed73e6fd9fbeddd410959c292f37dcb58eba506c1be0,1,data/malware_images/images/njrat/0ec142b8399f647228afed73e6fd9fbeddd410959c292f37dcb58eba506c1be0.png
fd92300ad5d0f74d3d8c6986a20e621ad33aab5a273ad4d21e45ac8477e04cc8,0,data/benign_original/benign/fd92300ad5d0f74d3d8c6986a20e621ad33aab5a273ad4d21e45ac8477e04cc8.png
e926a25e7993f799daf012c48e167af901467d4170a9cc6610734fa9b4470393,0,data/benign_original/benign/e926a25e7993f799daf012c48e167af901467d4170a9cc6610734fa9b4470393.png
4bb204a752ee73fefdf46ac94f93031fb67e8d25e1b7b6160550ed55bf0cdec8,1,data/malware_images/images/IcedID/4bb204a752ee73fefdf46ac94f93031fb67e8d25e1b7b6160550ed55bf0cdec8.png
af6b6f3efa63749627010001ea2ddbff5a5907e18e4cd744088893d507d226df,0,data/benign_original/benign/af6b6f3efa63749627010001ea2ddbff5a5907e18e4cd744088893d507d226df.png
b0defd82a56b61cc5452d2028d5de420f45ec21d41910a799e7826396c334239,0,data/benign_original/benign/b0defd82a56b61cc5452d2028d5de420f45ec21d41910a799e7826396c334239.png
a99e22965dd129f70ffacdf4548faa9cf07929bf8cf455af870984ae0d85d11e,1,data/malware_images/images/IcedID/a99e22965dd129f70ffacdf4548faa9cf07929bf8cf455af870984ae0d85d11e.png
c824e459c950b4d249fc2484c441d9d14b02dbe4192a96d2655fbb7ff19c6857,0,data/benign_original/benign/c824e459c950b4d249fc2484c441d9d14b02dbe4192a96d2655fbb7ff19c6857.png
08bb93772c22c2842e968f5ad3753062530c4fcee87110afe46d95889c484dfb,1,data/malware_images/images/IcedID/08bb93772c22c2842e968f5ad3753062530c4fcee87110afe46d95889c484dfb.png
7f2bf7ef84d8e8cbcd4b181431f6441fb1f0d60857dac62e9406d435e632becd,1,data/malware_images/images/Heodo/7f2bf7ef84d8e8cbcd4b181431f6441fb1f0d60857dac62e9406d435e632becd.png
27402b880603cda1dbdab2ec37d774328493b488c06cc41ce9a9ab85a295fbf9,1,data/malware_images/images/njrat/27402b880603cda1dbdab2ec37d774328493b488c06cc41ce9a9ab85a295fbf9.png
583e2b0cb3e97254796a4e4bd6887e4e971dfc8e97c009a6cff84444d01fb237,1,data/malware_images/images/Trickbot/583e2b0cb3e97254796a4e4bd6887e4e971dfc8e97c009a6cff84444d01fb237.png
d847114041d4d0645ea66a5274f7d3a74d9765c880e1785de8c56d85de745679,0,data/benign_original/benign/d847114041d4d0645ea66a5274f7d3a74d9765c880e1785de8c56d85de745679.png
d54ea61734f6feb44182ba5a5a420706f7312566d7d89c166ab633caf96eeb33,0,data/benign_original/benign/d54ea61734f6feb44182ba5a5a420706f7312566d7d89c166ab633caf96eeb33.png
dd9a62ef2b96fff144a36eb0242009b060966421a3d664c4facb8b5f6fca3aad,0,data/benign_original/benign/dd9a62ef2b96fff144a36eb0242009b060966421a3d664c4facb8b5f6fca3aad.png
cc96ccabf93cd6be864d20768c9a153ed2f27323cbed8d9325beb0029b642f9c,0,data/benign_original/benign/cc96ccabf93cd6be864d20768c9a153ed2f27323cbed8d9325beb0029b642f9c.png
d5f0067fe25254ac3e62cc86069264e8b9d8c7f617712211cc27dbecf4f92450,0,data/benign_original/benign/d5f0067fe25254ac3e62cc86069264e8b9d8c7f617712211cc27dbecf4f92450.png
cbf57cc719888dac0ce1630ed61752c1689e624174b8bf6c6e1130c2b897fb7e,1,data/malware_images/images/GuLoader/cbf57cc719888dac0ce1630ed61752c1689e624174b8bf6c6e1130c2b897fb7e.png
c1397b1b3106f76a0352f56947c5903d3cb7c538e773078e67842e3edb95fb28,0,data/benign_original/benign/c1397b1b3106f76a0352f56947c5903d3cb7c538e773078e67842e3edb95fb28.png
f8b5e5c6a2cc8373a62e0ef018e0f92920a8c11eba00daea4a6d1961e40d3661,0,data/benign_original/benign/f8b5e5c6a2cc8373a62e0ef018e0f92920a8c11eba00daea4a6d1961e40d3661.png
fc7669b4f51afc9f83fe913a13104fbb6e29bbe25f77715c7b2d94b094b5273c,0,data/benign_original/benign/fc7669b4f51afc9f83fe913a13104fbb6e29bbe25f77715c7b2d94b094b5273c.png
e48f506c34ba6846f44c65df9248374edc59da580c6a747a7476422211dbeffd,0,data/benign_original/benign/e48f506c34ba6846f44c65df9248374edc59da580c6a747a7476422211dbeffd.png
c35b6d88d330764b0074658a0b4b0e021eb47007a9470e9e122d25326a619b74,0,data/benign_original/benign/c35b6d88d330764b0074658a0b4b0e021eb47007a9470e9e122d25326a619b74.png
2a9a508675ddc595e04e01f996dbc2ddeaf5efd0fb0ef494646f341ea6930c15,1,data/malware_images/images/njrat/2a9a508675ddc595e04e01f996dbc2ddeaf5efd0fb0ef494646f341ea6930c15.png
3ccc132059602cbf7dc3acf61a7f83d443a8379a784cc660575858bdb455e6cc,0,data/benign_original/benign/3ccc132059602cbf7dc3acf61a7f83d443a8379a784cc660575858bdb455e6cc.png
ab5ded8b327c385b0f909b5e7f9f8115dd18f59e88c5d874c1ffc6965e7f6d28,1,data/malware_images/images/Heodo/ab5ded8b327c385b0f909b5e7f9f8115dd18f59e88c5d874c1ffc6965e7f6d28.png
b8acc56e87437e2dfbb6dfac36b99ee41562da1727dbc95535c2cd8ed3a538ad,0,data/benign_original/benign/b8acc56e87437e2dfbb6dfac36b99ee41562da1727dbc95535c2cd8ed3a538ad.png
f5b91f85651125b4aba65c30e42166dbb9036d619167d9ebd3e5843b1f2fb87a,0,data/benign_original/benign/f5b91f85651125b4aba65c30e42166dbb9036d619167d9ebd3e5843b1f2fb87a.png
5976a4f1816e8a640d3b114aa6d3e72bd19774e6536cd7e210662b47549072c7,1,data/malware_images/images/Gozi/5976a4f1816e8a640d3b114aa6d3e72bd19774e6536cd7e210662b47549072c7.png
8eca042db8e15223a0870cb70d7703dbffc5fa571543c8dd746ece7ea080899f,1,data/malware_images/images/Gozi/8eca042db8e15223a0870cb70d7703dbffc5fa571543c8dd746ece7ea080899f.png
6bbc3502c56197c2c8a14db5a23dd8aabf9529f2fd86e0bbb409250e24da7733,1,data/malware_images/images/Gozi/6bbc3502c56197c2c8a14db5a23dd8aabf9529f2fd86e0bbb409250e24da7733.png
9119e96849154abb464282105df1fe637370bc35c695a5c19453b12ca57c03ba,1,data/malware_images/images/Trickbot/9119e96849154abb464282105df1fe637370bc35c695a5c19453b12ca57c03ba.png
bd2ea8b25f4b0514b8105a646f6f7670d7068e4861239f6a0ef507bbe10b55d0,0,data/benign_original/benign/bd2ea8b25f4b0514b8105a646f6f7670d7068e4861239f6a0ef507bbe10b55d0.png
d3905f2fa731881e2bf1b5cb3faf8b52fea4a4167045216d7044fa6893355d6e,0,data/benign_original/benign/d3905f2fa731881e2bf1b5cb3faf8b52fea4a4167045216d7044fa6893355d6e.png
7a6eb4f3777286ce954b85f162d916b237565452a25168ffae1e97f178592e12,1,data/malware_images/images/Trickbot/7a6eb4f3777286ce954b85f162d916b237565452a25168ffae1e97f178592e12.png
f981764cb5682abb3b87133b894fb30b9222d5f58f48d872660795090e878324,0,data/benign_original/benign/f981764cb5682abb3b87133b894fb30b9222d5f58f48d872660795090e878324.png
43624b56bc51fd6d94dab88a7d5d0bf8ecd4951a58fb422efa009680747e9013,1,data/malware_images/images/Gozi/43624b56bc51fd6d94dab88a7d5d0bf8ecd4951a58fb422efa009680747e9013.png
98ca11b16f3f5fc97e27edb960b18133ae35c1c6471f76f3e6445c60ea1c113a,1,data/malware_images/images/Trickbot/98ca11b16f3f5fc97e27edb960b18133ae35c1c6471f76f3e6445c60ea1c113a.png
d97bf4ca06d41147b1c632dc5555787d124e7208fa4fe5fba998274502e990b2,1,data/malware_images/images/Gozi/d97bf4ca06d41147b1c632dc5555787d124e7208fa4fe5fba998274502e990b2.png
b78926cf11e89c7abba717ce0e0af276bb3b6e9e495c2d9760ba3b6b3b20e8a6,0,data/benign_original/benign/b78926cf11e89c7abba717ce0e0af276bb3b6e9e495c2d9760ba3b6b3b20e8a6.png
b852265b2b48555fcec9992a0a44343d7ff2ab5bdc0a47ae3698eba6a72c37ae,0,data/benign_original/benign/b852265b2b48555fcec9992a0a44343d7ff2ab5bdc0a47ae3698eba6a72c37ae.png
6571b88739b154807adbbe7b8d3ff75543887405f066489fb773a2186b862132,1,data/malware_images/images/IcedID/6571b88739b154807adbbe7b8d3ff75543887405f066489fb773a2186b862132.png
3d58f8ebad7482150089af4041e1ef4297e21fe85e2e49c85b7661fbed2bab28,1,data/malware_images/images/GuLoader/3d58f8ebad7482150089af4041e1ef4297e21fe85e2e49c85b7661fbed2bab28.png
4da47222e28694a7cada3ff481647d1d2cc1b9f085414069660964f951a0b78c,1,data/malware_images/images/GuLoader/4da47222e28694a7cada3ff481647d1d2cc1b9f085414069660964f951a0b78c.png
b699544c7a774fb1bf667c23a1875bb83489bca639838545a5db6f24e8dbb4ab,0,data/benign_original/benign/b699544c7a774fb1bf667c23a1875bb83489bca639838545a5db6f24e8dbb4ab.png
f6d335ea6141db3cadf3a0e716e2fe057be56bcd76b1dcd9a46aa01557a6fe96,0,data/benign_original/benign/f6d335ea6141db3cadf3a0e716e2fe057be56bcd76b1dcd9a46aa01557a6fe96.png
818b31ff63d1a5e2ae0fb89d8b0712a7e3d8f70b2dc379b0bbe02fb538b22643,1,data/malware_images/images/njrat/818b31ff63d1a5e2ae0fb89d8b0712a7e3d8f70b2dc379b0bbe02fb538b22643.png
d2b8823c96e94c9e932d8612ed271af12833f1be78fa39ecde14479a89802f27,0,data/benign_original/benign/d2b8823c96e94c9e932d8612ed271af12833f1be78fa39ecde14479a89802f27.png
b9b6671664875e33d44b31407249029c7bcedbf8083038504c6498841183c9e3,0,data/benign_original/benign/b9b6671664875e33d44b31407249029c7bcedbf8083038504c6498841183c9e3.png
ca831da95aecf5357ed51d0e31a9ce44bbf518947f8ab170c082422170f6c25e,1,data/malware_images/images/GuLoader/ca831da95aecf5357ed51d0e31a9ce44bbf518947f8ab170c082422170f6c25e.png
af6875f0004ee734b029bd6c612c272313456e1897ac7763f7245dbacb7e8f58,1,data/malware_images/images/IcedID/af6875f0004ee734b029bd6c612c272313456e1897ac7763f7245dbacb7e8f58.png
e21f3e122b7d519b95f6ecbfb6acdc224afe559944cfaa2430e8d1f3715881b3,0,data/benign_original/benign/e21f3e122b7d519b95f6ecbfb6acdc224afe559944cfaa2430e8d1f3715881b3.png
1cbe92dd308b0cff4055bf7ea98e91ca2d1d9160314518e3f09adc8def67bd81,1,data/malware_images/images/Gozi/1cbe92dd308b0cff4055bf7ea98e91ca2d1d9160314518e3f09adc8def67bd81.png
ec68b5163cbb5f15e2fbe37fdf5fcb0d01dffbe53a460cb2cf668f31f0127ad5,0,data/benign_original/benign/ec68b5163cbb5f15e2fbe37fdf5fcb0d01dffbe53a460cb2cf668f31f0127ad5.png
dda6a3038aa210e2582529ee6bff2a0497a4f0098990ca875bdf201794c0949b,0,data/benign_original/benign/dda6a3038aa210e2582529ee6bff2a0497a4f0098990ca875bdf201794c0949b.png
85fbffd801a6b050745336a42637077ddb544e3039905d9b93f78df310af6e02,1,data/malware_images/images/IcedID/85fbffd801a6b050745336a42637077ddb544e3039905d9b93f78df310af6e02.png
d892cf9eb8b03e451a9b9ed99dcf1b478a01f57fb467d8314cb4c5e8667826a5,0,data/benign_original/benign/d892cf9eb8b03e451a9b9ed99dcf1b478a01f57fb467d8314cb4c5e8667826a5.png
d194034aea6b209fdb3c39cbe12aa0ce42143ba06e855df83b1f8848f1738acf,1,data/malware_images/images/Trickbot/d194034aea6b209fdb3c39cbe12aa0ce42143ba06e855df83b1f8848f1738acf.png
ee4b2459c040e77ef8d702fe98677c4a1f3f402d04763c50f9522a0f4f8f04c6,1,data/malware_images/images/Gozi/ee4b2459c040e77ef8d702fe98677c4a1f3f402d04763c50f9522a0f4f8f04c6.png
8e63f0e7b5c39d4afb5be72220eccb9777ac7ca42dd324801f4f26f5fb4b4c0e,1,data/malware_images/images/GuLoader/8e63f0e7b5c39d4afb5be72220eccb9777ac7ca42dd324801f4f26f5fb4b4c0e.png
507c6c4d62972523e5a15802a1852ce24facb2b6ebe14eac10edea3c975e5b1a,1,data/malware_images/images/Gozi/507c6c4d62972523e5a15802a1852ce24facb2b6ebe14eac10edea3c975e5b1a.png
946b690395bda8ec01d184ef3067ed68de2ba96a575bc98dcf6058ee7762f774,1,data/malware_images/images/Trickbot/946b690395bda8ec01d184ef3067ed68de2ba96a575bc98dcf6058ee7762f774.png
b6e3fd83413580cc2ec54846a7014e31a6d429dd30198906cd5f6fd70d962b07,0,data/benign_original/benign/b6e3fd83413580cc2ec54846a7014e31a6d429dd30198906cd5f6fd70d962b07.png
b922cf810031d1ef1d0054a3504414531cba384cf8eb3401d81d1d2f8a7fe039,1,data/malware_images/images/Trickbot/b922cf810031d1ef1d0054a3504414531cba384cf8eb3401d81d1d2f8a7fe039.png
f9ed0155b6015f11ff8036c67adecc85fc6ae1256420cc0564a15f452d124cc9,0,data/benign_original/benign/f9ed0155b6015f11ff8036c67adecc85fc6ae1256420cc0564a15f452d124cc9.png
ed7b8d4af7983c4517a6b582a3b385056db8d0a7d9c46194947a5ebaead2b1ac,1,data/malware_images/images/IcedID/ed7b8d4af7983c4517a6b582a3b385056db8d0a7d9c46194947a5ebaead2b1ac.png
e0d3ba153eaa3cda7ea75f809791da08036ab67d3e0abcc9ab5bc649b39a0cff,0,data/benign_original/benign/e0d3ba153eaa3cda7ea75f809791da08036ab67d3e0abcc9ab5bc649b39a0cff.png
e000a2915cdc991900e600a9848c836c6b62241cd7198eeb635344530869d912,0,data/benign_original/benign/e000a2915cdc991900e600a9848c836c6b62241cd7198eeb635344530869d912.png
d90b7b06bcc73c5f8f61dbe16cb43f9a95bf6726db7abc090c89b553088739d0,0,data/benign_original/benign/d90b7b06bcc73c5f8f61dbe16cb43f9a95bf6726db7abc090c89b553088739d0.png
bf4b76db0b2bf26a098b2b79d5d52e0a1685b7592b79cf48762f35ea4f2f9964,0,data/benign_original/benign/bf4b76db0b2bf26a098b2b79d5d52e0a1685b7592b79cf48762f35ea4f2f9964.png
01750e298dc041d8c9fd24baa9ac84277194ad01155ddc7ea9b9b739d3eeb523,0,data/benign_original/benign/01750e298dc041d8c9fd24baa9ac84277194ad01155ddc7ea9b9b739d3eeb523.png
e5edbcbe152b74d29becac05065bcf3c74215384c0d8464a44b67a32a13e8ea3,0,data/benign_original/benign/e5edbcbe152b74d29becac05065bcf3c74215384c0d8464a44b67a32a13e8ea3.png
99d07b0682434235023da65216efdcc624d66c436e80745614315d4c68e8735f,1,data/malware_images/images/GuLoader/99d07b0682434235023da65216efdcc624d66c436e80745614315d4c68e8735f.png
caa77a4e5a7127f3e46c0268f0b954735a48bc402e27d19b93864f56dffe9ccb,0,data/benign_original/benign/caa77a4e5a7127f3e46c0268f0b954735a48bc402e27d19b93864f56dffe9ccb.png
f47e8e45a41a9a3a2dc4c67fa08eafd6cefc4be92c7ff0e1b19330252bd174ae,0,data/benign_original/benign/f47e8e45a41a9a3a2dc4c67fa08eafd6cefc4be92c7ff0e1b19330252bd174ae.png
6ecc37beb334358103922f8cdaeb73a69338868a11ae4f9e20ab1c5d7f03c03e,1,data/malware_images/images/Gozi/6ecc37beb334358103922f8cdaeb73a69338868a11ae4f9e20ab1c5d7f03c03e.png
1ebe098ce0ab31271edad8966db9712ae92572b087d1f6c3b5219d3c12d10d66,1,data/malware_images/images/Trickbot/1ebe098ce0ab31271edad8966db9712ae92572b087d1f6c3b5219d3c12d10d66.png
cdde3bdc39054d66476bd5dabcd9c4557dc7237dc335682c2d42043d354ac800,0,data/benign_original/benign/cdde3bdc39054d66476bd5dabcd9c4557dc7237dc335682c2d42043d354ac800.png
6e8e009d44003804fefc2a8c7bd865eff45b2e085d510ce5d6de42b9ce8e7c19,1,data/malware_images/images/Heodo/6e8e009d44003804fefc2a8c7bd865eff45b2e085d510ce5d6de42b9ce8e7c19.png
b35f2ce6262cc9f053572bfa8104dc277c44212f1cfb9886270eeb21ecc957fc,1,data/malware_images/images/IcedID/b35f2ce6262cc9f053572bfa8104dc277c44212f1cfb9886270eeb21ecc957fc.png
e447797c377b176832497d6ddd22226f1e403a63f48f6fe1a77fa7009036e749,0,data/benign_original/benign/e447797c377b176832497d6ddd22226f1e403a63f48f6fe1a77fa7009036e749.png
dabead93f5c3c3e797247fcc637a1f3532153313f4c4e497a33797e3d52847c6,1,data/malware_images/images/Trickbot/dabead93f5c3c3e797247fcc637a1f3532153313f4c4e497a33797e3d52847c6.png
08f1c4f76af4e144981ae0b4d320a4e89cd02e815dd2fed9852a49ff56e45242,1,data/malware_images/images/Trickbot/08f1c4f76af4e144981ae0b4d320a4e89cd02e815dd2fed9852a49ff56e45242.png
e6bdca558fb485e6ac7295d20f868902f2b790bc147fb3ab1e3a6628280d40f3,1,data/malware_images/images/GuLoader/e6bdca558fb485e6ac7295d20f868902f2b790bc147fb3ab1e3a6628280d40f3.png
848d738d56a8b14c89c4ffea4bdba3390d70004c081785de07af4fc541f146ec,1,data/malware_images/images/njrat/848d738d56a8b14c89c4ffea4bdba3390d70004c081785de07af4fc541f146ec.png
08c1ae29ad59c03d4927bc577721e7372a4416c6bb22a9dbafceeb0e5aab00bd,1,data/malware_images/images/Gozi/08c1ae29ad59c03d4927bc577721e7372a4416c6bb22a9dbafceeb0e5aab00bd.png
f3614253ff96a03f28fa974470882790369076860e80b9a8ae6b55c9b7eaae04,0,data/benign_original/benign/f3614253ff96a03f28fa974470882790369076860e80b9a8ae6b55c9b7eaae04.png
9eb46ce54466b221c7f56d3af4c22be517472189d7e907ead1b4c3fa4cfeb831,1,data/malware_images/images/njrat/9eb46ce54466b221c7f56d3af4c22be517472189d7e907ead1b4c3fa4cfeb831.png
093e7cd7215e4c58cde245f8febd7ae91c79e3d01786e8166b6627536415dad2,1,data/malware_images/images/GuLoader/093e7cd7215e4c58cde245f8febd7ae91c79e3d01786e8166b6627536415dad2.png
d1f2e4e3c46fe34e228a1e571fae0ae48e96cc6f82728344a68ab65832b665dc,0,data/benign_original/benign/d1f2e4e3c46fe34e228a1e571fae0ae48e96cc6f82728344a68ab65832b665dc.png
c52a0fd0e57e4770d98bf759019884669f61de0f1d22969f86c6b10ab181c3db,1,data/malware_images/images/IcedID/c52a0fd0e57e4770d98bf759019884669f61de0f1d22969f86c6b10ab181c3db.png
e5f1b3c69e967ec1531a0fb923599009fd86a9667110079be0b8cf50360f4e8c,1,data/malware_images/images/IcedID/e5f1b3c69e967ec1531a0fb923599009fd86a9667110079be0b8cf50360f4e8c.png
392b91d6f81850708be8fe0cd10ba983a50d0ffb51ec40af56008333fc43af89,0,data/benign_original/benign/392b91d6f81850708be8fe0cd10ba983a50d0ffb51ec40af56008333fc43af89.png
45a7ae6ef003e66a10a04a1c789a39ce366d628881ce00bda8b9ba4c69ee023d,1,data/malware_images/images/Gozi/45a7ae6ef003e66a10a04a1c789a39ce366d628881ce00bda8b9ba4c69ee023d.png
639c28cc97accffb8a92a13ad5056da2a739421ef4965e768fa57356a6685d19,1,data/malware_images/images/GuLoader/639c28cc97accffb8a92a13ad5056da2a739421ef4965e768fa57356a6685d19.png
fa59479ebc3af5921cca1c70e706c956fd0d5b2d54dcdb3e94a9f02b7a2166ab,1,data/malware_images/images/Heodo/fa59479ebc3af5921cca1c70e706c956fd0d5b2d54dcdb3e94a9f02b7a2166ab.png
7987a839402379bd0d205901da7980fe1ef8ac0327968ac4b2a12841a82d1446,1,data/malware_images/images/Trickbot/7987a839402379bd0d205901da7980fe1ef8ac0327968ac4b2a12841a82d1446.png
22ced5dca78fe4d5a1f25c2b1a9c46a6777e09e5ed64749c0195e1b4c2dd2d76,1,data/malware_images/images/Heodo/22ced5dca78fe4d5a1f25c2b1a9c46a6777e09e5ed64749c0195e1b4c2dd2d76.png
feb8effd6d099b72f777c7fb5086fb1a43388ca9c9bc2fabc0a150c5c657d24c,1,data/malware_images/images/IcedID/feb8effd6d099b72f777c7fb5086fb1a43388ca9c9bc2fabc0a150c5c657d24c.png
20601ed7e2bfc85362f090f0f5b72366f213c191e93b0c756acd98fef626e5e0,0,data/benign_original/benign/20601ed7e2bfc85362f090f0f5b72366f213c191e93b0c756acd98fef626e5e0.png
af7521b4b1a38e9865141f7b1adef3e27322789eae4916b3f5230dbb09b59a84,0,data/benign_original/benign/af7521b4b1a38e9865141f7b1adef3e27322789eae4916b3f5230dbb09b59a84.png
09a643588abf74030e68df106c9432ae3c5bc4fecd2afb1cca5a82b28fe30223,1,data/malware_images/images/IcedID/09a643588abf74030e68df106c9432ae3c5bc4fecd2afb1cca5a82b28fe30223.png
f56b00f15db123ee491f4de1f1c7abc98b166bb874bbd9f58c0a3ba17e087bb8,0,data/benign_original/benign/f56b00f15db123ee491f4de1f1c7abc98b166bb874bbd9f58c0a3ba17e087bb8.png
4143ff84431b630fb19c0e60611c03bb453e4a9f88fa551f245e9bf7d8741cca,0,data/benign_original/benign/4143ff84431b630fb19c0e60611c03bb453e4a9f88fa551f245e9bf7d8741cca.png
57f4cadd94e18ec3e75d0c0ea8492356410a0227d1319b3d4b7af670f5a82aff,1,data/malware_images/images/njrat/57f4cadd94e18ec3e75d0c0ea8492356410a0227d1319b3d4b7af670f5a82aff.png
c7cfe003ea157cbe5790f2e84e674e45da00a925ff4c9152f7cc307a88004870,0,data/benign_original/benign/c7cfe003ea157cbe5790f2e84e674e45da00a925ff4c9152f7cc307a88004870.png
a990147b64ebcfe55e08e88a7d937c0a44e9fbe335589ac75b091ce4b177fe7d,0,data/benign_original/benign/a990147b64ebcfe55e08e88a7d937c0a44e9fbe335589ac75b091ce4b177fe7d.png
c5579fe8c938cf9c8a076e9ef87864e83da5977f689f619930b5129c6516bf4c,0,data/benign_original/benign/c5579fe8c938cf9c8a076e9ef87864e83da5977f689f619930b5129c6516bf4c.png
c1ffff1b0912fbb00db8b8eb08b6c181a924a31cd806257604980be2d371092c,1,data/malware_images/images/GuLoader/c1ffff1b0912fbb00db8b8eb08b6c181a924a31cd806257604980be2d371092c.png
ea2990fe4482583e2f63a90da07dd90be2e75b9510731eeb31e8060eac46f422,0,data/benign_original/benign/ea2990fe4482583e2f63a90da07dd90be2e75b9510731eeb31e8060eac46f422.png
8fa47ee760cf1c21de132ec77eef49282a2312f197aba6026ee1de750051014b,1,data/malware_images/images/GuLoader/8fa47ee760cf1c21de132ec77eef49282a2312f197aba6026ee1de750051014b.png
c282d72161e90e718df21f53c63fe68ae6d00180620db630cecd45c06f505b45,0,data/benign_original/benign/c282d72161e90e718df21f53c63fe68ae6d00180620db630cecd45c06f505b45.png
01fce81c7d715addd1adc2af45bd7a90e1e34b4f2e6748bb545f9a4606ee71c9,1,data/malware_images/images/Trickbot/01fce81c7d715addd1adc2af45bd7a90e1e34b4f2e6748bb545f9a4606ee71c9.png
d3265f1cab1188ebac29c78e0f114ff3a0b2701c8a2f5442bd4080afe92519b0,0,data/benign_original/benign/d3265f1cab1188ebac29c78e0f114ff3a0b2701c8a2f5442bd4080afe92519b0.png
49f89b7e949b6cabc189c54c4b1889da073935fbfafa8b1e2dbbd93567772fec,0,data/benign_original/benign/49f89b7e949b6cabc189c54c4b1889da073935fbfafa8b1e2dbbd93567772fec.png
bf37b95b0415387698a66a4a476ca08d5951846b6eb0f2451b39ce7f2443500f,0,data/benign_original/benign/bf37b95b0415387698a66a4a476ca08d5951846b6eb0f2451b39ce7f2443500f.png
0704b67194c1ac90f93c62cd00d1742dfb0069dfc837657e29c63884a989fbb4,0,data/benign_original/benign/0704b67194c1ac90f93c62cd00d1742dfb0069dfc837657e29c63884a989fbb4.png
a7b55b6bfafb6d370f94ff25e294f90d28818a1842ecad4546d18334c616cb97,1,data/malware_images/images/GuLoader/a7b55b6bfafb6d370f94ff25e294f90d28818a1842ecad4546d18334c616cb97.png
27e9ab78945ccd312212192c0f7cd39a33876b0743f93abbcbd8b5086753b347,1,data/malware_images/images/IcedID/27e9ab78945ccd312212192c0f7cd39a33876b0743f93abbcbd8b5086753b347.png
d970667ddea3d1d632dfab6d24c9e472b2a3a0f4644dd2a14083cf3483fb21fa,0,data/benign_original/benign/d970667ddea3d1d632dfab6d24c9e472b2a3a0f4644dd2a14083cf3483fb21fa.png
c3252ba30dcb997aba042c568bee0ccbca5a818248dae999161a5a26ef7f301f,1,data/malware_images/images/GuLoader/c3252ba30dcb997aba042c568bee0ccbca5a818248dae999161a5a26ef7f301f.png
4c30a49955a635127ed928d720612bfcbc585336ac8f79e09c45fb30586a669e,1,data/malware_images/images/GuLoader/4c30a49955a635127ed928d720612bfcbc585336ac8f79e09c45fb30586a669e.png
ca1d0340bbcfe136ce2aa9046bb2c2e41d5863596d1210c0eddb39918756d152,0,data/benign_original/benign/ca1d0340bbcfe136ce2aa9046bb2c2e41d5863596d1210c0eddb39918756d152.png
b5bcd214ffb057a52e6f999139687d1ed25665e1829ebc8be29f049380260d17,0,data/benign_original/benign/b5bcd214ffb057a52e6f999139687d1ed25665e1829ebc8be29f049380260d17.png
ca86023ba13ffbda7056199c428d84bc7b01b02da5135ef8c62a5007bb7f07ca,0,data/benign_original/benign/ca86023ba13ffbda7056199c428d84bc7b01b02da5135ef8c62a5007bb7f07ca.png
a7f68c540c7f610ce1127b997f3097815b0dbbdb6dd9a7d4637f4059a7af26f4,1,data/malware_images/images/njrat/a7f68c540c7f610ce1127b997f3097815b0dbbdb6dd9a7d4637f4059a7af26f4.png
e261dff0d343917a991d8a85c2cc852008b3a9ab5a7ea0e088b2b54a83c9147d,1,data/malware_images/images/GuLoader/e261dff0d343917a991d8a85c2cc852008b3a9ab5a7ea0e088b2b54a83c9147d.png
3cc4d74a3f42cb8bac9a854a3ac8550aacd4a4660a9867da7abcfe1b900cbf82,1,data/malware_images/images/IcedID/3cc4d74a3f42cb8bac9a854a3ac8550aacd4a4660a9867da7abcfe1b900cbf82.png
b39ac37cd75155359f6a4909074f1e66c09581ab158109c37e5496244e74f28f,0,data/benign_original/benign/b39ac37cd75155359f6a4909074f1e66c09581ab158109c37e5496244e74f28f.png
bc2f9fa16c1899e8d92a5d3a3f7dfbdbb9a1fc124e252259f2d86f207c2b09d4,0,data/benign_original/benign/bc2f9fa16c1899e8d92a5d3a3f7dfbdbb9a1fc124e252259f2d86f207c2b09d4.png
e4124996ad6b332ee5b98d3a791a9fff492c494ac0aa5cd035036ccac0a7dba5,0,data/benign_original/benign/e4124996ad6b332ee5b98d3a791a9fff492c494ac0aa5cd035036ccac0a7dba5.png
0cfb7bcb7fec9c1387f38ecd7ebb9456ff4a1d797d0edfb3b467ff9a7661d8ed,1,data/malware_images/images/GuLoader/0cfb7bcb7fec9c1387f38ecd7ebb9456ff4a1d797d0edfb3b467ff9a7661d8ed.png
e639daabac7724e6d23b9eda63b9befc28ac8927482eeb595c5dccf317404bec,0,data/benign_original/benign/e639daabac7724e6d23b9eda63b9befc28ac8927482eeb595c5dccf317404bec.png
bc0d87a0364a004315863a36647a122fb72821d944d465a02bcb545c899034f0,0,data/benign_original/benign/bc0d87a0364a004315863a36647a122fb72821d944d465a02bcb545c899034f0.png
c4c04a57dbc9c1c943924019f8c60cc6b8120ab822a7f885889c79194eaa1ad3,0,data/benign_original/benign/c4c04a57dbc9c1c943924019f8c60cc6b8120ab822a7f885889c79194eaa1ad3.png
159736558c7788b0f22c0427eaeb06b29e7d65b38a1eaee3cd7e94ecb1d308ea,1,data/malware_images/images/njrat/159736558c7788b0f22c0427eaeb06b29e7d65b38a1eaee3cd7e94ecb1d308ea.png
3846f2ce94d43e9ef6c08cd0abfb5c6c6c993b00d8690bbea40cc525b44cc0a3,0,data/benign_original/benign/3846f2ce94d43e9ef6c08cd0abfb5c6c6c993b00d8690bbea40cc525b44cc0a3.png
b2f041348835c102db3769245ee4c28dd00cb19c3c6710fc9c11228f3bbce61b,1,data/malware_images/images/njrat/b2f041348835c102db3769245ee4c28dd00cb19c3c6710fc9c11228f3bbce61b.png
cd035ab055e6ca03d65e5566a021cfc11179a85135b18b1e9841d4a4184efce3,0,data/benign_original/benign/cd035ab055e6ca03d65e5566a021cfc11179a85135b18b1e9841d4a4184efce3.png
b361567af70b936d827b5e086710a18eb2957ea7b41f56143157c0f259015b69,1,data/malware_images/images/Trickbot/b361567af70b936d827b5e086710a18eb2957ea7b41f56143157c0f259015b69.png
ea8349e434a96a8e1170d19473039935161a794e94779fa23510df52e3a8112c,0,data/benign_original/benign/ea8349e434a96a8e1170d19473039935161a794e94779fa23510df52e3a8112c.png
6574682ea4a359ed97cfe9b00a4a76c8c1fa9833a5c9525ea3bc8409bac93f3c,1,data/malware_images/images/IcedID/6574682ea4a359ed97cfe9b00a4a76c8c1fa9833a5c9525ea3bc8409bac93f3c.png
9698fe5597f8c7ede90202b7f4498544103c640724b8d2a94beceddb3e926837,0,data/benign_original/benign/9698fe5597f8c7ede90202b7f4498544103c640724b8d2a94beceddb3e926837.png
e2c08154594b0ae8237933b9df62e8b161dc6cdaff457d8d786fae3b260d8190,1,data/malware_images/images/Gozi/e2c08154594b0ae8237933b9df62e8b161dc6cdaff457d8d786fae3b260d8190.png
e29835e30a82311d856dc8ac8ba70b5f10f9cd6465a76a0f6423ed1b36dad744,0,data/benign_original/benign/e29835e30a82311d856dc8ac8ba70b5f10f9cd6465a76a0f6423ed1b36dad744.png
c505ed50e0d0f17763bf72c05a7e4119aa04e3b71a1a465994778eb3e9b47cb5,0,data/benign_original/benign/c505ed50e0d0f17763bf72c05a7e4119aa04e3b71a1a465994778eb3e9b47cb5.png
01f8e3741798998e9bd0a8870adba209817eaa9df6a14ab67875e8292a30c028,1,data/malware_images/images/GuLoader/01f8e3741798998e9bd0a8870adba209817eaa9df6a14ab67875e8292a30c028.png
6ce252278496da83b2aa9ae1eb4eed3297b73ab5d75b27f02eb541409a618a9e,1,data/malware_images/images/Trickbot/6ce252278496da83b2aa9ae1eb4eed3297b73ab5d75b27f02eb541409a618a9e.png
e1e3ee8ca7f613428207654809120332bb6df2d6114ec2a1da2f7c9e98293dce,0,data/benign_original/benign/e1e3ee8ca7f613428207654809120332bb6df2d6114ec2a1da2f7c9e98293dce.png
427cd95b40839381c01dc0068f8cfc034233433427c4a900764edd514e25178e,1,data/malware_images/images/njrat/427cd95b40839381c01dc0068f8cfc034233433427c4a900764edd514e25178e.png
2db10930c59a7e3cc26be1e8bae834a875221072f9571ccd1d8e3fd6b9a1b52e,0,data/benign_original/benign/2db10930c59a7e3cc26be1e8bae834a875221072f9571ccd1d8e3fd6b9a1b52e.png
d0f4abf77310561f0fb9e001b776e4e9ac11fcfaf2cbc0c786b4588b6c64a8b3,0,data/benign_original/benign/d0f4abf77310561f0fb9e001b776e4e9ac11fcfaf2cbc0c786b4588b6c64a8b3.png
e793601edb993881429dfad08a318afe09979fb1f3202176eccf401c6dd30f64,0,data/benign_original/benign/e793601edb993881429dfad08a318afe09979fb1f3202176eccf401c6dd30f64.png
baa1d37374ae7267520e76392704cc5213478706353584bd21bf0ea6ec48013c,0,data/benign_original/benign/baa1d37374ae7267520e76392704cc5213478706353584bd21bf0ea6ec48013c.png
01cbd7ffa69b802c48571c9643d525c525493463b592a79336ee6757e9d54aa2,1,data/malware_images/images/GuLoader/01cbd7ffa69b802c48571c9643d525c525493463b592a79336ee6757e9d54aa2.png
b081ca2d12483b0720b3643e487cb645332415a0f1bc59f918efd9cfc1135d55,0,data/benign_original/benign/b081ca2d12483b0720b3643e487cb645332415a0f1bc59f918efd9cfc1135d55.png
af51eb50fb48639c26f2fa8ef26100166645de75489c5615e0c2521560388597,0,data/benign_original/benign/af51eb50fb48639c26f2fa8ef26100166645de75489c5615e0c2521560388597.png
26518576080145b7c37b414a3bc13dfcb80444748354ff81c29c1b185f626c00,1,data/malware_images/images/GuLoader/26518576080145b7c37b414a3bc13dfcb80444748354ff81c29c1b185f626c00.png
a2fac65a4a8c4310eac006b0872330aa5b1fe18f8cad08246eb5726d390353ed,1,data/malware_images/images/Heodo/a2fac65a4a8c4310eac006b0872330aa5b1fe18f8cad08246eb5726d390353ed.png
cee6fca354a1124691a5ac4e0d4791a72278257e86d9ce417728f9dd8b13ef2a,1,data/malware_images/images/Gozi/cee6fca354a1124691a5ac4e0d4791a72278257e86d9ce417728f9dd8b13ef2a.png
9202b7365b5ae7a75fdaf0c365babf18d8b72c4ff5f0ebfac83ecd6aea1bcc5f,1,data/malware_images/images/IcedID/9202b7365b5ae7a75fdaf0c365babf18d8b72c4ff5f0ebfac83ecd6aea1bcc5f.png
e643384068ab5235b90b9921deb764082af9abd3d40022a4e2e0e08617682f6e,0,data/benign_original/benign/e643384068ab5235b90b9921deb764082af9abd3d40022a4e2e0e08617682f6e.png
d24e899735ff5377eccdf5b3b0765b78b89183399ac855f4caf036f95c9125d0,0,data/benign_original/benign/d24e899735ff5377eccdf5b3b0765b78b89183399ac855f4caf036f95c9125d0.png
758902befe3a96d2b61239b47134ba327129d10bf6bd0cc01565713f594a8bed,1,data/malware_images/images/Trickbot/758902befe3a96d2b61239b47134ba327129d10bf6bd0cc01565713f594a8bed.png
24a6678b15c92e069a575dc2c584e2665cb98867b9e6823dff288a47644d1fb5,0,data/benign_original/benign/24a6678b15c92e069a575dc2c584e2665cb98867b9e6823dff288a47644d1fb5.png
c3592db1a64fdc0bbaea76fe15754f5a44a9fe53575572fb46744224a5cfd444,0,data/benign_original/benign/c3592db1a64fdc0bbaea76fe15754f5a44a9fe53575572fb46744224a5cfd444.png
bcbaa49caa84fddb1297cd400418aceff4d18d3a0bc75f12910fd0192203eb44,0,data/benign_original/benign/bcbaa49caa84fddb1297cd400418aceff4d18d3a0bc75f12910fd0192203eb44.png
b9ff1530b1fcca85017cf781a1575f3fa1771b640f5f42a6451c71ea8e876acf,0,data/benign_original/benign/b9ff1530b1fcca85017cf781a1575f3fa1771b640f5f42a6451c71ea8e876acf.png
7dc9d4200ada4d75e50d7c4ed86eef952334e4bb69da0464122682e7aff8d971,1,data/malware_images/images/GuLoader/7dc9d4200ada4d75e50d7c4ed86eef952334e4bb69da0464122682e7aff8d971.png
e1f3b8e2c8bf9af6fc2c90883dfe5e919de71d621c521ab8e3dddbf600cb49b6,1,data/malware_images/images/njrat/e1f3b8e2c8bf9af6fc2c90883dfe5e919de71d621c521ab8e3dddbf600cb49b6.png
3bef506f5fa9a5fda961509bdd8c2a163434ad4d13a77d93f5f7a21f3795fc45,1,data/malware_images/images/Trickbot/3bef506f5fa9a5fda961509bdd8c2a163434ad4d13a77d93f5f7a21f3795fc45.png
0e61f8818b66588086b40a900bdc330dd8e7b722239149d14efa68fe0cac94a7,1,data/malware_images/images/njrat/0e61f8818b66588086b40a900bdc330dd8e7b722239149d14efa68fe0cac94a7.png
9eb06f25686b2a9e0af482b9c475f8b79966f1d7669effc49f91b4b2c781e19e,1,data/malware_images/images/Trickbot/9eb06f25686b2a9e0af482b9c475f8b79966f1d7669effc49f91b4b2c781e19e.png
5f0c0c43a813132bc787e581c5456b0bbd3f4bb1947691b9636eec6236861f5c,1,data/malware_images/images/GuLoader/5f0c0c43a813132bc787e581c5456b0bbd3f4bb1947691b9636eec6236861f5c.png
a37a3be0bddd0cb696900b5acf220c32c40e9dfe8d2e41f85a4ca5c0e6fd9307,1,data/malware_images/images/Gozi/a37a3be0bddd0cb696900b5acf220c32c40e9dfe8d2e41f85a4ca5c0e6fd9307.png
c96129be4fd6e5084a1c3a1ad37bb1622b7ffdd80d01588a9ca6529a95114c16,0,data/benign_original/benign/c96129be4fd6e5084a1c3a1ad37bb1622b7ffdd80d01588a9ca6529a95114c16.png
eeb4caedbe98e144bf7e30165f9c4e16525b964927af3dda94616abe18d0c476,1,data/malware_images/images/IcedID/eeb4caedbe98e144bf7e30165f9c4e16525b964927af3dda94616abe18d0c476.png
cb1792e83d3d0c05b4c81bfb4d56a3cc080c84ffa6bc648b201f69dc8743704c,0,data/benign_original/benign/cb1792e83d3d0c05b4c81bfb4d56a3cc080c84ffa6bc648b201f69dc8743704c.png
d2b2246ce976bf4840f0d32ad17c17fbbb312b37ce945d1091e2a683704f6db3,0,data/benign_original/benign/d2b2246ce976bf4840f0d32ad17c17fbbb312b37ce945d1091e2a683704f6db3.png
5c6c42efc2c0d91d755224635d769504945a42327b25b1c4db4f0feb16d3b210,1,data/malware_images/images/njrat/5c6c42efc2c0d91d755224635d769504945a42327b25b1c4db4f0feb16d3b210.png
ba580fe43a648ad0eb64072560af770ead83d1641685e86b0eebe3f347c5e211,1,data/malware_images/images/Trickbot/ba580fe43a648ad0eb64072560af770ead83d1641685e86b0eebe3f347c5e211.png
de33a89c3d0a56227a6c7082f74ecc48552f106ef19056dc12d78429e9eedccb,0,data/benign_original/benign/de33a89c3d0a56227a6c7082f74ecc48552f106ef19056dc12d78429e9eedccb.png
b7e5de96f2019e9dff5584d52e70128394341001335e0901327efdd798b37875,1,data/malware_images/images/Trickbot/b7e5de96f2019e9dff5584d52e70128394341001335e0901327efdd798b37875.png
e9e401467503627981ea0ff7a7971b20aef92d26d67991881f193a1c8b9ceee9,1,data/malware_images/images/IcedID/e9e401467503627981ea0ff7a7971b20aef92d26d67991881f193a1c8b9ceee9.png
c472ea8b92b0249a5c26cfa788471128b406a6dcc6acf555147fdaf30a1ccb51,1,data/malware_images/images/njrat/c472ea8b92b0249a5c26cfa788471128b406a6dcc6acf555147fdaf30a1ccb51.png
bcf9e57cb3b2d58d6287826670718b8e096650717f76f044a3e3023747fdc640,0,data/benign_original/benign/bcf9e57cb3b2d58d6287826670718b8e096650717f76f044a3e3023747fdc640.png
3cf985169b9ce680c9ead4415e6eb5f62991ebe22856c53a697bbad1d43bcf5a,1,data/malware_images/images/Trickbot/3cf985169b9ce680c9ead4415e6eb5f62991ebe22856c53a697bbad1d43bcf5a.png
af6171e340d750ea7ca409e63be04068cc9f448a9ea580dc76f1afd82c4ad326,0,data/benign_original/benign/af6171e340d750ea7ca409e63be04068cc9f448a9ea580dc76f1afd82c4ad326.png
acd781dfe44f61dafb6b3fc6f648c4833b96872caca16e7d746c914987979dd5,1,data/malware_images/images/GuLoader/acd781dfe44f61dafb6b3fc6f648c4833b96872caca16e7d746c914987979dd5.png
83f5dc456a9c4430dd7e1554680bc92efe85d1a8c360b8d8c2175a9504e43c2f,0,data/benign_original/benign/83f5dc456a9c4430dd7e1554680bc92efe85d1a8c360b8d8c2175a9504e43c2f.png
b282b41544510e59a40e875239a18b038243be344b1439e19d821eb7622e9230,1,data/malware_images/images/GuLoader/b282b41544510e59a40e875239a18b038243be344b1439e19d821eb7622e9230.png
905791188993d4904b6a261c3d05c03043548bf3ff3c2249353042bc622c800d,1,data/malware_images/images/IcedID/905791188993d4904b6a261c3d05c03043548bf3ff3c2249353042bc622c800d.png
b573efb3314fc674683285ed910820088ff977c6c9e9981df878ec46a291f6c3,1,data/malware_images/images/Gozi/b573efb3314fc674683285ed910820088ff977c6c9e9981df878ec46a291f6c3.png
7c94b78d14c95b438b0af4eb93596c2f7a64d8a9a1b2c9b300f5d4c43661a9b9,1,data/malware_images/images/IcedID/7c94b78d14c95b438b0af4eb93596c2f7a64d8a9a1b2c9b300f5d4c43661a9b9.png
fdb6b2f854d8afea71552563f91ec19b2a1ac34247881c722352afaa674f698e,0,data/benign_original/benign/fdb6b2f854d8afea71552563f91ec19b2a1ac34247881c722352afaa674f698e.png
c3f733e1bdbdcfa37b8b308366b955bbf6144a8591f33384770b0e2609cd73f0,0,data/benign_original/benign/c3f733e1bdbdcfa37b8b308366b955bbf6144a8591f33384770b0e2609cd73f0.png
bbb586e7f1495a9a961d691de4aabd71d07666ae6f4c0fe19d0bd7f86895ccd2,0,data/benign_original/benign/bbb586e7f1495a9a961d691de4aabd71d07666ae6f4c0fe19d0bd7f86895ccd2.png
3889ebc4fcb4a9d5678ade42c7ca013ad726de53d090069a18e789d5694f2aaa,1,data/malware_images/images/Trickbot/3889ebc4fcb4a9d5678ade42c7ca013ad726de53d090069a18e789d5694f2aaa.png
ce50ffd69ea9b51d728013ff9e02922fa350eded4c658c6a21eb35a8343edab0,0,data/benign_original/benign/ce50ffd69ea9b51d728013ff9e02922fa350eded4c658c6a21eb35a8343edab0.png
dfdcf75e4c7f51232740fdd86963ede7596ca0fd1801c478ac9dd5596504fbec,0,data/benign_original/benign/dfdcf75e4c7f51232740fdd86963ede7596ca0fd1801c478ac9dd5596504fbec.png
d8440fd237407c7a632812a86d29ab5d43060306e78160dc68857c44c71b5b0b,0,data/benign_original/benign/d8440fd237407c7a632812a86d29ab5d43060306e78160dc68857c44c71b5b0b.png
ffb62c877cee70285fc4d03b314177f2cc06cffd12057783b780f5557d35f381,1,data/malware_images/images/Gozi/ffb62c877cee70285fc4d03b314177f2cc06cffd12057783b780f5557d35f381.png
0bcce725c9b0f263e6d59c0bd8027f548a1b891a39664e91a8b5fced3a78954b,0,data/benign_original/benign/0bcce725c9b0f263e6d59c0bd8027f548a1b891a39664e91a8b5fced3a78954b.png
49d8a2afa019677db7fb6a5d304cbd290010c20193f9b89fec30d0e2226ad85e,1,data/malware_images/images/GuLoader/49d8a2afa019677db7fb6a5d304cbd290010c20193f9b89fec30d0e2226ad85e.png
8da277d229f4f957841a556c88217fb66773203b1382a0673b2895a6a45e65cd,1,data/malware_images/images/njrat/8da277d229f4f957841a556c88217fb66773203b1382a0673b2895a6a45e65cd.png
aa82601b73b942480ec35f665f346890e2d2b51646b89b77a36efed5962527d7,1,data/malware_images/images/GuLoader/aa82601b73b942480ec35f665f346890e2d2b51646b89b77a36efed5962527d7.png
d73b5215dd40a8025ccfbef32f17a7c0c1ef006a17c2a08faad979b14fb95abc,0,data/benign_original/benign/d73b5215dd40a8025ccfbef32f17a7c0c1ef006a17c2a08faad979b14fb95abc.png
c9953c28cf75d51bf9d3e44e195d6b7bfc6728a370c2028871eb661621336e32,0,data/benign_original/benign/c9953c28cf75d51bf9d3e44e195d6b7bfc6728a370c2028871eb661621336e32.png
77ca94fab37626c559f533cfa3588472cd3578c3f334b4377e98e5b53cdf5782,1,data/malware_images/images/GuLoader/77ca94fab37626c559f533cfa3588472cd3578c3f334b4377e98e5b53cdf5782.png
c998dc3437900bf80ef67d02c6825e1737dfd9233b1d75d08b959061a1e3f5c5,1,data/malware_images/images/IcedID/c998dc3437900bf80ef67d02c6825e1737dfd9233b1d75d08b959061a1e3f5c5.png
4b86fc33172d0d3081164379dbbca8333f5f3eb6c75c7c82281332fdabb5ef8d,0,data/benign_original/benign/4b86fc33172d0d3081164379dbbca8333f5f3eb6c75c7c82281332fdabb5ef8d.png
c89a6d3e5dc8dbea3f29a1f904fcc006630eba45b6f472592eaedd893f0af32f,1,data/malware_images/images/njrat/c89a6d3e5dc8dbea3f29a1f904fcc006630eba45b6f472592eaedd893f0af32f.png
0de340a2a9794b550122c8fa1ec237c8d10d1b17473f93313394de1be0906d35,1,data/malware_images/images/GuLoader/0de340a2a9794b550122c8fa1ec237c8d10d1b17473f93313394de1be0906d35.png
41bd1d1a43e5c173fcc2237b22178d860745ec720d433da61d27f2160b7d276b,1,data/malware_images/images/njrat/41bd1d1a43e5c173fcc2237b22178d860745ec720d433da61d27f2160b7d276b.png
